,cefi_A,q_A,delta_J_liu,q_liu,cefi_svd,q_svd,cefi_B,q_B,subspace_dist,objective_gap
1991-12-20,0.5965301788762583,1,0.1070940000102541,2,0.6639771768201488,1,0.40508438496197974,2,1.2755739097638505,0.06744699794389053
1992-01-07,0.6468165960200035,1,0.05022933904545687,7,0.663879142262582,1,0.22431783712309497,4,1.2491475122410973,0.017062546242578525
1992-01-21,0.630351371850558,1,0.0738120661956996,5,0.6583550751694356,1,0.23972491639606108,2,1.2668286713927017,0.028003703318877582
1992-02-04,0.5496553173295656,1,0.07043092822466121,6,0.6402405514338139,1,0.2182186516142098,6,1.2625281420573813,0.09058523410424824
1992-02-19,0.5486513615795942,1,0.06403678873287597,4,0.6318455293233693,1,0.20646381283017598,4,1.3011189305974482,0.0831941677437752
1992-03-04,0.5443345736313436,1,0.05119503276124615,6,0.6220698897614428,1,0.1718138610817964,6,1.2656836175768154,0.07773531613009921
1992-03-18,0.5602300971296097,1,0.12847958402049747,3,0.6005503852248657,1,0.4011678017506932,3,1.2392096096360206,0.04032028809525601
1992-04-01,0.5689736623667531,1,0.035187731814959794,9,0.5920514754491564,1,0.12529593526614394,5,1.2174192492890161,0.02307781308240331
1992-04-15,0.5731308169231308,1,0.032519165952986206,9,0.5910795586048021,1,0.20108292570465494,3,1.1889529591063157,0.017948741681671265
1992-04-30,0.5606790466277458,1,0.04480550642751621,9,0.5888259568004446,1,0.16064317791838165,5,1.2027433870501607,0.02814691017269877
1992-05-14,0.561123291707637,1,0.05964845712598871,5,0.5602830121730357,1,0.2584462820101895,4,1.2127600016233189,0.000840279534601307
1992-05-29,0.5800021842450267,1,0.08835305254266371,5,0.5698077078409564,1,0.26442283972903863,5,1.14734418398034,0.01019447640407034
1992-06-12,0.5787710319262902,1,0.049701933320036695,3,0.5492415215145987,1,0.24296414598420749,3,1.1330303212216954,0.029529510411691495
1992-06-26,0.5701790083233973,1,0.028372332722919058,2,0.566856469226382,1,0.2676128243912035,2,1.1397098359302045,0.003322539097015298
1992-07-13,0.5864936982199153,1,0.030781377310548308,1,0.56040476874591,1,0.14107946128619675,4,1.1222058666165748,0.026088929474005207
1992-07-27,0.5882963573326916,1,0.13105826116583402,3,0.5589764403277847,1,0.3623716349810993,3,1.0899265440319161,0.02931991700490688
1992-08-10,0.5801760463238592,1,0.07940521788734475,5,0.5676486227248293,1,0.21495223235261474,5,1.0598868719417458,0.012527423599029919
1992-08-24,0.5851657964992343,1,0.046258078629233645,1,0.5508169123575943,1,0.12223846700277546,5,1.0821698874275074,0.034348884141639946
1992-09-08,0.5714118548556457,1,0.04507581648180542,5,0.5386660464359782,1,0.14840146076292504,5,1.0596562893713637,0.032745808419667566
1992-09-22,0.5353791615369705,1,0.09135029956745959,3,0.5493481057778884,1,0.19258198405450744,3,1.2057250586674964,0.01396894424091788
1992-10-06,0.47969644582213133,1,0.012318664441747479,6,0.5409933602369661,1,0.0673566184968043,6,1.195386031544231,0.06129691441483476
1992-10-20,0.44140449959101663,1,0.040263415629083255,4,0.5206808857544918,1,0.14826413340743244,4,1.2297240662051607,0.07927638616347515
1992-11-03,0.3998191028324174,1,0.0061782992901378425,8,0.5065987715347492,1,0.06150233533887865,8,1.2855812699645432,0.1067796687023318
1992-11-17,0.3775922568214699,1,0.03146594622480381,9,0.5283772724043314,1,0.09299719348118352,9,1.2729629106786335,0.1507850155828615
1992-12-02,0.36323703553426356,1,0.019271574300827723,3,0.5138492417034621,1,0.08892854330727334,3,1.3578477783378988,0.15061220616919857
1992-12-16,0.3506921392626636,1,0.010039716536069443,9,0.4997673957905012,1,0.17528129672224,2,1.365209351414437,0.1490752565278376
1992-12-31,0.34669098743654436,1,0.010764920535967587,3,0.5023413809083778,1,0.04939074344491862,3,1.3848833003110006,0.1556503934718334
1993-01-15,0.3408414517162371,1,0.021401654809329568,3,0.4822210688465554,1,0.12174321686665322,3,1.4057958251340417,0.14137961713031832
1993-01-29,0.262278740115523,1,0.006003670140382347,23,0.5006847854183656,1,0.023532175295589236,8,1.38294039975751,0.2384060453028426
1993-02-12,0.26981770198668675,1,0.010421596473244032,4,0.4983346535154035,1,0.0466633004339124,6,1.3850334995336253,0.22851695152871676
1993-03-01,0.2570132328656954,1,0.01668326659901516,11,0.5133993932838569,1,0.05158194402835191,6,1.3984349933199736,0.2563861604181615
1993-03-15,0.20868394980477917,1,0.01147586972103981,8,0.511892764069478,1,0.052534370549639664,8,1.4133806116428422,0.30320881426469887
1993-03-29,0.1695975118129322,1,0.014791655559581576,3,0.5328722514617953,1,0.03033133215710135,8,1.4138318420500464,0.3632747396488631
1993-04-13,0.1574277375919337,4,0.021210601723938474,9,0.5175033393386838,1,0.03193313739929576,9,2.361535647432927,0.1504603079920466
1993-04-27,0.11554546282005422,2,0.015053146349059979,12,0.48264277897170865,1,0.032544108918095685,12,1.9400948435594418,0.279845933922092
1993-05-11,0.09686704987850091,2,0.001853923643062444,26,0.48737344278400657,1,0.009155938503901395,14,1.9417222852062461,0.29018375712167627
1993-05-25,0.08680438560266167,6,0.0032615883432800252,13,0.4668383199240681,1,0.025084498172261507,6,2.7931139886943774,0.14985314461255278
1993-06-09,0.08225303166099934,2,0.005040109423730121,9,0.44951780931299623,1,0.020667406964853446,9,1.8911129774284618,0.2852791519054321
1993-06-23,0.0911513657582553,3,0.0016975254478910073,28,0.4389170219278236,1,0.011193421988498056,8,2.3438357187325445,0.2341876052137676
1993-07-08,0.08616620610901309,3,0.00016067722392196226,29,0.43135267189328175,1,0.00792894975061885,9,2.34422960740147,0.2263192302024008
1993-07-22,0.09274771701867339,3,-0.0009033159285100345,29,0.4257098831921155,1,0.01487615923319327,6,2.3209146258542366,0.21758581412781924
1993-08-05,0.0874175551759305,4,-0.0003739230930133314,28,0.4269941224147299,1,0.005165882175049263,11,2.6268690434176283,0.19371070019674322
1993-08-19,0.09097717254180906,3,0.002648272343044447,10,0.42537230782681135,1,0.01862755438265587,10,2.3365217283966127,0.22911051343534197
1993-09-02,0.09067618986286143,3,0.0008560800205942715,28,0.41840979079829566,1,0.003328243505306444,20,2.3296329848833444,0.2317134274674062
1993-09-17,0.09700729525791886,1,0.0008043375136625175,29,0.4191098230253645,1,0.0016598874245590672,28,1.405502980649358,0.32210252776744563
1993-10-01,0.09839621436242577,1,0.00019472128498188024,25,0.41296977014296127,1,0.00993580744969974,17,1.4047842767809884,0.3145735557805355
1993-10-15,0.11483020162609554,1,0.000903585861919548,29,0.4071762826000745,1,0.0034437314549792264,15,1.4010736157147885,0.29234608097397896
1993-10-29,0.12591554600315832,1,0.0016932746922585923,13,0.4322650232163719,1,0.007347806623700853,13,1.400247113205702,0.3063494772132136
1993-11-12,0.14759650916699227,1,0.00323481200179776,15,0.45299773530390125,1,0.010921588778076877,15,1.3927059059913118,0.305401226136909
1993-11-29,0.16918767750119595,1,0.00027044543046073066,28,0.4123083136366288,1,0.005906497946337588,21,1.3998689322298623,0.24312063613543283
1993-12-13,0.13004700641784117,1,0.00019534982022026415,28,0.410521303000444,1,0.0026810669898649775,13,1.4141810075372003,0.2804742965826028
1993-12-28,0.08919487532983959,1,0.0024271691644958543,28,0.4119611207737608,1,0.003059109329730275,28,1.4136823552356592,0.3227662454439212
1994-01-11,0.08617092860169795,1,0.0004957668238991936,23,0.40777336559511485,1,0.0019278549907987413,16,1.3982477137870228,0.3216024369934169
1994-01-25,0.08127451424640586,1,0.00023777571831767874,27,0.4162503822382164,1,0.004047854572156881,3,1.3938825508855974,0.33497586799181056
1994-02-08,0.09344674674466963,1,0.0011460863107455033,27,0.4112311278868948,1,0.0024908040448543695,21,1.3886226679262246,0.3177843811422252
1994-02-23,0.10925632979147051,1,0.0011124020333676682,29,0.37161504889120384,1,0.0011003831493353877,24,1.4039914509329472,0.2623587190997333
1994-03-09,0.08384663896401764,1,-0.0003288856444454702,29,0.37442569773586937,1,0.0026321974396137787,14,1.3981260840349732,0.29057905877185175
1994-03-23,0.07354977866939362,1,-0.0004323070321950867,29,0.35761175482559754,1,0.002005361897734481,17,1.3997798233531875,0.28406197615620393
1994-04-07,0.07489133352051965,1,-0.0024939619462034657,25,0.32400448783084207,1,-0.0013406118141514878,28,1.4111520103447555,0.24911315431032244
1994-04-21,0.07267257627379765,1,0.0001999820833855498,28,0.3534266047500041,1,0.0022870044980010384,23,1.386267802647409,0.28075402847620645
1994-05-06,0.06956640972714813,1,0.003806744184169028,22,0.3687551944774115,1,0.013788382490156861,8,1.381437869531945,0.2991887847502634
1994-05-20,0.06362472622739901,1,0.0002598403327745691,29,0.4163002516875318,1,0.002554951105407155,21,1.3882420804326587,0.3526755254601328
1994-06-06,0.057728933251726317,1,0.0007738483024568449,8,0.41808332052389624,1,0.009869478806095108,8,1.391278922838253,0.36035438727216995
1994-06-20,0.061010395428342565,1,0.0008218504150969419,26,0.40749374288536677,1,0.0035806617259746543,26,1.376076253070181,0.3464833474570242
1994-07-05,0.10022417475105991,4,0.010419225809801438,4,0.39764846767256384,1,0.022525660317575275,4,2.4699168283799096,0.17862071995913928
1994-07-19,0.0508512882076069,1,-0.0005903086500790994,28,0.3698438065226767,1,0.0029275103219315174,21,1.3645476534434469,0.3189925183150698
1994-08-02,0.06051904591412269,1,0.0002537139048343767,25,0.3842559643093605,1,0.007153952987508025,23,1.3692844986633326,0.32373691839523777
1994-08-16,0.04907999563511978,1,0.002649685145683228,13,0.3819562636267132,1,0.010517057823098405,13,1.3647244662398057,0.3328762679915934
1994-08-30,0.01771010818218635,1,0.0006589195775558443,21,0.3688292738803914,1,0.00205922689162423,17,1.3669189622082467,0.351119165698205
1994-09-14,0.028885002732312093,11,0.0006136170222999643,21,0.3649757542800834,1,0.00754593071669428,21,3.4092750984482065,0.10075491188831809
1994-09-28,0.011946350136656611,10,0.0009712451728500632,29,0.36722313233794135,1,0.0018227248478597108,27,3.5743063548590435,0.13454906137823403
1994-10-12,0.017775738856520312,1,-7.185425380100419e-05,26,0.36238847087268433,1,0.0018749652416854279,26,1.4130279034511557,0.34461273201616405
1994-10-26,0.03237747722404653,1,0.0012128290589967367,28,0.37052096695229353,1,0.004538197440649039,24,1.414206341786915,0.338143489728247
1994-11-09,0.0558671543870069,1,0.00017410652427987672,23,0.37108255364998566,1,0.004355550581704337,23,1.4140044099662694,0.31521539926297876
1994-11-23,0.0929762057599231,1,-0.0006338866636304286,29,0.37171981292763046,1,0.014109721458152369,7,1.4101039152119996,0.27874360716770735
1994-12-08,0.11350869868588793,1,0.0005090846069373128,28,0.37236676995491197,1,0.0006885326883831339,19,1.4064029241748603,0.25885807126902405
1994-12-22,0.09570572343127803,1,0.00036699385779691285,26,0.382289643184141,1,0.003983532279013463,21,1.4113347135779812,0.28658391975286296
1995-01-09,0.08753784835902872,1,0.0012957967421118044,29,0.37234637191644276,1,0.00870977904473974,16,1.4099533948662424,0.28480852355741404
1995-01-23,0.10346490706253891,1,-0.0009613610702976783,28,0.35793764646272064,1,0.001934311691690574,22,1.4050591309399931,0.2544727394001817
1995-02-06,0.10619677239262418,1,-4.8777893419296725e-05,29,0.38037297483160215,1,0.0016644093904117502,27,1.4113344286476148,0.274176202438978
1995-02-21,0.07357851220406561,1,0.0005969111601079047,28,0.3921411964319853,1,0.007462252166507449,13,1.4123640689194379,0.31856268422791967
1995-03-07,0.10557510048745684,1,-0.00018028236737827052,28,0.38819455479317255,1,0.004937801734974573,14,1.4142101121319062,0.2826194543057157
1995-03-21,0.1331065476599011,1,0.0009544517965551502,27,0.39643588900182425,1,0.00354951571132317,25,1.4142113864659211,0.26332934134192315
1995-04-04,0.1362661068651106,1,0.0004614618135995313,28,0.3898116931204514,1,0.001501895914913745,28,1.4106416370612662,0.2535455862553408
1995-04-19,0.1526145572168398,1,0.0007477685543442192,24,0.40628043959150517,1,0.004484003962967498,18,1.3921631372440224,0.25366588237466536
1995-05-03,0.1626573396999507,1,5.101378114485966e-05,29,0.4307208610823134,1,0.00292647726216555,23,1.3835863146714598,0.26806352138236267
1995-05-17,0.18052108858660548,1,0.0013515295414109202,19,0.4262946788047315,1,0.011027680317483593,7,1.3917813691106853,0.245773590218126
1995-06-01,0.1641178575100025,1,0.0019820157338423794,12,0.4167949472352295,1,0.004404838452675433,12,1.3993756846487357,0.25267708972522696
1995-06-15,0.16733392046265472,1,0.000607276784248531,23,0.3847197741491494,1,0.004654052215751575,23,1.3992319472694263,0.21738585368649466
1995-06-29,0.13684369270767693,1,-0.000378964208293045,29,0.37989638017677557,1,0.033141427796680445,3,1.397461348963504,0.24305268746909864
1995-07-14,0.12602054882988878,1,0.0003899573198718753,28,0.4012325872431702,1,0.004762291472130864,10,1.38300889324327,0.2752120384132814
1995-07-28,0.12714910811345687,1,-0.001391967182682502,29,0.4169850365085578,1,0.002779739869112896,24,1.3847541741589064,0.2898359283951009
1995-08-11,0.11815811080382488,1,0.000854961651753916,28,0.39073448499683017,1,0.004961014759912133,13,1.3926796648991753,0.2725763741930053
1995-08-25,0.12735978283397953,1,-1.477795060854381e-05,27,0.39457792946720577,1,0.005543372699977289,18,1.3908296023976496,0.26721814663322624
1995-09-11,0.11268367244355496,1,0.0011318431655096828,24,0.37912466499430086,1,0.017881628717374448,4,1.3957891414663048,0.26644099255074594
1995-09-25,0.13452613582999573,1,0.0016279106088776113,28,0.38947915078525974,1,0.0015361241714458573,23,1.3782777433930744,0.254953014955264
1995-10-09,0.15562130262087281,1,0.00020583980655264345,27,0.3710662538953996,1,0.0020150841118202617,19,1.373954886770064,0.21544495127452679
1995-10-23,0.15851820844224596,1,0.0023618649698380345,28,0.3625065924840414,1,0.005418067732412629,19,1.3540053060297725,0.20398838404179542
1995-11-06,0.20045403140705556,1,0.0005551042092251796,29,0.339187739149147,1,0.0007347638548310248,28,1.334156324303111,0.13873370774209146
1995-11-20,0.18471984248388756,1,0.0006024677904469811,27,0.3377349748354772,1,0.006223885903470117,17,1.3537000655485243,0.15301513235158964
1995-12-05,0.19425305501808826,1,-0.0006057167615471926,29,0.3121913328209966,1,0.018941945340004276,11,1.3505386672413584,0.11793827780290833
1995-12-19,0.2113374077151447,1,0.0004105025461197953,29,0.31083426212209553,1,5.300003852931612e-05,29,1.3503864516946849,0.09949685440695083
1996-01-04,0.1740096968416719,1,-0.0010658817530398018,28,0.30754842779010927,1,0.0022932005169968295,28,1.4044002905378448,0.13353873094843738
1996-01-18,0.16032090676111757,1,-6.067695879907742e-07,29,0.3004052392771365,1,0.0018679817441222268,29,1.4139548976026926,0.14008433251601896
1996-02-01,0.1752762090454785,1,-0.00045541546279555256,29,0.3051793307012342,1,5.201232350637852e-05,28,1.4142017833678153,0.1299031216557557
1996-02-15,0.16925513660312586,1,-0.0011499655009470089,29,0.29998213900729787,1,0.0016655820262329313,23,1.4119716311662196,0.130727002404172
1996-03-01,0.17794812503553353,1,0.00043552358521657675,27,0.308495483397621,1,0.0018690543240991314,27,1.3677275792003445,0.13054735836208747
1996-03-15,0.18880389932705371,1,6.704369069632232e-05,28,0.3036876715537836,1,0.001399803343249545,27,1.3579677071819956,0.11488377222672991
1996-03-29,0.1769989988186651,1,-0.0003205338528327606,28,0.30591077182833065,1,9.980483962000741e-05,21,1.3635996711310228,0.12891177300966555
1996-04-15,0.24759307571501837,1,-9.07376079165717e-05,27,0.323029159092136,1,0.0025993826129842856,27,1.4033530836587078,0.0754360833771176
1996-04-29,0.2689406589118901,1,0.004624324697997631,15,0.31839071450704465,1,0.010276348603201604,15,1.3588625734572408,0.04945005559515453
1996-05-13,0.266925563248197,1,-6.516464431297053e-05,27,0.31675901196246387,1,0.001152685914800916,22,1.3454396548496406,0.04983344871426687
1996-05-28,0.2682136955698803,1,0.0006334821596585966,24,0.3268787744568586,1,0.007137186090755643,15,1.4136302316773284,0.058665078886978306
1996-06-11,0.27149619650530055,1,-8.506035658467637e-07,25,0.3090309086849449,1,0.017337228889081777,4,1.3841202462117455,0.03753471217964438
1996-06-25,0.25979654882569786,1,-0.00026130339097089894,25,0.31390288000196603,1,0.0029650687759892602,25,1.3598460546928275,0.054106331176268174
1996-07-10,0.21380670738940866,2,-0.00112465546731072,25,0.310890487541763,1,-0.0009510531592184929,25,1.911136523893237,0.08837101103704348
1996-07-24,0.24967760163989744,1,0.0006164266921914185,29,0.3148757842565437,1,0.0035351236559951482,16,1.3924931503187719,0.06519818261664628
1996-08-07,0.26017496614585534,1,0.0011687885637036155,28,0.3285965207504306,1,0.0019002575834959762,23,1.391336370104906,0.06842155460457527
1996-08-21,0.25341911652626886,1,0.0004855864734680665,23,0.3328020173994567,1,0.0036603222218541814,23,1.3941691987733191,0.07938290087318783
1996-09-05,0.26330954320113,1,-0.00041363409261063744,24,0.3290305880630182,1,0.0011403349505466759,11,1.3999894122552532,0.06572104486188823
1996-09-19,0.26631146374782255,1,8.28916968287352e-05,28,0.3317460787700889,1,0.0016158251241158855,20,1.414047749117376,0.06543461502226633
1996-10-03,0.2567019858781919,1,-0.00041282636741143963,29,0.3335210069408909,1,0.0003618653834737695,24,1.412478954990983,0.076819021062699
1996-10-17,0.24943522279315183,1,7.419500283807612e-05,29,0.32848701323467905,1,0.0011731277114808147,29,1.4111441717016404,0.07905179044152721
1996-10-31,0.23414957790507906,1,-8.615649361831679e-06,28,0.3235149144078534,1,4.9427478799712876e-05,29,1.4141927985933656,0.08936533650277434
1996-11-14,0.19308940001401295,1,-1.4426396890837578e-06,28,0.306095054287614,1,0.003561067111926372,18,1.4022819465736605,0.11300565427360107
1996-11-29,0.18385484255737522,1,-0.00018699857679498055,29,0.29379723356127957,1,0.0057938058067831255,15,1.3950952280462026,0.10994239100390435
1996-12-13,0.22296271317890193,1,0.0019942123236665055,28,0.30675682570502294,1,0.0031823891034735846,28,1.4015125658286662,0.08379411252612101
1996-12-30,0.24410478110530381,1,0.0005184160056666831,28,0.30300779809981643,1,0.001336739232425846,29,1.3999964942472372,0.058903016994512614
1997-01-14,0.23419409354049323,1,0.0002268056622728859,24,0.32530033409027836,1,0.0006293547900575458,29,1.4119524509458958,0.09110624054978514
1997-01-28,0.21345260834453555,1,-0.00018563999037365941,29,0.3176396920773617,1,0.0024076678148551994,18,1.4102028403004399,0.10418708373282615
1997-02-11,0.23099699923504793,1,-7.056119083599655e-05,26,0.3239013996119424,1,0.0011268914455947049,27,1.4076043834964354,0.09290440037689449
1997-02-26,0.19839505646055003,1,-0.0003762309520449203,28,0.3338553300639545,1,0.0029777222431971173,18,1.3988338645379768,0.13546027360340449
1997-03-12,0.18814538614395798,2,9.073635089729137e-05,22,0.31621467961192373,1,0.002868005932268783,22,1.9290645262014976,0.10287706864426927
1997-03-26,0.19408421796257824,1,0.00087864752935507,25,0.2653517250864247,1,0.0048998667820513014,25,1.4141986622683207,0.07126750712384644
1997-04-10,0.24413624604949152,1,0.0003275982755974183,27,0.28170288371152497,1,0.00195541560148306,28,1.396559947340322,0.03756663766203344
1997-04-24,0.2954911327424957,1,0.001728738502351987,22,0.3034972079801638,1,0.00543209811061407,22,1.3955165841425075,0.008006075237668053
1997-05-08,0.3083298585507294,1,0.00045492446145338483,29,0.29765103768346945,1,0.0032665549253295817,23,1.3828328665139817,0.010678820867259964
1997-05-22,0.2969464257050724,1,-0.001307117211723538,29,0.27985488305479395,1,0.002918332225785941,27,1.3596375135780363,0.017091542650278457
1997-06-06,0.30504000993717156,1,0.00031575248898745023,28,0.3071909294002329,1,0.001672406564600576,28,1.375015800959896,0.0021509194630613404
1997-06-20,0.28824225923710883,1,-0.0004783324911872,29,0.31580840967344753,1,-0.0006094996206582048,29,1.3873368647281248,0.0275661504363387
1997-07-07,0.24092883007784577,1,-0.000729139491436992,29,0.317248087190565,1,0.0013637177487817453,28,1.4141847376307903,0.07631925711271925
1997-07-21,0.21098153203481418,1,0.0008236476716369789,26,0.311151389295435,1,0.00036443366590555026,26,1.406889238194867,0.10016985726062083
1997-08-04,0.2557348378368887,1,0.0001777004271423105,29,0.31646932269436767,1,0.004211287186737536,22,1.4095143965397068,0.060734484857478954
1997-08-18,0.2664629165914254,1,-0.0019091798103787055,26,0.332818839256221,1,0.001636340904668146,26,1.409029100163814,0.06635592266479562
1997-09-02,0.2606850455629832,1,-0.0004142151221866036,27,0.31576527459027737,1,0.004099261537735002,11,1.4067770376134978,0.05508022902729415
1997-09-16,0.2626661595293142,1,-0.0006886167415522393,29,0.3210174955121132,1,0.012537014289700152,14,1.3750350257596218,0.05835133598279901
1997-09-30,0.2591692370775016,1,0.000254839914168567,27,0.3300248515109864,1,0.005511462863318148,21,1.3559560858385147,0.07085561443348476
1997-10-14,0.2563076993965528,1,-0.00014758306901131724,6,0.3225922912298612,1,0.046027509755279056,6,1.4119825898848117,0.06628459183330843
1997-10-28,0.33641230092508556,1,0.0006625586601248928,25,0.3596886980565691,1,0.00985713763387873,14,1.4142073714048902,0.02327639713148355
1997-11-11,0.3217298724818943,1,0.0014553591353343998,6,0.3481821333730696,1,0.027586902045894632,8,1.4103725251959642,0.026452260891175305
1997-11-25,0.3317072803030505,1,-0.0004466520107136579,23,0.36272651037476966,1,0.012822568299461726,16,1.4141563264645503,0.03101923007171914
1997-12-10,0.34000221730042074,1,0.00011555506090669965,29,0.3736578523031802,1,0.009756542771451826,11,1.4123669328522201,0.033655635002759476
1997-12-24,0.3538561896059512,1,0.009319247929640562,2,0.36413614811381495,1,0.018977995474255355,7,1.4119712210672573,0.010279958507863729
1998-01-09,0.37302593868132305,1,0.0032550286107638216,22,0.36644235424691474,1,0.016776591298321153,7,1.4119827739928228,0.006583584434408318
1998-01-26,0.36900622322672494,1,0.00013356841053913104,14,0.39812956484866596,1,0.012094147194454119,13,1.4123057945675208,0.029123341621941023
1998-02-09,0.3907348841896292,1,0.00021368950008558707,20,0.3837691191405759,1,0.04454200936297592,7,1.4123138354177263,0.00696576504905333
1998-02-24,0.3592393272916966,1,0.003203331474242496,16,0.3770228038350816,1,0.015503428214150072,16,1.4141737358471687,0.01778347654338497
1998-03-10,0.32506594806150146,1,-3.757149108885027e-05,29,0.3381251813141286,1,0.01584524276947813,11,1.4007453299005865,0.013059233252627145
1998-03-24,0.33169996697886306,1,0.00023065072717541601,28,0.3851972297613026,1,0.009370896946426954,9,1.3972283625131217,0.05349726278243955
1998-04-07,0.28507922854181733,1,-0.0005934935245345968,28,0.34944606989291727,1,0.003582038609980645,10,1.3872339982009378,0.06436684135109993
1998-04-22,0.28905395977236725,1,0.00024463910404395883,25,0.35837344987908315,1,0.037101603771686975,8,1.3791769451268971,0.0693194901067159
1998-05-06,0.30995858708314583,1,0.00043526386586136,28,0.3641213201717085,1,0.005414849728250987,12,1.3791145104058498,0.054162733088562676
1998-05-20,0.3036546286326317,1,0.008460698791162471,11,0.3566424059627905,1,0.03248386069446027,11,1.3727946964565547,0.0529877773301588
1998-06-04,0.30112526001914725,1,9.718738453443065e-06,27,0.3563185800775528,1,0.009676940484217952,8,1.372662779145483,0.05519332005840555
1998-06-18,0.30897086907459637,1,0.0009337024419671519,29,0.3291646859667977,1,0.0011735240079880638,29,1.3807177555154926,0.020193816892201344
1998-07-02,0.3001562577966293,1,0.0006032190875511628,25,0.36144079136717777,1,0.0042324194257510606,22,1.4044119636542969,0.06128453357054847
1998-07-17,0.2742280435615576,1,0.0015646292717521187,28,0.3425129849814563,1,0.007171428446419714,11,1.4031125107806077,0.06828494141989871
1998-07-31,0.32626299856382096,1,0.00874420068486087,9,0.3518153817422893,1,0.00886843585153689,9,1.4086367894386074,0.025552383178468363
1998-08-14,0.37374313905353373,1,0.0013119726258580267,19,0.36626639325970106,1,0.037176578764941445,6,1.407482860472864,0.007476745793832673
1998-08-28,0.43922243276483053,1,0.006937303436112444,1,0.3425919685970797,1,0.009007057200145455,23,1.4141917090500178,0.09663046416775084
1998-09-14,0.4449520940650597,1,0.0015639020799558118,26,0.33887632997886846,1,0.029705849948446814,10,1.3859994251497938,0.10607576408619124
1998-09-28,0.4530560308065495,1,0.0013080204218121894,28,0.37322904063383955,1,0.02114160939698495,7,1.3862736344487616,0.07982699017270994
1998-10-12,0.5400583315775783,1,0.0265580055297652,1,0.48500830678707063,1,0.05601963542249638,5,1.3298644478145583,0.05505002479050769
1998-10-26,0.473144462972212,1,0.0038080061544052968,20,0.39681057233009687,1,0.03395908323434521,7,1.3951606424598475,0.07633389064211515
1998-11-09,0.46467579660383607,1,0.007523912537645477,15,0.4099231730265286,1,0.026113931303496513,15,1.3741790769994149,0.05475262357730748
1998-11-23,0.45928770692895615,1,0.005322198616418583,23,0.45065484555890095,1,0.03888024936912904,9,1.405319104333873,0.0086328613700552
1998-12-08,0.3838708016454869,1,0.010788488973621002,14,0.431898960432487,1,0.09283480923366746,5,1.412162121304181,0.048028158787000064
1998-12-22,0.3842301157200129,1,0.004866700201872659,15,0.4209250461421935,1,0.022426634671803947,11,1.4138354003752767,0.03669493042218058
1999-01-07,0.3929046317286464,1,0.00295744254610783,21,0.42372443285525696,1,0.051124407305153524,8,1.4131958828486042,0.030819801126610535
1999-01-22,0.3539157981740816,1,0.002461546267419873,19,0.4305352503686841,1,0.02939276065511731,10,1.4073678343828557,0.07661945219460253
1999-02-05,0.33791327072579624,1,0.005230693612300996,19,0.44954426408581083,1,0.016294392354276488,17,1.4139743530937896,0.11163099336001459
1999-02-22,0.3678843340796189,1,0.003525890469310816,8,0.4477777622418031,1,0.029907565881368142,8,1.4141534406188414,0.0798934281621842
1999-03-08,0.32742486878566346,1,0.001071834682108641,26,0.43138266115270674,1,0.02441310648522038,6,1.413983396085479,0.10395779236704328
1999-03-22,0.33916408500558665,1,0.0013377354925417917,25,0.41257362306067547,1,0.01846669128925807,12,1.4140392709523724,0.07340953805508882
1999-04-06,0.34093713977101525,1,0.003157991405748961,13,0.39995021895991334,1,0.02322032743169425,13,1.413030257347268,0.05901307918889809
1999-04-20,0.3366199836067739,1,0.0008279399094947293,24,0.3489248843145098,1,0.019465574011868103,11,1.4084559260974225,0.012304900707735877
1999-05-04,0.30327286537922404,1,-0.0006708800573086704,26,0.3291031427061249,1,0.0072056450564211005,11,1.4137921615006612,0.025830277326900852
1999-05-18,0.27967441272679894,1,0.0005341650455598368,29,0.32727303294931864,1,0.00825176989434201,14,1.4118425046886747,0.047598620222519705
1999-06-02,0.2926134254635448,1,0.0018159470913418907,28,0.3275264571430667,1,0.012442804878896485,9,1.4115602628520618,0.03491303167952192
1999-06-16,0.2451855527245471,1,-0.0004930631101718874,28,0.349820997493955,1,0.018758069037529773,5,1.4081229853766457,0.10463544476940792
1999-06-30,0.2578968777190658,1,-0.0008806527061020475,29,0.35984492045828237,1,0.009255207992445474,15,1.4079555869570577,0.1019480427392166
1999-07-15,0.26314405624223547,1,0.0012502801898192778,25,0.34297995694276145,1,0.008116766453606969,22,1.3957938622562969,0.07983590070052599
1999-07-29,0.2573313348174865,1,0.00018379092204728886,29,0.33881897638383107,1,0.00837672189370528,14,1.394816439914266,0.08148764156634458
1999-08-12,0.22666115649408053,1,0.0014176709934393683,25,0.3580098910920453,1,0.01180351802032796,7,1.3988946893950325,0.13134873459796476
1999-08-26,0.2175068942161863,1,-3.0086850038024693e-05,28,0.3638174397223292,1,0.004937724086898229,11,1.3938828066163773,0.14631054550614292
1999-09-10,0.22418122657042083,1,0.0014871043637217363,23,0.3598312401654908,1,0.00494139614976398,23,1.3957099264010355,0.13565001359506995
1999-09-24,0.251301371603296,1,0.0006981405181566286,29,0.35559469818340966,1,0.005398569054950286,11,1.3940782843921475,0.10429332658011364
1999-10-08,0.24663085129630014,1,0.0006159757474191868,29,0.35210457332817435,1,0.002713003415310389,16,1.4120974176942522,0.10547372203187422
1999-10-22,0.2614292195548339,1,-0.00019970353292451948,29,0.3833388444713202,1,0.001332058842582487,29,1.4130244895585633,0.12190962491648633
1999-11-05,0.27713907470764154,1,-0.0006985145108907159,29,0.3912536465380014,1,0.0014369456115928408,23,1.413095100829065,0.11411457183035983
1999-11-19,0.21730950375135086,1,0.000499498527680553,29,0.3941073606696541,1,0.01025567208251274,16,1.413987559757555,0.17679785691830327
1999-12-06,0.23743355339116878,1,3.385051184812138e-05,27,0.37331626634524984,1,0.0022759634303440718,27,1.4141097243009395,0.13588271295408105
1999-12-20,0.23320776481154207,1,0.000210292448706087,29,0.35358151878955796,1,0.005425783911239879,19,1.4142133167611939,0.12037375397801589
2000-01-04,0.25281764850237376,1,-0.00025839472957923937,29,0.326447964643259,1,0.0030708043105879407,21,1.414179786725435,0.07363031614088522
2000-01-19,0.23928774320271134,1,-0.0011869380199141244,29,0.32994714693379806,1,0.00018500519673388116,27,1.4132815355618922,0.09065940373108672
2000-02-02,0.15897803248476144,1,-0.0008049757351595022,29,0.3478347719381432,1,0.0027642487686534156,6,1.4130394393895547,0.18885673945338177
2000-02-16,0.1750122262417353,1,-0.00012213617405244792,27,0.37052895990058804,1,0.0008265281940174202,27,1.412242270860297,0.19551673365885275
2000-03-02,0.15403900343715698,1,-0.0002603026942685216,29,0.3473418021085261,1,0.002309974446762758,15,1.405378581392904,0.19330279867136912
2000-03-16,0.19671368936580658,1,-9.988329115641348e-05,29,0.3328717570280392,1,-5.1260910921197e-05,27,1.4029232497830606,0.1361580676622326
2000-03-30,0.17931710725885888,1,-0.0005219383018741364,27,0.3585188214270865,1,0.019087881814810748,3,1.4109292995307732,0.17920171416822764
2000-04-13,0.14080188511088462,1,-0.0009754840946900323,28,0.3540518251768401,1,0.0032244131114251284,23,1.4012220762448346,0.21324994006595546
2000-04-28,0.1513406038688243,2,-0.0002034085980073541,29,0.3466725401114227,1,0.002643721466234969,27,1.9127689688247946,0.16384585186217515
2000-05-12,0.131577532167468,2,0.0003908958727010525,29,0.32780688965531224,1,0.008188903627667318,15,1.9152418553706203,0.18133849887655387
2000-05-26,0.1325114341809881,2,-0.0010615209949941251,26,0.3117708166616913,1,0.003158030560509728,18,1.917337157304541,0.17889544896199405
2000-06-12,0.12525448484836543,2,-0.001083614249274209,25,0.3199304636678823,1,0.004625055205110931,25,1.934252638413904,0.1858339257392409
2000-06-26,0.12250061217251114,2,-0.0004252014740188659,28,0.3408512979323846,1,0.0038096493035045947,7,1.9267664856909783,0.1959709604264011
2000-07-11,0.1407379097482021,2,0.00036202610090803333,29,0.3194326915349788,1,0.0006016715339750844,28,1.9308248603618203,0.17290528075939282
2000-07-25,0.13882732144006238,2,-0.0007519842981400238,28,0.32233954501982687,1,0.005093169794748248,17,1.9161472979068186,0.17423897351226025
2000-08-08,0.12839288483631361,2,0.0013546872061742654,22,0.3218235111201706,1,0.007385343705608713,22,1.916409048736793,0.1734040800284165
2000-08-22,0.11498912132241688,2,-0.00047204477401725786,23,0.3194770282771515,1,0.006324820024012828,14,1.923520956581246,0.1870828894813038
2000-09-06,0.08750424848170749,2,-0.0004478967682656626,29,0.30466344216656205,1,-0.000848294516434478,27,1.902955469239965,0.21400190846450892
2000-09-20,0.07307252175472562,2,0.0003213913010233771,29,0.2971388237621716,1,0.0006329812293709297,29,1.9105235771418734,0.22221447186390625
2000-10-04,0.09156223653569028,2,-0.0014286546692827973,29,0.29685177123277984,1,-0.0012716429574119448,29,1.9178900118996518,0.19104320833539112
2000-10-18,0.08879647558966,2,-0.0012493321962003257,27,0.29550657734945573,1,0.0005640533568228023,27,1.9025849913944926,0.1894982051283324
2000-11-01,0.06219483155358123,2,-0.0005930770983453987,29,0.2904567469856452,1,-0.0004967262607929457,29,1.9182063895084,0.20895477508731297
2000-11-15,0.050184635038291,2,-0.0015358435298139794,29,0.28752750448983116,1,-0.0008278866335396234,27,1.9256673017178856,0.22571465539372704
2000-11-30,0.02951951536272536,2,-0.00038015410784575376,28,0.2826851961450188,1,-0.0014469408811274148,28,1.9343487865236002,0.2433231716178142
2000-12-14,0.02184046304840155,2,-0.001590480843662992,27,0.28323476255082075,1,7.342403963483957e-05,27,1.9427009023131916,0.24888671294726628
2000-12-29,0.021240423084812943,2,8.273232771628669e-05,25,0.27179632291665035,1,0.0004839589786714005,29,1.9475234107356558,0.24431665230704114
2001-01-16,0.031353546325681825,3,0.0001496502378103698,28,0.287383489878484,1,0.0013379791763958038,28,2.3417527337896558,0.20820506507349634
2001-01-30,0.010469401906581091,3,-4.435359145371631e-05,29,0.27688722352473555,1,-0.00016944701908996884,28,2.360342503369999,0.21371597651304536
2001-02-13,0.012759303988316165,3,4.390753077664067e-05,29,0.2700731792499782,1,0.0013630711047749183,24,2.388943409888987,0.20318612271755238
2001-02-28,0.02553300665436241,8,-0.0009550826136037888,29,0.26915545826839854,1,-0.0002079937863514042,26,3.1934093541694333,0.1167482751929337
2001-03-14,0.01501570167422453,3,-0.0004893301711519499,28,0.270829069196599,1,0.0004237051716325241,28,2.3892211768982063,0.20811658583579146
2001-03-28,0.00789198254280532,12,-0.00041440274501583496,29,0.2502974880473133,1,-0.00013449256114259067,27,3.558617441169117,0.09474907678908143
2001-04-11,2.1465585479010785e-05,11,-0.0018721764052578166,29,0.24873780463088102,1,-0.0013295371271414697,25,3.6039812403558686,0.11405964494496071
2001-04-26,0.008167478113933882,12,-0.000854031390949403,29,0.26635511741646767,1,-0.0009384788359195623,28,3.433180695742381,0.10071762642562618
2001-05-10,0.002575996474991904,16,-0.0010419273693250408,29,0.28260634336382195,1,-0.00024349929133611614,26,3.8158471165216903,0.06959465589560537
2001-05-24,0.012714413839254979,8,0.0006313572791574185,29,0.2871287151028569,1,0.0002729860040406179,29,3.3259681689534615,0.1421307248434246
2001-06-08,0.009329226320974951,12,-0.0003846375462979723,26,0.29185025021760913,1,-0.00015637669563850487,26,3.6985487822480128,0.10005931960359657
2001-06-22,-2.2750802698243144e-05,23,0.00029369200367172776,25,0.28683732386989247,1,0.0021959644771562536,23,3.0583013104396333,0.028275573965793485
2001-07-09,0.0010028729408464165,22,-0.0003691822747472068,27,0.2859853559479817,1,0.0007949931836738339,28,3.4262671609443243,0.03284462017045851
2001-07-23,0.00918640725733616,9,1.4602637550473196e-05,29,0.3013144269722952,1,0.00111162148275315,28,3.253635238458857,0.1413668443083369
2001-08-06,0.007216384860806377,18,-0.0002282895024671161,28,0.2935845126111182,1,5.0288687279215205e-05,26,3.429067108956194,0.050632852716696694
2001-08-20,0.007859278060246416,16,-0.00022385529497645495,27,0.29346383520359687,1,0.0036652938610445412,16,3.6533539356063622,0.0653353918541083
2001-09-04,0.005798692732178326,15,0.00013957895191171743,29,0.3007829575898066,1,0.0007290966531859344,29,3.6298393425438253,0.07455181112015746
2001-09-24,0.023416071162563362,2,0.0009405056397724515,22,0.30670417543113215,1,0.0020118276447422395,22,1.9853765088155482,0.25886436383421374
2001-10-08,0.019116053108003267,13,-0.000990103172239104,28,0.3134052542367402,1,0.000645458960349482,20,3.5814983774210467,0.08490428216954571
2001-10-22,0.015062869431010484,14,-0.0007899744051656776,26,0.3081852151206308,1,0.0050768060917286695,14,3.462750884244926,0.07920203673603646
2001-11-05,0.03222399405002599,8,-9.69477618687764e-05,27,0.3012759349420029,1,0.0006495575160396505,27,3.2168892662786988,0.1384911510838736
2001-11-19,0.012326483274055083,11,-0.0005292665323016338,27,0.2950810710891012,1,-0.0005852977835324458,27,3.475737841116953,0.11872484322039037
2001-12-04,0.02557886762266473,9,0.0004243900633668085,29,0.2970050171163442,1,0.0012147522607610373,19,3.276005107327527,0.13621246259685235
2001-12-18,0.01946822614948382,7,0.00036473169952622175,28,0.2987138408324359,1,-0.00011487045804382812,28,3.107740831779263,0.17356950973988952
2002-01-03,0.02273436127119348,3,-3.2611572757870744e-05,28,0.2967389287272505,1,-0.0005394065905529183,27,2.3859362642090844,0.24236251000897574
2002-01-17,0.022559011793139058,13,0.0011267467964617695,28,0.30167578879283813,1,0.001077327411230733,29,3.6755899240969327,0.08785627573938339
2002-02-01,0.029770895806886438,2,5.013219444793826e-06,28,0.2968871536764415,1,0.0007377182601869675,28,1.9908611411016837,0.25723834871066564
2002-02-15,0.031176466326851435,2,0.0002781182666259929,29,0.27171902302278367,1,0.0008301195249221099,29,1.9820417277923355,0.23699431040878
2002-03-04,0.03207988698106458,2,-0.000270401916945856,26,0.32059050718843013,1,-0.0003408927897380343,26,1.9950725032717485,0.2601928918604143
2002-03-18,0.026613732323650482,11,-0.0009085029307168702,26,0.3247826889533876,1,3.1738573926215485e-05,26,3.4988624999638667,0.11064240948402627
2002-04-02,0.04829908458631982,2,0.00017140365706205807,27,0.34743606799701,1,0.0012899827511041184,27,1.982269167122667,0.2628421844079091
2002-04-16,0.0915382435196309,2,2.370411716516585e-05,28,0.344553881003184,1,0.001136173483707148,28,1.9744537887193216,0.215545339344695
2002-04-30,0.07893566480523934,2,0.000714841757539178,27,0.3295741004370454,1,0.0005694043996056636,29,1.9858842207593346,0.22307895643436093
2002-05-14,0.09188618920106434,2,0.0027145580298862104,23,0.36697145382425683,1,0.0023114493276513715,23,1.9755975161417578,0.24838239640529547
2002-05-29,0.09333229035918766,2,0.002163980551607783,22,0.36401509949153665,1,0.00226162550587955,22,1.9674268828635042,0.24167608139176588
2002-06-12,0.091001717022221,2,-0.00033913971199467374,29,0.36843568055209613,1,0.005241472017291901,16,1.9628898666781438,0.24045017834264865
2002-06-26,0.10407124937036856,2,0.003220053562925082,18,0.37033663422594654,1,0.0041898772541888035,20,1.9807165538998572,0.2240991259916692
2002-07-11,0.1048139809727319,2,-0.0008460550038544568,27,0.37711275135980243,1,0.0043355511529967194,21,1.9841548589066162,0.2234013663075143
2002-07-25,0.16005220911308649,2,-2.092034401333931e-05,28,0.3713622100406602,1,0.0441799934929651,3,1.9596945513713455,0.16937122230976587
2002-08-08,0.22230205545268789,4,0.02753298649160328,4,0.3960790476469771,1,0.11519959538936676,4,2.530919148625239,0.08191369351141214
2002-08-22,0.15479443604067666,2,0.0018976507558094713,28,0.367809780926518,1,0.01520044905812222,10,1.9691318052492215,0.17775053701280163
2002-09-06,0.14834401264054276,1,0.0024817090433292277,8,0.38459769466439175,1,0.010407040205471313,20,1.4054722935316841,0.236253682023849
2002-09-20,0.18412960523777017,1,0.004053134638201977,22,0.41876378985548607,1,0.009675076139239402,22,1.3967725936918167,0.2346341846177159
2002-10-04,0.15354867286141055,2,-0.00029034397891389285,28,0.39977753214512474,1,0.015639999714779584,13,1.9846713180499636,0.19488520215363903
2002-10-18,0.1501000133015743,2,0.00138202334210899,28,0.38029192653839977,1,0.0037333351823916477,27,1.9901472138212475,0.1737697454704113
2002-11-01,0.1530035268656879,2,0.0011185419787798356,27,0.3544126170211669,1,0.011691697154921965,14,1.9890797497110415,0.1633842769254797
2002-11-15,0.15305896594668703,1,0.0001073856300126963,28,0.3792131682134399,1,0.003946889251572161,25,1.4138401540405316,0.2261542022667529
2002-12-02,0.22060631255056615,1,0.009285253935479076,10,0.375240920590835,1,0.015746916221952983,10,1.4094461442814663,0.15463460804026888
2002-12-16,0.1785442125105858,1,0.007572790605355956,22,0.3712368543625039,1,0.018919474207285097,17,1.4106868470528522,0.19269264185191812
2002-12-31,0.21520494693442813,1,0.0018132255243387407,23,0.4007301018925732,1,0.060108468146160915,5,1.4012783411654952,0.18552515495814506
2003-01-15,0.22221033177353938,1,0.003427532924773935,20,0.3695200993686545,1,0.015107528190666075,12,1.398453232452041,0.1473097675951151
2003-01-30,0.22808817720127816,1,0.0047004193860846755,20,0.37363226341182865,1,0.040257219409786216,8,1.408579650699722,0.14554408621055048
2003-02-13,0.24270265365740742,1,0.00038402852491661865,23,0.3711786249853443,1,0.039507853311239155,4,1.4116828926790774,0.1284759713279369
2003-02-28,0.28575330675585897,1,0.002719427465958546,14,0.3668320631233384,1,0.049355931630945316,3,1.410384502366945,0.08107875636747941
2003-03-14,0.287643608905616,1,0.0048599073390080405,3,0.34110434461620953,1,0.0671301821152116,3,1.4093631482010978,0.05346073571059351
2003-03-28,0.23930848051382553,1,0.006244756547754415,11,0.3407237294015626,1,0.033077683088026444,11,1.4059744995065622,0.10141524888773706
2003-04-11,0.17473848826677965,1,0.0019545239499000056,25,0.3546426092819472,1,0.016215781824765657,11,1.412866978001035,0.17990412101516753
2003-04-28,0.2913533474717981,2,0.007857919651676176,2,0.365065269420494,1,0.22850009897136794,2,1.8134993416200749,0.055444920358840966
2003-05-12,0.17439114373323303,1,0.008737574160082029,13,0.35501767115622,1,0.0259942819506932,11,1.414184426186921,0.180626527422987
2003-05-27,0.29703689767654595,4,0.026621608108233885,4,0.3644539426904009,1,0.15066606832595392,4,2.4359369656712415,0.0028696552345096604
2003-06-10,0.3339999874155406,2,0.015373696221980732,2,0.38960344636861793,1,0.15517264291420182,2,1.6586187883289716,0.028230166009855118
2003-06-24,0.2596914910951117,2,0.006070928526150571,22,0.3931258116947258,1,0.13424324801759485,2,1.8353844559991097,0.09805599027826262
2003-07-09,0.17773416222054012,1,0.009011076602923523,16,0.41198068580044667,1,0.04564508232476738,8,1.4135586118090167,0.23424652357990655
2003-07-23,0.1851332081251189,4,0.006931251441405828,20,0.4342935227749184,1,0.07324377854327557,4,2.600212882466248,0.1316374533684993
2003-08-06,0.21429157699295953,6,0.02036747282807444,6,0.44451166783153406,1,0.08743891310104884,6,2.9002772576913274,0.062151367013718706
2003-08-20,0.2206825057171811,4,0.003027384496243818,20,0.4440198906648577,1,0.044066435507506135,4,2.4098678839121126,0.09949318837653695
2003-09-04,0.2235794886204094,1,0.01357859797100991,14,0.44997962137176084,1,0.05167548282951209,7,1.4141136767833582,0.22640013275135143
2003-09-18,0.363138471394148,1,0.005844208903675846,9,0.43942288439423927,1,0.034934963184138745,9,1.2815089996564943,0.07628441300009126
2003-10-02,0.33227495359100934,1,0.009435107903370987,16,0.4321368568176006,1,0.04702070638741204,7,1.3481844927654485,0.09986190322659128
2003-10-16,0.31734768878956676,1,0.011884634822296347,9,0.44518829281878397,1,0.05784039005226499,9,1.3392169954334545,0.1278406040292172
2003-10-30,0.26287665657393566,1,0.005530737138837977,20,0.4460863203367285,1,0.06627438473679895,6,1.3255858241832243,0.18320966376279285
2003-11-13,0.25806247839793084,1,0.002193848796972958,10,0.43072930448140795,1,0.040803789322520156,4,1.327810241127413,0.1726668260834771
2003-11-28,0.2650997505956062,1,0.009650923367976127,8,0.44599677877483473,1,0.0529641114402003,4,1.3062031114140873,0.18089702817922854
2003-12-12,0.257019916371647,1,0.014017203511913434,8,0.4370541808813696,1,0.03313368516924134,8,1.3001095371760838,0.1800342645097226
2003-12-29,0.28207773657429536,1,0.015861940809608982,7,0.4346437918586177,1,0.12845240908379962,2,1.3006742869868386,0.15256605528432232
2004-01-13,0.30483688058912367,1,0.016252154184496215,11,0.4385533093911418,1,0.05019895088419343,6,1.3158393572878717,0.13371642880201812
2004-01-28,0.3033893552821202,2,0.020778354486163053,4,0.43421456305849226,1,0.20525524344643206,2,1.8536519126407858,0.09794173796601957
2004-02-11,0.28591387379414557,1,0.014727331528712195,7,0.45529085277290504,1,0.06269711075386211,8,1.3623237286672074,0.16937697897875947
2004-02-26,0.28901249047908606,1,0.011444993523455044,14,0.43723533558458516,1,0.034708867183656594,9,1.3660310222152747,0.1482228451054991
2004-03-11,0.28704539279991437,1,0.013892910874838571,5,0.41196885532826394,1,0.057126422197327525,5,1.349185460022807,0.12492346252834957
2004-03-25,0.3101657797757107,1,0.013427896912959897,13,0.41656566597936595,1,0.040169300487711834,13,1.3510268166720034,0.10639988620365526
2004-04-08,0.2897596571126262,1,0.02071319222783566,8,0.41132518314075406,1,0.06429415160671867,8,1.322028737452009,0.12156552602812787
2004-04-23,0.2860067126111103,1,0.03557434451740535,6,0.41377390474101455,1,0.09966148228371782,6,1.2823753340596233,0.12776719212990423
2004-05-07,0.3453304651911433,1,0.013076421241699332,12,0.4276973550213593,1,0.07922032735057322,4,1.400824017275397,0.082366889830216
2004-05-21,0.35213390629908653,1,0.007355157787379579,18,0.4231712065234726,1,0.07135326838858366,5,1.405862827444419,0.07103730022438609
2004-06-07,0.2980782532400812,1,0.02338826767250074,9,0.40817065149420284,1,0.09444372861552802,3,1.3663220195627366,0.11009239825412165
2004-06-22,0.2747407994560275,1,0.014637401915509496,11,0.46414391437172164,1,0.04768217376717515,11,1.403834249148904,0.18940311491569417
2004-07-07,0.300861907005761,3,0.02539378259535563,11,0.50619706914995,1,0.07761638845194302,6,2.17122910710756,0.12548956728176425
2004-07-21,0.332154044417535,1,0.02410692003230347,9,0.4776030536540774,1,0.08145770911765687,4,1.3013527978894517,0.14544900923654241
2004-08-04,0.3560778884913294,1,0.01008905869772217,16,0.44691021736943964,1,0.044284025723160564,8,1.3145131739086473,0.09083232887811027
2004-08-18,0.3883136279284164,1,0.020057867363648257,13,0.47091064270894367,1,0.06783961750788747,3,1.3539238963161215,0.08259701478052728
2004-09-01,0.3264425096591536,1,0.038000031538074824,8,0.5192604530045687,1,0.13996967200233418,2,1.336088564601163,0.19281794334541508
2004-09-16,0.32092713811069135,1,0.023170886375802224,13,0.5035806216277519,1,0.046356167780935764,13,1.2894758611719108,0.1826534835170605
2004-09-30,0.3563591834013087,3,0.030502962844217524,8,0.4837343058690488,1,0.11229648811151902,3,2.159807702595606,0.045108958371627705
2004-10-14,0.2924187616545251,1,0.0017903181248216382,27,0.4081045885630723,1,0.14922481863722908,2,1.4122181672316731,0.11568582690854723
2004-10-28,0.2740808884055156,1,0.0028210254940662927,25,0.3698232644055405,1,0.016170483287814286,6,1.396249606826911,0.09574237600002489
2004-11-11,0.3110059838701545,1,0.0007357007000613758,17,0.35450314586499254,1,0.01120079226847992,17,1.3132798043748142,0.04349716199483805
2004-11-26,0.304258245626314,1,0.0023370267794276256,15,0.37299587076320595,1,0.016786985561336343,15,1.279383337271672,0.06873762513689197
2004-12-10,0.16389629526927077,1,0.00029671214061247064,27,0.36365212587154006,1,0.014735355995122379,8,1.3227877563682102,0.19975583060226929
2004-12-27,0.2465217882140661,1,0.0016811417473631962,13,0.3996221134782769,1,0.01167614831974595,16,1.3168568243964647,0.15310032526421083
2005-01-10,0.13364316396075246,5,5.6867735126975294e-05,24,0.39160254885274925,1,0.022591800615437363,5,2.70020132960806,0.1342249580979509
2005-01-25,0.13942902325343207,2,0.0004364238944264409,28,0.4240350677156415,1,0.00974464472389236,15,1.9069942395992558,0.20926888673525448
2005-02-08,0.17020778573973774,2,0.003599656937679635,19,0.4020374524576285,1,0.019011203016610023,12,1.866748908846861,0.17073035922713523
2005-02-23,0.14858901903073277,2,0.001760688226176671,21,0.4031582997453371,1,0.01037234373608037,17,1.8976200963177856,0.19046056354650173
2005-03-09,0.17877575220659475,2,-0.00024778089491603317,22,0.4006569873593704,1,0.006642060071743505,11,1.8577935915103843,0.15795575256873634
2005-03-23,0.13557312571649172,2,-1.6629567787751487e-05,24,0.3629919399318081,1,0.009292887499050162,20,1.873428410207015,0.18714368125941727
2005-04-07,0.11266556924374967,2,0.0007343286646277342,28,0.36582200925242514,1,0.006799685783818635,23,1.8409298286302604,0.20049362433551815
2005-04-21,0.18196837152789963,1,0.0003733073612641885,18,0.3202657277833268,1,0.01324119956164109,18,1.4140005849273398,0.13829735625542716
2005-05-05,0.16257918917068093,1,0.001078547733881885,29,0.3285388382095895,1,0.03589439864272298,8,1.4129798665383546,0.16595964903890859
2005-05-19,0.19075889261728796,1,0.0010272635400421504,27,0.3120874810629476,1,0.018791165804977264,10,1.3966202263173964,0.12132858844565964
2005-06-03,0.2176987508014252,1,-0.00025910169777405845,29,0.33058489851848105,1,0.014753636490630065,14,1.3428628691158846,0.11288614771705585
2005-06-17,0.24856817713316193,1,0.0009366644782444478,24,0.3370823310824877,1,0.01625280772749442,14,1.2917039186767292,0.08851415394932577
2005-07-01,0.254527763095232,1,0.0013457361955708652,27,0.324196566035885,1,0.009712512016729444,13,1.2914673720315994,0.06966880294065297
2005-07-18,0.32862182368914045,1,0.0002166019999562535,29,0.31874211264559854,1,0.006733528485034598,7,1.3787367553816572,0.009879711043541906
2005-08-01,0.3329414472048368,1,0.0014682514794393253,27,0.3250674441071399,1,0.013016995613104695,9,1.382652890917511,0.007874003097696924
2005-08-15,0.31713713084815265,1,-0.00017957960400313833,29,0.3279848224439954,1,0.005742242339314696,10,1.3249979364038504,0.010847691595842757
2005-08-29,0.3479549863536946,1,0.0004009077391589899,26,0.31988491366682253,1,0.011268592399734656,8,1.3080222160519892,0.02807007268687206
2005-09-13,0.3262944777192668,1,-0.000244489918984625,21,0.33241592117715657,1,0.014878261747423432,14,1.3982355453476432,0.006121443457889786
2005-09-27,0.4072600909049266,1,-0.0011707745299906341,17,0.3425270885944186,1,0.01116480237162279,22,1.3798201809171973,0.06473300231050799
2005-10-11,0.4040011759598914,1,0.0012699602493700668,11,0.35960520883990044,1,0.01331838114282341,11,1.4042441638334415,0.04439596711999094
2005-10-25,0.36095774291555505,1,0.004651689674441545,16,0.36348668894726,1,0.019461529205855088,7,1.3934538867472794,0.0025289460317049484
2005-11-08,0.3547083849879272,1,0.0015303044299824209,12,0.3194830921958513,1,0.008489107293648324,8,1.413804508883075,0.035225292792075924
2005-11-22,0.43107449122538527,1,0.0045913715632590335,17,0.3381172119062137,1,0.013668667639524401,17,1.3848413236544608,0.09295727931917158
2005-12-07,0.4156471441664196,1,0.0035634668486306253,19,0.3154698982281776,1,0.016660709578980692,19,1.3869302485119603,0.10017724593824201
2005-12-21,0.4276561234291535,1,0.0011660171947126818,17,0.33423063372001754,1,0.010113622375354708,10,1.3579077039375158,0.09342548970913594
2006-01-06,0.4394010266740981,1,0.0011259227553510054,28,0.3452107238684775,1,0.008889416653509064,18,1.299163116398575,0.09419030280562057
2006-01-23,0.40453217814344616,1,0.00939892402319853,2,0.3731295147976055,1,0.08104779719716229,2,1.267267955736849,0.03140266334584069
2006-02-06,0.42107282943266705,1,0.0012837293964370888,26,0.36263917868366136,1,0.021903930047843995,9,1.2546257551800188,0.058433650749005694
2006-02-21,0.4430289440232277,1,0.0040122023816131225,5,0.40470057951767746,1,0.03180600848758658,4,1.2145449285676913,0.038328364505550216
2006-03-07,0.41871704618783145,1,0.022800329183236934,4,0.4021424517192945,1,0.0633899775437462,4,1.2307465044233223,0.01657459446853693
2006-03-21,0.38424550247125505,1,0.01233926654062864,3,0.3899998409142124,1,0.027224968657687504,14,1.2532637676937415,0.005754338442957363
2006-04-04,0.3706101290020618,1,0.0019386083833140555,8,0.36801253298378844,1,0.01430084936283263,15,1.2370137895463917,0.0025975960182733626
2006-04-19,0.36388885755619294,1,0.0027501772088943666,26,0.3232837147391884,1,0.01694832587009537,9,1.2333290366749774,0.04060514281700456
2006-05-03,0.17794632495874227,2,0.0023440887429903023,25,0.31938906369597786,1,0.0073787098008789576,17,1.859259059828407,0.12916038784495368
2006-05-17,0.2769096686389767,1,-0.0001763720775349864,29,0.32285683445655555,1,0.027213848345244734,12,1.2792103167391082,0.04594716581757885
2006-06-01,0.32925333832297077,1,0.0004063910568289919,21,0.34227237629611584,1,0.008096769924911873,19,1.3121146021249763,0.013019037973145076
2006-06-15,0.39446079041604465,1,0.00046313041671702804,28,0.36680801440709,1,0.01618409943174448,13,1.3290266977218577,0.02765277600895466
2006-06-29,0.33346570207534754,1,0.00024723501360418565,29,0.372076080004455,1,0.06298821274960678,5,1.3415757239209156,0.03861037792910749
2006-07-14,0.39699868079950795,1,0.0007217033691321595,28,0.3917488117207947,1,0.03299001464750509,7,1.3657199032697513,0.005249869078713276
2006-07-28,0.43809718422792354,1,0.0017479882471252983,26,0.39889259839193536,1,0.026698529861622855,12,1.3590683526623106,0.03920458583598818
2006-08-11,0.3859043507175512,1,0.0016651498104940932,23,0.37924231318745544,1,0.020075195508187788,13,1.388908716532448,0.006662037530095755
2006-08-25,0.38135812726702567,1,0.006058520357684782,16,0.36503479470146166,1,0.026306814419505664,16,1.406073385457435,0.016323332565564008
2006-09-11,0.37954205906375454,1,0.005026555131819349,9,0.36845464406363204,1,0.04716201171986087,7,1.4139785294780223,0.011087415000122502
2006-09-25,0.3572275537436923,1,0.006000847684408311,11,0.3870946541232241,1,0.04146181723542802,6,1.3900706616668939,0.029867100379531775
2006-10-09,0.3764688813062982,1,0.008113316645318364,13,0.405330696132113,1,0.03511973686401543,13,1.3930095864529668,0.02886181482581479
2006-10-23,0.349421567150321,1,-6.553006314533039e-05,29,0.39110764329366837,1,0.017699006641417353,8,1.4116322707974742,0.04168607614334735
2006-11-06,0.3472723190167777,1,0.0027671341495601742,24,0.42628488346112703,1,0.0339706818201968,7,1.4131154953910325,0.07901256444434934
2006-11-20,0.3331075218010524,1,0.0018889302581115153,28,0.4408672558543949,1,0.02910197114287494,12,1.4137187350227842,0.10775973405334249
2006-12-05,0.3200777197883432,1,0.002267990664658631,22,0.42248678570265197,1,0.035653723443019536,7,1.4114603668369654,0.10240906591430876
2006-12-19,0.31532802986881897,1,0.009117274181828311,10,0.4172936562625298,1,0.04744223494823821,10,1.4051276547742302,0.10196562639371082
2007-01-05,0.3023209998036652,1,0.005084117618731343,16,0.4219282697081376,1,0.03884862032768088,16,1.4048327251690373,0.1196072699044724
2007-01-22,0.2808899015656402,1,0.003213548577337161,22,0.4043429190102669,1,0.03802649741355338,6,1.3994181343235392,0.12345301744462672
2007-02-05,0.2911157870385418,1,0.0017732093056129772,20,0.4273108621139509,1,0.025811850213950105,15,1.4072574307956909,0.13619507507540912
2007-02-20,0.31228948637267206,1,0.004823916059440214,25,0.4290864107878115,1,0.01893915045344219,15,1.4059978990397566,0.11679692441513945
2007-03-06,0.2543064954083062,1,0.006078046269972742,15,0.41169205154112065,1,0.02269663744292877,14,1.4000941055680607,0.15738555613281446
2007-03-20,0.30148412855809165,1,0.002320921648512997,28,0.4088454286443699,1,0.02699687763889755,7,1.3962217630927227,0.10736130008627826
2007-04-03,0.3148549710088276,1,0.009540202974865075,9,0.4172850049389713,1,0.04618259620308049,2,1.386045593954453,0.10243003393014372
2007-04-18,0.37256096776475256,1,0.010518966900649906,14,0.4243996645644581,1,0.04789586967269305,9,1.3679570732162252,0.05183869679970554
2007-05-02,0.39609827748603854,1,0.012328638524418845,6,0.4019739494366245,1,0.04588555145139728,6,1.353984675150241,0.00587567195058597
2007-05-16,0.42068081236114047,1,0.00710969570984879,14,0.37293670495235587,1,0.03709541713500214,11,1.3077539177045316,0.0477441074087846
2007-05-31,0.4183418286055302,1,-4.575295611317087e-05,28,0.37724543841677183,1,0.012252689471057288,16,1.3334414052480463,0.04109639018875838
2007-06-14,0.43852308135153795,1,0.0013621182730627623,19,0.42943052506006374,1,0.03756120488606596,11,1.3523012511477541,0.009092556291474208
2007-06-28,0.4440527787063242,1,0.0026036196280774804,28,0.4332565256150145,1,0.022981108270480166,9,1.3309052248584352,0.010796253091309715
2007-07-13,0.4334230964860196,1,0.015488868852157112,6,0.4402714560169417,1,0.08243102216445028,6,1.3399896095874249,0.006848359530922055
2007-07-27,0.4167259734728048,1,0.005679221628835912,8,0.45569929775805335,1,0.023048176654841823,8,1.3239236514932191,0.03897332428524852
2007-08-10,0.4106366606824479,1,0.00886402231980396,16,0.43558524723373193,1,0.07569704721668216,2,1.310483527928946,0.024948586551284013
2007-08-24,0.3795427014237249,1,0.008495751538589197,9,0.4248841996451307,1,0.05723942176081992,9,1.296195088835418,0.04534149822140576
2007-09-10,0.3917863416300399,1,0.03563823022966184,4,0.4222575971223028,1,0.18272211380017253,4,1.3543298669867831,0.030471255492262928
2007-09-24,0.34792931741510247,1,0.007022275638358777,10,0.4193574641168753,1,0.03573904975109532,3,1.3758592260937572,0.07142814670177283
2007-10-08,0.22259815297775307,6,0.02985260631123135,6,0.43224474510866073,1,0.08293744869604533,6,2.780085213428714,0.0631729322585011
2007-10-22,0.3005527195939086,1,0.017953225905820963,14,0.4172322709823276,1,0.05018541689807904,6,1.4129106892676155,0.11667955138841901
2007-11-05,0.24795195035920775,1,0.005397255108600452,12,0.40165467423778256,1,0.05343200172847473,10,1.3908736817600662,0.1537027238785748
2007-11-19,0.4034923984597115,1,0.0068921060066795825,14,0.39620460544749625,1,0.05147552957117338,8,1.3719321489294205,0.007287793012215271
2007-12-04,0.4037241260196475,1,0.008299653726828615,20,0.3906063928960618,1,0.08024337543988705,6,1.347022162509318,0.013117733123585718
2007-12-18,0.4529615396178202,1,0.021809848643250807,6,0.4255617359048679,1,0.08928893851887873,6,1.3348102791831575,0.02739980371295231
2008-01-03,0.49045160466679444,1,0.009437816933678844,17,0.4266791103160821,1,0.06868011558075943,4,1.3140013838979672,0.06377249435071236
2008-01-17,0.30257370730475613,1,0.02049914688584928,10,0.418219583929967,1,0.08758975654831438,6,1.3877964565705598,0.11564587662521086
2008-02-01,0.4082969291687,2,0.03693101915968791,2,0.491756596749899,1,0.2873601085494264,2,1.7674884479820008,0.021911722536339995
2008-02-15,0.21675430582866773,6,0.015352724792167816,6,0.47319889920030966,1,0.08241633688831371,6,2.739056871982451,0.07095478880459416
2008-03-03,0.21119574648308673,5,0.014365313630227167,11,0.4442834535851494,1,0.09289754745077858,5,2.5710435505719476,0.09784501583007396
2008-03-17,0.35771586318063675,3,0.01768134606117619,7,0.4541553390782428,1,0.21446059554963523,3,2.097351440466925,0.050746958060158165
2008-04-01,0.27762381581832263,2,0.04857312456382393,10,0.439716178077143,1,0.12909886331982748,4,1.8735687570857538,0.16072569045396345
2008-04-15,0.4099648846500296,2,0.034288382921679045,2,0.45240626071711587,1,0.14942480826189813,5,1.7269156131916417,0.02362782410690395
2008-04-29,0.2895062256454213,2,0.01551144271289187,15,0.4243560372010675,1,0.09635300154465662,5,1.934601518027049,0.12336639529070337
2008-05-13,0.24017630350692104,2,0.01564722478246805,15,0.41493325577559365,1,0.07270505177869208,8,1.9508312060320605,0.1660956896420468
2008-05-28,0.24259069691980908,2,0.021168749168373274,9,0.4163055974305344,1,0.10552327963249061,9,1.953555796145317,0.15204109590758483
2008-06-11,0.26431312017399144,2,0.02664354352042969,6,0.41872349376715656,1,0.14979645940905748,6,1.9421220961874976,0.1329992393816528
2008-06-25,0.2601170013832787,2,0.01729801894771066,6,0.42806149533915294,1,0.1139674605253605,6,1.852641076823897,0.13818700606164375
2008-07-10,0.3264241144323532,2,0.013153066005280573,9,0.41505195187437827,1,0.09893704683529672,9,1.9048015014990072,0.06643241875499573
2008-07-24,0.2955583020865864,2,0.017710195175016763,8,0.4600637016923096,1,0.089280873916218,8,1.923113726164206,0.14552932193538937
2008-08-07,0.33647097640438217,2,0.009805104316359031,16,0.473844339058891,1,0.07773426319282764,6,1.9230050490796067,0.11110746436470453
2008-08-21,0.33111154119474884,1,0.02777880108422348,13,0.46897108929554243,1,0.11799621553757242,6,1.3316697886313311,0.1378595481007936
2008-09-05,0.38077199264987915,1,0.017860742944932978,13,0.4605898433917295,1,0.10949794478024238,4,1.3033099599984517,0.07981785074185033
2008-09-19,0.4672708685756019,1,0.01724318482961615,9,0.4770712048403519,1,0.10714940915505311,4,1.339867513937878,0.00980033626475002
2008-10-03,0.4891960179816403,1,0.06388844597640045,7,0.5277406852687568,1,0.15944697497091476,6,1.4053502279936112,0.03854466728711653
2008-10-17,0.7373816162942338,1,0.09116719560006598,8,0.531813535458064,1,0.22733259021871294,8,1.4090522011565243,0.20556808083616984
2008-10-31,0.8195030913220788,1,0.1027817975205979,6,0.6165370439310773,1,0.19447565482338597,7,1.3753627854305688,0.20296604739100144
2008-11-14,0.8994024468343376,1,0.11664648462083904,2,0.6594432795332494,1,0.22346807802332902,2,1.3868728336693597,0.23995916730108813
2008-12-01,0.924175418916219,1,0.13372834477523515,7,0.6567479734319499,1,0.2925226710747059,7,1.3867638750275546,0.2674274454842691
2008-12-15,0.9606826111144224,1,0.14970458980162282,5,0.724968807503533,1,0.3316127704894278,5,1.3965013558124462,0.23571380361088945
2008-12-30,0.9322346877748942,1,0.1568060870760169,5,0.7079520540979989,1,0.3855067242643037,5,1.3948359764669656,0.22428263367689527
2009-01-14,0.9494063931979851,1,0.16953252418060671,5,0.7188837947841344,1,0.43157441599424506,3,1.404892148300494,0.2305225984138507
2009-01-29,0.8898601289423255,1,0.16342210441109278,6,0.7159775761138085,1,0.2507334755046198,6,1.3928018359592844,0.17388255282851695
2009-02-12,0.8958890085153044,1,0.16419626812944887,6,0.7368282470429073,1,0.26434239454101466,6,1.3859694303770538,0.15906076147239712
2009-02-27,0.9125883139120625,1,0.15694813813592795,5,0.7071264125930324,1,0.2579526858369882,9,1.3794331000214215,0.20546190131903008
2009-03-13,0.7536083890782725,1,0.1079560848207754,7,0.6390165515028259,1,0.3134075691354438,3,1.344902349782268,0.11459183757544666
2009-03-27,0.7079546757479886,1,0.12263232130845175,3,0.6217186773855387,1,0.38235727011028353,3,1.3064535573942255,0.08623599836245
2009-04-13,0.709644508771275,2,0.14618001567814942,3,0.6114615081312885,1,0.4054431180135055,4,1.841761199079966,0.11775771173153449
2009-04-27,0.790888472583819,2,0.1263216540110026,2,0.644829846690252,1,0.22407084423167573,2,1.8151852245083966,0.20356067673016454
2009-05-11,0.7154096700021888,1,0.14238495260953438,6,0.6726577973294432,1,0.21580470707891425,6,1.2518195330396098,0.042751872672745606
2009-05-26,0.7038809365062312,1,0.12807377767500694,7,0.6947791176540243,1,0.245869840675901,7,1.2900880051471122,0.009101818852206844
2009-06-09,0.7163167192696391,1,0.11874535180887008,9,0.6914142846498053,1,0.24115986104949005,6,1.275836587889981,0.02490243461983388
2009-06-23,0.7160316390913997,1,0.10513447147170374,7,0.6947779284833642,1,0.3020768093168302,3,1.2737992789966115,0.021253710608035492
2009-07-08,0.6828326955908204,1,0.12523573806316568,3,0.6793669561848787,1,0.30880153730053944,3,1.2857952667190893,0.003465739405941637
2009-07-22,0.6695183771551243,1,0.10830168272236301,7,0.686287765564981,1,0.2293830864147246,7,1.2918458496619085,0.016769388409856645
2009-08-05,0.6826792403958873,1,0.12403478276258167,3,0.6909095136938073,1,0.2613776922891189,4,1.2538297695214908,0.008230273297919921
2009-08-19,0.6686187919675702,1,0.09095635998396628,5,0.690032929716173,1,0.1959580773944476,7,1.26580408513013,0.02141413774860279
2009-09-02,0.670903858567905,1,0.09076936875349223,5,0.6752364626209624,1,0.20294157914225913,5,1.2639911943472972,0.004332604053057354
2009-09-17,0.6626791933333924,1,0.07934908264497842,5,0.6676370006231491,1,0.21467343126133293,4,1.2752424355123193,0.004957807289756699
2009-10-01,0.6533108622907484,1,0.09671448310545039,6,0.6547250618544176,1,0.2285254273270057,6,1.2850208299465917,0.0014141995636691718
2009-10-15,0.6528629559041313,1,0.11125360556329367,5,0.6531018445977277,1,0.3113170472006933,4,1.266551069805763,0.00023888869359633969
2009-10-29,0.6679500235925511,1,0.09732753999754196,5,0.6347770143723308,1,0.25291489172029213,5,1.271441346641335,0.03317300922022026
2009-11-12,0.7104267807186998,3,0.15343327984744154,3,0.6332308632010184,1,0.3486774354666444,3,2.0700631257684092,0.17370928415790432
2009-11-27,0.6630689251345696,1,0.08760938485441044,11,0.647878400391215,1,0.21299823106355764,4,1.2985774955742806,0.015190524743354583
2009-12-11,0.6703072530334431,1,0.10067471342865025,8,0.6397512613994556,1,0.240989960417901,5,1.2943339439425867,0.030555991633987478
2009-12-28,0.6735921268202305,1,0.09826102046842639,9,0.6499083165340267,1,0.2648940339885793,4,1.2992530912420832,0.02368381028620381
2010-01-12,0.8425660596042643,2,0.17741471486257515,2,0.6553688698836486,1,0.3319441733338903,2,1.6132126127479824,0.2524572226779058
2010-01-27,0.6633577197885867,1,0.09500392752484127,9,0.6584906265430154,1,0.2795092354193121,3,1.2606373569797495,0.00486709324557133
2010-02-10,0.6427235450809243,1,0.07916983154433271,5,0.6558742260389494,1,0.22353247367334694,4,1.2543719365562553,0.013150680958025074
2010-02-25,0.6409583608639322,1,0.12590238139096654,4,0.6715571835633201,1,0.3071572094229002,5,1.2745674167961396,0.03059882269938785
2010-03-11,0.6628075669872137,1,0.11267582701496154,5,0.6714013441476784,1,0.24330614341814438,5,1.3027287582576166,0.008593777160464722
2010-03-25,0.6651949567555426,1,0.10423770665669574,7,0.6622677676477664,1,0.21373837436556448,6,1.2801558236789035,0.002927189107776229
2010-04-09,0.657052228546867,1,0.0899036802340003,6,0.675990407526811,1,0.2334654119669307,4,1.2728862483147452,0.018938178979944098
2010-04-23,0.653322581502064,1,0.13544052068886958,8,0.6494500215630665,1,0.2899781061346121,5,1.2767149703134748,0.0038725599389974885
2010-05-07,0.6641780821646723,2,0.11259975108460218,7,0.6514435643469834,1,0.2224197010308539,7,1.7155613242006482,0.06801725606403419
2010-05-21,0.6991637397439789,2,0.11977555227737607,10,0.6526520421772875,1,0.26718718840038097,4,1.7363688769897763,0.09510612491805404
2010-06-07,0.6877942359612554,3,0.12984951779615322,9,0.653746841976765,1,0.43735203204687073,3,2.076253387600579,0.12512100470412502
2010-06-21,0.6565067098081361,1,0.09291360585284253,9,0.621547506146509,1,0.20155854525461941,9,1.32797823153603,0.03495920366162708
2010-07-06,0.647539314245696,1,0.10183950210143239,8,0.6140389977754552,1,0.20038811854120342,5,1.2532468439981885,0.033500316470240765
2010-07-20,0.6895694572561859,1,0.13276503362420367,9,0.6114165097939357,1,0.24250787750460234,8,1.2163857372780438,0.07815294746225021
2010-08-03,0.6894891935971341,1,0.11552137311005278,8,0.5993157083489571,1,0.21760208679231913,10,1.4080949495839503,0.09017348524817703
2010-08-17,0.6822605218445615,1,0.12469376926397241,7,0.5910170302962097,1,0.3052943795408529,6,1.353247996462656,0.09124349154835187
2010-08-31,0.7235375616295537,2,0.1483304406346307,6,0.6324775034292522,1,0.30744795256771484,5,1.6807006460549965,0.11740726691552983
2010-09-15,0.743901541325795,1,0.12629651785038026,3,0.6257939069885041,1,0.3841471709490888,3,1.4107025551622874,0.11810763433729088
2010-09-29,0.7801059159579165,1,0.14120547288431057,7,0.6432932027167804,1,0.33017223006814883,3,1.4004584340222543,0.13681271324113609
2010-10-13,0.6376198891883875,1,0.11077312071868217,6,0.6191178534866535,1,0.29868039440093813,4,1.413913507982152,0.018502035701734032
2010-10-27,0.6485394359044254,3,0.09406899101767274,7,0.6685906362740277,1,0.26490588490112915,3,2.2032303214029674,0.10076320819217077
2010-11-10,0.6286599108936024,1,0.12037967096698998,8,0.6216355723580527,1,0.25605988911550476,6,1.4087459395677824,0.0070243385355497345
2010-11-24,0.5980265269224074,1,0.081590973427627,6,0.5626909957724331,1,0.1487606885426141,8,1.3493851761551832,0.03533553114997434
2010-12-09,0.6986670588987656,2,0.13075122327072025,5,0.6426684903779407,1,0.24518310762155782,5,1.7744747417538989,0.11205255014904969
2010-12-23,0.679739865061905,1,0.08145792508581368,3,0.5847927389303693,1,0.17321675413372375,7,1.4029022289427042,0.09494712613153566
2011-01-07,0.7172206819926596,2,0.0751171740440354,2,0.5481565684860878,1,0.22007513718032576,6,1.7820036570770217,0.19453972550344045
2011-01-24,0.6527697414742759,1,0.07082582577799493,7,0.5357163517357211,1,0.19680280227288033,4,1.3861472217221755,0.11705338973855484
2011-02-07,0.6559239127725476,1,0.07925208939608025,5,0.5712345476667854,1,0.18265100877065515,5,1.3657543043712344,0.0846893651057622
2011-02-22,0.5826319663188375,1,0.0877693529784557,7,0.5670730711031188,1,0.28759097800844347,2,1.4142128606937914,0.015558895215718738
2011-03-08,0.60855012005701,1,0.06141930878790283,3,0.4781634113166725,1,0.1974915644284555,6,1.4091423104211618,0.13038670874033753
2011-03-22,0.5467113663012277,1,0.04009042220949577,8,0.5071168383959108,1,0.17591162890931808,5,1.399850991785964,0.03959452790531692
2011-04-05,0.5197551121413929,1,0.06101215119951384,9,0.47077187622382166,1,0.22271805072521575,4,1.413945941378255,0.048983235917571255
2011-04-19,0.4719397263721762,1,0.03575332327420794,14,0.4074742554739952,1,0.1527865877492142,3,1.3866289265339322,0.064465470898181
2011-05-04,0.5563917545051142,1,0.031748385376698246,9,0.45065916656472016,1,0.14544413704878387,6,1.4117776494848342,0.10573258794039408
2011-05-18,0.5724603810311224,1,0.03378856271260486,8,0.4471017031705978,1,0.16364336870008925,2,1.4137354931395527,0.12535867786052463
2011-06-02,0.5842162251024288,1,0.017710905273439603,16,0.4151606339669206,1,0.13904447722417607,6,1.4036700072570665,0.16905559113550817
2011-06-16,0.5574309886901463,1,0.027685932683748554,4,0.3992595166591998,1,0.27968133101601544,4,1.412768422308339,0.1581714720309465
2011-06-30,0.5404129372818762,1,0.03799614274099147,9,0.43519401646786454,1,0.21161931376725823,5,1.4140758217913703,0.10521892081401168
2011-07-15,0.5421928748129979,1,0.034275721691793104,12,0.4591659281174774,1,0.16155598154416023,4,1.3031435386133143,0.08302694669552052
2011-07-29,0.5652581716936655,1,0.03936350115796203,8,0.4666825799867135,1,0.19822916860768824,4,1.2981561566447988,0.09857559170695207
2011-08-12,0.5217819199252421,1,0.06454182874723141,8,0.5362683055659236,1,0.19021052959725374,7,1.3875012667285838,0.014486385640681498
2011-08-26,0.5126504780720407,1,0.06170967671292396,3,0.5563834095474862,1,0.25602322886253137,3,1.4109894431940522,0.04373293147544555
2011-09-12,0.5802435567417128,1,0.04301101648665154,7,0.6445587331136604,1,0.13940234280814917,7,1.3976306141152859,0.06431517637194761
2011-09-26,0.5330094697954187,1,0.05737506338945078,5,0.6561017357707231,1,0.31178872099272414,3,1.4055146090996236,0.12309226597530432
2011-10-10,0.5562658675589336,1,0.05140898924316539,12,0.6183166691887683,1,0.27332492085533094,3,1.4140274872281762,0.06205080162983467
2011-10-24,0.547011746963665,3,0.07260125157630531,8,0.5966690421896741,1,0.4049407193302633,3,2.1719227805692873,0.05098265870117735
2011-11-07,0.5415745674201279,1,0.04576547269346751,12,0.5395143557862935,1,0.20485343006295412,5,1.3556444218985197,0.002060211633834408
2011-11-21,0.5657442059344918,1,0.059960213355023745,4,0.5325024510281708,1,0.2834383485235591,4,1.3602580097783943,0.033241754906320975
2011-12-06,0.6457090484065138,1,0.05480008598844949,12,0.5571807027944938,1,0.22936154757428803,6,1.4022349304683077,0.08852834561201994
2011-12-20,0.622963070914575,1,0.08618871858180008,6,0.54635425725535,1,0.2687666372499418,6,1.4088464844639423,0.076608813659225
2012-01-05,0.6454392711811255,1,0.10327204160902237,6,0.5663187472299239,1,0.30480775263337334,6,1.3425342991276796,0.07912052395120162
2012-01-20,0.65994986059535,1,0.0772934611983829,6,0.5366068782376623,1,0.29707902288978283,3,1.3983958887963508,0.1233429823576877
2012-02-03,0.6283813129790564,1,0.0710366889605766,9,0.5367687879890257,1,0.2500120092467227,5,1.3973607947826314,0.0916125249900307
2012-02-17,0.6065805369528563,1,0.06992322474537443,6,0.5535482137026558,1,0.308159399660646,2,1.4056584195796389,0.053032323250200464
2012-03-05,0.5927182032633008,3,0.07186643090841396,5,0.560003691679964,1,0.23122519274017075,5,2.2478955929420557,0.1045635989799546
2012-03-19,0.6251749325754177,1,0.07239764447369681,6,0.5373434700242166,1,0.2504519540888065,6,1.4135823026511125,0.08783146255120111
2012-04-02,0.6084304597449499,1,0.07990955078157427,10,0.5227829145708109,1,0.23408606394297152,5,1.4128397487679936,0.08564754517413897
2012-04-17,0.6631088096282518,1,0.07532018357599626,10,0.5274587950234318,1,0.2716183489329359,4,1.3993539244755053,0.13565001460481996
2012-05-01,0.7046672508027514,1,0.06813638669844468,10,0.5296161494320026,1,0.2584576641139417,6,1.4103689814884512,0.17505110137074875
2012-05-15,0.6788886668992913,1,0.08432174034426235,4,0.5178495708331126,1,0.2955363623731117,5,1.4140804074017093,0.16103909606617872
2012-05-30,0.6323325861903685,1,0.08582996695744222,7,0.545061457105721,1,0.20143327360441599,7,1.414178477360468,0.08727112908464751
2012-06-13,0.6451475156574604,3,0.1050506406311128,3,0.5346191451822964,1,0.44102324183799957,3,2.0645554939819406,0.16784416157741155
2012-06-27,0.6519524878713893,1,0.10124581477960237,9,0.5382596473387968,1,0.2769086727999337,5,1.412377167098596,0.11369284053259243
2012-07-12,0.679012342111427,1,0.06462577000028813,10,0.5398285400260721,1,0.2211155431008801,4,1.406708488409763,0.13918380208535497
2012-07-26,0.703793440844988,1,0.12427469206195277,5,0.5488115064036033,1,0.3378618152443784,5,1.4139560854355262,0.15498193444138464
2012-08-09,0.7368925893594382,1,0.0873329733816125,6,0.520938819003572,1,0.15749926409915002,9,1.4051638559521706,0.21595377035586627
2012-08-23,0.6978214674743016,1,0.11034163615242706,3,0.5352907426563563,1,0.4113577970307113,3,1.398175928919191,0.16253072481794528
2012-09-07,0.6966243206148082,1,0.08004005967961556,9,0.5817140208513728,1,0.24505982382718963,3,1.4129838464115083,0.11491029976343536
2012-09-21,0.7381619426401248,2,0.09792371351179255,6,0.5874298531180963,1,0.26042481588685834,6,1.7508032696469087,0.18389301940256775
2012-10-05,0.6985269853570999,1,0.09483370428252821,9,0.5676658044190309,1,0.24014039869253712,6,1.413032296993997,0.13086118093806898
2012-10-19,0.6500072582168265,1,0.05827257874899619,11,0.5734425761084851,1,0.3284458913309024,3,1.4090780784544288,0.07656468210834133
2012-11-06,0.6166998663681099,1,0.09023689548239763,6,0.5749468207514096,1,0.26028827484273187,5,1.4119184938071154,0.041753045616700346
2012-11-20,0.5189200519013544,1,0.08916265607278456,6,0.6369457049598649,1,0.22348517757411956,5,1.4081682940196092,0.11802565305851054
2012-12-05,0.5830610087771848,3,0.11326486234514499,7,0.6388445277002884,1,0.2885403463724403,4,2.218515733182944,0.05570438658607468
2012-12-19,0.54593977443403,2,0.08509467628072584,9,0.6375022056830153,1,0.2373384781118038,2,1.8610712420456355,0.02272421535267566
2013-01-04,0.5939091440264848,4,0.1081151437864162,4,0.6364991960737068,1,0.32619566829812513,4,2.3787560676457513,0.11549013999375934
2013-01-18,0.49317292568759036,1,0.0757827732452884,8,0.6386355559406491,1,0.19362549370147863,5,1.4141989460121753,0.14546263025305878
2013-02-04,0.6046639842282042,3,0.09744240439014792,8,0.6357491124008063,1,0.24809514982447936,5,2.215550047679371,0.07664796943286278
2013-02-19,0.48593746964991513,5,0.07403675176704491,5,0.5810695075045827,1,0.21213781770425466,5,2.55250107229648,0.0515816218191556
2013-03-05,0.4906335113444532,1,0.06773015880556438,5,0.5998781550834269,1,0.19614006644142964,5,1.399526638368126,0.10924464373897369
2013-03-19,0.49263965378166286,1,0.07904389596121753,5,0.6013028094792473,1,0.3097370951633327,5,1.401123065310326,0.10866315569758445
2013-04-03,0.527801053270522,3,0.08862063609377074,7,0.598755691845566,1,0.27632958835776555,3,2.1737630422821557,0.004315221718867113
2013-04-17,0.5664288522689553,3,0.0946085175278375,7,0.6160377064958779,1,0.2442985533514246,3,2.101034284922138,0.030725719973664578
2013-05-01,0.5283666582943717,2,0.07153566813820125,8,0.5927709414678314,1,0.2654674929648584,4,1.8467046800919755,0.008224197203900996
2013-05-15,0.5781383456745293,2,0.07760743792867131,4,0.6071115974260713,1,0.31832280742115393,4,1.8864697920089741,0.020867442853703788
2013-05-30,0.5906159150096622,2,0.08177719041904974,6,0.5891973896460668,1,0.17368686808947484,6,1.8203069061164627,0.03292849067576942
2013-06-13,0.5787496619272632,2,0.10585843658387822,5,0.5938462296537972,1,0.2856887980851928,5,1.8125611714381318,0.021612558931597414
2013-06-27,0.5498099961854146,2,0.0844103745911956,6,0.5812179119225347,1,0.2221334128174464,6,1.8059347866531987,0.0007240466370034282
2013-07-12,0.5591935676203734,2,0.11536347899050084,5,0.5836970654364084,1,0.32565070904587423,5,1.8274123966488014,0.008405496583535288
2013-07-26,0.5404897488875438,2,0.07375457900960833,6,0.6014686594465859,1,0.1943533408606754,5,1.8385930381061637,0.02796124480276696
2013-08-09,0.39840598563742535,3,0.051695049155024514,5,0.5493976853045042,1,0.216647756047741,5,2.2857646493452988,0.08674202632717987
2013-08-23,0.41413287393215387,3,0.0458995755532203,11,0.5543918557875426,1,0.17864278636597625,5,2.306083154593794,0.056585008668162684
2013-09-09,0.40757992216499717,1,0.04022113421287529,6,0.5346077599985002,1,0.1827232506215318,4,1.4130639099515507,0.12702783783350302
2013-09-23,0.4613389879038443,1,0.049083220529845595,6,0.511851108734412,1,0.16125106217606988,4,1.404384150298472,0.050512120830567664
2013-10-07,0.5033247567765983,1,0.029439044240641643,6,0.48200187419981944,1,0.10746754645285889,6,1.3919706481278291,0.021322882576778834
2013-10-21,0.405941362005628,1,0.02589029548438518,9,0.47296809849127414,1,0.09468121815961003,8,1.3927747569828017,0.06702673648564611
2013-11-04,0.3127847763538152,1,0.027816163048009185,10,0.4596181103501741,1,0.07997837571421479,11,1.4060693444033028,0.1468333339963589
2013-11-18,0.30183262105730313,1,0.017477373004703395,7,0.4107918766592291,1,0.0815935638202917,12,1.412513949894295,0.10895925560192599
2013-12-03,0.3039536784932095,4,0.020568632541295845,8,0.39451525580228775,1,0.08099886249326316,8,2.4333437574127035,0.022374210988241883
2013-12-17,0.32986176981640747,3,0.050851319454411736,5,0.42102329021158813,1,0.15618506404723156,3,2.2299179567822005,0.022055466395194068
2014-01-02,0.2654235290137063,3,0.02713155907873993,8,0.42098026219557816,1,0.06381797994559718,8,2.2764164229625248,0.10948793066460077
2014-01-16,0.24211614597312503,2,0.005613661014604171,14,0.39606855558718124,1,0.06672098392519524,6,1.913852181814084,0.1477697750902014
2014-01-31,0.2681110070918422,2,0.02315949620516569,9,0.4169006326656418,1,0.09484782011950271,2,1.9331587302152893,0.1300818921007707
2014-02-14,0.23304501225272445,5,0.015497519819591965,12,0.41851203531025705,1,0.06456186072654524,5,2.5678929226424487,0.06615928681139527
2014-03-03,0.2011736190437333,2,0.024396623511413335,9,0.41720207179860613,1,0.09249601146376513,7,1.9267868784125641,0.18132490992917552
2014-03-17,0.2337830274754432,2,0.01272504423874024,17,0.41449517078056664,1,0.05428523031490193,10,1.9203574259139922,0.15001290578037454
2014-03-31,0.23837674758659233,2,0.007970436088177935,11,0.41047859726594593,1,0.04909975741696085,11,1.873722178543612,0.14125278323526536
2014-04-14,0.19438079440829395,2,0.008308786030196302,25,0.4027035558694665,1,0.03992391147272725,9,1.8657105255087292,0.17703751268995369
2014-04-29,0.18372471950369648,2,0.014915444320366372,15,0.39301454256530743,1,0.04362464442333261,13,1.9238889321344381,0.1972857470981452
2014-05-13,0.14402591655184022,9,0.013799932755393901,9,0.38226533734635315,1,0.061497295094729454,9,3.0651233790236163,0.07108296002734962
2014-05-28,0.14080992638802872,6,0.008279592553137732,11,0.3820393947057258,1,0.04529696114254597,11,2.9955529959417184,0.12095182109610333
2014-06-11,0.1460717887810999,6,0.006329824654610211,17,0.3705263843965315,1,0.037555831555422026,6,2.9325289663551644,0.11209772474910856
2014-06-25,0.2541194248635378,4,0.00450371718016046,23,0.36544643779578434,1,0.09005602017927378,4,2.4177191491242622,0.037936130687286074
2014-07-10,0.14395740967472467,8,0.011950426876856213,8,0.4052779589737283,1,0.06490389197692989,8,3.217294012676436,0.07640325077115873
2014-07-24,0.2103676803093465,2,0.0016360401164167426,23,0.3958426877095891,1,0.04547905707693786,5,1.9662419977631833,0.14079334139653787
2014-08-07,0.19888579998262892,2,0.01361224762340349,10,0.3764868199463107,1,0.05714189728093366,10,1.9740650732173077,0.14943187787484477
2014-08-21,0.1847381808523016,2,0.00448413796789171,14,0.3977581314597797,1,0.027979772641609668,14,1.9727840215697392,0.176175570782726
2014-09-05,0.18471353321535275,2,0.0009886229651167588,29,0.40391914193484,1,0.01561017989104474,15,1.9790892144476155,0.18854729580499288
2014-09-19,0.2200685975046221,2,0.003716043562731003,12,0.40303175261572177,1,0.03614701511556745,8,1.9815411206176092,0.16180529878429412
2014-10-03,0.25714232769514583,2,0.0018828544989888396,10,0.4183118576418009,1,0.052793638465054415,9,1.9379623697706063,0.13636310522277334
2014-10-17,0.2422797501949603,2,0.0033267091305533847,21,0.40552159480854794,1,0.029159594817933926,9,1.9738608541776888,0.13872973499708888
2014-10-31,0.23699132584623903,2,0.01944540258710245,7,0.41090991094693124,1,0.04825628888018335,7,1.9627472195408826,0.1496102348841015
2014-11-14,0.23871825607965794,2,0.003155158673351588,20,0.3922522575973017,1,0.05483647059829433,7,1.9624890737005363,0.1298211121625488
2014-12-01,0.24931935986274176,3,0.0016641782901921365,27,0.3765774150632505,1,0.037762967768635775,8,2.245247257478568,0.07010684655640134
2014-12-15,0.1789242713964506,2,0.0024143968994394804,11,0.39893876101584047,1,0.053972989983708836,6,1.9382461877817083,0.1860878074654401
2014-12-30,0.2253073086456311,3,0.003608743481257698,18,0.3843219855755945,1,0.025568439689717365,13,2.059667511041159,0.10662403794463932
2015-01-14,0.1171112441878644,2,0.0002410068955505662,28,0.39928518521075707,1,0.029277501369853326,8,1.9144956664502388,0.252057393750395
2015-01-29,0.1367963171502499,2,0.0012369017875979993,21,0.42584315063022155,1,0.025655078706588647,11,1.9614200054625905,0.24099574355087597
2015-02-12,0.13501558432532898,8,0.008451363024742364,12,0.43095497163324425,1,0.04195897262402051,8,3.019037910352025,0.08754001500352482
2015-02-27,0.10423903746814772,10,0.008853198101600152,10,0.40764550365081165,1,0.04585175650332829,10,3.2645236596035687,0.0779403984549796
2015-03-13,0.1396226536744324,5,0.009719334680069747,17,0.40969914186074674,1,0.03161798879580591,8,2.6357759758606747,0.1497286273231467
2015-03-27,0.13603353579887753,3,0.005563107553309687,17,0.40196006822715846,1,0.025481426180036876,7,2.1863037037757724,0.2369915726549731
2015-04-13,0.16335384305047,5,0.009215970581504807,7,0.3978424789422066,1,0.0880808439709419,2,2.6451262351206286,0.1281503358565754
2015-04-27,0.14651288553977496,4,0.005312467742447452,19,0.38267932380029734,1,0.06093877434442799,4,2.51055396233552,0.17878160185222067
2015-05-11,0.18706169709807413,2,0.0024347794806084955,12,0.40334545644525455,1,0.034064869407890774,12,1.8499116972686578,0.18707681027428963
2015-05-26,0.11548054791414042,8,0.004609240131741077,21,0.4069711410172847,1,0.01865750300392416,8,3.059346789649684,0.10772982267784359
2015-06-09,0.18353015949987586,4,0.0046767388376761365,16,0.39730316784774733,1,0.04043244955859329,4,2.4226760132378025,0.13800988908442488
2015-06-23,0.1505981320042209,6,0.0033419006844028487,18,0.39609333981899253,1,0.03049826781882739,6,2.8233646829220036,0.11933331324954033
2015-07-08,0.2355055390186183,1,0.008569213338952386,8,0.41826910002745343,1,0.0487917867627691,3,1.3209313756621541,0.18276356100883515
2015-07-22,0.2624482040540139,1,0.015014956409800606,10,0.4209946660842342,1,0.04683906036488947,9,1.3430277851980041,0.15854646203022027
2015-08-05,0.3213300837114741,2,0.00359221435724022,26,0.41852051921171696,1,0.16027243044861697,2,1.683006496333874,0.05626774767542908
2015-08-19,0.26152984901639176,1,0.003233339982652461,10,0.3700094586087103,1,0.029120113775150613,10,1.3640278518493163,0.10847960959231856
2015-09-02,0.3437554150916501,1,0.00615097726449737,26,0.39099103492619225,1,0.025136430233742568,14,1.168975396405317,0.047235619834542164
2015-09-17,0.27488646016325435,1,0.008584257250495747,16,0.3783777336662597,1,0.04663477821133441,8,1.205456787555499,0.10349127350300535
2015-10-01,0.2818220191741875,4,0.021697156552042463,4,0.3816430095495107,1,0.16712661819011473,4,2.4563212655784836,0.04315244580840699
2015-10-15,0.3306646495354322,1,0.006406689870453286,15,0.3970803363834594,1,0.04518432896873806,10,1.3166410947800926,0.06641568684802723
2015-10-29,0.3901023635651226,1,0.008473666147452152,22,0.4085078404493919,1,0.03285751596413691,11,1.3702170649911065,0.0184054768842693
2015-11-12,0.4049712339865533,1,0.005939608266962215,8,0.42160771980710465,1,0.048831099695704205,8,1.285369059607822,0.016636485820551328
2015-11-27,0.40252418466224527,1,0.028259207450896717,4,0.40101364784657045,1,0.10188570162257207,4,1.3648725841282299,0.0015105368156748122
2015-12-11,0.379351914034856,1,0.023358101564513012,9,0.43318913244678414,1,0.059151167102190594,9,1.3777634497009215,0.05383721841192812
2015-12-28,0.41009533057112874,1,0.01022150190387125,21,0.4213331303846132,1,0.07592714476282716,8,1.382038923681251,0.01123779981348444
2016-01-12,0.4421262567072154,1,0.013878317228304377,15,0.4361681464787476,1,0.03914929773092338,14,1.353962312422857,0.005958110228467817
2016-01-27,0.4342705465094351,1,0.029942813156856346,6,0.46499379586324696,1,0.09803644033360423,6,1.365911394067074,0.030723249353811877
2016-02-10,0.3874842656239077,1,0.0200550618693075,18,0.49841651442750234,1,0.0980142846252621,5,1.3982752985760492,0.11093224880359465
2016-02-25,0.41502958151415065,1,0.0195404451408637,11,0.5418489521909055,1,0.058703270566458854,8,1.379743799321985,0.1268193706767548
2016-03-10,0.38221383020572397,1,0.0242994195905033,10,0.5134220736735898,1,0.08917703421209802,8,1.3889749628170582,0.13120824346786586
2016-03-24,0.4118737121685283,1,0.047332630289892375,3,0.5394851703367586,1,0.20129184664014632,3,1.386755176282951,0.12761145816823027
2016-04-08,0.38865662762648034,1,0.028175376645101502,13,0.5165916465361358,1,0.068885318224672,13,1.3872869121224312,0.12793501890965542
2016-04-22,0.39328322229784973,1,0.037253086277104386,10,0.5176266243167855,1,0.07648856007515911,10,1.392121355197094,0.12434340201893579
2016-05-06,0.37637167790577686,1,0.029002358572897013,4,0.47728733488459085,1,0.18699488315915455,3,1.4034413959619958,0.100915656978814
2016-05-20,0.34320741758466755,1,0.01737933096441041,9,0.48416479739485896,1,0.1074227731515637,4,1.4112724646315191,0.1409573798101914
2016-06-06,0.34626188999006335,1,0.02400698883857441,7,0.4918712620508029,1,0.0802226713559003,7,1.414122302744503,0.14560937206073954
2016-06-20,0.34547696841772957,1,0.007592834154259653,18,0.4993429271132631,1,0.04707227900774108,8,1.4140523921397286,0.15386595869553354
2016-07-05,0.31204632018383105,1,0.024417098449642988,16,0.5220993267500667,1,0.057532413293658574,16,1.4136508801808279,0.2100530065662356
2016-07-19,0.3495243374769509,1,0.017991733304285884,16,0.521242425066744,1,0.07699874731426806,7,1.409512592399356,0.17171808758979312
2016-08-02,0.3727581824721168,1,0.03308589250232291,11,0.5232990362000158,1,0.08572612520923831,8,1.413031310038994,0.15054085372789905
2016-08-16,0.3748799018162561,1,0.02662804429050908,13,0.525092337679892,1,0.05676482347459777,13,1.4142135623730807,0.15021243586363597
2016-08-30,0.3557490179005669,1,0.03299108369194459,8,0.5121672954360659,1,0.10334922053813561,8,1.4128929155031598,0.15641827753549897
2016-09-14,0.3419806936563131,1,0.021916341949330426,9,0.5330679669814048,1,0.07621130910683929,6,1.4100828243763193,0.19108727332509168
2016-09-28,0.3693035660217594,1,0.022713285144703,10,0.49729230645644074,1,0.07195257299584532,6,1.4142134269438498,0.12798874043468134
2016-10-12,0.39230250040099846,1,0.0473102958275404,6,0.5232374095115129,1,0.097894606857542,6,1.408859319590255,0.13093490911051442
2016-10-26,0.39385485663890507,1,0.010460536277938776,7,0.5243962435242984,1,0.03738763470559095,9,1.4090233889400376,0.1305413868853933
2016-11-09,0.41864569716655364,1,0.020622255041803622,13,0.524795727087071,1,0.06907701482907502,11,1.4117366822145807,0.10615002992051736
2016-11-23,0.38052483084601335,1,0.025429112021931932,8,0.530965823439725,1,0.09704561254687777,8,1.4099454268946012,0.15044099259371163
2016-12-08,0.37835265863197065,1,0.04168043504198665,4,0.49388294394675286,1,0.11747305818683881,4,1.4103830239046729,0.11553028531478221
2016-12-22,0.43231777809692645,1,0.0279637286597805,10,0.5075526068726902,1,0.06117379620907526,10,1.408544306153586,0.07523482877576376
2017-01-09,0.39407434887536796,1,0.027352793797490338,11,0.5042642424704828,1,0.06636695111097013,11,1.4072344679764521,0.11018989359511489
2017-01-24,0.3947859129815119,1,0.016765323769493468,11,0.4760272601934288,1,0.04902272294295615,6,1.4140207840853423,0.08124134721191689
2017-02-07,0.39110098387053016,1,0.02225420009948975,7,0.4779110524221123,1,0.06312541950785125,10,1.4141913220273077,0.08681006855158213
2017-02-22,0.4035231325423817,1,0.011112922014230336,11,0.48042236471321753,1,0.08965179039370677,6,1.414210873667073,0.07689923217083583
2017-03-08,0.4133413334540633,1,0.015088270179559604,17,0.48617648398243224,1,0.057041912876458295,12,1.414213392777837,0.07283515052836892
2017-03-22,0.43377599359009045,1,0.016581133680197035,10,0.5020507020789289,1,0.09532154844506455,2,1.4117499786810144,0.06827470848883843
2017-04-05,0.4645369085332949,1,0.013825358651208763,10,0.4802724665487903,1,0.06333483387638203,9,1.4139727612579314,0.01573555801549542
2017-04-20,0.45645934121730936,1,0.01096684072398807,17,0.45830247224953247,1,0.03652666966386384,12,1.414007907919248,0.001843131032223111
2017-05-04,0.4429679371813517,1,0.01724617909915832,14,0.45582967921394607,1,0.0863156385551917,7,1.4141869492328527,0.012861742032594381
2017-05-18,0.43819035462161465,1,0.017893292977784914,11,0.45496117810781767,1,0.0683264610465179,8,1.4134089544227693,0.016770823486203013
2017-06-02,0.4540121032895061,1,0.019002764615326906,6,0.45905747781357453,1,0.0767385006809399,6,1.4120753634162038,0.005045374524068447
2017-06-16,0.4519406281325671,1,0.01787213060852122,13,0.45556459515489095,1,0.07124853649795718,9,1.4123769652788098,0.0036239670223238707
2017-06-30,0.4887180838018734,1,0.0116932840525657,12,0.4685882147457684,1,0.06257695373900232,12,1.4096163384500078,0.020129869056105032
2017-07-17,0.4861957331282085,1,0.01733513892106947,18,0.45722616387438675,1,0.04578178158714666,18,1.4061878404092627,0.02896956925382177
2017-07-31,0.5001093945569038,1,0.012153647746224294,14,0.45285860685510543,1,0.04614561134400805,10,1.4084639788961106,0.047250787701798413
2017-08-14,0.49768394747824085,1,0.010215646442938459,12,0.43868787097395134,1,0.034423733246345345,11,1.4108283316271486,0.05899607650428951
2017-08-28,0.43095250447942557,1,0.012715069303923854,13,0.42443347273991044,1,0.05072697536421625,13,1.4100320415857583,0.006519031739515124
2017-09-12,0.4239207953143349,1,0.01439836727265506,2,0.3952645586670147,1,0.09649599230926084,2,1.41276944490575,0.0286562366473202
2017-09-26,0.4238406718065275,1,0.010061364760132974,14,0.4013543597750031,1,0.04625318398257508,8,1.4133388788262755,0.022486312031524402
2017-10-10,0.35775617484331257,1,0.0042180678432106045,14,0.3978958400345354,1,0.024030832650036416,14,1.3952121160982474,0.040139665191222806
2017-10-24,0.39778541866459505,1,0.014086006497275344,9,0.4088915894693972,1,0.027668116342068616,5,1.4139418718626886,0.01110617080480214
2017-11-07,0.2233744160254946,3,0.007723501319375159,9,0.39000553837034446,1,0.03962155006828286,9,2.1968030239812038,0.1340336796212954
2017-11-21,0.3928817249197246,1,0.009575602696334617,13,0.39923543996514244,1,0.04071116024262578,13,1.3990464317318438,0.006353715045417818
2017-12-06,0.2695582991613674,1,0.0049325556982963426,19,0.3632235567068375,1,0.030300613346179756,5,1.4099942383116033,0.09366525754547006
2017-12-20,0.2783340507574166,1,0.006075729777592409,16,0.39200531073942024,1,0.026922505361669208,16,1.4107972647446925,0.11367125998200367
2018-01-05,0.3946568983031545,1,0.005326996808328405,20,0.40696145977414355,1,0.02700590850604373,12,1.409499552256499,0.012304561470989073
2018-01-22,0.3518143913895113,1,0.001052182314736333,15,0.35833327794584535,1,0.04664192378211354,6,1.3925743829536943,0.006518886556334036
2018-02-05,0.22473688938335193,1,-0.00012543331336137276,29,0.34247214565119777,1,0.018252903232748113,12,1.412799683268363,0.11773525626784584
2018-02-20,0.2570771560712047,1,0.0021673380116863372,12,0.3434794887955307,1,0.029410335158675277,2,1.4098122544938383,0.08640233272432601
2018-03-06,0.18372352500296305,1,0.004993806079428564,15,0.32231730866860253,1,0.011555784095817034,15,1.4139792284635866,0.1385937836656395
2018-03-20,0.167438382584443,1,0.001510852807267496,24,0.29630873979389644,1,0.008755535533822495,12,1.4134481290170202,0.12887035720945345
2018-04-04,0.16839941644645334,4,0.0003495214867301477,29,0.3016154020028391,1,0.009733597837899635,4,2.4713655697575656,0.08677281320561975
2018-04-18,0.24381395436059464,1,0.0008992843022710001,29,0.29839300455309437,1,0.005897858421104463,3,1.3786771055230493,0.05457905019249973
2018-05-02,0.2275798602622377,1,-2.2433031680452187e-05,29,0.31654183801968305,1,0.020593410973753973,5,1.4137487178589592,0.08896197775744535
2018-05-16,0.2362397440790501,1,0.009282884895405574,11,0.3368773702305252,1,0.03348868871648608,11,1.4046240812574404,0.10063762615147512
2018-05-31,0.31467689537086707,1,0.0036993292226150387,26,0.3427256020989987,1,0.009394847836450365,17,1.4054483752734657,0.028048706728131645
2018-06-14,0.328868928334291,1,9.631262169515487e-05,26,0.340318185003994,1,0.012883119312482427,15,1.4006413901229338,0.011449256669703034
2018-06-28,0.28673222996657277,1,0.0007097124507400437,28,0.31814014526677986,1,0.005181303989713726,17,1.3706456398361313,0.03140791530020709
2018-07-13,0.2911755477373898,1,-0.0016770721416646123,28,0.3211281908814191,1,0.005243968054522638,20,1.3658497296938839,0.02995264314402929
2018-07-27,0.22984112400730813,1,-7.038240711221277e-05,28,0.31486131522937055,1,0.003966083710516377,18,1.3812771972633784,0.08502019122206242
2018-08-10,0.23310039662564214,1,0.0021407537909247792,27,0.3050932632586951,1,0.005875984485383762,7,1.3812103018377029,0.07199286663305299
2018-08-24,0.23324808177561374,1,-0.0015904826843429892,25,0.3041438809942421,1,0.011056384622296425,9,1.3603904318301878,0.07089579921862837
2018-09-10,0.2449618953151482,1,0.00017155373034606625,25,0.3434346066639652,1,0.0014565154260698238,24,1.3722334999595913,0.098472711348817
2018-09-24,0.1691501776952106,1,-0.0006611084557264918,29,0.3368710727956979,1,0.000898992540027746,26,1.39048867845754,0.1677208951004873
2018-10-08,0.11102100808702038,1,-0.00021092704103557736,28,0.3449055760710978,1,-0.0003315089024110429,28,1.4021065931264207,0.23388456798407742
2018-10-22,0.04916715774172781,5,0.00032726023332202425,27,0.3448322616239272,1,-0.0001222097341292555,26,2.769985911821247,0.18709075461325403
2018-11-05,0.24296145785232343,1,0.0030251988553869624,11,0.35350639046997767,1,0.0041922365599667555,21,1.4113351316471312,0.11054493261765425
2018-11-19,0.3124987983379767,1,-0.0007716230672444035,29,0.3566458961347212,1,0.005393096323802082,18,1.408811348148518,0.04414709779674447
2018-12-04,0.39048568027082753,1,0.0021307543702731024,8,0.39107751113280176,1,0.015853957670224933,9,1.4116285440602487,0.0005918308619742296
2018-12-19,0.39325225712037865,1,0.0011967991342611284,29,0.3879653132183515,1,0.0093714420795796,15,1.41009909605081,0.005286943902027164
2019-01-04,0.4337097283955026,1,0.014719856116040042,9,0.4069124163041642,1,0.03269645970833704,9,1.4120331780500632,0.0267973120913384
2019-01-18,0.4093408642575802,1,0.0020117482090942496,26,0.40380234792097136,1,0.03535564010482731,5,1.410862517292646,0.005538516336608845
2019-02-04,0.38473091608864485,1,0.014135388322426973,9,0.40393966091681865,1,0.049437140415903136,9,1.405213326110127,0.019208744828173807
2019-02-19,0.39510808920335866,1,0.014426864920133231,6,0.4143927560854975,1,0.05952551832699521,6,1.4140248507576059,0.019284666882138868
2019-03-05,0.4053254305368179,1,0.003265927625351994,13,0.39509053478591216,1,0.014767260454189801,11,1.4117948649067804,0.010234895750905748
2019-03-19,0.34254227985475094,1,0.012886299660570921,9,0.4098861103364298,1,0.035712928817376616,9,1.396685305618451,0.06734383048167886
2019-04-02,0.43301830411337505,1,0.0028334523455750826,22,0.41022898536413444,1,0.04574923912299786,5,1.3991240942418437,0.022789318749240617
2019-04-16,0.41960368312930135,1,0.0049358001631561454,14,0.41115671198802295,1,0.06333007347622419,5,1.4034603352187114,0.008446971141278403
2019-05-01,0.3840523522043825,1,0.002301681228359692,20,0.3938338004753204,1,0.02655723389638337,7,1.4136119318935132,0.00978144827093791
2019-05-15,0.36605024039000295,1,0.0011349593240085054,23,0.4142088137336448,1,0.012967483696179616,12,1.4095987497607552,0.048158573343641875
2019-05-30,0.34581262588751444,1,0.027818885985151642,3,0.404759806234149,1,0.08742551383090305,3,1.4065031407064466,0.05894718034663454
2019-06-13,0.27613733492270076,1,0.005697455150071418,20,0.40318382048451273,1,0.09466196750606931,4,1.4091266497200114,0.12704648556181197
2019-06-27,0.2183447534175945,1,0.002839217760269519,23,0.39690479325285055,1,0.0408618077501694,6,1.4074184789824973,0.17856003983525606
2019-07-12,0.2324535620415831,1,0.0024140353500679557,12,0.3988272984119051,1,0.03731737137715985,8,1.4034072615216235,0.16637373637032202
2019-07-26,0.28277669271190875,1,0.005496702637858203,18,0.41340878083101495,1,0.013276699716900237,18,1.394803312905555,0.1306320881191062
2019-08-09,0.23330885020502914,2,0.0068776673400494925,15,0.41379608782894384,1,0.03013068655942261,15,1.860021530066518,0.13592334827987337
2019-08-23,0.30062159192164517,1,0.003918754005418079,24,0.3976487982902831,1,0.058173357695842864,7,1.396268367732577,0.09702720636863793
2019-09-09,0.3115938356903942,1,0.002010816908653096,17,0.4155195957132728,1,0.03745709558789634,8,1.4052428777244461,0.10392576002287857
2019-09-23,0.30396905113387857,1,0.011295889215976462,7,0.3959519167533861,1,0.04334455749471136,7,1.4084925125193275,0.09198286561950753
2019-10-07,0.34069399638706466,1,0.008598555971053468,6,0.40641016996071555,1,0.04448698963803452,6,1.4070075002088531,0.0657161735736509
2019-10-21,0.27366222143878804,1,0.011149865310174617,7,0.40497347686740093,1,0.0743688511866723,7,1.4074423958579183,0.13131125542861288
2019-11-04,0.24986375033886649,1,0.009723536028250573,17,0.41109545855295837,1,0.04366038901007166,6,1.4125255426503425,0.16123170821409188
2019-11-18,0.1872742482522067,1,0.0029587097849246846,18,0.42815093133699234,1,0.010937473751047505,14,1.413884088663741,0.24087668308478563
2019-12-03,0.2706418829944084,2,0.0028129693237757825,19,0.4359273777435562,1,0.015517909332757679,5,1.9417756552245558,0.10962301364867538
2019-12-17,0.1938929129227215,5,0.006889545137726688,5,0.4328438165399369,1,0.02952511900019794,5,2.816785801490258,0.10426579147102857
2020-01-02,0.15477679680513454,6,0.003977615624749936,25,0.43560801408468464,1,0.043543227099871185,6,2.975265265799764,0.11950053243563932
2020-01-16,0.24762155950523126,1,0.011967769033217807,14,0.434057611448536,1,0.0353755690705605,14,1.3968325059789246,0.18643605194330473
2020-01-31,0.35678037617947844,1,0.007817119631029157,14,0.44865584150159754,1,0.038392459258603656,10,1.4135506654719823,0.0918754653221191
2020-02-14,0.3807810149381268,1,0.005155045025400817,9,0.45361960815310687,1,0.01740188828470407,16,1.4132644152084528,0.07283859321498004
2020-03-02,0.32393427185453727,1,0.02200920787176175,6,0.4991092225955314,1,0.02928002921166656,6,1.407846580112003,0.17517495074099415
2020-03-16,0.6791561398427607,1,0.06451715761312685,9,0.6103249875522797,1,0.16601991287102347,9,1.3996800475222797,0.06883115229048098
2020-03-30,0.668649456586532,1,0.06719967223364023,6,0.5758228641976173,1,0.23120939699221482,6,1.3723628324046204,0.09282659238891466
2020-04-14,0.7428689747955117,1,0.10313687940036367,5,0.5884089890196347,1,0.2957109945728903,2,1.3554122283971552,0.15445998577587705
2020-04-28,0.7321216011368961,1,0.09122850116466905,7,0.6208204428101627,1,0.18211076732356402,7,1.3590661362479994,0.11130115832673337
2020-05-12,0.7317732963349273,1,0.08334012554163728,6,0.6472633594018046,1,0.26266345056074997,4,1.3724638781741043,0.0845099369331227
2020-05-27,0.7460773958198572,1,0.11221264019882007,5,0.674231903196417,1,0.28574940032209595,5,1.3764422213255154,0.0718454926234402
2020-06-10,0.73117399618897,1,0.09186968156441147,2,0.6521450862376803,1,0.23750715757391883,6,1.3885135901953058,0.07902890995128975
2020-06-24,0.6859908670330521,1,0.10413051128247786,6,0.644650142354573,1,0.2683966704196124,5,1.3999547466795053,0.04134072467847916
2020-07-09,0.6953497859693683,1,0.10770785463498439,4,0.6667247140682919,1,0.32966280316314983,4,1.3905664526261203,0.028625071901076327
2020-07-23,0.7116327368408875,1,0.10733341211847719,11,0.6507017735209645,1,0.29185253115261317,4,1.3967567944013977,0.06093096331992298
2020-08-06,0.6675288911878379,1,0.06395139517911713,9,0.5834028651691011,1,0.1382718686497062,7,1.3977084599930183,0.08412602601873675
2020-08-20,0.6577783648452554,1,0.07190705038187298,10,0.599649017520092,1,0.25172560809368416,6,1.4069684493814394,0.058129347325163394
2020-09-03,0.6322476320318653,1,0.10069617315362972,8,0.5791212720050011,1,0.2348182681903523,2,1.411456190855683,0.05312636002686422
2020-09-18,0.6296702479108832,1,0.09178228767327867,9,0.5807508110734279,1,0.18574434805831344,9,1.4129848801854867,0.048919436837455366
2020-10-02,0.6294855809598808,1,0.07623957177631013,9,0.583019171043254,1,0.15869902511569042,8,1.4120156752281425,0.04646640991662687
2020-10-16,0.6374639565728231,1,0.10370973256151514,6,0.5732817389734222,1,0.21826578160774968,6,1.4111486324683895,0.0641822175994009
2020-10-30,0.7478787779391207,1,0.10993058321907132,7,0.5903461021078475,1,0.24427833677184993,7,1.4129013050172285,0.15753267583127317
2020-11-13,0.7658671084698891,1,0.11103175444002503,6,0.6366726151919161,1,0.2890049295809525,5,1.4081051119032721,0.12919449327797305
2020-11-30,0.7378815256800622,1,0.14279340406018692,6,0.6256271150211263,1,0.25721006794814016,6,1.4138645753427,0.11225441065893582
2020-12-14,0.7140477254343094,1,0.12591104001954384,6,0.636792075604811,1,0.18408660452724418,7,1.4139614732332595,0.0772556498294984
2020-12-29,0.6981343088061748,1,0.11251510259589317,7,0.6277092630890126,1,0.23992151294190864,7,1.4138172536514004,0.07042504571716213
2021-01-13,0.6984698744299489,1,0.1412534587884996,5,0.6370731173432838,1,0.32551271407567317,5,1.4127088121478217,0.061396757086665144
2021-01-28,0.6866925661575161,1,0.09891974635754266,8,0.6333101280943221,1,0.23204567147165056,5,1.4134853140345784,0.05338243806319398
2021-02-11,0.706896877562527,1,0.08251879101880072,5,0.6170670725317788,1,0.19525447171737004,5,1.4131735207918272,0.08982980503074811
2021-02-26,0.6888718020284247,1,0.10492739655816458,7,0.6508826523652808,1,0.22041382524593084,7,1.41053055589268,0.03798914966314393
2021-03-12,0.6977655792789713,1,0.13462320703935168,2,0.6449170271932598,1,0.194260481125746,4,1.4110737950027936,0.05284855208571149
2021-03-26,0.6942875116531515,1,0.13352592127935534,3,0.7046700940263736,1,0.313700610044848,3,1.4125233908825279,0.010382582373222093
2021-04-12,0.6812754873852219,1,0.1379700632928252,4,0.6960572727783532,1,0.24325203610742188,4,1.413789922659258,0.014781785393131242
2021-04-26,0.7455969923873162,1,0.13063517133783772,8,0.6886565433564095,1,0.26661125708521727,3,1.4141798375689651,0.05694044903090678
2021-05-10,0.7549341201904382,1,0.13264339983820705,6,0.665088100269585,1,0.16743159550447423,7,1.4141580411249788,0.08984601992085317
2021-05-24,0.7209210508122723,1,0.13142653946577418,2,0.6579508944139951,1,0.2754708263218293,2,1.4140735782208778,0.06297015639827719
2021-06-08,0.7085039164762822,1,0.12409159349251764,7,0.6445381276901986,1,0.22385131331153504,4,1.4132076497099937,0.06396578878608361
2021-06-22,0.7220015051112687,1,0.11202478245603525,3,0.6514753510044103,1,0.17026547460738597,3,1.4114967315702691,0.07052615410685836
2021-07-07,0.7283016502062937,1,0.0979531418412064,4,0.6421451160308351,1,0.11623309627340181,4,1.4110801021677761,0.08615653417545854
2021-07-21,0.7506518444108924,1,0.10765251226020714,2,0.6395395566205418,1,0.17310096903733815,6,1.4137281611877723,0.11111228779035054
2021-08-04,0.7511974880254948,1,0.1952456460294663,4,0.6368540471853998,1,0.25383059672316577,4,1.407965794246847,0.11434344084009496
2021-08-18,0.7396642659451502,1,0.11949410539287866,5,0.6607129382681682,1,0.15144024436840886,7,1.4024634295629996,0.07895132767698199
2021-09-01,0.7422218967554782,1,0.15706689158774523,7,0.6681259674336438,1,0.19103554998649283,7,1.393513499530764,0.0740959293218344
2021-09-16,0.7398106432663368,1,0.14315901177763599,5,0.6767471598032981,1,0.2688223681969919,5,1.3978101574382378,0.0630634834630387
2021-09-30,0.725258457016019,1,0.10757624286484971,4,0.6418225333997267,1,0.19685320798545575,4,1.4051797802884738,0.08343592361629226
2021-10-14,0.7192599182440389,1,0.12019453308940134,3,0.6537969684050333,1,0.27899533808526916,3,1.4124680319981193,0.06546294983900558
2021-10-28,0.7081271995347221,1,0.14701905310553587,2,0.652155226245343,1,0.24003226749127138,2,1.4084181901357509,0.055971973289379195
2021-11-11,0.6842324339744392,1,0.184340234468029,3,0.6667006841362675,1,0.23882010598946002,6,1.4107851806488163,0.01753174983817174
2021-11-26,0.6758574214774058,1,0.17728169339679437,5,0.6832532110416827,1,0.3790222191164477,4,1.4090829921912358,0.007395789564276889
2021-12-10,0.6677002772238918,1,0.10516372367523155,8,0.7023718083953563,1,0.16943372851440786,2,1.408832793198402,0.03467153117146449
2021-12-27,0.6588720827745811,1,0.1221862334354179,5,0.6864764098134173,1,0.25372177812141444,4,1.4066039803605825,0.027604327038836196
2022-01-10,0.6667732078325268,1,0.12920738452593195,5,0.692906819245363,1,0.2012597555117165,5,1.409443413008737,0.02613361141283621
2022-01-25,0.6385113389181705,1,0.10931763130454086,5,0.693645739279468,1,0.1799496917246317,5,1.4074347759059427,0.055134400361297575
2022-02-08,0.6244758311335741,1,0.15032968113977502,4,0.7293616875102227,1,0.31936452925805314,4,1.4031752077077912,0.1048858563766486
2022-02-23,0.696804917438678,1,0.14222404949541095,8,0.7306458728819698,1,0.17400702990355077,8,1.4111322044319605,0.0338409554432918
2022-03-09,0.6125553652655971,1,0.1040646153331673,4,0.6939897574884425,1,0.13636154554566438,4,1.3450159042383918,0.08143439222284543
2022-03-23,0.47985643110118137,1,0.058764094755534485,7,0.5405212442283635,1,0.06598910188747067,7,1.3472699086762452,0.06066481312718208
2022-04-06,0.5314143653351178,1,0.044034364048967656,7,0.5581779738227829,1,0.02658194340142525,17,1.3808854280985907,0.026763608487665125
2022-04-21,0.4180007133886116,1,0.03346642728170948,4,0.61883016386117,1,0.0298580185945633,13,1.3621260927971426,0.20082945047255835
2022-05-05,0.23678489132724095,6,0.056413929115504746,6,0.5906930725245378,1,0.031671639821054115,17,2.8407633903733087,0.12121825247102402
2022-05-19,0.22936456786105847,4,0.03401158356271325,9,0.58268800921742,1,0.03136593992031342,8,2.3652597404262403,0.18190229335219432
2022-06-03,0.32899881096622463,2,0.03978349288101149,8,0.5450939589727043,1,0.16401603439755888,2,1.8741989821532217,0.14806081831535023
2022-06-17,0.2444305582774546,3,0.02981786635262923,8,0.5485212592986899,1,0.034716364417628015,16,2.323401981559613,0.1930164330375798
2022-07-05,0.23222917631567486,2,0.01752167439143304,9,0.5372902518821965,1,0.10276331569453562,2,1.8461229178899805,0.25565493538557477
2022-07-19,0.14361373043404244,2,0.00859081906255968,15,0.5355786424017723,1,0.007119009267737869,17,1.9280826989119686,0.3360851646748465
2022-08-02,0.20993141620528605,3,0.021019909424419364,12,0.5715442976431507,1,0.01072229505471467,20,2.2419436691787444,0.23584040143068746
2022-08-16,0.19181386364493153,7,0.02960536660172977,7,0.5689258845269031,1,0.011835183376506353,22,3.079830511449933,0.1360465912929409
2022-08-30,0.27083658906502533,1,0.04467126660349907,9,0.565898982484524,1,0.015774018163895676,3,1.3894113212107864,0.29506239341949864
2022-09-14,0.3015123067837031,1,0.024678942497085132,8,0.5431360236995877,1,0.011858330064427075,17,1.400395675976406,0.24162371691588458
2022-09-28,0.4252122383649277,1,0.024142272452044783,16,0.598734435068855,1,0.019622355094807198,16,1.3763427382448232,0.17352219670392732
2022-10-12,0.4167540580231494,2,0.03348310117097378,9,0.5741642073872809,1,0.03886266271179745,2,1.879317554254166,0.06891476817744452
2022-10-26,0.4371199567275044,1,0.03213489647901874,11,0.5874531717921764,1,0.013977603749492029,7,1.3794056120085239,0.15033321506467195
2022-11-09,0.44430131852654764,1,0.0220559528447061,13,0.5494541707392304,1,0.017038378797668147,19,1.4057231551448162,0.10515285221268278
2022-11-23,0.465402583522289,1,0.023957912773252543,6,0.5395241723141436,1,0.0681463204592061,6,1.4079411322324498,0.0741215887918546
2022-12-08,0.4687317000467581,1,0.039898777213071585,3,0.5445988989739964,1,0.15746992160370318,3,1.4115136575101512,0.07586719892723826
2022-12-22,0.4615295272496781,1,0.029998395683614787,10,0.5307661545045169,1,0.014845967129670956,18,1.4106327168580257,0.06923662725483881
2023-01-09,0.4120069080484306,1,0.024173451079112396,10,0.502928979499577,1,0.023338419352356476,7,1.4141598988929245,0.09092207145114645
2023-01-24,0.42140675606823563,1,0.017366448480684388,15,0.5019691164096922,1,0.017555070574390874,15,1.3902840391123918,0.08056236034145658
2023-02-07,0.3825465509134359,1,0.03454536743257483,9,0.5040351720629144,1,0.029477766669238764,17,1.4129713067075358,0.12148862114947845
2023-02-22,0.47697409075624814,1,0.039834589936025455,2,0.5320887435245162,1,0.018812141491632683,10,1.4128283617271353,0.055114652768268046
2023-03-08,0.49135187180635387,1,0.03151687981109666,3,0.536722980535795,1,0.010324863252899275,16,1.402502019232262,0.04537110872944117
2023-03-22,0.5272065847968594,1,0.04695130039682094,3,0.5545539625730652,1,0.05871524107860421,3,1.4019662520529081,0.027347377776205772
2023-04-05,0.5241858755325498,1,0.040702231029249386,4,0.5353785713660419,1,0.04988705731510676,4,1.3904269644920202,0.011192695833492139
2023-04-20,0.5145291533491878,1,0.015178854608578318,14,0.5240058214234549,1,0.016839957081988682,14,1.3994630303770426,0.009476668074267058
2023-05-04,0.4914205811836633,1,0.010510220862392727,6,0.5175740864499379,1,0.05621853446164893,3,1.3976142562824305,0.02615350526627458
2023-05-18,0.49338101670477985,1,0.024989994139180238,8,0.49589457226958183,1,0.008091393920712342,19,1.401996548793438,0.0025135555648019836
2023-06-02,0.4829599378246643,1,0.02462106413989948,7,0.5209636596886789,1,0.012457429763787276,18,1.4043397861617373,0.03800372186401457
2023-06-16,0.4672782024769937,1,0.01668196143410139,7,0.47678294210692596,1,0.024365759399901432,22,1.3987524619942966,0.009504739629932257
2023-07-03,0.4860328310571147,1,0.01381609829563507,15,0.4885203057339452,1,0.024979744203838167,11,1.3803990383114837,0.0024874746768305256
2023-07-18,0.45421862445161487,1,0.027936800470557355,10,0.5139966902340171,1,0.04132919552797043,10,1.4044830594885875,0.05977806578240219
2023-08-01,0.4691382172484593,1,0.02452765368102236,12,0.5271148747850729,1,0.02343421888131167,12,1.4021606062181853,0.05797665753661363
2023-08-15,0.48689487839290546,1,0.019871063319812726,6,0.5571008900215739,1,0.025243173631735116,11,1.4024335818947593,0.07020601162866846
2023-08-29,0.46588569082762554,1,0.030235444681674856,10,0.5492250552810382,1,0.02497291235518964,7,1.3977521300525901,0.08333936445341261
2023-09-13,0.44588147415275764,1,0.068579029967957,6,0.5700251074264419,1,0.023203198101652722,4,1.3922176927094787,0.12414363327368422
2023-09-27,0.4467253118043212,1,0.02370857337430754,10,0.5689435860550824,1,0.012763050890430144,18,1.3999587297811455,0.12221827425076126
2023-10-11,0.4415357016272079,1,0.03326664959662151,7,0.5864908737494713,1,0.02297703276310359,12,1.410040046782611,0.1449551721222634
2023-10-25,0.46586662602826445,1,0.020447391405814475,6,0.5660672192344235,1,0.014281460938387669,23,1.4119249648847265,0.10020059320615904
2023-11-08,0.5125555982984038,1,0.03497301403745259,7,0.5307775751051449,1,0.033043570102962716,10,1.4142135585937428,0.01822197680674109
2023-11-22,0.5137023880097694,1,0.037205311751067865,7,0.525552971303826,1,0.029979480694159344,3,1.4138891297787108,0.011850583294056638
2023-12-07,0.4836668769089706,2,0.05625374500682942,2,0.5145443032712307,1,0.022990696203031374,12,1.7909186813652835,0.014003635454789276
2023-12-21,0.4722023516727666,1,0.027251224467806007,10,0.5306093797674183,1,0.018247567034227252,10,1.392434681122251,0.0584070280946517
2024-01-08,0.4708045663797484,1,0.09392447003985896,4,0.5898405403328046,1,0.01826625631193754,15,1.3685410019133595,0.11903597395305626
2024-01-23,0.46818597914600235,1,0.028782891891174472,11,0.5976695601942816,1,0.033814816800640524,11,1.385713168385455,0.12948358104827928
2024-02-06,0.5435624581511089,1,0.06111984718891733,2,0.6161790849482823,1,0.16494712715892834,2,1.3937755084236085,0.0726166267971734
2024-02-21,0.5571846550664892,1,0.03372408503550023,10,0.6431046747138717,1,0.016637320667741623,4,1.3904010811151257,0.0859200196473825
2024-03-06,0.5768849051498792,1,0.04671799200369939,9,0.6716967686118588,1,0.024894944931216245,9,1.3445470478430226,0.09481186346197956
2024-03-20,0.627593109352069,1,0.03157540529281863,1,0.6296905777075223,1,0.024894931196591197,9,1.3537097111520018,0.0020974683554533247
2024-04-04,0.6278480283526524,1,0.04970151805580572,4,0.608753663593358,1,0.027254344140067277,4,1.3654755727960957,0.01909436475929438
2024-04-18,0.5893509746768076,1,0.056350516867052364,7,0.5935589807783308,1,0.0479028295901818,7,1.3557566183917862,0.004208006101523165
2024-05-02,0.6178739760461094,1,0.0334499012030251,10,0.5451637676880127,1,0.015456788625224871,10,1.3122348447448557,0.07271020835809672
2024-05-16,0.5485118492096898,1,0.02771600106587352,8,0.5214074027589803,1,0.021090428901238162,8,1.3376359418327535,0.02710444645070942
2024-05-31,0.4938053205409451,1,0.010772726163535196,12,0.49470336272545967,1,0.016594562458325218,9,1.335866843324927,0.0008980421845145581
2024-06-14,0.4094146691874596,1,0.009692356290382842,15,0.5416212896724668,1,0.004423277877681764,26,1.3375009737896837,0.1322066204850072
2024-07-01,0.39103861668177714,1,0.016381562132699284,12,0.47164497797290517,1,0.0034877334867630116,26,1.3623913418416822,0.08060636129112803
2024-07-16,0.35363682901534566,1,0.011800527634928365,3,0.4868019688342266,1,0.00337591965615322,27,1.3531664256780438,0.13316513981888095
2024-07-30,0.3660947479819775,1,0.014922372702282138,20,0.4515675671774478,1,0.016449532701262815,9,1.3599545613421133,0.08547281919547028
2024-08-13,0.2882355199626635,1,0.030536356920623953,9,0.464686544709782,1,0.004044284242635893,9,1.3921963997826614,0.1764510247471185
2024-08-27,0.22693829970788987,1,0.005519635081106367,21,0.4451048572590239,1,0.007659254758213108,21,1.3849133769233841,0.218166557551134
2024-09-11,0.15533627278539644,2,0.009240281015078788,7,0.4146451679060642,1,0.0028991254495558394,13,1.815452523352048,0.22785719437445381
2024-09-25,0.1378793846692213,2,0.009832275102744148,7,0.40467920142924774,1,0.0010060814734946522,7,1.8631795546397834,0.23122031401586232
2024-10-09,0.11856750131032756,1,0.0019094117694690438,28,0.41352533469840846,1,-0.0004414651283801141,28,1.4060983886071285,0.2949578333880809
2024-10-23,0.12753535413611247,5,0.0031724292605971594,18,0.3958995214225471,1,0.00792281784304022,18,2.8809924329180925,0.16751442776403822
2024-11-06,0.06598998808769793,2,0.007562104063217973,13,0.3837140765684467,1,0.009194013714844157,13,1.8746378511896262,0.3009208035901685
2024-11-20,0.09760190633050372,2,0.002590392426917165,25,0.3738930510174424,1,0.002154641334572882,26,1.82004748575971,0.24999020029119454
2024-12-05,0.09165157009809727,2,0.0017704427599209427,22,0.3914258660680511,1,0.0027703793549039846,27,1.9384171045233471,0.271496536348581
2024-12-19,0.08580875507893332,2,0.003463554867176921,24,0.36454275126713576,1,0.002597903142754293,24,1.8186346913490634,0.2634134940361326
2025-01-06,0.1030910628928485,2,0.0014686597355711983,25,0.34690346665866933,1,0.004466778960689338,25,1.822096799569563,0.2288600337504302
2025-01-22,0.13544442309873383,2,0.001370860099813187,29,0.3486855852114888,1,0.0007099702534078267,24,1.8324235973867484,0.19977543226325212
2025-02-05,0.08871584250333986,2,0.003137366482331566,23,0.35538915786403497,1,0.00497024586060868,23,1.7751529777275785,0.2523577782508042
2025-02-20,0.09620552584511768,3,0.00147926668042625,22,0.3738603025337389,1,0.0017452693373988526,15,2.2714169095968835,0.21835861930951436
2025-03-06,0.0800835079687289,4,0.0011049481367817193,25,0.3649595501935769,1,0.0030555269810702557,29,2.569349441406582,0.20557449347880566
2025-03-20,0.0670701589456517,3,0.0010536369531989748,29,0.3097099632294872,1,0.0004554311006411127,28,2.3773017218320036,0.218265228981478
2025-04-03,0.07634081173650614,1,0.0021242523680157638,10,0.335451977344218,1,0.00721598534303991,23,1.4100458224361645,0.25911116560771186
2025-04-17,0.39654233991577603,1,0.0036439013957150213,20,0.4047288251394118,1,0.003417694192035109,5,1.4122218917115537,0.008186485223635742
2025-05-02,0.3400659470027688,1,0.0010162568456202337,17,0.4284645553749469,1,0.008676960356248348,7,1.4134199783813453,0.08839860837217806
2025-05-16,0.3122048219650033,1,0.014427547467603802,4,0.40251050478777234,1,0.007090775380230091,20,1.4139895871507553,0.09030568282276902
2025-06-02,0.291276321708289,1,0.0005598043371565498,20,0.4125987796750291,1,0.007412594676277584,20,1.41124553127746,0.12132245796674013
2025-06-16,0.30975055629018206,1,0.004108543737162101,18,0.3979611470375847,1,0.0022850746897596086,18,1.404194878499086,0.08821059074740262
2025-07-01,0.3328657891452624,1,0.0010291167020669012,29,0.40816850545064165,1,0.002930541813660481,21,1.402262391857198,0.07530271630537927
2025-07-16,0.32033811074186946,1,0.0014465691079345588,28,0.42132711661885186,1,0.0041076028241001095,28,1.3990788584876492,0.1009890058769824
2025-07-30,0.3289629441802716,1,0.0013715161540547305,27,0.4110372367832262,1,-0.00027464546441521853,26,1.4001819850390156,0.08207429260295457
2025-08-13,0.3279443831319201,1,0.002637497281477913,24,0.3614726609061031,1,0.007193092648121652,25,1.4005987944263507,0.03352827777418299
2025-08-27,0.32873118101009047,1,0.0011361483420798124,23,0.361735697055123,1,0.0012499527961412904,24,1.396566402645448,0.03300451604503252
2025-09-11,0.3370025155695681,1,0.002870840424313903,21,0.361928537805896,1,0.008545869950680851,21,1.383039249379379,0.024926022236327894
2025-09-25,0.3344885585248193,1,0.0015875163853975582,23,0.3538096804835026,1,0.00321191277777369,21,1.397805421330246,0.019321121958683296
2025-10-09,0.31992215782490807,1,0.003321169081817954,13,0.3696489732610926,1,0.005823607235083045,16,1.4046186960321962,0.04972681543618451
2025-10-23,0.35808911938427745,1,0.0016543714084519545,26,0.3838814517972466,1,0.001925079394152207,26,1.3677920600580635,0.025792332412969132
2025-11-06,0.36099472562300017,1,0.029771260133563765,6,0.3859046849365061,1,0.015495540326806417,6,1.3989885243168894,0.024909959313505925
2025-11-20,0.32807587494784096,1,0.004691509039331937,12,0.4199555583536652,1,0.0014130907043411467,22,1.3891149033141472,0.09187968340582425
2025-12-05,0.30714524374371627,1,0.004025293969462884,23,0.4153709178349005,1,0.0009493831280499576,21,1.365998507468497,0.10822567409118422
2025-12-19,0.3270660850281205,1,0.0020233763271480243,21,0.40017927502550543,1,0.006362179651504318,21,1.3739807031257856,0.07311318999738492
2026-01-06,0.334178224652707,1,0.003484616110074723,15,0.4045773518125644,1,0.003945238435631576,26,1.3673758464871064,0.07039912715985736
2026-01-21,0.3453690365170564,1,0.0035504249715247738,23,0.4083369073282437,1,0.0018404303491347807,29,1.4055683506194454,0.06296787081118727
2026-02-04,0.32812305216756343,1,0.002042992136713301,23,0.36938453276856287,1,-0.0005334025676167475,28,1.4013671065315374,0.041261480600999434
2026-02-19,0.35628121424477277,1,0.0015850235580818356,26,0.3487249495943694,1,0.0018534025336017224,24,1.3898592217261025,0.007556264650403377
2026-03-05,0.32280119373022037,1,0.004536701748278152,22,0.3463854935536807,1,0.0030589656775578677,22,1.349075172146065,0.02358429982346033
2026-03-19,0.36210872671005956,1,0.004443666012686712,24,0.3728392915296233,1,0.007190633329794624,24,1.3571543395966055,0.010730564819563748
2026-04-02,0.3622695726755795,1,-0.0009749780152624732,29,0.36419018005149106,1,0.004107006115864606,14,1.3216120809686667,0.0019206073759115427
2026-04-17,0.3283416870220424,1,0.0010642051116493828,25,0.3691499285253378,1,0.000563606781471479,21,1.3201429934209563,0.04080824150329537
2026-05-01,0.29212653346108364,1,-0.00015515641148078352,27,0.37354412941607873,1,0.002250720722237906,25,1.3400044818853925,0.08141759595499509
2026-05-15,0.279577076776702,1,-0.00035986217560228517,25,0.3762091977902844,1,-0.0006946080615800737,25,1.3756441728198407,0.09663212101358237
2026-06-01,0.2411934672199057,1,-0.0019093712548456099,24,0.40971561906035525,1,-0.0038301048409716543,24,1.344261340517801,0.16852215184044955
2026-06-15,0.25268336806234193,1,0.000294827273507825,27,0.42426935017906203,1,-0.0006930271396897725,29,1.3841041472332754,0.1715859821167201
2026-06-30,0.20200565161570738,1,-4.001986773222166e-07,29,0.41838830540365185,1,-0.0004161295620898203,29,1.3867323758271015,0.21638265378794447
