date,realized_vol,avg_correlation,first_pc_ratio,effective_rank,spectral_entropy,diebold_yilmaz_spillover,granger_density
1991-12-20,0.1392868841262521,0.6103733049496147,0.6404092901132946,22.09434959448407,0.4963241802766107,89.53346422242832,0.24597701149425288
1991-12-24,0.14021876747425777,0.6125819376011392,0.6426633111152594,22.052210391721964,0.49406606241032736,89.5765508040773,0.25862068965517243
1991-12-27,0.14047056377761133,0.6128353416323072,0.6435386940902371,22.049656330442858,0.49383344425896536,89.52083237192144,0.2517241379310345
1991-12-31,0.14131287196855058,0.6144421140988057,0.6442350727892291,22.01539452829468,0.49217762014669303,89.69054212466881,0.27241379310344827
1992-01-03,0.14134445814109572,0.6139658076329235,0.6436291234766064,22.043602678127225,0.4933309093182818,89.48180982485178,0.27241379310344827
1992-01-07,0.1401799712027363,0.6088661583111584,0.6391067886862519,22.129186398816973,0.49846196022384515,89.45769688665678,0.2735632183908046
1992-01-09,0.139986980334601,0.6076896272131995,0.636858937177829,22.144353256371396,0.4998777126200629,89.44824321985138,0.2770114942528736
1992-01-13,0.14003732386474674,0.6077131845368988,0.6369717080238066,22.150378218709868,0.5000262687994733,89.36118702643394,0.27241379310344827
1992-01-15,0.13973303881044014,0.6044868471287417,0.6335150640564001,22.189537143034194,0.5035564734736763,89.40741671265978,0.2793103448275862
1992-01-17,0.13949779420765035,0.6007540323607792,0.6289928608587608,22.210130370674868,0.506945123066798,89.43538451752651,0.28160919540229884
1992-01-21,0.13977144207312153,0.600709566273945,0.6290363339353037,22.20587308361855,0.5070657364646785,89.41619078571152,0.2827586206896552
1992-01-23,0.13944968996451718,0.5995572658710558,0.627497609219623,22.23014438916865,0.5087069863687985,89.37081124885593,0.2632183908045977
1992-01-27,0.139340953296581,0.598741613967199,0.6266520941949367,22.246166621024184,0.5096296924874909,89.31782683266869,0.25862068965517243
1992-01-29,0.1394531987327647,0.5984007355328064,0.6265389146986493,22.26245659368504,0.5103387621466087,89.29832861942629,0.26436781609195403
1992-01-31,0.13929691228738694,0.5968759722678938,0.6250871077067472,22.286520165763825,0.5118298860681464,89.3306707039825,0.26091954022988506
1992-02-04,0.13938361273550048,0.5963062005803867,0.6243132803616551,22.294940390432263,0.5126073432585085,89.29825609409986,0.26436781609195403
1992-02-06,0.1394060000516476,0.5957834810095272,0.6239326387899043,22.302700959454604,0.513148721685175,89.29174019824954,0.26436781609195403
1992-02-10,0.13940141040319487,0.5955494438508759,0.6235047566823814,22.304110488143117,0.5134147074622293,89.18605929551318,0.26091954022988506
1992-02-12,0.1392938813530586,0.5949873893446315,0.6225348168052922,22.316485774989157,0.5142750609286061,89.20174128851777,0.2574712643678161
1992-02-14,0.1393477402213612,0.5948755050542358,0.6221989846061982,22.30761358473544,0.5143499305072198,89.14341958553838,0.25057471264367814
1992-02-19,0.13924472937673427,0.5938771755106182,0.621143679228334,22.328178474167274,0.5156576809304233,89.11780559322924,0.2471264367816092
1992-02-21,0.13959990245268786,0.5947849731771029,0.6221913183404719,22.320327498505325,0.5149468425304193,89.09503994604158,0.24597701149425288
1992-02-25,0.13950630337300163,0.5942616076700798,0.6221287130819604,22.320834761095576,0.5152448283384714,89.1037218868045,0.2471264367816092
1992-02-27,0.13943901770738334,0.5938799349665822,0.6218308682799208,22.325574616765657,0.5156761425814158,89.14710605031931,0.2367816091954023
1992-03-02,0.13930048397905864,0.5935859765662796,0.6214515675954284,22.332394898501622,0.5160377811608325,89.15898025525192,0.2413793103448276
1992-03-04,0.1393030929103872,0.5934686977939346,0.6214011564348332,22.328361352446425,0.5160104263845521,89.176922534831,0.2482758620689655
1992-03-06,0.13945922708806316,0.594152458072866,0.6225029145602987,22.317907248388014,0.5152692403327329,89.18469129399665,0.24942528735632183
1992-03-10,0.1392662556716449,0.5936634911413008,0.622184450792987,22.319584182192504,0.5155111057353031,89.19755489502853,0.2471264367816092
1992-03-12,0.13927440518630826,0.5934896519293852,0.622168991499222,22.32421437939236,0.5157190958405422,89.16693344460631,0.23793103448275862
1992-03-16,0.1390306735681014,0.5924984944073617,0.6212737332487216,22.342355940589062,0.5168004997782337,89.16563216362796,0.2413793103448276
1992-03-18,0.13902897497716069,0.5918007065959989,0.6211535219973906,22.362341027596486,0.5176467830674745,89.14044797308676,0.24367816091954023
1992-03-20,0.13901927500314468,0.5915138939989089,0.6207955703408223,22.363525386427074,0.5179348844649014,89.13272933545835,0.24482758620689654
1992-03-24,0.13901100919567475,0.5913013069774925,0.6208387177564385,22.371029651001248,0.5181772145217248,89.15785592173074,0.2471264367816092
1992-03-26,0.13870233850083413,0.5904332143844518,0.6201306172383039,22.391798183921303,0.5192938259063192,89.15630550988168,0.2471264367816092
1992-03-30,0.13894487075671405,0.591173467207029,0.6209378465881271,22.379195517712,0.5185312073215615,89.1836135327006,0.2471264367816092
1992-04-01,0.1389466831845941,0.5911245214101317,0.6209192836598515,22.383497198535416,0.518720800171082,89.17417038066293,0.24367816091954023
1992-04-03,0.13896831754324426,0.590624182579155,0.6205166416356804,22.39066600451163,0.5192098136589894,89.1639821607251,0.24482758620689654
1992-04-07,0.13963807409728898,0.5923651843399252,0.6219084172709485,22.368804057858025,0.5177790145207061,89.14278571980759,0.2425287356321839
1992-04-09,0.14017646204980339,0.5939437216294523,0.6228651408035538,22.362787533374327,0.5170735110877693,89.10329028802883,0.24942528735632183
1992-04-13,0.1400331722700017,0.5926833463597211,0.6217291307764469,22.384455183481517,0.5184236595464983,89.03358421195179,0.24367816091954023
1992-04-15,0.14048798374238264,0.5927330809240041,0.622251590378073,22.386035215784197,0.5181869028394387,89.04556078301036,0.25287356321839083
1992-04-20,0.14064476792543676,0.5919327748761238,0.621567826776202,22.38823479203424,0.5190390100284971,89.01815931223656,0.2597701149425287
1992-04-22,0.14057177707633906,0.5912897114329311,0.6209565438357932,22.40210410322424,0.5197200025398254,88.95217107060407,0.2597701149425287
1992-04-24,0.14056940203614715,0.590230354486589,0.6200677493056869,22.42443636283391,0.5209691472765293,88.91464746089754,0.25862068965517243
1992-04-28,0.14045318184220665,0.5893010443246507,0.6191411537184833,22.43077119750101,0.521745984781152,88.89955579672495,0.25632183908045975
1992-04-30,0.14065265097821644,0.5893747526364332,0.6189789609035653,22.43406624325004,0.5218194106738263,88.910743676669,0.2574712643678161
1992-05-04,0.14013182843308641,0.5877749300673795,0.6177156956116177,22.453759503504052,0.5232616336723083,88.89883064027516,0.2574712643678161
1992-05-06,0.14006175392019038,0.5872034666649889,0.6168652539575423,22.46003173570025,0.5238340662826689,88.92158107685628,0.26091954022988506
1992-05-08,0.14005849559951716,0.5871957480404799,0.6167340281283769,22.465083613394583,0.5239702786875173,88.91372168794943,0.2620689655172414
1992-05-12,0.13993834534394056,0.5870274879534644,0.6166752022090477,22.46703716653142,0.5240190418320513,88.90792297695752,0.26666666666666666
1992-05-14,0.13999606608472956,0.5871454522093105,0.616988463517386,22.45656139608327,0.5235174398527657,88.93907579858222,0.267816091954023
1992-05-18,0.13997018808589196,0.5873396979598402,0.6173187055963765,22.4613687910606,0.5235096258655217,88.92060507076296,0.26091954022988506
1992-05-20,0.139744475992434,0.5866396300234081,0.6167088198491775,22.474483035763193,0.5242387985056887,88.92249675470264,0.25862068965517243
1992-05-22,0.13977635683047387,0.5868992787560529,0.6170645162864477,22.470636414541165,0.5239895429743618,88.90466030397006,0.26091954022988506
1992-05-27,0.1397118641919861,0.5855991526557232,0.6159280352980784,22.471995744053086,0.5245655553352001,88.79756748036976,0.2482758620689655
1992-05-29,0.13977520853141293,0.5847691182233744,0.6156972769820256,22.481323752718804,0.5251549118694543,88.76678741199049,0.25287356321839083
1992-06-02,0.1395701609771944,0.583098188627668,0.6139522939516737,22.511844474192873,0.5270414666938406,88.7278814076662,0.24367816091954023
1992-06-04,0.13935477688834338,0.5818193978625512,0.6126970712219294,22.524555840661034,0.5281318380431701,88.73782263032612,0.24597701149425288
1992-06-08,0.1393195742428176,0.5810299738918755,0.6122525216298365,22.540835657098054,0.528948604853241,88.67496602685915,0.2482758620689655
1992-06-10,0.13920577470493087,0.5803968932229118,0.6120294309745087,22.550066805995066,0.5295214814720592,88.6953654277735,0.2517241379310345
1992-06-12,0.13921948316237912,0.5802487554183715,0.6118065880619589,22.55326734709149,0.5297074832974147,88.67259005663124,0.25632183908045975
1992-06-16,0.13898258747339529,0.5798920845802693,0.6113240886611415,22.559913579232195,0.5302168479189249,88.66322242826385,0.25287356321839083
1992-06-18,0.1395205693136319,0.5812887899611804,0.6125003767452376,22.54487682312151,0.5291362336758318,88.70315657612296,0.25287356321839083
1992-06-22,0.1395219518814153,0.5811953642164811,0.6126345809829155,22.55012366118561,0.5292125029874608,88.68662955269671,0.25287356321839083
1992-06-24,0.13951359411326184,0.5808109899398344,0.6122735179604293,22.55654288418523,0.5295728575507056,88.64764972236922,0.25862068965517243
1992-06-26,0.1392294642322521,0.5795806496339138,0.6111629711587404,22.574661641892064,0.5306711378816422,88.65838080953625,0.2597701149425287
1992-06-30,0.1393566210755699,0.578953373801069,0.610389907817567,22.58066627904478,0.5313536593955727,88.59101842246086,0.25632183908045975
1992-07-02,0.13923376738995455,0.577873410813206,0.6099461706370178,22.57904792215905,0.5319470368422646,88.595004652523,0.25287356321839083
1992-07-07,0.13940776099199056,0.5774749702552322,0.6100283235179651,22.583266270140506,0.5323662913461659,88.60760230470153,0.24022988505747125
1992-07-09,0.13947682710472006,0.5776359657167703,0.6103906788723117,22.575027124818195,0.5320514953195347,88.57998631075023,0.24482758620689654
1992-07-13,0.13938087149964293,0.5776408512339897,0.6103540295626636,22.575174222245348,0.5320967653694214,88.4331608778871,0.2482758620689655
1992-07-15,0.13875342255958936,0.575871484663414,0.6079044628060598,22.606156534456844,0.534298476653112,88.4620944215955,0.24942528735632183
1992-07-17,0.13874768348048183,0.5761075233735022,0.6085070613680951,22.60394228550236,0.5339791870818091,88.49443814617229,0.2471264367816092
1992-07-21,0.1387467450025404,0.5765391642973545,0.6085160023714867,22.60319087434296,0.5337429476202645,88.52524829037557,0.24482758620689654
1992-07-23,0.13887169142485437,0.5775785471441877,0.609242878549835,22.587912284650834,0.5328143349811159,88.58829512246349,0.25287356321839083
1992-07-27,0.1378131751640603,0.5758931945711514,0.6068257495836529,22.64714712117666,0.5358725478178356,88.36551270765781,0.24597701149425288
1992-07-29,0.1357934130773653,0.5709444388574447,0.5994126407507165,22.75797176490779,0.5424584460989944,88.47223188637827,0.25632183908045975
1992-07-31,0.13542064965728073,0.5709979879432275,0.5985686717934209,22.7704567768102,0.542921382189295,88.392008158877,0.2540229885057471
1992-08-04,0.13508481201674735,0.5703879535547107,0.5975426028453377,22.78675663090878,0.543922700338997,88.43468366741922,0.25632183908045975
1992-08-06,0.1351032151120023,0.5706753377240888,0.597726439463233,22.781290268766362,0.5436303079933263,88.37242759400597,0.2540229885057471
1992-08-10,0.13363909452551662,0.5665358890871858,0.5922898752778868,22.858614541477476,0.548611711292725,88.2680097238295,0.24597701149425288
1992-08-12,0.13287231047287457,0.5643429715146138,0.5890503964832782,22.8884501370455,0.5509306135620775,88.20112983603606,0.24482758620689654
1992-08-14,0.1303298322994393,0.5553623260998527,0.5803432391224165,23.004222953609524,0.5596605967069918,87.8974527301066,0.2471264367816092
1992-08-18,0.12763531764210082,0.5504810004670501,0.5709871057191647,23.144563642692116,0.567992446346796,87.75170294887673,0.25287356321839083
1992-08-20,0.12760794139864481,0.5511436638444862,0.5716751698673485,23.13051680165135,0.5672451846064105,87.79413347036682,0.26091954022988506
1992-08-24,0.1274960739285723,0.5505447232984784,0.5719809180424942,23.133290532918032,0.5673128276674178,87.85745645019466,0.25862068965517243
1992-08-26,0.12750861453564608,0.5506653519007964,0.5722626620246823,23.133549481744925,0.5672025214019598,87.89473019332851,0.2540229885057471
1992-08-28,0.12719653836799166,0.5497311103412066,0.5708633007109094,23.152299940190275,0.5684342306279112,87.91950416378349,0.2517241379310345
1992-09-01,0.12722418206614644,0.5497463792540328,0.5709291426544191,23.146824034060693,0.5682362552403698,87.89907329110903,0.25287356321839083
1992-09-03,0.12706098821904374,0.5489529696195986,0.5700816533848702,23.15855533733704,0.5690294394513337,87.91806770290626,0.2597701149425287
1992-09-08,0.12702991552543821,0.5494025140209914,0.5705458412992928,23.16134071853732,0.569024886690102,87.93969619404517,0.25862068965517243
1992-09-10,0.1272057647027051,0.5501707389681634,0.5710331813037957,23.147381605358714,0.5681907013072437,87.87516038150177,0.26666666666666666
1992-09-14,0.1269809294784062,0.5482989881174857,0.5694485028382004,23.156472056320172,0.5694644622729218,87.77235266765213,0.26666666666666666
1992-09-16,0.12592979513046137,0.5468183908193849,0.5663701159503235,23.18798821418059,0.5717385435600518,87.8200132840394,0.27011494252873564
1992-09-18,0.12525904387628053,0.5451170054100373,0.564690258036797,23.20558972025146,0.5729350745861201,87.77249546870253,0.27816091954022987
1992-09-22,0.12372805897774349,0.5436412390566022,0.5610735830575182,23.27759881864003,0.5771226671570844,87.88503419415046,0.2735632183908046
1992-09-24,0.12352478228760404,0.5434498534485109,0.5603261093649302,23.286060269720227,0.5775679147065985,87.87980594183182,0.27586206896551724
1992-09-28,0.12371833248795416,0.5447784231532454,0.5615985142831668,23.26675706430503,0.5762700322471528,87.94164333187541,0.27011494252873564
1992-09-30,0.122382179568759,0.5403859187098766,0.5565337914957353,23.329265345849734,0.5807139256961706,87.76594912234536,0.28390804597701147
1992-10-02,0.12140573284322274,0.5367246203713221,0.5544843204609173,23.364522551553506,0.5834938778843473,87.73997556312487,0.267816091954023
1992-10-06,0.1212098860060514,0.5373403562052447,0.5545692463385455,23.36834541243058,0.583430811605351,87.74115603968772,0.28160919540229884
1992-10-08,0.12093226420438828,0.5366770379169751,0.5544002624632743,23.372047425747933,0.5836414787752429,87.77771361982235,0.2827586206896552
1992-10-12,0.11959039161738694,0.5341518025192152,0.5501984773326105,23.40451619024124,0.5861414687069745,87.88051522087412,0.27241379310344827
1992-10-14,0.11952123978272636,0.5348212655227468,0.5507163571386128,23.394189910492724,0.5854605004001492,87.88027381416286,0.2770114942528736
1992-10-16,0.11951859981107532,0.5350742071780181,0.5507317160389361,23.393545595026993,0.5853617429426042,87.84591832790926,0.27816091954022987
1992-10-20,0.1188960164513512,0.5321546582258265,0.5475544570669479,23.430982155490412,0.5880139660156103,87.87671106724359,0.2770114942528736
1992-10-22,0.11890847244834984,0.5328132655427359,0.5483702026359419,23.42685889392651,0.5875899780413631,87.88455074797072,0.27586206896551724
1992-10-26,0.1186025397940532,0.5323522910444416,0.5475552463371647,23.423246100650054,0.5880670851081875,87.86804880149563,0.27241379310344827
1992-10-28,0.11838240157388247,0.5318218948774884,0.5464545230779934,23.422392032708625,0.5884900140136436,87.80337488415392,0.2735632183908046
1992-10-30,0.11797025803481136,0.5304461200277678,0.544974519970602,23.44192682967754,0.5900112796139801,87.76418656949406,0.271264367816092
1992-11-03,0.11677384807567134,0.5268668832272428,0.5401000492128644,23.498567617882895,0.594259927017684,87.73296025329073,0.2632183908045977
1992-11-05,0.11666963803149462,0.5273400397542599,0.5398778179602377,23.49967830190073,0.5941071341718795,87.70666610614767,0.25862068965517243
1992-11-09,0.11652633857115727,0.5265658566972364,0.5384959590831891,23.49795440713252,0.5945972770717762,87.70891697558942,0.25862068965517243
1992-11-11,0.11618864397521804,0.5252466444833425,0.5366160368666281,23.498563210871485,0.5954623021334382,87.70958417662423,0.25862068965517243
1992-11-13,0.11618664961862,0.5252754336533054,0.5367430546529032,23.504495087048596,0.5955870501860769,87.71174709039221,0.2540229885057471
1992-11-17,0.11610973937788326,0.52551426199401,0.5366472130485221,23.495859995580357,0.5953219369591122,87.71443002462827,0.2540229885057471
1992-11-19,0.11614499775366986,0.5257166927752919,0.5370810028444305,23.49597797884252,0.5950972439597756,87.6768031950699,0.2517241379310345
1992-11-23,0.11554217426377252,0.5242304439487019,0.5348755764471599,23.518509177915774,0.5970942367964107,87.72845348460184,0.25632183908045975
1992-11-25,0.1152485225692719,0.5239021667080714,0.533738783052161,23.518190036775227,0.5977598017044796,87.73061771631083,0.2540229885057471
1992-11-30,0.11533538475246863,0.5244201017618214,0.5338062294894467,23.501548902227405,0.5972304713615535,87.77827396981688,0.25287356321839083
1992-12-02,0.11527497079938893,0.5238344362843292,0.5330589470348787,23.50828953667547,0.5977091267435266,87.77210049075458,0.24942528735632183
1992-12-04,0.1150867011430946,0.5236405028441765,0.5328945426581243,23.51586278497548,0.5980486618299449,87.78618548606957,0.2471264367816092
1992-12-08,0.11498899754672172,0.5233449751578292,0.5323017025440008,23.52109621199972,0.598447460142411,87.77668886083082,0.2482758620689655
1992-12-10,0.11474572233944048,0.522772582637348,0.5324888875262763,23.535721447099878,0.5990277930952768,87.72315439531097,0.24482758620689654
1992-12-14,0.11472291004328636,0.523084497581114,0.5328054487763874,23.52966068152589,0.598735999661494,87.70203040082399,0.24482758620689654
1992-12-16,0.11471225817670913,0.5227785052497894,0.5326302752211537,23.534550076705578,0.599114831233583,87.70002406979657,0.24597701149425288
1992-12-18,0.11505039697106645,0.5233964435749778,0.5340506752954576,23.53391915602755,0.5985370630929459,87.80717660459983,0.2471264367816092
1992-12-22,0.11480396266331565,0.5223218645762308,0.5336629164361968,23.55459404655973,0.5995309813672963,87.66892369658434,0.2413793103448276
1992-12-24,0.11445523224737247,0.5210693748000584,0.5327019797981087,23.567620909955764,0.6005075695499378,87.52918228781787,0.2540229885057471
1992-12-29,0.1139116546346333,0.5194787729987655,0.5306604493256643,23.612898027678565,0.6033646823526471,87.49798306835788,0.25057471264367814
1992-12-31,0.11359817572478871,0.5181477651092797,0.5290588477646073,23.620817168487658,0.6045209427517292,87.48918051961809,0.2517241379310345
1993-01-05,0.1133646265569643,0.5168804530679546,0.5273714635515521,23.62996032593685,0.6058406288989477,87.43404342585038,0.25287356321839083
1993-01-07,0.11314387700976122,0.5167256273253146,0.5264406673444382,23.63332054461641,0.606148733807017,87.08855166382185,0.27011494252873564
1993-01-11,0.11012529533944496,0.5074389137155632,0.5141461509645722,23.81402296678835,0.6188659928284045,87.1376116373459,0.2793103448275862
1993-01-13,0.11000410786147932,0.5073121521436059,0.5142896844986655,23.802107913571266,0.6186413062286642,87.12110437594825,0.2827586206896552
1993-01-15,0.10953529552431937,0.506876038676489,0.5132569858764822,23.805672771090645,0.619143850232504,87.1730352900254,0.27586206896551724
1993-01-19,0.1094931735808218,0.5072932227877316,0.5135533612342273,23.797079531615882,0.6186855011040333,87.19470534429828,0.2827586206896552
1993-01-21,0.10882479775124775,0.5055423581379958,0.5106302143575627,23.8420726099936,0.6210503815056069,87.06932278720724,0.2747126436781609
1993-01-25,0.10858448648679045,0.5045736727101143,0.5095230084319158,23.860781206643537,0.6219701289128857,86.97942086042372,0.27816091954022987
1993-01-27,0.10778008766743502,0.5024986655030227,0.5068218933048175,23.8750616801706,0.6239903373902618,86.81628069587467,0.28160919540229884
1993-01-29,0.10703824313580627,0.5003307021977901,0.5066334947276697,23.913308772144052,0.6257904355120169,86.77480995277081,0.27816091954022987
1993-02-02,0.10600530926326275,0.49657182165153063,0.5019961433291186,23.964239682142757,0.6301318827080733,86.56311116313609,0.2735632183908046
1993-02-04,0.10626705004280479,0.49764155247486824,0.5028714045861532,23.960686650410977,0.6295778714181964,86.65045542580198,0.2793103448275862
1993-02-08,0.10571785759085349,0.49539936446718086,0.5002742175888606,24.00793631537795,0.632728357704852,86.684342876114,0.27241379310344827
1993-02-10,0.1056592225714347,0.4960756140242058,0.5005427662852041,23.990775548454536,0.6319146556020352,86.6232605017465,0.27586206896551724
1993-02-12,0.10576048838767708,0.4974310396662735,0.5018109174739135,23.97850777796151,0.6307485969532746,86.65650056990009,0.2735632183908046
1993-02-17,0.10719741102097557,0.5023755443075961,0.5080006206486029,23.894102780858894,0.6255274345475911,86.89009335718448,0.28620689655172415
1993-02-19,0.10678322449523603,0.5004307236751885,0.5069578476280973,23.921804862042904,0.6270173247850997,86.72930496293897,0.28045977011494255
1993-02-23,0.10659695124345712,0.4970059159146921,0.5040025428160126,23.947161932920636,0.6298441077219461,86.49177295982841,0.28390804597701147
1993-02-25,0.10607856190955822,0.4942381694319087,0.5009636693239797,23.96828984821592,0.632333335990254,86.47353700037972,0.2827586206896552
1993-03-01,0.10613359886482686,0.4944121008064145,0.5010776900475955,23.965136941889313,0.6322045343948034,86.49378343589906,0.28160919540229884
1993-03-03,0.10631088789394987,0.4953948414149124,0.5015805313063666,23.957385434648717,0.6316313289969361,86.48681138852241,0.29195402298850576
1993-03-05,0.10608779981128827,0.4944917505706602,0.5009993633563746,23.958080180159175,0.6320642262289141,86.48272855115023,0.2896551724137931
1993-03-09,0.10652168825549084,0.4960994254881797,0.5030153500522011,23.934874442143624,0.6301510342290708,86.50737822210026,0.28735632183908044
1993-03-11,0.10617624831194582,0.4957500546710205,0.5020964270409167,23.933130995519647,0.6304446567420677,86.49480222394861,0.28045977011494255
1993-03-15,0.10632234934951341,0.49663745685744043,0.5025733222342019,23.926720342851027,0.6297923181399016,86.51996650009208,0.2793103448275862
1993-03-17,0.10599453007396173,0.49687059748799217,0.5019885283124192,23.934913865786427,0.6300002810496712,86.54895770498815,0.27586206896551724
1993-03-19,0.10614567277849803,0.4977493807665844,0.5024313710151722,23.918839078583442,0.6292187864304505,86.55277595619991,0.27586206896551724
1993-03-23,0.10533974926873509,0.4946538324375827,0.49865998708346343,23.966495650487015,0.6325831595868712,86.44827451899229,0.27586206896551724
1993-03-25,0.1054193303033176,0.4950277869225293,0.49896163728874404,23.96999499149923,0.6324306564358214,86.44544376536227,0.2747126436781609
1993-03-29,0.10525283588388475,0.4943579291245992,0.4981359905148143,23.97923369038599,0.6331226874909595,86.47247601957585,0.2735632183908046
1993-03-31,0.10505718871928744,0.4929971150417954,0.49552316231606963,23.989185064532723,0.6347788799847732,86.3882249024675,0.2793103448275862
1993-04-02,0.1059040190776534,0.49314073950870696,0.49542066771663323,23.94161583529199,0.6339193530178506,86.39611298150815,0.2735632183908046
1993-04-06,0.10557655899298848,0.4911483395290237,0.4934083766725342,23.95208893120604,0.6356340298020431,86.34385891524859,0.26666666666666666
1993-04-08,0.1053491781761964,0.4900289522306616,0.4924050192393817,23.97724624327729,0.63702168363644,86.33980030255516,0.2517241379310345
1993-04-13,0.10523316088382016,0.48883476246732616,0.49096183008977357,23.99329592478789,0.6382427201278067,86.34793649850941,0.25632183908045975
1993-04-15,0.10517935553710135,0.48833825041856654,0.49043395171842996,23.998377411015955,0.6387601107402194,86.31344876433896,0.2620689655172414
1993-04-19,0.10503468824345592,0.486315942998045,0.48853352699783065,24.02207342938789,0.6405690951657317,86.2333994965311,0.26436781609195403
1993-04-21,0.1046988521961916,0.4844361569394508,0.4871217164984775,24.060698612240653,0.642305716102996,86.18500146701675,0.271264367816092
1993-04-23,0.10440954204669216,0.48308349190289646,0.4849707444672901,24.074638846443452,0.6433940927764575,86.1573078781528,0.2735632183908046
1993-04-27,0.10458125884115174,0.48278989894776175,0.4851820292670565,24.078399517877884,0.6436421023472277,86.16904968519111,0.2747126436781609
1993-04-29,0.10452460318604409,0.48169109019803,0.48399120058750755,24.094088499010688,0.6448093466961105,86.06034201566523,0.26666666666666666
1993-05-03,0.10376804870479149,0.47779303454869365,0.4802307136444541,24.128555916905107,0.6479759399950868,85.94025920358023,0.26436781609195403
1993-05-05,0.10346308807299334,0.4754943958568415,0.4782218918023364,24.147605358028947,0.6498561247942672,85.82698837164236,0.27241379310344827
1993-05-07,0.10305524509504588,0.4737913539232607,0.475897267803194,24.168905715449434,0.6516746566999716,85.74720587589896,0.2747126436781609
1993-05-11,0.10311925976072547,0.47402266754555555,0.4760513933722975,24.164777207843677,0.6514220518080172,85.73407450903125,0.27586206896551724
1993-05-13,0.10318459628839946,0.47422891816770557,0.475457415346898,24.151413040296273,0.6508117521811139,85.80530762133121,0.28045977011494255
1993-05-17,0.10305374353996063,0.4734719435793142,0.4746993784694165,24.16232475839283,0.651573301452478,85.73082960843614,0.2827586206896552
1993-05-19,0.102970443044594,0.47253664388755456,0.4746809481293308,24.15983447380211,0.6511669246214389,85.70568444414518,0.2770114942528736
1993-05-21,0.10242937189302675,0.4715428279869613,0.4733895043506929,24.178517215134573,0.6524918568844218,85.71939289795189,0.27586206896551724
1993-05-25,0.1024635429408918,0.4720279370021707,0.4737456667334856,24.179006004885807,0.6522365429819621,85.72404052488886,0.27241379310344827
1993-05-27,0.1025342825361351,0.47200477930241663,0.4740794290276399,24.18545178502461,0.6524390898135582,85.78822765420003,0.271264367816092
1993-06-01,0.10246426422904707,0.47118234211018417,0.4732325921446529,24.18908738140023,0.6529545124716198,85.85683533120059,0.2735632183908046
1993-06-03,0.10212157116691839,0.4689163674309341,0.4711296687846156,24.21258002698605,0.6550200431817775,85.79022380782733,0.2689655172413793
1993-06-07,0.10199375564807868,0.4683352908337159,0.47078683692622547,24.220241153723126,0.6555632266707637,85.71807868263224,0.27241379310344827
1993-06-09,0.10220682029297251,0.46952064733832294,0.47147293012239644,24.211047340021818,0.6548066012772398,85.72908613055122,0.27816091954022987
1993-06-11,0.10204086210141493,0.46774166154052743,0.4696719716530426,24.22417997808272,0.6562503955820237,85.72819202762126,0.27586206896551724
1993-06-15,0.10120362932622515,0.4634828177533752,0.4653675272599487,24.277585259170316,0.660377596781522,85.6536724986024,0.271264367816092
1993-06-17,0.10119303079165076,0.46334989768552065,0.4651209328189853,24.277760533044212,0.6604590796696131,85.6509132131227,0.2735632183908046
1993-06-21,0.10120940525465001,0.4633859404179504,0.46477793920527655,24.27248795870027,0.6606036270859569,85.53302662959146,0.27816091954022987
1993-06-23,0.10060940199802393,0.45995441472734866,0.4617495487141466,24.309523422419694,0.6633771207279106,85.48621450136622,0.2747126436781609
1993-06-25,0.1005151713324908,0.4589612726849667,0.46041661659880856,24.31564519995246,0.6643503005583935,85.46734880516424,0.2793103448275862
1993-06-29,0.10061623045612463,0.45943385972556455,0.4606434030987684,24.311515827872896,0.6639168694553573,85.52136569652775,0.2747126436781609
1993-07-01,0.10060101492927385,0.4590659368178905,0.4601988567960714,24.3121225045398,0.6642239219014753,85.51230706206883,0.2770114942528736
1993-07-06,0.1005953259272019,0.4596120004578412,0.46118338768242517,24.29782634714046,0.663211561261101,85.55517517315806,0.2770114942528736
1993-07-08,0.1007474139499371,0.4604319155829201,0.4617764417568974,24.279043593956366,0.6622458169183608,85.59494725296123,0.2827586206896552
1993-07-12,0.10057667093317404,0.4597793574729785,0.4608015370946938,24.28588494276386,0.6630554215334519,85.58951028229959,0.2850574712643678
1993-07-14,0.10045694002506735,0.45918655742539544,0.46034955849246223,24.292558242812092,0.6634629522983618,85.52462600975132,0.2793103448275862
1993-07-16,0.10054518929516208,0.45890054005834535,0.4598612701571112,24.299042787333786,0.664017281300829,85.49937950705863,0.28045977011494255
1993-07-20,0.10054897381873162,0.45848465721295717,0.4595495565040902,24.30134712167941,0.6643707452239742,85.45697325416862,0.28045977011494255
1993-07-22,0.10041678670421583,0.4580734207322097,0.4591216085623579,24.30489113250189,0.6648146163255667,85.4775273239114,0.28390804597701147
1993-07-26,0.10051676908456608,0.4584210089568132,0.459135839707592,24.297767446278513,0.664509721678182,85.4884920402776,0.2850574712643678
1993-07-28,0.1001569969198357,0.4566531535803777,0.45740425947173724,24.32229770494821,0.6663165709455204,85.43062421894803,0.28160919540229884
1993-07-30,0.10026464593664099,0.4570864982699661,0.45711651318744584,24.312425718536094,0.6659413863977657,85.39490085172245,0.2793103448275862
1993-08-03,0.10025074492690804,0.4571509594222059,0.4567696549955292,24.302148293684127,0.6656989784587122,85.38892568901841,0.27816091954022987
1993-08-05,0.1002317784617233,0.4570540739132287,0.4553239734670305,24.29022657173419,0.6658120135973309,85.34464984886547,0.2793103448275862
1993-08-09,0.10014957941399444,0.4568650843617358,0.4545769962596501,24.28869626365789,0.6660249631918572,85.01854801571793,0.28045977011494255
1993-08-11,0.09856832155210912,0.4495727981315971,0.4463957896963381,24.3695514351676,0.6733284129121531,84.54029929765831,0.28620689655172415
1993-08-13,0.09659042204690887,0.44104603850092333,0.4359770447681807,24.461052183373383,0.6819546314805034,84.59460083117891,0.28620689655172415
1993-08-17,0.09645669526994992,0.44005823755266055,0.43437797027753167,24.464301214391398,0.6828874604749957,84.54727196786183,0.2896551724137931
1993-08-19,0.09646387722251257,0.4386465149038355,0.43214323958163675,24.465887570789604,0.6840998817323608,84.49061031140097,0.29770114942528736
1993-08-23,0.09646841963254077,0.43821461098881465,0.4317116693524787,24.474146135063126,0.6845947958986729,84.39727890299626,0.29540229885057473
1993-08-25,0.0965116413869331,0.43793286448778923,0.43082800434913643,24.479042670088038,0.6852055793794601,84.4291241313686,0.29540229885057473
1993-08-27,0.09648639679457399,0.43778261424965365,0.4304261852318195,24.477579097210345,0.6853167769452437,84.40623559215513,0.3022988505747126
1993-08-31,0.0962766373613037,0.43637461399954014,0.4288596701352363,24.48962373239863,0.6865577660102533,84.30634199807811,0.30689655172413793
1993-09-02,0.09621081517999927,0.43617838528839387,0.4282064810618039,24.49366126169876,0.6868772389438644,84.21296510958838,0.3045977011494253
1993-09-07,0.09618228105009767,0.4364560885727213,0.42689800418391277,24.472880373610135,0.6867347898818602,84.1695061749339,0.30344827586206896
1993-09-09,0.0962969297662183,0.436617091199716,0.42735834617483803,24.47265551499867,0.6866295958570977,84.17216167653262,0.296551724137931
1993-09-13,0.09641229084302468,0.43677654577347313,0.42709786167221536,24.465793836229842,0.6863485415449763,84.09466976216957,0.30114942528735633
1993-09-15,0.09643053195746656,0.43673923749265464,0.4273342756980333,24.459909968059765,0.6861996442893037,84.10805244220519,0.29770114942528736
1993-09-17,0.096430007819143,0.43698584401693985,0.42736420382345297,24.450299844873733,0.6857589113089037,84.11245439727439,0.29770114942528736
1993-09-21,0.09652453513174762,0.43730845461766016,0.42776262114835445,24.435776416102666,0.6848640033573256,84.14060543590176,0.29540229885057473
1993-09-23,0.09669863043083898,0.437531427475115,0.4284204843075321,24.428826372321655,0.6845505304226523,84.14678764283107,0.29540229885057473
1993-09-27,0.09651712717647568,0.4363845722125658,0.42720589776487333,24.442547328189832,0.6856264675841873,84.11268314349896,0.2908045977011494
1993-09-29,0.09643618870113013,0.435856129047761,0.4265207438859878,24.442181669960178,0.685982562299872,84.01466607096455,0.296551724137931
1993-10-01,0.09620155592504717,0.4350397293397294,0.4252286001599209,24.444617328117253,0.6867012518174771,83.95728484532488,0.296551724137931
1993-10-05,0.09587423426134876,0.4334608923446086,0.42380859553933387,24.463504627942175,0.6882610166460147,83.79747546120136,0.29770114942528736
1993-10-07,0.09535322269540751,0.4320943204908562,0.4216176402305964,24.47626532956194,0.6897682192503202,83.78963761024028,0.2896551724137931
1993-10-11,0.09534346325574701,0.4326204107952949,0.42203793035294834,24.463252413721882,0.6891075302891527,83.74820630146503,0.29310344827586204
1993-10-13,0.09525869978537384,0.4308086420495213,0.4200090490482038,24.473380892825272,0.6906475999591057,83.68463417292234,0.29310344827586204
1993-10-15,0.09536996198803888,0.42913474158469694,0.4190152217540089,24.50130117696339,0.6920823940138229,83.60509171522554,0.296551724137931
1993-10-19,0.0951514634212211,0.42744144688646324,0.4175816143788199,24.52050350385436,0.6937739547875303,83.52918035652579,0.2988505747126437
1993-10-21,0.09502411632001626,0.42618619133549496,0.4162148485192224,24.529248347475004,0.6948317538000491,83.46794062371727,0.3045977011494253
1993-10-25,0.09501724396339845,0.42556103025623343,0.41580111806557546,24.530386121206565,0.6951307476441249,83.40172235367987,0.3
1993-10-27,0.09494068323326928,0.4243704034803932,0.41466578172649904,24.536484721166826,0.6960013428927775,83.36663438890756,0.29540229885057473
1993-10-29,0.09490412345098595,0.42414928352385395,0.4137481319343273,24.52368711602163,0.6961332101319054,83.32436588234349,0.29770114942528736
1993-11-02,0.0949254371894066,0.4235975771918154,0.41373057879459546,24.53601267770349,0.6966030916226114,83.2589989100197,0.29770114942528736
1993-11-04,0.09531797099393158,0.4252063955615986,0.41581677773220316,24.530793993752926,0.6946162303970665,83.33126145844605,0.30344827586206896
1993-11-08,0.09291587353299748,0.41255271137870414,0.4014298858698859,24.640302534196934,0.706604668379501,82.5112108975069,0.30344827586206896
1993-11-10,0.0923507705825998,0.4094549022777549,0.39807008170247277,24.670167913473406,0.709797833065273,82.25926188402171,0.30344827586206896
1993-11-12,0.09242034351808037,0.4096218682946904,0.3988172538902567,24.6696928277972,0.7094828688017024,82.21054590910634,0.3045977011494253
1993-11-16,0.09220894824256473,0.40784125346842537,0.397145951527467,24.681783761091246,0.7108281879238642,82.16114671461125,0.3
1993-11-18,0.09217140255849415,0.40763082021606156,0.3970877538991071,24.676976339528267,0.7108628010096257,82.1434147560597,0.3080459770114943
1993-11-22,0.09204644592378339,0.4071293976697912,0.3967524129336659,24.680240703033785,0.7113637125937616,82.10262347269922,0.3045977011494253
1993-11-24,0.09215612935882225,0.407607328760216,0.3974449842687358,24.674607378393777,0.7109495318631527,82.06923442356086,0.3103448275862069
1993-11-29,0.09210042630954528,0.40753449721984536,0.3974085838766672,24.669802873445114,0.710876151803228,82.0386597166327,0.31264367816091954
1993-12-01,0.09211568853132447,0.40802990793695904,0.39780481173681564,24.661797096143193,0.7103395822557652,82.05716890619851,0.3160919540229885
1993-12-03,0.09194577713413478,0.4070485227175794,0.396847662200662,24.6755979874123,0.7113294755362458,81.89677936016754,0.31494252873563217
1993-12-07,0.09171075219405836,0.40607730220152843,0.3960580329255086,24.68638821289536,0.7121796656368977,81.86320860258265,0.3114942528735632
1993-12-09,0.09166434821455931,0.40587106158629993,0.3954286926551934,24.67976318383502,0.7122351785524261,81.86149326062613,0.31264367816091954
1993-12-13,0.09145649360433616,0.40535325670727457,0.3944826186080597,24.674098358256717,0.7125345725439511,81.07713615276772,0.3057471264367816
1993-12-15,0.08932792889572656,0.3960482135053331,0.38529346591249575,24.760952717953128,0.7207950508310973,80.90432198478939,0.3045977011494253
1993-12-17,0.08886811002828844,0.3947599239609281,0.3832010440385231,24.781715526337805,0.7224020508161809,80.6752812503746,0.2988505747126437
1993-12-21,0.08726480775203703,0.3877816328335604,0.3772943084121892,24.853448610665687,0.7288264830483387,80.60523808916004,0.2896551724137931
1993-12-23,0.08713526297888806,0.3881678285662023,0.3779940160688605,24.853948839367,0.7283454449824945,80.65698896325391,0.296551724137931
1993-12-28,0.08720986274957657,0.3898537487878059,0.37913492214556027,24.827422178577383,0.7267262351156647,80.73550164741883,0.29770114942528736
1993-12-30,0.0871128254529721,0.39064331598029894,0.38050152729541264,24.82641495677695,0.7260223835440764,80.81268205897847,0.296551724137931
1994-01-03,0.08704763401724358,0.3901854169661887,0.37945976203878784,24.80775012453462,0.725775573714686,80.59760704053657,0.2988505747126437
1994-01-05,0.08618187096135696,0.3867070825145375,0.37650342601206416,24.86246145657024,0.7295185797134619,80.56076896098033,0.2735632183908046
1994-01-07,0.08624381533768077,0.3896437312223522,0.37976615294108373,24.88256242070263,0.728500288958941,80.6553716839947,0.2735632183908046
1994-01-11,0.0859820264613482,0.38947086886780063,0.37873074916237953,24.892225081308663,0.7288552785699824,80.50761615714916,0.28160919540229884
1994-01-13,0.08547350587404252,0.388042209160885,0.3768666892312915,24.911129262088856,0.7303747914962435,80.45500466462126,0.2908045977011494
1994-01-17,0.0855365440218389,0.38884634269054646,0.37772382214536343,24.89642589915703,0.7294112990234477,80.52923221751637,0.29540229885057473
1994-01-19,0.08520506489640145,0.38730064448173485,0.37646971271117774,24.90286165250639,0.7302416265264802,80.47695432703057,0.29195402298850576
1994-01-21,0.08505981414980862,0.3877573191325204,0.3765421026154939,24.899139425107798,0.7301432475640646,80.50783211329751,0.2885057471264368
1994-01-25,0.08475600634291344,0.3870014603223147,0.37514906827961836,24.90890017138595,0.7306417559953012,80.4096370604828,0.2908045977011494
1994-01-27,0.08476799056247578,0.3869435923883812,0.3749796765951387,24.909157231471823,0.730418603043947,80.40547742288514,0.2885057471264368
1994-01-31,0.08472762590796454,0.38664492893084484,0.37483365695836857,24.91076983518827,0.7306077574192229,80.38214684187982,0.29195402298850576
1994-02-02,0.08453120860841859,0.38577878774311075,0.37421796142562125,24.91552774015337,0.7310945217413586,80.29785898661106,0.2942528735632184
1994-02-04,0.08578131924376066,0.39346581954343984,0.38123240402158476,24.86068448286211,0.7247572435494605,80.73044358602776,0.2896551724137931
1994-02-08,0.08566022101769283,0.3930868254871604,0.38102732487719443,24.860564375188833,0.7249436177157247,80.60661713933148,0.29540229885057473
1994-02-10,0.0851114624994776,0.39038856220834783,0.37835194734685806,24.882587689805852,0.727204628668829,80.63934669849813,0.29195402298850576
1994-02-14,0.08500515996573374,0.3898204772957063,0.3778375177703312,24.890211290764643,0.7278470570329297,80.52159118577133,0.28735632183908044
1994-02-16,0.0849078745323423,0.3895764041315647,0.3774824927462972,24.898336368605026,0.7279681512550358,80.49196260644943,0.2885057471264368
1994-02-18,0.08502002454480935,0.3902197089969579,0.377819764196562,24.896229840861675,0.7276559960994149,80.50976568317262,0.2942528735632184
1994-02-23,0.0849801461283751,0.38981785296937516,0.3774423813426351,24.906295982406025,0.7280683650961056,80.43845008713929,0.2896551724137931
1994-02-25,0.08516110793548885,0.3906876502726299,0.3779632188421394,24.899259942889653,0.7275542377839115,80.65516505112056,0.2827586206896552
1994-03-01,0.08520906932011393,0.3909915267536642,0.3777434133244455,24.898103840492443,0.7273936849202614,80.63956676546321,0.28160919540229884
1994-03-03,0.08510706872169893,0.39031804511829593,0.37752151519769095,24.904302386093626,0.7278843419487142,80.5540249845471,0.27816091954022987
1994-03-07,0.08525701863424491,0.39071961465661836,0.3780718951467794,24.90423842384438,0.7274353657989205,80.54818174928398,0.27586206896551724
1994-03-09,0.08511901311927896,0.390780996259848,0.3776017754438232,24.89971478274682,0.7274828550688067,80.61415131459474,0.2770114942528736
1994-03-11,0.08523955495425807,0.39177197687508797,0.3784809672262382,24.887064470413186,0.7265828436522926,80.70471088669629,0.27816091954022987
1994-03-15,0.08518632698737505,0.391294071811703,0.37793349212988553,24.89444652519716,0.7270494148615404,80.68101485051407,0.2793103448275862
1994-03-17,0.08528220879878746,0.3914999032163649,0.3780615405975447,24.894826942709994,0.7269036115332589,80.56231500834815,0.2827586206896552
1994-03-21,0.08504491787285107,0.3904651349938093,0.37623411725676814,24.903883502064954,0.7278836095887027,80.6287652100107,0.28620689655172415
1994-03-23,0.085041932325177,0.3904577492804901,0.3759500254453666,24.896900663514447,0.7277829377623686,80.58586378165519,0.28390804597701147
1994-03-25,0.08525821955448039,0.39206778785342816,0.3779066132767649,24.880206426113162,0.7263045323587678,80.6214547422663,0.2827586206896552
1994-03-29,0.0852312267047705,0.39184757101199735,0.37832538283213774,24.876097864046834,0.7259867337318252,80.54163236647433,0.27241379310344827
1994-03-31,0.08477274581845266,0.38981524487076163,0.3762111965842918,24.897455350295424,0.7279591760884855,80.59924632980317,0.27816091954022987
1994-04-05,0.08662607125802245,0.40020612055308763,0.38534058845270397,24.79978631551676,0.71892114591846,81.34238715678978,0.267816091954023
1994-04-07,0.08591932562118947,0.3967821624225322,0.3817558481304407,24.83025340076996,0.7226912283164885,81.26874456355608,0.25517241379310346
1994-04-11,0.0854938701147631,0.3954794011073846,0.3804559314588101,24.859663293324438,0.7242356936281784,81.33428838916423,0.25057471264367814
1994-04-13,0.08566556035187059,0.3964848450181336,0.38146315127242936,24.834755210710558,0.7231013688818017,81.37728943691654,0.2540229885057471
1994-04-15,0.08555395329731982,0.3968281685720642,0.38120572158692323,24.821934336932816,0.7225350347513716,81.33802118531652,0.25057471264367814
1994-04-19,0.08583920427869764,0.39792661976745064,0.3819203137903187,24.803614328815467,0.721349757847674,81.37105525568025,0.26091954022988506
1994-04-21,0.08614101796937382,0.3972632050257547,0.38273758696562266,24.798888406657255,0.7212375223269649,81.37962975882604,0.26091954022988506
1994-04-25,0.08628355039982988,0.39735982957023613,0.3824377227176282,24.798060623178827,0.7214951488069244,81.36170394153477,0.25287356321839083
1994-04-28,0.0863721620755205,0.3976275689002258,0.38233273103366694,24.784046960879493,0.7212424278389696,81.39592860333633,0.25862068965517243
1994-05-02,0.08646841025021787,0.39757619038236974,0.3826242681163241,24.78942298711517,0.7212747989508967,81.40750475474482,0.2597701149425287
1994-05-04,0.08637390335049114,0.39681297909675145,0.38180766873176303,24.792348029393246,0.7218856802272333,81.36673723453933,0.2597701149425287
1994-05-06,0.08645698465711132,0.3970884985058382,0.38194414750813044,24.794991048763663,0.7214339224112086,81.32554070920348,0.25517241379310346
1994-05-10,0.08679057274612251,0.398588706071552,0.3832137743876788,24.781303339043397,0.7200967818335631,81.43530079011921,0.2597701149425287
1994-05-12,0.08701372288093404,0.399639382749732,0.3842988950140052,24.773023924636043,0.7191905985246073,81.56219419392988,0.2540229885057471
1994-05-16,0.08692635545103672,0.3987140412497208,0.383525983434506,24.78180240544883,0.7200793341542627,81.63204086113504,0.2574712643678161
1994-05-18,0.08717653941284882,0.4003839726544162,0.38476498561571604,24.7785706025282,0.7195482707361361,81.75368837621247,0.25862068965517243
1994-05-20,0.08713679745779036,0.4007680074000324,0.3844341286907995,24.767920296115385,0.719099604193967,81.83810957955156,0.26091954022988506
1994-05-24,0.08707561500213468,0.40111357031303935,0.3847442936764423,24.76824694274213,0.7185922303387767,81.834400803401,0.2620689655172414
1994-05-26,0.08706959342962377,0.40125771478973166,0.38507577728555686,24.778578384586556,0.7185856479430761,81.8444652987476,0.2655172413793103
1994-05-31,0.08711170683208992,0.4019729638257377,0.3856361978960873,24.770267136031837,0.7180169389534965,81.79283215716444,0.2689655172413793
1994-06-02,0.08671604346140328,0.3998600348496374,0.3828902126471428,24.791239887880455,0.7201827844954173,81.77310997688066,0.26666666666666666
1994-06-06,0.08671696993322578,0.39978865169406874,0.3827308967711482,24.78782899250092,0.7201183315337266,81.76858898219506,0.26436781609195403
1994-06-08,0.08667243965644433,0.39933549599648205,0.3825104238620035,24.792884164679275,0.7203936386257641,81.45569218810904,0.2620689655172414
1994-06-10,0.0857282990336329,0.3946931469020376,0.3775160490722094,24.831655955690284,0.7243280539334677,81.45135602204378,0.25632183908045975
1994-06-14,0.0857652013627904,0.39447328587575714,0.37730653586267077,24.831228964683906,0.7246444334995251,81.49903413923565,0.2574712643678161
1994-06-16,0.0858203438492295,0.39520651167853843,0.37779184115128894,24.822862562315073,0.7240185070743977,81.57223143735506,0.25517241379310346
1994-06-20,0.08609294650782946,0.39704741457271703,0.3795753765356033,24.797206743810555,0.721913284719519,81.63051230925197,0.26436781609195403
1994-06-22,0.08597780069762184,0.3976232658650653,0.3800721366869876,24.787536643790883,0.7211398370970774,81.62411978847,0.26091954022988506
1994-06-24,0.08628399575819368,0.40067111241256714,0.38203734559301655,24.77742009949915,0.7192921834170564,81.92742664269223,0.267816091954023
1994-06-28,0.08607795158343386,0.40063321421352,0.38194614103636315,24.78067470275135,0.7194341066920059,81.90884831087524,0.26436781609195403
1994-06-30,0.08589080270203547,0.40030043157127165,0.38086418375423936,24.785768588209677,0.7198261403389442,81.93917362241275,0.25632183908045975
1994-07-05,0.08596432015202576,0.4007208464954318,0.3811642743372624,24.784722382195195,0.7196217787292024,81.88609049902259,0.26091954022988506
1994-07-07,0.08589734723261239,0.4008910923560057,0.3818931310215021,24.77640569583663,0.7193042583708548,81.95922751241828,0.25517241379310346
1994-07-11,0.08587892309990842,0.4006930097135551,0.38166103201741663,24.780697678756084,0.7196205244406109,81.92897769328819,0.25632183908045975
1994-07-13,0.08578469841644246,0.4002345971594884,0.38134433163264303,24.78430988590372,0.7200454980096089,81.79109932094597,0.25862068965517243
1994-07-15,0.0858851967687097,0.40048616997381853,0.38115118616651433,24.786329041969793,0.7198384667067255,81.87699346240052,0.26091954022988506
1994-07-19,0.08589451463277491,0.4004814488960123,0.38136332522239397,24.781369918924575,0.7196903461643399,81.75534496410094,0.25632183908045975
1994-07-21,0.08510199549716789,0.39621572631366775,0.3772887120819013,24.821100747925453,0.7236625726609925,81.60403722977162,0.2540229885057471
1994-07-25,0.08509151780054217,0.39565951306289737,0.3766853229223609,24.82572231382835,0.7242276900375257,81.56800684427863,0.2540229885057471
1994-07-27,0.08512295856700461,0.3957595195266869,0.37701326172439936,24.831694965111392,0.7242661678070037,81.52683598655409,0.25862068965517243
1994-07-29,0.08525098284008217,0.3962332366764258,0.37780324428880896,24.832610514736217,0.7238764085474586,81.61771412813314,0.2574712643678161
1994-08-02,0.08534961825339339,0.3960768675290111,0.3778368713306699,24.842667648973833,0.724130147018462,81.59304748578343,0.26091954022988506
1994-08-04,0.08531124377946898,0.3956518706861653,0.37862286261118067,24.85468141381223,0.7242417917316173,81.58240638371245,0.2574712643678161
1994-08-08,0.08528927592610916,0.3957855235790554,0.3789295861861238,24.860219522610794,0.7242569764279206,81.64540515878308,0.2574712643678161
1994-08-10,0.08533778737230058,0.3957687510695261,0.37891945825973444,24.857437346610446,0.7242237694466194,81.57665529165747,0.2597701149425287
1994-08-12,0.08529023769224695,0.39539599251250196,0.3781920455488814,24.864469613925802,0.7246024987323801,81.56453949534493,0.26091954022988506
1994-08-16,0.08473327918120473,0.39225119510592843,0.3746469246810639,24.8956092182899,0.7274819641537562,81.34946075890187,0.26091954022988506
1994-08-18,0.08469581953319764,0.39168346463879056,0.37394029191483485,24.89320927466694,0.727714393392295,81.35067555849044,0.25632183908045975
1994-08-22,0.08460427307884623,0.39167843025466825,0.37398775187365674,24.895214243266256,0.7277444725589574,81.35758244892762,0.2517241379310345
1994-08-24,0.0849867939953025,0.393529230794871,0.37568401299438353,24.88057752015422,0.7263790616819863,81.46625954634334,0.2540229885057471
1994-08-26,0.08516245020430063,0.39481667037382295,0.3766457567327086,24.87130495632614,0.7253734910616202,81.53935649351156,0.25517241379310346
1994-08-30,0.08517453710117821,0.39453874139313333,0.37611291599051666,24.874052826428812,0.7258006963279577,81.5306850867687,0.25517241379310346
1994-09-01,0.08481841778293192,0.39286544578216837,0.3743732108882501,24.88633252279214,0.7270971863653634,81.46260661059895,0.2540229885057471
1994-09-06,0.08414929572610802,0.3907015986567099,0.37227135822300245,24.913872781391632,0.7295139645879462,81.29835078979113,0.25517241379310346
1994-09-08,0.08392040508958463,0.389615019911368,0.3713460936011621,24.932431684597248,0.7308428051137569,81.39109162083541,0.25287356321839083
1994-09-12,0.08409861834299054,0.3909635483273162,0.3727734619492135,24.919265445999883,0.7293571400854078,81.48094360932095,0.2540229885057471
1994-09-14,0.08380060290475233,0.38928085942825025,0.37123166769703275,24.93647590627939,0.7307679733367747,81.41363649199094,0.25517241379310346
1994-09-16,0.08409953336374693,0.3908776092913314,0.37271794264851693,24.91537714196238,0.7290387328316495,81.48999990824473,0.26436781609195403
1994-09-20,0.08429190789630986,0.39218112690988366,0.37384928112268084,24.907810452510798,0.7277675716733893,81.63226208400847,0.267816091954023
1994-09-22,0.08433594292826745,0.3923326236065342,0.37368586598955,24.90164227408971,0.727474614951304,81.58090665885668,0.2747126436781609
1994-09-26,0.08378378259305308,0.3890391131938629,0.37061063676166434,24.92709320479978,0.7301230962582288,81.27873053477762,0.2735632183908046
1994-09-28,0.08357586401826776,0.3880114367458475,0.3696718833036958,24.937288509983304,0.7310854111507455,81.20016525554557,0.27241379310344827
1994-09-30,0.08328234518792073,0.38645826887638507,0.36786590789862683,24.954678175140025,0.7325040252242474,81.06094461378432,0.27011494252873564
1994-10-04,0.08323348739539865,0.38652641356602074,0.36739692715481626,24.966578413222017,0.732803667639314,81.12199756164874,0.27241379310344827
1994-10-06,0.08319676285048586,0.3863595699898558,0.3668815500769346,24.959607979775683,0.732827127735249,81.2019072927729,0.27586206896551724
1994-10-10,0.08328261674083005,0.3871276545400265,0.3677355984803242,24.943972812095573,0.731894928445476,81.09442502296105,0.2770114942528736
1994-10-12,0.0835564877145993,0.38870029690317986,0.3693852120247896,24.930801159118175,0.7304253763630592,81.2194372727701,0.27241379310344827
1994-10-14,0.08354220518995165,0.38910340530286464,0.3695214618224314,24.92292353056378,0.7298410086447576,81.23598916516144,0.27011494252873564
1994-10-18,0.08338266929764232,0.3889705318333284,0.3691642233637004,24.929939907372464,0.7302427318514247,81.23242425666685,0.27816091954022987
1994-10-20,0.08353448961955764,0.39014334857071264,0.37070415145215285,24.919693643591888,0.7290368758259691,81.34827521797182,0.2747126436781609
1994-10-24,0.08366481037090794,0.3908732797625076,0.37126944730235845,24.911541354743903,0.7283620247217744,81.36774535443769,0.27586206896551724
1994-10-26,0.08332522098860574,0.3893319337838682,0.3693021368633106,24.91155515884157,0.7293576869980014,81.31249893512104,0.27586206896551724
1994-10-28,0.0838397223564104,0.3923257105134598,0.3719526218229884,24.88149083188592,0.7262684485463953,81.55631773145609,0.2793103448275862
1994-11-01,0.08398415373866658,0.39308772237278033,0.373370417093469,24.889203893723415,0.725732469795818,81.67790846157241,0.28390804597701147
1994-11-03,0.08389025203919694,0.3932737848146594,0.374292728364454,24.90424793525232,0.7258391482975708,81.71972817786633,0.2793103448275862
1994-11-07,0.08408970979614559,0.39478952228882,0.375700393135872,24.88646392834192,0.7244467136881438,81.78677513125574,0.28045977011494255
1994-11-09,0.08404230104893597,0.3946481436163449,0.3757481790214748,24.886814373108173,0.7244662356364374,81.66739925405888,0.2770114942528736
1994-11-11,0.0840101671180339,0.39471712986672974,0.37559925736697514,24.88249112644461,0.7243644903862648,81.72870027134091,0.2735632183908046
1994-11-15,0.0840300880780211,0.39512549974048067,0.3763766900966498,24.869018871607985,0.7237843393766591,81.80326736860776,0.2793103448275862
1994-11-17,0.08389079998664922,0.3945919870637166,0.37548677367338645,24.871570369949332,0.7242536618771993,81.75981974080827,0.28045977011494255
1994-11-21,0.08398558586328957,0.39526790241038334,0.3762474669549473,24.873976276761898,0.7238964620563677,81.82374384948875,0.2793103448275862
1994-11-23,0.08498927557286262,0.3996301661457484,0.38126736754331164,24.840605191094273,0.7202531465721339,82.0268676548601,0.28620689655172415
1994-11-28,0.08503185268121578,0.39991650873146045,0.38141611531898556,24.83616202611105,0.7199651123126648,81.96927938576228,0.28160919540229884
1994-11-30,0.08493323457869707,0.3990028660213897,0.3804434311689899,24.83837127612072,0.7206693482820085,81.94904831094642,0.28160919540229884
1994-12-02,0.08525742882822576,0.40082504282504516,0.3820253799132847,24.82813208937488,0.7192097721216096,82.04982394039502,0.28045977011494255
1994-12-06,0.08524864574642804,0.4006269395221508,0.3818395046132289,24.82901728088002,0.7193623036224127,82.04502907339992,0.27816091954022987
1994-12-08,0.08575831528662387,0.4029685929028191,0.385044189195299,24.80666249210926,0.7171736283345553,82.17079365518427,0.2850574712643678
1994-12-12,0.0852036847841687,0.4001323794742296,0.38243619776140814,24.825277453089356,0.7195101569943054,82.10993762887875,0.2770114942528736
1994-12-14,0.08550900499011777,0.4018598857372283,0.38411637745620403,24.81217077742636,0.7181025401976948,82.20447532998779,0.2770114942528736
1994-12-16,0.08564102204901564,0.4023019917429643,0.3844406421724943,24.809499381084017,0.7175688354529784,82.23342539512237,0.2793103448275862
1994-12-20,0.08564808153835078,0.402073658894821,0.3843551815160604,24.81933327376322,0.7179194924653223,82.1973543097878,0.2793103448275862
1994-12-22,0.08575021635891063,0.4023487117931111,0.3851957286604079,24.82002081726306,0.7177348708960991,82.22140989271247,0.2850574712643678
1994-12-27,0.08587317142390855,0.40317867318003503,0.3862459643761022,24.81783251937838,0.717141098063414,82.31864129871458,0.28390804597701147
1994-12-29,0.08582779586124756,0.40327916426833865,0.386820382640551,24.822128649409034,0.7170538249271956,82.26328038184025,0.28390804597701147
1995-01-03,0.08576762450715296,0.40287920403065103,0.38631362181570045,24.818023266893366,0.7173524192792133,82.24458176538461,0.2850574712643678
1995-01-05,0.08575472587793623,0.40298156199012075,0.3860136913125628,24.815408423372904,0.7173977679559408,82.27453975009686,0.2793103448275862
1995-01-09,0.08560767709031698,0.4027072308959469,0.38539658918905156,24.82031796466367,0.7178131619460333,82.30071460965532,0.2827586206896552
1995-01-11,0.08559265083405224,0.4029079442047109,0.38521117857743525,24.813667539711243,0.7176657789061018,82.31172022012149,0.28390804597701147
1995-01-13,0.08568294563563966,0.4037969878418316,0.3861281551398597,24.805687190095217,0.7169218833971436,82.42534132704522,0.2827586206896552
1995-01-17,0.08566579454134529,0.4046123966512512,0.38704622631785063,24.790732079076243,0.7160454522728639,82.4241875159909,0.27241379310344827
1995-01-19,0.08563510683358773,0.4046816850874346,0.387471157916891,24.787026784253488,0.7157228589232391,82.47442725942872,0.2793103448275862
1995-01-23,0.0856814276351648,0.40490603749389575,0.38760784670912424,24.77354650058863,0.7153355543022372,82.42343044728105,0.28620689655172415
1995-01-25,0.08546075379962421,0.4039842827332225,0.3866183306084672,24.78525148491239,0.7161749826024306,82.31385295665504,0.28390804597701147
1995-01-27,0.08496650878081306,0.40083393002899353,0.38374730232131216,24.792947242857544,0.7183706741478115,82.16966694443654,0.2827586206896552
1995-01-31,0.0850169426785037,0.40168305732937726,0.3841291280918072,24.776618640523893,0.7174834542874168,82.2327114008434,0.2770114942528736
1995-02-02,0.08488831630795832,0.4007714298437047,0.3832763610769704,24.79344773415217,0.7184489149802314,82.28972670435743,0.27241379310344827
1995-02-06,0.08512152301269042,0.4018460223290346,0.38463350513893446,24.788900259185436,0.7171984233496571,81.57134068684555,0.27586206896551724
1995-02-08,0.08286322921537626,0.3914037793320249,0.37215436690831677,24.910477164419774,0.7270701952751303,81.55753196350588,0.2597701149425287
1995-02-10,0.08290788568043443,0.3928498622372164,0.3741345848865474,24.906496799730238,0.7262661983583867,81.71786845739172,0.25862068965517243
1995-02-14,0.08290052576914084,0.39562004553908336,0.37662098292230783,24.900903357061253,0.7244906004332284,81.65132766698608,0.25632183908045975
1995-02-16,0.08243770377685192,0.3943761342646849,0.37454873386119586,24.935300496965716,0.7260473263594963,81.74192765036702,0.25517241379310346
1995-02-21,0.0824112065486241,0.3946150815320878,0.37469757843584794,24.927273494692216,0.7256409255629817,81.68110667171426,0.25862068965517243
1995-02-23,0.08190868306107713,0.3922669352629522,0.3724298385676469,24.95053978047302,0.7273801874249632,81.65546490235768,0.26436781609195403
1995-02-27,0.08204938376368213,0.3935155544635974,0.3734309822586691,24.9429043071401,0.7264235122819509,81.42647488273174,0.2689655172413793
1995-03-01,0.08162909592541119,0.3913917672012724,0.3711204331692536,24.961812889344678,0.7288162185681885,81.48489661928602,0.2689655172413793
1995-03-03,0.0816038559334054,0.3915576351360632,0.37091360349127783,24.949720638296235,0.7285285227647318,81.35451490912287,0.2655172413793103
1995-03-07,0.08147212872633183,0.39063717000385056,0.3697010382731569,24.938322836485355,0.7287449330737076,81.48123964348623,0.27586206896551724
1995-03-09,0.08132197173704032,0.39024999600925436,0.36905058271355057,24.944627207838558,0.7292239586278886,81.4607505196675,0.27241379310344827
1995-03-13,0.08148928256402793,0.3908916932523143,0.37024381454189076,24.946047502573233,0.7283967932762007,81.55768184017182,0.271264367816092
1995-03-15,0.08150974171962505,0.3910443133944148,0.37039489991607744,24.948910088695268,0.7281559872136304,81.59242431036033,0.267816091954023
1995-03-17,0.08146061546047872,0.39096412481149956,0.37024531883328365,24.947101565057356,0.7280299157258299,81.43621913764675,0.27011494252873564
1995-03-21,0.08138440240734084,0.39053664146824046,0.36993913211288315,24.948737281927368,0.7283077369073734,81.4577565758894,0.26666666666666666
1995-03-23,0.08132206841934103,0.3910475759985506,0.371410698367883,24.95262596412103,0.7277010889193972,81.47468424818535,0.2747126436781609
1995-03-27,0.08017725496423525,0.38752096713650735,0.36907366876174724,25.05841565148964,0.731674150872857,81.15212512542227,0.2735632183908046
1995-03-29,0.08006558999720158,0.38858408425111646,0.3701333083849323,25.0596478374328,0.731054844605479,81.20580555551682,0.28045977011494255
1995-03-31,0.08010697077283589,0.3887641976681062,0.3697537561986075,25.03643654005056,0.73044378574386,81.0372875769381,0.28390804597701147
1995-04-04,0.07974999475360475,0.3870522360540118,0.36766375689281117,25.03370199625907,0.7314211739668297,81.00599361765411,0.27241379310344827
1995-04-06,0.0797471958980376,0.38737860638708016,0.3682137767340929,25.037172880278007,0.7312214124957056,81.07034287971575,0.2793103448275862
1995-04-10,0.07970015107639372,0.38861878120867344,0.3690157647095336,25.020832733464783,0.7302444070212135,81.0737239076038,0.27011494252873564
1995-04-12,0.0796589144390004,0.3893296631657885,0.36932797638528464,25.00754220463548,0.72975099681466,81.12674047975297,0.271264367816092
1995-04-17,0.07962742237194412,0.3898201678856661,0.3700276271692522,25.0023947745679,0.7292555105476038,81.22753411239755,0.2747126436781609
1995-04-19,0.07944961525898023,0.38946375055325033,0.36941215851578146,25.001650741448348,0.729715514946695,81.25089076271992,0.27586206896551724
1995-04-21,0.07950410210800436,0.3905654111404162,0.37036723450298487,24.983908419385127,0.7284536476885443,81.27970530766198,0.2827586206896552
1995-04-25,0.07962489954279367,0.3914398916765088,0.3713860181860815,24.984702904844855,0.7280062958248862,81.37793977858914,0.2770114942528736
1995-04-27,0.07955596630297432,0.39155364082342886,0.37121286766593653,24.981933221782757,0.7279564907566792,81.39787796970661,0.27241379310344827
1995-05-01,0.07956359671105866,0.391421914725313,0.3714779094939992,24.99170586999056,0.7281789419670937,81.36729810314169,0.2770114942528736
1995-05-03,0.0796778122089204,0.39218377259573584,0.3723255561349959,24.977272896139414,0.7271910943158539,81.42397216245057,0.2747126436781609
1995-05-05,0.07947640026573917,0.3910723305337666,0.37235752583465564,25.012146588398107,0.7286789411901728,81.3732578970694,0.267816091954023
1995-05-09,0.07958962198678912,0.39205247249452363,0.3730757589732171,24.997112746419123,0.7277043737316778,81.37721719418892,0.27011494252873564
1995-05-11,0.07917250857210466,0.3898312746110153,0.3714573410439157,25.04754854325331,0.7306158940191012,81.13363464558822,0.25862068965517243
1995-05-15,0.0790834273612366,0.3883296263104379,0.3697806463863842,25.050650829063997,0.7316937135089495,81.07814592708463,0.26666666666666666
1995-05-17,0.07905268181156148,0.3879142645540611,0.3697136047175958,25.066041097035274,0.7322073300904971,80.9349691529013,0.2747126436781609
1995-05-19,0.0793881110847209,0.39053878001722303,0.37255795904876643,25.04896933982752,0.7299829799441293,81.09533669839782,0.271264367816092
1995-05-23,0.07954167919273508,0.39140012676804237,0.37341151867927125,25.05272594018761,0.7295638043182856,81.13489271778847,0.27816091954022987
1995-05-25,0.07954674923339096,0.3913160344677915,0.37348361227497656,25.0460539097855,0.7294080319177197,81.10155143456811,0.271264367816092
1995-05-30,0.07949591684608703,0.3907214863965331,0.372822809986812,25.041047379519547,0.7297780219399842,81.11832444535314,0.2620689655172414
1995-06-01,0.07973503450303376,0.39190442126737085,0.37416717279388406,25.02892515574393,0.7283831058367088,81.37933140659287,0.271264367816092
1995-06-05,0.07985180511422385,0.3929940417374301,0.37494668265163233,25.015379099767554,0.7276075448971443,81.34378273107207,0.2689655172413793
1995-06-07,0.07987108206103122,0.3940266824993933,0.3757539920854749,24.994110975105876,0.7265050482378365,81.39848474390564,0.27586206896551724
1995-06-09,0.07996700850225663,0.3948672313126244,0.3767306528978725,24.991282943968276,0.7257510782386043,81.362103089493,0.2689655172413793
1995-06-13,0.07996478204309684,0.39475016895008064,0.37683327280073486,24.993558351719063,0.7255850917584146,81.46410906227874,0.2620689655172414
1995-06-15,0.07993085741063952,0.39541531490271736,0.37737953832439475,24.984739429890702,0.7251354432550666,81.46003812026484,0.2655172413793103
1995-06-19,0.08002857243759871,0.39586371366661405,0.37846544290879436,24.98935616449927,0.7247471168982264,81.42267202172337,0.26091954022988506
1995-06-21,0.07973403041612775,0.39422704185183105,0.37649543777980626,24.9978134447142,0.7260466481371513,81.365273313101,0.2655172413793103
1995-06-23,0.08004110975242651,0.39604577039953864,0.3785368641711657,24.989205138238976,0.7243541869876711,81.42130777731785,0.2574712643678161
1995-06-27,0.08006326933619426,0.39578897194224116,0.3780898205008077,24.994889091482644,0.7249860211926773,81.4330302472802,0.2540229885057471
1995-06-29,0.07989024150170022,0.39533349391934336,0.37769664248516327,25.002211384181297,0.7254867044403005,81.379956042833,0.2482758620689655
1995-07-03,0.0799812202657598,0.395495605267917,0.37804263869811483,24.998457558038496,0.7252034238120829,81.42869663223898,0.2471264367816092
1995-07-06,0.0803081762512385,0.3965257582834866,0.3788997913972452,24.98417178468019,0.7244535795085094,81.47969532504024,0.24022988505747125
1995-07-10,0.0803062422629772,0.39456577163512835,0.3783439003543568,24.98276951999776,0.7250607543775057,81.4548319445385,0.2471264367816092
1995-07-12,0.0805330240435561,0.3957770229528963,0.37973536651224366,24.96404060711622,0.7239598297378316,81.52439059699915,0.24942528735632183
1995-07-14,0.08046375852021818,0.39530433236900103,0.3792298619626533,24.96852198587819,0.7245006986546861,81.45954798884082,0.24597701149425288
1995-07-18,0.08059307051105563,0.3957758330524611,0.3804811745042521,24.961311253290127,0.7241617129843979,81.4588706777319,0.2517241379310345
1995-07-20,0.08147199039670004,0.39998836777578195,0.3854326927648278,24.899919949569792,0.7202127206934559,81.76214091604452,0.24482758620689654
1995-07-24,0.08141426943232977,0.39932024664823884,0.38566969164632775,24.908270377903627,0.7206953310616004,81.73885299856016,0.24942528735632183
1995-07-26,0.08150055829992814,0.3992378805400183,0.38622642437903826,24.91129569762642,0.7206376637389068,81.74032814706597,0.24942528735632183
1995-07-28,0.08160804855895026,0.39955819796874464,0.38809350637390855,24.921306803905985,0.7200628150786474,81.793243343814,0.2517241379310345
1995-08-01,0.08150973615464586,0.3987643310653061,0.3875836316062566,24.9259705070922,0.7206020821703091,81.73005980867286,0.25517241379310346
1995-08-03,0.08150819642710778,0.39844814549447755,0.38766624737081523,24.93273510955961,0.7209644836790756,81.70857158485245,0.24942528735632183
1995-08-07,0.08148957383616622,0.39796182568702493,0.3869728285429739,24.930139574541432,0.7212716846217239,81.73496024611342,0.24942528735632183
1995-08-09,0.081349947687752,0.3983162793052763,0.3877231998778068,24.930385159909374,0.7209951443769844,81.69740131181693,0.24367816091954023
1995-08-11,0.08119071971106048,0.39915591332976197,0.39001712501556485,24.928090472256212,0.7200404979669024,81.80044062477,0.2471264367816092
1995-08-15,0.08132648283554371,0.4001035362632693,0.39116184959578126,24.918996855925688,0.7192215386796059,81.70862872179607,0.24482758620689654
1995-08-17,0.08102716022174283,0.39846218281968676,0.3902452383929833,24.931420687714848,0.720228909573157,81.71158042555602,0.24367816091954023
1995-08-21,0.08101924630111036,0.3982195671459161,0.3901077832192272,24.931516121134187,0.7204471978810686,81.6991052619341,0.24597701149425288
1995-08-23,0.08096166114402537,0.3981897802021127,0.39032524546984604,24.9314798908352,0.7203945786611113,81.72809149479002,0.23908045977011494
1995-08-25,0.08096697373620917,0.3983662979388786,0.39036378147908835,24.922760284470534,0.7200572817095474,81.73663509824588,0.23793103448275862
1995-08-29,0.08074770508689386,0.39674002319806506,0.3907403417672283,24.95222370785222,0.7212530134337699,81.62746048709852,0.23908045977011494
1995-08-31,0.08057281399082439,0.39612494530498304,0.38997031126646836,24.95765859792732,0.7217626356853922,81.67658947901855,0.24597701149425288
1995-09-05,0.08062939253150793,0.3963497293331277,0.3907638647157154,24.95383437747772,0.721593098972377,81.70152252330477,0.24942528735632183
1995-09-07,0.08052600898094966,0.396230994373294,0.39008278388696843,24.957312963657614,0.7218424269018876,81.66654813646868,0.25057471264367814
1995-09-11,0.080583687108496,0.39650526307201284,0.39079024377938903,24.963234253447105,0.721777187655692,81.66727925011553,0.2540229885057471
1995-09-13,0.08043474339363547,0.3954107258169394,0.3894291771708849,24.975705245973817,0.722980382796195,81.49179323683978,0.25287356321839083
1995-09-15,0.0802884253027794,0.39448812596103483,0.38795553485433876,24.98398389178405,0.7238080209799698,81.45490443375756,0.25287356321839083
1995-09-19,0.08017423399571702,0.3934793549199751,0.3871457142065295,24.994600512828224,0.7247458623414653,81.3874877504617,0.24597701149425288
1995-09-21,0.08020912938562534,0.393509410689798,0.3874935790056322,24.99820602294573,0.7247011609308833,81.45260803054667,0.23563218390804597
1995-09-25,0.08021559450381195,0.3932196300703762,0.38727882675189435,24.997865822686403,0.7248198567011604,81.41758609217547,0.2425287356321839
1995-09-27,0.08027563840169685,0.3935732590613081,0.38790095798902524,24.9907840887699,0.7242788725164002,81.45481599962919,0.2425287356321839
1995-09-29,0.08039659233076976,0.39385823752448923,0.3887607660968675,24.981584435070015,0.7238334046016672,81.48131058851355,0.24482758620689654
1995-10-03,0.08051220011898809,0.3941204095917361,0.3895576342980531,24.9705445939738,0.7233317485171874,81.50799066597594,0.2517241379310345
1995-10-05,0.08056051833001068,0.39466591360391284,0.3915695634962482,24.954084332177157,0.7221138929472055,81.57571960006125,0.25632183908045975
1995-10-09,0.0805178927593115,0.3961655572548659,0.3941025082432058,24.92153706333251,0.7207404936033504,81.65488770342795,0.24942528735632183
1995-10-11,0.08048182170403441,0.39656180223724824,0.3946848695790957,24.914967723265313,0.7202412173503073,81.70395288742233,0.2413793103448276
1995-10-13,0.0806223483458525,0.3979499265873571,0.3961652395787738,24.884365445198018,0.7184767671983348,81.69982892649007,0.25057471264367814
1995-10-17,0.0806409069393443,0.3981615073527253,0.39633383095293434,24.890521725181063,0.718738768095531,81.69542313169958,0.25057471264367814
1995-10-19,0.08063475847548614,0.39779500894030245,0.3954918412973393,24.880751269469226,0.7186029471920938,81.6487285364111,0.24942528735632183
1995-10-23,0.08065195907849969,0.3981316769299061,0.3965043552111364,24.886607770415644,0.7185718028506112,81.6957932783105,0.24942528735632183
1995-10-25,0.08076912398187804,0.39836778611513435,0.39704583755827283,24.897295195892053,0.7187080405663749,81.56961080930482,0.2517241379310345
1995-10-27,0.08050234372240343,0.3974590854948208,0.39505923691411615,24.916992012159184,0.7203137717870143,81.66653179231092,0.25287356321839083
1995-10-31,0.08049906715981239,0.3982355260221862,0.39740028090698715,24.938859417071257,0.7201032577860363,81.63578971073478,0.25517241379310346
1995-11-02,0.08071684768869498,0.398106884904706,0.39790668532021306,24.94713638219792,0.7200601275327204,81.59115439210778,0.2620689655172414
1995-11-06,0.08059824988670651,0.39795063997254376,0.3977525186701944,24.944655769043756,0.7200760733474696,81.55573937525693,0.26666666666666666
1995-11-08,0.08066507884332591,0.39838902982166313,0.39800814023560255,24.94093062945059,0.7197807520689335,81.71035521950971,0.27011494252873564
1995-11-10,0.08058467946204159,0.3980982476155549,0.397389972378334,24.934663741499577,0.7199491048721368,81.71516070049884,0.26436781609195403
1995-11-14,0.0803347156390062,0.3962405386463684,0.3953762185260455,24.944608409922886,0.7214538732195134,81.5820093203578,0.2620689655172414
1995-11-16,0.08038059823116511,0.3965430949665047,0.395147875742449,24.95251173565311,0.7213099071518966,81.69083103099865,0.25862068965517243
1995-11-20,0.08041537910623804,0.39668857880111175,0.39558974088589577,24.953102392601355,0.7214184114456001,81.71115504650805,0.25862068965517243
1995-11-22,0.0804256184359187,0.39553818406998825,0.39463982182959456,24.96218959327728,0.7223370293863307,81.67629654981437,0.25862068965517243
1995-11-27,0.08041124505440757,0.39601117151990906,0.3947765818612938,24.94948823571344,0.7218207956209084,81.70183198371772,0.25632183908045975
1995-11-29,0.08051387035287763,0.3962088856851332,0.3949210414843935,24.93999996607498,0.7217498659173088,81.76946496805827,0.25517241379310346
1995-12-01,0.08055576722246513,0.3962668083408856,0.39514358791959153,24.947445036541286,0.7219589032392467,81.77609334976599,0.25517241379310346
1995-12-05,0.08075137586443952,0.39724021001381576,0.396035500053512,24.944650174908737,0.7213783991073339,81.78987424856282,0.2574712643678161
1995-12-07,0.08076515783925631,0.39764581542270316,0.3963386493216606,24.931910682478332,0.7206306950935325,81.83740736506545,0.2540229885057471
1995-12-11,0.08065140999139435,0.39671959179829996,0.39528073858623347,24.937687933313295,0.7213366443667336,81.75095501754446,0.2540229885057471
1995-12-13,0.08074352698266274,0.39684240330151216,0.3953905714212016,24.93836515720954,0.7212894778887993,81.76001466001237,0.25057471264367814
1995-12-15,0.0807805371905881,0.39628887836340904,0.39526550560596296,24.93714359818456,0.7216680452518464,81.68162535406518,0.24597701149425288
1995-12-19,0.08170279087522032,0.4003305571121756,0.39971584318629694,24.883290518534356,0.7180962704451641,81.9754621429485,0.25287356321839083
1995-12-21,0.08180198897826375,0.3992796346154325,0.3985907566935689,24.89237160485471,0.7188019556439362,81.97895049811468,0.2540229885057471
1995-12-26,0.08179773567526175,0.3998597936028211,0.3996098645158303,24.902262134902347,0.7187653448718838,82.07750762129454,0.2517241379310345
1995-12-28,0.08175360615410175,0.40109292402234037,0.4001153973807558,24.87950026387263,0.7175904190407044,82.13497833668615,0.25517241379310346
1996-01-02,0.08204606472464103,0.4024786576715152,0.40132848355789214,24.864367735640446,0.7166327831465774,82.15811476270765,0.2540229885057471
1996-01-04,0.08193903179315694,0.4011190333774033,0.40031314636797627,24.876620983299347,0.7179084068263301,82.10237801083021,0.25287356321839083
1996-01-08,0.08197071876713041,0.4007342150934633,0.3999903160124728,24.882693027181624,0.718289062138521,82.03999779537104,0.25287356321839083
1996-01-10,0.08313847751793382,0.4067759259813946,0.40656631987921277,24.81264748728466,0.7126338659249823,82.37839319970853,0.2655172413793103
1996-01-12,0.08324663507433791,0.4076617364152842,0.4077207301936555,24.789465342258765,0.7116388950072711,82.42581770852162,0.27011494252873564
1996-01-16,0.08340536804786598,0.40777944713395914,0.4082908492935901,24.775960462760537,0.7111588704712453,82.5092218162147,0.27586206896551724
1996-01-18,0.08342531840634464,0.40632211741184987,0.4070021251870353,24.805892263823143,0.713108045917471,82.45655471285818,0.271264367816092
1996-01-22,0.08351814793444587,0.40596057631744636,0.40658743691578,24.799934132026706,0.7136580134580307,82.46422803103,0.27011494252873564
1996-01-24,0.0835801021104903,0.40606565906673586,0.4068476943589214,24.805058873164004,0.7136563754123804,82.46073885342695,0.2689655172413793
1996-01-26,0.08361391610013243,0.40624508878786036,0.40707688877924675,24.803383757193306,0.7134908590141148,82.46977096118653,0.2689655172413793
1996-01-30,0.08238637419379484,0.3980784427688509,0.4002051624297702,24.879444332233454,0.720244237996065,81.86649734166495,0.2655172413793103
1996-02-01,0.08257766942218692,0.3986156170318227,0.4001275412284506,24.878081825078393,0.7201225059795217,81.96077301622569,0.2632183908045977
1996-02-05,0.08254806441825263,0.3986991427616734,0.4000279014511959,24.865681476928643,0.7198502752526363,81.96138027984348,0.2655172413793103
1996-02-07,0.08268559930725534,0.39871903619968724,0.4000169163107414,24.873288631327696,0.7199573534770999,81.84041040763115,0.2632183908045977
1996-02-09,0.08274970139402309,0.399029255803794,0.39990704738473676,24.87208064193799,0.7196622973911729,81.84913976233139,0.26436781609195403
1996-02-13,0.0826771192870191,0.3981708683948122,0.39964389339411976,24.882207710973795,0.7203075810316546,81.81777792983418,0.267816091954023
1996-02-15,0.08263931328853105,0.39780303348109963,0.3990255980398125,24.878937983970904,0.7204453211866761,81.53553386188453,0.271264367816092
1996-02-20,0.08242884885281357,0.39676872412835434,0.39774660277693086,24.887305277168778,0.7212539838701241,81.73242517889773,0.27816091954022987
1996-02-22,0.08328951557549116,0.4009666652585341,0.402537149161292,24.849016416861847,0.7182055179106279,81.95701940359862,0.27816091954022987
1996-02-26,0.08347727063578435,0.4021518847939664,0.40356214181269795,24.83456169414599,0.7168562350337064,82.07072467822384,0.27816091954022987
1996-02-28,0.08329360731772868,0.4019528373383145,0.4028586277804298,24.832394181612962,0.717173418457202,82.12556951608325,0.2747126436781609
1996-03-01,0.08337793214993992,0.40140521585255573,0.40208070552027453,24.837120654515484,0.7176801453436275,81.99640252692758,0.27816091954022987
1996-03-05,0.0836580988213334,0.40203779880509866,0.40251209815409456,24.82696500021547,0.7166917488500963,82.05583237402607,0.26666666666666666
1996-03-07,0.08367437683305437,0.40186820115741073,0.40231597950098347,24.830018663763497,0.7168567572535436,82.03886118032204,0.27241379310344827
1996-03-11,0.08602908878280639,0.4149502161803219,0.4137785810138049,24.711440318932315,0.7058969335454999,82.65100020732707,0.25632183908045975
1996-03-13,0.08592095357478281,0.4132623148449416,0.41284572841851724,24.72542626789276,0.7070178566117263,82.62497654684681,0.26666666666666666
1996-03-15,0.08595055097903669,0.41303425171339697,0.41296508774675056,24.726658228515387,0.7071315979057493,82.44702305465067,0.26436781609195403
1996-03-19,0.08612980716569604,0.4124109250853748,0.4122939411723641,24.736284917999974,0.7074021164892672,82.52003784087837,0.2770114942528736
1996-03-21,0.08508011904552076,0.4060126576296655,0.40558636841103457,24.80499703220883,0.7130322839230824,81.7000970912447,0.271264367816092
1996-03-25,0.08430018887760564,0.40124206864896095,0.40206452665511383,24.84151021453964,0.7167632380663043,81.36929779724363,0.267816091954023
1996-03-27,0.08212491035976835,0.38956130048590026,0.3908427843226063,24.942295834089222,0.7265735836173363,81.2321334864728,0.2574712643678161
1996-03-29,0.08206931387552832,0.39016785379181657,0.3909989681289181,24.934180985338667,0.7260783555825859,81.15744943551259,0.2597701149425287
1996-04-02,0.08212029415436836,0.3900088707582928,0.3905861112895346,24.938283269077452,0.7260609055369833,81.24573563522966,0.2597701149425287
1996-04-04,0.08193553300979976,0.38915987995900697,0.38950285171684734,24.961883683717215,0.7270004789108454,81.17865047705683,0.25632183908045975
1996-04-09,0.08258770735648245,0.3930855031250042,0.39232493899390297,24.91974520984503,0.7228833442990823,81.41322204463528,0.2482758620689655
1996-04-11,0.08257828738354886,0.3932682037204786,0.39204087031185103,24.936030633924567,0.72303459270886,81.54571694008591,0.23218390804597702
1996-04-15,0.08218060803863637,0.39267104119832924,0.3905813836837827,24.95407132953864,0.7233996166773559,81.48787979886511,0.23563218390804597
1996-04-17,0.08195551178535819,0.3915065189738784,0.3900351542870401,24.960541540663147,0.7240063426961786,81.39847332814698,0.2367816091954023
1996-04-19,0.08189499584712114,0.3913226745284572,0.3909398032500895,24.982245440963457,0.7244120840882203,81.30509070078966,0.22873563218390805
1996-04-23,0.08191113558485186,0.39140813117937884,0.39077592376739756,24.977462158343464,0.724385096675214,81.34496850734332,0.22758620689655173
1996-04-25,0.0819498514263448,0.39155639387821045,0.3906970503459403,24.974256740598417,0.7242552854045313,81.26458772453857,0.23333333333333334
1996-04-29,0.08172944888104891,0.3910167360594401,0.389881902363783,24.991543585691705,0.7255160889978493,80.99291632877254,0.22873563218390805
1996-05-01,0.08124608892002116,0.38823854479490616,0.38772090255565855,25.01563964016675,0.7277886792573167,80.71736151363578,0.23333333333333334
1996-05-03,0.08139025050213315,0.38945901717437226,0.3886618054484525,25.002032782747666,0.7267657397489671,80.95921140097239,0.24022988505747125
1996-05-07,0.08140412773318062,0.38955080597042874,0.3888571213902405,25.004324702288105,0.7265454826545141,80.92943900931424,0.23218390804597702
1996-05-09,0.08100843841971024,0.3881521282440346,0.3873411113203736,25.01540056644793,0.7274802604839774,80.81690470985703,0.22758620689655173
1996-05-13,0.08151497933018192,0.391006322704263,0.3902988153934483,24.99783260892526,0.7252178792411508,81.07870525741141,0.22758620689655173
1996-05-15,0.08159476975394922,0.3919474290358271,0.39128448098849394,24.98530035232341,0.7244142566853828,81.11736411589003,0.2218390804597701
1996-05-17,0.08169404819446754,0.3924584368081781,0.39156088677525247,24.980214194626146,0.7240545031399495,81.19957413606404,0.22413793103448276
1996-05-21,0.08172717341007203,0.3921109487397508,0.39122909529200006,24.978780534078133,0.7242030924705408,81.16201426314015,0.2206896551724138
1996-05-23,0.08182856145869843,0.3919992303924146,0.3912546685990132,24.974751855152466,0.7239299014337609,81.11081468355697,0.22988505747126436
1996-05-28,0.0820645733163829,0.393881600859016,0.3926874405052956,24.954656768865835,0.7224393900464497,81.21347033148297,0.23218390804597702
1996-05-30,0.08224642473931608,0.39493007396162333,0.39357969858801384,24.95479768587288,0.7218336126270938,81.30857952027874,0.22988505747126436
1996-06-03,0.08221672658042269,0.39469259231099174,0.3922373733520996,24.928773484548046,0.721316422405996,81.27568059172182,0.23103448275862068
1996-06-05,0.08221062962415496,0.39494616416126715,0.3921406982365037,24.92187053064214,0.7206025939763934,81.21071674446877,0.22988505747126436
1996-06-07,0.08224104315486268,0.39498390441143216,0.3923695810006779,24.920936969317797,0.7207476287213317,81.09827495085464,0.22528735632183908
1996-06-11,0.08194883723397169,0.3931556107958796,0.3901344844141642,24.94328469334032,0.7227187489271929,80.98142777919186,0.2160919540229885
1996-06-13,0.08169938191198257,0.39197517053579833,0.38859396318858785,24.95423208663687,0.7237550236454315,80.83850583908027,0.2149425287356322
1996-06-17,0.08094313842198105,0.3872195345385689,0.3853425261468304,24.996426038619692,0.7272227329649976,80.4284258456518,0.21954022988505748
1996-06-19,0.08083298847871447,0.386445712431884,0.3837953520551598,24.99362199096977,0.7279607781355754,80.46779011992636,0.21954022988505748
1996-06-21,0.08077917944123959,0.38559472514560106,0.3833038630546539,25.00645786098285,0.7286208891743321,80.4649071395647,0.22413793103448276
1996-06-25,0.08076664222313557,0.3852313390715067,0.38293636148406696,25.00482081775681,0.7288720726373435,80.4441394150182,0.2264367816091954
1996-06-27,0.0808338651259482,0.3853920514310277,0.38324020350983384,24.991308017484698,0.7283166224669737,80.41613844773337,0.23103448275862068
1996-07-01,0.08103632009907648,0.3853734929017373,0.38342267861347035,25.003861987811327,0.728576561510006,80.4629593410439,0.22298850574712645
1996-07-03,0.08105666721991464,0.38548448897553284,0.38375497397662445,25.00914255739755,0.7286942625347269,80.42102468206616,0.2218390804597701
1996-07-08,0.08183230333798497,0.3909744160755796,0.38976782510825725,24.953320392199974,0.7235268524179467,80.99180351239501,0.2218390804597701
1996-07-10,0.08187859067179885,0.39121293810917224,0.389782190294408,24.946829755870507,0.723253877203,80.96706227363103,0.21724137931034482
1996-07-12,0.0826835065003897,0.39569900575267436,0.39510795764872014,24.89523279857935,0.7193435617093236,81.35965410995931,0.21954022988505748
1996-07-16,0.08505249642426721,0.40894415586549987,0.40840783639590555,24.768203706586704,0.7078851597881839,82.23099051513405,0.23908045977011494
1996-07-18,0.08618008646085233,0.4116099763407946,0.4133948049536106,24.714919166993646,0.7042985946113479,82.28044385337417,0.2413793103448276
1996-07-22,0.08630033681510163,0.4123602910334038,0.41441703138130787,24.708766805798838,0.7037241978054789,82.21487128320813,0.2517241379310345
1996-07-24,0.0866255454285858,0.41414608972676686,0.41639983306424033,24.677447050092315,0.7021686518892939,82.37351617850423,0.25862068965517243
1996-07-26,0.08703136117515332,0.41573593263988023,0.4181435873587064,24.66065731115116,0.7009949591379053,82.41186881309213,0.2632183908045977
1996-07-30,0.08712808174176673,0.41545718154521144,0.41819555227465127,24.65692045850958,0.7009750756134511,82.4159107430731,0.26436781609195403
1996-08-01,0.08779120008292395,0.4189566356044737,0.4206537033435935,24.620512694259517,0.6983074887568153,82.60615173263848,0.2632183908045977
1996-08-05,0.0883467351156792,0.4214645041407887,0.42341288734140553,24.587330340023907,0.6961208732133225,82.82869221849151,0.26091954022988506
1996-08-07,0.08832391004026026,0.42132988598632165,0.423315473611009,24.583011518903845,0.6960897903040977,82.85097322130538,0.26436781609195403
1996-08-09,0.08845190332378373,0.42007267743675036,0.41878703803699663,24.561947155330543,0.6970591429219768,82.74432874743837,0.2655172413793103
1996-08-13,0.08863899834271585,0.4207721085106758,0.41902151913246605,24.54977417601476,0.6965376812904407,82.70024406477978,0.271264367816092
1996-08-15,0.08825610920043996,0.41920962850645116,0.4181129830059827,24.566326409534618,0.6976410642470975,82.6853843354098,0.26436781609195403
1996-08-19,0.08799070892315838,0.41772038296533814,0.41626027318513703,24.576798326119818,0.6988445195777386,82.59122711078459,0.2574712643678161
1996-08-21,0.08792579757954991,0.41756823870571963,0.4161320366633681,24.580318025043688,0.6989624147288132,82.56268184434161,0.26091954022988506
1996-08-23,0.08803748783785226,0.41822569361546347,0.4167622483595087,24.572811142787614,0.6984133736599976,82.56525529145401,0.25862068965517243
1996-08-27,0.08806167321144873,0.41828959279357136,0.4167048177393387,24.567886636050435,0.698331405706933,82.56654873974766,0.2597701149425287
1996-08-29,0.08823019375247901,0.41935195817611337,0.41750920030269684,24.554566435172053,0.6973726305378407,82.52710972284818,0.267816091954023
1996-09-03,0.08808768118187688,0.4182419899596424,0.41635390765601704,24.564054871070155,0.6985297994717801,82.55069441408617,0.271264367816092
1996-09-05,0.08824609236901079,0.4191057147605585,0.4174731848663495,24.55700159682939,0.6978771435553427,82.60772778660309,0.26091954022988506
1996-09-09,0.08830606467055355,0.41973064611016175,0.4182000533647486,24.554233303401713,0.6975189460492793,82.71266100157261,0.2620689655172414
1996-09-11,0.08787064165465042,0.41707840864088763,0.41549213741596025,24.5840851608323,0.7001345823453158,82.61052064858788,0.25517241379310346
1996-09-13,0.0882208795286013,0.4183883482894845,0.41721513753436645,24.57586540665231,0.6993945746110909,82.70484543373777,0.2540229885057471
1996-09-17,0.08821422774133424,0.41798532849312936,0.4166026555398581,24.576167830376885,0.6996391703250818,82.67332214369002,0.2540229885057471
1996-09-19,0.08818428580648587,0.41818384516480944,0.41692986920926045,24.574969037270915,0.699596301730113,82.67593174908144,0.25057471264367814
1996-09-23,0.08821968967526458,0.4184159746038527,0.4172493459741486,24.568051621013385,0.699255460530101,82.69463240967615,0.24942528735632183
1996-09-25,0.0876654794910744,0.4144463785263276,0.4135159573131876,24.610087308688527,0.7025457750211709,82.41007398842812,0.24597701149425288
1996-09-27,0.08759767453990994,0.4132038940326478,0.41291005389634783,24.63389945363647,0.7037606543793481,82.31999844103716,0.2425287356321839
1996-10-01,0.08743800510990621,0.4126320940104613,0.41216850752751827,24.63932735711911,0.7042901007372836,82.2003066739674,0.2425287356321839
1996-10-03,0.08705895626757758,0.4111618964669549,0.4105347337067502,24.65458090162527,0.7058376802487603,82.25397554639476,0.24022988505747125
1996-10-07,0.08726110299555,0.4118694452666465,0.41115595860310084,24.651728166525334,0.7053369428831262,82.27197760156241,0.2413793103448276
1996-10-09,0.08735950563962677,0.412553588579572,0.4117977355597701,24.64795807653397,0.7047386310950449,82.32602939581632,0.24022988505747125
1996-10-11,0.08725661035818423,0.41203505509591,0.41130431659031175,24.64920774873868,0.7051041022918534,82.28389883257142,0.23908045977011494
1996-10-15,0.0871110273662295,0.4106986796075415,0.4103091704824271,24.665186391490913,0.7062439582956823,82.24136500625109,0.2367816091954023
1996-10-17,0.08716356257519528,0.410494339173028,0.40996942065418945,24.668471754698462,0.70653713863638,82.2060839102397,0.24022988505747125
1996-10-21,0.08660147674953346,0.4076061752708253,0.4060873591549537,24.690203356671088,0.7094929624062749,82.00595014938473,0.2425287356321839
1996-10-23,0.08651917310284457,0.4072445223625149,0.4058019043131911,24.692878077713317,0.709886937341202,81.97416938530844,0.24367816091954023
1996-10-25,0.08649410916819703,0.4071708459001895,0.4058596048160793,24.69035683261836,0.7098821255322879,81.89431773378838,0.23908045977011494
1996-10-29,0.08637938819880576,0.4059080954612413,0.40478173943080376,24.70226136361209,0.7108928003569114,81.90360846202942,0.23908045977011494
1996-10-31,0.08635927070558196,0.4054501877176022,0.40457263444389774,24.70360064631363,0.7110889579920696,81.86378796306357,0.2413793103448276
1996-11-04,0.08629373147569865,0.4045590386922439,0.40409850242866796,24.72029469506406,0.7119120117414546,81.69293644930278,0.24022988505747125
1996-11-06,0.08667919444941781,0.4056894955008475,0.4050157834162213,24.709364552336222,0.7111405559791575,81.79130030833218,0.24942528735632183
1996-11-08,0.0867484134448578,0.4061293580031008,0.40520565696829935,24.712262856405165,0.7110961876340757,81.90426701093193,0.25517241379310346
1996-11-12,0.08654938458937755,0.40436286476638716,0.4035126420431712,24.7231376637064,0.7124156253472516,81.59507479934582,0.2425287356321839
1996-11-14,0.08565109280330277,0.3999815362535188,0.3980316641639653,24.760680941345022,0.7161446375481151,81.6137442483498,0.23448275862068965
1996-11-18,0.08554012713574831,0.3994723444263425,0.39767291185929987,24.772143811552926,0.7167021507622557,81.60440212327818,0.23793103448275862
1996-11-20,0.08556809790570306,0.39944203327547867,0.3976260027605001,24.776042839425006,0.7167676908071201,81.5628993974084,0.24022988505747125
1996-11-22,0.08527054053071309,0.39736589187910304,0.39557705006528243,24.793376967499402,0.7185502176375617,81.54044029117664,0.2413793103448276
1996-11-26,0.08547865446765049,0.39800387219759353,0.39586284434323554,24.788830575352286,0.718119124142797,81.46325335888952,0.2413793103448276
1996-11-29,0.08491995288741029,0.39496295867316233,0.3919539317191402,24.817809641039425,0.7207314341927167,81.34921944836239,0.23908045977011494
1996-12-03,0.08495098723852469,0.39470542986359053,0.3915805778767716,24.809896539419302,0.7207057972537886,81.31360218953814,0.23333333333333334
1996-12-05,0.08465073830274598,0.39280416369698934,0.3896568785612932,24.822454923216977,0.7220974072657238,81.2400591649877,0.2264367816091954
1996-12-09,0.0852136303134656,0.3962266623937975,0.3927524430999528,24.786561458449405,0.7195412200673225,81.37733306637257,0.22298850574712645
1996-12-11,0.0854990731224613,0.3983158599527095,0.39347289188026535,24.752826807268693,0.7176262505287442,81.44303099877294,0.2264367816091954
1996-12-13,0.08574714081763884,0.40038380822833536,0.3952344779900465,24.739347280693824,0.7161368981727935,81.64143056153277,0.22528735632183908
1996-12-17,0.08580183850244694,0.3996372541407649,0.39484910634993553,24.746629807223236,0.7168836322757527,81.49527807574076,0.22528735632183908
1996-12-19,0.08640761299330045,0.4016465727457636,0.39625529442866303,24.725260002313373,0.7153946141090364,81.65530545708727,0.2206896551724138
1996-12-23,0.08648093224751909,0.4018892533141636,0.39636533185591744,24.724503009907654,0.7151775209140865,81.64230045711368,0.23103448275862068
1996-12-26,0.0866208810899542,0.40277449475500887,0.3975793511048154,24.71896476975744,0.7144626255073112,81.68166001412406,0.23333333333333334
1996-12-30,0.08663358466553248,0.40296397552610214,0.3977624285167861,24.723058285920633,0.7144814086580709,81.66565506354644,0.22988505747126436
1997-01-02,0.08691071049301106,0.40420765039243933,0.39941786975676297,24.72047687501427,0.713529744678633,81.68717668832082,0.23218390804597702
1997-01-06,0.08716493986001472,0.40469150860654024,0.4002549260799614,24.710366170429033,0.7133347767279656,81.58587622270517,0.23563218390804597
1997-01-08,0.08719206718044929,0.4047299549668976,0.4003058952051344,24.715463527681305,0.7136241235898552,81.63683506870628,0.2264367816091954
1997-01-10,0.08726207514837121,0.404648803693932,0.3997785986247613,24.714788003184303,0.7137599687818533,81.62441424537259,0.2206896551724138
1997-01-14,0.08743450598476545,0.4053253166421766,0.40047121340257796,24.717522308206362,0.7134421187759284,81.66081777942968,0.2218390804597701
1997-01-16,0.08744840216264665,0.405023861437098,0.40036973329930425,24.72350448903782,0.7138105805507055,81.64681297036697,0.2160919540229885
1997-01-20,0.08763377310147033,0.4072301751195645,0.402688829872718,24.730250738888053,0.7128518098390664,81.73127555484139,0.21149425287356322
1997-01-22,0.087661357621246,0.4067636984404434,0.40227902307188185,24.743178704647196,0.713612885643138,81.6824641688642,0.21379310344827587
1997-01-24,0.08784784934419274,0.40773299000509583,0.4038232594980713,24.737559448992275,0.7127980831211504,81.69728974848616,0.20689655172413793
1997-01-28,0.08756468853596171,0.40654882081305205,0.40276180358260855,24.749185186597842,0.7141121482337838,81.73971303109207,0.2045977011494253
1997-01-30,0.0879160328085838,0.4076651037507626,0.4039011981550827,24.730090647421914,0.7129777294848207,81.77633232634304,0.2103448275862069
1997-02-03,0.08788239409119432,0.4072607219132235,0.40341086840183216,24.7324460241751,0.7133891130635459,81.74425370714772,0.21264367816091953
1997-02-05,0.0881994985065107,0.40853374588037944,0.4052941645537875,24.7296086264661,0.7127149465598249,81.86186034727247,0.21149425287356322
1997-02-07,0.08832908563321587,0.40885487347726973,0.40596166013575696,24.735276645241168,0.7126735181608936,81.83819259579856,0.20344827586206896
1997-02-11,0.08833968576806227,0.40811044052858253,0.4055114095689654,24.741563679232318,0.7133257588539187,81.84482878691644,0.20919540229885059
1997-02-13,0.08899467519351921,0.41092241028122606,0.40767960165815775,24.72122657880812,0.7114070053464434,82.03881997170397,0.2057471264367816
1997-02-18,0.08903384318336473,0.4101625767603258,0.4057942951559428,24.72410111616042,0.7123087676373179,82.07575844015226,0.20804597701149424
1997-02-20,0.08901862520169575,0.4102040774405943,0.406455126679564,24.71349480560642,0.711626800740004,82.14975543051894,0.21264367816091953
1997-02-24,0.08918193373099724,0.410350888844417,0.4067322608685709,24.719103110448685,0.7118870449290493,82.1860860758717,0.2160919540229885
1997-02-26,0.08922548275016494,0.41026238815536786,0.407326500337167,24.745422333911076,0.7128626357476481,82.2145322510537,0.20344827586206896
1997-02-28,0.08939425659403394,0.4107448332807959,0.40801893266176437,24.725566933240966,0.7120804180630762,82.159051652199,0.20114942528735633
1997-03-04,0.0891016896674804,0.40855245240964977,0.40598319007734907,24.754498118898923,0.7143559458925961,82.0812760875717,0.2
1997-03-06,0.08923214622993209,0.4086039990813239,0.40632573587079684,24.751629589377767,0.7142437851435476,82.15659808204782,0.20114942528735633
1997-03-10,0.08944544761137921,0.409436688550186,0.4066819139881301,24.744930934653794,0.7137844975147981,82.22038991021843,0.20804597701149424
1997-03-12,0.0895461909988358,0.4100455750112323,0.40734064529454134,24.742700889598396,0.713383485040679,82.26980016539561,0.2045977011494253
1997-03-14,0.0902152224671645,0.412935899899804,0.40905029144856375,24.71066890188532,0.7110656019450324,82.40629335887323,0.2
1997-03-18,0.0900239279702901,0.41185367083654667,0.4081490018882531,24.72222439362433,0.7121199421946608,82.36822893354363,0.19770114942528735
1997-03-20,0.0901727619228777,0.41234150212754117,0.40813327648579373,24.7095213055649,0.711836876662531,82.46865564285623,0.2045977011494253
1997-03-24,0.09018926543663598,0.41222694701800244,0.4081875604974582,24.722290153041367,0.7124608949310092,82.4266245031403,0.20114942528735633
1997-03-26,0.09016669767048133,0.41190040569712,0.40820145098617305,24.72880837683975,0.7130677090718729,82.40981351313643,0.19770114942528735
1997-03-31,0.0918960534125377,0.4214702119825752,0.4168062788454689,24.637208119733653,0.704794570924838,82.91540420698468,0.21724137931034482
1997-04-02,0.09209648526626833,0.4221907550019733,0.41761929251763924,24.633918231850174,0.7042837320188887,82.8927749823657,0.21379310344827587
1997-04-04,0.09233731200766017,0.42265068634517844,0.418253139525205,24.629387408352386,0.7039591691463167,82.89831907159038,0.2149425287356322
1997-04-08,0.09237660403803542,0.4222706577416737,0.41829750093331575,24.639516580316528,0.7045368652047866,82.8167643196437,0.22298850574712645
1997-04-10,0.0923363952599406,0.42189317568188694,0.417995323706473,24.64453303351086,0.704957782218537,82.77828595661958,0.2218390804597701
1997-04-14,0.09341926520798578,0.4275875109295175,0.42274898868486277,24.583158273286696,0.6997562623685559,82.94773686948123,0.22298850574712645
1997-04-16,0.09406308961117522,0.4286568946910458,0.421798871449021,24.536846454970092,0.6983113979700372,82.97201955824708,0.22528735632183908
1997-04-18,0.09412279178604925,0.4270897359169932,0.4200916924342095,24.561496375097875,0.6996604009903153,82.89379454987352,0.22413793103448276
1997-04-22,0.09458694412232577,0.42842163088607105,0.42157555059555574,24.52978182213549,0.6981947631920327,82.8976281374027,0.2206896551724138
1997-04-24,0.09443472219475198,0.42696695511552796,0.41948946856280367,24.538267617799484,0.6994147182415563,82.85691452431223,0.22298850574712645
1997-04-28,0.09465216276873963,0.42678294501040703,0.4195385193306742,24.53700007446398,0.6996982636092248,82.82370769712779,0.23333333333333334
1997-04-30,0.0955893667182704,0.43047999986819635,0.4239048411627163,24.498569500365914,0.696257287990839,82.98713920166247,0.2425287356321839
1997-05-02,0.09620234727281855,0.4333439153044072,0.4270468080842843,24.469188497952093,0.6936182172421637,83.15524229403422,0.23908045977011494
1997-05-06,0.09726187247220763,0.43810869260329316,0.4309274880625855,24.40145225550578,0.6896693762299829,83.39259218431724,0.2367816091954023
1997-05-08,0.097524072810768,0.4396718015112098,0.43227812260732107,24.37811236768067,0.6879907005053227,83.30349108770513,0.23333333333333334
1997-05-12,0.09748398444052223,0.43867791185675903,0.43126724150391327,24.390204904096112,0.6889859481581699,83.32053026450669,0.22988505747126436
1997-05-14,0.09723044719839553,0.4377097325636047,0.430167678642371,24.400542101962227,0.689949228427031,83.28051291560236,0.22988505747126436
1997-05-16,0.09747609880170614,0.4393044011715148,0.4317474086817354,24.384465623792053,0.6888830853554776,83.4027767912046,0.22988505747126436
1997-05-20,0.0975083225124911,0.4392787941180779,0.4316882504843555,24.388144728268955,0.6890426386477264,83.32773305633627,0.22528735632183908
1997-05-22,0.09708052752637875,0.43733105705010555,0.4296073639698218,24.40610886628239,0.6911549977897917,83.33831921940552,0.23218390804597702
1997-05-27,0.09731166148823057,0.43833546657247985,0.4304861517240862,24.393284734443164,0.6903630970846969,83.37240365843486,0.2264367816091954
1997-05-29,0.09729560119553185,0.4373575881134056,0.42966991560731715,24.406282099490024,0.6912568456895033,83.33927221654744,0.21839080459770116
1997-06-02,0.09722243025968842,0.43644437794564234,0.4282282523447112,24.405217645294787,0.6919783560048097,83.26363736477568,0.22298850574712645
1997-06-04,0.09708712751338346,0.4362650069484601,0.4271847533011098,24.393131022012675,0.6922671316199898,83.2270059944373,0.2206896551724138
1997-06-06,0.09739769012456087,0.43735164728234044,0.428292829030423,24.37413404980166,0.6910238829952816,83.3178925607021,0.2149425287356322
1997-06-10,0.09732271769324971,0.43699542672206837,0.4277927242463436,24.377415515241108,0.691362677348364,83.31268359647044,0.22413793103448276
1997-06-12,0.09777287065438951,0.4385113087465241,0.4291204237740185,24.357123079998264,0.6898774328772425,83.42344792307236,0.22988505747126436
1997-06-16,0.09773227945771029,0.438209927516421,0.42874054485184754,24.354682826027318,0.6903987365128789,83.40918597017566,0.22528735632183908
1997-06-18,0.09755656826272632,0.4371974253241408,0.42781847245693533,24.366143925738097,0.6912610694968876,83.42003180646022,0.22298850574712645
1997-06-20,0.09776278587683546,0.43745596992775404,0.42774105953582103,24.361038574279835,0.691277481280614,83.40042733531065,0.2218390804597701
1997-06-24,0.0987946841444416,0.44200804440254043,0.4329297618080257,24.30664906146623,0.6871091623568251,83.74903136446314,0.20919540229885059
1997-06-26,0.0986371643671896,0.44210865236331465,0.43250815936090914,24.29972544605463,0.6872224446198506,83.77559058413719,0.20114942528735633
1997-06-30,0.09847957551086407,0.44314532027395015,0.43256423771456776,24.29030764349123,0.6866868850630928,83.73025536063251,0.20689655172413793
1997-07-02,0.09850681127312962,0.4430734292167486,0.4325744932851631,24.29352821215731,0.6866972737383177,83.7511980474071,0.20114942528735633
1997-07-07,0.09876302231908449,0.4440161510936164,0.4333126135856673,24.277267711378386,0.6858357843515761,83.7182197301465,0.20344827586206896
1997-07-09,0.09884867335882651,0.44427063951290957,0.4331558444181859,24.27229454046461,0.6853536135987878,83.41992287190052,0.19770114942528735
1997-07-11,0.09826358253188196,0.44150359623338176,0.43040046234020296,24.31319974186545,0.6878247047150619,83.39279594039687,0.2
1997-07-15,0.09832425299995916,0.4417965227574502,0.4303878104900438,24.3029951124175,0.687431183595478,83.4380484732489,0.20229885057471264
1997-07-17,0.09853655908747766,0.44162863658961155,0.4309645662503633,24.31731376644219,0.6878828133381518,83.5120586380875,0.19885057471264367
1997-07-21,0.09878107969039406,0.4432233496173728,0.43283316730986854,24.30410992530949,0.6864195005565366,83.57646703026572,0.19655172413793104
1997-07-23,0.09961295278827939,0.4460566351052895,0.4359215721536637,24.26435441119092,0.6835441423692534,83.66273933137236,0.2103448275862069
1997-07-25,0.09961842983303831,0.4462319900927941,0.4355011836410471,24.262170742074858,0.6834273687797049,83.6318940672833,0.2057471264367816
1997-07-29,0.09958869959187125,0.4459204939935839,0.43602599806147335,24.278242872302226,0.683772337105312,83.63076799927907,0.2057471264367816
1997-07-31,0.09984422670940958,0.44670665568140056,0.43664834064058394,24.276758606905766,0.6833345358540784,83.67303801550655,0.2045977011494253
1997-08-04,0.09982704934435345,0.44596597847933156,0.43621379739916644,24.292848687008252,0.6840892868915415,83.6132534470702,0.2057471264367816
1997-08-06,0.09984874138816162,0.44607604983065346,0.43605042772867403,24.285053890908316,0.6839020214896301,83.64708565204121,0.20804597701149424
1997-08-08,0.10049909261679918,0.44974323785316045,0.4398312633576961,24.240176728699627,0.6800381840401384,83.76040027503804,0.20919540229885059
1997-08-12,0.10067309864705655,0.45011007681643833,0.4404936280214163,24.236095921681844,0.6796449089419961,83.77640694086998,0.20229885057471264
1997-08-14,0.10067035526707939,0.4495110192180655,0.4398060787980716,24.245334468016832,0.6802511050479779,83.77796995443018,0.20804597701149424
1997-08-18,0.10154024391146585,0.4530453986054381,0.44430998122089477,24.211048255515248,0.6768325387910379,83.93268829476855,0.20689655172413793
1997-08-20,0.10213755889779225,0.45498571224445966,0.44651542075984846,24.185373543043426,0.6746697852902489,83.95691554148488,0.22528735632183908
1997-08-22,0.10239661741678764,0.45628553339791744,0.4481914185601381,24.171508470979628,0.6733954659549336,84.06058783575031,0.21954022988505748
1997-08-26,0.10224501052667548,0.4559603017043283,0.44811192131155264,24.176713773630116,0.67372089207274,83.99721893724012,0.21724137931034482
1997-08-28,0.1022864396643073,0.4561648563275033,0.4485470041968059,24.17505315390597,0.67352097975088,83.99393169724001,0.21839080459770116
1997-09-02,0.10331710765599267,0.4599581122131579,0.45331363570020766,24.122041003088967,0.6696596864565001,84.17604825487561,0.2206896551724138
1997-09-04,0.10328038641678282,0.4600805846314304,0.45336920951092186,24.13315810214606,0.6698760470760559,84.11666382651703,0.21954022988505748
1997-09-08,0.10321773668125056,0.4599897700173223,0.45362266491884873,24.14513739178384,0.6701703609972409,84.09671113421167,0.21379310344827587
1997-09-10,0.10344903173253957,0.46131768016600605,0.45547058530333884,24.12754177290447,0.6689298351590831,84.17024738844462,0.2103448275862069
1997-09-12,0.10376470817768428,0.46272552401412576,0.45683657497861374,24.113632120845075,0.6677182945710445,84.22707951153527,0.20919540229885059
1997-09-16,0.10445564459233393,0.4651379474462895,0.46026540570979085,24.08441178956347,0.6651896154196859,84.31315515843413,0.20344827586206896
1997-09-18,0.10446204536768355,0.46504775616505906,0.4596717621724058,24.08892779758527,0.6654873774532872,84.25725462582433,0.2057471264367816
1997-09-22,0.10436388049128863,0.4641649406193359,0.45867569620910986,24.09754654498775,0.6663093387295288,84.14242644107019,0.19885057471264367
1997-09-24,0.10432530079707406,0.46424393937359,0.45904890123344405,24.100747088093687,0.6661885975644498,84.14356902071066,0.2057471264367816
1997-09-26,0.10430431327994054,0.4645379787375836,0.45949489635971896,24.107846654360962,0.6660792347313431,84.12137680287643,0.20344827586206896
1997-09-30,0.10421983324492501,0.46425248526514307,0.4589116812801096,24.116094871110157,0.6665681632527408,84.11850384483508,0.2045977011494253
1997-10-02,0.10430850139849569,0.4645985860975773,0.4590236903213767,24.10840264829127,0.6661639531253558,84.2031742005109,0.20229885057471264
1997-10-06,0.10423389209657279,0.46475780001899597,0.4593212164282886,24.11122377501925,0.6661681746089201,84.20352453572309,0.20229885057471264
1997-10-08,0.10439529802055253,0.4653500579221877,0.460202446413184,24.10662813854391,0.6654233146972508,84.24992716693107,0.19655172413793104
1997-10-10,0.10439671459581464,0.4663203337073831,0.46164805236748424,24.111160663224595,0.6648862099446244,84.32287366032376,0.19655172413793104
1997-10-14,0.10426271513441407,0.4656454070729372,0.46134146829258404,24.119264187867373,0.6653998565505065,84.32967081361552,0.1896551724137931
1997-10-16,0.10438664629156344,0.4669706883662838,0.4624614097559484,24.09841934638584,0.6642452751529925,84.33836635856005,0.1896551724137931
1997-10-20,0.10457016617754787,0.4672650981618818,0.46301040999504944,24.08140376673757,0.6634502861657465,84.41999529631788,0.18850574712643678
1997-10-22,0.10484651801180608,0.4673466194170334,0.4625859475190859,24.06108646569392,0.6627099399746591,84.34323334511745,0.18850574712643678
1997-10-24,0.10537740334625814,0.47107891152306247,0.4664160319719723,24.00324219605964,0.6589901555444455,84.55208741509333,0.19195402298850575
1997-10-28,0.11630621304814277,0.5165295961512192,0.5101471949168386,23.475019841954904,0.6165005833605196,86.8308901599773,0.15862068965517243
1997-10-30,0.11667587029030457,0.5172701668680018,0.5110154342918957,23.474875668478884,0.6158179183727785,86.9353384212963,0.1735632183908046
1997-11-03,0.11783144605749339,0.5210838940472695,0.5156126435646584,23.426583395331185,0.6116883318176151,87.08588573934932,0.18045977011494252
1997-11-05,0.11778892740830939,0.521144258559515,0.5159171723970146,23.429578333898718,0.6115615885420691,87.0195203826491,0.1793103448275862
1997-11-07,0.1180712625561359,0.5230145139971203,0.5169027830867353,23.398630364134355,0.6096187823854914,87.05362041584911,0.18275862068965518
1997-11-11,0.11804222770517327,0.5226485119569483,0.5167750408755634,23.409366084604997,0.6100452274666823,87.07187769475337,0.18275862068965518
1997-11-13,0.11877487147035765,0.5263030895659552,0.5200763449758102,23.361489764680503,0.6068798423961087,87.21401994298836,0.18850574712643678
1997-11-17,0.11945829446965989,0.5281962745957857,0.5222307814953139,23.334073187724883,0.6048474818371412,87.27139758824693,0.20344827586206896
1997-11-19,0.11946996987360453,0.5280206091455351,0.5222392530124342,23.33702135727773,0.6048832785954931,87.3007340790935,0.19770114942528735
1997-11-21,0.11970743148860884,0.528843959317338,0.5238635270476601,23.332600840719163,0.6038828513397602,87.3073341707688,0.2045977011494253
1997-11-25,0.11996869505666874,0.5297360384491869,0.524500498560715,23.32392265717657,0.6030752632974695,87.3548711038216,0.2057471264367816
1997-11-28,0.11990665982504882,0.5294140505063494,0.5240337446267626,23.327691052588616,0.603487580751687,87.37505111851624,0.20229885057471264
1997-12-02,0.12018013674147644,0.5293070346527237,0.5246140425342551,23.334234995049318,0.6034483216657606,87.3359921782005,0.19885057471264367
1997-12-04,0.12018740302377773,0.5286213088139373,0.5222970676381666,23.329163843851898,0.6041054603438026,87.25145048550654,0.19540229885057472
1997-12-08,0.120325709894436,0.5289577705008154,0.5223427507054323,23.32884887614178,0.6039647330391505,87.18547169024511,0.1896551724137931
1997-12-10,0.11980821765471672,0.5273530973964411,0.5203834987542901,23.350973007622247,0.6056546434297136,87.28110578323488,0.19425287356321838
1997-12-12,0.12014025421314863,0.5291894429671348,0.5217923952949466,23.316656137293116,0.6038238320511418,87.34417084574152,0.2
1997-12-16,0.12025030591894549,0.5285246111512147,0.5211697851332736,23.329438975544203,0.6046783621203569,87.33338431076928,0.19885057471264367
1997-12-18,0.12051613608143923,0.5283894898772706,0.5207814964389795,23.326159447192204,0.6044845728744878,87.33610005424377,0.20229885057471264
1997-12-22,0.12045932643012734,0.5282932029948517,0.5212123332465245,23.32862046354424,0.6044649165147477,87.31837326474229,0.21839080459770116
1997-12-24,0.12058723792176342,0.5288505042118811,0.5220985438667993,23.32148206637464,0.6039210991535348,87.36371524921175,0.21724137931034482
1997-12-29,0.12091080652447893,0.5302841754743426,0.5238839687735772,23.299142191950153,0.6022948048637669,87.35331932624936,0.21954022988505748
1997-12-31,0.12074489331810259,0.5297302090716881,0.5229371842846189,23.324025979543503,0.603428231427519,87.43687310265258,0.21264367816091953
1998-01-05,0.12068186105293527,0.528870792010046,0.5221667187072894,23.337148844073795,0.6042624796509175,87.39532332649485,0.21149425287356322
1998-01-07,0.12071777413454896,0.5290996069377163,0.5222479672900247,23.349021178054777,0.6042854710962988,87.4588784081534,0.20804597701149424
1998-01-09,0.12243783947456757,0.5369968935885149,0.5297077743813757,23.241548617364764,0.596165900900047,87.81015220890352,0.19195402298850575
1998-01-13,0.12277109203717289,0.5384117770224766,0.5309184991431964,23.227446687422535,0.5951137563926118,87.88211128533366,0.20344827586206896
1998-01-15,0.12278619405128566,0.5385015027138093,0.5305195147845672,23.214894777982543,0.5949005881008502,87.89754497624774,0.21149425287356322
1998-01-20,0.12321022364398165,0.5389728583814529,0.5306582579523088,23.193292406015274,0.5940019485484074,87.85280195618412,0.2057471264367816
1998-01-22,0.12319279588027854,0.5387859675397847,0.5298919762479041,23.18713689533701,0.5941876135597423,87.86025182767645,0.2057471264367816
1998-01-26,0.12307005258144636,0.5383398385444453,0.5286866133766823,23.166316731311394,0.5939152878980322,87.77762184046883,0.19655172413793104
1998-01-28,0.12324203092127285,0.5375136581396827,0.5277055006363994,23.16890056333315,0.5944044902123805,87.72480915710543,0.20344827586206896
1998-01-30,0.12327588083643927,0.538249744105201,0.5282568123364568,23.161053566536193,0.5937172433409097,87.66739913562859,0.19885057471264367
1998-02-03,0.12380966600714167,0.5394394100839395,0.5299550149261801,23.139270759013854,0.5920893662760054,87.60804062772267,0.19540229885057472
1998-02-05,0.12379288463558788,0.5392404411175148,0.5288804882298854,23.130370855299947,0.592169306724815,87.63236015316645,0.19195402298850575
1998-02-09,0.12386807394320772,0.5397211687419764,0.5292969740259854,23.12940365450464,0.5919578229672835,87.65983623822514,0.18850574712643678
1998-02-11,0.12378496153248977,0.5387572942896778,0.5288096098376889,23.137028814995098,0.5926492115830616,87.58458821519842,0.1896551724137931
1998-02-13,0.12317933340296974,0.5366805565873427,0.5268360292810392,23.165107583739527,0.5944979282500167,87.51666193522671,0.19195402298850575
1998-02-18,0.12308968119870964,0.5356912957168471,0.5255811522647739,23.180613705341027,0.5956519675437681,87.44664144532818,0.19195402298850575
1998-02-20,0.12310855392538722,0.5354786917265281,0.5251752966449355,23.18243460604968,0.5958913323385479,87.43414466343471,0.1850574712643678
1998-02-24,0.12314725573231411,0.5359865157913221,0.525751294403434,23.180121396426028,0.5954355613912188,87.47647145837165,0.18850574712643678
1998-02-26,0.12324025996726871,0.5364469292305006,0.5258168874943219,23.183270998916527,0.5956230147029562,87.48403655118837,0.19080459770114944
1998-03-02,0.12324442546744242,0.5360926223574141,0.525410427278874,23.189195573668805,0.5960593164816655,87.2946713906934,0.19425287356321838
1998-03-04,0.1215873623432961,0.530228346997087,0.5195877016169786,23.25601011107163,0.6017774651395765,87.32170668547857,0.19310344827586207
1998-03-06,0.12229951713396081,0.533130216509301,0.5225479576470748,23.21789818686036,0.5991113229088701,87.44935932632279,0.1896551724137931
1998-03-10,0.12241670695129803,0.5333873490844043,0.5225666547655079,23.208307606938867,0.5988105670174263,87.44271026158941,0.18275862068965518
1998-03-12,0.12205542771052821,0.5325762754787826,0.5218370355086439,23.217629573755815,0.5997641516453297,87.40175378945666,0.18275862068965518
1998-03-16,0.12214709181638331,0.5328622798047985,0.5223104788145921,23.216343302056757,0.5995036041413513,87.38951410290983,0.1781609195402299
1998-03-18,0.12214371351158426,0.532396918430703,0.5218119058154328,23.226242165679878,0.6000035677659923,87.38170761644031,0.18275862068965518
1998-03-20,0.12217421149162361,0.5317152594178187,0.5211623992975389,23.226198750407097,0.6005356944134136,87.36682411016791,0.18275862068965518
1998-03-24,0.12227006005723551,0.5308493706355614,0.5204031731666867,23.23081380803087,0.6011350333419229,87.32428946212057,0.18160919540229886
1998-03-26,0.12210069991936973,0.5302578368524832,0.5194914441433505,23.233348053211717,0.6016212867472024,87.29386355617756,0.18160919540229886
1998-03-30,0.1220933490866721,0.5297013223788206,0.5189150085397154,23.238542056834635,0.6020588264474706,87.25086114632677,0.1735632183908046
1998-04-01,0.12175187704507875,0.5279455989931264,0.5166828331897906,23.25377103574752,0.6039525149144253,87.23177347596152,0.17701149425287357
1998-04-03,0.12168166472234006,0.5277493043797692,0.515896916242968,23.259474102287175,0.6043164549664307,87.27477519483627,0.17586206896551723
1998-04-07,0.12176036010130709,0.5279782004430877,0.5158168452694808,23.268652447987236,0.6048599190040599,87.3266005435848,0.18160919540229886
1998-04-09,0.1217697440582018,0.527761412836958,0.5147611375260527,23.257412856485214,0.6047261523500852,87.29477724274969,0.1839080459770115
1998-04-14,0.12188351359884557,0.5275789947962586,0.514763101941899,23.261388711068257,0.6047584808372367,87.30103848024329,0.1735632183908046
1998-04-16,0.12195183765733084,0.5276260851239429,0.5148920453494996,23.253460119325265,0.6044068663675588,87.30717559074134,0.1735632183908046
1998-04-20,0.12206729080634163,0.5275280443590795,0.5149944027167211,23.258681540815704,0.604599547844262,87.28941484113028,0.17471264367816092
1998-04-22,0.12209581048995896,0.5263554667650542,0.5133107936297472,23.272637363816155,0.6058063078473467,87.24869235515908,0.17126436781609194
1998-04-24,0.12245042658643528,0.527681944553071,0.5146005516189962,23.2685071821492,0.6048102268573986,87.23821139514553,0.17586206896551723
1998-04-28,0.12284928820306602,0.5287270001762155,0.5152013013861212,23.258471605276416,0.6039206981362358,87.36338766082832,0.16896551724137931
1998-04-30,0.12328936272687914,0.5299302020571997,0.5164842905899028,23.247597840106643,0.6026094236005574,87.43400572326922,0.16206896551724137
1998-05-04,0.1233269413064314,0.5296548575061898,0.5159041006260336,23.254748577123724,0.6030247913579851,87.37361928723477,0.16091954022988506
1998-05-06,0.12302199856936147,0.5290016143138603,0.51493155702713,23.268689010039495,0.6037982441523067,87.31706689679572,0.16666666666666666
1998-05-08,0.12324496742991163,0.529739968374731,0.5152794492209374,23.256840230978543,0.6031540116710343,87.35475708277308,0.15977011494252874
1998-05-12,0.12317932601536663,0.5290834481510994,0.5147814950571381,23.264102500637225,0.6037631563076491,87.35426088032247,0.15402298850574714
1998-05-14,0.12315003277628461,0.5290854844767627,0.5147694626570593,23.269963411945543,0.6038647789677697,87.33952422546541,0.15632183908045977
1998-05-18,0.1232784859770754,0.5297880945991429,0.5156916998450809,23.26027357415945,0.6031826948691573,87.38393504826925,0.16551724137931034
1998-05-20,0.12317550292813899,0.5286758126763639,0.5144633696869286,23.267196089147255,0.6041147482110307,87.3256465421549,0.16206896551724137
1998-05-22,0.12308205818233613,0.5281129184718941,0.5137775147865344,23.270695450757444,0.6045926951474901,87.33271437965345,0.15977011494252874
1998-05-27,0.12362115562313748,0.5305902896190057,0.51605110771944,23.261278158220183,0.6030528477457221,87.4984738446169,0.1724137931034483
1998-05-29,0.12361256593728641,0.5304348244656132,0.516410846501739,23.27393151332754,0.6035057760333588,87.47887797334128,0.1735632183908046
1998-06-02,0.12355689118458743,0.528761607918891,0.5149233280721387,23.29001965160893,0.6049155028508055,87.44145853174338,0.1781609195402299
1998-06-04,0.12368532926099189,0.5286546666196446,0.5151167850412562,23.287606890238095,0.605019416551315,87.49249482467884,0.17471264367816092
1998-06-08,0.12417436918462672,0.5295686161745713,0.5146992755137516,23.26565048198906,0.6044638610325326,87.47387548230033,0.18160919540229886
1998-06-10,0.12431440075228606,0.5287002763606508,0.5137519772265812,23.26711757278562,0.6052075858838136,87.38964264987663,0.1793103448275862
1998-06-12,0.12472758854078747,0.5300376686512231,0.5154585331362772,23.24838304662091,0.6035745212579349,87.46576168771608,0.18160919540229886
1998-06-16,0.12547876793784665,0.5327031408377656,0.5174022617025925,23.221930498745184,0.6013721160809364,87.57377685802493,0.17011494252873563
1998-06-18,0.1259474276767889,0.5338612530575956,0.5185354102401984,23.207414756677583,0.6002480508359569,87.58465294120629,0.16896551724137931
1998-06-22,0.12594451834041837,0.5336838983106874,0.5183513713595086,23.219795654673266,0.6007369044758593,87.59359844271154,0.1632183908045977
1998-06-24,0.12612584067033994,0.5333999968525887,0.5186222387234918,23.226101098184913,0.601033795982031,87.56105358414469,0.16551724137931034
1998-06-26,0.12611987779569078,0.5331676453289496,0.5185654115821292,23.233985722035158,0.6013159241091836,87.51229422640999,0.16091954022988506
1998-06-30,0.1254375013143995,0.529390953597423,0.5146705413127712,23.28534360478368,0.6054146944761463,87.4411063246333,0.16091954022988506
1998-07-02,0.1256131005428971,0.5298157252106861,0.5146042068085636,23.27639397932776,0.6049482565126346,87.3020923655315,0.16091954022988506
1998-07-07,0.1251624869327866,0.5280355218221711,0.5124357167814722,23.30581488090087,0.6068499650242248,87.08546326876711,0.15977011494252874
1998-07-09,0.12363600043676588,0.5214386532702359,0.505767153530804,23.374605061595233,0.6133850398541065,87.05733165792871,0.1482758620689655
1998-07-13,0.12282906910011153,0.5201552106328563,0.5036528651653697,23.401309749736974,0.6154340542986336,87.0122998814203,0.1471264367816092
1998-07-15,0.1227024040775077,0.5188658710000623,0.5024336243607499,23.417756517447746,0.6166399523198185,86.94309611164378,0.15057471264367817
1998-07-17,0.12248392187058667,0.518063335302842,0.501460050693717,23.4248923441934,0.6174074334902165,86.91952881721302,0.1482758620689655
1998-07-21,0.12233486561074883,0.5168531965406763,0.4988737163317258,23.409215473647784,0.6173471843398572,86.68250641883283,0.14482758620689656
1998-07-23,0.12294242173635582,0.5183836884747982,0.4997579239519134,23.40400010424381,0.6161306860158186,86.66331102529243,0.15862068965517243
1998-07-27,0.12243671848918516,0.5161069237253554,0.49775119567349596,23.43008251443648,0.6182515169841325,86.54581474470761,0.15632183908045977
1998-07-29,0.12231130291841379,0.5156624699418751,0.4967813672598975,23.442501471633985,0.618868295668225,86.57948781612245,0.16206896551724137
1998-07-31,0.12327353530421677,0.5193899956389061,0.5001106359069732,23.415754325034566,0.6157003183046614,86.75288999973921,0.1471264367816092
1998-08-04,0.12549097176450574,0.528413270856045,0.5095712314532017,23.36630552966005,0.6076808069370455,87.37431448617433,0.15977011494252874
1998-08-06,0.12553530827938403,0.5272318497383913,0.5083679465610541,23.392353399070714,0.6091763455149661,87.34164343712006,0.15862068965517243
1998-08-10,0.1256899368955207,0.5265647465478308,0.5075469038016347,23.405350941465628,0.6099628929311022,87.31924427923609,0.15862068965517243
1998-08-12,0.12662247040079408,0.5291421053846794,0.510246390117372,23.383022079497916,0.6071984992204392,87.361435279905,0.16896551724137931
1998-08-14,0.12692239776178188,0.5294233806641688,0.5111571551544818,23.386148506516676,0.6067482802524021,87.34580410601778,0.15172413793103448
1998-08-18,0.12732241859782578,0.5295279902961164,0.5121420851407976,23.378884087892096,0.6062557266740419,87.36140442853609,0.16206896551724137
1998-08-20,0.1273401181906157,0.5288176642153882,0.5118568322518198,23.396187343737232,0.6070067389133951,87.3213442657578,0.1632183908045977
1998-08-24,0.12743865993645717,0.52783610501577,0.5112268306875407,23.41615247146178,0.6080417446227865,87.29314825032476,0.16896551724137931
1998-08-26,0.12781377148022813,0.5282611114277479,0.511437623858504,23.41354062097462,0.6074126053364499,87.30289355259565,0.15977011494252874
1998-08-28,0.13087984287582247,0.5383262205766941,0.5193404699006166,23.28546127652621,0.5985911375315744,87.92499067068238,0.19195402298850575
1998-09-01,0.13924136034095605,0.561318002357493,0.5444475565947035,22.96346733580142,0.5771320397001821,88.81897730992543,0.1724137931034483
1998-09-03,0.13942058666065055,0.5587572537876667,0.5406372323215065,22.977072043064076,0.5791768900157797,88.74491749464889,0.1781609195402299
1998-09-08,0.14269890892364934,0.5661414704843786,0.5455643384768258,22.823461757001187,0.5709525358410247,89.04766214109692,0.1850574712643678
1998-09-10,0.14424681282856813,0.5685314983136781,0.5486165010507528,22.770983262365895,0.5675692994052342,89.0334821154525,0.20229885057471264
1998-09-14,0.14539097380511615,0.5692628003085821,0.5492432904416249,22.761234938163575,0.5668358870038327,88.99524790457414,0.21149425287356322
1998-09-16,0.14546371104024525,0.5679641076865282,0.5482801182261128,22.803179081971162,0.5686106964553465,88.98762840306397,0.2045977011494253
1998-09-18,0.1462639573018588,0.5696460277247167,0.5503292285397633,22.775579322333613,0.566563138770317,89.02579052861145,0.19770114942528735
1998-09-22,0.14631857483997024,0.5694134050727464,0.54974862241363,22.773562546405,0.5667364742742675,88.98728134470063,0.20114942528735633
1998-09-24,0.148119550717655,0.5728719194214908,0.5517336110556494,22.703761876967402,0.5631236548194254,89.23667160774599,0.1896551724137931
1998-09-28,0.14809996342740928,0.5709139196278293,0.5490305898548221,22.720751983328853,0.5649368067527857,89.15334801946393,0.18850574712643678
1998-09-30,0.1487224612249272,0.5704901978831421,0.5496058491681449,22.714081828290446,0.5647906727325721,89.12412530119667,0.18850574712643678
1998-10-02,0.15015802348725818,0.5712335434575546,0.5517002811101008,22.680016251784366,0.5630698223623216,89.15402224120568,0.18045977011494252
1998-10-06,0.15052747057198554,0.568456607891795,0.5473182922202048,22.65904180904635,0.5649525184203715,89.07423233608324,0.1793103448275862
1998-10-08,0.15150450520826095,0.5661863686815661,0.5467024427742243,22.687981035926075,0.5667753739011141,89.00681405783881,0.16896551724137931
1998-10-12,0.15272806666490601,0.5624339927491538,0.5462255769303936,22.655081535833915,0.5675520368114659,88.94016481034441,0.1839080459770115
1998-10-14,0.15293711121895812,0.560918088760493,0.5454212843675,22.683227294580618,0.5692523912227861,88.88737112111299,0.16436781609195403
1998-10-16,0.1554805216070488,0.5645864002376016,0.5509881040450751,22.62330256356084,0.5649057780009289,89.19430955033799,0.16551724137931034
1998-10-20,0.15571664856398615,0.5629941478132664,0.5495231623308584,22.635729923181923,0.5660751638958388,89.18516381002566,0.1724137931034483
1998-10-22,0.15581947766309567,0.5612459307108176,0.5473087655090257,22.652854408421668,0.5678330871615449,89.11000899235331,0.167816091954023
1998-10-26,0.15587839349698204,0.5607736870608795,0.5466263984862484,22.663975820080186,0.568421286788303,89.10365474119622,0.167816091954023
1998-10-28,0.1558837056475114,0.5597764851755231,0.5443423290720102,22.659600533686323,0.5692480885870441,89.04513849986402,0.17126436781609194
1998-10-30,0.15605868115039281,0.5593887025881086,0.5444192751818324,22.665065412236775,0.5693205600457617,89.04076848669554,0.17586206896551723
1998-11-03,0.1566027194476519,0.5593518436282269,0.5446380610004433,22.684022454632032,0.5697796590295585,89.07047534280865,0.17011494252873563
1998-11-05,0.15695036715089256,0.5594599536462792,0.544618631015878,22.68078730799315,0.5697013637477588,89.06871247662261,0.17471264367816092
1998-11-09,0.1570551236095148,0.5594181673055827,0.5447321626486312,22.68594060793469,0.5697516043424117,89.05329107564083,0.17701149425287357
1998-11-11,0.15714628628128624,0.5587782475108934,0.5442218884157759,22.698826618988388,0.5703865946500303,89.02374935066275,0.17586206896551723
1998-11-13,0.15715430928612797,0.5579800185095138,0.5432817937282071,22.70549308883619,0.5710916114171646,88.9554324647633,0.17701149425287357
1998-11-17,0.15714333229507374,0.5573232520349581,0.5428100724952346,22.71631057465731,0.5717779308811137,88.94144636934017,0.1793103448275862
1998-11-19,0.15712079140584792,0.5563503273828351,0.5423102080423347,22.7427725960244,0.5729460616690395,88.91661825431426,0.17701149425287357
1998-11-23,0.15746895854104062,0.5566430490950364,0.5427062798670409,22.7396027825651,0.5727097181329607,88.922078250886,0.1781609195402299
1998-11-25,0.15745515462886558,0.5565347550543652,0.5427632817472561,22.75476394015299,0.5730820634188447,88.92114907394097,0.1793103448275862
1998-11-30,0.158028923393156,0.5580184006880237,0.5442359884893498,22.74285487685278,0.5720768098619821,89.01095204773337,0.17586206896551723
1998-12-02,0.15772791880450324,0.5555469480054973,0.5417577221977607,22.77692522716757,0.5746927129376028,88.94729754059541,0.17701149425287357
1998-12-04,0.15822892374531267,0.5565112705767,0.5431496528671771,22.769761536923273,0.57390611128565,88.98938922727619,0.167816091954023
1998-12-08,0.15813256738066314,0.5555088392005104,0.5422672880006022,22.78453749046347,0.5749939633506073,89.02218225869824,0.16666666666666666
1998-12-10,0.1583824870318684,0.5560249558359915,0.542790996127114,22.77552627861156,0.5744110690748331,89.04885524644429,0.16206896551724137
1998-12-14,0.15846647103030967,0.5555286715846961,0.5423307377736977,22.768352474068475,0.5746808445970483,89.00896996537124,0.16436781609195403
1998-12-16,0.15860327147445594,0.554307277225255,0.5416277676970866,22.78519170562992,0.5760346495884756,88.92607731234564,0.16206896551724137
1998-12-18,0.15878700516352076,0.5531180255692121,0.5392434154769636,22.786907599550354,0.5772632780206493,88.89411979616898,0.16551724137931034
1998-12-22,0.15893115247049575,0.5526530145102089,0.5388480426837199,22.790408756546313,0.5777549355762046,88.85226532791813,0.16551724137931034
1998-12-24,0.15927123891776557,0.5534320205153138,0.5397605106555367,22.777350270128053,0.5770330003095085,88.86090199203024,0.15977011494252874
1998-12-29,0.15925821429364315,0.5530707754247495,0.5389115884732042,22.78853026075161,0.577517995620495,88.88489483055368,0.16091954022988506
1998-12-31,0.15934577594652444,0.5520172088471156,0.5378628103987046,22.798753087303368,0.5783831162255325,88.8472951380654,0.15977011494252874
1999-01-05,0.15944509324529235,0.5515377264041961,0.5375088452406709,22.808581210814005,0.5789941989788407,88.83766964351324,0.15977011494252874
1999-01-07,0.15982425534317365,0.551586755504532,0.5379915588808711,22.810574931704217,0.5789234717300709,88.83997649513842,0.16551724137931034
1999-01-11,0.15992450391106414,0.5489657558991649,0.5362759694960547,22.865911444362375,0.5818271998978188,88.77820835760501,0.15977011494252874
1999-01-13,0.1602515279028564,0.548613463560892,0.5359078070986864,22.86899411904037,0.5823079721173507,88.8255105288775,0.15862068965517243
1999-01-15,0.16114493106269265,0.5507840364489593,0.5383070768791111,22.844177096313288,0.580262946735134,88.91209685566383,0.16436781609195403
1999-01-20,0.16101840741728868,0.5485188472128476,0.535733465788876,22.871232227991623,0.5825233463338773,88.84859524962702,0.167816091954023
1999-01-22,0.16122709665313695,0.5478957481935035,0.5351753800093499,22.87504545510919,0.5830835714531116,88.81056857554134,0.1632183908045977
1999-01-26,0.1612291316133656,0.5467199288745377,0.5340535084875909,22.891072816596445,0.5843655827689762,88.7931527438195,0.15862068965517243
1999-01-28,0.16164536905708116,0.5466930881910633,0.5337020425947844,22.890244503101677,0.5847242755434857,88.80556334160465,0.15402298850574714
1999-02-01,0.16151030695036142,0.544773327231308,0.531563334822059,22.910845145568576,0.5863608068085294,88.74664648101655,0.15402298850574714
1999-02-03,0.1616126581601824,0.5444632704689069,0.5311002466763314,22.91111344207652,0.5866606244492913,88.73312617318562,0.14942528735632185
1999-02-05,0.16172813021116633,0.5433282967589098,0.5302658587129873,22.911051486267308,0.5874551034493952,88.6227595104932,0.15517241379310345
1999-02-09,0.1617205326184649,0.5426737854605099,0.5297103421027404,22.9164956108379,0.5881658007231955,88.64728792408164,0.15402298850574714
1999-02-11,0.16189877849570072,0.5412723979054301,0.5286999942936698,22.910052235192925,0.5889847026679109,88.57856796648451,0.15977011494252874
1999-02-16,0.16210901967996713,0.5409480565038317,0.5284150058200254,22.908719635342454,0.5892926936015763,88.54807162383214,0.15862068965517243
1999-02-18,0.16236912572037815,0.5409793899406874,0.5285581395674385,22.912648571135065,0.5894732897295719,88.55388063619027,0.16666666666666666
1999-02-22,0.1628577648035241,0.5417161645566956,0.5295824141951215,22.897782449625474,0.5887067610331199,88.60767763337779,0.16436781609195403
1999-02-24,0.16288125600940082,0.5415475785294753,0.5296578680371662,22.913820706995914,0.589214033998088,88.6009023809868,0.16551724137931034
1999-02-26,0.1629460766045012,0.541747153797596,0.5298904984982418,22.91471607229445,0.5891125149181763,88.62377899054023,0.1632183908045977
1999-03-02,0.16288223415953001,0.5410889929258041,0.5293366235244971,22.93113293544381,0.5900263459157105,88.61402653714104,0.15862068965517243
1999-03-04,0.16298698467300993,0.5412451420985149,0.529146253408705,22.92637248795604,0.58993219571932,88.62572671624162,0.16206896551724137
1999-03-08,0.16345069217840583,0.5418887939215059,0.5298339379719404,22.917285900305156,0.5892582939868322,88.64680791424583,0.16206896551724137
1999-03-10,0.16317212247439808,0.5399239809762828,0.5277838776762541,22.941456112322584,0.5910705793489733,88.5845138561553,0.16091954022988506
1999-03-12,0.1631645343228729,0.5390081718930653,0.5270166525672036,22.951778376576954,0.5918124054480584,88.52815049394628,0.15747126436781608
1999-03-16,0.16312088607900574,0.5386634991397934,0.5269724903792405,22.9583793429943,0.5920676941934657,88.50726582234435,0.1528735632183908
1999-03-18,0.16326892410988678,0.5384157827955807,0.5261885025833835,22.957718289933624,0.5923011408328691,88.48460622218585,0.15632183908045977
1999-03-22,0.163409099722139,0.5383590589136803,0.5262263142527075,22.967495036644063,0.5925734321728253,88.43198550690737,0.15977011494252874
1999-03-24,0.1634103289758636,0.5379880996272949,0.5256087922998156,22.970504202490222,0.5930748138065731,88.48487740628401,0.15057471264367817
1999-03-26,0.16369032880656073,0.5378698106911537,0.5259995905708078,22.97469553632766,0.5930630901277529,88.45957090825294,0.1528735632183908
1999-03-30,0.1640997123824413,0.5382712029213468,0.52561332057632,22.958861575523585,0.5926987561612674,88.48576199230355,0.15172413793103448
1999-04-01,0.1641211198645682,0.5378935105624368,0.5242184164637693,22.948455536978916,0.592772577103518,88.44031418375188,0.15402298850574714
1999-04-06,0.16442999489144297,0.5378107643445731,0.5237431165482974,22.941862718894473,0.5927385509783355,88.35380018042127,0.1482758620689655
1999-04-08,0.1639340761525802,0.5351687590251138,0.5213407134849289,22.993103016985433,0.5958039475717124,88.31459053033214,0.1528735632183908
1999-04-12,0.16377857810348695,0.5344714723567908,0.5211730965683876,23.010492879603287,0.5968173177176501,88.30661689675563,0.15402298850574714
1999-04-14,0.1637288729845777,0.52912121891208,0.5162817770613499,23.014510356434045,0.6008950876235384,88.1412333799372,0.15977011494252874
1999-04-16,0.1636842973067361,0.5254889940955675,0.5122003756639638,23.0331625377023,0.6038308199920353,88.10371597068588,0.15977011494252874
1999-04-20,0.16381115720975772,0.5206030560211028,0.5078330458256386,23.006006221579895,0.6067630252628209,87.92713905643402,0.15862068965517243
1999-04-22,0.16416761454318562,0.5200612008386913,0.5079184080326614,22.99094511059688,0.6067978044452396,87.91047816038038,0.1528735632183908
1999-04-26,0.1635804970795723,0.5176853251051569,0.5055129793959393,23.026620125369156,0.6093277563799354,87.87674027825612,0.1528735632183908
1999-04-28,0.1632138458979506,0.5131666459771272,0.5010175441661721,23.052182324842185,0.61266452487795,87.71908434100393,0.16206896551724137
1999-04-30,0.162515252689709,0.510286605053544,0.49922481614873837,23.081556196079955,0.6150138440967152,87.6994673926115,0.15517241379310345
1999-05-04,0.1627236650349296,0.5095863701941984,0.4979472953296354,23.094918283200936,0.6156052291995692,87.6945043950536,0.15517241379310345
1999-05-06,0.1626143531574011,0.5083391316764407,0.4968619449186943,23.11180520590878,0.616914745687911,87.64463274902204,0.15517241379310345
1999-05-10,0.16267935586791574,0.5077067982360807,0.4959893658642009,23.114673512887908,0.6174873432093055,87.58628503898323,0.15517241379310345
1999-05-12,0.16262123503159104,0.5063728086921593,0.4947889758989206,23.128678518479678,0.6185397384234295,87.52677944784013,0.15402298850574714
1999-05-14,0.16292656168961514,0.5067376149463407,0.49510941621860577,23.12165109548087,0.6180802207839218,87.54599259844359,0.15402298850574714
1999-05-18,0.16297470768680633,0.5060908710878852,0.49414028595596615,23.127070953572552,0.6186967159275263,87.53927273933776,0.15862068965517243
1999-05-20,0.1628724281196789,0.5055463319941605,0.49359616620971963,23.136816720017226,0.6193544451545017,87.55962254259903,0.15402298850574714
1999-05-24,0.16317416107950417,0.5062635482486233,0.4946005296867696,23.120932014529156,0.6185078924497072,87.57779219190735,0.14942528735632185
1999-05-26,0.16355630559290574,0.5067165421780766,0.4953369054639027,23.10735753238695,0.6182498008102669,87.60241564582711,0.15172413793103448
1999-05-28,0.1639482523285929,0.5076077732737685,0.49612763167391855,23.099829610328662,0.6171612379339606,87.63376525131511,0.1528735632183908
1999-06-02,0.16376053902451582,0.5056236102773638,0.4937643015311064,23.11309727272723,0.6188277644534812,87.56010212917694,0.15057471264367817
1999-06-04,0.16403697251534477,0.505696349146813,0.49355999457661276,23.109748290395217,0.6187734382859662,87.55047736901778,0.1528735632183908
1999-06-08,0.16400426508112514,0.5051898464310934,0.49298192129522134,23.106687892494445,0.6193643923228437,87.52099563318555,0.14482758620689656
1999-06-10,0.16395161893924673,0.5038086183794166,0.4910519033418569,23.10414932242638,0.6204116674685942,87.47442211382044,0.14942528735632185
1999-06-14,0.1640194759703858,0.5031266300088993,0.49056778172562693,23.121641746354914,0.6212143787105467,87.43765578000323,0.15172413793103448
1999-06-16,0.16412583308668985,0.502565769673929,0.4907142958740123,23.12049082392483,0.6215463076655077,87.34282881884413,0.15172413793103448
1999-06-18,0.16352106340407638,0.5004159373121115,0.4889288250474559,23.143851640417477,0.6236049149184983,87.32391096611619,0.14597701149425288
1999-06-22,0.16352822470754083,0.4995737459098369,0.48806978397628936,23.15010327683522,0.6243519472176977,87.27711079709083,0.14482758620689656
1999-06-24,0.1637281642137356,0.4999017548744549,0.48838641595687926,23.146777351332883,0.6241601461373927,87.27413542788514,0.1471264367816092
1999-06-28,0.16375061192190998,0.49957790429055443,0.4881900089223411,23.150696823938418,0.6244425147739885,87.2880837979729,0.14597701149425288
1999-06-30,0.1638272051595826,0.4983079096094518,0.4853751450300556,23.14008255936687,0.6253401937452139,87.24126338431894,0.14482758620689656
1999-07-02,0.16374725299436313,0.49703336035741585,0.4841672139553068,23.159967054722443,0.6268748190891436,87.1927583491086,0.1425287356321839
1999-07-07,0.16370325748255582,0.4931762759807959,0.48134783770792455,23.237859462267334,0.6309499482410086,87.04126261249023,0.14022988505747128
1999-07-09,0.16371713839180052,0.4924368468081316,0.48089070779892135,23.258526183616,0.6319206885593716,86.978381800754,0.135632183908046
1999-07-13,0.16356492572920386,0.49253377422235894,0.48078258118615164,23.249248091879004,0.6317564308978207,86.9144286205256,0.135632183908046
1999-07-15,0.16340976213923075,0.49153360673183466,0.48002868726459036,23.26009185326393,0.6327297719537195,86.79951420941613,0.13908045977011493
1999-07-19,0.16299914401002225,0.4903639075103288,0.47952497863248755,23.278460228288786,0.6339984553716922,86.84705083563512,0.1413793103448276
1999-07-21,0.16326536368991423,0.49071170725573887,0.48038052146839544,23.26862386689278,0.6336003976288492,86.89172352984828,0.135632183908046
1999-07-23,0.16333530821472733,0.4901580867208143,0.4802361482078426,23.268188266381447,0.6339399220883387,86.8175875201664,0.13448275862068965
1999-07-27,0.16337658591120074,0.4897687997476809,0.4801263397626331,23.26613193491306,0.6342647669389828,86.81463548994648,0.13218390804597702
1999-07-29,0.16371920980263732,0.49035163424638,0.4806815592135407,23.24938495126447,0.6336319885719781,86.8498759897092,0.13448275862068965
1999-08-02,0.16368745490843203,0.48948373922079197,0.48034050400573525,23.270144258861606,0.6346339035677476,86.80203530521918,0.13448275862068965
1999-08-04,0.16342674678277108,0.48806980572376013,0.4793300003958064,23.28090993839397,0.63583029575518,86.72654175029795,0.12988505747126436
1999-08-06,0.16340126692776885,0.4876306581244722,0.4788377104519162,23.293889681391747,0.6364181049903919,86.74862788464294,0.12988505747126436
1999-08-10,0.16362440143206014,0.48739316318338716,0.47849419116802594,23.301380945288148,0.6369313931200348,86.73443370361139,0.12758620689655173
1999-08-12,0.1633431611081406,0.48602349196091693,0.4775307655435374,23.31728674427023,0.6384368090186444,86.71966352952875,0.12528735632183907
1999-08-16,0.16334349096795983,0.4852167019178206,0.4767626178813286,23.30031233632726,0.6390232719688571,86.69514693261603,0.12873563218390804
1999-08-18,0.163396278212204,0.4847463609819829,0.47634141219602405,23.312997201502196,0.6397499056816999,86.69224426178418,0.13448275862068965
1999-08-20,0.16352067083766497,0.4845965618434186,0.4762115584703846,23.329619121386138,0.6402366471238187,86.6840391954154,0.13333333333333333
1999-08-24,0.16371416036250488,0.4842665127053039,0.4763449846314735,23.341461336658885,0.6407641552105586,86.6359239135399,0.12873563218390804
1999-08-26,0.1633143632679011,0.4822830003703796,0.47504871280104993,23.36686768661051,0.6425541354861387,86.56475018043506,0.13218390804597702
1999-08-30,0.16382234447595959,0.48376153289294765,0.47647531994372117,23.353261494807573,0.6413392518254799,86.69478949310457,0.13448275862068965
1999-09-01,0.16391767918073988,0.483538242837819,0.476159021323116,23.359749186008926,0.6416266407938412,86.67856708598242,0.1310344827586207
1999-09-03,0.16449399805220846,0.4846311161562925,0.477154960280694,23.336479360673817,0.640388222897782,86.69604074959501,0.135632183908046
1999-09-08,0.1642938931622231,0.4832010641159671,0.47568144721783306,23.347698514163014,0.6417097825529172,86.61539719204828,0.14022988505747128
1999-09-10,0.16384915959747845,0.4815600984823427,0.4744931069288296,23.374261828808187,0.6434772675315482,86.54298596811402,0.1413793103448276
1999-09-14,0.16400676382637386,0.481726263529021,0.47435654588370274,23.37118390534821,0.6435804421434219,86.53131129751428,0.13908045977011493
1999-09-16,0.16412721762584037,0.4817750084732585,0.4745427824708177,23.374558928036137,0.6435771826723804,86.5683501008823,0.13793103448275862
1999-09-20,0.16418707315254746,0.48147987060048186,0.4744980327086212,23.382759920588402,0.643930692677909,86.58386611319301,0.13218390804597702
1999-09-22,0.16455018516185257,0.4823404030130812,0.47509202935000017,23.375172244825407,0.6431231470735991,86.58149924480257,0.12988505747126436
1999-09-24,0.1650678924491373,0.4833683130072897,0.4766891268860918,23.370736188520407,0.642404838417285,86.5754708353425,0.12873563218390804
1999-09-28,0.16516174299395114,0.4828167159626876,0.47529043708211915,23.37390924441298,0.6430337520819712,86.51693959766071,0.12988505747126436
1999-09-30,0.16522526442405824,0.4819580302925803,0.4747430769445372,23.385323160724415,0.6438146899304107,86.48936015628232,0.12758620689655173
1999-10-04,0.16539235552104567,0.4815920805223842,0.4746893587056847,23.402179200856807,0.644534798229903,86.46256787370916,0.13448275862068965
1999-10-06,0.1656836144946143,0.48149974618030555,0.47425021379760324,23.398156250720973,0.6444927015938888,86.44220382694677,0.13448275862068965
1999-10-08,0.1657465701992049,0.4807002995202802,0.4731962219798544,23.403365554454467,0.6451504242835857,86.39916812669368,0.13793103448275862
1999-10-12,0.16589741635118965,0.48061778105721226,0.4729482919265487,23.401756362592394,0.645145141474532,86.34598995901972,0.13448275862068965
1999-10-14,0.16599913512304804,0.47966835290193005,0.4731788088973844,23.412834547724437,0.645995670235333,86.29271231685725,0.1310344827586207
1999-10-18,0.16671333625598153,0.481478718533631,0.4759412272844572,23.38844816163105,0.6443773900942559,86.36109382083848,0.13793103448275862
1999-10-20,0.16631554653970257,0.47810392412668234,0.47255534213460626,23.403659841062968,0.6468629282913507,85.28815070332838,0.14597701149425288
1999-10-22,0.1591910071831948,0.45519744626484154,0.456321566721163,23.614141854842444,0.6667445540104476,84.94912905464344,0.14482758620689656
1999-10-26,0.15903220790770645,0.4544958206647827,0.45523985745500156,23.624215722404646,0.6676865007176388,84.90601242804111,0.14367816091954022
1999-10-28,0.15934048128457493,0.4535734451118638,0.4566710795127829,23.643793642038485,0.6685327948881157,84.86796804931426,0.14942528735632185
1999-11-01,0.15963591666038057,0.4533799182093171,0.4562998509663378,23.647958786385225,0.6687176205378719,84.85345735412426,0.15517241379310345
1999-11-03,0.15939918620871302,0.4511338093914518,0.45389170195374484,23.66866615625328,0.6707505203898912,84.72091490311533,0.15862068965517243
1999-11-05,0.15939685799914619,0.44980216760802494,0.4527053372983425,23.691850843453842,0.6720959762986873,84.56290623680579,0.15747126436781608
1999-11-09,0.15887840676190068,0.44768942376476656,0.45076426516891355,23.721869603822423,0.6739008194431126,84.49943986443917,0.16091954022988506
1999-11-11,0.15835252106108058,0.44533091804090097,0.4487549740587655,23.747482545479212,0.6761015623627723,84.34614255245943,0.15862068965517243
1999-11-15,0.1584579094321264,0.44530080790085586,0.44906726691626103,23.755824058083938,0.6762841546719647,84.31658735007323,0.1528735632183908
1999-11-17,0.15852565851116965,0.44447197949473655,0.44922268420706296,23.76264413901042,0.6771094790299778,84.30744133021379,0.1528735632183908
1999-11-19,0.1583031954396372,0.44339986592589303,0.4482251987341362,23.778374861239804,0.6782777151089144,84.31418499410648,0.1482758620689655
1999-11-23,0.15843947283931478,0.4419814472628465,0.44621800270533907,23.80086803179577,0.6797237789424786,84.16006642388969,0.14942528735632185
1999-11-26,0.15829774806736818,0.4414634549487851,0.4460527479519568,23.808715412601273,0.680389005962706,84.14941784509583,0.14942528735632185
1999-11-30,0.15836386612355727,0.4408883546623649,0.4462768951937299,23.822909527940077,0.6808099361771864,84.07935892011828,0.15747126436781608
1999-12-02,0.1582997843536117,0.43947177111446095,0.4453126275707384,23.84909634013832,0.6822985593673145,83.99630220281728,0.15862068965517243
1999-12-06,0.15860255529845654,0.4399476744697646,0.44574279475731365,23.841531539427336,0.6819531747282024,83.92928801488964,0.15747126436781608
1999-12-08,0.15840669106575003,0.43865109482054937,0.44435439743357535,23.867978694619037,0.6832688403591759,83.85644074320635,0.16436781609195403
1999-12-10,0.15833170972107885,0.4376612607599778,0.4434320528579275,23.88854575536597,0.6843908088952915,83.82212191831897,0.15862068965517243
1999-12-14,0.15813675360522603,0.43608719831153736,0.44145408127760766,23.905756998497303,0.6861666380784923,83.6566544318973,0.16206896551724137
1999-12-16,0.1580035455070549,0.4348747087820665,0.44042593251614126,23.91937312834745,0.6873288633515037,83.59006614226418,0.16551724137931034
1999-12-20,0.15786281409629047,0.4334879920077171,0.4387898189657588,23.956990759102712,0.6890395092969247,83.52426398763923,0.1632183908045977
1999-12-22,0.1576721500963311,0.4316804721827101,0.4377629541593043,23.979353763368643,0.6908119222940573,83.31634082867471,0.15977011494252874
1999-12-27,0.15745943916831395,0.4301397078760788,0.43646583965542557,24.000534664021632,0.6923880991218949,83.3433245871555,0.16091954022988506
1999-12-29,0.15757485010749644,0.4300489355986315,0.43618067128699733,23.996129756387624,0.6923758832338518,83.33839441259617,0.16436781609195403
1999-12-31,0.15754570051638975,0.42945421027642855,0.43576792647558543,23.99716679913503,0.6927086851454088,83.26452942063159,0.15977011494252874
2000-01-04,0.1577345641589058,0.42883909825067335,0.43619350743197816,23.995766832304618,0.69283856543154,83.16036101806195,0.15747126436781608
2000-01-06,0.1575101585701696,0.4257334584416176,0.4331671571973767,24.026429702977964,0.6951707286134151,82.93526051000867,0.15632183908045977
2000-01-10,0.15871385470462235,0.42098596489357265,0.431053612776978,24.084795632081324,0.6992246627085483,82.5598580219122,0.1839080459770115
2000-01-12,0.15844780109297815,0.41900897766896633,0.4300845366709436,24.114093340891067,0.7011835370447209,82.49846986574249,0.19195402298850575
2000-01-14,0.15854413290689748,0.4182354861772009,0.4301806257571452,24.128078533301665,0.701971674961263,82.5054358873795,0.19655172413793104
2000-01-19,0.1585603532690312,0.4170893963963326,0.4289948439682844,24.147079193882373,0.7032636219639142,82.43956851178835,0.19540229885057472
2000-01-21,0.15847166377368532,0.41492139195740113,0.4267096886853038,24.18042618253302,0.7058477617503998,82.32176316182417,0.1850574712643678
2000-01-25,0.1590241690360304,0.4148975706418028,0.42648927490374056,24.194587098358813,0.7059932976269053,82.32289585383842,0.18735632183908046
2000-01-27,0.15851960079434962,0.41126305451027156,0.42424267672176397,24.241119564015065,0.7093956357698673,82.18897404089167,0.19310344827586207
2000-01-31,0.15965775637406399,0.4131455439015056,0.4267178606092476,24.225591231842294,0.7082551291561601,82.38943664969024,0.19195402298850575
2000-02-02,0.1596143726510867,0.4116252276525298,0.42540116647647197,24.237303910496177,0.7096157804439509,82.32742470630573,0.19310344827586207
2000-02-04,0.15960559623521967,0.41053927044335403,0.4237969542703445,24.24730524097144,0.7106804988355236,82.23268755943609,0.19080459770114944
2000-02-08,0.15960299567364006,0.4088067527610911,0.4221900456272338,24.27884099387912,0.7124007630654959,82.14324442179375,0.18735632183908046
2000-02-10,0.15989687658738044,0.40889403349014664,0.42260258980436066,24.276210854185173,0.7121757393097631,82.09825288200328,0.18620689655172415
2000-02-14,0.1602822789156679,0.40898279219857514,0.42273012003096944,24.288437052777606,0.7122306284758927,82.09853586033162,0.18735632183908046
2000-02-16,0.16043202967986153,0.4080922637511532,0.4218083235201816,24.30034550647086,0.7130522487437965,82.0108925143275,0.1850574712643678
2000-02-18,0.16091918543915132,0.4086147556548198,0.4226047707998354,24.309113880198186,0.7127685548372564,82.03595513405129,0.1735632183908046
2000-02-23,0.16094542956915545,0.4069170114565152,0.4204899335178659,24.306997087777887,0.713711003631063,81.92249934133271,0.1793103448275862
2000-02-25,0.16140795909991543,0.4072365228839944,0.4194415429730808,24.30106156885346,0.713598300266875,81.93749915352319,0.18735632183908046
2000-02-29,0.16130187082610037,0.40594802979015543,0.4185760942923738,24.324931960857786,0.7147398326592019,81.85488995229348,0.19310344827586207
2000-03-02,0.16132743989786724,0.4047807954724425,0.41796556079213865,24.354568162630606,0.7161742873683214,81.7931474148643,0.18735632183908046
2000-03-06,0.1620001623406593,0.40618174779604166,0.41894321407701823,24.348593667033743,0.7150280262396135,81.91010586602236,0.18045977011494252
2000-03-08,0.16267868039051697,0.40195235520041916,0.41478048139682444,24.39048457408148,0.7174050782242617,81.57824637828236,0.18160919540229886
2000-03-10,0.16307683310145552,0.4021742106768018,0.4153091195138669,24.393530077076807,0.7172663091620392,81.62183952342144,0.18160919540229886
2000-03-14,0.16346323119038106,0.4020077999982813,0.416064380235214,24.397203035841883,0.7176548835373844,81.62816997419995,0.1793103448275862
2000-03-16,0.16831447548681003,0.41280191367237806,0.42003029310857737,24.29500702142095,0.7069589618408703,82.00579201246664,0.23448275862068965
2000-03-20,0.1683766420997876,0.41139965802408646,0.4189667672326518,24.301350322453224,0.7079435872648813,82.04367773007736,0.23448275862068965
2000-03-22,0.168744303261473,0.4108827288583322,0.41891579221505293,24.307106484513223,0.7083001971897064,82.05792955706966,0.2367816091954023
2000-03-24,0.1689600061908142,0.4108795654706845,0.419268665444177,24.315192617655736,0.7086965310568175,82.09594445202191,0.23218390804597702
2000-03-28,0.1690087561944646,0.41026157752686315,0.41934264096623275,24.320430565805697,0.7092690892342458,82.06725866532172,0.23333333333333334
2000-03-30,0.1689382964280153,0.4063231690104181,0.41468570413748107,24.3183177021817,0.7111988666588731,81.80722768886716,0.22873563218390805
2000-04-03,0.16901918755218287,0.4037529289459502,0.4118045579426981,24.324215220788304,0.7129286205828186,81.54608588802549,0.23218390804597702
2000-04-05,0.1689777021219071,0.4013515758586109,0.4103924725297919,24.36708627764881,0.7153241206522127,81.44190423175262,0.22298850574712645
2000-04-07,0.16896164934327543,0.39990180765773703,0.4085603693799577,24.36490034157251,0.7161981727038234,81.30570170834231,0.21724137931034482
2000-04-11,0.16890314218983604,0.39751787644917,0.4063748912320247,24.365592529791144,0.717594912426368,81.16821994458721,0.21954022988505748
2000-04-13,0.16915657793180838,0.39540013518002404,0.40447786721340834,24.32431671747356,0.7181799647957625,81.17743406432636,0.19770114942528735
2000-04-17,0.17288188988555153,0.40245933785902044,0.4120829687080353,24.259370108965037,0.7123982303048862,81.42300820913232,0.18850574712643678
2000-04-19,0.17263950345619034,0.3991387768999255,0.4104436845914847,24.280206808556184,0.7146068135077626,81.41150249133256,0.1896551724137931
2000-04-24,0.17245778037073298,0.39649038391104613,0.407865429165463,24.29523970260178,0.7163771621909805,81.34454969108667,0.1850574712643678
2000-04-26,0.17346267198910537,0.39689894918538804,0.4097124254070187,24.29404161352625,0.7160493595823313,81.25392343957013,0.19655172413793104
2000-04-28,0.1733688585577005,0.3950476291012337,0.4082019725187627,24.301696444284556,0.7171897159152179,81.14570755729473,0.19885057471264367
2000-05-02,0.17340838014813462,0.39357345731143767,0.4072308244443288,24.315275925583485,0.7183250810141338,81.11458773270424,0.20229885057471264
2000-05-04,0.17384693334540005,0.393059862087657,0.40770896169048626,24.327091284139847,0.7188504449300026,81.2420110232094,0.19655172413793104
2000-05-08,0.1740233106201579,0.39231914987602673,0.40762159968442707,24.327561296427714,0.7192447467422415,81.1272348350959,0.19540229885057472
2000-05-10,0.17407551610034067,0.3908054917398697,0.407247835750412,24.32511619942611,0.7201102192558951,81.06583393246173,0.19195402298850575
2000-05-12,0.17436466487221533,0.3910562205750223,0.40720207598385283,24.338087570756915,0.72007204085892,81.0724856891727,0.19310344827586207
2000-05-16,0.17489818526216894,0.3912678982938175,0.40714447437128504,24.32807076953716,0.7199055842818695,81.09490231736815,0.18850574712643678
2000-05-18,0.17482974140116997,0.39049076793085835,0.40678018075664285,24.335664661112013,0.7204803009750936,81.05248565622355,0.19770114942528735
2000-05-22,0.17512949773467623,0.3902424624299846,0.4072120402138886,24.3269505580768,0.7203814763833518,81.12691248742262,0.18850574712643678
2000-05-24,0.17553211727544327,0.3899913542770243,0.40790642361420243,24.32411672353534,0.7208623518829634,81.08852876779129,0.2
2000-05-26,0.17563435122549337,0.38944638617541805,0.4072864956294215,24.33377558877553,0.7213669575826199,81.01422232927878,0.20114942528735633
2000-05-31,0.17609302383229145,0.388777744404251,0.4088601227480772,24.308900156205762,0.721180584621521,80.98469772208566,0.20229885057471264
2000-06-02,0.17639480901885965,0.38775434249059537,0.4093859534784758,24.30932414202345,0.7216868612625362,80.7284226261272,0.20114942528735633
2000-06-06,0.17611953686743548,0.38594043987562343,0.40874354338642654,24.334424375926105,0.7230526117595591,80.6288991831064,0.2057471264367816
2000-06-08,0.17563778713705078,0.38376373612680803,0.4072160554061988,24.357561502429654,0.7247896189177755,80.45403355427273,0.20804597701149424
2000-06-12,0.17530411557747289,0.38199902375787437,0.4064480976178241,24.3746552698227,0.7262484959346492,80.40245011429742,0.2057471264367816
2000-06-14,0.1752756701541887,0.38110576953235903,0.4059759196695918,24.380414391561658,0.7269549590801716,80.29205255101691,0.20689655172413793
2000-06-16,0.17520019552272184,0.38057611083441284,0.40502124018964913,24.37997244542927,0.7273574461205083,80.26591618271692,0.2057471264367816
2000-06-20,0.17528811227233856,0.37994239446417677,0.4043633012451666,24.382042925824127,0.727710035707483,80.23641732612465,0.2057471264367816
2000-06-22,0.175594541131551,0.380422327603523,0.4049260805628606,24.37170549284765,0.7275006441400913,80.22509112913903,0.20689655172413793
2000-06-26,0.17572157105830793,0.37907908029165743,0.40288889891679036,24.373445276780522,0.7286238488337041,80.13425476807085,0.2160919540229885
2000-06-28,0.1756657684581716,0.3779665008822843,0.4018598613305425,24.393073590492946,0.7297394436388212,80.0586364006239,0.21149425287356322
2000-06-30,0.17563440673626554,0.37661356523395423,0.4010056661396951,24.4149340453531,0.7310907277065104,79.96892487080905,0.2057471264367816
2000-07-05,0.17597101512465047,0.37603538490647975,0.40029117220660726,24.428688296047365,0.7317025250958807,79.84741906536169,0.20689655172413793
2000-07-07,0.17605653878910593,0.3754228884477103,0.400089722378431,24.435692941409776,0.7322116449250854,79.75687820683336,0.2103448275862069
2000-07-11,0.17604997642942177,0.3744655441190354,0.3991738819594802,24.445051096208086,0.7328936905259489,79.71530111290973,0.20689655172413793
2000-07-13,0.1759408996021106,0.37345608961113774,0.3995140768925788,24.462560610615917,0.7337040580036315,79.67284775794846,0.2103448275862069
2000-07-17,0.1754780845895007,0.37190058124957337,0.39857364234849596,24.48019413009067,0.7350345925171439,79.60088837984578,0.20919540229885059
2000-07-19,0.1755231878311238,0.37139934456193185,0.39820151232051415,24.478066461148405,0.7352257399013844,79.59952173501912,0.20689655172413793
2000-07-21,0.17544188932863203,0.3705341120017748,0.39767872215016514,24.492763267584866,0.736134444132597,79.50561278010628,0.2
2000-07-25,0.17499391723828564,0.3683633233533635,0.39632500553759215,24.52044195476995,0.7380967185904622,79.30149782128723,0.19885057471264367
2000-07-27,0.1734312140279251,0.3630821349822958,0.3919383195384683,24.5705491707013,0.7422897899721215,78.8568104618552,0.20229885057471264
2000-07-31,0.17356474804982713,0.36241121317070335,0.39114720308804857,24.574325380008208,0.7426379199721623,78.8340463846232,0.19195402298850575
2000-08-02,0.173609302234644,0.36220857382779165,0.39048687915510105,24.57929906451739,0.7428960975809323,78.74028894276984,0.1896551724137931
2000-08-04,0.17296936485516723,0.3597284091063848,0.3888240635470866,24.60075952390819,0.7450260654395412,78.66181954533398,0.18735632183908046
2000-08-08,0.17302912378440796,0.3593730126647198,0.3884988587365291,24.61132013109654,0.7455983010500551,78.62357925257234,0.18735632183908046
2000-08-10,0.1727331168710852,0.3580973363647969,0.38769671172016457,24.63069231932922,0.7467509935559902,78.54492376356353,0.18045977011494252
2000-08-14,0.17318204750608523,0.3590698316373178,0.3877929912404096,24.62076838109593,0.7461540171509884,78.60719633787879,0.1850574712643678
2000-08-16,0.173034463600752,0.35852581998996536,0.38712770529451473,24.62597668375954,0.7466458014602281,78.5883074760777,0.18620689655172415
2000-08-18,0.1727696123581921,0.3574159061844401,0.3865671847933275,24.640002499815957,0.7477271472730486,77.98089613992809,0.19425287356321838
2000-08-22,0.17036418616833754,0.3507119053485323,0.38072332610186194,24.705578421189347,0.7526888542330511,76.80690220310098,0.19195402298850575
2000-08-24,0.16339819151508367,0.33234066340638,0.364673045381918,24.85496028636594,0.7656684517842698,76.4701658738634,0.19885057471264367
2000-08-28,0.16322322982467896,0.3323298431695846,0.36436868627331725,24.856099182257697,0.7659085856059239,76.47674614122944,0.20114942528735633
2000-08-30,0.16016249625677034,0.3250557129120547,0.35568346050659533,24.943207656836236,0.7722587695670116,75.72790151781123,0.21839080459770116
2000-09-01,0.15880627849301163,0.32142352711648386,0.35171386966381146,24.9802251998317,0.7756228658120743,75.35389241822641,0.2149425287356322
2000-09-06,0.15775890510269133,0.3157990791897852,0.347580375909791,25.054800223592526,0.7796510081666194,75.07670666226414,0.21724137931034482
2000-09-08,0.15769836475499666,0.3151932763659882,0.34716882056424,25.05070169898229,0.7799157909826906,74.85276007773527,0.22528735632183908
2000-09-12,0.15696042050912062,0.31268661258603564,0.34519134313119443,25.076225184303027,0.7819936409738918,74.82867531759422,0.22298850574712645
2000-09-14,0.15695481519724067,0.3126573076701002,0.3451121518427858,25.075828150938865,0.781942564779971,74.5298282848301,0.22413793103448276
2000-09-18,0.15559506868535383,0.30870225726224265,0.341215080631361,25.11656127668101,0.7846600210258172,74.48240470355486,0.22758620689655173
2000-09-20,0.15576598307204292,0.30876564577190924,0.34154127554377284,25.1277959313676,0.7850206002410309,74.45843100513515,0.23103448275862068
2000-09-22,0.15528467134910637,0.30685000595176154,0.33976125064642176,25.138619385087427,0.7865357197116285,74.03758806592687,0.2264367816091954
2000-09-26,0.15389222108475778,0.303208829602913,0.33660732089011836,25.17741795997027,0.7897617001655779,73.8061762768693,0.2367816091954023
2000-09-28,0.15393158160169723,0.30383309109610884,0.33549254132714196,25.201799974035637,0.7898047716776061,73.80431884452582,0.2413793103448276
2000-10-02,0.15302717046328723,0.3017600581002793,0.3336902355235339,25.21006464310007,0.79156510280912,73.515977865687,0.25057471264367814
2000-10-04,0.15180037322747258,0.30014084617258274,0.3290959644999659,25.238750641058108,0.7933570355578498,73.38723178739423,0.25632183908045975
2000-10-06,0.15196068686341208,0.30041635091927094,0.328698088333243,25.23692213338224,0.7930559244781291,72.61295428447877,0.24482758620689654
2000-10-10,0.14939595901629996,0.29310704223516443,0.3238593397366695,25.267315022285594,0.798065017522365,72.4898009156821,0.22528735632183908
2000-10-12,0.1500957576615674,0.2947870667908741,0.3252924294142511,25.262012732714652,0.7967704072329657,72.73109829849075,0.21379310344827587
2000-10-16,0.15045274017046006,0.2942911116008288,0.3259910524206968,25.252704753068993,0.7964470334334249,72.51572740821042,0.2149425287356322
2000-10-18,0.1508306780757813,0.2939217880393079,0.32498348795259,25.264546585368873,0.7967875095891309,72.63981522594746,0.20919540229885059
2000-10-20,0.1515141228110435,0.29299771007987696,0.3256543937004309,25.284163893821077,0.7973391658185328,72.59175867180096,0.2103448275862069
2000-10-24,0.15111567581955213,0.2901725333364546,0.3236074802204182,25.319658735010382,0.799527155798807,72.20935862942149,0.20114942528735633
2000-10-26,0.1509303088872476,0.28813725840125465,0.3228565626120929,25.32267203206909,0.8006320368275087,72.20494796226788,0.18850574712643678
2000-10-30,0.15118464894293987,0.28845450518220744,0.3207166148814024,25.317319321145703,0.800020937755451,72.51811014550971,0.19310344827586207
2000-11-01,0.15162221241229787,0.2886301852400389,0.32163467491160735,25.309593729960984,0.7996385301573158,72.44352838681462,0.19655172413793104
2000-11-03,0.15160070872657547,0.2880418747678,0.3212909425936744,25.318206816032212,0.8001603013173194,72.40143570074709,0.19425287356321838
2000-11-07,0.1516376885896114,0.28801729676306503,0.32136267477018504,25.327265546974523,0.8004012850651181,72.44675806672157,0.19195402298850575
2000-11-09,0.15167625054437484,0.28724946958196235,0.32059588653642423,25.32527398736287,0.8008732233302264,72.43088112677262,0.19425287356321838
2000-11-13,0.15200085962125337,0.2872114189020086,0.3207291411621443,25.32128919948855,0.8008649863236349,72.45310927362746,0.19195402298850575
2000-11-15,0.15211594559940114,0.28687168617300823,0.3213313626396661,25.32138921756286,0.801087368776696,72.44961351237492,0.1896551724137931
2000-11-17,0.1522391300027689,0.28651658951729975,0.3215300589166321,25.329356575749124,0.8014084504759917,72.42642990845276,0.1896551724137931
2000-11-21,0.15203866262763552,0.2851693415159695,0.32054372906844775,25.348802619604903,0.8024172792778372,72.29823218590421,0.18735632183908046
2000-11-24,0.15245569648655302,0.2859772042040724,0.3223802885913374,25.32598186399286,0.8013149772701006,72.37994087640728,0.1793103448275862
2000-11-28,0.15194923342221892,0.28353815997124954,0.32128477623446206,25.333317114041105,0.8025847913383989,72.20079176377273,0.1839080459770115
2000-11-30,0.1521647634322742,0.2834317655263774,0.3214406903978408,25.33731374548581,0.8025048482463442,72.18984330473192,0.1850574712643678
2000-12-04,0.15200530900728426,0.28249282763503963,0.3203326667932878,25.350851234492392,0.8031553477226163,72.06406912911807,0.18045977011494252
2000-12-06,0.1528020381617993,0.28259845285054347,0.322553781485262,25.32515448225418,0.8023335634189903,72.13164391831619,0.1850574712643678
2000-12-08,0.1530998535832088,0.2829278018965674,0.3237461771176025,25.310463746583792,0.8015437824546804,72.16527806048585,0.18850574712643678
2000-12-12,0.15286259223237048,0.28189391714074824,0.32266570671979977,25.32299113245716,0.801889509878483,72.10350077985463,0.1839080459770115
2000-12-14,0.15296359734525064,0.28150754999062644,0.3221883548139672,25.33094859931514,0.8023836913996273,71.92009665287452,0.1839080459770115
2000-12-18,0.15299882874584358,0.28096218780923676,0.3212112614562538,25.33631464846459,0.8025727166902705,72.03265231266376,0.18620689655172415
2000-12-20,0.15373526130071777,0.28118553947240504,0.32324909356124293,25.323942980530724,0.801978727281299,72.0011950180451,0.1781609195402299
2000-12-22,0.15453884280917848,0.28234572926268353,0.3259323259011906,25.300367586295053,0.8010586504563992,72.1420911064003,0.1850574712643678
2000-12-27,0.15511090312676273,0.2829305355563709,0.32658657322103635,25.285198733820064,0.8007376240103888,72.08581926890712,0.18160919540229886
2000-12-29,0.1548920636520799,0.28239735083878337,0.3257588078019855,25.288214467076934,0.8012018989221592,72.14579705375847,0.1839080459770115
2001-01-03,0.1568961894068813,0.28207701342253916,0.33052556830095314,25.176646605034666,0.7972996046015827,72.34847786892969,0.1724137931034483
2001-01-05,0.1569123400959911,0.2795405904491155,0.32975758506757263,25.18514159140997,0.7977440964275025,72.08462837375184,0.1839080459770115
2001-01-09,0.1559543251929871,0.27631159725045545,0.3269338305489012,25.208826762584437,0.7998652517600584,71.94390341636156,0.18045977011494252
2001-01-11,0.1560925090220539,0.2760226984125845,0.3279558813581144,25.192039534025245,0.7994002820428293,71.9124877168712,0.18045977011494252
2001-01-16,0.15605905881043872,0.27571713884728155,0.3277145621535838,25.191956566863475,0.7994214255418095,71.90582977421185,0.18160919540229886
2001-01-18,0.1558974727979898,0.2752138920332032,0.3269088154546739,25.19435808478627,0.7996623379257473,71.85898477099873,0.17701149425287357
2001-01-22,0.1556817116092959,0.2746740528376996,0.32562337849722506,25.21004668619635,0.7998320322967701,71.87917301070212,0.1781609195402299
2001-01-24,0.15589257305465187,0.2754145701971351,0.3260180091435455,25.20631645222488,0.7993468092393428,71.9062270622787,0.1781609195402299
2001-01-26,0.15578628305470277,0.27460475844935484,0.325026616763091,25.208039024876264,0.7998172399472079,71.97944546768834,0.17011494252873563
2001-01-30,0.15585508993934066,0.27482957318960766,0.3243640996537748,25.210665211995156,0.7998018980240493,72.08356463288895,0.167816091954023
2001-02-01,0.15558516338006004,0.27341157959083623,0.322443405036438,25.20356699425773,0.8008891391200319,71.97107773755558,0.16091954022988506
2001-02-05,0.1554870153678434,0.2734198175184363,0.3224429389772772,25.21421939287427,0.8011136329489432,71.87636690323508,0.16896551724137931
2001-02-07,0.15516886555233939,0.2725616983877133,0.321319531309196,25.227285283176982,0.8017750340822593,71.74982312128746,0.17126436781609194
2001-02-09,0.15501923147532362,0.2718967712659376,0.3212421595583179,25.232676360370856,0.8019343504627228,71.76440704980537,0.17011494252873563
2001-02-13,0.1545565610124655,0.2707365085482548,0.31996829710511715,25.24460842281144,0.8027628048216972,71.59338476072269,0.16896551724137931
2001-02-15,0.1546310784751887,0.2704187061081166,0.3197999095053503,25.24057528874996,0.8028207395287043,71.5974004150648,0.17011494252873563
2001-02-20,0.15477915726867095,0.2697031095949612,0.3200243543155879,25.22684511366386,0.8029026378997757,71.51293335276401,0.16896551724137931
2001-02-22,0.15500381435822788,0.2703481647945633,0.32001839214288136,25.226330172918285,0.8025072358992834,71.5475714940314,0.16551724137931034
2001-02-26,0.1552448878127714,0.2707497620643376,0.3202984502772173,25.233080071238277,0.8023342115069932,71.43685531999226,0.16551724137931034
2001-02-28,0.1549931924647014,0.2694640198662156,0.32019667165002796,25.23568287076997,0.80308382767087,71.47309681834207,0.16206896551724137
2001-03-02,0.15493245046535595,0.2689435170387406,0.31996724951786354,25.241889717106098,0.8035220474421947,71.45994734392121,0.16091954022988506
2001-03-06,0.15499272477119683,0.2688400892410571,0.32034504250220724,25.23112226340904,0.8032690232288443,71.4910141529138,0.1632183908045977
2001-03-08,0.15510497524708858,0.26910670155076793,0.31965723829171677,25.22933613727723,0.8030377166628943,71.53146434026058,0.16091954022988506
2001-03-12,0.1570362950963884,0.2740007402328395,0.32425370358841055,25.192331490131384,0.7997958743869382,72.02328060024766,0.15517241379310345
2001-03-14,0.15763126272411818,0.27527880145314976,0.3245326091381399,25.173998000411075,0.7986012503982519,71.9582534009019,0.15747126436781608
2001-03-16,0.15723203587055654,0.27375957705636933,0.32387110067642366,25.18388083052876,0.7993964502646046,72.02840165478018,0.15862068965517243
2001-03-20,0.15752293153950625,0.27415268976802387,0.3246205579098172,25.173242035904508,0.799231426950155,72.10602103499188,0.16091954022988506
2001-03-22,0.1575956221726986,0.27448838569494927,0.3229643596035507,25.18040013986085,0.7989631500798932,72.26493166288955,0.15172413793103448
2001-03-26,0.15819947348584942,0.27574334218511365,0.32383650862081587,25.186323695401793,0.7982536938947289,72.36728205878312,0.15057471264367817
2001-03-28,0.1587754039616967,0.2771533909274274,0.3239128664276259,25.160530622942478,0.797444959047168,72.56160097112904,0.14482758620689656
2001-03-30,0.15877103675922752,0.2772240211301977,0.32386411733761955,25.16561315651519,0.7975195900570174,72.53689006230739,0.14597701149425288
2001-04-03,0.1600728907691742,0.2803729379379781,0.32783988506432055,25.139929545079383,0.7953740071294795,72.92597799144575,0.14482758620689656
2001-04-05,0.16192196635416695,0.28561699073616126,0.33516972972627596,25.100008381678126,0.7918737462938136,73.43112915460999,0.15402298850574714
2001-04-09,0.16232191477924346,0.2876123536097078,0.33764708435858964,25.095763116229705,0.7910344497189874,73.5839642883023,0.15172413793103448
2001-04-11,0.16328022235163686,0.291311976637859,0.3412675690031363,25.079097704234318,0.7886857982122688,73.77404719756477,0.15632183908045977
2001-04-16,0.1630144315795383,0.29100508930001795,0.3405825324146845,25.087134081153724,0.7890097437868199,73.8785671860234,0.1482758620689655
2001-04-18,0.1642738542215406,0.2929597812528675,0.3440565811636504,25.050192991833537,0.7870221368499456,74.05059629287216,0.14942528735632185
2001-04-20,0.16440501455125986,0.29401608560613807,0.3455455430179497,25.042053998735224,0.7863724831455186,74.14887682012942,0.16206896551724137
2001-04-24,0.1645214024545134,0.29401822442483455,0.34657233036178714,25.03332130756429,0.7861112136237871,73.94274519480258,0.15977011494252874
2001-04-26,0.1646166193432485,0.2942238280383904,0.3469765538222246,25.0324486680667,0.7861174514693994,74.07432225186885,0.16896551724137931
2001-04-30,0.1646434192672151,0.2943263568862802,0.34677530639877446,25.02965249869832,0.7859708013736698,74.11082824457989,0.16896551724137931
2001-05-02,0.16478312680125953,0.29456449204343843,0.3468362079102742,25.023030228910116,0.7858030463962599,74.11158079206874,0.17011494252873563
2001-05-04,0.16516691268653044,0.2959462351035423,0.34812565194592465,25.01153277470117,0.7849153359948391,74.25411902599856,0.1735632183908046
2001-05-08,0.16479947918849736,0.29517292651362376,0.34753974905604146,25.018804853606692,0.7855167923565782,74.0988521014703,0.1793103448275862
2001-05-10,0.16479266286094163,0.2951917834977258,0.3477150587988378,25.02229706650181,0.7855259204993321,74.02395010446956,0.18045977011494252
2001-05-14,0.16473980310052566,0.29519765416594324,0.3476860393638923,25.02059562650476,0.7854462825063621,74.06064911408833,0.18275862068965518
2001-05-16,0.16550123367999398,0.29713981236475606,0.34864131141144183,25.00635312430998,0.7841756684616253,74.1842367020938,0.17701149425287357
2001-05-18,0.1652033028991853,0.2965606047614251,0.3477737251144036,25.019076049136682,0.7844965310318947,74.10642576185293,0.1793103448275862
2001-05-22,0.16500228495629982,0.2956311157250031,0.34804040767550704,25.0198116350971,0.785190124578779,74.1535660121083,0.1793103448275862
2001-05-24,0.1653179670501666,0.2966236293281381,0.34934934319319105,25.004727812818004,0.7843388851619393,74.21547046776737,0.1793103448275862
2001-05-29,0.16508835861562127,0.2961107070049089,0.34935602357236306,25.005556990589376,0.7845721894271159,74.24491177130794,0.17126436781609194
2001-05-31,0.16533434572888953,0.2965913654848548,0.3507464871359962,24.999729700848,0.7841166278045463,74.37867011277886,0.16551724137931034
2001-06-04,0.16529168482897127,0.2968782497700311,0.3513368131931223,25.00373334368867,0.7838464691609811,74.3924779885826,0.17471264367816092
2001-06-06,0.16555799593375117,0.2978834185568392,0.352212134087787,24.983903437216263,0.7828610554414062,74.53854647447764,0.1735632183908046
2001-06-08,0.16537750368898416,0.2977296449573523,0.35161832367833235,24.983645381439935,0.7828987498389121,74.49160981294659,0.17126436781609194
2001-06-12,0.16539990232403395,0.2979217488966993,0.3519020486065939,24.97965815977233,0.7826115386296656,74.54609743642024,0.17471264367816092
2001-06-14,0.1658655499927576,0.2991511758490168,0.35328045977264005,24.976640549825838,0.7819502962328643,74.69367539505596,0.17471264367816092
2001-06-18,0.1657495231148493,0.2988914025278177,0.3533096791563614,24.975632704108882,0.7821031376242785,74.64968801501479,0.18045977011494252
2001-06-20,0.1656969002703429,0.2986229440639592,0.352701862413905,24.979223061548666,0.7824457136198539,74.57334532834794,0.1781609195402299
2001-06-22,0.16562768169844064,0.29820717526529406,0.35348003997529176,24.9995208890547,0.7826999428979551,74.65741656424619,0.17586206896551723
2001-06-26,0.16557329940059773,0.2983713635996647,0.35364637672009713,24.996181242558972,0.7823305223535552,74.68112772572161,0.18045977011494252
2001-06-28,0.16572123808613057,0.2996674155452709,0.3552246197300353,24.977546659394044,0.7810757490987758,74.83563699523502,0.17586206896551723
2001-07-02,0.16567708603666342,0.29928596737342417,0.3549345871640831,24.97886413317255,0.7813002476534011,74.79661567785529,0.18045977011494252
2001-07-05,0.16572136713652819,0.299374353888704,0.35515404869148043,24.976275658502065,0.7812426738397321,74.81876559936508,0.17701149425287357
2001-07-09,0.16623113541812787,0.3006098661743334,0.3565075162413848,24.959192011483804,0.7802318095220051,74.93812122088399,0.17586206896551723
2001-07-11,0.16621710642169168,0.3000430398033697,0.3562932053659258,24.960849713404233,0.7806850607305487,74.80600357279503,0.1735632183908046
2001-07-13,0.16658422871568596,0.3003962389257592,0.3576214493784971,24.949567597839522,0.7800505005584736,74.9069110243456,0.17471264367816092
2001-07-17,0.1667265332765003,0.3005474532260956,0.3576768878687168,24.950953078294592,0.78001715596827,74.88502591165626,0.17586206896551723
2001-07-19,0.1665721536560057,0.3000368256295378,0.3569729472110139,24.963038183048525,0.7804851702573679,74.85430855824819,0.17586206896551723
2001-07-23,0.16646969532740774,0.29983314648841747,0.3555772235547041,24.96102709150216,0.7808659889959676,74.9048173985152,0.17126436781609194
2001-07-25,0.16714905873740352,0.30173287803713433,0.3564736694220718,24.95250773765865,0.7795867166525139,75.06567220317417,0.17011494252873563
2001-07-27,0.16720370554267025,0.3015921996943382,0.3564356592819552,24.953726206934327,0.7798279793610015,75.06133552785838,0.17126436781609194
2001-07-31,0.16717327230391815,0.3015894186875107,0.35651569759650226,24.94716933143937,0.7796593697572384,75.0629419657957,0.17011494252873563
2001-08-02,0.16695519420012056,0.30122915946504786,0.3564344194352424,24.951745325694567,0.7798396393615635,74.93308536362257,0.17701149425287357
2001-08-06,0.16689291179915333,0.30138780484935807,0.35618798239564836,24.95383746333441,0.7796974530767993,74.9449478258162,0.17471264367816092
2001-08-08,0.16675025698091134,0.30144729135205994,0.35614913343061355,24.965648159242523,0.7796979636910009,74.94937753158025,0.1724137931034483
2001-08-10,0.16659077609759781,0.30118735771367894,0.3560483134593164,24.965423691522705,0.7796905756789398,74.9479326797409,0.17471264367816092
2001-08-14,0.16646467845401908,0.30088034695996435,0.35533812804364884,24.953107418046073,0.7797938502984667,74.8932993592318,0.16896551724137931
2001-08-16,0.16625569943914695,0.3003078253002396,0.35499945751654294,24.959875367563388,0.7801516705269115,74.86550770664515,0.17011494252873563
2001-08-20,0.16619815060102194,0.3001916539023345,0.3553575085027735,24.953902081402386,0.7799673463297645,74.79685046984235,0.17126436781609194
2001-08-22,0.16582081198691545,0.29894358191447634,0.3548469385315316,24.966291237783196,0.7808705944133948,74.74373444130411,0.16666666666666666
2001-08-24,0.16609640198872452,0.29967232590129594,0.35606564733422263,24.953837121146602,0.7803033914285137,74.76479769558829,0.16896551724137931
2001-08-28,0.16557659904708746,0.2987019950959832,0.35543023285286013,24.96599058220613,0.7810642442742406,74.63631490256766,0.17011494252873563
2001-08-30,0.1658374008141709,0.29941444349743357,0.3570496769358465,24.958093785397313,0.7804841346770962,74.71686608008052,0.1724137931034483
2001-09-04,0.16589227997227587,0.299647788780883,0.3571868483923478,24.95211933598988,0.7801604937909972,74.7470271112113,0.1735632183908046
2001-09-06,0.1661137509395293,0.3001502202715685,0.3583838703272843,24.950453706259818,0.7797055289130622,74.7632571866522,0.17126436781609194
2001-09-10,0.16658533290058875,0.30126566595500043,0.3589775708283567,24.940250484557126,0.778675404546196,74.88126989153497,0.17011494252873563
2001-09-18,0.17182567979437754,0.3112808525008561,0.3671173661557011,24.844386401313873,0.7688130478708347,75.68621368591886,0.17126436781609194
2001-09-20,0.17384562478244878,0.3155493481030582,0.37059573346964114,24.812100630422687,0.765516260694325,75.95137262357466,0.167816091954023
2001-09-24,0.17560881495186956,0.3180470962737463,0.3733479086793322,24.78688747121442,0.7627357963080785,76.18958829082769,0.15632183908045977
2001-09-26,0.17563523164786718,0.3179489134696905,0.37390033992651767,24.778732496918476,0.7628493731658262,76.1449712131777,0.15517241379310345
2001-09-28,0.17655664771624988,0.3203850223638021,0.3751025266845112,24.76348671531762,0.7610970412800832,76.36839739763714,0.15632183908045977
2001-10-02,0.17660138720179966,0.32056277432607344,0.37494446230918055,24.753296238800957,0.760733397199553,76.41036587684769,0.1528735632183908
2001-10-04,0.17706249610801256,0.3207961249452685,0.3768568879874684,24.745782625144713,0.7602445620118705,76.36229572258412,0.15977011494252874
2001-10-08,0.17709389715967055,0.32097629809169076,0.3771423565982403,24.750168090092505,0.7602578056805156,76.38629323122983,0.15747126436781608
2001-10-10,0.17775783873348588,0.3223000257990757,0.3781064837505624,24.732247044588338,0.7591709876186066,76.46913888873932,0.1528735632183908
2001-10-12,0.17798761952899972,0.32242870858449935,0.37922972489005397,24.724282001539084,0.7587562555225591,76.31640090586211,0.1632183908045977
2001-10-16,0.17721467518916137,0.32052206632464086,0.37862872895484967,24.746535351585294,0.7601579194954231,76.37708893465887,0.15862068965517243
2001-10-18,0.17760354625513528,0.3220000969274587,0.380389273278761,24.733598661451335,0.7589393850059624,76.58101474796189,0.1528735632183908
2001-10-22,0.17767513289371695,0.3225567962208838,0.381844160322999,24.73483852714223,0.7583919286160687,76.63755344878881,0.15747126436781608
2001-10-24,0.17754911515183613,0.3220857222439251,0.3819303769407197,24.743357611716167,0.7587641087171068,76.55188217291563,0.16206896551724137
2001-10-26,0.17678699921657126,0.32055955523439916,0.3814830683799841,24.748062818774095,0.7594994190369154,76.40874279491395,0.1528735632183908
2001-10-30,0.17759856220589168,0.32249988290585635,0.3831391529061394,24.729815587589844,0.7578973893225208,76.61218344810545,0.15517241379310345
2001-11-01,0.17792499458367275,0.32354347959062657,0.3847830285706489,24.72308597377586,0.757073006753471,76.7317967665583,0.15172413793103448
2001-11-05,0.17813387942780556,0.32452832140792615,0.3856872575813147,24.708404362679847,0.7561539362570255,76.79872342794793,0.15747126436781608
2001-11-07,0.17826084295548467,0.32497887919220253,0.38642030160423974,24.69770439595428,0.7557034304937268,76.83995737146797,0.15517241379310345
2001-11-09,0.17825271222172182,0.3252027884331621,0.3867337815889508,24.693896580497558,0.7554516272202421,76.79937093262983,0.15632183908045977
2001-11-13,0.17859328404842095,0.32605155922558243,0.38786180984015917,24.679479211549147,0.7545458915715371,76.825635061797,0.15402298850574714
2001-11-15,0.1784051033238679,0.32513581213612486,0.38707134685288497,24.67857015406727,0.7547046228381786,76.78394796440462,0.15862068965517243
2001-11-19,0.17846319378964384,0.3252563093709742,0.38743140189321107,24.67468154489869,0.7544301505769027,76.88581200076759,0.15747126436781608
2001-11-21,0.1784735347125729,0.32590295600871866,0.3887966314142015,24.656577550645157,0.7536271230818373,76.92323008618382,0.1528735632183908
2001-11-26,0.17859800917143498,0.3262743925480561,0.389301052412879,24.64827190364091,0.7531302437092054,76.96403122369237,0.15057471264367817
2001-11-28,0.17881165257778914,0.32714792499036477,0.39011213090555596,24.64159422705209,0.7523964029295274,77.05634440191355,0.15517241379310345
2001-11-30,0.17887772002795646,0.32770715630935104,0.39013723674649936,24.628896089652258,0.7517988318746309,76.9998890634904,0.15402298850574714
2001-12-04,0.1787997752727893,0.32741264596388386,0.39066520530827764,24.626890989634596,0.7517514227652308,77.01113048650382,0.15057471264367817
2001-12-06,0.1793185283633567,0.3284275287920454,0.3926923830841915,24.613212676520877,0.750941337232599,77.10345695894868,0.1528735632183908
2001-12-10,0.17957162129468,0.32943961186549303,0.39356859025604446,24.595442590756694,0.7499619345124043,77.20311396212875,0.15402298850574714
2001-12-12,0.1795777796833449,0.32992580710116,0.3946225237430136,24.597661330188778,0.7494932578159318,77.26265315666726,0.15747126436781608
2001-12-14,0.17975731937253617,0.33047785818393294,0.3955012294689267,24.58639906722651,0.7490332486754996,77.30285684598594,0.15747126436781608
2001-12-18,0.1800058473361351,0.3314544407887771,0.39619760981085966,24.57281989241989,0.7482328235443159,77.37075972608372,0.16091954022988506
2001-12-20,0.17999771137878384,0.33159852442833865,0.39649282488494136,24.57095698862138,0.7480177457182716,77.29539750696098,0.15977011494252874
2001-12-24,0.17980195761114495,0.3314270729165639,0.39683543280503486,24.565293518121095,0.7479329497739547,77.34863196992109,0.16091954022988506
2001-12-27,0.17978379840908906,0.33177036031871865,0.39728862082460986,24.55868186043435,0.7475309512665755,77.39200644514726,0.15977011494252874
2001-12-31,0.17979173799260068,0.332029783985894,0.3975478409677606,24.553334296675065,0.747258808757961,77.30713823054774,0.1632183908045977
2002-01-03,0.17852322123466172,0.3285840483137258,0.3961987041557628,24.574625361689893,0.7495984274607986,77.16288010824124,0.15402298850574714
2002-01-07,0.17856392358144457,0.32941065434028194,0.3979724586248239,24.568609229530434,0.7491915495621826,77.10569548499153,0.13908045977011493
2002-01-09,0.17743254370943332,0.33077730055564475,0.399028311433299,24.547858317070023,0.7483513669334607,77.31011467387245,0.12643678160919541
2002-01-11,0.17746661859854088,0.3314684400559285,0.3993942927518236,24.532017581587876,0.7476535333564309,77.35308188696877,0.12988505747126436
2002-01-15,0.1774818982138741,0.33190626633991294,0.39970655241064595,24.528509166351977,0.7472911079731199,77.50082218715156,0.13218390804597702
2002-01-17,0.17790712719168947,0.33357607955999397,0.40172085022598475,24.504453233349377,0.745874995845448,77.62351327719873,0.12528735632183907
2002-01-22,0.17785869091163348,0.3343976923453889,0.4037237484373562,24.507379569084506,0.745535518715793,77.57542875645802,0.12528735632183907
2002-01-24,0.17741203305074876,0.3333620586263789,0.404019157259318,24.50384742474635,0.7460148910495306,77.6565181099268,0.12988505747126436
2002-01-28,0.17748554107194187,0.3345735441367213,0.4050539703053055,24.473813165481705,0.7446659594770279,77.55240512087231,0.1206896551724138
2002-01-30,0.17700277538389045,0.33396712928199673,0.4054784224722839,24.472699681269244,0.7444684997373617,77.66625493320483,0.12528735632183907
2002-02-01,0.17727370362013642,0.3355895847111726,0.4067472030788059,24.45731808852482,0.7431561163110344,77.79865162601949,0.12528735632183907
2002-02-05,0.17763593980498418,0.33685948395746185,0.408350395313268,24.44560760440857,0.742165229164957,77.91561531989353,0.12528735632183907
2002-02-07,0.17766665134909243,0.3376451006768029,0.409328929431574,24.436649003657635,0.7415390924770112,77.98723793694451,0.1206896551724138
2002-02-11,0.17793467785903896,0.338492695513522,0.41076812496280396,24.42497171950248,0.7409632980884064,77.99518121826274,0.11724137931034483
2002-02-13,0.17770527364825156,0.33826264252685234,0.41107025724548846,24.423873237932252,0.7409533187246471,78.0490404578741,0.1206896551724138
2002-02-15,0.17751503354251427,0.33846742067679647,0.411866534068729,24.41648364853772,0.7406475806764132,78.0996259443493,0.12873563218390804
2002-02-20,0.1773050447945573,0.3383478612451609,0.41214751916692,24.410041678500882,0.7404218006562597,78.08298953484024,0.11954022988505747
2002-02-22,0.17755612878411145,0.3401745183030027,0.4138752098656548,24.400618737109788,0.7395073601091573,78.13152865830725,0.12298850574712644
2002-02-26,0.17738171470362996,0.33978532978097453,0.41575516911988897,24.404851995766556,0.7397920961441135,78.11228573425325,0.11609195402298851
2002-02-28,0.17697771034794177,0.3392845331037768,0.4156387155758412,24.405058483137932,0.7400374158894963,78.11880424130732,0.11264367816091954
2002-03-04,0.17801395905939504,0.3419560556112096,0.41907599787332767,24.351191950433506,0.7374708926292719,78.27215686028664,0.11724137931034483
2002-03-06,0.1778098981496811,0.34153753800196074,0.4188434817207707,24.347771155057377,0.7375761984162473,78.66388902570397,0.11379310344827587
2002-03-08,0.17712949197917313,0.3442347645908796,0.4218943167915726,24.284154395380266,0.736247667499909,78.71624417203469,0.11494252873563218
2002-03-12,0.17676885763957398,0.34403418205150743,0.42154644284027293,24.270620873748133,0.7361682490927114,78.73559925321509,0.11149425287356322
2002-03-14,0.17647701490222448,0.3441916927935668,0.42193440680034666,24.26201522787428,0.7357729909225874,78.20765974902515,0.11954022988505747
2002-03-18,0.17190048444608869,0.33205100492642287,0.4226085758658453,24.35006999540295,0.7462785486764416,77.45657020407471,0.10919540229885058
2002-03-20,0.17203780926063889,0.33330972975211953,0.4243555146415943,24.33980200729953,0.7455549713678223,77.47259480725613,0.1
2002-03-22,0.17169532674362448,0.3330777769234243,0.42457541025306184,24.33746841927616,0.7457145728934509,77.36278398110525,0.10574712643678161
2002-03-26,0.17175462704218472,0.3338198772277475,0.42491151575728153,24.328150655108633,0.7450107169230094,77.45892664147625,0.10919540229885058
2002-03-28,0.17168409399359036,0.3339724820828959,0.4250385631721733,24.326822985111928,0.7448574688708434,77.49121968669088,0.11379310344827587
2002-04-02,0.17160233565543323,0.33586585114372836,0.4285474581183675,24.319243230584267,0.7440125776333832,77.55506630640484,0.10689655172413794
2002-04-04,0.17163154225491295,0.3380151170523459,0.4309886229730929,24.306091185101465,0.7428261884353449,77.68211570230214,0.10574712643678161
2002-04-08,0.17161064507541474,0.33957853024069523,0.43214966481201245,24.272753705516646,0.7415187544638415,77.76569838462761,0.10459770114942529
2002-04-10,0.1718127474246308,0.34135413916578616,0.43277665619582706,24.26916678702352,0.7406676061374118,77.91464384207197,0.10689655172413794
2002-04-12,0.17214016900421578,0.3431680785544164,0.43464263669471115,24.26461227016148,0.739419992743478,78.0034766782324,0.11149425287356322
2002-04-16,0.17250455982611002,0.3458874426786256,0.43759775696144404,24.27903246317598,0.7381954002273691,77.5796046414787,0.11954022988505747
2002-04-18,0.16852654771044226,0.33668465876608455,0.43122271033132714,24.351974427399494,0.7444618010138323,77.62493375289273,0.10919540229885058
2002-04-22,0.16844006236284756,0.3387499546972315,0.4319040920857596,24.339373384134838,0.7433499549128341,77.68373830803993,0.1103448275862069
2002-04-24,0.1683355519455114,0.34007290921971906,0.43375550669246166,24.332123699199943,0.7426463431475888,77.71958691281334,0.11149425287356322
2002-04-26,0.16737902063520377,0.3395442439510432,0.4323849961830334,24.33527849264923,0.7426414711079895,77.7308718743532,0.10689655172413794
2002-04-30,0.167671409455518,0.3409525547273499,0.4338738710712302,24.32442867153511,0.7415798592013692,77.74190106808882,0.11609195402298851
2002-05-02,0.1675377797274393,0.34175325031331266,0.43408452210287196,24.312639926618687,0.7408916454016051,77.78891579278243,0.11954022988505747
2002-05-06,0.16739751768768846,0.34329181846248397,0.43481378037795576,24.285316576054967,0.739969310640229,77.92940874869689,0.11724137931034483
2002-05-08,0.16793648864496355,0.34423608073319595,0.43729870351880934,24.257049450575206,0.7391508757619092,78.02650406591403,0.11724137931034483
2002-05-10,0.16810032276233133,0.34583214623178005,0.4384732878481741,24.257001543937463,0.7382582671539165,78.07999559178228,0.11954022988505747
2002-05-14,0.1684060246737033,0.3466365866391732,0.44004304949111744,24.243491555125964,0.7374357415838463,78.0902769107742,0.11494252873563218
2002-05-16,0.16781937189728716,0.34571749423128273,0.440482180804646,24.25418551515019,0.7379260584402138,77.96835052019854,0.11724137931034483
2002-05-20,0.16761381780748258,0.34530213759914474,0.44062062066525964,24.252016750911423,0.7378522130737619,77.97998024360166,0.11839080459770115
2002-05-22,0.16738018491804807,0.3454972061557057,0.44061736165178916,24.25892261860774,0.7379267917830263,78.02514663210225,0.11609195402298851
2002-05-24,0.1671936725214204,0.3463896239387471,0.4415540142200094,24.251288957945796,0.7367697717578282,78.07415129454388,0.11609195402298851
2002-05-29,0.16713177917559535,0.3469220328373135,0.44251593172579173,24.247507948357622,0.7364228137716995,78.03956093728098,0.11494252873563218
2002-05-31,0.16634138906237367,0.3469541703101238,0.4413410555521868,24.27041207779549,0.736568432270259,78.0861208421166,0.11379310344827587
2002-06-04,0.16659789519678803,0.35002085137894906,0.44175939956105725,24.266976136663985,0.7350297341388825,78.34120588367733,0.11264367816091954
2002-06-06,0.1670585012287611,0.3523709852373197,0.44324400356572263,24.25242971258359,0.7335720908212622,78.56853050583736,0.10689655172413794
2002-06-10,0.16695481187195524,0.35274646574580965,0.44370661487982366,24.23837485260017,0.7330094104295753,78.61722228915472,0.10804597701149425
2002-06-12,0.1671061932496817,0.3535719048859618,0.44491142238271575,24.23215581226735,0.7322259691112478,78.66470002900253,0.10919540229885058
2002-06-14,0.1671884162614144,0.3544443569785981,0.445714779284571,24.221136111725677,0.7313025747875008,78.68545283769103,0.1103448275862069
2002-06-18,0.16777794608350635,0.35686806774663327,0.4482585681626319,24.198464560124908,0.7291056317838825,78.83092050678121,0.10804597701149425
2002-06-20,0.16791230587899142,0.35770408740440285,0.44978746762642574,24.189653752296014,0.7285050933555381,78.89677222220985,0.10574712643678161
2002-06-24,0.1677966699884118,0.35766857495808235,0.44972160446005105,24.195254126081394,0.7284740149812252,78.91315330633103,0.10689655172413794
2002-06-26,0.16789992122451985,0.3592463797094984,0.45277069251417373,24.187608746311955,0.7270232895410356,79.04555558464884,0.09885057471264368
2002-06-28,0.16808395465599912,0.3599206688401557,0.4537047565391562,24.180541563597718,0.7263764582833204,79.09047506192177,0.09770114942528736
2002-07-02,0.16919811020694045,0.36383648564947335,0.4572584337875375,24.134842759146593,0.7227763143032484,79.26937219573502,0.10229885057471265
2002-07-05,0.17029248597163638,0.36734030555316183,0.46081492574527766,24.08690741560223,0.7194873433967038,79.55359121250397,0.10919540229885058
2002-07-09,0.17066318833773136,0.36897715284239657,0.46137087068362,24.07725140913048,0.7179182138263712,79.6055369399451,0.09885057471264368
2002-07-11,0.1717764618706532,0.37254671665445604,0.462704311644803,24.052958621123672,0.7154831017112209,79.91294792429613,0.1103448275862069
2002-07-15,0.17198372463928083,0.37362391442851856,0.4623127684699856,24.047493611069747,0.7148221256088886,79.99655146358116,0.10689655172413794
2002-07-17,0.17257568775931323,0.3750367990270529,0.46189931722028055,24.047221642170225,0.7141261312099197,80.1192337552616,0.10804597701149425
2002-07-19,0.17562187721351794,0.38460683476855684,0.4621455905599419,23.979381327459084,0.7082041027126299,81.02631480543526,0.11149425287356322
2002-07-23,0.17719225696626806,0.3863833177176808,0.4628558859910686,23.98355943809386,0.7071075571873873,81.05366019196559,0.1310344827586207
2002-07-25,0.180394882929644,0.3949098251659741,0.46526101109014517,23.920745722860712,0.7001270966111974,81.6143357876574,0.13218390804597702
2002-07-29,0.18400527739605724,0.40532101895325023,0.47221419596059083,23.833371578358946,0.692485454469067,82.35972994986007,0.14597701149425288
2002-07-31,0.18375185734680333,0.40451901000191065,0.47035578893333013,23.86209414092186,0.6936209465067628,82.21041997125438,0.14022988505747128
2002-08-02,0.18520911860704908,0.4073647870749998,0.474082542424708,23.833659035735945,0.691158841252781,82.32741046719927,0.15172413793103448
2002-08-06,0.18734062913313806,0.4129739733063719,0.4792246161000456,23.773536888835224,0.6861896708666622,82.48197339876202,0.15057471264367817
2002-08-08,0.1882403386376044,0.41554140249641197,0.4808429735929997,23.751248917029727,0.6840564716439309,82.64090521339702,0.16436781609195403
2002-08-12,0.1882192064737283,0.4160019352168904,0.4812469883745245,23.740431343829584,0.6835126462217527,82.57813604047092,0.16666666666666666
2002-08-14,0.18921591135419866,0.4179556036786874,0.4831780739812183,23.717891730854607,0.6818634991858518,82.86505808229053,0.16206896551724137
2002-08-16,0.18944217763739934,0.4181811849778285,0.48346821089572706,23.709573199734958,0.6816497014042473,82.89004373150901,0.16551724137931034
2002-08-20,0.19002398350103067,0.4198180409591603,0.48533071526487764,23.68511501046307,0.6800456897031163,83.01417752594604,0.167816091954023
2002-08-22,0.19039641792218667,0.4207050252874362,0.4861066214140081,23.66977036505343,0.6791308777066715,83.07393844159766,0.167816091954023
2002-08-26,0.1910616990189294,0.42285318526441834,0.4874151077182413,23.647262850545346,0.6775118506429555,83.19975167874664,0.15632183908045977
2002-08-28,0.19155588975126808,0.42420508224056985,0.48876272984782665,23.629033133955023,0.6763314817019622,83.2475955685988,0.15862068965517243
2002-08-30,0.19153466970133623,0.42421985431831943,0.4889602120575917,23.622894081683548,0.676191540157694,83.25807993213837,0.15862068965517243
2002-09-04,0.1932301166091869,0.42863890291224294,0.4925175172189844,23.57856201107194,0.6723832031611228,83.5057121669296,0.15402298850574714
2002-09-06,0.1938943741422117,0.43235740150122615,0.49759939295810524,23.52372247450245,0.6685256641082739,83.67670795151841,0.15057471264367817
2002-09-10,0.194009978788721,0.4334311362242156,0.4985197521507088,23.51451883740001,0.6675436313725298,83.71956275127266,0.16091954022988506
2002-09-12,0.19458820608865263,0.4356308190374416,0.5000912773144711,23.49108048044542,0.6657447838509866,83.8003024986027,0.15517241379310345
2002-09-16,0.19456312896743813,0.43521368589501624,0.49985323558117434,23.49640644532307,0.6662808364725807,83.79014470442935,0.16436781609195403
2002-09-18,0.19491426042237125,0.4369937654519525,0.5000654630186963,23.48461241464976,0.6649543162732466,83.87486767397097,0.15862068965517243
2002-09-20,0.19553903207288298,0.4387038052971728,0.502302405583618,23.485005590009248,0.6636484947254865,83.97042558206671,0.15402298850574714
2002-09-24,0.19616061056593387,0.4407149707849382,0.5052760739634474,23.45877014800557,0.6617686819108023,84.04113496458226,0.1632183908045977
2002-09-26,0.19719635570871982,0.44355153358690785,0.5068739920673693,23.425117388645376,0.6590317456784826,84.20212826363665,0.15172413793103448
2002-09-30,0.19796660187011333,0.4456484364023953,0.5072649739096706,23.39553469731641,0.6573788470894731,84.42069102204887,0.14482758620689656
2002-10-02,0.19988454783699502,0.45051600845148865,0.510682490921439,23.34854668575044,0.6533861290236225,84.78042216041997,0.12643678160919541
2002-10-04,0.2005829421880135,0.45286671493114417,0.5120074463494838,23.32748624074724,0.6516554230127986,84.96003712727102,0.135632183908046
2002-10-08,0.20080430654744427,0.45261353473904103,0.5113780337391312,23.32107968839145,0.651413927573635,84.8577908814381,0.1528735632183908
2002-10-10,0.20281799032235762,0.4568729796976492,0.515588515487233,23.282141125247687,0.6475150588314806,84.99802948001903,0.12758620689655173
2002-10-14,0.2037841929924889,0.46011320640381875,0.5184341272437869,23.244415429176534,0.6448508182335371,85.24592621447597,0.1367816091954023
2002-10-16,0.20661561826347968,0.46777874763457844,0.5247244440641825,23.182140988923127,0.6394824229974388,85.60761666162942,0.14022988505747128
2002-10-18,0.20708835667897882,0.47025957921868045,0.5274747812540099,23.16476610397417,0.6374455965543178,85.73836321520776,0.1206896551724138
2002-10-22,0.20756967288888797,0.473840912632034,0.5287457831032973,23.13433696578001,0.634580712163882,85.89429795811496,0.12988505747126436
2002-10-24,0.2077167801136922,0.4759878796796725,0.5308032335323775,23.100242505728765,0.6323245689859414,86.0277148546069,0.11954022988505747
2002-10-28,0.2078308416150018,0.47827502711973074,0.5317458197604377,23.078804061815475,0.6303217606092998,86.1125183881489,0.12528735632183907
2002-10-30,0.20749293847646952,0.47795793239695433,0.5333793343671466,23.069926484062467,0.6303197660597559,86.04602955312232,0.12298850574712644
2002-11-01,0.2074627093200124,0.479488211267319,0.5332736449146964,23.064922678727374,0.6295848126399237,86.1419588965827,0.12413793103448276
2002-11-05,0.20746978144876896,0.47963203647724817,0.5334806706729208,23.053199911709488,0.6291172423647675,86.12283318300813,0.12758620689655173
2002-11-07,0.2081072155615945,0.4805594572138728,0.5351507133673725,23.02873017094108,0.6279344248606561,86.19671426797238,0.12758620689655173
2002-11-11,0.20869009334992392,0.48297222905462345,0.5377958095711297,23.01020938245731,0.625869762731367,86.30057694068155,0.12528735632183907
2002-11-13,0.20840284743736098,0.4825145651597432,0.5360729487150779,23.01390873813782,0.6258085061558886,86.15803137302689,0.12873563218390804
2002-11-15,0.20864243305329808,0.48365376193568443,0.5363188647621804,23.005464410680815,0.624921561604046,86.22997510118434,0.1310344827586207
2002-11-19,0.2086544900508972,0.48434555464860946,0.5366495566080759,22.995901638725627,0.6242411543243456,86.21001076018489,0.13448275862068965
2002-11-21,0.20919066594473082,0.4849983102317565,0.5387470701855158,22.953679184495076,0.6228187466141675,86.30634133872915,0.12988505747126436
2002-11-25,0.2088665819818957,0.4854473491568404,0.5383017801216285,22.96002558928801,0.6227632597426495,86.29367053617496,0.12758620689655173
2002-11-27,0.20998839971960345,0.4893508336848201,0.5418010115443123,22.91357261553573,0.619271907118098,86.45216675786183,0.13218390804597702
2002-12-02,0.20974764146278252,0.48986635025520714,0.5419420489882453,22.897038430359267,0.6186345789928123,86.47200775724964,0.13908045977011493
2002-12-04,0.2099125475773184,0.4899564693602642,0.5424560576068637,22.87422700466889,0.6180235130333465,86.49438259529434,0.1413793103448276
2002-12-06,0.20912862004230784,0.4914101425054866,0.5412101623838242,22.894532389103414,0.6175083642249041,86.5293252817787,0.14367816091954022
2002-12-10,0.20949886083317962,0.49358440830949496,0.5424629344012597,22.88269373456673,0.6161131606484447,86.64233313483625,0.14022988505747128
2002-12-12,0.20948047648981505,0.4948883883053551,0.5431872580121002,22.864400419053432,0.6150768432766779,86.69440229997986,0.1425287356321839
2002-12-16,0.20985325149923212,0.49672009342289863,0.5445364510221993,22.82004963871764,0.6129653596800495,86.61731019725995,0.1425287356321839
2002-12-18,0.20972103288130156,0.4971601729262406,0.5459245932582593,22.8115656158535,0.6124080167929636,86.66657442847485,0.14022988505747128
2002-12-20,0.20926168177666918,0.4990449364795832,0.5459011271901685,22.810622038031006,0.6113619998578951,86.70890618343181,0.16091954022988506
2002-12-24,0.2085604782829191,0.4990335506051001,0.5452445377502313,22.823443408996383,0.6114246135784478,86.67139344714013,0.1632183908045977
2002-12-27,0.20824735233274866,0.4998416055251899,0.548114012968542,22.817985087665004,0.6103733790524227,86.65352502922003,0.16896551724137931
2002-12-31,0.2080577976640144,0.49982192724714974,0.5483689680431373,22.816718624490623,0.6103161325000896,86.72368238043313,0.16551724137931034
2003-01-03,0.20750102651890656,0.5085341122660618,0.5514898028700814,22.89078342649859,0.6074054101819861,87.14906489174818,0.15862068965517243
2003-01-07,0.20753771525195117,0.5125669896242767,0.5539408298208726,22.872486435367065,0.6048028131271923,87.16343817550363,0.15172413793103448
2003-01-09,0.20808885933658236,0.5147754995501291,0.5567675210545016,22.83383811625994,0.6024590884773788,87.27185231476044,0.15402298850574714
2003-01-13,0.2079881533376359,0.5164423859732232,0.5583517473526682,22.833139238053896,0.6013603523344995,87.35905454807516,0.15632183908045977
2003-01-15,0.20799453085886646,0.5172419035417039,0.5595951894895627,22.819625063041194,0.6004813550325377,87.39997920039136,0.1471264367816092
2003-01-17,0.20816922839651386,0.5184791382854878,0.5608303035755513,22.806179629311185,0.5992552821043629,87.42042266363747,0.1471264367816092
2003-01-22,0.2084416703694344,0.5201356702561029,0.5625171414566646,22.77739377408908,0.5975989728721585,87.48113854508027,0.15057471264367817
2003-01-24,0.2090559108200482,0.521666474482069,0.564009737404325,22.745192520758064,0.5960030866494063,87.61319921406161,0.14482758620689656
2003-01-28,0.20952223211869417,0.5241168201209663,0.5663078231924779,22.717569621707927,0.5935639666254696,87.6863292848122,0.15172413793103448
2003-01-30,0.20976751994338866,0.5247283067748286,0.5666246241535875,22.707103305180624,0.5928175318198025,87.71305561211753,0.15402298850574714
2003-02-03,0.20981737241515525,0.5261001005507526,0.5698493360919328,22.698129120419942,0.591175832095097,87.76930175373622,0.15632183908045977
2003-02-05,0.2097848286850123,0.5263166124820426,0.5700389638952255,22.695781364630825,0.5908395952007839,87.76966389571189,0.15172413793103448
2003-02-07,0.2099648956659183,0.5272814095942006,0.5709137872069209,22.685386910986015,0.5899711568971865,87.81927148697342,0.1528735632183908
2003-02-11,0.20992744709351358,0.5281134357687377,0.5711947816270119,22.67118846544265,0.5890932017317027,87.85709253149098,0.1482758620689655
2003-02-13,0.2100107521514076,0.5284372811147288,0.5714227181159589,22.668747365011516,0.5887162489311714,87.86694418382692,0.15172413793103448
2003-02-18,0.21045398365628518,0.5301953301491552,0.573467073084363,22.644417041609366,0.5869315504014891,87.9721167912626,0.14597701149425288
2003-02-20,0.21040862871469876,0.5323805114795247,0.575152486115444,22.636613066453943,0.5851388578759346,87.97070900842704,0.15057471264367817
2003-02-24,0.21079124773671218,0.5337941530427092,0.5759880169831815,22.600718075596408,0.5835754575755249,88.01370572145443,0.1482758620689655
2003-02-26,0.21060347934067936,0.5339486220107331,0.5763747298642273,22.59158994507238,0.583284715873059,88.04580108792202,0.1482758620689655
2003-02-28,0.21051402212109283,0.5348959768775507,0.5768699088668807,22.570627680952374,0.582224244417328,88.07311979286625,0.14597701149425288
2003-03-04,0.21084194991130192,0.5366971210036043,0.5790563541945205,22.535062371833195,0.5801047781995388,88.13694310864487,0.14597701149425288
2003-03-06,0.21086833140327155,0.5375940980244608,0.5794036990498503,22.537424653587014,0.5795569929326305,88.15241377863917,0.14597701149425288
2003-03-10,0.2113427000092503,0.5391951838669959,0.58101838276526,22.51024654782244,0.5778045032072181,88.22494537107433,0.1528735632183908
2003-03-12,0.20981541238145487,0.5367985102393171,0.5783038408654338,22.543550047358682,0.57980114462256,88.09520896390376,0.1482758620689655
2003-03-14,0.2105039812849153,0.5388926964157588,0.5814499989184058,22.51953126904938,0.5775038743750864,88.13288454999292,0.14482758620689656
2003-03-18,0.21118589287355338,0.5407275850721589,0.5828991191677545,22.489992264968087,0.5754693689814095,88.18467477915813,0.14482758620689656
2003-03-20,0.2107186800755926,0.5406478636622285,0.5823281821543131,22.495703903527048,0.575463593179789,88.21307385882236,0.13218390804597702
2003-03-24,0.21219346035917308,0.5453639326746749,0.5876484780566108,22.430771592733336,0.5707501922177469,88.42413652028243,0.12298850574712644
2003-03-26,0.21185407638655424,0.545638271790329,0.58819382232196,22.420754105444782,0.5702326673024745,88.40129264945266,0.12298850574712644
2003-03-28,0.21118672843339364,0.5453832780292008,0.5887423582881982,22.432891176398947,0.570069615450436,88.42861630105565,0.12298850574712644
2003-04-01,0.21139301954038112,0.5461267257926314,0.589235348056787,22.40597406437469,0.5690684863867812,88.38385767549894,0.12183908045977011
2003-04-03,0.21092664852976722,0.5455834607399207,0.5885139081180872,22.40952662939199,0.5692305875842629,88.44443144128104,0.11264367816091954
2003-04-07,0.20958334896455863,0.5442373392570493,0.5858756036429095,22.451497758692387,0.570602344814412,88.36053822280104,0.13218390804597702
2003-04-09,0.20919655829100048,0.5440024916936437,0.5855935578284142,22.447200866616857,0.5705844002224206,88.34999726061606,0.12988505747126436
2003-04-11,0.2083737404204281,0.5436880531726844,0.5857952754287453,22.470303660733375,0.5708344196154361,88.31336634561804,0.12413793103448276
2003-04-15,0.20865246249014163,0.5450131131935875,0.5867570174968932,22.46085033163757,0.5697762687981766,88.37384381748531,0.1206896551724138
2003-04-17,0.2080477267340356,0.5460834550310696,0.5859802483730194,22.49585374792283,0.5696504814403818,88.4879241824712,0.11264367816091954
2003-04-22,0.20832163663335587,0.5475029482657565,0.5875419416598376,22.48114697857422,0.5682144979666757,88.55144866427118,0.1206896551724138
2003-04-24,0.20831324365387804,0.5481798873639051,0.5882511650057096,22.48744036212168,0.5679096998107606,88.48302325163408,0.11839080459770115
2003-04-28,0.20858182699362848,0.5491968337476083,0.5894357283600109,22.4706842349976,0.5668645504086433,88.59209209285285,0.12183908045977011
2003-04-30,0.20848648581239015,0.5496084211568874,0.5900520200668671,22.460034856550003,0.5662996392639458,88.5979718204155,0.11494252873563218
2003-05-02,0.20861588492538136,0.5506837918874276,0.5915177889375782,22.442951110225867,0.5651810785815499,88.64646669526265,0.11609195402298851
2003-05-06,0.20832543228132266,0.5500478992617731,0.5909853920205387,22.452783907474718,0.5657447928305078,88.6220886131859,0.11954022988505747
2003-05-08,0.2083959988118773,0.5498975139004578,0.5910768134610542,22.459228598449226,0.5658535263647764,88.6442218601215,0.11954022988505747
2003-05-12,0.20884026585886148,0.551473244380882,0.592332101990079,22.438254902940802,0.5645853536585564,88.7140589474885,0.11609195402298851
2003-05-14,0.20880352142815972,0.5515962974577886,0.5926949371029866,22.439719353235752,0.5644812272023418,88.71496654320453,0.11724137931034483
2003-05-16,0.20806181676992047,0.5502136395717683,0.5917428578474025,22.447271983946127,0.5653956805743909,88.60267996239378,0.12528735632183907
2003-05-20,0.2083625496733997,0.5507442592423285,0.592511294349426,22.429225623193144,0.5645525345523028,88.61765521968756,0.12873563218390804
2003-05-22,0.20838671360525832,0.551352474394099,0.591394434097549,22.416938337328826,0.5639555426427442,88.60526690387664,0.12643678160919541
2003-05-27,0.20854882196358712,0.5523064685055323,0.5926293029099525,22.41542642063663,0.563217380611039,88.62135650002564,0.12528735632183907
2003-05-29,0.20847708852725272,0.5523751419548809,0.592742578297393,22.422985098711294,0.5632384294815385,88.6051396804936,0.11839080459770115
2003-06-02,0.20855884114752832,0.5532057772341499,0.5932569085806987,22.420745103380437,0.5624171284065462,88.67343701771134,0.12183908045977011
2003-06-04,0.20881859943405415,0.5539783456734121,0.5939407817550625,22.40817019870887,0.5617027440120214,88.7186627667592,0.1206896551724138
2003-06-06,0.20858480489623388,0.553230681166199,0.5935480234562468,22.428409640121547,0.5624926863200523,88.71142082360717,0.1206896551724138
2003-06-10,0.2088190955578535,0.5539787374619923,0.5946070413410619,22.423730482223675,0.5619099869706697,88.75237849247293,0.12528735632183907
2003-06-12,0.20896963066244806,0.5545570880643657,0.5949964057468693,22.414839297942684,0.5613714595012425,88.76897981394833,0.12528735632183907
2003-06-16,0.2091071793812923,0.5552751761201495,0.5958497870505329,22.405665568430457,0.5605547054249217,88.79011490541366,0.12183908045977011
2003-06-18,0.20902384348777045,0.5550770828959799,0.5957322223712047,22.404028408592666,0.5605359899843125,88.76762624556612,0.12528735632183907
2003-06-20,0.20908710557086,0.5556504838996578,0.5964298441241239,22.393658714523728,0.5599411713343452,88.82650176113778,0.1206896551724138
2003-06-24,0.20919544465403628,0.5568574977606652,0.5976038364841805,22.36429611266515,0.558595298633898,88.84209015383193,0.12298850574712644
2003-06-26,0.2093349658017025,0.557520280347776,0.5983165916173068,22.353794990275336,0.5579723632027811,88.88351257166737,0.12183908045977011
2003-06-30,0.20922756100284673,0.5578192788971981,0.5986271832822228,22.346417788816495,0.5575719989520237,88.8994647721522,0.12298850574712644
2003-07-02,0.20936761224984143,0.559184493318464,0.6000693741070506,22.32390039135851,0.5562366788287011,88.94735794028256,0.12643678160919541
2003-07-07,0.20965070867325958,0.5596797388805632,0.6009576837633802,22.31036109238138,0.5555277909117066,88.93451582526465,0.11494252873563218
2003-07-09,0.20926915724587786,0.5592081694236747,0.600175471149864,22.324931578849363,0.5560178822182298,88.9587795885105,0.11954022988505747
2003-07-11,0.20943063416224467,0.560869554788286,0.6018721529485849,22.279831259973438,0.5538530237110425,88.97918483098024,0.12298850574712644
2003-07-15,0.2089894140783211,0.5610797831311466,0.6010074626126003,22.295103692394832,0.5540531223373557,88.99335152468356,0.12183908045977011
2003-07-17,0.2088901099966199,0.560994689948502,0.6010512462108534,22.29675039569947,0.5540554800831912,88.98315830146363,0.11609195402298851
2003-07-21,0.20916133907201861,0.5621632276701837,0.6022951416118477,22.278698888172517,0.5528004557903218,89.04642808037379,0.11839080459770115
2003-07-23,0.20907460983868884,0.5625208000646775,0.6042531682583185,22.29278550246049,0.5526585522319922,88.9988292292503,0.12528735632183907
2003-07-25,0.20871731442120456,0.5624478769553418,0.6040291015866592,22.28855337279916,0.5528212734971243,89.07645183061454,0.1206896551724138
2003-07-29,0.20858082574963585,0.5630162699308625,0.6048957043008429,22.28515474323764,0.5523296792088338,89.08394404160336,0.12413793103448276
2003-07-31,0.20857431020334205,0.5626172606955081,0.604929014554759,22.288979036995286,0.5527082320383628,89.07975942808862,0.12298850574712644
2003-08-04,0.2086449529147541,0.5633743136866495,0.6056635959070821,22.27640312522673,0.5518445797670752,89.08345129033948,0.12413793103448276
2003-08-06,0.20879031146870766,0.5637463046914599,0.6060739234276913,22.265968583565478,0.5514006834103945,89.08960312657652,0.12758620689655173
2003-08-08,0.20868134691725557,0.5636143399944697,0.6055872073173835,22.269424492433103,0.5515825265969309,89.07778055998202,0.12643678160919541
2003-08-12,0.20876451119670691,0.5639298219103469,0.6059645233609225,22.26281679806205,0.5512516085936174,89.10024920825732,0.12988505747126436
2003-08-14,0.20881680400580782,0.5646514805990241,0.6077697651155242,22.265915411768415,0.5506860133426749,89.14419599987623,0.12758620689655173
2003-08-18,0.20887385025799654,0.5651505425997198,0.6083995503882198,22.249871285025232,0.5499932682940608,89.1404670913477,0.12643678160919541
2003-08-20,0.20875460123312242,0.5654574272745646,0.608656533308068,22.241491057811768,0.5495756543057444,89.14098369621962,0.13448275862068965
2003-08-22,0.20882936174398456,0.5660267398316419,0.6089460135318637,22.22626756711087,0.5488507975051843,89.1758239931496,0.1310344827586207
2003-08-26,0.2085458657811273,0.565943491813577,0.6085544261597178,22.227742801443743,0.5488726521909252,89.16959075950597,0.14022988505747128
2003-08-28,0.20847588613746185,0.5658657047945765,0.6083878361002016,22.22581859742819,0.5488980710796874,89.15494303829719,0.14022988505747128
2003-09-02,0.20843040579723476,0.5662897778826591,0.6084672470859893,22.225802533139163,0.548573402111795,89.16861367393292,0.1413793103448276
2003-09-04,0.20839221468759328,0.5664491030079712,0.6087526402413528,22.23101018722428,0.548571580349006,89.18107572575532,0.1413793103448276
2003-09-08,0.20820077803504952,0.5664604272482151,0.6087523573046179,22.231917062595745,0.5485381658770442,89.13086156146498,0.14022988505747128
2003-09-10,0.20797336228853916,0.566226132641902,0.6087368091580772,22.226139295973045,0.5486010617262209,89.18069535511758,0.1528735632183908
2003-09-12,0.20364023894505712,0.5647170044929725,0.6021716407828639,22.346143308987394,0.5531901418581098,89.1641332681116,0.1724137931034483
2003-09-16,0.20175955476358473,0.5625988640940033,0.5992357377352454,22.382765963995723,0.5554326315162351,89.0867275940714,0.18735632183908046
2003-09-18,0.19985877216474623,0.5625257984178135,0.5965845723941647,22.400711496506563,0.5560508034452193,89.02683156172989,0.20114942528735633
2003-09-22,0.19984398658553618,0.5640405172876305,0.5981982097788197,22.37440684327323,0.5543575551019394,89.07423196452095,0.19425287356321838
2003-09-24,0.1992466645964242,0.563909763175738,0.5984663457319476,22.369964700868515,0.5544254144818966,89.13108870422198,0.19425287356321838
2003-09-26,0.1992207938845741,0.565087084320816,0.5992809706098877,22.35128638885325,0.5533869620516846,89.2212135799425,0.18850574712643678
2003-09-30,0.19874793491455442,0.566469055341694,0.5998823733775395,22.34612946863585,0.5523514540311699,89.27244807066158,0.19195402298850575
2003-10-02,0.19923498443998222,0.5684658033271646,0.6017248211003506,22.310196764002523,0.5502416988633994,89.37607025098153,0.19080459770114944
2003-10-06,0.19854999841047583,0.567940464422059,0.6014338461867961,22.321894411461052,0.5508320698148808,89.37661084536646,0.19655172413793104
2003-10-08,0.19805619838015665,0.5690137938627716,0.6015569110437953,22.32208361278896,0.5502045826703077,89.37751407935106,0.19655172413793104
2003-10-10,0.19801968070674175,0.5692134557653808,0.6019195679770397,22.309370852157272,0.5497670701820555,89.35968059207418,0.20229885057471264
2003-10-14,0.19768303824860634,0.5696882338331651,0.6017924718678828,22.31415893583081,0.549693567483203,89.3739608806413,0.1896551724137931
2003-10-16,0.19737121919266737,0.5700316943106484,0.6020073668274406,22.298948896960972,0.5491502664299887,89.36714243345551,0.18735632183908046
2003-10-20,0.19750406377591312,0.5711179513875956,0.6030230954982714,22.26672094784063,0.5478041848116894,89.403732793787,0.18620689655172415
2003-10-22,0.19746633919329126,0.5713083412717825,0.6031805405460351,22.263226825337956,0.5475752836344413,89.4004358636487,0.17586206896551723
2003-10-24,0.1965084557346069,0.5704611655298096,0.6018273887954378,22.283706664391545,0.5486435161240815,89.42034414281333,0.18045977011494252
2003-10-28,0.19647126546953364,0.5709709761684779,0.6022624366747319,22.2725414656301,0.5480493527302992,89.4483917531887,0.17586206896551723
2003-10-30,0.1963155904109502,0.5709750707678027,0.6022510978483884,22.272586245837605,0.5480882788219466,89.449089126292,0.1781609195402299
2003-11-03,0.19624585840012004,0.5711776902330523,0.6023527175792961,22.264786494919072,0.5477809198646545,89.46411106417398,0.1735632183908046
2003-11-05,0.19624423066373176,0.5715550636023361,0.6028036605830817,22.256193063317127,0.5473497329226065,89.4756077894474,0.1735632183908046
2003-11-07,0.1958183474651953,0.5709758839067302,0.6016028304855139,22.267464536871646,0.5480120467283688,89.4939125708373,0.17471264367816092
2003-11-11,0.19586492569931951,0.5733975736226595,0.6040383636831989,22.241658792079846,0.545896303102647,89.56887275258288,0.1839080459770115
2003-11-13,0.19603561487852136,0.5742531898854664,0.6043380322868745,22.233773587259666,0.5453151334691256,89.59471675827723,0.18620689655172415
2003-11-17,0.1960336595669222,0.5748375221310862,0.6049793338309813,22.228308989510044,0.5447375306847374,89.57676954896178,0.19080459770114944
2003-11-19,0.1959560461001394,0.5748875016408433,0.6049315427198905,22.22550362599708,0.5446035548102457,89.57619216420595,0.19080459770114944
2003-11-21,0.19572168594409756,0.5748244711671009,0.6046984791701087,22.222036759655083,0.544672327071583,89.58673615364235,0.18620689655172415
2003-11-25,0.19596373961730768,0.5759051306721962,0.60624476674901,22.201439123445116,0.5433936566558368,89.6225495010535,0.1793103448275862
2003-11-28,0.19571879659143615,0.5762416062896092,0.6060794873673608,22.201109588810596,0.5431915620526258,89.64571774091418,0.1793103448275862
2003-12-02,0.19537647327147645,0.5770155492216847,0.6061997495153768,22.20368158908909,0.5427275161267787,89.7006659457477,0.17586206896551723
2003-12-04,0.1951320234036432,0.5767566715447069,0.6059459620337434,22.20815647627053,0.5429953673332971,89.68843858321551,0.17011494252873563
2003-12-08,0.19526504487183557,0.5770895552011301,0.6055660669804985,22.187468561476898,0.5424609436386288,89.68980937477878,0.17011494252873563
2003-12-10,0.19519661887440562,0.5776033722336749,0.6053333444019049,22.18226768953372,0.5420247030135029,89.70461353112846,0.1735632183908046
2003-12-12,0.19521693899659415,0.5780909212223875,0.6059276398268165,22.167075175624994,0.5414405152694176,89.74910115783965,0.17126436781609194
2003-12-16,0.1952049733259887,0.5787761239479694,0.6065892772388612,22.15966382832166,0.5408194162764354,89.74436713868846,0.1781609195402299
2003-12-18,0.19534647874174738,0.5791368612616667,0.6071417157030149,22.153208592003192,0.5404343965019953,89.75966241155643,0.17701149425287357
2003-12-22,0.1952996453043373,0.5788114256450748,0.6065775836790301,22.15597445667266,0.5407418244761485,89.74554473898178,0.17701149425287357
2003-12-24,0.19524794329877065,0.5787815856907642,0.606463541206344,22.158968086503975,0.5408630501261894,89.74796103078044,0.17586206896551723
2003-12-29,0.19536739433590233,0.5802645377150005,0.6076115719873474,22.145264213252762,0.5395324744372201,89.78535371362818,0.1781609195402299
2003-12-31,0.19523477521589222,0.5808584913781705,0.607945003868129,22.14120004461968,0.539089853990839,89.79936799664124,0.1781609195402299
2004-01-05,0.19541646111829977,0.5814780750402684,0.6085630738130658,22.129887000198753,0.5384582622170216,89.79088746647322,0.1781609195402299
2004-01-07,0.19529174964652232,0.5815469261524515,0.6083494262206195,22.12932234448476,0.5383846315844198,89.78060094355072,0.18620689655172415
2004-01-09,0.19520015840772248,0.5816947396487029,0.6084058911509589,22.126656060352897,0.5382029061894866,89.74758248283625,0.18735632183908046
2004-01-13,0.1948289565336733,0.5816267977382251,0.6078653959978122,22.13048133320106,0.5382948382593414,89.76269960879569,0.18850574712643678
2004-01-15,0.19484872812312623,0.5819846647110558,0.6078155053181988,22.121247613460667,0.5376796773105914,89.76189932227734,0.18850574712643678
2004-01-20,0.19476858832573585,0.5824401883867787,0.6077124055950403,22.111015313155146,0.5372046467413971,89.77853852118389,0.19310344827586207
2004-01-22,0.19477217218073006,0.5830116648594713,0.6081270668311839,22.102058505690582,0.5366471367893507,89.76438427892897,0.18620689655172415
2004-01-26,0.1943452322522988,0.582251751510501,0.6071353589600775,22.111263787376597,0.5374807164761531,89.74017697735282,0.18850574712643678
2004-01-28,0.19444754822625035,0.5822945086879605,0.6068043472976717,22.100585862188503,0.5373666573591172,89.7550077556868,0.1896551724137931
2004-01-30,0.19405097957392525,0.5816989211763799,0.6057090932774803,22.106665180066894,0.5380062260245858,89.79290070388168,0.18850574712643678
2004-02-03,0.19399472502106843,0.582200150071108,0.6061199637789119,22.087299647394595,0.5371871629017364,89.79076017042603,0.18160919540229886
2004-02-05,0.19360204181361299,0.5819902931259592,0.6055084370750211,22.090500137259006,0.5374461134603302,89.79321475786146,0.1896551724137931
2004-02-09,0.19378415771367885,0.5821273962682139,0.6052028607223534,22.081858782722975,0.5372753519011947,89.80517629353442,0.1896551724137931
2004-02-11,0.1939467110522887,0.5827710953307617,0.6056956633412701,22.07395747187252,0.5366341888908726,89.81131422753774,0.1839080459770115
2004-02-13,0.19355395168479497,0.5824458072459764,0.6052157151374061,22.07648126685872,0.5369532686680438,89.82278200410722,0.1724137931034483
2004-02-18,0.1934789586079064,0.5830451940447609,0.605817203279932,22.066671474109206,0.5363701432087544,89.78070828883601,0.18160919540229886
2004-02-20,0.19327322025567836,0.5831897137717289,0.6057484763260186,22.06154233207456,0.536117845277608,89.79527165955362,0.1839080459770115
2004-02-24,0.19328407328696265,0.5831231120051762,0.6057780641392573,22.05620859137939,0.5360827763266676,89.74544823823372,0.17701149425287357
2004-02-26,0.19227965418109105,0.5824506030208142,0.6039741987629845,22.083257722519896,0.5370027769473371,89.77538776677494,0.17471264367816092
2004-03-01,0.1921304353026869,0.5827295375348311,0.6039324564890147,22.069625788177998,0.5366427678919601,89.81263372989909,0.16436781609195403
2004-03-03,0.19216596238251962,0.583479172516711,0.6048657827808293,22.06257526814624,0.535948968153261,89.83415627044819,0.16206896551724137
2004-03-05,0.19219078994374303,0.5838469009129088,0.6052316344137303,22.059064449669616,0.5356402700851178,89.83871760347307,0.15172413793103448
2004-03-09,0.192206601805453,0.5839817477039814,0.6054814657787739,22.05239758290501,0.5354120790989148,89.84266225982157,0.15632183908045977
2004-03-11,0.19262316722969736,0.5848432316606134,0.6065367735817255,22.034222535514335,0.5344473733003278,89.8915543951819,0.14942528735632185
2004-03-15,0.19298370460533698,0.5858654794776134,0.6074629932567619,22.010756182465418,0.5332335949979172,89.9038387326507,0.15402298850574714
2004-03-17,0.19322965076819848,0.5872572101368542,0.6087612767002778,21.99807695842193,0.53200590927517,89.92705273628629,0.15517241379310345
2004-03-19,0.1929963020226034,0.5870417157183814,0.6085011799742558,22.00111756791314,0.5321598140608877,89.91535790946021,0.15977011494252874
2004-03-23,0.19321867296718492,0.5881494415440884,0.6095982420242094,21.976866014356048,0.5309916397894642,89.97175979148203,0.15517241379310345
2004-03-25,0.19357634860075226,0.589617880616037,0.6112773141900429,21.95886123383423,0.5296470678120868,89.98981844555975,0.1632183908045977
2004-03-29,0.19362091457484637,0.5901771237314425,0.6119103356087805,21.947084565450652,0.5289754038792154,90.04900872201867,0.1632183908045977
2004-03-31,0.19364079207233162,0.5907771017555487,0.6124166689152464,21.937954385251878,0.5283237117001807,90.06594167574808,0.167816091954023
2004-04-02,0.19356943352709374,0.5907804494584875,0.612890279223769,21.93691179921618,0.5282181127849871,90.03186767607826,0.16436781609195403
2004-04-06,0.19328636582645956,0.5913631567315503,0.6134021511940969,21.926979883159028,0.5275383437564614,90.0610971739865,0.16436781609195403
2004-04-08,0.19276980472677757,0.591548246014085,0.6131051233376092,21.922741943787443,0.527257661848413,90.08586058601357,0.15977011494252874
2004-04-13,0.1931096863401729,0.593171751422083,0.6143177462652238,21.889346937891233,0.5255878844092053,90.1368174256952,0.15977011494252874
2004-04-15,0.19295072750938244,0.5931261465818273,0.6141410719884294,21.8923714490454,0.5256526557974768,90.14714794733393,0.16436781609195403
2004-04-19,0.19297922526323905,0.5933878755164785,0.6142605119802466,21.887520588713535,0.5253534260251363,90.15263592418583,0.16091954022988506
2004-04-21,0.19310772851649405,0.5937414986561242,0.6141042276484939,21.884520055565634,0.5251712601870756,90.20509125703447,0.15517241379310345
2004-04-23,0.1932394058798566,0.5943397266244668,0.6142431097945161,21.88079176728407,0.5248184435653205,90.22215269414397,0.15172413793103448
2004-04-27,0.19314401693244332,0.5947806845187804,0.6150525479773412,21.87160888552886,0.5242780672711058,90.2183578771151,0.1482758620689655
2004-04-29,0.19338471320763687,0.5953118538584123,0.6151409326305598,21.86101927077675,0.5238869746566434,90.24321294877741,0.1425287356321839
2004-05-03,0.19287692018279418,0.5970218457501774,0.6156917744371116,21.87476283030037,0.5225493239024229,90.2588930120267,0.15632183908045977
2004-05-05,0.1925606978778379,0.5967778137313312,0.6148507862371437,21.881662908375407,0.522884918884271,90.2437697510298,0.16206896551724137
2004-05-07,0.19258238815841902,0.5977962885430846,0.6144930262378225,21.87457357292378,0.5223012547497158,90.33458660349062,0.15402298850574714
2004-05-11,0.1929438665498335,0.598895550797778,0.6154038239084857,21.84956681026011,0.520995865649502,90.3586075231198,0.15057471264367817
2004-05-13,0.19284593772854006,0.5991524615721997,0.6151281937296642,21.844836024060317,0.5207542699832398,90.34270192568546,0.15632183908045977
2004-05-17,0.19290146492963697,0.5995414746251323,0.6155144573539915,21.835698053125128,0.5203177587871605,90.35315927884389,0.15632183908045977
2004-05-19,0.19279491663423068,0.5993808613932656,0.6152664804096697,21.829276396856454,0.520365525770908,90.35590505664815,0.15862068965517243
2004-05-21,0.1927151118246827,0.599447640892823,0.6153199416197723,21.82457621389055,0.5203165401764143,90.36140145049836,0.15862068965517243
2004-05-25,0.19320738282995287,0.600426270166695,0.6151503187271,21.794570998401113,0.5192127676963608,90.40551591799677,0.14942528735632185
2004-05-27,0.1926440130395958,0.5993976057357905,0.6139699733253202,21.811288091428636,0.5203001560787182,90.42164715242698,0.14597701149425288
2004-06-01,0.1921925211822769,0.5987562458196235,0.6134131355547654,21.820783479334914,0.5209663307288032,90.41365533239444,0.14942528735632185
2004-06-03,0.19231622427658038,0.5996465177255851,0.6145055311453085,21.7990908493946,0.5199738013558908,90.44353081141254,0.15402298850574714
2004-06-07,0.19252720516124455,0.6013054652379262,0.6156937771138407,21.764398806265298,0.5182611710793309,90.50299760990397,0.15172413793103448
2004-06-09,0.19255079502925962,0.6019087590070268,0.6161859883213089,21.75669859361151,0.5177380099657294,90.52473758390785,0.1482758620689655
2004-06-14,0.19204876887499167,0.6013365375752338,0.6153690136545082,21.76428553069657,0.518590054743299,90.53926229970378,0.14367816091954022
2004-06-16,0.19195852925879578,0.6020825676269974,0.615745227643937,21.75738067387284,0.5178434479998679,90.55566635335047,0.14367816091954022
2004-06-18,0.1917732702396243,0.6024004528451463,0.6168589023668603,21.74985072058681,0.5173320971693235,90.58555416925157,0.14597701149425288
2004-06-22,0.19145662445577577,0.6026934402604582,0.6173543807371299,21.720230851034493,0.5166019332932461,90.6083390377353,0.1367816091954023
2004-06-24,0.19141289306209222,0.604074479813776,0.6186649902678223,21.696965096617177,0.5153462309441214,90.68482228183117,0.13448275862068965
2004-06-28,0.19041412744646855,0.6031951208731057,0.6168215661530468,21.71717633808996,0.5165266035877994,90.67769973295493,0.12183908045977011
2004-06-30,0.18918545624016653,0.6021905378100505,0.6151668962134768,21.742165515545505,0.5178420919154822,90.65209791885074,0.11264367816091954
2004-07-02,0.18888388274492865,0.6019866768065832,0.6152473606331721,21.77141628279127,0.5189689893620989,90.60946364668007,0.10804597701149425
2004-07-07,0.18789671156675405,0.6012322235434309,0.6146822805087537,21.772198615200345,0.5194151948693179,90.63755578064998,0.10689655172413794
2004-07-09,0.18780807733641267,0.6020159623689763,0.6158886029243122,21.746919011031682,0.5182478062803945,90.61702522049634,0.10919540229885058
2004-07-13,0.18723181549085072,0.6029865835609685,0.6172530775565863,21.721042223970223,0.516859674488829,90.4986085458332,0.12873563218390804
2004-07-15,0.1843243424423371,0.5973833489483228,0.615696274529485,21.791212947869095,0.5217030703516664,90.38284972953359,0.10804597701149425
2004-07-19,0.1826980136903518,0.5994390414199086,0.6168022352764595,21.786708656386438,0.5200620708409204,90.0364085179972,0.135632183908046
2004-07-21,0.17972089993765322,0.5975139503197349,0.6160586471102079,21.817568812852556,0.5223252985730253,90.2079862635351,0.1367816091954023
2004-07-23,0.17609608551469838,0.5898884024379943,0.6085829779399201,21.92409273475525,0.5293642010328563,90.00439191539145,0.1310344827586207
2004-07-27,0.17634454563269022,0.5943166840601783,0.612153268398528,21.8637156880983,0.5252876280177314,90.04017852793875,0.135632183908046
2004-07-29,0.17469970393334947,0.5920822383985108,0.6084066941741484,21.90349142090123,0.5278448361828199,89.96821621710488,0.15632183908045977
2004-08-02,0.17239656213973628,0.5879503015744341,0.6033189757979365,21.974547112895376,0.5324878593395052,89.92707141922027,0.15632183908045977
2004-08-04,0.17121379205426168,0.5862436720382301,0.6021160093608438,21.982127561153618,0.5340991294331496,89.88720383374825,0.16896551724137931
2004-08-06,0.1719284673159159,0.588450112001153,0.6047134169259123,21.94687388405847,0.5318150177394564,89.94193117933419,0.16666666666666666
2004-08-10,0.17064032048961922,0.5871481203862299,0.6041643981736159,21.96441543316636,0.5330904617297544,89.91468365258176,0.14367816091954022
2004-08-12,0.17058887971728978,0.5887747938386059,0.6058923573675716,21.94414343167164,0.5313292239019791,89.93359768536247,0.13218390804597702
2004-08-16,0.1702766213571316,0.5886537048670236,0.6050539910022701,21.95382927693374,0.5318405900094166,89.97815198509569,0.1310344827586207
2004-08-18,0.17008754137090687,0.5891023991203577,0.6054211717487931,21.95188963875058,0.5315751625299882,89.90734721819204,0.12643678160919541
2004-08-20,0.1694514823257677,0.5880193612632255,0.6046495403475345,21.9666089680902,0.5323419948042222,89.93817379384303,0.13218390804597702
2004-08-24,0.16891604935706955,0.5874265231037107,0.6037523831128327,21.97610435403951,0.532994575167055,89.97154168813293,0.13218390804597702
2004-08-26,0.16898524474048013,0.5885957195162539,0.6047964876822578,21.95373511277294,0.5317737837481058,89.90430800339458,0.12758620689655173
2004-08-30,0.16711392612945208,0.5849021312056752,0.6008434129495968,22.004106289068865,0.5357943837672458,89.97732152532268,0.11724137931034483
2004-09-01,0.16641703669276162,0.5853466072652397,0.5998137266028364,22.01282972728742,0.5358800877261771,90.02147025247035,0.12183908045977011
2004-09-03,0.1664532003993914,0.5863241289821898,0.6007888577965066,21.99696595151772,0.534935415632682,90.05878035230474,0.12528735632183907
2004-09-08,0.16595519304679793,0.5847277886934303,0.5992986850825868,22.00903707083063,0.5362454042257463,90.04863408138185,0.12528735632183907
2004-09-10,0.16595634641435067,0.5862517615564877,0.6005194736775994,21.989259823030363,0.534753096371176,89.9466648951237,0.12183908045977011
2004-09-14,0.16522957511535263,0.5851852270562988,0.6002064776204684,21.9863957385579,0.5353905756635359,89.84115343625425,0.12413793103448276
2004-09-16,0.1643860529436727,0.5841503075993625,0.5995635600821341,21.98223272081119,0.5360186246063238,89.87819280612568,0.12873563218390804
2004-09-20,0.1634760996892205,0.5821320293094934,0.5968756478952593,22.014143260582028,0.5380614192529285,89.89561873135062,0.11494252873563218
2004-09-22,0.16243712342934408,0.5812979226363559,0.5964305563390062,22.025945295252534,0.5392211221240938,89.84825465541653,0.11724137931034483
2004-09-24,0.16108560487641335,0.5791668124396838,0.59630985489079,22.06087690937344,0.5411748557916893,89.78233756927854,0.10344827586206896
2004-09-28,0.1588461887562933,0.5749589167179437,0.5920471198712605,22.11161048761333,0.5450681975610798,89.78667290020503,0.10344827586206896
2004-09-30,0.1580020638725962,0.5738461207670096,0.5912594211227704,22.102161958847876,0.5454190952038198,89.84565134336387,0.09655172413793103
2004-10-04,0.15762803078894302,0.577877896264493,0.5948217204235913,22.081059320473027,0.5428225542008062,89.91797373169811,0.09310344827586207
2004-10-06,0.15506001899909586,0.5751781723842997,0.590291186582165,22.13743329189561,0.5467268250075336,89.68529037897567,0.1206896551724138
2004-10-08,0.15316584879143252,0.5729834930772766,0.5860860558515149,22.19128245297014,0.5495220477355779,89.55236034819951,0.11379310344827587
2004-10-12,0.14884427427617083,0.5651079931087121,0.5745531217335752,22.31496042036305,0.5567139243666125,89.32674291263625,0.0896551724137931
2004-10-14,0.14793779176667457,0.5641338773650263,0.5721903512476143,22.312756339826343,0.5575731291157902,89.29853314302854,0.09885057471264368
2004-10-18,0.14661663511621037,0.5628421733353405,0.5712662305802926,22.318055921221024,0.5584566198264773,89.33264004991037,0.09770114942528736
2004-10-20,0.14646761772077802,0.5638700311303141,0.5719398559653874,22.294017819156924,0.5573488170187968,89.32724576664027,0.09770114942528736
2004-10-22,0.14603695874675002,0.5632207219528801,0.5713483264770172,22.299794121712424,0.5580171430093623,89.33321678983093,0.09885057471264368
2004-10-26,0.14616450832127467,0.5658965347712448,0.5729559024042943,22.276279413608147,0.5556761314448173,89.38239115399975,0.1
2004-10-28,0.14579114286128622,0.5636235950025121,0.570615967535921,22.274901673505838,0.5568840069277388,89.33007629332953,0.09770114942528736
2004-11-01,0.1457270266271839,0.5659732622796004,0.5727133660067932,22.247971915845195,0.5548206732009218,89.35769327227513,0.10689655172413794
2004-11-03,0.1450915838386223,0.5663149257972288,0.570250837527197,22.25692858788744,0.5550209250848005,89.40542206721392,0.10344827586206896
2004-11-05,0.14485062596481924,0.5660796729641026,0.5677387060433169,22.264988348039243,0.5558180463106683,89.64214200955367,0.10919540229885058
2004-11-09,0.14482833851149426,0.5699190142980183,0.5741516003536515,22.282635352498808,0.5538573595889008,89.59938680732431,0.11954022988505747
2004-11-11,0.14410090981808535,0.5690442256124235,0.5733627719739238,22.293769244414733,0.554497061795038,89.58168923617814,0.1206896551724138
2004-11-15,0.1440967216754079,0.5696113182897372,0.5734200664493763,22.279952291989595,0.5539233067601614,89.59928705340863,0.11494252873563218
2004-11-17,0.14305552023462767,0.5715387274812348,0.5711918519554804,22.294908805996116,0.5528542897431897,89.65411479986427,0.1103448275862069
2004-11-19,0.14315314641040888,0.573125985628797,0.5718733556639232,22.253504523129084,0.5508166088566324,89.62035572564554,0.1103448275862069
2004-11-23,0.1414245951084887,0.5685220398216393,0.5658102342535104,22.322464031192165,0.5557169567915239,89.51709775358637,0.1103448275862069
2004-11-26,0.14151619309181537,0.5696067647850283,0.5664663519478186,22.302418317703097,0.5546541614136004,89.60022473881845,0.10689655172413794
2004-11-30,0.14109409365384495,0.5724002330418351,0.5672951650275948,22.31052732950343,0.5528744563134537,89.65170893619658,0.10919540229885058
2004-12-02,0.14117111314429723,0.5715283380802293,0.5661375676465111,22.287114374157202,0.5526790834740581,89.58450436705635,0.12873563218390804
2004-12-06,0.14013112497371868,0.5696551352272223,0.5623980949490495,22.324344247245193,0.5549789454566061,89.58925452522766,0.10344827586206896
2004-12-08,0.14039721286692258,0.5714386207418433,0.5644092134467856,22.30216122223477,0.5533504747638903,89.69282875845346,0.12183908045977011
2004-12-10,0.13961437857470116,0.5710519672758766,0.5646946697203968,22.35626057416762,0.554865378210534,89.66352483472633,0.09540229885057472
2004-12-14,0.13943825525012843,0.5708065949547511,0.5636605826198068,22.360715553071056,0.5551862823089412,89.66907203393866,0.10459770114942529
2004-12-16,0.13913123533700103,0.5698984631018279,0.5629419784705826,22.36788308745545,0.5560645613944928,89.67423069565038,0.10804597701149425
2004-12-20,0.13911369642130847,0.5700483093121257,0.5630233578741216,22.366566764681075,0.5558719027402363,89.66080216550063,0.10229885057471265
2004-12-22,0.1389130225457641,0.5689225270043159,0.5620944651276532,22.380925262626665,0.5569518249987971,89.591005423159,0.11494252873563218
2004-12-27,0.13890408942288188,0.5696209636184046,0.5628139405915563,22.366389627148457,0.5561374363292808,89.42713051554392,0.12413793103448276
2004-12-29,0.1375221596863573,0.5663802294227578,0.5590526971526815,22.413057716660177,0.5596067226522663,89.4627087919825,0.1206896551724138
2004-12-31,0.13694199395948625,0.5666648257509416,0.5596254162933139,22.41188220879766,0.5597854934721949,89.47622360090499,0.11494252873563218
2005-01-04,0.1367188768034611,0.5673612259349237,0.5591306765381064,22.404003882086403,0.5591795640567415,89.5336333244732,0.10459770114942529
2005-01-06,0.13684043659678952,0.5683123004997973,0.5600016270881372,22.390382778273622,0.5582631120660471,89.56942004041534,0.09540229885057472
2005-01-10,0.13664036262246954,0.5676121907699818,0.55918569907127,22.396237176163048,0.5588812517646956,89.5965683586052,0.09540229885057472
2005-01-12,0.1364205895574417,0.5678919454203595,0.5592899554290092,22.398692457236994,0.5587039742996156,89.53125910050667,0.10919540229885058
2005-01-14,0.1359004975561163,0.566341650480817,0.5573801854124221,22.40386622550885,0.5599458192026902,89.58992592898741,0.11609195402298851
2005-01-19,0.1348711678810559,0.5643079816810027,0.5550315143816227,22.445095257269504,0.5621571535099993,89.39639539871207,0.12988505747126436
2005-01-21,0.13416270800188843,0.5623850142017366,0.5536526267944762,22.45922408352065,0.5638299174214653,89.45960126001005,0.12643678160919541
2005-01-25,0.13360150931482762,0.5625819607237814,0.5545582470329047,22.455322971486947,0.5639619204206678,89.50918645163163,0.10344827586206896
2005-01-27,0.1334418920549314,0.5631089262093638,0.555373681474906,22.454216633190818,0.5638648520772547,89.51402417191454,0.10229885057471265
2005-01-31,0.13345964286180287,0.5634531128400847,0.5560250085465493,22.457538002035196,0.5638196388312454,89.48058714905856,0.11149425287356322
2005-02-02,0.13328445284578383,0.5625643231863225,0.5553308479835496,22.466180136651197,0.5645812565917459,89.44985029882406,0.10114942528735632
2005-02-04,0.1333159516637074,0.5631963556394562,0.5558297277852521,22.45932700791851,0.5641587336012145,89.46621587475765,0.10459770114942529
2005-02-08,0.13303581252580063,0.5631760290402807,0.5555486040586837,22.45506003344302,0.5642499158756326,89.4681403594333,0.09540229885057472
2005-02-10,0.13236290881058776,0.5627226856602426,0.5547227051785777,22.46633443830582,0.5650001361098267,89.50846023629315,0.09425287356321839
2005-02-14,0.13227741502463666,0.5626769389782638,0.5547183806210206,22.465950253916688,0.5651129547507759,89.49255351329785,0.09425287356321839
2005-02-16,0.13139228782238313,0.5597815010524304,0.5524657138226642,22.50882504217914,0.5681525649189206,89.4759130956642,0.08275862068965517
2005-02-18,0.1311952813084372,0.5594777655686316,0.5522444290448236,22.50659605702301,0.5684284553998069,89.44911155478854,0.07816091954022988
2005-02-23,0.13154559486048922,0.5617943964414058,0.5540973681131393,22.475235632481375,0.5660989767122052,89.48155668834974,0.08045977011494253
2005-02-25,0.13140353330409335,0.5610123708450793,0.5532956808247804,22.476845696813985,0.5671192146446429,89.51526036776507,0.07931034482758621
2005-03-01,0.1312904568900572,0.5611110841663379,0.5526979301822076,22.456382119017945,0.5663808491563955,89.54015781225802,0.0735632183908046
2005-03-03,0.13034245838712713,0.5581911423564838,0.5502787704537584,22.49216028297886,0.5694455402442906,89.50190086412964,0.06321839080459771
2005-03-07,0.13054548594876794,0.5596931229557562,0.5513899761022296,22.476709898900904,0.5683024815844522,89.39141606108332,0.07241379310344828
2005-03-09,0.1287691260170697,0.55619956470927,0.5466034209948175,22.540673480227102,0.5725951622753163,89.3530594669933,0.0839080459770115
2005-03-11,0.1269180714256247,0.5522831682690131,0.5424824785639788,22.602083432009305,0.5776397262993169,89.39574356158673,0.09425287356321839
2005-03-15,0.1269123269505369,0.5529615210682369,0.5432622892144708,22.59879326731072,0.577093445856818,89.3614394055073,0.10574712643678161
2005-03-17,0.12381008644856029,0.5413462373037149,0.5325906920100489,22.738676528744733,0.5894114603046889,89.01836139398713,0.08275862068965517
2005-03-21,0.12353517089476976,0.5406970259766939,0.5317428742408998,22.73782906502034,0.5900383561939465,89.0080658727089,0.07586206896551724
2005-03-23,0.1237046606365337,0.5416175311611259,0.5335803396235075,22.740496775315183,0.5895373762320507,88.92613128195484,0.08045977011494253
2005-03-28,0.12315589087656331,0.54075090088147,0.5338538255284192,22.770678373847854,0.5905501747532584,88.77742906895152,0.08275862068965517
2005-03-30,0.12256626575693645,0.5399613092690257,0.5337452575971697,22.78462325506418,0.5918961415023778,88.91678254269758,0.08275862068965517
2005-04-01,0.12248596687620983,0.5409278507888846,0.5345857707066481,22.76134468811384,0.5905581065094413,88.94087744371569,0.08275862068965517
2005-04-05,0.12235183274802208,0.5408090779903186,0.534537480087485,22.769821200686128,0.5909831805220263,88.93410026400593,0.07816091954022988
2005-04-07,0.1223727320378195,0.5409765880714851,0.5345724729585378,22.76848770141224,0.5907713256953354,88.86034793443311,0.07816091954022988
2005-04-11,0.12177682777277446,0.5396030019784737,0.5338454823535462,22.772387650490842,0.5918888779586055,88.8303370101774,0.08620689655172414
2005-04-13,0.1215423655685538,0.5398878825274555,0.5352518220002825,22.73540395901179,0.5913016413324828,88.85319901144612,0.08620689655172414
2005-04-15,0.12208474749943161,0.5418706021525467,0.5389274504474252,22.697732827209926,0.5897458658581888,88.95806166548999,0.1
2005-04-19,0.12221030479300823,0.5438117673290129,0.5397692958458878,22.640547099162166,0.5873709177403593,88.87273521663101,0.10804597701149425
2005-04-21,0.12249148018372533,0.5452172765354416,0.5421091050500003,22.624000943550026,0.5864408512822797,89.03807465667045,0.08620689655172414
2005-04-25,0.12285092501076242,0.5468073559294947,0.5438729090197129,22.605824157793883,0.5849728052749976,89.09336516669678,0.09770114942528736
2005-04-27,0.12260551028726226,0.5451209292716648,0.5421863981237323,22.609062317152997,0.5864524199893139,89.02012234568856,0.10344827586206896
2005-04-29,0.12299746233479766,0.5467599389157395,0.5437982788976136,22.593845540574723,0.5850589963578171,89.12704512916747,0.1103448275862069
2005-05-03,0.12295668946747049,0.5473143878032747,0.5440550751292996,22.588258215906166,0.5849445815315998,89.0687941611733,0.09540229885057472
2005-05-05,0.12264357965095429,0.5458288697243987,0.5431518533112751,22.60599572779399,0.5862146208702516,89.042627424362,0.10804597701149425
2005-05-09,0.12270833472914532,0.546088202809209,0.5432088303361684,22.59858777853934,0.5859365919712515,89.04727840891222,0.10229885057471265
2005-05-11,0.12282513877215841,0.5473852053602037,0.5445936307675217,22.570814330085472,0.5845431658448121,89.09354505641409,0.08850574712643679
2005-05-13,0.12275704779767216,0.5475938023195593,0.5445883980339529,22.54730691363321,0.5848625010323982,89.23525627611852,0.09425287356321839
2005-05-17,0.12278396711948987,0.5489682725872701,0.5492086493182183,22.55694385016252,0.5838368197983087,89.26727175172617,0.09195402298850575
2005-05-19,0.12263785105423192,0.5490798729690067,0.5493445061097272,22.55645524372646,0.5839639815856453,89.28283576696266,0.09425287356321839
2005-05-23,0.12271031356491585,0.5501019089549319,0.5505075741816612,22.5348642581697,0.58293316897148,89.20737474788481,0.10114942528735632
2005-05-25,0.12198873393555641,0.5480522051417497,0.5489518271868181,22.555327621110266,0.5847759163197368,89.22150747059838,0.10229885057471265
2005-05-27,0.12163942205716029,0.54712232064107,0.5478676932288352,22.55829168727183,0.5854776356349608,89.15174527596373,0.10229885057471265
2005-06-01,0.12178867351933828,0.5494905907734399,0.5495114909273465,22.516295852482433,0.58299491345986,89.17229174022386,0.10344827586206896
2005-06-03,0.12137223343087979,0.5484255987354533,0.5482656095941438,22.526853550200357,0.5840851767309013,89.14048569062155,0.10689655172413794
2005-06-07,0.12098978313890793,0.5476174281030047,0.5474247532332963,22.526832938746214,0.5846316611164882,89.12658090523637,0.1103448275862069
2005-06-09,0.11999381983418968,0.5438284995888931,0.54417440917631,22.578263014702575,0.5886159167320744,88.99561360711128,0.10344827586206896
2005-06-13,0.12002834244294125,0.5449168927624491,0.5452861642732362,22.559452096399507,0.5875634557231997,88.99383887739188,0.1103448275862069
2005-06-15,0.11980635759090573,0.5441656188312364,0.5450641138931979,22.56874924267729,0.588288751686345,88.9695091704994,0.11149425287356322
2005-06-17,0.11948403155568518,0.543409790781156,0.5439684619047993,22.58367384512497,0.5893470711238531,88.97627005299357,0.11264367816091954
2005-06-21,0.11920464448334206,0.5425948008330925,0.5434438532820901,22.585400379653308,0.590117296902692,88.95867083262739,0.10114942528735632
2005-06-23,0.11947924717874636,0.543719002752651,0.5448457148085206,22.56375599143766,0.5889694020707082,88.97905034057915,0.1
2005-06-27,0.119393586410661,0.5437771286290436,0.5449221182852637,22.566846210596516,0.5890643437990712,88.96151431496644,0.10344827586206896
2005-06-29,0.11908426193246517,0.5432984850987137,0.5438743019161033,22.589326514191622,0.590077329816455,88.9987614611536,0.09770114942528736
2005-07-01,0.11909426722726822,0.544005092925361,0.5453211576214806,22.59537174326489,0.5898018750811137,89.00377366551474,0.10344827586206896
2005-07-06,0.11893774625744331,0.5440774567792359,0.5444243277939472,22.600163735320958,0.5900176282888164,89.03593348002686,0.10689655172413794
2005-07-08,0.11922422515244112,0.5458918995550412,0.5460253702944499,22.571162917982548,0.587926629262833,89.07133526072867,0.10919540229885058
2005-07-12,0.11923834979401542,0.5485733460289428,0.5483713556661468,22.537990978582943,0.5855821062692478,89.1848105543968,0.09310344827586207
2005-07-14,0.11870382500661036,0.5468357597279266,0.5466439182060124,22.533200077430145,0.5868816466117163,89.13827426065168,0.0896551724137931
2005-07-18,0.11851852328475904,0.5473765018560658,0.5473235758205758,22.526455379891694,0.5862860571234809,89.10971747761931,0.09425287356321839
2005-07-20,0.11852942593297232,0.5466728031011806,0.5472862907670172,22.51026054674956,0.586746537967946,89.08248890816243,0.09885057471264368
2005-07-22,0.11868741312203233,0.5470782744160916,0.5476854699645457,22.508108898821376,0.5863289622937461,89.11440216465112,0.10229885057471265
2005-07-26,0.11872869090830562,0.5488856807402247,0.548959098428296,22.488164059419624,0.5845933222231335,89.14381183119107,0.10459770114942529
2005-07-28,0.11879839871311387,0.5489104630161559,0.5490141254077003,22.489229311838734,0.58468736532094,89.09309254873145,0.10114942528735632
2005-08-01,0.11832399751867739,0.5469679901524799,0.547597248916415,22.515014239231903,0.586676806898239,89.15643425200366,0.09885057471264368
2005-08-03,0.1182899282339793,0.5474120143055142,0.5481171936179329,22.514214218543767,0.5863525045296504,89.15067420105669,0.10459770114942529
2005-08-05,0.1183438798856957,0.5480355331544533,0.5488094219357758,22.51479843335361,0.5859504205297211,89.20160717641463,0.09885057471264368
2005-08-09,0.11828732746325775,0.5480015197085925,0.5487582464352303,22.51750252591797,0.586049186344187,89.20644920925533,0.1
2005-08-11,0.11829018311931033,0.5490508543483338,0.5493015141849233,22.509324956867374,0.5853522142355136,89.24737126413464,0.1
2005-08-15,0.11828702634186036,0.5498121552177794,0.5496743429879604,22.504583194129047,0.5847642265280422,89.28656179974054,0.09885057471264368
2005-08-17,0.11835414110203314,0.5501988345045159,0.5500652427137327,22.489710861291275,0.5842024738541334,89.28416750727413,0.10689655172413794
2005-08-19,0.11833416865132393,0.5499229381911791,0.5496152443929118,22.4872255285712,0.5843184514762019,89.25645271230829,0.10919540229885058
2005-08-23,0.11822678707298093,0.5495630607437668,0.549517720437073,22.495805783112974,0.584701580998073,89.22472385960019,0.10919540229885058
2005-08-25,0.11800251853922429,0.5491897093072721,0.5499696409582643,22.507882831040174,0.5854782755945535,89.24940247763388,0.11724137931034483
2005-08-29,0.11814949903575542,0.5506295380340742,0.5511581115766218,22.478372763432343,0.58393890514886,89.27160435831213,0.1103448275862069
2005-08-31,0.11825989696596209,0.5505111186371899,0.5506328098905814,22.47351711944145,0.5840409392280626,89.27517189712363,0.11609195402298851
2005-09-02,0.11785069143963463,0.5496843902695345,0.5494596814310158,22.494305732678253,0.5852171282002763,89.24691412400749,0.1206896551724138
2005-09-07,0.11804345306708022,0.5502822424778223,0.5493985136114321,22.48677513375709,0.5845452855625608,89.26630694784953,0.12183908045977011
2005-09-09,0.11792223290965946,0.5501576687201593,0.5489594466749558,22.490773980735472,0.5848886761035658,89.40455416259721,0.1206896551724138
2005-09-13,0.11787426891056407,0.5519004268971507,0.5522688573782427,22.49501390567651,0.584102723707365,89.43605977914795,0.12643678160919541
2005-09-15,0.11763639548711094,0.5510223558658148,0.5511821852278451,22.50025338908632,0.5848836031103853,89.37667771514425,0.12988505747126436
2005-09-19,0.11735293280016469,0.5498267546218005,0.5500244073572297,22.512999889086128,0.5863387729292302,89.29361985330578,0.13333333333333333
2005-09-21,0.11733139631999599,0.5491317624123065,0.5481501607717602,22.53091776621851,0.5865989261409688,89.24132422025217,0.12988505747126436
2005-09-23,0.11707764468761733,0.5478465867466086,0.5463823755881555,22.54658047593602,0.587642832551427,89.01765531602511,0.1367816091954023
2005-09-27,0.11612952383265839,0.5438160164692899,0.5433495789121657,22.586461081593242,0.5914973692911677,89.02799290454954,0.13333333333333333
2005-09-29,0.11598609531146384,0.5439957643235213,0.5436543636981124,22.605481498206654,0.5915906293356455,89.01898432534546,0.12873563218390804
2005-10-03,0.11593114361896019,0.5436335432701098,0.5432086470628111,22.609587219223982,0.5917655782187042,89.01775103614638,0.12873563218390804
2005-10-05,0.11686418948505985,0.5471530136201389,0.5473820331276357,22.54887183492858,0.5884047176496039,89.14295536459517,0.13448275862068965
2005-10-07,0.11677455647871232,0.5459789242286814,0.5462712232110772,22.54735121606426,0.5893543112012579,89.11883636952653,0.1471264367816092
2005-10-11,0.1168949377347025,0.5460381124801431,0.5458908322773456,22.540776172823563,0.58915990240648,89.1285956868308,0.1413793103448276
2005-10-13,0.11678859992653381,0.5450076941648448,0.54522436909351,22.548015601126906,0.5900071832445999,89.17016713182332,0.13218390804597702
2005-10-17,0.1167364045942823,0.5444703423560446,0.5442013636408596,22.539411970033434,0.5904353287695845,89.1632018570151,0.12643678160919541
2005-10-19,0.11742204900613842,0.5464827373736114,0.5458602749984743,22.49555144281305,0.5884283250403616,89.3139874995226,0.11609195402298851
2005-10-21,0.11735331713079086,0.5464959207112478,0.5457698095608944,22.5010713374862,0.5888700614213461,89.32915305476304,0.11954022988505747
2005-10-25,0.11810681385931962,0.5494200843337178,0.5489628548320242,22.45518532141074,0.5860165884774537,89.46421842193081,0.12528735632183907
2005-10-27,0.11859082370908793,0.5511783536765582,0.5511141143128248,22.442934795710986,0.5846856046637323,89.56144609741156,0.12413793103448276
2005-10-31,0.11921489511969541,0.5535021552359679,0.5521893024011479,22.414849423101124,0.5822430445902157,89.61891115111672,0.12413793103448276
2005-11-02,0.11955249899186539,0.5545827035538509,0.5540508606333742,22.417654090542527,0.5815522970102313,89.66191617108117,0.1206896551724138
2005-11-04,0.11942244717305023,0.5534234446690761,0.5525716129276875,22.432946734168706,0.5826611977817833,89.57672338603358,0.11954022988505747
2005-11-08,0.1190075539484783,0.5520236536957065,0.5513237151334983,22.439453090701075,0.5836795882685798,89.60102664794712,0.11264367816091954
2005-11-10,0.11885834611334607,0.5506810090633809,0.5482203190062576,22.42884728452657,0.5843691996556426,89.57667076662528,0.10459770114942529
2005-11-14,0.11874480771469535,0.5505999117396403,0.5483876201449526,22.42561360628317,0.584682106514841,89.55851464773227,0.09195402298850575
2005-11-16,0.11870672454077727,0.549937948943427,0.5472681653044074,22.425304168229236,0.5851893403955505,89.44896130393161,0.10229885057471265
2005-11-18,0.11840269161805392,0.5481457000841423,0.5461726454260926,22.44311126066383,0.5868812672681678,89.39770130451195,0.1
2005-11-22,0.1185168628609447,0.5481317845430356,0.5464308347067154,22.443773301863366,0.5869776332220916,89.38778505343217,0.11264367816091954
2005-11-25,0.11816230331878257,0.54727679584329,0.5455883912148443,22.447725900960645,0.5876708385891911,89.42460219707891,0.1103448275862069
2005-11-29,0.11837443994038567,0.5484252623925207,0.5468488879811786,22.425162006525195,0.5866062382146484,89.4680159968143,0.10574712643678161
2005-12-01,0.11862896530948913,0.5496449061814374,0.549446349018697,22.433503395108282,0.5856266030809028,89.50508994608056,0.10459770114942529
2005-12-05,0.11847409001127619,0.5499445871105013,0.5497688994391302,22.431352004371877,0.5851102918482803,89.4535324658241,0.10804597701149425
2005-12-07,0.1180701877156125,0.5488168635135734,0.5487495857878485,22.44352074200218,0.5862167793727182,89.48625721418715,0.10919540229885058
2005-12-09,0.11800290988954457,0.5489870578578315,0.5486088846033025,22.43088356649178,0.5858968629867988,89.48710422695724,0.10689655172413794
2005-12-13,0.11771037068330034,0.5484195167142345,0.5477217120093931,22.439526826554697,0.5864424906522999,89.45986670631497,0.10919540229885058
2005-12-15,0.11767321863533764,0.5484664923357603,0.5479763237016552,22.439480638053784,0.5862043537763674,89.43754828943793,0.11379310344827587
2005-12-19,0.1177812536051471,0.548697228220516,0.5483914386332633,22.438182074079645,0.5860397508009043,89.45573474260075,0.1103448275862069
2005-12-21,0.11747447925060137,0.5469230782484206,0.5470094051680715,22.462974097967873,0.587782477009483,89.40190437732547,0.10804597701149425
2005-12-23,0.11753174278636377,0.5473761788091531,0.5472296679970386,22.458245567041956,0.5873808110296228,89.41679237541462,0.10459770114942529
2005-12-28,0.1174269569732605,0.5481297145846995,0.5476009989259982,22.443010917290746,0.5866153303970791,89.4363658119653,0.10804597701149425
2005-12-30,0.11750048031901816,0.5495149734771042,0.5487801210086268,22.428566570004786,0.5853098300272715,89.50108902286725,0.10459770114942529
2006-01-04,0.11788719973262564,0.550948735585551,0.5507381881570093,22.394554568346024,0.5840358206127737,89.54850407020109,0.11149425287356322
2006-01-06,0.11800443849957497,0.5512223227695721,0.5510620675554763,22.392875979898562,0.5838631802604217,89.5457824025577,0.11954022988505747
2006-01-10,0.11795780558148737,0.5513728466949345,0.5519429119564957,22.4078000654844,0.584008362419386,89.56671966580913,0.11609195402298851
2006-01-12,0.11798453756658103,0.5532334275064307,0.5533793182329741,22.388257855420687,0.5822432805202885,89.61880685907451,0.10804597701149425
2006-01-17,0.11789592797378531,0.5532081911326977,0.5531314673287959,22.382623542114107,0.5820670773489932,89.63715432674574,0.10689655172413794
2006-01-19,0.11790380797582398,0.5536616768193078,0.5540988865302459,22.371630879632693,0.581817256311188,89.63405595457023,0.11494252873563218
2006-01-23,0.11781444866229258,0.5544995758415788,0.5536047665361333,22.375021550309043,0.5808081074205278,89.70424015575021,0.12413793103448276
2006-01-25,0.11795868741894329,0.5556183923467117,0.5548564304202429,22.37066835672901,0.5800454773749227,89.70483599415245,0.13333333333333333
2006-01-27,0.11823866000255574,0.556771641078212,0.5557694012752936,22.36850252724142,0.5791560404130803,89.73794057143691,0.1310344827586207
2006-01-31,0.11804263192253878,0.5566768747737332,0.554908069962859,22.368133323696654,0.5792643448973849,89.71699660255437,0.13333333333333333
2006-02-02,0.11768645486376064,0.5566978029768272,0.5544426583941761,22.373515907178074,0.5793060729375707,89.72613229448554,0.1413793103448276
2006-02-06,0.11745441240583501,0.555891920597428,0.553618756563933,22.38039593080168,0.5801284099271942,89.6414290846937,0.15172413793103448
2006-02-08,0.11773049738109481,0.5554792271577895,0.553395162723769,22.350714999394278,0.5801835560055357,89.62403024051319,0.13218390804597702
2006-02-10,0.11741687649396902,0.5540539077863521,0.5515766222133169,22.3524323186598,0.5812255065455854,89.6130541658229,0.135632183908046
2006-02-14,0.11768653449566766,0.5550665523553554,0.5520160797450763,22.33479865542949,0.5802412173370473,89.6946371477854,0.1310344827586207
2006-02-16,0.11778511242767471,0.5564103813793098,0.552866767198368,22.312966798061883,0.5789815591291767,89.72490820701482,0.12528735632183907
2006-02-21,0.11768155790947013,0.556228426460777,0.5520573359194246,22.301354413689385,0.5787896718148042,89.72094573422802,0.12298850574712644
2006-02-23,0.11740313546068509,0.5555612050031303,0.5506002591502218,22.3172133793606,0.5791947312087906,89.68054033907588,0.12183908045977011
2006-02-27,0.11734319536811656,0.5549262105167515,0.5493961768702738,22.302561186371122,0.5793475033349439,89.67119852489245,0.1206896551724138
2006-03-01,0.11769658319594486,0.5567978708734533,0.5512060639824722,22.280228725234167,0.5775816137608148,89.72550337199888,0.12988505747126436
2006-03-03,0.1174786357087959,0.556382495851982,0.5500825101242234,22.28404188034445,0.5780058811132254,89.68602407723807,0.12643678160919541
2006-03-07,0.11683008644694214,0.5537064018191868,0.5482169805544921,22.296949172628473,0.5805961829135332,89.63753863837559,0.11264367816091954
2006-03-09,0.11594906056023038,0.5505356696528982,0.5456370353951568,22.345529799382835,0.584202333027952,89.54964904176988,0.11379310344827587
2006-03-13,0.11570947978104461,0.5498829471019062,0.5454962968466361,22.34268910328276,0.5847699241729183,89.53762989846703,0.1103448275862069
2006-03-15,0.11587220891654726,0.5496424224225032,0.5460304948963038,22.347008350822204,0.5850418472042171,89.4568337299449,0.11839080459770115
2006-03-17,0.1153939159852025,0.5470902068869113,0.5439530948375664,22.375493608166398,0.5874726162573277,89.44497262279037,0.12183908045977011
2006-03-21,0.11483087623805704,0.5457036079755083,0.5425366386609857,22.393787993643823,0.5890512420633488,89.38708530448979,0.13793103448275862
2006-03-23,0.11460096714775131,0.5446159115018677,0.5416407905124061,22.39496228692115,0.5900461281084197,89.33972135124128,0.14367816091954022
2006-03-27,0.1145271627099876,0.5444474765667691,0.5414146039965679,22.3937265741206,0.5901009896414607,89.32536408704154,0.14942528735632185
2006-03-29,0.11444731365654666,0.5454086755624712,0.5417428623633641,22.388262763474415,0.589259885758607,89.364413180601,0.14597701149425288
2006-03-31,0.11437290521447802,0.5454997334721602,0.5419270542037079,22.387670126923698,0.5893502084776782,89.35479045449969,0.14942528735632185
2006-04-04,0.11434178999473453,0.5452384406912456,0.5415639953448979,22.39306134431004,0.589650804580151,89.36307719465157,0.1482758620689655
2006-04-06,0.1137780260366648,0.5424608635577128,0.5387076278866989,22.426374729561473,0.5921837826095645,89.25738894235205,0.15632183908045977
2006-04-10,0.11395685061987267,0.5445994990266855,0.5400537351827892,22.39384908580453,0.5900807918073208,89.27522517860822,0.14022988505747128
2006-04-12,0.11400021609804067,0.5457086819168252,0.5405670056361771,22.377896730392674,0.5890075390684213,89.29861420804505,0.13448275862068965
2006-04-17,0.11357814291491111,0.5444824823599039,0.5395983855437128,22.396410975739936,0.5899970208489901,89.2589587910126,0.1471264367816092
2006-04-19,0.11388549328514135,0.5456044823812747,0.5416966069143262,22.348389080121407,0.5887286470917243,89.36034034360286,0.15862068965517243
2006-04-21,0.11387089695967084,0.5445867713952084,0.5401277948676501,22.33342964155993,0.5893421216117135,89.24393434536147,0.14942528735632185
2006-04-25,0.11302656296994956,0.5419402193576845,0.5357040986167045,22.385289901829797,0.5918887289174246,89.24913473750749,0.14942528735632185
2006-04-27,0.11283105708979231,0.5400224896022816,0.5342763364522362,22.391367325177843,0.593314213055125,89.22114619907653,0.15517241379310345
2006-05-01,0.1128346812145981,0.5388791594053781,0.533114934481419,22.414049382613303,0.5946626569562766,89.19191932126319,0.13908045977011493
2006-05-03,0.1118965834795682,0.5348878107275489,0.5281886128105432,22.479587016791044,0.5985125586526777,89.0419681776135,0.14597701149425288
2006-05-05,0.11152466053030592,0.5334563240752533,0.5268577032972214,22.509672706853856,0.599888481896853,89.12605864973148,0.13218390804597702
2006-05-09,0.1115376583401318,0.5338564588543674,0.5281275376797095,22.51288423430254,0.5997083763354857,89.1255867068148,0.13793103448275862
2006-05-11,0.11149386632815267,0.5339425775375666,0.5277563349474702,22.518122761263363,0.5998978118724483,89.11433722059148,0.12988505747126436
2006-05-15,0.11180092252213295,0.5341220237702757,0.529218009597753,22.467665324217023,0.5989927833499281,89.11826121314583,0.12183908045977011
2006-05-17,0.11245169632869027,0.5371031439785854,0.5328018307356337,22.432065525307692,0.5963261992967687,89.30855414127475,0.12298850574712644
2006-05-19,0.11168162202976806,0.5357340910229517,0.5320264520570556,22.476180823907146,0.5983056474875923,89.22349553425923,0.11379310344827587
2006-05-23,0.11170185973026579,0.5354281063312776,0.5322597920731665,22.465565540074973,0.5984954761798826,89.19880602452972,0.11724137931034483
2006-05-25,0.11217661903979802,0.5364267336024748,0.5340381932211921,22.439688001271644,0.5975883174609709,89.2205405682732,0.11494252873563218
2006-05-30,0.11265577122189513,0.5384097541851282,0.536051502053828,22.41937835892979,0.5959221424425795,89.25408772715927,0.11494252873563218
2006-06-01,0.11259007063502526,0.5382532092476988,0.5357278127621528,22.427036284869715,0.5960777944512917,89.26664322236412,0.11724137931034483
2006-06-05,0.1134025460948738,0.5417037453993441,0.5399529612594645,22.372384974922902,0.5927090373463847,89.38154204401393,0.10919540229885058
2006-06-07,0.11336968362662028,0.540548565422103,0.5399780701291262,22.358823126762648,0.5935151241403166,89.32070468766027,0.11494252873563218
2006-06-09,0.11319175664685116,0.5391381554930779,0.53868482956484,22.38988014575577,0.5950459877097983,89.31363138193014,0.11494252873563218
2006-06-13,0.11403673040910972,0.542384874396403,0.5432608567768639,22.335059306308583,0.5919824162290294,89.43488193808311,0.11494252873563218
2006-06-15,0.11563475816206809,0.5474955514001494,0.5508328145072264,22.239408462135458,0.5870165793732837,89.57387910232268,0.1206896551724138
2006-06-19,0.1157419796582034,0.5480692876310705,0.5520618061965799,22.216916097084663,0.5863780595055359,89.64495746768154,0.12298850574712644
2006-06-21,0.11611971838753302,0.5506140043102437,0.5547712894036647,22.18870100480818,0.5842326062166434,89.69418481438812,0.12528735632183907
2006-06-23,0.1160730740766349,0.5508049844362394,0.5545581572761189,22.176379661397984,0.5837777309416535,89.7380775601533,0.12758620689655173
2006-06-27,0.11602764786722161,0.5527846191897591,0.5554706404975108,22.11764366781007,0.5812307355911507,89.78515217317187,0.12183908045977011
2006-06-29,0.11740335177498117,0.558348803582393,0.5615657145706062,22.0474487213483,0.5761190827628587,90.01322605151316,0.11494252873563218
2006-07-03,0.11732163478574603,0.5580044685898813,0.5618763284759545,22.054512899560706,0.576765477007854,90.02430461262519,0.11954022988505747
2006-07-06,0.11755236382821052,0.5586166163554805,0.5618971044127655,22.041129032850495,0.5759744204610076,90.06482605590602,0.10804597701149425
2006-07-10,0.1177687645006093,0.5598861494425815,0.5636010542791149,22.021444232918263,0.5746804126609376,90.0626930598866,0.12528735632183907
2006-07-12,0.11802266431156337,0.5613947205705694,0.5645153662854141,22.007723209709777,0.5733348728656967,90.09586704109782,0.12643678160919541
2006-07-14,0.11820173137479828,0.5620627226667687,0.5652748739628807,21.98779761733154,0.5721922177800788,90.08571804444394,0.11724137931034483
2006-07-18,0.11802063710385557,0.5617817417175726,0.565597894161239,21.94827306011537,0.5720551165336195,90.0442890837191,0.11839080459770115
2006-07-20,0.11935464976279715,0.5656806032615302,0.5714522512546173,21.86048115950265,0.5673801788552175,90.21871551646443,0.11379310344827587
2006-07-24,0.1201947062561408,0.5695382696834721,0.5748569022275255,21.81244199864223,0.5636950044899256,90.29430422864226,0.11724137931034483
2006-07-26,0.12035924942936448,0.5686076021542242,0.5748430551898845,21.82916630513035,0.5648389935602779,90.27519661097517,0.11609195402298851
2006-07-28,0.1208080347725265,0.5698335849127961,0.5758822975182074,21.819795080767033,0.563743778093615,90.24801378437726,0.1206896551724138
2006-08-01,0.11979711669652142,0.5650961507416689,0.570749513847854,21.857096772015513,0.5682979998820966,90.17066553500904,0.12528735632183907
2006-08-03,0.11959231670972835,0.5628507315404333,0.5694466416411241,21.889553806746562,0.5707281534533629,90.17016462166657,0.12183908045977011
2006-08-07,0.1192971013797065,0.5628879846515965,0.5689467116530772,21.8884712583778,0.5709514520259797,90.16936428256953,0.11724137931034483
2006-08-09,0.11892513494463637,0.5611696202148302,0.567131702056567,21.90306567644645,0.5723001190270491,90.10813443844684,0.1103448275862069
2006-08-11,0.11872446758103392,0.5606097242543416,0.5670859278892585,21.907310657631676,0.5727821256132296,90.09655657082135,0.11149425287356322
2006-08-15,0.1190369458882408,0.5614498329380726,0.5678518990088978,21.884950246289304,0.5716183172625486,90.10527767549807,0.10459770114942529
2006-08-17,0.11935099279352465,0.561314639636639,0.5684310834762888,21.87313645936203,0.5714830013710316,90.09384811090418,0.10229885057471265
2006-08-21,0.11931824863280542,0.5605632629087066,0.5677794600361432,21.876232888344504,0.5720413508979889,90.06414760073024,0.10344827586206896
2006-08-23,0.11922999660823602,0.5601545595748035,0.5675692371897249,21.880349227347846,0.5724189179868178,90.0630637441928,0.10344827586206896
2006-08-25,0.11911647469263005,0.559602043196527,0.5670563706724295,21.88340690108833,0.5728357941878588,90.03343302152511,0.10804597701149425
2006-08-29,0.11892594008373436,0.5589503282380263,0.5655721504144546,21.882434028507145,0.573143969535604,90.02710962159759,0.10344827586206896
2006-08-31,0.11868056819210117,0.5590635217381643,0.5651963841913759,21.863180673948264,0.572929046013072,90.06401103062576,0.09885057471264368
2006-09-05,0.11877615537472146,0.5606054596568576,0.5665794182282218,21.834975920243483,0.5712250305370886,90.08205118837876,0.09885057471264368
2006-09-07,0.11915043230471291,0.5619789785425885,0.5684944281054456,21.809364576407678,0.5699507286113014,90.1376010862053,0.08735632183908046
2006-09-11,0.1190528045196751,0.560100860235132,0.566027882285969,21.765221739424483,0.5707411591530142,90.1166501317381,0.08735632183908046
2006-09-13,0.11938359961066668,0.5602908198275606,0.5663410302214807,21.729709768146463,0.5698692369609941,90.10246368146136,0.08160919540229886
2006-09-15,0.11906664183389054,0.5585793313303722,0.5656997358995055,21.745470252224376,0.5717274249228482,90.05301016680252,0.08275862068965517
2006-09-19,0.1190898966562654,0.5582999609198669,0.5655658915911518,21.741102109431722,0.5718283518369659,90.02215623043494,0.08275862068965517
2006-09-21,0.11884990192675791,0.5564680285639204,0.5625339674349644,21.745079492739603,0.5730008406742036,89.99722572811143,0.08275862068965517
2006-09-25,0.1188864094570947,0.5560528306183589,0.5616800711274258,21.741730664675792,0.5728658992515182,89.93338739959226,0.08735632183908046
2006-09-27,0.11878026534067002,0.5553320528139573,0.5624518965224563,21.740448124007077,0.5735802152209606,89.92535494107969,0.08735632183908046
2006-09-29,0.11867686331884565,0.5551671900016267,0.5622005017169048,21.745776251961193,0.5737501048280316,89.86833401533904,0.09195402298850575
2006-10-03,0.11829806287171389,0.5524770179174038,0.5604613181874115,21.747101056086393,0.5759037112853158,89.82492725939649,0.09310344827586207
2006-10-05,0.11880929882126219,0.5536893028806905,0.5615195553433588,21.73131911252527,0.5747580019931596,89.85384186458747,0.09540229885057472
2006-10-09,0.11854358101896523,0.5534246915582015,0.5608658684964439,21.736470026211997,0.57498158887439,89.83768291176547,0.08735632183908046
2006-10-11,0.11852929905470619,0.5534851576766459,0.5609478857187713,21.719320633456977,0.5748824384743899,89.84424922608396,0.07931034482758621
2006-10-13,0.11871818515122261,0.5542611162258436,0.5619856088154658,21.701259705429464,0.573980167360312,89.91466422329763,0.08160919540229886
2006-10-17,0.1186793586096587,0.5551613472915714,0.5638785274956665,21.68156847025943,0.5732254307350277,89.93478985334849,0.08275862068965517
2006-10-19,0.1183900196198986,0.5539789330080948,0.5634643510624593,21.668232374844248,0.5741620041390484,89.90717441569363,0.08620689655172414
2006-10-23,0.1182625127113405,0.5547869893845578,0.5658478208737666,21.672147716040723,0.57392294069834,89.89688415162355,0.08505747126436781
2006-10-25,0.11830465867750084,0.5543817469475443,0.5655698818351703,21.67212851218443,0.5742866129330343,89.88650081778566,0.08620689655172414
2006-10-27,0.11809997624724561,0.5533820636751509,0.5641005780314957,21.684866875759276,0.5748327023056203,89.67670888206082,0.09310344827586207
2006-10-31,0.11726402187201314,0.5503851733670678,0.5638636030443103,21.70042599138425,0.5773660154959742,89.65706916295383,0.10689655172413794
2006-11-02,0.11739480121368227,0.5508481959277558,0.564418536820124,21.692115805689575,0.5768427586135033,89.67227981755185,0.10804597701149425
2006-11-06,0.11750065861262214,0.5511336581452827,0.5641429551139567,21.679735000321415,0.5762297020093767,89.67472933305277,0.10804597701149425
2006-11-08,0.11733908816076583,0.5501368273569712,0.5626745471831043,21.703654165377124,0.5772789426614443,89.64866613764707,0.10459770114942529
2006-11-10,0.11714787256113521,0.5487517057408847,0.5610538088476416,21.71419168901664,0.5782682763296181,89.61887482337806,0.11264367816091954
2006-11-14,0.1170628585094349,0.5480498201707437,0.5621654722808923,21.730769575024095,0.5793302744229973,89.5893278931955,0.11839080459770115
2006-11-16,0.11699552753161112,0.5475454301335553,0.5611829373229537,21.726866483239718,0.5794477725146395,89.57142740527551,0.11494252873563218
2006-11-20,0.11687436432682735,0.5468574324637804,0.5599753393747342,21.750802926324923,0.5802786771860537,89.55401431184583,0.11264367816091954
2006-11-22,0.11687471820030187,0.5467197908916746,0.5600298726087212,21.739441356249117,0.5801552982443061,89.5449821029421,0.10804597701149425
2006-11-27,0.11704814495582565,0.5495446540836081,0.5630177599139738,21.740530979806557,0.5786779449102019,89.6693628464588,0.11379310344827587
2006-11-29,0.1173000027109973,0.550764266880832,0.564248836490621,21.72248044604249,0.5775497390274563,89.67191854133834,0.10919540229885058
2006-12-01,0.11700236839996007,0.5495878774211785,0.5629206334243949,21.73857781345248,0.5787397955780833,89.67302788335324,0.10804597701149425
2006-12-05,0.11725212805232993,0.5504418901468698,0.5631830459130501,21.728755506185227,0.5777720286756446,89.68250482025141,0.10574712643678161
2006-12-07,0.11699917424323975,0.5497911368634474,0.5627140786650922,21.73887831485791,0.5783428302603483,89.65967452176066,0.10344827586206896
2006-12-11,0.11694426314103644,0.5499535430029386,0.5625306589203388,21.731827697418183,0.5781191780246324,89.68128701488355,0.10574712643678161
2006-12-13,0.11696482399080492,0.5500587694691966,0.5632450225302047,21.720149409552214,0.577919701689857,89.66783158608042,0.10459770114942529
2006-12-15,0.1168372007607165,0.5486762467251385,0.562060557576051,21.739868531251492,0.579335783803181,89.6417601866453,0.10574712643678161
2006-12-19,0.11689726720159019,0.5484249860584511,0.5621617621812809,21.734223403566897,0.5795225639485296,89.60265940057849,0.11149425287356322
2006-12-21,0.11673921546421312,0.5473945338569883,0.5614382565759196,21.738647660775474,0.5805253581531971,89.5876570679587,0.11149425287356322
2006-12-26,0.11683187106949873,0.5479603701285848,0.5620253925443016,21.734529522568128,0.5800132338711994,89.56072866139537,0.11379310344827587
2006-12-28,0.11625367750570291,0.5459520016844521,0.5598851990653535,21.759843679744954,0.5819278263606487,89.51169963416395,0.11954022988505747
2007-01-03,0.11617464605325888,0.5449322833403722,0.5586915304818078,21.738737740595425,0.5823267472443677,89.52293892409207,0.11839080459770115
2007-01-05,0.11620591257246757,0.5448885653800224,0.5582073529110516,21.73830696278714,0.5822907317762717,89.50377303449659,0.11264367816091954
2007-01-09,0.11612829339312611,0.545033101916518,0.558376312026934,21.72216841881317,0.5818793863633712,89.53289733400611,0.11149425287356322
2007-01-11,0.11615623035894362,0.5452911503245463,0.5587780222235353,21.727010011126456,0.5818331955783325,89.53769764576937,0.11379310344827587
2007-01-16,0.11598299875067887,0.5445777938408415,0.5586060079515576,21.719523008165044,0.5823842156602562,89.50353912761526,0.10919540229885058
2007-01-18,0.1158491793807793,0.5435831535840411,0.558371145829775,21.740460011997598,0.58360141506235,89.46968867528145,0.10689655172413794
2007-01-22,0.11592657727717133,0.5438008763881504,0.5593398325722346,21.7266690912889,0.5833002421660577,89.49270470406904,0.1103448275862069
2007-01-24,0.11607371750056071,0.5441536425504104,0.5600868244564285,21.71723190597955,0.5828428417257332,89.51340257382103,0.10919540229885058
2007-01-26,0.11607256366256401,0.5448894699082469,0.5601601730002921,21.694123534496455,0.5818663408081438,89.5250046622198,0.10459770114942529
2007-01-30,0.11598730101868901,0.5442899188490128,0.5598728472200385,21.694048545299246,0.5823431269134994,89.49822219326542,0.10344827586206896
2007-02-01,0.1160842210190514,0.5439588048598825,0.5606390378089895,21.69249473911509,0.5825294303303371,89.4652445961186,0.1
2007-02-05,0.11608807436080579,0.5437837334942239,0.5605137821235229,21.695784532669734,0.5826896484035955,89.42460035039724,0.1
2007-02-07,0.11579847066693054,0.5426215895490478,0.5596528332730041,21.70446514968798,0.5837352185372224,89.40280573654285,0.10574712643678161
2007-02-09,0.11573492029288297,0.5421096311322455,0.5591762149150361,21.709837265337356,0.5841330740650433,89.39860159595005,0.10689655172413794
2007-02-13,0.11592434738224743,0.5432833352548299,0.5603232800706803,21.708017076052563,0.5833414619428207,89.40993116739705,0.10574712643678161
2007-02-15,0.1159351837157296,0.5432074577058011,0.5604436713414057,21.706916868156966,0.5833071621848778,89.32732970227926,0.10114942528735632
2007-02-20,0.11536899299898555,0.538737514216259,0.5576492077484435,21.75070938682133,0.5873004584956939,89.206148145109,0.10804597701149425
2007-02-22,0.11490060165203651,0.5371169471264416,0.5550680962056435,21.761814671497934,0.5884871135086627,89.16388982688686,0.10574712643678161
2007-02-26,0.11483512786948066,0.5367039556915231,0.5558373032076717,21.779902004052442,0.5893074043825913,89.14640013849751,0.10229885057471265
2007-02-28,0.11767236195130944,0.5493426370641599,0.5644925320480858,21.660476202375364,0.5777593519009111,89.58695457858235,0.10459770114942529
2007-03-02,0.11780462409600048,0.5509228284523917,0.5656562579190212,21.645878008447585,0.5762624342902547,89.6586228313777,0.10344827586206896
2007-03-06,0.11838992201365779,0.553417042244823,0.567942922418207,21.61424635751416,0.5739353107727855,89.75754189949981,0.10689655172413794
2007-03-08,0.11854001186434888,0.5545468545085493,0.5690251971105178,21.616378197970764,0.573063088105138,89.80168665366418,0.11149425287356322
2007-03-12,0.11846696941173085,0.5546038693133077,0.5692891148512911,21.608883361731195,0.5729831109276418,89.80432592299563,0.10804597701149425
2007-03-14,0.11917179185696578,0.5582813467007647,0.5724607279208234,21.576501571725075,0.5694663307653985,89.95279556654616,0.10574712643678161
2007-03-16,0.11925238159131236,0.5587356405685087,0.5730332754995289,21.565873262774478,0.568964932393433,89.92348369637149,0.10919540229885058
2007-03-20,0.11943848738492954,0.5604851207150936,0.5735612207138372,21.55015779453914,0.5673136949472202,89.9743496853194,0.10804597701149425
2007-03-22,0.11985807347358782,0.5622350082423652,0.574623834502414,21.52536868186444,0.5655177472713975,90.03424173435332,0.10689655172413794
2007-03-26,0.1191261214478167,0.5591989446260257,0.57187547359752,21.56501614614266,0.5684598586760304,89.96319443110679,0.10344827586206896
2007-03-28,0.11925669164285908,0.5604178821565637,0.5734018645281096,21.55989996086843,0.5675997017490265,89.988258860353,0.10459770114942529
2007-03-30,0.11923696587552023,0.5608035194635,0.5737842668351785,21.553346995574056,0.567328404438316,90.00367455857612,0.1
2007-04-03,0.11937278048868585,0.5614062136851733,0.5740563632351905,21.542996444631946,0.5667764187602302,90.00618518621421,0.09770114942528736
2007-04-05,0.11921179911736915,0.5607574723101547,0.5728794490962321,21.544236464437134,0.567478456276302,90.02465188974371,0.09195402298850575
2007-04-10,0.11878428198377079,0.5596776363822157,0.5712441692801896,21.56479014353913,0.56876691401235,89.95196811693019,0.09770114942528736
2007-04-12,0.11776100269274195,0.5573216134487592,0.5675082748336063,21.596505248516674,0.5708414064452201,89.9305084791982,0.10229885057471265
2007-04-16,0.11769942632655427,0.5582791383875944,0.567497190625543,21.59496199152416,0.5699056286081423,89.88740020143796,0.09425287356321839
2007-04-18,0.11627455991058396,0.5517072661729778,0.5639997677604038,21.6550181848047,0.5757652906323921,89.70081408290166,0.08620689655172414
2007-04-20,0.11612662485752341,0.5512294072459839,0.5637855651795388,21.658759589091645,0.5764385578552428,89.6530000911691,0.09080459770114943
2007-04-24,0.11584528908850794,0.5512454798170199,0.5629637189650725,21.66024528967836,0.5763242143867526,89.6118681912408,0.09770114942528736
2007-04-26,0.11545194411182505,0.5494890741604871,0.5614534346412593,21.67783971581697,0.577972704504855,89.59957957939791,0.09885057471264368
2007-04-30,0.11560935133802963,0.5498104096188944,0.5623822963012174,21.675757001215448,0.5776566084809319,89.55002266318924,0.10229885057471265
2007-05-02,0.11531652054410928,0.5481674258268251,0.5619982303879394,21.70244995784203,0.579252216645535,89.52139726817137,0.09885057471264368
2007-05-04,0.11525954346951048,0.5478679794093542,0.5618329421136647,21.71002615739796,0.5795921372484216,89.47111734556432,0.09655172413793103
2007-05-08,0.11497370692119124,0.5466205344164617,0.5603475023149587,21.725832870093885,0.580688382820444,89.4090746275684,0.09655172413793103
2007-05-10,0.11489842773162726,0.5473395651046332,0.5591107685331362,21.746290427430296,0.5799006182380518,89.41183478177547,0.09310344827586207
2007-05-14,0.11472446856708458,0.5468357753453197,0.5591595134221571,21.753927807856396,0.580558115279593,89.34678127879616,0.10229885057471265
2007-05-16,0.11422750100741928,0.5454537077828233,0.5579625616484389,21.776163891905377,0.5819076490040057,89.3594444338138,0.10689655172413794
2007-05-18,0.11426080656113004,0.5457266923628229,0.557726275952062,21.777372023152065,0.5817655559430325,89.37674985613423,0.10344827586206896
2007-05-22,0.11423488321874356,0.5449835694721886,0.5573987497952991,21.79239445160814,0.5826215511511668,89.36647659730536,0.10229885057471265
2007-05-24,0.1143413322399209,0.5454537484352598,0.5575440700131504,21.799583482966927,0.5823945393078523,89.39881455146175,0.09885057471264368
2007-05-29,0.11422882692910742,0.5449693127885592,0.5571108433987585,21.804580891307847,0.5828513841305236,89.38051539061853,0.10114942528735632
2007-05-31,0.11436172483134371,0.5450497744638411,0.5574679436153792,21.806239290448705,0.582949130321233,89.38065016636278,0.09655172413793103
2007-06-04,0.11445867284570434,0.5451794871916436,0.557659858201945,21.81057553917118,0.5829633897070641,89.38440858165492,0.1
2007-06-06,0.1147284539493145,0.547023845841282,0.5593245754188956,21.78957538865326,0.5812193942572654,89.44530769213262,0.09885057471264368
2007-06-08,0.11579071582816981,0.5524816437282877,0.563575406819054,21.730985560064216,0.5759857954464751,89.6514827943567,0.09655172413793103
2007-06-12,0.11598577059277564,0.5542612726894349,0.5647609474267142,21.712435013200544,0.5743562258765524,89.67185091226835,0.09655172413793103
2007-06-14,0.11650066900752105,0.5565098775615596,0.5667637184611596,21.686576405089514,0.5722372478227249,89.78862173035095,0.09885057471264368
2007-06-18,0.11658894105016983,0.556978782935244,0.5669678556822323,21.683162181407603,0.5717866172974159,89.79273684677817,0.09885057471264368
2007-06-20,0.11654800546041093,0.556424113372042,0.5671916396221355,21.692823493310684,0.5725171542804367,89.72246794319575,0.09885057471264368
2007-06-22,0.11661389487020822,0.5568047069427684,0.5676534923647522,21.6835589210086,0.5719479644383787,89.7590530123527,0.10459770114942529
2007-06-26,0.11639815268637203,0.5561074450979919,0.568685720186763,21.68043930725094,0.5727895274820208,89.76903360448458,0.10229885057471265
2007-06-28,0.11646357295223246,0.5566205126174432,0.5689227233470382,21.671285313786342,0.5722727812074776,89.79641387284602,0.10114942528735632
2007-07-02,0.11651573007281023,0.556930118821135,0.5700826400445484,21.664334981299067,0.5719343030298706,89.81716286838181,0.09425287356321839
2007-07-05,0.11613587481222146,0.554861513790883,0.569199950056645,21.694010489514863,0.5743050898519984,89.74615932740328,0.09885057471264368
2007-07-09,0.1160382437991888,0.5544107992782386,0.5689398847904272,21.694027743087734,0.5746629206962053,89.75421603318037,0.09655172413793103
2007-07-11,0.11655626534511122,0.557135668380608,0.5706705132665496,21.676866521098145,0.5721967433515209,89.85301877904706,0.09885057471264368
2007-07-13,0.11720603287885814,0.5595331445107046,0.572418715233871,21.65275892516038,0.5699744195412696,89.94178599075329,0.09195402298850575
2007-07-17,0.11681993531242847,0.5588752257239977,0.5711578987760578,21.674397312346965,0.5705943138299405,89.91977971876473,0.09540229885057472
2007-07-19,0.11667058456354786,0.558353986328225,0.5707348040073595,21.690586312692908,0.5711522309441874,89.90668821787914,0.0896551724137931
2007-07-23,0.11699232110185682,0.5599216706425181,0.5714406351698729,21.6747929924532,0.5694015978977869,89.98745879036204,0.09310344827586207
2007-07-25,0.11767183482210164,0.5620335659791678,0.5734406630794149,21.64833318504031,0.5673864665824088,90.03332287653699,0.09425287356321839
2007-07-27,0.11917977460626436,0.5678846108279952,0.5773726544212797,21.577827165909223,0.5613932454952473,90.20805521392936,0.0839080459770115
2007-07-31,0.11956390824993961,0.5687650137959894,0.5782245102787757,21.566483433583812,0.5603095112854218,90.20841294305578,0.08735632183908046
2007-08-02,0.11935903785134988,0.5670158364197686,0.5760998575539389,21.582172379932587,0.5617700747254857,90.17192346320293,0.0896551724137931
2007-08-06,0.12123174020362808,0.5731497105643676,0.5804995554568176,21.520261935773203,0.5556432992951017,90.42059883900997,0.09885057471264368
2007-08-08,0.12152753584928797,0.5727475452874403,0.5810194235197825,21.53884681792453,0.5565703467158021,90.44839866109525,0.09770114942528736
2007-08-10,0.12272580206297277,0.5763482042871482,0.5815144001298682,21.523590660118433,0.5534735944075003,90.5151280108116,0.09655172413793103
2007-08-14,0.12322874964552702,0.5780827887049883,0.5826772604669157,21.513429406436707,0.552030144634589,90.64932514154218,0.08620689655172414
2007-08-16,0.12394707849078158,0.5792989752013449,0.5844110931835248,21.503034371535712,0.5512080266152994,90.69828397548194,0.08620689655172414
2007-08-20,0.124921334885599,0.5820430428921637,0.5867818641151085,21.481197555885323,0.5486596015313833,90.79659269884361,0.10689655172413794
2007-08-22,0.1253272346938205,0.5830923213329384,0.5879920701318756,21.458303509137803,0.5475443671229422,90.8063316985755,0.10919540229885058
2007-08-24,0.1256075190806664,0.5837474306192469,0.5886228727863905,21.452067087419216,0.5469438767166763,90.83694023959855,0.10919540229885058
2007-08-28,0.1265824700849212,0.5881274876423696,0.5923883817284963,21.408440168216092,0.5425989016343916,90.93568680872335,0.11264367816091954
2007-08-30,0.12755514750883232,0.5921433619511431,0.5960626714486807,21.366080292215,0.5388293696370525,91.00323662419572,0.11839080459770115
2007-09-04,0.12777274894436597,0.5929493153929267,0.5976261189421307,21.353045322130658,0.5381768400133322,91.05350963250591,0.11494252873563218
2007-09-06,0.12791257974726322,0.5935453119003851,0.5980826002774247,21.350927923051792,0.5377598386508439,91.04239885897223,0.12643678160919541
2007-09-10,0.1285051017072862,0.5956875796259626,0.6001561737735989,21.3132450969953,0.5354145445634443,91.08602142176969,0.12873563218390804
2007-09-12,0.12886059209548886,0.5969606581074908,0.6016952486210104,21.306067840942717,0.534417463610622,91.12804096853533,0.12643678160919541
2007-09-14,0.12878567581218017,0.5966441706818618,0.6025316355264961,21.324590823588434,0.5350707452858472,91.12108628043977,0.12183908045977011
2007-09-18,0.13026643436280877,0.6020720915982513,0.6082373073020739,21.25572610284186,0.5298786587139677,91.31341723035244,0.11839080459770115
2007-09-20,0.13035483045595192,0.6028077087317959,0.6084305310425663,21.245269835707745,0.5291598274258615,91.3094585010042,0.11609195402298851
2007-09-24,0.1304090118695789,0.6032751193441331,0.6088614143506538,21.24377866688154,0.5287836045178759,91.32822277880604,0.11609195402298851
2007-09-26,0.1304149108468812,0.6028072054174209,0.6080500359807129,21.25188904239964,0.5293174597889625,91.31870909054652,0.11379310344827587
2007-09-28,0.1304886866207181,0.60316005297936,0.6087891769628516,21.24524882989671,0.5290112677609353,91.30942316264081,0.11379310344827587
2007-10-02,0.1299931272214034,0.6015679093686573,0.605795095728726,21.287497822881125,0.5306436042688227,91.28921485670084,0.11264367816091954
2007-10-04,0.12995272361593646,0.6021182661435495,0.6062350899878197,21.29437806267703,0.5302524902012768,91.3050703919038,0.10804597701149425
2007-10-08,0.13013989064080228,0.6028255234686636,0.6076414054032829,21.285024925688454,0.5294641049498366,91.3248884378671,0.1103448275862069
2007-10-10,0.13013553586933882,0.6028563381496223,0.6075164884446648,21.283029582288943,0.5294823486203664,91.31783104233476,0.11149425287356322
2007-10-12,0.12996070295593193,0.6031791235178983,0.6082375535603924,21.29599740890057,0.5294688920834055,91.36882494866045,0.10229885057471265
2007-10-16,0.12951298884050189,0.6026052013421059,0.6073099933229017,21.30881374147013,0.5296748794113113,91.29374415182791,0.10919540229885058
2007-10-18,0.12910507025519938,0.6012538625548679,0.6058836440417612,21.32381669890351,0.5307803062513783,91.2368560873712,0.1103448275862069
2007-10-22,0.1295547837850844,0.6026010203264215,0.6067232220413381,21.313285403866303,0.5291046777660506,91.32459951328238,0.12758620689655173
2007-10-24,0.1291405925896268,0.6008176008904575,0.6047237268276796,21.332534713225286,0.5308001441330166,91.20219535009842,0.12298850574712644
2007-10-26,0.12890856533217634,0.5988336269377906,0.6038414391692016,21.359502688886593,0.5332247009729708,91.20598551038219,0.12183908045977011
2007-10-30,0.1287157107893204,0.5981015723259676,0.6032216426496125,21.361322508381157,0.5339162663927831,91.19081040453577,0.11494252873563218
2007-11-01,0.13052915310228583,0.6044769910703481,0.6090613933013147,21.292639323048547,0.5277496489496196,91.3202831781523,0.1425287356321839
2007-11-05,0.13056739592409727,0.6040387423219609,0.6092204892385916,21.296139750662785,0.5282684681735659,91.3035996952134,0.15057471264367817
2007-11-07,0.13205159613423825,0.6095657981973269,0.6156966558672979,21.242891845853237,0.5232861653041135,91.37413745833132,0.1724137931034483
2007-11-09,0.1324574005482516,0.6092472691606143,0.6157692771217335,21.25492983212011,0.5235345270297679,91.36636049694529,0.18735632183908046
2007-11-13,0.13404448632002722,0.6121187992227585,0.6198832768813141,21.17246414625945,0.5200616889417331,91.41123209358801,0.23448275862068965
2007-11-15,0.1341013851173804,0.6125218530390731,0.620394900166039,21.177993165678902,0.5201820076450903,91.39229064856342,0.24597701149425288
2007-11-19,0.13472052564921194,0.6135020270954383,0.6217495019207763,21.149431017601618,0.5186949575295488,91.41665767125454,0.25632183908045975
2007-11-21,0.13515767436294535,0.6143928365652475,0.6223309518935713,21.14417661422744,0.5178445243102403,91.41453567262126,0.271264367816092
2007-11-26,0.13596424589133707,0.6172446671602657,0.6245153255782038,21.111071494939537,0.5147782601129438,91.47168635318945,0.2827586206896552
2007-11-28,0.1374121831716532,0.6211430437278815,0.6283641029124469,21.04833066713923,0.5103713636565931,91.60307695663553,0.2747126436781609
2007-11-30,0.13748026657815282,0.6204506648737682,0.627769367921678,21.060881433424708,0.5110944936430574,91.57911245241156,0.2770114942528736
2007-12-04,0.1375583392688352,0.620070326452353,0.6275239129004333,21.079159320863948,0.5116624605018878,91.56843827546682,0.2793103448275862
2007-12-06,0.13845720162996206,0.6220708160513531,0.6307279364056473,21.06138661438628,0.509850196572648,91.60255219686405,0.2689655172413793
2007-12-10,0.13851307854206393,0.6222558833394518,0.6309789362844496,21.061939231511722,0.5097968971270301,91.6154170588696,0.26436781609195403
2007-12-12,0.1398175499341909,0.6259738061864543,0.6353515624833109,21.0029447394884,0.506209977278392,91.7381324536372,0.2655172413793103
2007-12-14,0.14006380404087262,0.6269427999881152,0.635792933515759,20.98652293998033,0.5051560862589454,91.74591017272088,0.27586206896551724
2007-12-18,0.14066649322422153,0.6289080726232028,0.6378653671800457,20.961462986780347,0.503139846350235,91.78764368811251,0.27241379310344827
2007-12-20,0.14072331504338564,0.6281444867765391,0.6373503642898305,20.979348294473553,0.5040158538878415,91.75874625733152,0.27011494252873564
2007-12-24,0.14111835655789068,0.6290976203361681,0.6382767188542822,20.969835220655987,0.5029889151531015,91.79853909946806,0.2597701149425287
2007-12-27,0.1414754312861423,0.6300491219097035,0.6391290985257728,20.955064866705122,0.5020092390394333,91.81411115619494,0.2735632183908046
2007-12-31,0.14113187694068255,0.6298662228091675,0.6385005964694875,20.970441107094793,0.5021709334789668,91.81057118724715,0.27586206896551724
2008-01-03,0.14134467537477302,0.6296687755504875,0.6373035639447151,20.96462056903609,0.5019260475551015,91.7967081037045,0.27816091954022987
2008-01-07,0.1425975182308583,0.6308565083645602,0.639905414388953,20.909342621344933,0.4995597700728096,91.8084776333409,0.30919540229885056
2008-01-09,0.14308695707156527,0.6303719534240003,0.6397590512714851,20.908713324393446,0.49952870445883907,91.83704071377647,0.3218390804597701
2008-01-11,0.14382818104112968,0.6311697279136242,0.6404000484522722,20.916771757822765,0.4987539447895279,91.87821118477717,0.30919540229885056
2008-01-15,0.1450104755857313,0.6337957311873011,0.6431682690247854,20.87764326536564,0.49590152098472523,91.87351707550862,0.3022988505747126
2008-01-17,0.14624378627210105,0.6346449724430346,0.6451246825703453,20.828736470885204,0.49495150931941023,92.13535157700872,0.26436781609195403
2008-01-22,0.14616121727462442,0.6290049597935947,0.6409447086716129,20.883491849078162,0.499470169484746,92.03145910787784,0.2632183908045977
2008-01-24,0.14705025521909157,0.6270136570378367,0.6377098523557002,20.853785948195803,0.5005337320584767,92.00435523945293,0.29540229885057473
2008-01-28,0.14757259500327277,0.6269873170292984,0.6360894739978064,20.84517269960736,0.500462561565516,92.01716868006785,0.29195402298850576
2008-01-30,0.147557579790399,0.6258049235906615,0.6349548237524884,20.868211147477812,0.501789331924517,91.99088885500298,0.2850574712643678
2008-02-01,0.1486431754397085,0.6277836405881405,0.6369766056539239,20.835253100232837,0.49951263839433224,92.01737653247496,0.30114942528735633
2008-02-05,0.14987417109562262,0.6308966784581436,0.6401299146139565,20.80967533313289,0.4964722455076724,92.0771819263785,0.3057471264367816
2008-02-07,0.15015887339747847,0.6312734296759439,0.6408991372128702,20.82280248321183,0.49641556380770263,92.08656390040326,0.3080459770114943
2008-02-11,0.15007554846010046,0.6296003897232668,0.6395848803298172,20.845311737141856,0.4979359100790729,92.05496215465651,0.30689655172413793
2008-02-13,0.15041958748514095,0.6289535054061436,0.6393676746832822,20.841656465822656,0.49832727479205263,92.04950527315334,0.30114942528735633
2008-02-15,0.15072861988089709,0.6295253014316712,0.6399709628004173,20.846665095802898,0.4979252541140109,92.0625084006977,0.3080459770114943
2008-02-20,0.15080713468002757,0.6279877759189452,0.6389409074031054,20.849088849469723,0.49933939475710903,92.04514890009045,0.29540229885057473
2008-02-22,0.15111837504155462,0.6291131539989155,0.6403604477971848,20.852633407798766,0.49849899937637515,92.04705427216689,0.30689655172413793
2008-02-26,0.1513307545927131,0.6292552910536922,0.6403775151677409,20.852766285669965,0.4984090612671914,92.0520314200032,0.2942528735632184
2008-02-28,0.15145189186537078,0.6287137219981598,0.6390989033196159,20.851591912404622,0.4986793957993075,92.02401108655995,0.2896551724137931
2008-03-03,0.15254379107915197,0.632176000713311,0.6424562389135369,20.810851004936954,0.4952804426593545,92.07082029540774,0.29770114942528736
2008-03-05,0.15274752722057391,0.6322514318375567,0.6425097859816044,20.803441689944062,0.4953069788308672,92.04104505920355,0.30919540229885056
2008-03-07,0.15357290107567795,0.6338818321173875,0.6439041991933483,20.774184799932794,0.49344955738003327,92.08485624604897,0.31494252873563217
2008-03-11,0.15596676911701401,0.6395524911509362,0.6510084634928252,20.6664664864362,0.4874863704233819,92.1991867918029,0.32068965517241377
2008-03-13,0.15614621683537508,0.6394590688266176,0.6508993380106385,20.663457974693042,0.4876367197539531,92.1913154631091,0.31494252873563217
2008-03-17,0.15698166214179274,0.6413489503790084,0.652880474143736,20.629758298725918,0.4858005978150337,92.25995757401058,0.31494252873563217
2008-03-19,0.16021212803779855,0.6481711528274448,0.6603204598824879,20.49350094624847,0.4785395280119118,92.4200612649658,0.3264367816091954
2008-03-24,0.16135510836165046,0.6480615463152889,0.6595617756360307,20.478691943353297,0.47799848099514997,92.40568370483446,0.35517241379310344
2008-03-26,0.16131626911629207,0.6466785448736138,0.6575598073986103,20.476543893927403,0.4790136412244212,92.39105700133405,0.36091954022988504
2008-03-28,0.16154669787525822,0.6467819109452326,0.6579517234175091,20.47434682095824,0.47880011046842325,92.3811610096336,0.36091954022988504
2008-04-01,0.16294560938178101,0.6490974903881174,0.6592523745832406,20.41895525745451,0.47548140965168945,92.4047596688602,0.37126436781609196
2008-04-03,0.16292270581843393,0.64885418169615,0.6587143177752866,20.40993799257266,0.47556141006806174,92.38794467626478,0.37126436781609196
2008-04-07,0.16283099268136877,0.647764810367598,0.6577581095392674,20.415973692333555,0.4765410255390687,92.36678858401437,0.3689655172413793
2008-04-09,0.16292576733224234,0.6471989332570227,0.6566020389931614,20.414575679059357,0.47696154002993363,92.3679643154335,0.36551724137931035
2008-04-11,0.1636030546609689,0.6471153906381506,0.6572901578432039,20.454271164305226,0.47757098634583967,92.3530303804853,0.364367816091954
2008-04-15,0.16296866346386954,0.6456216973452795,0.6553974875274564,20.49593372171367,0.47919378064866563,92.35967675646,0.3689655172413793
2008-04-17,0.16396808411883076,0.647485727095806,0.6594360577756974,20.462403429952207,0.47715837619512835,92.39829909497934,0.37471264367816093
2008-04-21,0.1643714277798911,0.6476951685314412,0.6596718677338466,20.45827778780479,0.47683146983804753,92.40630937821679,0.37701149425287356
2008-04-23,0.16454994911454687,0.6485300736407432,0.6602934692980781,20.459102530976168,0.47616924542355643,92.43232993684302,0.3781609195402299
2008-04-25,0.16463715618292235,0.6467862125229875,0.6588821378876313,20.466980295462484,0.4774069692660478,92.37339188507593,0.3758620689655172
2008-04-29,0.16464757822695103,0.6457462697656896,0.6577830970746107,20.47042755952473,0.47813254173606623,92.36301012552173,0.38045977011494253
2008-05-01,0.16471890262383357,0.6441149274126142,0.655163769999997,20.468311953435613,0.47903122556315636,92.34246976787416,0.37701149425287356
2008-05-05,0.16472748789440078,0.6434586017947326,0.6536186028475659,20.448917348461727,0.4791719292889968,92.33118352456357,0.3758620689655172
2008-05-07,0.16498472962307742,0.6441089312665708,0.6544866557432134,20.441235207560105,0.47849998090001694,92.32248018400742,0.37701149425287356
2008-05-09,0.16475407342339055,0.644003807426583,0.6541862564833807,20.4690596798171,0.47899320574837423,92.3239713584099,0.38275862068965516
2008-05-13,0.16457208531218157,0.6429927558915391,0.6525357282049219,20.495444617539697,0.4801778569143596,92.28072490847694,0.38850574712643676
2008-05-15,0.1647103628045302,0.6428278716952649,0.6524932754210084,20.496297872396045,0.48037722501439295,92.29118604833465,0.3873563218390805
2008-05-19,0.16464873271057984,0.6425680766743724,0.6520335630185247,20.497104208676145,0.4805390086358301,92.29918002085715,0.39080459770114945
2008-05-21,0.164852368696358,0.643139314934939,0.6523465124787285,20.49568657122179,0.4797796754083244,92.2865914620818,0.40229885057471265
2008-05-23,0.16463732283537644,0.642094708872944,0.6513049582650363,20.51199065095068,0.48065361397934664,92.2695712073465,0.4011494252873563
2008-05-28,0.16443465938055749,0.6404154474869356,0.6499528886620511,20.524721304263117,0.48208085023141284,92.24837048405729,0.3988505747126437
2008-05-30,0.16376133964278616,0.6375126678174389,0.6462751746438312,20.548793512484025,0.48431160382033184,92.17759574600647,0.4011494252873563
2008-06-03,0.1637384775060522,0.6377959223807176,0.6451058994247583,20.556544699539884,0.48407752663918757,92.17222618334014,0.41379310344827586
2008-06-05,0.16424928308397563,0.6388076109707482,0.6457758241630996,20.52600208576965,0.482885419347767,92.14352492361104,0.42873563218390803
2008-06-09,0.1649177940429715,0.6401750853639057,0.6446887798471298,20.503188278137486,0.4807884949900339,92.18093299069488,0.4264367816091954
2008-06-11,0.16429062167756248,0.6380531609288401,0.6415798464237101,20.53738827563484,0.4823164126304719,92.11987076416408,0.4298850574712644
2008-06-13,0.16452680321212093,0.6373910019986431,0.6416149773706311,20.54725249897729,0.4828021093223357,92.10498557638547,0.432183908045977
2008-06-17,0.16427445001825441,0.6361688144354614,0.640240809085392,20.568624700789737,0.48383284293240936,92.07676772560383,0.4367816091954023
2008-06-19,0.16436895183458453,0.6355308306612201,0.6384677600155828,20.573804904406966,0.484318467046186,92.0536803434637,0.4367816091954023
2008-06-23,0.16467798383269078,0.6350011239053359,0.6373910708418129,20.56149575698174,0.48419195489268735,92.05882634899386,0.435632183908046
2008-06-25,0.16378578083582215,0.631023248275098,0.6334704112050138,20.628283201014643,0.4880433980024508,91.95980565181539,0.4494252873563218
2008-06-27,0.16503740647744064,0.6335561193886625,0.6346017171829064,20.5775806339638,0.4847581374159064,91.99702550603482,0.42873563218390803
2008-07-01,0.16487750819320374,0.6322891746338599,0.6336691684074788,20.604972719658544,0.4863827516159655,92.00411819435652,0.42528735632183906
2008-07-03,0.1660818542863728,0.6326877297996121,0.6355014770891323,20.51260436647693,0.4852081129727374,92.02857311983938,0.4218390804597701
2008-07-08,0.16631347562960724,0.6306157075906824,0.6322075775656438,20.520048489949822,0.48646419143866626,91.94148893319809,0.4091954022988506
2008-07-10,0.16614151512250022,0.6273537311118261,0.6282431700008161,20.5519286553036,0.48927642565413443,91.93520793880488,0.3988505747126437
2008-07-14,0.1661604085839944,0.6268883163931376,0.6272597242829471,20.57342596498498,0.4899242426969259,91.88419608328647,0.40229885057471265
2008-07-16,0.1658902306321863,0.6224233743503379,0.6212790764378232,20.60837985738605,0.49316025468870417,91.80730210777227,0.43333333333333335
2008-07-18,0.16527826720534058,0.6178978328014281,0.6143909953867895,20.61749785561112,0.49639062957015595,91.71210640965298,0.45057471264367815
2008-07-22,0.1654554364171814,0.6157087731601538,0.6091248084559626,20.55603049892376,0.4964625363079758,91.66576169246649,0.44022988505747124
2008-07-24,0.16619000493892513,0.6139143966974536,0.6079165759553397,20.526709089635705,0.49661514020990727,91.63832500702694,0.4011494252873563
2008-07-28,0.16653254525167133,0.614451844166637,0.6086178506488845,20.513201674096607,0.49589025933983677,91.64185993986695,0.4068965517241379
2008-07-30,0.16757574432357436,0.6148402486772064,0.6085330864955841,20.47333590876671,0.494738773174643,91.61446349206253,0.41379310344827586
2008-08-01,0.16803631744120065,0.6146365673080249,0.6085752383602093,20.472839151597928,0.49517011310463327,91.59297531033599,0.42298850574712643
2008-08-05,0.1692789644297246,0.6145412420993537,0.6067878362645297,20.398363869678406,0.49319354293322926,91.57891690445354,0.43333333333333335
2008-08-07,0.16968546176028154,0.6148885282738056,0.6068787929925861,20.402020922574316,0.49311756106150323,91.57878032057937,0.44482758620689655
2008-08-11,0.17027195848054358,0.6139437346977337,0.6029656409443594,20.374249884426465,0.49231844867522756,91.55502036329536,0.4367816091954023
2008-08-13,0.17011074991545938,0.6122054835251646,0.6001203172303744,20.366052417291293,0.4931266201642421,91.53829471219271,0.4298850574712644
2008-08-15,0.17016861019588767,0.6112568963234226,0.5991736725127041,20.36014373472632,0.4934921363566356,91.50157718250883,0.4149425287356322
2008-08-19,0.1705621757694242,0.6109267869969602,0.5976613950083751,20.33898123875648,0.4929615412449697,91.50382799183723,0.4114942528735632
2008-08-21,0.17059254481483052,0.6099681608754087,0.5960925083773071,20.332218986455917,0.49344149086585765,91.49536792390386,0.40344827586206894
2008-08-25,0.17132050170601287,0.6113589561379125,0.5972070917671367,20.300833901839713,0.4916430068347784,91.54751783666089,0.39770114942528734
2008-08-27,0.17147800856552994,0.6115851345996218,0.5976614875343725,20.29663197741569,0.4915138348617052,91.54742721122615,0.4
2008-08-29,0.17199914430717367,0.6121005953358377,0.5980964238201151,20.280407216494233,0.49056932639856765,91.56525658779275,0.39195402298850573
2008-09-03,0.17182375714900416,0.6085941076920002,0.5932613274334422,20.266457663603042,0.49243126271597876,91.51373635048422,0.39425287356321836
2008-09-05,0.1731536763825705,0.612390794003929,0.5985053337363688,20.25230144626094,0.4897471055852488,91.59070751202174,0.35977011494252875
2008-09-09,0.17495075788804107,0.6140572253047014,0.5993999323987105,20.14985668172831,0.4867994547642219,91.64702929381677,0.33793103448275863
2008-09-11,0.1753398949104281,0.6140484618261136,0.5996852604204138,20.140770799458764,0.48674586640412887,91.6293722618937,0.3413793103448276
2008-09-15,0.17794707742022614,0.6183822838149924,0.6051796118250319,20.03147216398137,0.48276419071024174,91.7285450608015,0.35977011494252875
2008-09-17,0.1807079631715215,0.6251685689349739,0.6107305160083756,19.968107247685605,0.47646528851258196,91.8477467692184,0.38620689655172413
2008-09-19,0.18488921151219168,0.6312429074444939,0.6193293373298433,19.86187616754313,0.4716638982038211,92.08501797801155,0.39655172413793105
2008-09-23,0.18713415092921964,0.6360024220753697,0.6227802162470162,19.7794916318841,0.46653641136943647,92.13914426710113,0.41954022988505746
2008-09-25,0.18737606149132272,0.635245689228836,0.6219579975647325,19.808324594542764,0.46750593290921644,92.13066406291617,0.4149425287356322
2008-09-29,0.19483724035204344,0.651161252061706,0.6388728454081257,19.54955051119903,0.45293305588859295,92.56625839791838,0.36091954022988504
2008-10-01,0.196759900729798,0.6524021916476158,0.6413787474162348,19.516144766593968,0.45189373868705107,92.54105136897296,0.40229885057471265
2008-10-03,0.20103676702135845,0.6583877840692014,0.6497812878107767,19.37839189979478,0.4460528662071283,92.64251467424796,0.38275862068965516
2008-10-07,0.20681159921048903,0.669977031823912,0.6607052018557759,19.21927517464916,0.43475967929372455,92.80624416263136,0.3252873563218391
2008-10-09,0.21288573092812008,0.6807249396815508,0.6680983709051046,19.084784982396563,0.42408687891816116,92.93862296174052,0.3160919540229885
2008-10-13,0.22748992600464743,0.6996753834945881,0.6868465918386913,18.713425756436834,0.4039328353487271,93.18269802627826,0.4011494252873563
2008-10-15,0.2381951977534391,0.7146302904758732,0.7035712010756064,18.45273780172036,0.38960432438578585,93.28396558441182,0.42298850574712643
2008-10-17,0.24041281175012275,0.7163522414339586,0.7045856181687145,18.45044010974999,0.3886999199031515,93.34675034399798,0.4436781609195402
2008-10-21,0.2438338535216141,0.719605118981227,0.7080480132687794,18.388040716121026,0.3855142445490125,93.32771390462693,0.4632183908045977
2008-10-23,0.24795515167707233,0.7217839854206939,0.7117932662399522,18.33300129224476,0.38371307558464646,93.39121475755238,0.4264367816091954
2008-10-27,0.2508135001374526,0.7252353384920909,0.7151719567184462,18.290188564346472,0.3804084814557259,93.39081231273796,0.44482758620689655
2008-10-29,0.2600534939200009,0.7335410625928321,0.7217396536402101,18.122525232120807,0.37107747928239243,93.68916062297716,0.4091954022988506
2008-10-31,0.2617441462665401,0.7338573112754017,0.7219762204579633,18.120996412812147,0.37061707224362483,93.66627967089556,0.40804597701149425
2008-11-04,0.263052134613654,0.7340354613907986,0.7226876969302094,18.117324876333328,0.37046930821306223,93.68616012597958,0.3873563218390805
2008-11-06,0.26860666403348954,0.7407264606696375,0.7308420193355474,17.990979115157128,0.363710994905509,93.77376283003946,0.39195402298850573
2008-11-10,0.2691985444804632,0.7401903030091798,0.7297120647143458,18.000542660668536,0.3641960007712666,93.78497322031892,0.4
2008-11-12,0.2729991322037489,0.7448371276878545,0.7349831544807871,17.91427906508015,0.3595656904266811,93.85583213639121,0.3839080459770115
2008-11-14,0.28007937281992035,0.752509896376101,0.7443578413294651,17.750498059087917,0.35147235414540695,93.99413490664759,0.4
2008-11-18,0.28062954462422507,0.7520805562321459,0.7437775060840855,17.768922532253956,0.35212065204264126,93.98544237742765,0.38275862068965516
2008-11-20,0.28877451914322344,0.759686753690111,0.7523737134783913,17.616077335493983,0.3442664609360343,94.0491224219562,0.39425287356321836
2008-11-24,0.29676346406254245,0.7661022220518966,0.7600003115272392,17.469757405667902,0.3377287538332213,94.09301382151172,0.37471264367816093
2008-11-26,0.2991487477734111,0.7659353734489106,0.7613286346558283,17.467241425221587,0.33806013749689046,94.08373441842902,0.3781609195402299
2008-12-01,0.30644647650380963,0.7729247225573751,0.7685393003358209,17.305316592595204,0.330235688567326,94.30404541346844,0.367816091954023
2008-12-03,0.30826278916534827,0.7731987324097488,0.7684813808889697,17.28729523877061,0.3296117053203583,94.28864749799362,0.3735632183908046
2008-12-05,0.30996387051783947,0.7730142268904604,0.7678478522171636,17.294142905093487,0.32986026822021675,94.30564568458348,0.38275862068965516
2008-12-09,0.3123413574690357,0.7725559315268714,0.7685219870844682,17.25293156645698,0.3300185944177393,94.30758292790134,0.39080459770114945
2008-12-11,0.313835264064445,0.7720958180230213,0.767585900848975,17.24123645606419,0.3303860940183131,94.310045741191,0.3850574712643678
2008-12-15,0.3140294136350924,0.7717344161778958,0.7673980699060888,17.263171470670933,0.330973136497378,94.31048883562704,0.37701149425287356
2008-12-17,0.31629907934737966,0.7722246545124095,0.7684577716728349,17.26397290676042,0.33044740590021243,94.34888305800918,0.36551724137931035
2008-12-19,0.31666357230600417,0.7706937009986107,0.7672561769683546,17.28913188787759,0.33215984743924143,94.33266415957405,0.35977011494252875
2008-12-23,0.31712652310268835,0.770188804360546,0.7668538282621613,17.29267118842335,0.33272523189556563,94.31530872875615,0.3586206896551724
2008-12-26,0.317235143228489,0.7703815529444749,0.7671642339697616,17.290867488586432,0.3325913257441347,94.32083002193393,0.35172413793103446
2008-12-30,0.31781711538052815,0.7707760840446523,0.7675000925667818,17.285093476998764,0.3321121323152147,94.33305995942798,0.3505747126436782
2009-01-02,0.319342656402805,0.7718339947111874,0.7687803217266015,17.254038118868547,0.3308927506969492,94.35011013172202,0.35402298850574715
2009-01-06,0.31944067540624804,0.7705790425841409,0.7679483810103369,17.274812034828674,0.3322690492061938,94.33813933059898,0.3563218390804598
2009-01-08,0.3204087296688402,0.7707310351708373,0.7686041938154325,17.275962008102894,0.33230984746994086,94.32780296533129,0.35517241379310344
2009-01-12,0.3215373014665638,0.7711661813193623,0.7693548303466081,17.247780741048384,0.3317146595364586,94.33537872351963,0.35517241379310344
2009-01-14,0.3226575078661582,0.7717563014338877,0.7701166023391467,17.24034772477962,0.33118507372174943,94.33970626488215,0.3586206896551724
2009-01-16,0.3227191346170845,0.7714470071981108,0.7697560253913096,17.252786684902734,0.3316134882980971,94.33458754122151,0.3586206896551724
2009-01-21,0.32569196852731863,0.7727407211346902,0.7716164094829171,17.21840930074874,0.33011335420233306,94.38451575935952,0.3413793103448276
2009-01-23,0.32590380395325236,0.7715046735150087,0.7708900794907503,17.26199317856354,0.3317952588034971,94.37052472910766,0.34367816091954023
2009-01-27,0.32593575406082703,0.7709928954067481,0.7703779502781825,17.292172321844166,0.3326073644462433,94.36518935962708,0.33448275862068966
2009-01-29,0.32768859414877405,0.7715062703154659,0.7712822179926994,17.27294443174233,0.33189065466965806,94.36709300691642,0.3367816091954023
2009-02-02,0.3283803884436462,0.7710635157246817,0.771104703216627,17.310271498067078,0.3328125394702647,94.36304573873288,0.3367816091954023
2009-02-04,0.32871934366203637,0.7704133304352482,0.7703957786757478,17.339234769380035,0.33365912818876226,94.34657462969591,0.335632183908046
2009-02-06,0.3296853806100597,0.7707615072081965,0.771094108293067,17.3263165778796,0.3332759303472955,94.36253268090444,0.3333333333333333
2009-02-10,0.33136635943197357,0.7716316148908601,0.7720364051696768,17.30995944626921,0.3322980505319165,94.37819748121304,0.3367816091954023
2009-02-12,0.3313694982028369,0.7711850223358142,0.7719571852855862,17.331862912511237,0.33290609549637096,94.36176780101165,0.33793103448275863
2009-02-17,0.33302565880124,0.7723211068593206,0.7734833096331556,17.307036566114196,0.33172116900340287,94.38762356028623,0.3333333333333333
2009-02-19,0.33314233902762935,0.7716317014836171,0.7729875666956605,17.324347803285242,0.3325281552869502,94.36205314962181,0.32413793103448274
2009-02-23,0.33351093861521236,0.7715366927513475,0.7730639335494386,17.328558613568756,0.3327468617743898,94.38370076258124,0.32413793103448274
2009-02-25,0.33473364919947907,0.7713640721161003,0.7730668439668654,17.337611461672786,0.33308983189292246,94.3757603146891,0.33793103448275863
2009-02-27,0.3346942119081236,0.7699187330587782,0.7719040181119626,17.38908202515115,0.33491219664102884,94.34858334263575,0.3275862068965517
2009-03-03,0.33714242005182316,0.7712359336345208,0.7733568285808854,17.348097976904686,0.3334307512768583,94.41869862676445,0.3103448275862069
2009-03-05,0.3394814819774415,0.7724273384143528,0.7744976513604578,17.32603106741312,0.3321550599328055,94.43669708817782,0.3057471264367816
2009-03-09,0.3392769308727016,0.7709060483515014,0.7732570395576458,17.373085563534868,0.33401823703566164,94.41423270999574,0.3022988505747126
2009-03-11,0.3426989310190505,0.7712759845900431,0.7745788077698508,17.365337208926654,0.3334447740088373,94.41412584904337,0.2942528735632184
2009-03-13,0.3438557079473888,0.7707705600238127,0.7733466844491962,17.386086845891665,0.3340127661764544,94.40431429905922,0.29195402298850576
2009-03-17,0.3442029219864351,0.7699691243626752,0.7723105246736466,17.41720829615127,0.3350378172389059,94.39793374567817,0.28045977011494255
2009-03-19,0.34461881690122487,0.7683664732191903,0.770580033978055,17.44925545654209,0.3368039144603796,94.3805825342168,0.2850574712643678
2009-03-23,0.34858836586208664,0.7707926042430955,0.773269286802812,17.376053581920964,0.3336703479745476,94.4134899082594,0.27011494252873564
2009-03-25,0.3487593230616208,0.7703075030216384,0.7725792544368004,17.393671502420975,0.33433410751553505,94.40076753524376,0.27011494252873564
2009-03-27,0.3501038136358985,0.770276757365465,0.7724827759101776,17.388869764958766,0.33423068294122654,94.40961396388732,0.271264367816092
2009-03-31,0.35139243510582285,0.7706900925997113,0.7733137356586244,17.38539089320646,0.3338369108041988,94.41588138461675,0.27011494252873564
2009-04-02,0.35313930377458685,0.7710414509469762,0.7741341169241518,17.36920987381519,0.333322929972067,94.42878931928263,0.26666666666666666
2009-04-06,0.3532734141064113,0.770457990823902,0.7738155243585384,17.385598086804407,0.3340361235334195,94.42230119001124,0.27011494252873564
2009-04-08,0.3539715484611721,0.7705579314369547,0.7739501951052296,17.385384865212707,0.3339164389606175,94.4267904950867,0.25632183908045975
2009-04-13,0.35552679859948666,0.7700554694221043,0.7742704470503035,17.371233908469513,0.33409939809145184,94.4141792574709,0.2517241379310345
2009-04-15,0.35572847365821014,0.7695601817533431,0.7732229164137003,17.3861967367402,0.33471366420509135,94.40992659734322,0.24942528735632183
2009-04-17,0.35613322784598456,0.7690941334818481,0.7727166316537336,17.39982279088696,0.33520543222409027,94.40401382744749,0.2482758620689655
2009-04-21,0.35793340786352973,0.7697697641838748,0.7739962886819252,17.361724713480925,0.334183333634031,94.41174618444975,0.23908045977011494
2009-04-23,0.35790047370072026,0.7685711924959476,0.7726436200642964,17.39165256945009,0.3355740054814825,94.39596422463416,0.24367816091954023
2009-04-27,0.3585619517762585,0.767114438576933,0.770856124470051,17.415465460364302,0.3372446512440013,94.36866060016305,0.24367816091954023
2009-04-29,0.35912663317220006,0.7669156892323431,0.7708651481542542,17.426003546088253,0.33759812663749966,94.36287880505856,0.2367816091954023
2009-05-01,0.35919795382936126,0.7660516333504199,0.7697396578220672,17.448132312046738,0.33861316116104917,94.35400588699727,0.23908045977011494
2009-05-05,0.3601405924757718,0.7659556194368077,0.7699807294719818,17.45332105290333,0.3389187407193046,94.34988943903568,0.23103448275862068
2009-05-07,0.3604254649704983,0.7647541498779308,0.7693141207175882,17.47915732511808,0.34026676460351735,94.32819411102297,0.23793103448275862
2009-05-11,0.36119146095332866,0.7647904228814264,0.769724334822607,17.48174105304281,0.34037819044200424,94.3288974334957,0.23218390804597702
2009-05-13,0.36231476010894165,0.7643413061393104,0.7699155082869639,17.470373823825447,0.3405264473726629,94.31965609403214,0.23793103448275862
2009-05-15,0.36245984999610636,0.7642295161817406,0.7698855574023479,17.479898329813935,0.34074775426102827,94.32147177475524,0.23333333333333334
2009-05-19,0.3632926605038972,0.7645351146980138,0.7704956354884176,17.466975732368237,0.34031729984849335,94.32141997882748,0.2367816091954023
2009-05-21,0.3636433778492329,0.764417346425588,0.7704487963860709,17.47366711551703,0.34053764103568823,94.31951013608567,0.23793103448275862
2009-05-26,0.3642340340253777,0.7646315504978954,0.7708228944235141,17.4623340321547,0.34015019021507104,94.32283718354003,0.23218390804597702
2009-05-28,0.36452920865357263,0.7646080440130704,0.7706741146445046,17.46535961343154,0.34018916473712585,94.3218745446479,0.23218390804597702
2009-06-01,0.36565969239936735,0.7649302582479937,0.7712397348627458,17.465177250525024,0.3399688896755801,94.31837138183043,0.23908045977011494
2009-06-03,0.36558309657860266,0.7643410822048466,0.770858339969839,17.479395894742126,0.3406643250185629,94.30507021142074,0.23218390804597702
2009-06-05,0.3656284543380068,0.7639814559170026,0.7706737231893318,17.485153970533503,0.34108408111517285,94.29537059580957,0.23448275862068965
2009-06-09,0.3654984917604995,0.7635472780960499,0.7703422258322179,17.49276709046358,0.34155425205420537,94.29060677931695,0.23448275862068965
2009-06-11,0.365489007703378,0.7631983155237358,0.7700715614307381,17.49805224045742,0.3419066305901331,94.28813998462516,0.23448275862068965
2009-06-15,0.36597588519463947,0.7635547527155117,0.7704582703070082,17.488739520636578,0.34152515163645614,94.29246334043822,0.23218390804597702
2009-06-17,0.366086831212487,0.7633683050619577,0.7703423140382266,17.49420092329764,0.3417916009697718,94.29258268942327,0.22988505747126436
2009-06-19,0.36608032480208486,0.7629456219616868,0.7700943221056009,17.50272408721878,0.3421854744042087,94.28779615927198,0.23103448275862068
2009-06-23,0.36695306239245357,0.7629950443550224,0.7704560916065998,17.48875232570794,0.34206587309332637,94.29106115597939,0.22528735632183908
2009-06-25,0.3673500753842306,0.7631151962172926,0.7706461933534343,17.495090715711882,0.34206231604451215,94.30155793474005,0.22413793103448276
2009-06-29,0.3673825757087561,0.7631552815086816,0.7706025449102305,17.495355990745516,0.3420228451759286,94.30191833239775,0.2218390804597701
2009-07-01,0.36745558805929174,0.7630018835552479,0.7704891021725523,17.5037804195596,0.34222551324687994,94.2967958441256,0.2206896551724138
2009-07-06,0.3679425207795369,0.7629859012231798,0.7705346291087081,17.497829314778652,0.3421162240625162,94.30037416330042,0.22298850574712645
2009-07-08,0.3680348689556465,0.7628295341316543,0.7704069792470083,17.506715643858445,0.342360890481294,94.30243356278963,0.22873563218390805
2009-07-10,0.3680517317291143,0.7627577107137579,0.7704336223356335,17.50572864694997,0.34240316979997626,94.30352710972969,0.22758620689655173
2009-07-14,0.3684275258381219,0.7631052016042413,0.7706499126092619,17.497635259502808,0.3419965200895215,94.30288421657147,0.2218390804597701
2009-07-16,0.3692447518641259,0.763617347349355,0.7713358946474528,17.48516934326078,0.3414807069757478,94.31200095439468,0.22298850574712645
2009-07-20,0.3691847507999212,0.7635015556869267,0.7713683849589392,17.482680676820348,0.3415545276913358,94.3145473981866,0.2206896551724138
2009-07-22,0.3686825315590636,0.762914540022006,0.770922236458086,17.49488439519626,0.34223563452474925,94.31077322944478,0.2218390804597701
2009-07-24,0.3690683602076991,0.762988966514287,0.7710446456088406,17.500049635076998,0.3422957312419156,94.31669456687285,0.21954022988505748
2009-07-28,0.3690683746982392,0.7630152998061068,0.7711297649907793,17.497582229300733,0.34226921476875666,94.3042780756941,0.21954022988505748
2009-07-30,0.36869073731462243,0.7625591383726693,0.7708342377796283,17.507958239449458,0.3428525612317984,94.30039304864862,0.21954022988505748
2009-08-03,0.36882684346343325,0.7624724857231224,0.7708971695540651,17.49978532852312,0.3428264218576396,94.29729563386721,0.22298850574712645
2009-08-05,0.36842711254955157,0.7620207299480944,0.7707634493149729,17.503239289233715,0.34327660601231463,94.29259288926178,0.22413793103448276
2009-08-07,0.3683990427479419,0.7616707323408791,0.7705922230679842,17.50753110297198,0.3436029008794678,94.28579459699463,0.21839080459770116
2009-08-11,0.36827032112512126,0.7616755791984047,0.7707260540346241,17.509924119731185,0.34361842317160585,94.27953133909752,0.2218390804597701
2009-08-13,0.36808293132825376,0.7613009414764454,0.7704467519152528,17.511872289582293,0.34397996048222707,94.27900697387976,0.2206896551724138
2009-08-17,0.3686297752444856,0.7615968082384518,0.7710084804007156,17.495952727661333,0.3435524231897543,94.28594201777743,0.2218390804597701
2009-08-19,0.3686638598745474,0.7615127950230266,0.7710113729748868,17.49616641729945,0.3436305530403834,94.28379979944326,0.22413793103448276
2009-08-21,0.3685770643054176,0.761518227426179,0.7709622200025008,17.49563777622816,0.3436181633512697,94.28407704591622,0.2206896551724138
2009-08-25,0.36823781899310665,0.7609431929321702,0.7703847871251949,17.504915181964027,0.344198508617401,94.27786598125832,0.2160919540229885
2009-08-27,0.3680781357646769,0.7606848260828405,0.7701170582078433,17.512765470131775,0.3445171461850168,94.27460593236187,0.2149425287356322
2009-08-31,0.3680783502006059,0.7605274517775791,0.7701255885138244,17.51307592050985,0.3446429046123791,94.2639535259885,0.2149425287356322
2009-09-02,0.36813579094893767,0.7604432694301287,0.7700123118509062,17.51556089863664,0.3447359257113123,94.26352597776852,0.21264367816091953
2009-09-04,0.3682154053203097,0.7603282503198177,0.7699502612676183,17.52113847674436,0.34492120990524544,94.26232374853096,0.21264367816091953
2009-09-09,0.36833760211306144,0.7603284862956236,0.7699166336601194,17.52177634214651,0.3449338281682494,94.25959632307827,0.21264367816091953
2009-09-11,0.36777980803192545,0.7595334388121802,0.7693555557075433,17.544083059298504,0.34589815799022205,94.24976243502434,0.20919540229885059
2009-09-15,0.36784395931100994,0.7593781322631491,0.7692950080562009,17.548249238567635,0.3460929304263381,94.24303156490619,0.20804597701149424
2009-09-17,0.3680186769880028,0.7592137254476878,0.769146097503465,17.55926088424852,0.34640230057912225,94.24086526505434,0.20689655172413793
2009-09-21,0.3680041963173789,0.7591863016917045,0.7692212603179931,17.558227160802023,0.34639545623581763,94.23822600839917,0.20919540229885059
2009-09-23,0.36812159207740036,0.7591227022020821,0.7691653741900581,17.556187433726826,0.34645202437719635,94.23524061404841,0.21149425287356322
2009-09-25,0.3681631823113223,0.7590791610799911,0.7692629257238296,17.55385567579748,0.3464813770402153,94.23736618642755,0.21149425287356322
2009-09-29,0.36833521255725726,0.7591280842196271,0.769312960396252,17.556124989330698,0.3464717703421517,94.2369726202333,0.2103448275862069
2009-10-01,0.36877883679300244,0.7594960951594648,0.7696728165815664,17.54999321960094,0.34609597111279083,94.24633345585822,0.21149425287356322
2009-10-05,0.3690235417270827,0.7595514700618454,0.769953728972288,17.54796077479927,0.3460292448570379,94.24588247950182,0.20919540229885059
2009-10-07,0.3691483259677604,0.7597591855680973,0.7701331467077209,17.54144067780502,0.34577962650771615,94.24729414615666,0.20919540229885059
2009-10-09,0.3692248075425051,0.7597599821785198,0.770234312429474,17.541716174889704,0.3458072155221864,94.24876982930178,0.20919540229885059
2009-10-13,0.36923089613519605,0.7598296366356567,0.7703077977606118,17.53993886817112,0.34571965557614104,94.2453373466079,0.21264367816091953
2009-10-15,0.36903667418076475,0.759800411551862,0.7702863965168443,17.537813977353395,0.34571988043440527,94.24876813645493,0.2103448275862069
2009-10-19,0.36910316841772023,0.7598685844143869,0.7704117791774652,17.533321720663093,0.3456003923650759,94.25111901218027,0.21149425287356322
2009-10-21,0.36906904366744164,0.7599186165639187,0.7705092252685237,17.526386627952427,0.34544693334017196,94.24967570406673,0.2103448275862069
2009-10-23,0.3692367180246297,0.7598554404262063,0.7704390015232999,17.52977040247001,0.3455090835117223,94.24515178159236,0.21264367816091953
2009-10-27,0.3687780421022921,0.759280373111766,0.7699440954631713,17.53392090361747,0.3460278870908472,94.23844945389573,0.20689655172413793
2009-10-29,0.3696773853229325,0.7599228937369933,0.7708840205985702,17.514880047680162,0.3452696045247682,94.2440954988103,0.2103448275862069
2009-11-02,0.36973996508140683,0.7600074409590981,0.7709815432694012,17.513765540875852,0.3451977195901454,94.25169892526557,0.21264367816091953
2009-11-04,0.3696618901818253,0.7599516940274577,0.770964620312449,17.510621938024247,0.3451580737076246,94.24735850307547,0.20689655172413793
2009-11-06,0.3695290782636732,0.76030669563271,0.7712539365999178,17.519737722442258,0.3449505019619116,94.24712049986893,0.19885057471264367
2009-11-10,0.3698239818291939,0.7608039660965716,0.7717185796647877,17.509115549640462,0.3444061765992191,94.25535508439985,0.2
2009-11-12,0.36969189543185815,0.760963378241093,0.7718336970477118,17.50637269377489,0.34425929082933576,94.26132585065234,0.19540229885057472
2009-11-16,0.3698165802708147,0.7611984125082549,0.7721236795274669,17.498783973268978,0.34398002644306624,94.26104360405317,0.19540229885057472
2009-11-18,0.3694586241429477,0.7608368361478727,0.7718388399918861,17.504789053966494,0.34437161881396594,94.25727387125652,0.19655172413793104
2009-11-20,0.3689450918247862,0.760500690778591,0.771529374310627,17.511469918675708,0.34477985663450617,94.25877597264709,0.19655172413793104
2009-11-24,0.3689990989929378,0.7607346366405388,0.7716751603675299,17.504021809222852,0.3444882358498672,94.25727578058883,0.19770114942528735
2009-11-27,0.3692221341978294,0.761071175778066,0.7719942372897336,17.49275317096891,0.3440708084267213,94.26386498053712,0.19655172413793104
2009-12-01,0.3690547029772143,0.7610022282759484,0.771761365670488,17.492282091745857,0.34410886538769714,94.265581296252,0.19425287356321838
2009-12-03,0.3690945058079298,0.7609920995396248,0.7717735288652342,17.49328457972541,0.3441339472814174,94.26171686392715,0.19540229885057472
2009-12-07,0.3686305504073149,0.7604868759490184,0.7710467673536684,17.502140317794684,0.3446573837950198,94.25545626368947,0.19655172413793104
2009-12-09,0.36857277167256935,0.7604060647419549,0.7709842156935429,17.502700815067158,0.3447318229622267,94.25006839764612,0.19195402298850575
2009-12-11,0.36838130812841186,0.7601987116129781,0.770769134264495,17.50755326487575,0.3449653669605292,94.24916903861441,0.19310344827586207
2009-12-15,0.36843803955617815,0.7603719142514059,0.770904128524549,17.502782678696214,0.3447618469707356,94.24834850950234,0.19425287356321838
2009-12-17,0.3683231979976281,0.7601987712051635,0.7707074319162506,17.507393140870718,0.34496042988661496,94.24744118173227,0.19425287356321838
2009-12-21,0.36824391779905874,0.7600573631050642,0.7706163775827546,17.513799571531813,0.3451607836451067,94.2459303128899,0.19540229885057472
2009-12-23,0.3682684666305275,0.7600278290085185,0.7705910060079584,17.514595799845743,0.3452176409244703,94.24597132812622,0.19425287356321838
2009-12-28,0.368137247587907,0.7602625723520898,0.7708972686870599,17.51086310963536,0.3449979628412947,94.2482677538849,0.19195402298850575
2009-12-30,0.36763395034626484,0.7606109037499172,0.7708740456917026,17.50937873446014,0.34477833071900926,94.25718791899914,0.19080459770114944
2010-01-04,0.3677685533353823,0.7611699539691846,0.771297105223562,17.494468373126303,0.34420874656796296,94.2649095274703,0.1896551724137931
2010-01-06,0.36749797411251117,0.7611853525357268,0.7712284444080089,17.492088198024362,0.3442003681335326,94.26234677023159,0.19770114942528735
2010-01-08,0.3670174900093998,0.7608079971892747,0.7708645411916067,17.502457245368433,0.34463368571316566,94.26445500068812,0.19425287356321838
2010-01-12,0.3664322991637063,0.7607671246498713,0.7708202242716388,17.514980421648538,0.34478591902603123,94.26011075498783,0.2045977011494253
2010-01-14,0.3664586252738499,0.7622282126452393,0.7718524635921141,17.48651234290315,0.3433785069577942,94.2863292951976,0.19310344827586207
2010-01-19,0.3662058575675708,0.7633524512699942,0.7730184051709673,17.461704936421178,0.3421005594943916,94.30422321813464,0.1896551724137931
2010-01-21,0.36643678328792256,0.7639579819496254,0.7738584130953381,17.44439766901259,0.3414333911071506,94.3104663724382,0.19425287356321838
2010-01-25,0.3666279885300629,0.7643304337681851,0.7743068109139023,17.428476008008396,0.34094839540468325,94.31554923771769,0.19080459770114944
2010-01-27,0.3661783965926989,0.764207533748337,0.7740655905477885,17.42842815547187,0.3410985900614764,94.31522422477853,0.18620689655172415
2010-01-29,0.36574266704227976,0.7639296344322603,0.7738355647503898,17.437266588779057,0.34150308988259914,94.31230234005173,0.17701149425287357
2010-02-02,0.3660092895116187,0.7640719652081293,0.7738494336748765,17.434061232523764,0.3413565919674596,94.31935586627878,0.1781609195402299
2010-02-04,0.3667721873577656,0.7652230254590039,0.7749782308384258,17.410844613402258,0.34010456183210136,94.33703839295544,0.1781609195402299
2010-02-08,0.3666371460613339,0.7653903807049335,0.775079021282402,17.410355910442448,0.3399557728128549,94.33506582400778,0.1793103448275862
2010-02-10,0.36674626190324006,0.7657465737353549,0.7754082011307445,17.40041838070674,0.339543611739356,94.34684693087682,0.18160919540229886
2010-02-12,0.3668697031710304,0.7662496167846085,0.7759247395421712,17.392640821056293,0.3390161606729957,94.34749331717192,0.1839080459770115
2010-02-17,0.36699822118805964,0.7664333665426644,0.7760931856052428,17.385272076837957,0.3387724250680172,94.35103939307461,0.18275862068965518
2010-02-19,0.3668155209464288,0.7663535903829634,0.7760298143187325,17.384595967618676,0.33884448465459777,94.3511998747642,0.18160919540229886
2010-02-23,0.3668941499321023,0.7666688155227963,0.7764828147221001,17.37844433940653,0.3385342643927053,94.34976966318514,0.1793103448275862
2010-02-25,0.36641226285920064,0.7662446676778191,0.7760524810093571,17.3901772100084,0.33902239894911274,94.35412039171186,0.18160919540229886
2010-03-01,0.36648592149440057,0.7664431100387354,0.7762237947234047,17.385362929158507,0.3387671522304649,94.35132384222315,0.18045977011494252
2010-03-03,0.3660981462515208,0.766236968019894,0.7760634762438041,17.389231990381532,0.33899806661467613,94.34919595796123,0.18045977011494252
2010-03-05,0.365168708246476,0.7658314786758235,0.7754333323229589,17.399683752764748,0.33945297761721,94.33751410475136,0.18275862068965518
2010-03-09,0.3650903944822431,0.7659109346552033,0.7755270640868284,17.394007651849048,0.3393115914501368,94.33550969466779,0.18275862068965518
2010-03-11,0.36471418116766446,0.7657271335830357,0.7753544805237281,17.3985655963253,0.3394946328357948,94.31673880622488,0.18620689655172415
2010-03-15,0.363267848704506,0.7648738224266737,0.7744617936114299,17.423592188838533,0.34049903820031047,94.32292607145568,0.18620689655172415
2010-03-17,0.3628367270340751,0.7652611594618878,0.7749105664786653,17.420407898202935,0.3401790856728221,94.32783993421876,0.1793103448275862
2010-03-19,0.36282238949326145,0.765519030943896,0.7753580246847431,17.420001495777317,0.3399555498415978,94.33112330290646,0.1793103448275862
2010-03-23,0.3628431917443125,0.7656194464421309,0.775349495788522,17.41768695644535,0.3398510078077422,94.33340663088484,0.18045977011494252
2010-03-25,0.36226048188120097,0.7653959470659917,0.7751740326071236,17.428273128606556,0.34025197996773715,94.33136810815594,0.1793103448275862
2010-03-29,0.362308054115279,0.7655851310256349,0.7754067198512148,17.42549490255394,0.3400636232057094,94.33370338897289,0.1793103448275862
2010-03-31,0.3623077082304487,0.7658058608005734,0.7756421589494026,17.424870237215888,0.33985453426172607,94.3360933366023,0.1793103448275862
2010-04-05,0.36237880765409,0.7659680041959221,0.7760119028549539,17.42096370238802,0.33968139940928294,94.33966140627622,0.1781609195402299
2010-04-07,0.36209931044728594,0.7661532086563103,0.776118195933193,17.409929184716887,0.3393994462409798,94.34023501659279,0.18045977011494252
2010-04-09,0.36212324784581273,0.7662928008465157,0.7762632374347848,17.406866832284877,0.3392268830874762,94.33608532287626,0.1839080459770115
2010-04-13,0.3616707564224677,0.766372832322585,0.7760276398980952,17.406312925051996,0.33913253077267913,94.34157253536668,0.18620689655172415
2010-04-15,0.3615544732656477,0.7664030442763755,0.7761012098880692,17.400073039525804,0.33902488991006013,94.34026977943128,0.18620689655172415
2010-04-19,0.3616160007212069,0.7666967426324895,0.7764419728424056,17.38872091007747,0.33865297348455087,94.35052518477097,0.18620689655172415
2010-04-21,0.3616447968888809,0.7673838649164135,0.7771417418241513,17.381294281403857,0.3379907599644948,94.3589010398445,0.1850574712643678
2010-04-23,0.3616976055403186,0.7676886651388941,0.7774629002592802,17.37314574335832,0.33765934803170117,94.36395675614416,0.18620689655172415
2010-04-27,0.3620696759531236,0.7687011221222982,0.7785820063939611,17.356545768371113,0.3366258033584526,94.37744145715766,0.18620689655172415
2010-04-29,0.3622182703321299,0.7689670802786382,0.7790024284102215,17.359216591688426,0.33641657729021673,94.38137313892823,0.18160919540229886
2010-05-03,0.36236901870882937,0.7689777340524834,0.7789764261100888,17.353715274912673,0.3363340999972608,94.3875136244664,0.17471264367816092
2010-05-05,0.36296017942137937,0.769567573495298,0.7796598703196592,17.341486820413884,0.3356772150891081,94.39674396198443,0.17126436781609194
2010-05-07,0.36375156501986344,0.7703662456520018,0.7802627606165637,17.321012018650087,0.3346638628703552,94.41012471793209,0.17586206896551723
2010-05-11,0.3654062138245598,0.7719216900389412,0.7814985066788219,17.293008025974707,0.33295803945156693,94.44294667602436,0.17126436781609194
2010-05-13,0.36573913113802836,0.7723240706773522,0.7819577817494339,17.28615002156197,0.33251532524287347,94.44829706562047,0.167816091954023
2010-05-17,0.3657664095151439,0.7724161049785927,0.7819790902752815,17.279845851968886,0.33240243590587193,94.44968843419315,0.17126436781609194
2010-05-19,0.36583994088781496,0.7726386974222751,0.7821498510627733,17.27500475391638,0.332188963233476,94.44869295235422,0.17011494252873563
2010-05-21,0.36717919622331535,0.7742408277265137,0.7834342193633154,17.24285204925226,0.3303903845557217,94.4785604736122,0.16896551724137931
2010-05-25,0.36725482739155374,0.7745592450628404,0.7839127748202247,17.241087935935667,0.33010037804227993,94.48038137920297,0.16896551724137931
2010-05-27,0.36816339890325855,0.7754568751216182,0.7851082390403836,17.222236538208087,0.32910739420474017,94.49688358954769,0.16666666666666666
2010-06-01,0.36843198847548503,0.7757654003111587,0.7856451162139085,17.211210770935924,0.32872715417293147,94.49806330401529,0.16896551724137931
2010-06-03,0.3684281727989866,0.7761315101982016,0.7863268697900806,17.209544235902293,0.3284631777140642,94.51175098088282,0.16896551724137931
2010-06-07,0.36952663540048086,0.7775083961953764,0.7875989862261453,17.180123306988367,0.32694277533655186,94.52764200044963,0.167816091954023
2010-06-09,0.3694125250892285,0.7776915127007774,0.7875886293333443,17.179548004613768,0.32681476477022103,94.53548455629065,0.16436781609195403
2010-06-11,0.37020021012311694,0.7786068094215577,0.7885007406694675,17.16172002982402,0.32584414669024225,94.54582065686456,0.16436781609195403
2010-06-15,0.3705685637071768,0.7791811879777875,0.7893915045370744,17.145463167253993,0.32515615788007685,94.54514400582485,0.16896551724137931
2010-06-17,0.3703582466250751,0.7794540132289509,0.7898175459569543,17.14625725768745,0.32497814670390596,94.55195671152657,0.16896551724137931
2010-06-21,0.3702836046351498,0.7799304855895066,0.7901397882309941,17.125433027036824,0.32431191072154847,94.55337655404033,0.1735632183908046
2010-06-23,0.3699922590660512,0.7800310276397634,0.790617771985322,17.12733746699967,0.3243253698800103,94.56393286115522,0.16896551724137931
2010-06-25,0.37023245352183803,0.780333699931448,0.7910371071852449,17.114805011630825,0.32387107382454444,94.5751165975065,0.16436781609195403
2010-06-29,0.3704868274937719,0.7811960439006205,0.7918412767848124,17.109722796627516,0.3229671583520055,94.58629258041746,0.16551724137931034
2010-07-01,0.37035934321466757,0.7818476748578833,0.7928196014661112,17.0988843031828,0.32232512151848847,94.59703798855408,0.1632183908045977
2010-07-06,0.3702010104589126,0.7826550836019993,0.7938080669077119,17.086950109413912,0.3214808872905172,94.60609097818005,0.15977011494252874
2010-07-08,0.37102455258378786,0.7836893207629371,0.794915890166405,17.068743253033336,0.32032879801210784,94.62195556811828,0.15632183908045977
2010-07-12,0.37069105211752806,0.7849293350771075,0.7964060981686893,17.05788899614863,0.31917123055149443,94.65243314571967,0.15862068965517243
2010-07-14,0.3709473991163706,0.7861849642235014,0.7982547312931484,17.041063718630898,0.3178750851219191,94.66325351669117,0.15862068965517243
2010-07-16,0.37145895770057813,0.787907395676477,0.8007204708639168,17.018185203380217,0.31607422056322315,94.68261672715772,0.16091954022988506
2010-07-20,0.37120712963627184,0.788804894073475,0.8017906750801549,17.014347932579298,0.3153136260397256,94.67693567313064,0.1632183908045977
2010-07-22,0.37159729215267423,0.7892762808553003,0.8025469869337655,17.005853537314064,0.31478242019110464,94.6808732188751,0.16551724137931034
2010-07-26,0.37130993414020036,0.7899918035608791,0.8034285195117822,16.997310571438035,0.3140387516991353,94.69224181731371,0.16206896551724137
2010-07-28,0.3711614683266569,0.7902616319937814,0.8036664293862188,16.9849753446053,0.31361064621361423,94.70173226332159,0.15977011494252874
2010-07-30,0.37054772606723674,0.7911211842750269,0.8050192468606309,16.9990709809709,0.3130631109187938,94.71061155316725,0.15747126436781608
2010-08-03,0.3707183688861396,0.791470039489096,0.8055082891299771,16.986064750068184,0.3126138467777866,94.7167408622772,0.15862068965517243
2010-08-05,0.3703556662582604,0.7923688777142801,0.8072733425997136,16.9862274742307,0.31189410072213497,94.72639561408532,0.15632183908045977
2010-08-09,0.3703512467450325,0.7932025650484258,0.8083094591449858,16.98045822221819,0.31106544789302154,94.73497579727531,0.15977011494252874
2010-08-11,0.37103896024110455,0.7942410943986465,0.8094237236412668,16.96189559745014,0.3099252750430507,94.74443249899448,0.16091954022988506
2010-08-13,0.3708513226542409,0.7945034114641417,0.8101767205951529,16.967602757903453,0.30975884940583986,94.75133105358871,0.16436781609195403
2010-08-17,0.3710333140061684,0.795160661795661,0.8110318614438,16.957921287554512,0.30903605122785227,94.75756591731611,0.167816091954023
2010-08-19,0.37092152374538734,0.7953962521259748,0.8114277479859896,16.95889750789732,0.30884436093869877,94.75922220329515,0.17471264367816092
2010-08-23,0.37089551416214234,0.7954557804856507,0.8114652278295571,16.95485972068029,0.3087446533536544,94.76160042265423,0.1781609195402299
2010-08-25,0.3708186680856291,0.7955603623725204,0.8116824881146967,16.954290725300265,0.30869479965426666,94.77235607509341,0.1735632183908046
2010-08-27,0.37112303746978564,0.7970454435483088,0.8136201732680561,16.939294247808636,0.3071496634773704,94.7753753848048,0.17586206896551723
2010-08-31,0.3706816437785933,0.7970157737828094,0.8134497128875903,16.93577657379484,0.3071195544182466,94.79039758384268,0.1724137931034483
2010-09-02,0.37058071896416833,0.7984115728139459,0.815248842020174,16.93663251430947,0.30579637225141465,94.80001863479569,0.17701149425287357
2010-09-07,0.3705890952113943,0.7989282415328506,0.8157780367604659,16.917857487590627,0.3050873545912604,94.80770018698013,0.17586206896551723
2010-09-09,0.3693552053728225,0.7989185439933524,0.8156693097699338,16.942145488753255,0.30525695429442945,94.80233580232685,0.1724137931034483
2010-09-13,0.36813278321062354,0.7983714797879284,0.8157704593499582,16.939795840615844,0.3058343388036763,94.7796971183422,0.17586206896551723
2010-09-15,0.3660165291611841,0.7982450900992816,0.8154219045263775,16.95863736356884,0.30602492673161386,94.7791201929522,0.17126436781609194
2010-09-17,0.36479312173888356,0.7975916716068774,0.815420939826731,16.98254898666739,0.30687953208427693,94.7824062874914,0.17011494252873563
2010-09-21,0.3648362002257999,0.7982610372202747,0.8160591309391638,16.956379556552967,0.3060119325201944,94.78221358243663,0.17471264367816092
2010-09-23,0.3609794112156536,0.7958481522009169,0.813882256079161,17.03680375469869,0.30894157721702326,94.7165898804669,0.1793103448275862
2010-09-27,0.3602005997574128,0.796741152847104,0.8145066595113614,17.0291290268341,0.30805767604306905,94.72428751481263,0.18045977011494252
2010-09-29,0.35785590799538286,0.7961081202757776,0.8134385850731398,17.069250313749055,0.30894730103761237,94.72079159959095,0.17471264367816092
2010-10-01,0.354549306281651,0.7935539148955348,0.8114643110093168,17.12265315877873,0.3119987602543837,94.71646934130641,0.18160919540229886
2010-10-05,0.35121252886877474,0.7915176938440674,0.8110721225283262,17.148561433859893,0.3144439546831074,94.71670047610264,0.19080459770114944
2010-10-07,0.3418734337534871,0.7885942116479551,0.8095869519732101,17.26202029780694,0.3194012060502742,94.698883653858,0.16436781609195403
2010-10-11,0.3345862031465134,0.7836400202290951,0.8053228452808904,17.3962805445115,0.3254123824138545,94.64406030559694,0.10114942528735632
2010-10-13,0.33303398333023004,0.7838011192421523,0.8064137820597249,17.375808706177704,0.3249795975828083,94.66201642921625,0.10689655172413794
2010-10-15,0.3305147368405832,0.7834533986567045,0.8066581897149955,17.39080585615862,0.3255056925619327,94.6197355918605,0.10114942528735632
2010-10-19,0.32760218106111555,0.7839054061300149,0.8063588018436827,17.393270999311106,0.3251480197871391,94.66161330130132,0.10689655172413794
2010-10-21,0.3255782189201236,0.782252448719609,0.8053266458199695,17.416254015353488,0.3269963990262466,94.5473873773547,0.12643678160919541
2010-10-25,0.3182217827050812,0.7794821716025991,0.8066047757113296,17.490759993160626,0.331213206017157,94.55913965394915,0.10344827586206896
2010-10-27,0.31675601561580474,0.7794417707854647,0.8069580990209706,17.494029896709463,0.33133044187225646,94.58049720198409,0.10919540229885058
2010-10-29,0.31565903869967027,0.7796639950702061,0.8075351782301198,17.482745247834643,0.3309885991147278,94.54692472391528,0.10919540229885058
2010-11-02,0.31102237252905124,0.7753125056808235,0.8036982357669663,17.580977797933063,0.3359148772926944,94.48833164721576,0.1206896551724138
2010-11-04,0.31087774210579944,0.7763307941757778,0.8054939251215976,17.56787449427457,0.33490236158194026,94.49606558863391,0.11494252873563218
2010-11-08,0.3075334274162728,0.7726291315430486,0.8023629369582435,17.64122040674849,0.3389617889726838,94.39092770488159,0.10919540229885058
2010-11-10,0.3011987162097474,0.7670010755763271,0.7979349601668785,17.76622719020074,0.3455004669806259,94.3594244891928,0.09770114942528736
2010-11-12,0.3008407462336177,0.7675657668696161,0.7984160150709012,17.74223575472798,0.3447966666401201,94.30608058048279,0.0896551724137931
2010-11-16,0.2931010216604506,0.7594958727614378,0.7915676374412225,17.925836641578567,0.3538993728577633,94.24602798734236,0.0839080459770115
2010-11-18,0.28515292438970347,0.7530470987851277,0.7874001520102675,18.066473002716222,0.36081248202087807,94.22093759354631,0.06666666666666667
2010-11-22,0.28266945078801836,0.7528043049207057,0.7859111704024963,18.081735227861376,0.3610402017143162,94.18790266173077,0.07701149425287357
2010-11-24,0.27507255596442176,0.7431445143103581,0.77834573500251,18.281958853897567,0.37186652677546805,94.05003863519656,0.059770114942528735
2010-11-29,0.27307262197151866,0.7426861485810758,0.7784971253554158,18.299557849712237,0.37265848659785755,94.04595677620581,0.07241379310344828
2010-12-01,0.2716169723253684,0.7432879802117096,0.7802009019139796,18.291110101439234,0.37188755423793063,94.04104636635594,0.07241379310344828
2010-12-03,0.269007293475846,0.7437795647440245,0.7800400321677293,18.341452486072026,0.3719432301681219,94.04787215535698,0.067816091954023
2010-12-07,0.2672255725756798,0.7440382324268608,0.781101183885918,18.37499369568546,0.3717504157427732,94.05323132902986,0.06436781609195402
2010-12-09,0.26696480769569597,0.744424120227155,0.7813208903969765,18.360333399749653,0.3712405089778559,94.05601894438193,0.052873563218390804
2010-12-13,0.2642848114500717,0.7434263086692935,0.7800427419496505,18.383158000794396,0.3728693825846479,94.06733683034145,0.05172413793103448
2010-12-15,0.26382690331958175,0.7451848401051887,0.7819076030376221,18.3728050744614,0.3711084516456135,94.07058099479194,0.05747126436781609
2010-12-17,0.26328765707339935,0.7455698782352556,0.7821002910817038,18.381090609604463,0.37078381272981836,94.07133552596588,0.059770114942528735
2010-12-21,0.2631718538567526,0.7457467621427222,0.7824589896054215,18.376494021363722,0.3705519601264782,94.08001153037756,0.06091954022988506
2010-12-23,0.2624229337645625,0.7452105779848593,0.782150606775812,18.379066418045905,0.3711555189671959,94.06660078083857,0.05747126436781609
2010-12-28,0.26055262318694844,0.7435545376491043,0.7807648804265186,18.421698544359856,0.3731239875870838,94.05037380582047,0.059770114942528735
2010-12-30,0.2603430303810723,0.7455676514533616,0.7820755427069194,18.388873495613513,0.3711545852895812,94.05941793403485,0.05172413793103448
2011-01-03,0.2592327837029875,0.7456011382390321,0.7816675135747676,18.39966487024832,0.3710570556618937,94.06149578188328,0.04827586206896552
2011-01-05,0.257871047455894,0.7445920937254379,0.7803341268137635,18.447925778635625,0.37244919510272545,94.06525872916446,0.05747126436781609
2011-01-07,0.25640088848676,0.7430977101452162,0.7790108616765153,18.481616872657963,0.37407509759560603,94.04212174447792,0.05862068965517241
2011-01-11,0.25622697488593965,0.7435902026806324,0.7796854422686731,18.463333656128388,0.37342685368527045,94.00909925663017,0.06321839080459771
2011-01-13,0.2523871179026377,0.7406693492617208,0.7764304991474261,18.56289190571345,0.37718492496559713,94.01682448729417,0.06206896551724138
2011-01-18,0.2521147788718463,0.742185992219703,0.777089967534625,18.514457616925966,0.37514694268485366,94.0341851290549,0.06321839080459771
2011-01-20,0.25210041389414645,0.7432649856181972,0.7782783830937997,18.476940822304908,0.3737016291805782,94.01962167255644,0.07241379310344828
2011-01-24,0.24989217680751824,0.7417228210348018,0.7759282904299487,18.53688805186414,0.3758404442181039,94.01921182163093,0.06666666666666667
2011-01-26,0.24908481439060062,0.7414484280385596,0.7757322146931471,18.509316848725064,0.3756472464456231,94.00734959468555,0.07471264367816093
2011-01-28,0.24898498347490747,0.7425866152541034,0.7768135399487578,18.472839449564198,0.374311978496465,94.05497817841511,0.07931034482758621
2011-02-01,0.2479185552555515,0.7416888182058808,0.7755559716878472,18.49276507733311,0.37527843611515044,94.06625460793765,0.08045977011494253
2011-02-03,0.24563420413615028,0.7388170422996277,0.77331419500728,18.539891525114577,0.37852283968480444,93.99517919704626,0.08505747126436781
2011-02-07,0.24565358861942144,0.7401715912158976,0.7740931922749013,18.50235851131637,0.377116335390804,94.01589308466997,0.08045977011494253
2011-02-09,0.2434412285805343,0.7374207094813677,0.771690025992642,18.56685054853172,0.38012268864759785,93.97577768674977,0.07931034482758621
2011-02-11,0.2433247741188717,0.7387803187145278,0.7723495905361002,18.544539659174514,0.378718430933882,93.99660416656052,0.09195402298850575
2011-02-15,0.24149385781174632,0.7362266224521345,0.7702538431096474,18.59264971455061,0.3814211286034397,93.9357973207617,0.08505747126436781
2011-02-17,0.23964942710384254,0.7352946647436545,0.7707111884881711,18.623410793819566,0.3824101818425156,93.95527641033121,0.08850574712643679
2011-02-22,0.2398600017543566,0.7372940169533565,0.7729227971356454,18.560603611919703,0.3801244662899095,93.88711578494573,0.09310344827586207
2011-02-24,0.23641214640707436,0.7325720599484836,0.7692076050467778,18.684634703333703,0.38535248196890154,93.87664803274383,0.0839080459770115
2011-02-28,0.23325363211062747,0.7289589949872931,0.7668658795073613,18.758199470153414,0.3893534904596772,93.82005747846121,0.10459770114942529
2011-03-02,0.23341699977850788,0.7317502487629437,0.7691687651368803,18.68937528500574,0.38627180211203915,93.7744956414306,0.09425287356321839
2011-03-04,0.22875214268023797,0.7302694877425043,0.765758482749699,18.73244965598961,0.38826345307046184,93.80991766681869,0.09195402298850575
2011-03-08,0.22707491798258994,0.7301135417625002,0.7672247478012268,18.72890634332016,0.38825072458275317,93.85259609224441,0.09655172413793103
2011-03-10,0.22672353569049675,0.7318351866905163,0.7696179310384403,18.676127584216445,0.38621374965797317,93.8909059539888,0.0896551724137931
2011-03-14,0.22619086831611915,0.7357317635022241,0.7732571555294916,18.623980496861126,0.38224252846161233,93.91201288759493,0.1
2011-03-16,0.22027918399885166,0.7288038904079409,0.7658338189500784,18.809155779731064,0.3910872640079878,93.83094947025688,0.08160919540229886
2011-03-18,0.22014144540453973,0.7291266979843825,0.7668163001545613,18.79640176238377,0.3906179316694843,93.81014967752957,0.1
2011-03-22,0.21826806318653205,0.7281497385755165,0.7658246228092551,18.83725133828658,0.3920066937231578,93.74424829799783,0.10229885057471265
2011-03-24,0.2163076477871274,0.726053715142646,0.7631089370225801,18.888916069220585,0.39443469671548353,93.74593290574019,0.11609195402298851
2011-03-28,0.21347148230524834,0.7243403373035048,0.7602774411786234,18.958237087951087,0.39686102130658185,93.75477398430108,0.10574712643678161
2011-03-30,0.21330238197075987,0.7256477589369242,0.7608984101872915,18.931151569879884,0.3953991652400687,93.74571069160928,0.10114942528735632
2011-04-01,0.2120545714913969,0.7243654539824658,0.7597091476520106,18.95525578557445,0.39685863661400606,93.75656861827613,0.10804597701149425
2011-04-05,0.20944379080793957,0.7251716840324881,0.7580716259658066,19.019055752009887,0.39721992220260716,93.77024118522034,0.10919540229885058
2011-04-07,0.20896679969985651,0.7261005614436239,0.7606309089480646,19.001803161621872,0.39617815968055625,93.77866120617668,0.11494252873563218
2011-04-11,0.20835300307122995,0.7269994768245982,0.762096385360462,18.985130865890014,0.39524509842279176,93.76138836291278,0.09080459770114943
2011-04-13,0.20524562739897764,0.7236990819811573,0.7577394643445293,19.087012088613672,0.39960565219970773,93.7990129343507,0.07701149425287357
2011-04-15,0.20520060017456077,0.7271773449277814,0.7614434067907007,19.032141344698132,0.39588060575025036,93.84439434860339,0.08505747126436781
2011-04-19,0.20410833489301694,0.7306280674860761,0.7655837832431851,19.00787368594531,0.39186392155426214,93.86648221691271,0.08620689655172414
2011-04-21,0.2034510020422607,0.731150675004513,0.7657290978539784,19.007780555395158,0.39125291047384775,93.88876826829157,0.0896551724137931
2011-04-26,0.2034101553158051,0.7339585917433352,0.7693145761212774,18.967534452470005,0.3881829364118457,93.8908912147299,0.08045977011494253
2011-04-28,0.20148996416496767,0.7333256129948752,0.7683021888631942,19.009425605897853,0.38879363867091965,93.93837427898556,0.08275862068965517
2011-05-02,0.2008779286830685,0.7365682073939399,0.7698358226982993,18.968530383745495,0.38557592753819026,93.9514108662709,0.1
2011-05-04,0.19957590915138015,0.7360671568258842,0.7686738662339296,18.989983218916894,0.38608488371479927,93.9852221203605,0.09310344827586207
2011-05-06,0.19755953862266418,0.7361765440754434,0.7665249253434244,19.06824548705555,0.38729827814119205,93.96194509863405,0.08735632183908046
2011-05-10,0.19742771735903739,0.7367841137248742,0.7667893233534319,19.045811740879877,0.38642297404446807,93.94832171102442,0.07816091954022988
2011-05-12,0.19595697077674976,0.7355961921824739,0.764865011762109,19.069530076557477,0.38773085712965394,93.96351263472887,0.0839080459770115
2011-05-16,0.19540569068479033,0.7356037141189079,0.7648231448268271,19.063449327841102,0.3875843990779643,93.95163284182031,0.09425287356321839
2011-05-18,0.1943897954770259,0.7347594932419994,0.7637491214144554,19.098414239789886,0.3890786881048138,93.94006428569968,0.08505747126436781
2011-05-20,0.19387400289260023,0.7346867034762752,0.7644115505458985,19.091028742541635,0.3891775344236158,93.94599607922136,0.08735632183908046
2011-05-24,0.1917689473256814,0.7332313966305134,0.7620964606646757,19.126205678720797,0.3907568371549061,93.96301725574473,0.06896551724137931
2011-05-26,0.19134852101022354,0.7336344424420578,0.7621331676301107,19.119741955241153,0.390309150570056,93.95046798527402,0.07816091954022988
2011-05-31,0.19127634547742683,0.7349265108595335,0.7629358057940879,19.104643308068148,0.3888649880345708,93.96023563410881,0.08160919540229886
2011-06-02,0.19195206192588804,0.7367863217152767,0.7644788715625518,19.065294683358704,0.38663376659690263,93.97779106413492,0.09310344827586207
2011-06-06,0.19226667271682826,0.7388323135783899,0.7661377869010875,19.033956178844466,0.3844735639520939,94.01347516488885,0.08735632183908046
2011-06-08,0.19121716264812622,0.7370925757249215,0.7645625911801908,19.075319916887175,0.38645165532750586,93.97771612103496,0.08160919540229886
2011-06-10,0.19119764941023715,0.738179000387097,0.7651868505929669,19.063013586201066,0.3852642412791655,94.01273402639293,0.08275862068965517
2011-06-14,0.191558167614957,0.7404092550260103,0.766525271634427,19.02329415669779,0.38320974008763015,93.99421438240378,0.0839080459770115
2011-06-16,0.190180042727937,0.7402923541200819,0.7653209565845915,19.081662067631314,0.38372548701595194,94.02857709806207,0.07816091954022988
2011-06-20,0.1893209846308643,0.7394375723106306,0.764365678071586,19.086004797071382,0.38444713702130134,94.00918890264225,0.08275862068965517
2011-06-22,0.18968575333956939,0.7400404301283955,0.765421712689839,19.053474777650102,0.38347123081580753,94.0170863466191,0.07701149425287357
2011-06-24,0.18962087160014834,0.7403033907636095,0.7657313584689949,19.037349052633996,0.38311704160776494,93.99191855940776,0.07586206896551724
2011-06-28,0.18873907103935833,0.7394920548185364,0.7648314875672475,19.08116376601863,0.38474209812523785,94.00959211756074,0.06206896551724138
2011-06-30,0.18836369683991647,0.7393467514759089,0.7647801980055875,19.071340693841524,0.3847469029367056,94.03306995046243,0.06436781609195402
2011-07-05,0.1886152634884037,0.7405042864152063,0.7655860516321075,19.052987096443342,0.38349110917766127,94.03409488729503,0.06091954022988506
2011-07-07,0.18800099338035411,0.7397549431172011,0.765260742376063,19.061416810195315,0.38429678142409684,93.99453176928289,0.06091954022988506
2011-07-11,0.18669250455012903,0.7387531910131859,0.7638083842733576,19.08630677790627,0.38532447472026055,94.0305630534484,0.06091954022988506
2011-07-13,0.18632517212228722,0.7391124923797177,0.7635244458185033,19.087948782012525,0.38504060671461476,94.02420460889765,0.06436781609195402
2011-07-15,0.18647607958341453,0.7403614609156264,0.764857347390874,19.059615249548187,0.3836384295208004,94.02263934272699,0.07241379310344828
2011-07-19,0.18592225447428276,0.7410722206227207,0.7646325381809087,19.03527219586217,0.3825388182494104,94.0430657109109,0.07701149425287357
2011-07-21,0.18611106894325216,0.7414034994699602,0.7649676973951762,19.038457246020094,0.38216035528630304,94.05599265671273,0.0735632183908046
2011-07-25,0.1856656430403858,0.7420338018464426,0.7650773773270801,19.042362334553594,0.3815820874365624,94.06354790681065,0.07471264367816093
2011-07-27,0.1858605409590749,0.7437501442022005,0.7667832867721204,19.02378766600554,0.3797902591799291,94.08362783889012,0.06896551724137931
2011-07-29,0.18586701726987484,0.7449469831534213,0.7678650917997114,18.994182194125894,0.37838914262010337,94.09568149494433,0.07471264367816093
2011-08-02,0.18649804291091085,0.7471515774146601,0.7696662394389338,18.950407666655654,0.3759070284301856,94.1438763769333,0.05057471264367816
2011-08-04,0.19048655216576302,0.7553073779533315,0.7766049717856073,18.755962655628494,0.3663570455791232,94.30275537287217,0.041379310344827586
2011-08-08,0.1968515532171386,0.7669621127595818,0.7870391150082028,18.49273297299846,0.3521681644309992,94.4642628397841,0.05862068965517241
2011-08-10,0.20067143307207422,0.7723689570206863,0.789756319393862,18.38146538549153,0.3454287748050997,94.52023148626357,0.12413793103448276
2011-08-12,0.20339378465626712,0.7766813189691356,0.7931668338532958,18.29356261598356,0.34024878476445497,94.57527192902202,0.1781609195402299
2011-08-16,0.2035201202063323,0.7764789242669475,0.7931548582252207,18.295548186431592,0.3404808513112817,94.5745525711904,0.18620689655172415
2011-08-18,0.20654515138923005,0.7809876817406061,0.7981595034416998,18.165539433724973,0.3347113281257838,94.63427388219439,0.1896551724137931
2011-08-22,0.2068214550050356,0.7812964818581744,0.7986521527899676,18.150198521969354,0.334291315106464,94.63617280016817,0.1781609195402299
2011-08-24,0.20865928120071714,0.784299453273918,0.8008081182737189,18.087020214408437,0.3307357203217939,94.67404706006795,0.15057471264367817
2011-08-26,0.20903085931603485,0.7851138469473511,0.8013635040807812,18.063747840071343,0.329668357625582,94.69724507009734,0.16091954022988506
2011-08-30,0.21007788018542065,0.7872879625754812,0.8033183757846091,18.009264044466192,0.3269735673752285,94.72844638660845,0.1528735632183908
2011-09-01,0.21004990821611885,0.7879651820191799,0.8041246688714222,17.992608502411034,0.32612213537938883,94.74120974800174,0.15402298850574714
2011-09-06,0.21086044588779554,0.7901709912284933,0.8056027364507079,17.924012273169865,0.3232744530982366,94.77198969082629,0.1471264367816092
2011-09-08,0.21211506127382834,0.7924086491632908,0.8080747174755013,17.85117850598209,0.3204656906926862,94.79082429394833,0.14597701149425288
2011-09-12,0.21270387917290073,0.7941980941925172,0.8092554850447041,17.798837983452515,0.3180177881165695,94.81460046339325,0.14597701149425288
2011-09-14,0.21313643719082842,0.795180995283989,0.8096381859553285,17.769363996943888,0.31676047107864774,94.82657776876528,0.14022988505747128
2011-09-16,0.21314723045819747,0.7953077721795428,0.8096808602422462,17.780947646130215,0.31668480456545123,94.82561316580892,0.13448275862068965
2011-09-20,0.2130449090816299,0.7945884267744198,0.8088547578432538,17.7905713069875,0.31748186820831054,94.81311111752592,0.13793103448275862
2011-09-22,0.2157235850212024,0.7983610116473066,0.8126419356448249,17.672733184439487,0.31289391848746706,94.854077991355,0.14942528735632185
2011-09-26,0.2154853603918372,0.7974802745377346,0.8114818345954607,17.704417530805507,0.314011272639763,94.83887116964607,0.15517241379310345
2011-09-28,0.21618491811039908,0.7991527198767391,0.8126245929364608,17.666096457139393,0.312174248031777,94.85637183171175,0.1471264367816092
2011-09-30,0.21688645965112702,0.799307775263899,0.8129178648652847,17.649031817148614,0.31183609228237996,94.86172272940173,0.1632183908045977
2011-10-04,0.21924126483670897,0.8016321886934823,0.8157831780570368,17.55959240204697,0.30875144112778774,94.88386637933019,0.16551724137931034
2011-10-06,0.22035635277794907,0.8022298767339002,0.8166282571942809,17.52495922935802,0.30784488770195734,94.87811644101546,0.1839080459770115
2011-10-10,0.22156737378955405,0.8035302090734457,0.8181500429309656,17.470067143161344,0.3060017486688364,94.8991788694255,0.16091954022988506
2011-10-12,0.22151474987819647,0.8035904875647598,0.8181717850113067,17.46683988853096,0.3059140786088245,94.8946069497779,0.16666666666666666
2011-10-14,0.22175185978746595,0.8041939971587595,0.8187993309739039,17.44203917437555,0.3051519523440216,94.90475574067763,0.17586206896551723
2011-10-18,0.2226084125202818,0.8051132159059069,0.8203568566506708,17.39248776926722,0.30384902291499993,94.91317890347756,0.17126436781609194
2011-10-20,0.22259823576659352,0.8054479049665325,0.8207823210755085,17.393601738718857,0.30359422931193925,94.91237616818597,0.16206896551724137
2011-10-24,0.2220082951639419,0.8043404736285175,0.8194235382014791,17.426330430314756,0.30483368422260393,94.88979272565099,0.15747126436781608
2011-10-26,0.22177118515983982,0.8038467916633084,0.8190665953469289,17.446969866764437,0.30550890025376826,94.9146360748188,0.15172413793103448
2011-10-28,0.22337893038870063,0.8061794494064901,0.8212131851542727,17.351334705308197,0.3024511977802138,94.93123205751938,0.14942528735632185
2011-11-01,0.22437046292950405,0.8076953976457264,0.8225578492473964,17.28705631042744,0.30039452685994295,94.94426014363121,0.14367816091954022
2011-11-03,0.22454015115519974,0.8076721487137176,0.8225989362343189,17.28341726532151,0.30038031399386866,94.95013877329136,0.14942528735632185
2011-11-07,0.22431929937836367,0.8073367832527948,0.8220242877665082,17.291219490804938,0.3007534724977978,94.94229641599853,0.15172413793103448
2011-11-09,0.22576265991168676,0.8094850203681786,0.8240234050054903,17.231139777499674,0.2980759518254796,94.97950677790384,0.15402298850574714
2011-11-11,0.22629363365503669,0.8101295156183277,0.8246225785023006,17.215617819260746,0.29722361726782076,94.9780149093285,0.1471264367816092
2011-11-15,0.22611047365215073,0.8100051013073883,0.8243032393598116,17.225965171525925,0.29741610434359056,94.97610717153023,0.15977011494252874
2011-11-17,0.22663099143585802,0.8104927135683339,0.8249774786487436,17.20790986094505,0.29680509704800545,94.98111651661998,0.15057471264367817
2011-11-21,0.2266014306662691,0.8104101167989815,0.8248386906815006,17.216838984541873,0.29692344563684586,94.9837003798226,0.167816091954023
2011-11-23,0.22703299893363507,0.8113833629762298,0.8257036879934759,17.187485214723036,0.2957786631318875,94.9817813583229,0.17471264367816092
2011-11-28,0.22822458036942458,0.8128914156912473,0.8273009483039446,17.130941335871743,0.29376675629582877,95.01239630362892,0.15632183908045977
2011-11-30,0.23078677629535005,0.816152682469276,0.8311941505116915,17.010040423164806,0.28951531014681314,95.03338884764712,0.14942528735632185
2011-12-02,0.23067473560838853,0.8161660681821218,0.8314555687054268,17.014271511628376,0.28953980692422693,95.03649668955829,0.15517241379310345
2011-12-06,0.23071555021194376,0.816552063974523,0.831936441419064,16.995423895740302,0.28897383310777647,95.04167213235777,0.15172413793103448
2011-12-08,0.23121678126295234,0.8172699504341152,0.8326770587409617,16.960970599163613,0.2879765366507386,95.04972807265335,0.16551724137931034
2011-12-12,0.23175041903392524,0.8179478769037344,0.8334859124097318,16.93680775374617,0.2871539834567864,95.05794536550745,0.16896551724137931
2011-12-14,0.23206341675843684,0.818026217241769,0.8337100016921394,16.919047154187155,0.2869410792908419,95.05571957716775,0.1724137931034483
2011-12-16,0.23202068473651213,0.8179761902212425,0.8337551922977776,16.921930627957533,0.2869488922934108,95.05561328584953,0.16551724137931034
2011-12-20,0.2333891728971161,0.8192865685592425,0.8351992460031435,16.8729861689827,0.28521159133089974,95.0744960573406,0.1528735632183908
2011-12-22,0.2334700060153337,0.8183242240858603,0.8344842371736836,16.911421625715203,0.28649479626785945,95.06115967255855,0.1482758620689655
2011-12-27,0.23297933763490689,0.8179753189923422,0.8340070552646195,16.928521880479273,0.2869572378237979,95.06377042651025,0.15172413793103448
2011-12-29,0.2333338172181648,0.8192876482449201,0.8352986330085679,16.887273544034134,0.28527028379538844,95.0800268566064,0.14597701149425288
2012-01-03,0.2336306203698478,0.8192162449378134,0.8354277896991712,16.849942225092633,0.2849633093221282,95.0735036421128,0.15402298850574714
2012-01-05,0.23351157408060086,0.8195350694390507,0.835629498504789,16.835976906840447,0.28454348323853473,95.07141202005592,0.15862068965517243
2012-01-09,0.23346517351587998,0.8195454041075866,0.8355643284825707,16.83261525087126,0.28448730909599984,95.07217239730208,0.15632183908045977
2012-01-11,0.2333400135150419,0.8188991240001868,0.8350335621526752,16.841375018521553,0.2851721497513135,95.06681971907962,0.15172413793103448
2012-01-13,0.23272828116410768,0.8183526384199522,0.8345332719337452,16.855599766800154,0.28575564492087113,95.06543431112331,0.1482758620689655
2012-01-18,0.23252719725141818,0.8177726870649077,0.8341128738844149,16.860097611745065,0.28627523874858696,95.05980010345539,0.1425287356321839
2012-01-20,0.23253632466692153,0.8180527665851656,0.8345133151675503,16.849378006383898,0.28586766901353944,95.06469587884604,0.1471264367816092
2012-01-24,0.2322363087254014,0.8181504625064361,0.8348363981204497,16.834316025644796,0.28552705845991044,95.06385181701944,0.1528735632183908
2012-01-26,0.23182523694541962,0.8184119485212213,0.8353134378666806,16.831070820054094,0.2852111541652283,95.06584925033228,0.15172413793103448
2012-01-30,0.23051511917789674,0.8163307909780665,0.8336817423089263,16.887422802184407,0.2876752346827861,95.04089001041899,0.15632183908045977
2012-02-01,0.23058942188400564,0.8167891201727322,0.834332231487358,16.875111632417358,0.2871382098054873,95.03808164799202,0.15402298850574714
2012-02-03,0.23053276358903943,0.816284522072296,0.8336316048462067,16.883494837058915,0.287728898743993,95.03508301121613,0.15402298850574714
2012-02-07,0.2302271334208893,0.8160639502495937,0.8334018543543253,16.88924964048961,0.2879456865758716,95.03017698461318,0.14482758620689656
2012-02-09,0.22982058141950634,0.8151797252957496,0.8327659184856061,16.919185783543586,0.2890760704077979,95.02535804209815,0.14942528735632185
2012-02-13,0.22993591825376034,0.8153815276897028,0.8328830271983142,16.906325052154546,0.28876939729466305,95.03141370227596,0.14022988505747128
2012-02-15,0.229771256667147,0.8150447523843682,0.8325077567485808,16.918992893968607,0.2891699746768884,95.0248953452902,0.14482758620689656
2012-02-17,0.22988612321930166,0.8153283301049639,0.8326876002953425,16.914221703682543,0.2889158177009712,95.03329183113344,0.14597701149425288
2012-02-22,0.22964197411448964,0.8152424016135649,0.8326051640506961,16.915298016575203,0.28902479405027826,95.03298215109291,0.14367816091954022
2012-02-24,0.2296309648388038,0.8151415712832696,0.8325633414741789,16.921454049196715,0.28917848172066674,95.03148967043612,0.1413793103448276
2012-02-28,0.22935419912266689,0.8147718287131426,0.8321705395365467,16.932650017559162,0.2896401058043012,95.02839115824119,0.14367816091954022
2012-03-01,0.22941443077714171,0.8148192068394648,0.832279769255077,16.92829235958073,0.2895445517541307,95.02706531252512,0.13908045977011493
2012-03-05,0.2294763699468857,0.8144633934003344,0.831846288078406,16.92466759693352,0.28985835140431376,95.02257575063264,0.1425287356321839
2012-03-07,0.22992268617080816,0.8152989633442768,0.8328010264806961,16.906809718399955,0.28893985066256717,95.03059452268789,0.16091954022988506
2012-03-09,0.22999108603421992,0.8153756946387553,0.8329045734667084,16.905014332967607,0.28884616260671014,95.03204988581246,0.15862068965517243
2012-03-13,0.23027756791663392,0.8158577758308098,0.8333808457849671,16.892612333405754,0.2882621307854534,95.03624104949154,0.1528735632183908
2012-03-15,0.2301731577990795,0.8157480962042637,0.8332938526655226,16.90158556606027,0.28848891477770283,95.02912648334792,0.15747126436781608
2012-03-19,0.23009731012421666,0.8157568268844683,0.8331656076044609,16.900152191768253,0.288487287255865,95.03003154048788,0.16666666666666666
2012-03-21,0.2300494168773308,0.8158411811488911,0.8333476106906154,16.89744734976069,0.2883577358552634,95.03127961108284,0.16666666666666666
2012-03-23,0.23012207983242275,0.815617743154103,0.8332542483700278,16.886812002140818,0.2884639023036438,95.02861322768052,0.15977011494252874
2012-03-27,0.23004610589531818,0.8160632165297181,0.833477519087211,16.88134487319058,0.2879352803429492,95.0350958028287,0.16091954022988506
2012-03-29,0.23007843490253482,0.8159884968903012,0.8332899006229056,16.879159975216776,0.288002870997904,95.03783847233453,0.15977011494252874
2012-04-02,0.23009482344807314,0.8162094067412881,0.8335469319486991,16.864807169229408,0.28764601458777583,95.0362022395428,0.16091954022988506
2012-04-04,0.23023315887160983,0.8162784555552448,0.8336299076766195,16.856832342454474,0.2875094077412658,95.03923687880749,0.167816091954023
2012-04-09,0.230270196187001,0.816743794930711,0.8338587300121388,16.846428283552903,0.2869844812019257,95.03386693814628,0.1781609195402299
2012-04-11,0.23057161378799415,0.8171061853284891,0.833825568365323,16.835570218821783,0.2864911664610466,95.03737256798405,0.1793103448275862
2012-04-13,0.2308990842840221,0.8175310380342483,0.8342864331046238,16.791276806919004,0.2856271135978275,95.05234984997986,0.1632183908045977
2012-04-17,0.23098693359408873,0.8182517495520145,0.8347992427258182,16.776050971173575,0.28482252003530545,95.05276570529786,0.17011494252873563
2012-04-19,0.2302789249323523,0.8173113823675662,0.8336821424470457,16.79667784249506,0.2859246816574176,95.03712346659103,0.1724137931034483
2012-04-23,0.23019601202453518,0.8174104664220898,0.83353649611645,16.795763207856083,0.28580600765113195,95.03146578710941,0.1632183908045977
2012-04-25,0.22982912774494,0.8166037839762169,0.8329586415113389,16.843473595834965,0.2870586778092345,95.00509054678463,0.15747126436781608
2012-04-27,0.22888709265137677,0.8150501786707725,0.8313844962994332,16.896477034881112,0.2890927565016308,94.98916568863437,0.14367816091954022
2012-05-01,0.2274446685943637,0.8133950906471592,0.8301900046784114,16.945988206330977,0.29132480733234134,94.93111069341424,0.16896551724137931
2012-05-03,0.2246993156002037,0.8097621758129545,0.8273829752060348,17.030583238976508,0.2955460288930355,94.92902170663297,0.16551724137931034
2012-05-07,0.22438305603587796,0.8093946875764931,0.8268694835903561,17.04499056834749,0.2960957676180039,94.9240572249993,0.1724137931034483
2012-05-09,0.22402356217326772,0.8090267673304349,0.826623554836055,17.068059819517188,0.29668305912987547,94.92338403476228,0.1632183908045977
2012-05-11,0.2237170986044651,0.808603370654556,0.8261831756518506,17.07727112659502,0.29714078628195045,94.88877990312608,0.15747126436781608
2012-05-15,0.22161244808358566,0.8054858607735605,0.8233514440745507,17.14482183665735,0.3009471107742307,94.89302875246112,0.15172413793103448
2012-05-17,0.2219195135520983,0.8058972660828612,0.8235410992708508,17.141244948788653,0.30054283084553884,94.90231758085287,0.15402298850574714
2012-05-21,0.22079432866629511,0.8042838101034905,0.8220796227741984,17.177821475461272,0.30244270345166946,94.88703802213224,0.13333333333333333
2012-05-23,0.2199928718245206,0.8032909272068942,0.8206784583461861,17.205043290450345,0.30358700984025255,94.85602455719244,0.14482758620689656
2012-05-25,0.21905330053117197,0.8020338824236415,0.8197940856577276,17.237009582573016,0.30501318803919253,94.8253499292628,0.13218390804597702
2012-05-30,0.2173629247944551,0.7997704744094246,0.8179447933206847,17.2965040451948,0.3078105899028698,94.83881485306986,0.14022988505747128
2012-06-01,0.21801411979594337,0.8005913259827832,0.8182226250545841,17.2700535505699,0.30663179568629395,94.8254735185204,0.1425287356321839
2012-06-05,0.21670677083653836,0.7986601331082074,0.816149235869209,17.32329154880426,0.30902573771716274,94.82492295726091,0.13448275862068965
2012-06-07,0.21655856528708337,0.7986861327684932,0.8160896888702264,17.3243629077736,0.30900455574316127,94.82820682599457,0.1367816091954023
2012-06-11,0.21693045717925352,0.7991678358492215,0.8165737296558075,17.302858109570245,0.30834701184372665,94.83221451066385,0.1425287356321839
2012-06-13,0.21720461857336262,0.7995573733600772,0.8170769870072068,17.29013002387078,0.30783309186953434,94.82755166862958,0.1482758620689655
2012-06-15,0.21693175836654244,0.7993543279793982,0.8168343767251159,17.295312652971187,0.3080302644578098,94.8312656953958,0.14942528735632185
2012-06-19,0.21671724888434685,0.7998219320550098,0.8169076872398018,17.29062664361629,0.3077209675603025,94.85464298398364,0.15747126436781608
2012-06-21,0.2159401960043566,0.7993064132638257,0.8159534707143112,17.31765400550032,0.30867646202217836,94.83890346509526,0.1367816091954023
2012-06-25,0.21618734645672474,0.7999964447557248,0.8165863133358999,17.290876627830897,0.307763823737352,94.8462361351106,0.1413793103448276
2012-06-27,0.21627209510614157,0.7998818859735792,0.8161971141163729,17.292859146627467,0.3079405254313976,94.81717721923283,0.15862068965517243
2012-06-29,0.21556232161674255,0.7983882676056847,0.8147091196590299,17.33147751575341,0.3098208420683987,94.81514530948913,0.16896551724137931
2012-07-03,0.21554134361834146,0.7981186286012204,0.8144706033518574,17.341206915499146,0.3101614504055162,94.80393236888088,0.1793103448275862
2012-07-06,0.21517433258639365,0.7976341795471555,0.8140759395589687,17.35369041365103,0.3107333960487416,94.807968146844,0.167816091954023
2012-07-10,0.214180417928437,0.79598788318349,0.8124486343325561,17.39230138942776,0.3127401186819009,94.78968675495022,0.15977011494252874
2012-07-12,0.21374336220430318,0.7952371243368543,0.8117557084009845,17.414218319246157,0.3135844964819635,94.77614034720688,0.167816091954023
2012-07-16,0.2131060282394657,0.7950310704203298,0.8114399921871439,17.41523134053453,0.31378486219611373,94.77611355775223,0.15517241379310345
2012-07-18,0.21279881487827873,0.7945301149440387,0.8110733793179012,17.433660464528735,0.3144616754485209,94.7757980478279,0.15057471264367817
2012-07-20,0.21285200907860832,0.7944470846776536,0.8108050186163449,17.437585236477886,0.3146366144134635,94.77264677803183,0.1471264367816092
2012-07-24,0.21321364149415944,0.7950808802790272,0.8106630410700616,17.41382411343987,0.31387538885210065,94.77514046116077,0.13218390804597702
2012-07-26,0.21285761860736852,0.7941952151856726,0.8092829296647047,17.436593517001658,0.31488820117387933,94.77136774412155,0.1310344827586207
2012-07-30,0.21326248069268994,0.7943587018385887,0.8093472689330101,17.431406082248177,0.3147459710960108,94.7720045626011,0.13333333333333333
2012-08-01,0.21328855522976367,0.7941368029745858,0.8090351448432671,17.442420121712473,0.3150578725649561,94.7639776395722,0.135632183908046
2012-08-03,0.21268120764562143,0.793073939403897,0.8077923614108103,17.480899225131115,0.3165233140677343,94.74558830555124,0.1413793103448276
2012-08-07,0.21275644729314303,0.7927966980056251,0.8078704680791411,17.476796797221255,0.3166468659841054,94.73746909339368,0.14022988505747128
2012-08-09,0.21242384329260203,0.7919418247959418,0.8065006638415967,17.492050504218714,0.3175952185670034,94.7250490672812,0.14022988505747128
2012-08-13,0.2119847488325515,0.7912583435246511,0.8059473678719989,17.507633643495293,0.31843842843077536,94.71127380116401,0.14367816091954022
2012-08-15,0.21190613456905855,0.7912355772276964,0.8057686833380664,17.505883908986487,0.3184063943132502,94.71094174064723,0.14022988505747128
2012-08-17,0.21168645453122398,0.7910795980923823,0.8055960982794939,17.51647389658706,0.31867547980826233,94.71537318421332,0.1413793103448276
2012-08-21,0.21108167978486422,0.7902263366935337,0.8043351881947093,17.536829476009707,0.3196295069023105,94.70050219487142,0.13448275862068965
2012-08-23,0.21084402734533403,0.7899267079132278,0.8040477502459468,17.55184790838756,0.32007121902927976,94.68224099471207,0.13448275862068965
2012-08-27,0.20933712322280526,0.7879972076992424,0.802134781812693,17.599108430858955,0.32231202535777953,94.68418521845621,0.1367816091954023
2012-08-29,0.2089702620929589,0.7876043708888794,0.8018423260731629,17.610041159625766,0.32280538635366374,94.68308665683666,0.13333333333333333
2012-08-31,0.20903927072586134,0.7878376106249543,0.8019782744901973,17.602293511530306,0.3224899875118789,94.68228661380992,0.13908045977011493
2012-09-05,0.2088036397958617,0.7874767780197423,0.8012250029364744,17.615075534972924,0.32296902582281783,94.67829702381385,0.13793103448275862
2012-09-07,0.20945479720455187,0.7875526038994768,0.8005961955932341,17.567759107366996,0.322376902858078,94.68545797985844,0.1310344827586207
2012-09-11,0.20948552813977378,0.7877514649783904,0.8008996578647337,17.55559560189388,0.3220531449831744,94.67628413325164,0.12298850574712644
2012-09-13,0.20952434792166746,0.7871276022897274,0.8004451997955291,17.562950737326105,0.3226331994926952,94.66791257853485,0.12873563218390804
2012-09-17,0.20949945530430372,0.7864417270348603,0.8003879966298435,17.566571506254437,0.3232013261751365,94.64958112454784,0.11724137931034483
2012-09-19,0.20874735547067405,0.7853087152260873,0.7994009111483344,17.598563791069207,0.3245959261798511,94.6477317241791,0.11954022988505747
2012-09-21,0.20870166742601737,0.7849022646738507,0.7991366455979498,17.608103347897654,0.3250637798213011,94.64227303568954,0.12413793103448276
2012-09-25,0.20888885264082416,0.7851589772808049,0.7994855479116968,17.60317430296254,0.32483452097682647,94.64291564047771,0.12183908045977011
2012-09-27,0.20832266365232552,0.7842908964704358,0.7986783846524157,17.626310117832226,0.3258943756350823,94.63506824813898,0.12988505747126436
2012-10-01,0.2083531462474228,0.7846189007591825,0.7990817368535209,17.62430304300162,0.3255818778946442,94.6409142526222,0.12873563218390804
2012-10-03,0.2081821271310291,0.7844378257692676,0.798745659134187,17.631932272267722,0.32580004060351236,94.63726101040086,0.12528735632183907
2012-10-05,0.20815177531599377,0.784554111101826,0.7986676339434301,17.618040542175773,0.3255780633613204,94.6359716953901,0.12873563218390804
2012-10-09,0.2082364365599833,0.7847416998629994,0.7978141272234837,17.600652732380663,0.32516304392503764,94.6370856492327,0.13333333333333333
2012-10-11,0.2079245616602328,0.7836655256101177,0.795819253216472,17.6062005303677,0.3262528208414041,94.62789425743327,0.12183908045977011
2012-10-15,0.2077715456899716,0.7835064582278117,0.7955893805448743,17.602489037934586,0.3263403691684559,94.629772002645,0.1206896551724138
2012-10-17,0.20795627887419016,0.7837587097004581,0.795769995164928,17.58900732115756,0.32600341851827525,94.62873283202808,0.11839080459770115
2012-10-19,0.20829600742212978,0.7839183806287384,0.7961138611687503,17.586812025183292,0.325758509123692,94.64511691667452,0.11264367816091954
2012-10-23,0.20850778042077936,0.784070929577026,0.7955629331926558,17.565148569024622,0.3254427216693559,94.64708775551168,0.10919540229885058
2012-10-25,0.2084213493248711,0.7836563958916201,0.7951310679951734,17.59223697163793,0.3261146429879996,94.64401701697348,0.10919540229885058
2012-10-31,0.20785292904166627,0.7824530506702632,0.7936705435618189,17.62997890599569,0.32758606772902504,94.62252510189502,0.11494252873563218
2012-11-02,0.20828855065029367,0.7826842605443711,0.7945155992177252,17.616909584136362,0.32725340514665086,94.62995992053818,0.10689655172413794
2012-11-06,0.20825570532016632,0.782400304560703,0.7942477715711649,17.62767968922402,0.32765989719584615,94.63218531175956,0.11379310344827587
2012-11-08,0.2088145461120943,0.7834150888158095,0.7949430469109172,17.605174813359366,0.326517757182296,94.64237059768743,0.11609195402298851
2012-11-12,0.20843673893054446,0.7826005608999826,0.7943047746633716,17.6244979044229,0.3274611643547203,94.63307178667102,0.1103448275862069
2012-11-14,0.20844014097481306,0.7827876449016743,0.794570332864292,17.61999744823906,0.3272421710474991,94.64584367528644,0.10804597701149425
2012-11-16,0.20846869119558445,0.7829345549508457,0.7947971237671818,17.626341145805597,0.3271282298440829,94.64662553374227,0.10229885057471265
2012-11-20,0.20836455077387794,0.7825674625612725,0.7942687926019867,17.641479819960185,0.3276608099596282,94.65485539645536,0.09310344827586207
2012-11-23,0.20851218284407258,0.7828090155998719,0.7945037695361271,17.6388312731882,0.3273945358646713,94.66566906413608,0.09080459770114943
2012-11-27,0.20790680834643185,0.7817806811908827,0.7935383476681483,17.665795818854843,0.32869289224208204,94.65091304130004,0.09310344827586207
2012-11-29,0.20785726279925834,0.7818958308682155,0.7935296831476535,17.671109104405186,0.3286450483031514,94.65695360687793,0.09425287356321839
2012-12-03,0.20789006641588229,0.781986535273054,0.7937097890650925,17.671355030296475,0.3285798742369459,94.6599319835556,0.09540229885057472
2012-12-05,0.2078738143913272,0.7813681780058388,0.792449042711154,17.684047482738453,0.3293300642950729,94.64685784575276,0.09655172413793103
2012-12-07,0.20786713016925007,0.78130591094238,0.7923441901984252,17.685267216207244,0.3294163800047465,94.6485529346643,0.09540229885057472
2012-12-11,0.2078860157316984,0.7813014553213466,0.7922395938172023,17.680704264369083,0.3293624728570737,94.64567003785159,0.09770114942528736
2012-12-13,0.20780676305260123,0.781146040163804,0.7921412744601568,17.682964067524253,0.3295512789525153,94.64232020790955,0.09770114942528736
2012-12-17,0.20783458589753523,0.7809776252934842,0.7917622211091806,17.691535256133616,0.32978112269456,94.64176106983479,0.09770114942528736
2012-12-19,0.20804375146011944,0.7809282467405341,0.7920678145304396,17.69155850024124,0.32974218277545664,94.64203686622486,0.09080459770114943
2012-12-21,0.20812604543593277,0.7807476289068814,0.7917554436696147,17.700516167948866,0.3299987672568895,94.63824840425302,0.08850574712643679
2012-12-26,0.2081549619509464,0.7805628448507944,0.7915324253797722,17.702668866583032,0.3301388383452191,94.63635035344377,0.09195402298850575
2012-12-28,0.20813418983530782,0.7807736401416032,0.7914998677518279,17.696808346450023,0.3298675695406976,94.64570198853798,0.09080459770114943
2013-01-02,0.2091647740151289,0.7824075050000866,0.7921215941674724,17.65781238444516,0.32775603387943864,94.6582696530333,0.09195402298850575
2013-01-04,0.20920910593566416,0.782704129355972,0.7922576645331402,17.640039213947073,0.32733611145646624,94.66415101745064,0.09310344827586207
2013-01-08,0.20922181853525687,0.7830154522071104,0.7926762957697099,17.640994764209605,0.3270778652545731,94.66960170794309,0.09540229885057472
2013-01-10,0.20919463426770762,0.7828831750411526,0.7925543879276216,17.64235712429937,0.32720969295591124,94.67199788765778,0.09540229885057472
2013-01-14,0.20916909665626984,0.7830991119381877,0.7930543154235102,17.635625538730807,0.32689544147427174,94.67001418774359,0.09770114942528736
2013-01-16,0.20896639348756524,0.7832139002272014,0.7929708625492421,17.641581167069067,0.32683713835544004,94.67529821172742,0.09540229885057472
2013-01-18,0.2089772697113252,0.7836685034163109,0.7932727528273443,17.619809807651553,0.32615360764520096,94.6748734571198,0.09885057471264368
2013-01-23,0.2088843742571472,0.7838748641294937,0.793352918678804,17.628094713215916,0.32607143009954676,94.68425314374107,0.09195402298850575
2013-01-25,0.20848516339730258,0.78361501427277,0.7935507192498206,17.643062474853235,0.3264861889888347,94.68167969914036,0.09195402298850575
2013-01-29,0.20812910015276564,0.7834846565393083,0.7931842274605104,17.64500451399078,0.3265823520174247,94.67958511320161,0.08620689655172414
2013-01-31,0.20815699168079835,0.783487721747666,0.7931687095317832,17.63600208922892,0.32648368090241864,94.6856933439008,0.08505747126436781
2013-02-04,0.20838920998170696,0.7833455556146842,0.7929400556802256,17.648075844840363,0.32676546800186584,94.67721442279344,0.08160919540229886
2013-02-06,0.20839922218088996,0.7828782725354204,0.7924217233286793,17.662715040043167,0.32740065839658467,94.68070185402163,0.08160919540229886
2013-02-08,0.20836976572238103,0.7827247086017859,0.7924055665259867,17.662827763698395,0.3275055454192591,94.68087507613834,0.08045977011494253
2013-02-12,0.2083374424015039,0.7829952073026211,0.7927193005964785,17.665304097535824,0.32729703733535015,94.67522683464672,0.08275862068965517
2013-02-14,0.2082695463768046,0.782255138729508,0.791942073582237,17.68232583759848,0.32818391075277975,94.67121550079881,0.08505747126436781
2013-02-19,0.20765087333502824,0.7814170329534151,0.7909293787130547,17.71291789718459,0.3291899685208569,94.66346712516685,0.09310344827586207
2013-02-21,0.20796563439376214,0.7820919314542565,0.7920972956397485,17.692273882811598,0.3283401233028536,94.66085574037379,0.10114942528735632
2013-02-25,0.20826627070555606,0.7825519135121732,0.7923675538575428,17.673030754717843,0.327736780111717,94.66280773279755,0.09540229885057472
2013-02-27,0.20816703905854056,0.7824216395901313,0.792225838649339,17.676039974579147,0.3278770092552481,94.65718339547547,0.09885057471264368
2013-03-01,0.20767807288974913,0.781632616794484,0.7913519579095547,17.69210692272394,0.3287838727091718,94.65334566230906,0.09770114942528736
2013-03-05,0.20753033695727463,0.7814830398122925,0.7912300231805743,17.702244988560285,0.32899729396193905,94.65985385051583,0.09540229885057472
2013-03-07,0.20711700495903265,0.7814676561396401,0.7909003911429373,17.71299569368667,0.3290912649964512,94.65729365783385,0.09425287356321839
2013-03-11,0.2070691721024642,0.7817275468560764,0.7914928767498832,17.712410497364125,0.32890127088024523,94.65924990400984,0.09770114942528736
2013-03-13,0.20670758001969822,0.7814471040278597,0.7918228937715661,17.721280770532694,0.32942891517073664,94.64733540935832,0.10344827586206896
2013-03-15,0.20660496159579506,0.7819743318778278,0.7924385451941209,17.717625836121723,0.32890171183202466,94.64448367482741,0.10229885057471265
2013-03-19,0.20623350479880798,0.7815741790018312,0.7920663029825514,17.7216177276102,0.3293334715456783,94.64764755856208,0.10459770114942529
2013-03-21,0.20626668313423754,0.7819899409536307,0.7926387665400657,17.711796071912467,0.32879649680412004,94.64772855053836,0.10804597701149425
2013-03-25,0.20627146586573716,0.7815136081207287,0.7922340107200724,17.72299023509466,0.3293100846477893,94.64120541966142,0.1103448275862069
2013-03-27,0.2061534419407058,0.7812153219655226,0.7918677950428502,17.72839490567796,0.3296224398548728,94.63851930864871,0.1103448275862069
2013-04-01,0.20622934312846938,0.7812797695465814,0.7919359815638957,17.720289416658453,0.3294602793695589,94.63658314954117,0.11379310344827587
2013-04-03,0.206389545266227,0.7809411966977392,0.7915266608811038,17.72143227811286,0.32963616967065545,94.63076060358408,0.11379310344827587
2013-04-05,0.20639796744348027,0.7806459081890506,0.7911695373542674,17.727026557660636,0.32990772239040184,94.62605833586743,0.11264367816091954
2013-04-09,0.2064185980574424,0.780898681452196,0.7912224355753712,17.723952997651775,0.3296417474823851,94.629614701532,0.11494252873563218
2013-04-11,0.2064999132067613,0.7812967610395322,0.7913170655826419,17.722472221928598,0.32919425409669084,94.63661998360915,0.11264367816091954
2013-04-15,0.2076476313103522,0.7828241969425442,0.7926487259891596,17.67870937213401,0.3274662435571893,94.64096881380779,0.12528735632183907
2013-04-17,0.20802037121397496,0.7832487941825945,0.7929772567037829,17.677438232200487,0.3270483763752129,94.65839271706555,0.12643678160919541
2013-04-19,0.20778522104326852,0.7816694345213357,0.7904294288859097,17.693816848954285,0.3286175757567292,94.6351081385883,0.12528735632183907
2013-04-23,0.20784391592346396,0.7817976493054944,0.7903173505057461,17.68950892844625,0.32844910843015984,94.63679465316267,0.12298850574712644
2013-04-25,0.20786174379332037,0.7796612491395442,0.7892137544648667,17.72745552071226,0.33069901412775715,94.61052649352794,0.11954022988505747
2013-04-29,0.207917901478444,0.7798902724663587,0.7895491558183984,17.724313275350546,0.33045016987668746,94.61417227275696,0.11839080459770115
2013-05-01,0.2079773392982994,0.7802807215060688,0.7898556100142913,17.714881982520183,0.32998101834015975,94.61371293898537,0.11379310344827587
2013-05-03,0.20825905928530444,0.7806047042307935,0.7905418768882988,17.705668040962795,0.32954764438872974,94.61425164649607,0.10919540229885058
2013-05-07,0.2081430059127617,0.7802670197771888,0.7902857648306956,17.709804076725295,0.32984938738355335,94.6145703194044,0.1103448275862069
2013-05-09,0.20800287030711848,0.7802349369694503,0.790154836921235,17.714235250187425,0.32996264460757435,94.61087571019567,0.10459770114942529
2013-05-13,0.20789310348157286,0.7800750218994499,0.7898542638178917,17.720976547675836,0.3301805381663916,94.61012806664225,0.10574712643678161
2013-05-15,0.20785167773775592,0.7801558616849614,0.7897387762861338,17.720126239704502,0.3299953235444357,94.61028660869094,0.10919540229885058
2013-05-17,0.20795474220704838,0.7802314118020434,0.7899164055862018,17.716694344307083,0.32990186544018346,94.60416393568867,0.10804597701149425
2013-05-21,0.20774447560597117,0.7794998533853955,0.789073362770727,17.722422615441108,0.33056729930068474,94.60603813722625,0.10919540229885058
2013-05-23,0.20778717700955454,0.7799339942738763,0.7893793677043508,17.719255065161313,0.3301674368186634,94.6058318856035,0.10689655172413794
2013-05-28,0.20772568990281376,0.779328881587973,0.7892215352262836,17.734076913636855,0.330871117444668,94.58871686563249,0.10689655172413794
2013-05-30,0.20711701188072396,0.7782501705174406,0.7880871410271089,17.776381907174255,0.33232830321441,94.58217096033923,0.11494252873563218
2013-06-03,0.2069854340788258,0.7778313702239567,0.7877631616540642,17.786100304861563,0.3327617943630739,94.57874592869675,0.11724137931034483
2013-06-05,0.20720193701797276,0.7782224071231144,0.7880543069541173,17.784058760290197,0.33241150987320767,94.58009781531217,0.12298850574712644
2013-06-07,0.2071005428732623,0.7776601527299486,0.7873765376424438,17.790257491759263,0.3329449130248094,94.57544191729555,0.11839080459770115
2013-06-11,0.20690002669501992,0.7777412285046972,0.7876007379020753,17.788161403243777,0.33283434669407197,94.54935118680514,0.1206896551724138
2013-06-13,0.20695552912836118,0.7773999445774151,0.7873216892627942,17.794396589255282,0.3332467576142633,94.55084899817697,0.12643678160919541
2013-06-17,0.2069695329211523,0.7775140536620536,0.7874470412966599,17.791071584287273,0.33314707610266103,94.55618273645051,0.12528735632183907
2013-06-19,0.20686362919566106,0.777632106466643,0.7871790216917617,17.79832706893692,0.3330240293337821,94.5675032995452,0.12413793103448276
2013-06-21,0.2076459952977662,0.7788135654356929,0.7877678912598594,17.770138569379196,0.3314256570482283,94.57689474192684,0.11839080459770115
2013-06-25,0.2076949563951902,0.7791217846240427,0.7880574496062773,17.758040681951623,0.33107965792032823,94.57763686391648,0.12988505747126436
2013-06-27,0.20765230621209088,0.7788215372767198,0.7873377247559361,17.75685826312169,0.3312380679448723,94.56978956352788,0.12183908045977011
2013-07-01,0.20748965532189778,0.778378911689173,0.7869814323355172,17.773987309731258,0.33185838956321606,94.56991232908584,0.12643678160919541
2013-07-03,0.20734997408825484,0.7782239125476401,0.7868632738097628,17.780500525431947,0.3320590352953209,94.56808609138696,0.12298850574712644
2013-07-08,0.20696766005924683,0.7770351796202304,0.7854099907810007,17.811930789249498,0.3334729021667724,94.55357983402043,0.12298850574712644
2013-07-10,0.20703972346967608,0.7771362413667665,0.7855724542415858,17.813487071535974,0.3334390733876358,94.55691482553588,0.11839080459770115
2013-07-12,0.20722237637282306,0.7774296226125408,0.7856292485886858,17.813650052443485,0.33318011713408685,94.56347955242481,0.11954022988505747
2013-07-16,0.20678494830910674,0.7767951338420983,0.7853467498995848,17.82548067585128,0.33393304237244287,94.56223624717995,0.11494252873563218
2013-07-18,0.2066501276786442,0.7768754734509972,0.78541456964977,17.821911184759497,0.3338702085457432,94.5621634048001,0.11494252873563218
2013-07-22,0.20660166522465387,0.7763834346663834,0.7850390269322273,17.85065604781796,0.3346725867324695,94.55695657958582,0.11724137931034483
2013-07-24,0.205984338340564,0.7752888041786682,0.7833118295481206,17.878954154169193,0.3359846427832748,94.54999315221792,0.11494252873563218
2013-07-26,0.20595995110700516,0.7751725246524734,0.7830042919734883,17.876684676040224,0.3361256615447278,94.54591274512545,0.11839080459770115
2013-07-30,0.20493696803651595,0.7740323249124542,0.781656929617821,17.911595611863156,0.3375908046097473,94.53953309848117,0.1206896551724138
2013-08-01,0.20128958010786338,0.7679471511915652,0.7757811599415311,18.058714832923098,0.34443242641253397,94.47886617501081,0.1103448275862069
2013-08-05,0.19478071114358309,0.757548926550482,0.7654770246344332,18.317800373561106,0.3570734485930522,94.22826723789277,0.10459770114942529
2013-08-07,0.18955525762162326,0.7501659442716136,0.7594586774500109,18.481184393084337,0.3659930757971523,94.14691593814317,0.05632183908045977
2013-08-09,0.18638644424957507,0.7442034985571017,0.7531077553000746,18.560047062875867,0.37251320816319994,94.13537394265235,0.047126436781609195
2013-08-13,0.18553453341952264,0.7427904568881282,0.7514428237582839,18.593323977050172,0.3741037136743107,94.14191684366727,0.04482758620689655
2013-08-15,0.18243688027808402,0.7375246571831782,0.7447324161285647,18.721759071697978,0.38053126324260794,94.06111821241171,0.0367816091954023
2013-08-19,0.1821956601349219,0.7374978818058452,0.7445190240256131,18.720769809539416,0.3805477652000309,94.01458062619523,0.034482758620689655
2013-08-21,0.18002730277155177,0.733564932621863,0.7414951341096294,18.79206360844559,0.3850338056852044,94.00587046272,0.03218390804597701
2013-08-23,0.17919090295659532,0.732009876656206,0.740559082765768,18.815108546612393,0.3869338799139143,93.95107445126087,0.035632183908045977
2013-08-27,0.1780015732806875,0.7296822875226953,0.7387754310271729,18.864990772855144,0.3895494541124005,93.96435596603808,0.040229885057471264
2013-08-29,0.1777129882681622,0.728922062374845,0.7376920855758121,18.883843714813043,0.39047258199871965,93.91750630822598,0.034482758620689655
2013-09-03,0.17665173073366694,0.726660797437699,0.7358243983179606,18.925897386740356,0.39305699808720584,93.87019356555264,0.04942528735632184
2013-09-05,0.17501692897317095,0.723877765329581,0.7325039472613747,18.996435847602736,0.39625748842771974,93.82062545103983,0.05172413793103448
2013-09-09,0.17414673851439183,0.7218550990907531,0.7319811101135255,19.027464413664486,0.39862381532859764,93.82658259410354,0.054022988505747126
2013-09-11,0.17369178281772563,0.7207318916506705,0.7315747011723839,19.054963548181718,0.40000978080782545,93.81192034424198,0.052873563218390804
2013-09-13,0.17339074083006845,0.7207484069732644,0.7316535061872782,19.044388504025104,0.3998884657462773,93.82066659153874,0.05747126436781609
2013-09-17,0.17322070532127493,0.7214789322541761,0.7317839316498679,19.04853851180941,0.3993177804923668,93.7661506036309,0.07011494252873564
2013-09-19,0.16973912486400997,0.7136948811858549,0.7233122577970853,19.214137015218622,0.407712938665283,93.70402528336125,0.06551724137931035
2013-09-23,0.168969869953196,0.713236136218818,0.7229158058524096,19.21830173727557,0.40816785643372633,93.67191279998276,0.06436781609195402
2013-09-25,0.16743097477348678,0.7098797417291207,0.7191987440491172,19.282770386440692,0.4115386337253781,93.62584274379277,0.067816091954023
2013-09-27,0.16623772406045495,0.7085015923054567,0.717706524786448,19.32142384622249,0.41326975242079445,93.48911111530477,0.10229885057471265
2013-10-01,0.16292844579385138,0.7027306056318876,0.7102594744940521,19.467595313977736,0.42001724695519843,93.42275905047218,0.12873563218390804
2013-10-03,0.16151422105313193,0.7011452350929526,0.7077056567434629,19.511036195408817,0.4218187240856647,93.42094303898963,0.12758620689655173
2013-10-07,0.15953209952106803,0.697424119852016,0.702969254915675,19.596282437991412,0.42620474198522945,93.36616132703693,0.11379310344827587
2013-10-09,0.1595670154862839,0.6978258351766713,0.7033706549652115,19.58664596631851,0.4257081308025405,93.37339894292381,0.11954022988505747
2013-10-11,0.15994152688279542,0.6992141868131222,0.7040989296572973,19.566742851358153,0.4240914759818008,93.36623589540616,0.12183908045977011
2013-10-15,0.1583692383261344,0.6975599747557691,0.7003238926260968,19.626377216433443,0.4262962902721682,93.35696443033719,0.12988505747126436
2013-10-17,0.1582336341414175,0.6976239154273695,0.6996293371448656,19.629319283210673,0.42610659347740015,93.35523036001628,0.1206896551724138
2013-10-21,0.15694332683360565,0.6961868014510131,0.6972681552896506,19.68313822897929,0.4282372955155185,93.32749189763553,0.09885057471264368
2013-10-23,0.15595590231600717,0.6937128745154431,0.6946027629975491,19.718195064185732,0.430718169418294,93.25571766587419,0.08045977011494253
2013-10-25,0.153519728300958,0.6896926175410403,0.6891317359318646,19.833739330998167,0.4353061069003198,93.19928369081055,0.06321839080459771
2013-10-29,0.15099704958971868,0.6831936577713558,0.6819432418657123,19.960748865414445,0.44210333348381203,93.10338634949267,0.0839080459770115
2013-10-31,0.14980705218914084,0.6806973953040648,0.6788191031051988,20.01298366689335,0.4447978102387931,93.08280681000613,0.08275862068965517
2013-11-04,0.1499014444920394,0.6810929075611708,0.6793777600009375,20.00159975474472,0.44445038854463753,93.07654309600659,0.07816091954022988
2013-11-06,0.14700326925888405,0.6718858708578401,0.6703384117324428,20.16602368042641,0.4542846829912784,92.895892932135,0.07586206896551724
2013-11-08,0.14690757317170536,0.6720894357261763,0.6706935008859688,20.160752027594945,0.45412567902190887,92.90119977471993,0.06206896551724138
2013-11-12,0.14674267715971373,0.6716346686352161,0.6704064020799372,20.159633262981203,0.45452817034072174,92.87661177622523,0.06206896551724138
2013-11-14,0.1458958245927551,0.6693994939607479,0.6673049021121223,20.20299770234101,0.4569996406267697,92.84527501101088,0.07011494252873564
2013-11-18,0.1453694405107207,0.6677936098602996,0.6659475847774212,20.22020608121418,0.45872733088011847,92.8156104634552,0.07816091954022988
2013-11-20,0.14433254502571471,0.6648559296367493,0.6625400146578865,20.27516015935005,0.4618889190368773,92.76242596113971,0.07816091954022988
2013-11-22,0.14239520677887993,0.6592348207094197,0.6561532732975494,20.37356770461089,0.46777490466352833,92.64739482130956,0.08850574712643679
2013-11-26,0.13812014821306834,0.6487464954285144,0.6427326145756042,20.596994925058578,0.47915250553522504,92.44249997067966,0.07816091954022988
2013-11-29,0.1381033270359551,0.6491347322849301,0.6429302751035954,20.582048074090658,0.47858653837475285,92.44004481168345,0.07701149425287357
2013-12-03,0.13794395526879738,0.6486316003078927,0.6421085417855433,20.597149962268794,0.47921551946104546,92.43887216774465,0.07931034482758621
2013-12-05,0.13684308189163225,0.6452446090921755,0.6376366641608955,20.657925675884332,0.48273751534503767,92.32893869320581,0.07586206896551724
2013-12-09,0.13581443407826715,0.6420206312577463,0.6330994402074586,20.705663810680996,0.48571170494874033,92.28589075122842,0.07816091954022988
2013-12-11,0.13534816723990012,0.6414341483439353,0.631850241143778,20.723630367496618,0.48631668474071404,92.28597743859895,0.07586206896551724
2013-12-13,0.13527455608206584,0.6413575718616079,0.6320042999594646,20.72585330499528,0.48640556997517165,92.26274847134331,0.07011494252873564
2013-12-17,0.13295024850522083,0.6347731621613801,0.6239033383792236,20.850191616090147,0.49350851122763834,92.17549827457928,0.07816091954022988
2013-12-19,0.13320732289480175,0.636909505957573,0.6245845458363347,20.81206712291719,0.49109840017038037,92.19874837966661,0.07126436781609195
2013-12-23,0.133210338622796,0.6365897030905775,0.6243474698837752,20.814544129688347,0.4914341311017697,92.16399777584941,0.07126436781609195
2013-12-26,0.1325984283285438,0.6346607528934882,0.6222459178148457,20.84912937590476,0.4935395434793909,92.15307496642042,0.0735632183908046
2013-12-30,0.13200039602061794,0.6349563896180308,0.6207815925632828,20.889303981942078,0.49410615886692083,92.17432131303045,0.0735632183908046
2014-01-02,0.13214494526541667,0.6360705666366867,0.621548689099043,20.86848028598495,0.4928096423857097,92.18488293567242,0.07126436781609195
2014-01-06,0.13216891885159676,0.6363874148100921,0.6219067520285602,20.859169963227146,0.49242221824990834,92.1881492903357,0.07241379310344828
2014-01-08,0.13189478594394843,0.6362432660616768,0.6210546156745508,20.872610651119135,0.4927511981792716,92.19033041818014,0.06436781609195402
2014-01-10,0.13176731680655857,0.6359542780786341,0.6208530089250436,20.891114095500193,0.4931440224137839,92.19459421558236,0.06436781609195402
2014-01-14,0.13195012846678084,0.637108363998704,0.6216934006103907,20.88650058625243,0.49207512197159087,92.22653876704696,0.06321839080459771
2014-01-16,0.1319568440453165,0.6371115061556571,0.6214763101678844,20.883270991617522,0.49207773509430014,92.22910789871699,0.06206896551724138
2014-01-21,0.13200720629420187,0.6377194507737678,0.6218707413492207,20.877695895974043,0.4915082698200548,92.2276548882296,0.06091954022988506
2014-01-23,0.13180757699313028,0.6373612132324246,0.6215595845307007,20.875938979901246,0.49160424171747547,92.24893136957937,0.06551724137931035
2014-01-27,0.13288690250284252,0.6408080085971954,0.6255012008297928,20.818444721002148,0.48794913731798784,92.31808560776939,0.05517241379310345
2014-01-29,0.1329775792680855,0.6406597445222226,0.6248896716127371,20.830513763974,0.4880685235105575,92.32006445095858,0.059770114942528735
2014-01-31,0.1327131637057906,0.6393150756579786,0.6238229820767741,20.87909760223153,0.48968879238332,92.2856515335246,0.059770114942528735
2014-02-04,0.13422531518607053,0.6445365001754715,0.6286079360108298,20.811430803777494,0.4843149230466856,92.39803114075721,0.06091954022988506
2014-02-06,0.13461758220975437,0.6462995784691276,0.6300715922869431,20.776590608293578,0.482483284830493,92.42096926733238,0.05862068965517241
2014-02-10,0.13461266863709365,0.6460187328460196,0.6293988470693929,20.800266458335514,0.48293727966197686,92.43012736833975,0.05632183908045977
2014-02-12,0.13478294300689522,0.6467505520340977,0.6303540851097807,20.794027225156597,0.4822679249457109,92.41948795390678,0.06091954022988506
2014-02-14,0.1346265640146846,0.6461844094537346,0.6299037121218231,20.806806195748074,0.48283857058033597,92.4240034450731,0.06436781609195402
2014-02-19,0.1346744916752982,0.6466054139646834,0.6299849233941476,20.802617499985065,0.482422046967013,92.42742529177495,0.05862068965517241
2014-02-21,0.13475924884622936,0.6471987824926693,0.6305864797590984,20.790329376201505,0.4817420960767085,92.43975747239564,0.06091954022988506
2014-02-25,0.13480607157543004,0.6467883436832162,0.6302180328032763,20.803329346749447,0.48227243397203934,92.43580043944887,0.05862068965517241
2014-02-27,0.13478084935182733,0.6466044511355219,0.6298977003081727,20.809883359891447,0.482602350547106,92.4284676425261,0.06091954022988506
2014-03-03,0.13471083800793449,0.6467213857049794,0.6298675370194305,20.833105061194164,0.4826678868113139,92.3878318601125,0.059770114942528735
2014-03-05,0.13441690904049225,0.6459236157024714,0.6282455347861946,20.86055461067389,0.4836908020204278,92.40161485755434,0.06321839080459771
2014-03-07,0.1341099765565559,0.6447781019815683,0.6268629893755895,20.87472333416889,0.4848900645323516,92.39601493830689,0.06666666666666667
2014-03-11,0.1335965267243126,0.6433635757307996,0.6253658744107417,20.901756328930723,0.4865291319269508,92.36516850445149,0.06206896551724138
2014-03-13,0.13367375685900346,0.6440842846066795,0.626226539091215,20.888698194849333,0.4854951342379827,92.38133160319832,0.059770114942528735
2014-03-17,0.1337823908233067,0.6448107957173236,0.6274429997317248,20.881919855981472,0.4847524046462461,92.38721974646832,0.059770114942528735
2014-03-19,0.13390440387679553,0.6454141562703134,0.6277243890381918,20.878617864040823,0.48417124947495666,92.40544349570119,0.059770114942528735
2014-03-21,0.13373696869003712,0.644860534685044,0.6265863404719325,20.901664273097886,0.48497381352363383,92.37963584484915,0.059770114942528735
2014-03-25,0.13349968275318103,0.6436915774080423,0.6256540553635456,20.920216443327075,0.4862818452422336,92.36622666841367,0.06206896551724138
2014-03-27,0.13353984160242205,0.6436309355991302,0.6259459474915287,20.91942221203565,0.4861633308361507,92.3732429730349,0.059770114942528735
2014-03-31,0.13366566572759053,0.6438133280249411,0.626025565942007,20.922175659341335,0.48603583980838994,92.37655600213004,0.05862068965517241
2014-04-02,0.13357363882143802,0.6432033036051664,0.625386340879654,20.933432406994832,0.4866597803290701,92.36959733435975,0.05862068965517241
2014-04-04,0.1335458214906029,0.6427578826565943,0.624757897499045,20.930160111536015,0.48683176073249895,92.31606344915845,0.06666666666666667
2014-04-08,0.13301956557138492,0.6403394009463449,0.6233355531935689,20.959252447744554,0.4893582725701987,92.29440427380365,0.05747126436781609
2014-04-10,0.13311600940533022,0.6412390863408013,0.6233526208966264,20.97582815603733,0.4885521732693267,92.3255015619548,0.054022988505747126
2014-04-14,0.1330273632904147,0.6416393070334345,0.623506066200152,20.97304236331731,0.4881954083290767,92.32464751088312,0.04482758620689655
2014-04-16,0.13325353543977725,0.6423645611205203,0.6245929680488639,20.963423166380952,0.48739622348511463,92.35156245565366,0.04482758620689655
2014-04-21,0.1329893652169224,0.6417838098458406,0.6247180791555047,20.984238676966452,0.48818050340848623,92.34077038643876,0.052873563218390804
2014-04-23,0.1327068100618803,0.6418810622928692,0.6241854061492699,20.96555892256247,0.4877836624010191,92.32209335115913,0.05172413793103448
2014-04-25,0.1327346534737631,0.6420220127383599,0.6248617773307238,20.952247945986144,0.487340765460296,92.33307489068645,0.05057471264367816
2014-04-29,0.13272417970211747,0.6410744671915953,0.6242784831968832,20.94895914521012,0.48791640081353355,92.3234005539561,0.054022988505747126
2014-05-01,0.13258588576164498,0.6414195420347919,0.6247744398302979,20.960445145725476,0.48780510477726907,92.29562724721927,0.054022988505747126
2014-05-05,0.13219917008514073,0.6399109959318326,0.6234520884328969,20.983108368285116,0.4893768682868011,92.28518919433603,0.05747126436781609
2014-05-07,0.1322833541697517,0.6400497264013555,0.6241554086789592,20.980756984089975,0.48910302655234084,92.29910291727816,0.05747126436781609
2014-05-09,0.13229409754029078,0.6399393697855609,0.6242452897060576,20.987872389675093,0.4893661792724982,92.26234611216108,0.059770114942528735
2014-05-13,0.13223607359264705,0.6394776404336311,0.6248189199339561,21.01086913812099,0.4898587764650733,92.26917892197518,0.054022988505747126
2014-05-15,0.1317056058396907,0.6386134647221781,0.6234289617197268,21.02924818899369,0.49092654101399597,92.23305241767429,0.05862068965517241
2014-05-19,0.1309391975964416,0.6367644003935579,0.6208749799491945,21.069147089477045,0.49279799947799513,92.21766266607345,0.06206896551724138
2014-05-21,0.13117895419006806,0.6381575147597598,0.6224989927429514,21.063728234643115,0.49154665666938185,92.24834383879178,0.06551724137931035
2014-05-23,0.1312501546025755,0.6385711861823302,0.6230258604280696,21.05672227052091,0.4911529093756765,92.22580778030193,0.06666666666666667
2014-05-28,0.13038883562023235,0.6360208020811695,0.6195181951214855,21.1126304573972,0.4938954492428883,92.19084772161295,0.06091954022988506
2014-05-30,0.12906730243404008,0.6322739983462741,0.6164573445603675,21.17267453935016,0.4981521224697549,92.11235859389666,0.06666666666666667
2014-06-03,0.12898270745491416,0.6330147260917147,0.6170166157750663,21.16959056155098,0.4974358490891289,92.06025158559736,0.06321839080459771
2014-06-05,0.12815162210132175,0.6306198113976966,0.6145291803679414,21.20556235429004,0.5001343593267153,92.07324574821345,0.06896551724137931
2014-06-09,0.1275617020394443,0.6290506221724729,0.6122474912749644,21.241136613694003,0.5018802023320993,92.00605816319232,0.07471264367816093
2014-06-11,0.12710968019785107,0.6281529501526238,0.6109088541701385,21.26266994788875,0.5030207258169028,91.98456409637382,0.06666666666666667
2014-06-13,0.12691835787150718,0.6280144642599905,0.6108389986566619,21.258585265497135,0.5030907289671446,91.98864308049288,0.06896551724137931
2014-06-17,0.12661803233663035,0.6277032312143555,0.6098761422145362,21.27082414996392,0.5034685385963481,91.9773267801901,0.06321839080459771
2014-06-19,0.1255711498330726,0.6240204496093705,0.6051491406007771,21.33388033178514,0.5070839721477242,91.88398328100195,0.05172413793103448
2014-06-23,0.12494834324952041,0.621799491656263,0.602372388125471,21.37873022242819,0.509488683458948,91.83861521056575,0.04942528735632184
2014-06-25,0.12490886733615023,0.6222212103901977,0.6031209768365912,21.376538877338042,0.5090003866736869,91.86137788836267,0.047126436781609195
2014-06-27,0.12361033328002953,0.6194859921942786,0.6000529599254563,21.41144697733168,0.5116990307498483,91.780357015896,0.052873563218390804
2014-07-01,0.12345068329985044,0.6199534092471461,0.5999830022087544,21.411471229862393,0.5112253838758647,91.78404506187105,0.05057471264367816
2014-07-03,0.12334269118516904,0.6199891626471411,0.5995758370067927,21.418930161473018,0.511323085875406,91.75878978098336,0.05632183908045977
2014-07-08,0.12328905951462188,0.6202502008490177,0.599834079103918,21.42664394985233,0.5110510897821909,91.767133486222,0.059770114942528735
2014-07-10,0.12338586758944467,0.6215634773008539,0.6010532744784509,21.399014429110952,0.509579920086123,91.75396044877418,0.054022988505747126
2014-07-14,0.12280158699625984,0.6195665265689362,0.5990994661039657,21.426845731044587,0.5115763251493517,91.74487507137293,0.05172413793103448
2014-07-16,0.12262873484791391,0.6194999116020397,0.5986400042490779,21.425779031355784,0.5115726738857926,91.74096540989258,0.05057471264367816
2014-07-18,0.12282736518545033,0.621519546066049,0.6004954310171537,21.391709604396066,0.5095331320078911,91.72871362158226,0.059770114942528735
2014-07-22,0.12222872766088982,0.6193660128661124,0.5989095010818699,21.439322069238077,0.511535880360941,91.67600976219464,0.06436781609195402
2014-07-24,0.12164534931348576,0.6178324458184209,0.5982240283872063,21.476510807562317,0.5132342982888816,91.53036089992945,0.06091954022988506
2014-07-28,0.12081695071470715,0.6158649944842574,0.5959909737898853,21.517819801095538,0.5150814007684438,91.55443837873021,0.06091954022988506
2014-07-30,0.12069914108062234,0.6155192087387275,0.5957928967710007,21.51599559042291,0.5152195476183511,91.53145399970556,0.05517241379310345
2014-08-01,0.12028344549105656,0.6146641200392962,0.5946256744760675,21.52617370070841,0.5155849779281633,91.54975726945348,0.04482758620689655
2014-08-05,0.1202904518837633,0.6155797889697914,0.5949948245467739,21.533958665578997,0.5150665113182872,91.56504047587062,0.04942528735632184
2014-08-07,0.12032920348776509,0.6150283854976453,0.5958922177169067,21.567145520888065,0.5158007376626209,91.55721761086825,0.047126436781609195
2014-08-11,0.12067046781379434,0.6162066418268767,0.5969475212117403,21.553783594572767,0.5146388229284464,91.57561384956564,0.04597701149425287
2014-08-13,0.12075904531918084,0.6165708831236769,0.5972900458057419,21.551863465276853,0.5144126114975305,91.5747382384098,0.047126436781609195
2014-08-15,0.12056467324718288,0.6162233081696235,0.5967011089804896,21.563365056254284,0.5147872593761232,91.5756385859065,0.04252873563218391
2014-08-19,0.12081209311323089,0.616937657968804,0.5982713505054014,21.560904578456814,0.5141664817264523,91.59175330805503,0.040229885057471264
2014-08-21,0.12063584958046249,0.6162811035285983,0.597841488698696,21.569683433110153,0.5147219293861064,91.54940327442783,0.040229885057471264
2014-08-25,0.12060311629804585,0.6162038548530409,0.5976301294512434,21.574850632130364,0.5148422000598194,91.54765389985575,0.03908045977011494
2014-08-27,0.12060105770680443,0.6162832669525063,0.5977105283238808,21.57407068080199,0.5147649012989095,91.52656458235707,0.03793103448275862
2014-08-29,0.12041907009439981,0.6157601547037744,0.5971620832921947,21.583647910797097,0.5153204105310064,91.55063919399005,0.03793103448275862
2014-09-03,0.1204117358466357,0.6158626773538692,0.5974884479288137,21.586462381216755,0.5152332793575326,91.46437138470478,0.040229885057471264
2014-09-05,0.11928953471281532,0.6136479568874367,0.5960515624059309,21.68209557480123,0.5183804009537855,91.48316059002516,0.0367816091954023
2014-09-09,0.11936989671102163,0.6143726833046317,0.5965969540069241,21.674371732510973,0.5177189732688378,91.52135340526343,0.0367816091954023
2014-09-11,0.11877740468287717,0.6130668326240594,0.5954254977639117,21.70210867599914,0.519000655642561,91.49256344668427,0.03793103448275862
2014-09-15,0.11866596739756506,0.6141254213218258,0.5956077147885942,21.70221180883916,0.5182394054207441,91.49864061063336,0.03908045977011494
2014-09-17,0.118718825465888,0.6142781761146566,0.5955412624116705,21.708377740667604,0.5181894025943754,91.51629524525177,0.041379310344827586
2014-09-19,0.11873170432870898,0.6147703748451976,0.5955314934207726,21.68668197873462,0.5173977308120715,91.5148723414392,0.041379310344827586
2014-09-23,0.11871240353054931,0.6151092543498109,0.5956481518426028,21.677896403683167,0.516788539286666,91.51632650977075,0.041379310344827586
2014-09-25,0.11905895153914288,0.6166591833825619,0.5969145693059064,21.65709426925505,0.5151028418619332,91.54570591274646,0.047126436781609195
2014-09-29,0.11917517196463354,0.6163803845613616,0.5965319957664704,21.661029794484072,0.5153353308268641,91.54298216595457,0.05517241379310345
2014-10-01,0.11965625897879296,0.6182099676929286,0.5987482384950358,21.627045306535052,0.5133357410312003,91.58833899598265,0.05172413793103448
2014-10-03,0.11963457442395144,0.6177557798891307,0.5978259457702907,21.630684950810338,0.5134193784576436,91.56883069859555,0.05632183908045977
2014-10-07,0.12004553988216295,0.6196131012012148,0.6018189987299346,21.619925425561174,0.5118255620176092,91.64509174683361,0.05632183908045977
2014-10-09,0.12164317029739061,0.6262300052895171,0.6109087690954053,21.544215288285294,0.5053093422140377,91.8332749245366,0.06666666666666667
2014-10-13,0.12233490216287407,0.6275476159707204,0.6133069298672421,21.517960626546074,0.503427328966078,91.86980196338354,0.059770114942528735
2014-10-15,0.12202582928872056,0.6258396858792156,0.6115222073875032,21.549466673701467,0.5050836742400607,91.86942416451389,0.05747126436781609
2014-10-17,0.12169205869899634,0.6241276601376775,0.6095635696633422,21.55414208507235,0.5064880818072366,91.80413565864409,0.07701149425287357
2014-10-21,0.12232208071480788,0.6256064689473693,0.6130610327489004,21.55129771600953,0.5048637024734972,91.82745928095241,0.06091954022988506
2014-10-23,0.12269189450000342,0.62637743286821,0.6149652463996159,21.514644450141894,0.5033806255534301,91.85401632857074,0.05862068965517241
2014-10-27,0.12272264530395348,0.6271218294844763,0.616024681283839,21.494236798468414,0.5023220016409984,91.8677250239508,0.047126436781609195
2014-10-29,0.12243594688815851,0.6271467458532605,0.6150837074684798,21.501026550992318,0.502420927648846,91.90110232932278,0.047126436781609195
2014-10-31,0.12259026285965771,0.6277416256721523,0.6157659517624839,21.488072120930557,0.5016716158145689,91.80222737975308,0.035632183908045977
2014-11-04,0.1212333123097772,0.622038265858194,0.6108251168428793,21.59316950740091,0.5073525931597033,91.7528152220973,0.04367816091954023
2014-11-06,0.12137721397033288,0.6215455973747191,0.6100591037571499,21.594017040969288,0.5077446468987258,91.740803516296,0.040229885057471264
2014-11-10,0.12077738460490016,0.6182997593928427,0.6055367072461246,21.621932285486054,0.5106682653544014,91.63934832432783,0.04482758620689655
2014-11-12,0.12066385281765196,0.6180625785479057,0.6053579774815799,21.618121192196153,0.5107177359186489,91.54997986720528,0.05172413793103448
2014-11-14,0.11979809730041614,0.6144089274441317,0.6017934300351934,21.659048370097874,0.5139938874870729,91.52515935470439,0.05632183908045977
2014-11-18,0.1194944741048722,0.6128730228724064,0.6005104921505606,21.681527167885445,0.5154977156095835,91.4802687593539,0.05862068965517241
2014-11-20,0.11952235292530002,0.6123863763440565,0.600147337881939,21.673571126902928,0.5156707961821252,91.44756043833772,0.05632183908045977
2014-11-24,0.11939746129629379,0.6115513565461057,0.5991960243197385,21.675673314407874,0.5162989533101042,91.42862330017803,0.06321839080459771
2014-11-26,0.1193396262471103,0.6112591261171824,0.5987093662077733,21.679040071127723,0.5166122045102485,91.40637597346291,0.06436781609195402
2014-12-01,0.11970100638173421,0.6091210054899217,0.5983185519355725,21.660291626617447,0.5176164324544976,91.37650032599905,0.07011494252873564
2014-12-03,0.1197750133141298,0.6087480237241106,0.5984143590897846,21.654438761406002,0.5176309730293437,91.36044368190007,0.07816091954022988
2014-12-05,0.11973410143480416,0.6089174458364706,0.5985677697053835,21.657674336980726,0.5175884480258568,91.37102987957937,0.0735632183908046
2014-12-09,0.12006076695740359,0.6087862899241623,0.5987988201537154,21.62958899020221,0.5174069570167765,91.36733175815083,0.07816091954022988
2014-12-11,0.12075621391547507,0.6117847115030074,0.602487209510614,21.577088850798866,0.5145486670595284,91.47000997962859,0.06551724137931035
2014-12-15,0.12110157809376382,0.6138691657813935,0.6041332734157979,21.55862056206842,0.5129233656901995,91.52617500855202,0.06206896551724138
2014-12-17,0.1220467422359154,0.616529662493304,0.6067230519783922,21.521718288917214,0.5104747417707081,91.58453404063735,0.07586206896551724
2014-12-19,0.12294185625733806,0.6189566996822402,0.6090484384882207,21.49236853068017,0.5080768367351299,91.6248737711736,0.059770114942528735
2014-12-23,0.12280356918591565,0.6166685942811428,0.6068293824653341,21.52583406124167,0.5103639683791136,91.50268985183989,0.05747126436781609
2014-12-26,0.12095730929877688,0.6108259411713479,0.6023018601614624,21.612099062769005,0.5164250936198407,91.42361116739812,0.05862068965517241
2014-12-30,0.12091156574290143,0.6109610489586251,0.6024753414460179,21.614162436699395,0.5162116828430139,91.41442358980622,0.05517241379310345
2015-01-02,0.12101797342213252,0.6113605489857694,0.6025070428914646,21.603288783922693,0.5156009250225264,91.44007890934056,0.05057471264367816
2015-01-06,0.12206191370611871,0.614702781881749,0.6067858398742773,21.53029539979771,0.5120812561999952,91.54231750400825,0.047126436781609195
2015-01-08,0.12303409065133114,0.6176994197765947,0.6095930728828569,21.502297220826502,0.5091740451739495,91.61201427708312,0.04827586206896552
2015-01-12,0.12320562584882222,0.6180890041192737,0.6099728821743673,21.497534090737428,0.5087328469566799,91.62455623613958,0.047126436781609195
2015-01-14,0.12312554513828547,0.6167689809117368,0.6082503254792745,21.506546032996557,0.5099914979183102,91.58922484710395,0.04942528735632184
2015-01-16,0.12358218372888535,0.6179464019108313,0.6094969603570622,21.483685364366384,0.5087350976209165,91.64342434396835,0.05172413793103448
2015-01-21,0.12358785573024549,0.6186626579086502,0.6100931522860149,21.458297390764052,0.507841549710189,91.63450806020924,0.04827586206896552
2015-01-23,0.12410704100251514,0.6195263320999628,0.6113344293306877,21.460699237477044,0.5070881511406472,91.6356893414072,0.05747126436781609
2015-01-27,0.12434219619421225,0.6200392604430021,0.6120215528923693,21.473314687819858,0.5068054183536718,91.63322216323613,0.05862068965517241
2015-01-29,0.12438644413600693,0.6209160710145657,0.6127470393221645,21.460118292942347,0.5058743069069639,91.71443427960273,0.04597701149425287
2015-02-02,0.12503024143942126,0.6234447117346185,0.6145284338246583,21.40586622024962,0.5028696827709492,91.78202377468962,0.05057471264367816
2015-02-04,0.12581351424072046,0.6249357459765538,0.6164670749624699,21.378232186872687,0.5017659526538947,91.81853477255827,0.052873563218390804
2015-02-06,0.12604381324920305,0.6246941061201532,0.6163258943548824,21.38877633417445,0.5020636226811158,91.80986291011723,0.054022988505747126
2015-02-10,0.1261978422541367,0.625342581567042,0.6164894889525965,21.373813243833617,0.5010109703005468,91.82880998555218,0.054022988505747126
2015-02-12,0.12634615030146334,0.6258069845237414,0.6174520991443885,21.363347509834675,0.5005075716012062,91.78786789528279,0.054022988505747126
2015-02-17,0.1257338494598808,0.6241277399639326,0.6146771199016898,21.404208159585124,0.5023030501772329,91.77298092711891,0.05632183908045977
2015-02-19,0.12483348236751218,0.6207144846972279,0.6109119913718648,21.468246423342748,0.5058687177902249,91.67062440160056,0.05632183908045977
2015-02-23,0.12444736525294528,0.6194012768701465,0.6090985407444529,21.48955637352773,0.5072854505434666,91.66003419265648,0.05057471264367816
2015-02-25,0.12447841739996524,0.6188530546907972,0.6087166744719823,21.5165077654895,0.5081716438832041,91.65272279957559,0.05172413793103448
2015-02-27,0.12427651978390758,0.6182043043367805,0.607370719586496,21.51528946275783,0.5088385841581219,91.62433127486797,0.052873563218390804
2015-03-03,0.1243202589186492,0.6181334300502705,0.6072911308326119,21.51519364142507,0.5086653016744335,91.59908058674469,0.05747126436781609
2015-03-05,0.12430056226421494,0.61817846603351,0.6068850213495691,21.511252100904432,0.5087191761186585,91.60458593267907,0.05517241379310345
2015-03-09,0.12478821914267375,0.6201146606869717,0.608109277092936,21.48192808207157,0.5068107731015663,91.65111784762888,0.05517241379310345
2015-03-11,0.12526551270641081,0.6218881287419361,0.6097954071376455,21.448293749404865,0.5048353635786035,91.7029740920079,0.04827586206896552
2015-03-13,0.12562077458446103,0.6227277976543657,0.6094307885527714,21.430722876728574,0.503862415868821,91.7114863068093,0.054022988505747126
2015-03-17,0.1255298677192005,0.6221320668946009,0.6084432864388559,21.44398504360138,0.5044757152143886,91.71419533337286,0.052873563218390804
2015-03-19,0.1258619408081727,0.6230364473267612,0.6094171194886795,21.416423042010035,0.5035129553557305,91.7311832558606,0.04827586206896552
2015-03-23,0.12594296920431872,0.6229729107615841,0.6094217285603025,21.413875440170827,0.5036421853938697,91.74261952693277,0.04367816091954023
2015-03-25,0.12607980865784962,0.6226158083961626,0.6088799863482017,21.436021208523805,0.5040402715736862,91.75835791074705,0.040229885057471264
2015-03-27,0.12584933216191482,0.6225724994547238,0.6076721262942378,21.432443489509474,0.5042854713906781,91.75314752717595,0.03908045977011494
2015-03-31,0.12624338067716645,0.6243872144217404,0.6098577526814597,21.40573908363821,0.5025823690470114,91.7976198568242,0.03908045977011494
2015-04-02,0.12617342254215017,0.6238072329851986,0.6095561425562259,21.42263620968901,0.5033430254723601,91.7716910663664,0.04252873563218391
2015-04-07,0.12597325480593083,0.6232770487918465,0.6087188065089459,21.424673804367313,0.5039440471616436,91.79223784928703,0.04597701149425287
2015-04-09,0.12404085943268844,0.6169515075287054,0.6008914946355465,21.545934222898012,0.5101395899229508,91.5868983859794,0.041379310344827586
2015-04-13,0.12315551189938667,0.6134591659355703,0.5976118408638416,21.616210116047146,0.5139382455784369,91.55954735307215,0.03908045977011494
2015-04-15,0.12310671352286184,0.6139905927166261,0.5996070495732141,21.59498310521394,0.5133985793020354,91.54232962520713,0.0367816091954023
2015-04-17,0.12306752168139233,0.6134112107647357,0.5992415513247028,21.602393142220723,0.5138183736574651,91.58783627482083,0.03793103448275862
2015-04-21,0.1230825906454685,0.6164863644800744,0.6007117005996754,21.55660400519137,0.5109680336231799,91.58044408552435,0.040229885057471264
2015-04-23,0.12298076117832403,0.6158775229514815,0.6001346395306262,21.569164752141738,0.5115915749260557,91.5718743709633,0.0367816091954023
2015-04-27,0.12268441702514617,0.6139318554516409,0.597709659934817,21.601409927914638,0.5137109807346851,91.5143926895912,0.0367816091954023
2015-04-29,0.12208807388438878,0.6119228598123289,0.5933405487903289,21.630219361069475,0.5158651259168165,91.46962700452004,0.03333333333333333
2015-05-01,0.1223471919383521,0.6126121862885648,0.5932044393320629,21.618638675745395,0.5150852470738848,91.48917819384651,0.03218390804597701
2015-05-05,0.12250339355299499,0.6136263862663455,0.5942010375529316,21.61499600002553,0.5141537261226523,91.50971202837745,0.027586206896551724
2015-05-07,0.12244057701595486,0.6133999485834507,0.5938832296299562,21.61716981793021,0.5143298918337078,91.48431734552804,0.028735632183908046
2015-05-11,0.12250752600881291,0.6139092258336107,0.5944874596021377,21.6119639159954,0.5140920200065503,91.5043621009072,0.03103448275862069
2015-05-13,0.12220288915733528,0.6128864462788651,0.5928590463476063,21.630978376840115,0.5153315515275071,91.49737506425939,0.027586206896551724
2015-05-15,0.12243243135378784,0.6141039135398458,0.5944112534994169,21.63431450354948,0.5144695404553331,91.5197817395344,0.022988505747126436
2015-05-19,0.12222344501444872,0.6127716506266595,0.5926288163567462,21.645146519410726,0.5156840783703621,91.51706825908323,0.02413793103448276
2015-05-21,0.12209497291207355,0.6128052395648312,0.5921266644301074,21.644445016203647,0.5158046767155594,91.51048600372769,0.020689655172413793
2015-05-26,0.12220102397934303,0.614199561876618,0.5933537199083286,21.609187319211962,0.5144138270244318,91.52571472275832,0.021839080459770115
2015-05-28,0.12195418071390572,0.6133712909712483,0.5925140724189961,21.61305597735116,0.5151336536385221,91.53032675658345,0.02413793103448276
2015-06-01,0.12159479985920439,0.612206907955523,0.5910552658764479,21.62471293685682,0.5162854392913596,91.49599106335248,0.022988505747126436
2015-06-03,0.12120340974411557,0.6105979109012115,0.5896035766022067,21.627819646604603,0.5177102586784816,91.46533792799671,0.02528735632183908
2015-06-05,0.12107519829263123,0.6094934668545918,0.5882751289438857,21.642352640626058,0.5185723299943781,91.41681741444084,0.02413793103448276
2015-06-09,0.12040110108798828,0.6078559883566023,0.5862573816141263,21.660826978206487,0.5200723769758672,91.36528076423468,0.02528735632183908
2015-06-11,0.12044498991987991,0.6079336836922734,0.5854034066899082,21.64957984470719,0.5198191995340415,91.36251818677695,0.026436781609195402
2015-06-15,0.12010165249154557,0.6066826573807941,0.584222211367824,21.662919155234565,0.5212359498913192,91.17694058331988,0.021839080459770115
2015-06-17,0.11861832601415337,0.6011309816624364,0.5792484789103868,21.73766645416901,0.5268015558688164,91.13032340997727,0.021839080459770115
2015-06-19,0.11811473128107253,0.5996850398084096,0.5765369098662053,21.77016540716338,0.5280625981693987,91.12299692629509,0.020689655172413793
2015-06-23,0.11787636904146638,0.5992699953870477,0.5768258774703229,21.78543576521076,0.5287168281911235,91.11131195714839,0.020689655172413793
2015-06-25,0.11786365326087586,0.599854666489298,0.5770748019436049,21.768730899600875,0.5281207627058716,91.11968325817887,0.026436781609195402
2015-06-29,0.11870700086852491,0.6033320783788082,0.5800160245610432,21.713862621264603,0.5242409046874154,91.18078078877066,0.027586206896551724
2015-07-01,0.11851645177948913,0.602808633055664,0.5783210867895949,21.705770748587604,0.5245237180456346,91.11152653351164,0.034482758620689655
2015-07-06,0.1183388898443786,0.6021943520592766,0.5772537717971757,21.70032361391026,0.524862389173134,91.02225372087106,0.040229885057471264
2015-07-08,0.11858854368276883,0.6029163802003674,0.5778620237266461,21.680569640759213,0.5234836970497533,91.09006751667265,0.03908045977011494
2015-07-10,0.11878378760420115,0.6035564677817951,0.5781570679887443,21.665255630092496,0.5226284746480905,91.11887961089822,0.03333333333333333
2015-07-14,0.11899063798467498,0.6048358920907047,0.5794545568711921,21.64006445345425,0.5211413974634238,91.16711787221696,0.029885057471264367
2015-07-16,0.11916025160429954,0.6051455555450984,0.5786542123664205,21.602968633207865,0.5204559035229273,91.17498085401071,0.034482758620689655
2015-07-20,0.11910574840199768,0.6050218147052333,0.5783661570541495,21.59903828116686,0.5205040508518207,91.1104071926245,0.027586206896551724
2015-07-22,0.11908721086665844,0.6041015427164395,0.5767831160109874,21.593686077461598,0.5209949157340038,91.07337290162651,0.028735632183908046
2015-07-24,0.11943443427420743,0.605147815513302,0.5780367202033639,21.58042762371041,0.5200544240036292,91.11893730692518,0.028735632183908046
2015-07-28,0.11964934844118448,0.6055731092106015,0.578951246569935,21.568239663553435,0.5198795450213358,91.16245133539837,0.03218390804597701
2015-07-30,0.1197594537028287,0.6049113564719909,0.5775209217563219,21.583617232642837,0.5207410753077933,91.110717941558,0.034482758620689655
2015-08-03,0.11973320963876302,0.6036062229639393,0.5750574247196198,21.582705412563293,0.5220226919085508,91.06397309425469,0.029885057471264367
2015-08-05,0.11955130752944516,0.6017708536642308,0.574320146549396,21.649956418125637,0.5244991275322431,91.03231419895602,0.034482758620689655
2015-08-07,0.11971268594764706,0.6008423231605681,0.5719521786900413,21.635089620593348,0.5248934942198761,90.99517031293345,0.035632183908045977
2015-08-11,0.12016909367387262,0.6008451016910209,0.5745877226104331,21.61538368377619,0.5251481928441653,91.04027495679598,0.03333333333333333
2015-08-13,0.12007424333636241,0.5993350465071867,0.5702821947235821,21.59089299160781,0.5262185569853841,91.00287265017734,0.03908045977011494
2015-08-17,0.1199766738862183,0.5990567118867169,0.5701089693312977,21.605418816180062,0.5265827092473383,90.94879780853908,0.03908045977011494
2015-08-19,0.11978869060474771,0.598672713093183,0.5691175019254735,21.620151188065684,0.526969200061208,90.9604897100609,0.03908045977011494
2015-08-21,0.12126482833534202,0.6039262738205793,0.5710897755493471,21.538530312680496,0.52082571659445,91.09569504902295,0.03333333333333333
2015-08-25,0.12464497976894205,0.6168602281936583,0.5822966431762611,21.36874720061119,0.5084390806781335,91.42799541189278,0.028735632183908046
2015-08-27,0.12830196005361716,0.6265729827467397,0.5875273238815253,21.099596544789318,0.4980319130995647,91.747077680314,0.06206896551724138
2015-08-31,0.12825457947691368,0.6255946316971814,0.5846145840414992,21.074889489443944,0.49849704409124246,91.71798822214947,0.054022988505747126
2015-09-02,0.1301373737125503,0.6321201864193364,0.590852872484496,20.97798909170117,0.49220082990427544,91.88816875094287,0.054022988505747126
2015-09-04,0.13042111252707506,0.6338682063108515,0.5923317513921196,20.94749429376896,0.49050717477436434,91.9451668555826,0.054022988505747126
2015-09-09,0.13165315517981319,0.6377259572371151,0.5953294327851033,20.894007462770297,0.4863276314281993,92.05507136730684,0.041379310344827586
2015-09-11,0.13151282774543313,0.6370303254741284,0.5936190607539045,20.891237227548586,0.4868705747379149,92.00105043065975,0.041379310344827586
2015-09-15,0.13147663172746696,0.6373832582886988,0.5939344704313523,20.89092624201226,0.4864026670634526,92.01399748806266,0.03793103448275862
2015-09-17,0.13164682711558212,0.6373407731961698,0.5937245956209031,20.88488583854681,0.48662152614924803,92.04857837337022,0.041379310344827586
2015-09-21,0.13227330452362626,0.6389931311498273,0.5958737086201996,20.864669367836182,0.48505930310917694,92.09745258582697,0.04367816091954023
2015-09-23,0.13289909989461918,0.6402885985861098,0.5970028627334755,20.819085402252675,0.4838327240408761,92.15280112744499,0.03908045977011494
2015-09-25,0.13273759796832232,0.6379362120080468,0.5943468172421904,20.85592484880438,0.48637486165519045,92.09861717150011,0.04367816091954023
2015-09-29,0.13387367710196046,0.6404658611404374,0.5975983952250195,20.82613423140715,0.48408952122290816,92.16823352477381,0.05172413793103448
2015-10-01,0.1343173264266378,0.6414732725336527,0.5977208090599626,20.80377569039687,0.4833214366609023,92.15127425952679,0.04482758620689655
2015-10-05,0.13588889269988172,0.645448394956907,0.6024649777667496,20.71859815531255,0.4796929844359379,92.14223685270538,0.05632183908045977
2015-10-07,0.135048384419807,0.6413951184596036,0.5978955123504712,20.760358417830176,0.4835669045956311,92.12062812201906,0.06091954022988506
2015-10-09,0.13523955784606798,0.6415302527617296,0.5983607272033411,20.764618381195312,0.4837088219077377,92.12330525882986,0.06091954022988506
2015-10-13,0.13502850883572687,0.6408546666839573,0.5979482479842713,20.766307319775333,0.4844128713445957,92.12342045885377,0.05632183908045977
2015-10-15,0.13527680304619846,0.6407946169816273,0.5977550119843956,20.76741556697328,0.4846177802526402,92.10376210914204,0.06896551724137931
2015-10-19,0.13515073766428348,0.6402352244846709,0.5966918324484749,20.744034510812607,0.48454924768630026,92.08981301253637,0.05747126436781609
2015-10-21,0.13517879745581393,0.6399703573174511,0.5963633178616752,20.749198867807447,0.4850620226333578,92.08359097008153,0.059770114942528735
2015-10-23,0.1357126731591415,0.6383973519008348,0.5948897577123574,20.774293883253122,0.4868213059186945,92.02287691637672,0.04942528735632184
2015-10-27,0.13605928696270597,0.6371985255610995,0.5886382578677574,20.66917587179078,0.4877605949062915,92.00328890736121,0.04367816091954023
2015-10-29,0.1363014484559866,0.6366244548053546,0.5883949195564483,20.67995361802451,0.4883520980560613,91.96380196924783,0.04367816091954023
2015-11-02,0.13674629060563204,0.6371437551130351,0.5873511955278391,20.609788890319397,0.48774292820207377,91.94756328838825,0.04482758620689655
2015-11-04,0.1359867729008964,0.6342002446059506,0.5841763404622043,20.651213317798153,0.49078543450440787,91.92374726200298,0.05057471264367816
2015-11-06,0.13600590476593277,0.6331252262339737,0.5829273516197347,20.66336609754232,0.49179405087200756,91.8732599487038,0.047126436781609195
2015-11-10,0.1360386461649776,0.6330085486314686,0.5829297321324328,20.66615245712446,0.49188719108013895,91.87613077439518,0.04597701149425287
2015-11-12,0.13655484643761265,0.6336210692383637,0.5839247546166038,20.65812944635532,0.4914037772478803,91.87334047712805,0.05057471264367816
2015-11-16,0.13704661242073798,0.6336951573471247,0.5836459310443661,20.64262481757427,0.49113890504094554,91.8873004425308,0.04942528735632184
2015-11-18,0.13760974677979743,0.6355835556789708,0.5860694279240475,20.60800774353509,0.4895555647993383,91.92014960585084,0.04827586206896552
2015-11-20,0.13760875433198272,0.634893102998849,0.5849564136473417,20.609710149874882,0.490234031728597,91.8964626514706,0.04827586206896552
2015-11-24,0.13762411468925048,0.6341537676670839,0.5839461909282966,20.609791264397536,0.49086696977524963,91.87894199735591,0.04942528735632184
2015-11-27,0.13758613823492527,0.6340972696528226,0.5832924090335266,20.596049860451608,0.4909362579615478,91.87721965516938,0.04942528735632184
2015-12-01,0.13780932023633222,0.6345141588781555,0.5830411768714727,20.578649487109853,0.4904913579013644,91.89226402118905,0.04942528735632184
2015-12-03,0.1381448139801128,0.6356805111100255,0.5840009135035223,20.56764970341883,0.48936686446901995,91.90667857941976,0.052873563218390804
2015-12-07,0.13848749336745167,0.6353175503335119,0.578679725925535,20.49107489098729,0.48887190286856985,91.88620453719905,0.047126436781609195
2015-12-09,0.1386390220017437,0.6339906399682044,0.5773765739595482,20.516943686123703,0.49023875869611855,91.84322116560033,0.054022988505747126
2015-12-11,0.13940575228016944,0.6358306907331843,0.5789987033266083,20.47007726123258,0.48851472847138483,91.86297478874175,0.05172413793103448
2015-12-15,0.1391145578521528,0.6344931041069461,0.5779000097773133,20.50419355872634,0.49021192684969955,91.84835526892456,0.04827586206896552
2015-12-17,0.13984022759134784,0.6367823053522905,0.5786879014074705,20.47566829800075,0.4878290449927218,91.87931692144318,0.05057471264367816
2015-12-21,0.1401619084773034,0.6370983969849273,0.5764339976460668,20.451151355510383,0.48702447714236313,91.86581876333845,0.05747126436781609
2015-12-23,0.1408916466139848,0.6387656179109533,0.5788656404450783,20.41667500048062,0.4854032955776785,91.91896564362762,0.06091954022988506
2015-12-28,0.14083417574438375,0.63835569140993,0.5780432920733974,20.397645614203874,0.4857438797920409,91.9136381897093,0.05862068965517241
2015-12-30,0.141117132232766,0.6393552210598434,0.5791731547237182,20.37598767937145,0.48478743989499606,91.95594247499683,0.05057471264367816
2016-01-04,0.14142396303880037,0.640079733003188,0.5767183895791986,20.33092575010915,0.48326761428833154,91.95457608842246,0.04942528735632184
2016-01-06,0.1418881290059178,0.6405086050691638,0.5777820921494504,20.29958927833813,0.4826894070666562,91.94243530324212,0.05057471264367816
2016-01-08,0.14275102915215698,0.6426774372274933,0.5794054000501119,20.254443501212478,0.48033148134225234,91.98475230856853,0.0735632183908046
2016-01-12,0.1427637185478158,0.6409876545081469,0.5764988363217193,20.25117927525202,0.4816129280450958,91.9422558800006,0.07241379310344828
2016-01-14,0.14421741846254205,0.6437420438177605,0.5789818490572527,20.194822757704806,0.4788695839749549,92.03401200940033,0.07586206896551724
2016-01-19,0.1449104068340158,0.6446792382834822,0.580229159399768,20.162386076813313,0.47783625570684884,92.03361793287068,0.06206896551724138
2016-01-21,0.14427162822953088,0.6420466698131415,0.5745602800028798,20.147600819416397,0.4807993764013963,92.01815588270149,0.06436781609195402
2016-01-25,0.14498592020744624,0.6438153939992868,0.5769299322280511,20.124902244121493,0.47916502490412965,92.10545565009964,0.06666666666666667
2016-01-27,0.14564784469672035,0.645378698193291,0.578505342307905,20.07086985147363,0.47741510851230345,92.05538476496073,0.047126436781609195
2016-01-29,0.14602949911576074,0.6446175615367276,0.580252785311893,20.04342195354069,0.4789592179161201,92.19592640732908,0.052873563218390804
2016-02-02,0.1463875363765644,0.6445480051279713,0.5808218385357908,20.049139035485048,0.4791850398126688,92.19092139003266,0.04827586206896552
2016-02-04,0.14642558368809722,0.6404520572215492,0.5790975182782961,20.052857380608966,0.48241589105644817,92.12028012605613,0.059770114942528735
2016-02-08,0.14720541046578406,0.6393305399966702,0.5774254601452904,20.058534780545525,0.4829368488576886,92.11480668322342,0.04597701149425287
2016-02-10,0.14709292925494402,0.6377581805497717,0.5747294254500727,20.037240641995773,0.4841675537332991,92.1073099347407,0.047126436781609195
2016-02-12,0.14823680249114915,0.6396134034432563,0.5780776612715001,20.021464655963953,0.4825184277248333,92.10830294863202,0.05057471264367816
2016-02-17,0.14942687834255244,0.6422357197775066,0.5812401773392758,19.95435342557027,0.4796995212052724,92.19259053460006,0.04942528735632184
2016-02-19,0.14947325415337678,0.6422799436924431,0.581252012687571,19.935750869315125,0.4795174207484938,92.18748776851534,0.04942528735632184
2016-02-23,0.15033302433996318,0.6439330398407715,0.5844465162860858,19.88060752319582,0.47788652853649355,92.23341711061097,0.04252873563218391
2016-02-25,0.1504855495202113,0.6443182767166122,0.5839788735098788,19.87677536190577,0.47749813506881333,92.21288800547178,0.040229885057471264
2016-02-29,0.1500675041253101,0.6415301614906985,0.5807379370948652,19.876663678660112,0.4797973791160467,92.17766575047239,0.04252873563218391
2016-03-02,0.1508800757581993,0.6428364655270521,0.5829740037971924,19.844919069664673,0.47814100619491884,92.2203437926871,0.040229885057471264
2016-03-04,0.15102805569562222,0.6432957746874934,0.5832036378127425,19.81864894296014,0.4776501552863339,92.23072339989058,0.04252873563218391
2016-03-08,0.1513784808247195,0.6421206493465667,0.5834403876685631,19.768619202802036,0.4781587007599093,92.22522680036185,0.03793103448275862
2016-03-10,0.15133188100330996,0.6416828529046441,0.5828827209033498,19.77343661112715,0.47872016844158033,92.21093443905988,0.0367816091954023
2016-03-14,0.1515853925416297,0.641852653582273,0.5837846518430353,19.764366076349095,0.4784476664030547,92.21332360103906,0.03908045977011494
2016-03-16,0.15178594918371055,0.642254606953272,0.5843540981872906,19.75211211967644,0.47802114915371813,92.2178246155497,0.04252873563218391
2016-03-18,0.15201487455377505,0.6421679746796314,0.5848716833260298,19.758930123683953,0.4781685393410578,92.1988844756158,0.05057471264367816
2016-03-22,0.15186820234927376,0.6419012515797975,0.5843358953306099,19.766241487511824,0.47856843235480107,92.2007931829422,0.05057471264367816
2016-03-24,0.15202585138587438,0.6414271308308019,0.5849171499360784,19.728795058285872,0.47884396644728383,92.18714541687586,0.04942528735632184
2016-03-29,0.1520988559746587,0.6418757107268315,0.585185549217869,19.731754376651526,0.4786080116145095,92.19761224890908,0.047126436781609195
2016-03-31,0.15190402938434505,0.6416695840326117,0.5856400332503977,19.74623757932275,0.4792633678837264,92.1961277713295,0.05172413793103448
2016-04-04,0.15166081275266846,0.6411402694236348,0.5844583719556902,19.75586554741896,0.4798893459959019,92.19050810073686,0.04597701149425287
2016-04-06,0.1511501034706889,0.6400267837149166,0.5836366399754886,19.78289207919535,0.48146022515740233,92.15024137333413,0.05057471264367816
2016-04-08,0.1511112409849114,0.6390960592882012,0.5829054195292306,19.786407085106063,0.4823432300717724,92.15173438912689,0.04597701149425287
2016-04-12,0.15104680637471277,0.6385883589344562,0.5826229797509995,19.77099441416587,0.4828053029152293,92.15201365062526,0.04942528735632184
2016-04-14,0.15127094022845222,0.6378264481955804,0.5823880343679042,19.757500125002323,0.4829112478578228,92.13442603583471,0.04482758620689655
2016-04-18,0.1512740968255966,0.6383172223440812,0.5830836059140836,19.755600370929162,0.4825664499547748,92.14479107200357,0.047126436781609195
2016-04-20,0.15118492137776163,0.6376389302515859,0.5825430236707331,19.750782462858734,0.4830260273268214,92.14017608678478,0.04827586206896552
2016-04-22,0.15127580542307476,0.6379412355334207,0.5825519188442436,19.749801373661846,0.48288090100183356,92.11693586457915,0.05057471264367816
2016-04-26,0.15138796943746874,0.6374338865759253,0.5827815394549913,19.732913600728228,0.4831184763639274,92.11198966189815,0.05057471264367816
2016-04-28,0.15161923842837347,0.6370582243056696,0.5826820423305005,19.724847000977586,0.48349935303053637,92.07841683341879,0.052873563218390804
2016-05-02,0.15155756010704305,0.6367746747823082,0.5825503081247394,19.729186782972416,0.48385856540936756,92.08698506942945,0.05057471264367816
2016-05-04,0.15190959418548905,0.6372775757015304,0.5836962117449518,19.71251755163084,0.4831609102485761,92.08405497094418,0.05632183908045977
2016-05-06,0.1516617519244716,0.6368664933909488,0.5829117525831563,19.728981718714735,0.483800173801988,92.08616563046344,0.05632183908045977
2016-05-10,0.15190400422372008,0.6365189671080731,0.5839688545633962,19.70453628984388,0.4839682334949537,92.08274730086926,0.05057471264367816
2016-05-12,0.15196358396405357,0.6359097242805665,0.5824615456401999,19.69500207266014,0.48417960908386876,92.06034010023512,0.04942528735632184
2016-05-16,0.15197474551779966,0.6359099571297915,0.5820291845483331,19.69145681951854,0.4841074713819346,92.06610355107388,0.04942528735632184
2016-05-18,0.15210379812483305,0.6351624035570134,0.5811254459369843,19.699259693906445,0.48483338634074535,92.0564472398668,0.04367816091954023
2016-05-20,0.15212032027576056,0.6343773688732312,0.5808299970553353,19.70819910834167,0.48550664495680396,92.04517747878874,0.04942528735632184
2016-05-24,0.1523525446666381,0.6346571029690224,0.5809949668575702,19.704287932754827,0.48524615991943776,92.04543204342798,0.05517241379310345
2016-05-26,0.15246835433492406,0.6348022400480893,0.5815114782393801,19.6892647436519,0.48497894218705906,92.05364031750243,0.05517241379310345
2016-05-31,0.1523528477449633,0.6344457727979107,0.5806978832615229,19.691877602378863,0.4852770028375651,92.0441106534106,0.05517241379310345
2016-06-02,0.15232068067862606,0.6342759320758415,0.5804376327487673,19.699304505767255,0.4855326200879707,92.04222741363874,0.05517241379310345
2016-06-06,0.15237002989039533,0.6335881061980159,0.579789591095007,19.697703314368916,0.48598596155943735,92.0043686086699,0.05632183908045977
2016-06-08,0.15223853227616185,0.6330089003534556,0.5789035859264721,19.713652769141298,0.4866948365521973,92.00145484439126,0.05517241379310345
2016-06-10,0.15252111008512875,0.6335847336197553,0.5802482934108958,19.687464501550785,0.48603354624308637,92.01136715461172,0.05517241379310345
2016-06-14,0.15252121731483775,0.6334493845339005,0.5797803043580984,19.689969034321283,0.4861753263966161,92.02418578517714,0.05747126436781609
2016-06-16,0.1525304303068734,0.6333757915076094,0.5797214402735426,19.688282861378674,0.4862080396046149,92.01028671038775,0.059770114942528735
2016-06-20,0.15252160670803322,0.6334236408585323,0.5796744152190111,19.67866630981298,0.48609341204203793,92.01525933964624,0.05632183908045977
2016-06-22,0.15252196424908765,0.6334056701536924,0.5796712493997325,19.678165330399654,0.48614773333450156,92.01526294599122,0.05517241379310345
2016-06-24,0.1552840664485573,0.6398550002380743,0.5859595960054417,19.5753190754475,0.4789560890887087,92.150538082777,0.047126436781609195
2016-06-28,0.15666438583673048,0.6417534480623761,0.5902136103751172,19.51081628779984,0.47647228204010095,92.1866984646561,0.04827586206896552
2016-06-30,0.15751798894602473,0.6432842231368581,0.5913419132390098,19.499965325104142,0.4749151050608982,92.2595801880468,0.03908045977011494
2016-07-05,0.15765326723921697,0.6429661774413957,0.5918323351624751,19.493862902024834,0.4749683257678553,92.26172342825615,0.03908045977011494
2016-07-07,0.15771556307986842,0.6427835023266182,0.5917327569535,19.489139198495295,0.4751097039601045,92.2621498227358,0.03793103448275862
2016-07-11,0.15826501681673041,0.6445275186661608,0.5931465265834847,19.45592001764002,0.4732222378662267,92.25365382045354,0.04597701149425287
2016-07-13,0.1580284519445785,0.6430118705268778,0.592594470287389,19.461677523514577,0.4744342810087405,92.23464977691269,0.04597701149425287
2016-07-15,0.15800515473616664,0.6430667326746233,0.592559761601435,19.4583501402838,0.4743791572204772,92.2413898370749,0.04482758620689655
2016-07-19,0.1580454330222799,0.6435222397221629,0.5928486308455687,19.441598285239543,0.47382146385001417,92.24646325333502,0.04482758620689655
2016-07-21,0.15804964968768506,0.6431596087075548,0.5925074110168356,19.44668683651387,0.47418439718706173,92.246339562897,0.047126436781609195
2016-07-25,0.1580722953410874,0.6436139434516319,0.5928495627352535,19.448908512450718,0.47393466397845535,92.22843494470268,0.04252873563218391
2016-07-27,0.1575464402466776,0.6403947360670401,0.5911108084428587,19.46569453374525,0.4766261512268242,92.18739130370646,0.040229885057471264
2016-07-29,0.1573905978081282,0.6394837216156674,0.5904534424279126,19.487635691741165,0.4776661852035159,92.1803754571353,0.041379310344827586
2016-08-02,0.15749529500527934,0.6399471792733256,0.5905708031831916,19.473035524083482,0.47707502079438,92.14740098314314,0.04252873563218391
2016-08-04,0.15724275913631114,0.6389547969335114,0.5901811992388322,19.477413983906324,0.4779066631038513,92.13122654077164,0.04367816091954023
2016-08-08,0.15727418314777528,0.6386515631588535,0.5899050370764658,19.477855663278582,0.4780244890557231,92.12062737751603,0.04597701149425287
2016-08-10,0.15724900386075572,0.6386491048040731,0.5899394778682495,19.47133442697763,0.4779783594525781,92.11999689264609,0.040229885057471264
2016-08-12,0.15710838210611158,0.63819465611825,0.5896239735587028,19.47736951466581,0.4784686106137809,92.11248122508258,0.04252873563218391
2016-08-16,0.15722097517061762,0.638107763421935,0.5898442036866223,19.471509784640247,0.478391535145149,92.10744549980872,0.03793103448275862
2016-08-18,0.15722919673902797,0.638021597458381,0.5900597390984732,19.47144448462803,0.47847728666073164,92.10768458666992,0.03793103448275862
2016-08-22,0.15724143371261903,0.637677176635252,0.5897282548562774,19.487360607326323,0.4790169474209218,92.09920855441334,0.03793103448275862
2016-08-24,0.15734358309381405,0.637582126306207,0.5897323090456216,19.48708703608922,0.47914585505773993,92.1100095361453,0.035632183908045977
2016-08-26,0.157362349235133,0.6377914152950479,0.5898895529689735,19.484560428685725,0.4789470942585576,92.1152943590252,0.0367816091954023
2016-08-30,0.15742712082738464,0.6380655299615962,0.5901333256045015,19.476485298423047,0.4786743002532004,92.11565355729299,0.03793103448275862
2016-09-01,0.15734644906066345,0.6377077413045614,0.5899631779147148,19.48270355743055,0.4790771976705985,92.10969607581184,0.035632183908045977
2016-09-06,0.15741280247552916,0.6375602503221655,0.5898147948846917,19.482400988762237,0.4792667455018807,92.1071207484585,0.035632183908045977
2016-09-08,0.15735799657087646,0.6372156129703861,0.589314057415465,19.4877175284966,0.47965806869027444,92.09849424446917,0.035632183908045977
2016-09-12,0.15907928845704575,0.6422695750976474,0.5919623373446071,19.43061196650903,0.47464279017313055,92.21245187608574,0.034482758620689655
2016-09-14,0.15962974850822753,0.6438291404133483,0.59421115773221,19.411426453409145,0.4733894814875293,92.25929461537321,0.03333333333333333
2016-09-16,0.15953485423066635,0.6437233442018463,0.5941620244358405,19.414459382600935,0.47361883813550465,92.26453692462181,0.03103448275862069
2016-09-20,0.15913682860482034,0.642576955595976,0.5935208805983008,19.430208648481575,0.4749174240389968,92.23493196890982,0.03103448275862069
2016-09-22,0.15940269967851853,0.6435006935040574,0.5945474763118573,19.409394522399698,0.47400973957242676,92.25514199470143,0.028735632183908046
2016-09-26,0.15914870531424363,0.6431178907401318,0.5933566415659509,19.411545235057908,0.4743406575361875,92.24782543018385,0.029885057471264367
2016-09-28,0.1591797101844326,0.6426596382594253,0.5941674676177467,19.405002209382882,0.4746901519416649,92.24109950090825,0.028735632183908046
2016-09-30,0.1590266515877133,0.642163316843946,0.5936694863591725,19.423314801115072,0.4754296396041912,92.20626162857074,0.03103448275862069
2016-10-04,0.1577925541411887,0.6385720907147053,0.5899108923494608,19.473164382425917,0.4790515450563371,92.15282053710023,0.035632183908045977
2016-10-06,0.1571784884645477,0.6375086213264312,0.5894096549634221,19.48240643856726,0.48031031567886245,92.1378746136027,0.03333333333333333
2016-10-10,0.15723002758760798,0.6382660534411063,0.5900598455956546,19.471295358709746,0.47964642061857543,92.157989066192,0.034482758620689655
2016-10-12,0.1573118689025083,0.6392696460194259,0.5908009805996274,19.459513694717177,0.4787362948179986,92.15702030054912,0.03333333333333333
2016-10-14,0.1565604875362873,0.6380427819821138,0.5898208100409025,19.461225682623652,0.4800001306437245,92.14155862772377,0.029885057471264367
2016-10-18,0.15629235592312235,0.6379577709109208,0.5891838025730294,19.463280416554625,0.48028245608750286,92.15351811306023,0.029885057471264367
2016-10-20,0.1562346889061452,0.6379576457698029,0.5888849064396648,19.4617786634314,0.4802682011445285,92.12571046175044,0.034482758620689655
2016-10-24,0.15586712577577086,0.6365549793426186,0.5871060647325171,19.492623735427152,0.48175472806848857,92.09734226119015,0.04367816091954023
2016-10-26,0.15568333836348694,0.6352244517806793,0.5856714146590409,19.515701612231666,0.48321778807317634,92.05257648389208,0.04367816091954023
2016-10-28,0.1556994297767335,0.6342297713512923,0.5851991758572817,19.565731041196084,0.4848114379169128,92.02537119276568,0.04597701149425287
2016-11-01,0.1556403861470408,0.6342983790706439,0.5830087617933862,19.557515080676993,0.48482746518634723,92.01499024639936,0.04367816091954023
2016-11-03,0.15576135086728018,0.63441583812471,0.5835882300648821,19.567603542195666,0.4849794450378575,92.01765413082012,0.04252873563218391
2016-11-07,0.15646158160264123,0.6352614399742748,0.5835832347481734,19.560997098497122,0.48394377825959817,92.02572995215459,0.04367816091954023
2016-11-09,0.15700185346676634,0.6319556314727685,0.5840686757208613,19.555038987802224,0.485868611399946,91.93755301226241,0.041379310344827586
2016-11-11,0.15699535482300092,0.6269825326170904,0.5810566355627134,19.590393763655335,0.489598937327915,91.86237045298904,0.05747126436781609
2016-11-15,0.15702693850674146,0.6263264569268983,0.5804152433139957,19.61224768034393,0.4904347299782158,91.86090501368375,0.05632183908045977
2016-11-17,0.1569568234515466,0.6260739360312185,0.5799318375784455,19.616874912794028,0.49073221695923475,91.85874998872342,0.05517241379310345
2016-11-21,0.15706683739860547,0.6263472592056514,0.5801164104887335,19.61315640679711,0.4904930362004518,91.91193783717972,0.054022988505747126
2016-11-23,0.15689460829741717,0.6276610333653653,0.5808821307971058,19.625808601689542,0.48987801020077254,91.9086472813316,0.04827586206896552
2016-11-28,0.15685967898220357,0.628055763618835,0.580838681762026,19.615269525273455,0.4893770954248306,91.91303082379044,0.054022988505747126
2016-11-30,0.1568390518869582,0.6264823891364926,0.5792864195073542,19.63112279237077,0.49053094803858144,91.86894401994572,0.054022988505747126
2016-12-02,0.15656082764472076,0.6252882422935345,0.5775136865840347,19.657473581892205,0.4918378676076207,91.81051782433748,0.054022988505747126
2016-12-06,0.15606992996474356,0.6238325641484037,0.5761333133243807,19.682557124666495,0.49338600314803777,91.78407911832444,0.05172413793103448
2016-12-08,0.15588406095557034,0.6225048051261455,0.5747769808175521,19.70540735756643,0.4947026367355504,91.78613617504628,0.04827586206896552
2016-12-12,0.15510052762257118,0.6204355401352991,0.5734116996504741,19.718278775516435,0.4965052795452868,91.63708726826326,0.059770114942528735
2016-12-14,0.15453792615924405,0.6190844255886025,0.5730043442692273,19.728260719115482,0.4979172439328726,91.66988543741715,0.059770114942528735
2016-12-16,0.15449515239255882,0.6192253292312875,0.5733674336391642,19.733522860608794,0.497927161488338,91.66357327427941,0.05632183908045977
2016-12-20,0.15450362022425224,0.6189711740635641,0.5731995675420521,19.736177514183154,0.49816553722815005,91.6632595162993,0.05747126436781609
2016-12-22,0.15449395153985793,0.6188299795300044,0.5731623478044037,19.73799904192122,0.49831426175014254,91.64802313454553,0.05862068965517241
2016-12-27,0.15438861797166253,0.6186708474530811,0.5733583261425709,19.73830261184273,0.4985436511374924,91.6090555029985,0.05862068965517241
2016-12-29,0.15363007016075975,0.6171479455458169,0.5708362474841497,19.763788970797734,0.5000668954907903,91.61790270930666,0.054022988505747126
2017-01-03,0.15301444167398046,0.6155653339337341,0.5700168645688103,19.771308679121343,0.5016881666456879,91.59665727420995,0.054022988505747126
2017-01-05,0.1530890227129299,0.6154891855262017,0.5703213887222048,19.766340798356875,0.5017623910065441,91.60585762815991,0.06091954022988506
2017-01-09,0.15308048301465463,0.6160930234998071,0.5712946634403466,19.760266226337084,0.5011716195909723,91.62228154244023,0.06206896551724138
2017-01-11,0.15270476686207266,0.6150790199760622,0.5709154916675266,19.76594700434419,0.5020746237695075,91.60150064068131,0.06206896551724138
2017-01-13,0.15265487978312375,0.6154981032630955,0.5709843892939372,19.75514361707077,0.5015251399015632,91.5904507526471,0.06206896551724138
2017-01-18,0.15222880543970632,0.6143199377570794,0.5705443625206045,19.755073714245352,0.5024224999252908,91.57254380699688,0.059770114942528735
2017-01-20,0.1519994036777775,0.6138936092491458,0.5700605500853799,19.758791163276243,0.5028529819357597,91.55432561145443,0.052873563218390804
2017-01-24,0.15189320607848122,0.6133475568691948,0.5709875371952179,19.75516792518863,0.5033698517391244,91.53372505662931,0.05057471264367816
2017-01-26,0.15139955784611778,0.6114973720964356,0.5702757086274259,19.788480271953826,0.5055292556014516,91.45220748463883,0.047126436781609195
2017-01-30,0.15080670268658478,0.6105423232047847,0.5685318940890177,19.798741260878728,0.5062391719839627,91.45791978814019,0.04597701149425287
2017-02-01,0.15061115149417048,0.6101641136221543,0.5679864960909764,19.791510352927805,0.5065378974551642,91.45631353498796,0.04252873563218391
2017-02-03,0.15053721926752855,0.6096841271926339,0.5685155964395608,19.800303521348823,0.5071673412803255,91.44351550672555,0.040229885057471264
2017-02-07,0.15035778313077103,0.6092726585587437,0.567988506528455,19.802467272219477,0.5075703474093766,91.44203680579638,0.04252873563218391
2017-02-09,0.15037260295412846,0.6093620576947941,0.5674148635075028,19.807369250581278,0.5076550145900097,91.43377868987753,0.040229885057471264
2017-02-13,0.1504641106417074,0.6095670799718844,0.5673968435118957,19.794625933899074,0.5072816166225337,91.42900623178632,0.04367816091954023
2017-02-15,0.150414407791275,0.6094479296565728,0.5674103456476249,19.79850584173727,0.5074442133136248,91.42353896172284,0.04367816091954023
2017-02-17,0.15039348221249474,0.6096086592064022,0.5674864606065971,19.796649627175697,0.5072019804949911,91.42275357018114,0.04367816091954023
2017-02-22,0.15045076362983328,0.6099647040259769,0.5677599568049186,19.800894407713724,0.5069535496704416,91.42831755983143,0.04367816091954023
2017-02-24,0.1504541776568533,0.6096249833462181,0.5680990114325232,19.8020639377254,0.5073744662043899,91.41446263187767,0.04482758620689655
2017-02-28,0.15042762497892456,0.6089937825375905,0.5676733872808686,19.81156198317728,0.5078423378442078,91.37654852532096,0.04367816091954023
2017-03-02,0.15055936775106346,0.6085524463015615,0.5689643112358034,19.80044378464425,0.5079584646520799,91.36352269007993,0.04252873563218391
2017-03-06,0.15012309260070542,0.607388151834347,0.5680265259053643,19.816322543091566,0.509283444763129,91.34723234913533,0.05172413793103448
2017-03-08,0.1498448196688827,0.6064501636430597,0.5687475935214683,19.826376480402786,0.5102883907463962,91.32904047297369,0.04942528735632184
2017-03-10,0.1497073076960506,0.6062400122364879,0.5686574300916649,19.82170301806141,0.5104977886925283,91.30371998881937,0.04827586206896552
2017-03-14,0.14940943771797005,0.6058469558703434,0.568239541176563,19.829273224062852,0.5108997166490672,91.29917961478208,0.04827586206896552
2017-03-16,0.14954631369579113,0.6063132073122092,0.5688875237294223,19.820711024969523,0.510455324141933,91.32132937834119,0.04942528735632184
2017-03-20,0.1492667349224199,0.6060988286710656,0.5692817561848231,19.808062730603783,0.510661500168653,91.31010731189308,0.05057471264367816
2017-03-22,0.14955296490541392,0.6059969985568977,0.5697590720447598,19.808573103313734,0.5103652621219348,91.30475170667927,0.04482758620689655
2017-03-24,0.14920084283676138,0.604892444090509,0.5686237680176244,19.819129039019728,0.5114000485808823,91.30299578633439,0.03908045977011494
2017-03-28,0.14924694002625302,0.6053219642577309,0.5690236729483956,19.80410930188677,0.510818966111988,91.29705464553636,0.040229885057471264
2017-03-30,0.14918579161837084,0.604969772585418,0.569231705472265,19.805524299750694,0.5111109188180787,91.29014764296625,0.03908045977011494
2017-04-03,0.14917864432954192,0.6051802538827414,0.5695243457416683,19.801608649804763,0.5109474549127847,91.30745371299957,0.04252873563218391
2017-04-05,0.14917085728519483,0.6055864566117577,0.5698327587859565,19.77113381501575,0.5101704451223451,91.2953879690223,0.03793103448275862
2017-04-07,0.14909428206876335,0.6061545250738712,0.5698844307083825,19.776415497062455,0.509737674551009,91.33113780305783,0.04597701149425287
2017-04-11,0.14892373970324532,0.6065010798246928,0.5702890302954865,19.757310565847103,0.5093695276643571,91.33435766739237,0.05172413793103448
2017-04-13,0.14906781072250297,0.6064149337315492,0.5716183716766021,19.743412363817047,0.5091412112913497,91.3406006969366,0.04942528735632184
2017-04-18,0.14918424951180326,0.6068459049431204,0.571758691764146,19.734217066085552,0.5085796188709196,91.37565603675996,0.04482758620689655
2017-04-20,0.14929372494515625,0.6075377155802976,0.5722745352687713,19.700607879524267,0.5072813218077868,91.3771811146625,0.04252873563218391
2017-04-24,0.14946575952504965,0.608466846107303,0.5737697642649195,19.695944467076316,0.5064313640144388,91.41720991899963,0.04482758620689655
2017-04-26,0.14932824040482084,0.6079486058569236,0.5747686343035862,19.699983811244667,0.5069781407808993,91.40761396700209,0.04482758620689655
2017-04-28,0.1491813215975779,0.6070052652837524,0.5743520789282588,19.709293070699935,0.5078890530214137,91.3903266601822,0.04597701149425287
2017-05-02,0.14916480923864037,0.6066637070650498,0.5741928032433847,19.71808184557981,0.5083691992317344,91.36141705449478,0.04827586206896552
2017-05-04,0.14893208755402568,0.6052466133881914,0.573252599693472,19.73387889555894,0.5097996883434511,91.34473668161195,0.047126436781609195
2017-05-08,0.14901016270040096,0.6053587571946553,0.5735626494181204,19.727177433366688,0.5096630505204672,91.3295704802254,0.04827586206896552
2017-05-10,0.14882799297444002,0.604543165274237,0.5732927613108074,19.730380132902148,0.5104080574514032,91.31968450969292,0.04597701149425287
2017-05-12,0.14884211512068743,0.6048066123564038,0.5735498514021493,19.732588230075752,0.5101951214233856,91.32868211914771,0.04827586206896552
2017-05-16,0.14887711302950488,0.6050953818039272,0.5735667550911016,19.72449257708652,0.5098281194760174,91.32560263695699,0.04942528735632184
2017-05-18,0.14914585291183918,0.604795577117995,0.5736990995631677,19.723589262130844,0.5096836018181674,91.31297362133593,0.04597701149425287
2017-05-22,0.14925583779001733,0.6049876499697888,0.5739463493786416,19.730088319463885,0.5095982929425257,91.31011515525613,0.04367816091954023
2017-05-24,0.149172513521761,0.6045972367509225,0.5736568904596094,19.739333125113905,0.5100426023514957,91.31234464806306,0.04482758620689655
2017-05-26,0.1491571756852481,0.6046697595720629,0.5734708536396704,19.745617824972662,0.5101365724180681,91.30241521130128,0.04482758620689655
2017-05-31,0.14902474692479759,0.604662663146968,0.5733686165016697,19.745648379626726,0.5103631290248101,91.31548109243293,0.04597701149425287
2017-06-02,0.14914108898623465,0.6049404567637662,0.5734031760085889,19.739638700399194,0.5100433864110455,91.30503868787474,0.04252873563218391
2017-06-06,0.14898354595860566,0.6042752392878925,0.5735814097305981,19.752781903087264,0.5107330874234153,91.30171934924564,0.041379310344827586
2017-06-08,0.14885950107937337,0.6030172234785517,0.5729194486130018,19.76919346369509,0.5117439945014728,91.25999459367956,0.041379310344827586
2017-06-12,0.14880929980347318,0.6013219646438615,0.5721900946826548,19.80056616450377,0.5136747333590097,91.22406068571216,0.04367816091954023
2017-06-14,0.14874322954944866,0.6006416925635635,0.5728867536700648,19.800820202158853,0.5142617133718189,91.21154199927075,0.04252873563218391
2017-06-16,0.14873235742904087,0.600079559969807,0.5726268043491348,19.81307936482534,0.5149897751596876,91.18146044685805,0.04252873563218391
2017-06-20,0.14878230307129933,0.599960971177896,0.5723737144326813,19.81715100259842,0.5150496703173365,91.18482076703704,0.040229885057471264
2017-06-22,0.14813610224384863,0.5972893101516322,0.5722127820279601,19.847027998421417,0.5178037212547575,91.10440095646985,0.04367816091954023
2017-06-26,0.14817718916756373,0.5975933426029306,0.5734368466788533,19.850714964418362,0.5177727776275809,91.11163333021142,0.04252873563218391
2017-06-28,0.1484765702836645,0.5984061266319811,0.5741256101074598,19.84339638125801,0.5170357575048316,91.12375688772995,0.04252873563218391
2017-06-30,0.1479541440609217,0.5965943873200452,0.5725899276055932,19.873406595144512,0.5190873232662273,91.05799581082,0.047126436781609195
2017-07-05,0.14778258525279617,0.5954343394039482,0.5727088190233028,19.888729573039512,0.5203526890697778,90.99860301005239,0.04482758620689655
2017-07-07,0.1477244184744011,0.5951484453663499,0.5722775051292982,19.891229882688783,0.5205336077794339,90.99996945240099,0.04827586206896552
2017-07-11,0.14758967352494543,0.5953598620201892,0.5726465949287873,19.890608621437824,0.5202976877768318,91.00805207007154,0.047126436781609195
2017-07-13,0.1475988615240645,0.5959947492682283,0.572755649394612,19.888359433276833,0.519649803692392,91.03225612651569,0.04597701149425287
2017-07-17,0.14761286455319525,0.5970567806236899,0.5739508542191186,19.872058625701158,0.5185150503133457,91.04966031888976,0.04597701149425287
2017-07-19,0.1474082427600301,0.5962790153523847,0.5736000672898218,19.87275821180278,0.5192051068963425,91.00653060506072,0.04827586206896552
2017-07-21,0.14687682155330015,0.5947666802306258,0.572294209090561,19.88876152519139,0.5205521202933409,90.9687891626016,0.05172413793103448
2017-07-25,0.14685876859350266,0.5945153984099436,0.5735045188530797,19.9001071237826,0.5209384090650188,90.98501889741986,0.05057471264367816
2017-07-27,0.14674270574307935,0.5934072838774468,0.5725482103901449,19.942601101587186,0.5222900288309091,90.96940757314177,0.04942528735632184
2017-07-31,0.14675778982800186,0.5936936155601786,0.5728287524458966,19.95286470648005,0.5219661934290293,90.94895284284648,0.052873563218390804
2017-08-02,0.14662729473873534,0.5939004268403384,0.573357200300684,19.96881929201301,0.522092376921982,90.91644192452192,0.05517241379310345
2017-08-04,0.1459308593684008,0.5931252404896207,0.5715276017001942,19.98102910769489,0.5229658495126255,90.9392061519823,0.05057471264367816
2017-08-08,0.14591989966827681,0.5937422335146838,0.5726187597218934,20.00182057875199,0.5225096989018743,90.94717856676503,0.05057471264367816
2017-08-10,0.14612192762758086,0.5942128097569831,0.5729668050648201,19.995564524456388,0.5219666040378125,90.96019808620655,0.05057471264367816
2017-08-14,0.14610334336763128,0.5941257226132011,0.5729913418732345,19.99672709090061,0.5219679047433338,90.93079632798957,0.05172413793103448
2017-08-16,0.1443153873292795,0.5878916768888716,0.5742290746357748,20.064835259851513,0.5285636465847018,90.57354073144415,0.059770114942528735
2017-08-18,0.14182661319230594,0.5787080052069568,0.5710887035268638,20.150394228599854,0.5370167428339313,90.49968335433068,0.059770114942528735
2017-08-22,0.1385723748428956,0.5694543904416904,0.5644708275025943,20.31132319322754,0.5459809103330212,90.34415766681714,0.07471264367816093
2017-08-24,0.13849794412336944,0.5696638232371051,0.5651589001900202,20.331454889422968,0.5459889574436069,90.08927025796217,0.09310344827586207
2017-08-28,0.1364053658416705,0.5621055580736951,0.5601580888217604,20.408985438422715,0.5528727323426872,90.06955057450187,0.08505747126436781
2017-08-30,0.13601333327876342,0.5603251371619768,0.5589144878060991,20.42522226097684,0.554391878410785,89.91615296732652,0.08160919540229886
2017-09-01,0.13489864335566898,0.5556850411073531,0.5594365418396603,20.4636744064101,0.5587751778362536,89.89186228615566,0.07011494252873564
2017-09-06,0.135028552879752,0.5559559974221422,0.5606561621555491,20.47099861940369,0.5586121497184335,89.9033627145805,0.06551724137931035
2017-09-08,0.13468601774497593,0.5534952287796256,0.5597904398884359,20.512253366392642,0.5611889323083625,89.78497160430787,0.0735632183908046
2017-09-12,0.13451321872886682,0.5529235336727489,0.5588281592250833,20.520010318767962,0.5613912907071265,89.70770020158184,0.07241379310344828
2017-09-14,0.13388333156296928,0.5505755739095938,0.5573314698419988,20.546911960822367,0.5637216223964908,89.65920070627776,0.0735632183908046
2017-09-18,0.133189642648368,0.5483752632268563,0.5539760055918586,20.592334781085725,0.5656862795315065,89.65031264044083,0.07126436781609195
2017-09-20,0.13318959236216607,0.5491706591966755,0.554716930580369,20.588570511987736,0.5650070135112384,89.52238934139746,0.07471264367816093
2017-09-22,0.13193173424767815,0.54456796308988,0.5525389058740084,20.62833026009217,0.5692324889707066,89.4318573203423,0.08160919540229886
2017-09-26,0.13123036115472658,0.5419157230342914,0.5513661042375265,20.657015911342565,0.5713548990519594,89.33865626715324,0.0896551724137931
2017-09-28,0.12933635866221058,0.5355872902997956,0.5450388645623241,20.72447466730213,0.5764271424179018,89.18465997609842,0.09195402298850575
2017-10-02,0.1291615223911517,0.535703994257516,0.5458695099892065,20.729192455706023,0.5763395543740469,89.1431011784683,0.09195402298850575
2017-10-04,0.12881035423598514,0.5347086030653033,0.545165075834298,20.730770984398823,0.5769602529622282,89.1542538195334,0.0896551724137931
2017-10-06,0.12870608160611516,0.5342898521735449,0.5447799502140441,20.742270512023875,0.5774823967106463,89.15235237742117,0.08735632183908046
2017-10-10,0.12837982220271213,0.533942395015126,0.5445334692920786,20.73685098699946,0.5775391932490388,89.15980920452661,0.08275862068965517
2017-10-12,0.12836554433336061,0.5343780825820964,0.5446995280057344,20.750373382591693,0.5775543873858818,89.16868556499035,0.08045977011494253
2017-10-16,0.12825203742631136,0.53444417929864,0.5441662608910618,20.748817397807457,0.577380866036515,89.09299037499956,0.08735632183908046
2017-10-18,0.12762946881657064,0.5347886917261476,0.545924768236351,20.733518503627668,0.5771695568237045,89.16612282519883,0.07931034482758621
2017-10-20,0.12725727913482973,0.5347936908700431,0.5444108544297203,20.84613966444059,0.5773793985839387,89.11614732614946,0.07816091954022988
2017-10-24,0.12692730642064368,0.5343756850215748,0.5443711388499788,20.857291168350372,0.5777637761543108,89.11134464671092,0.08275862068965517
2017-10-26,0.12651432826363967,0.5339108998945592,0.5419492705415051,20.91092727215749,0.5784271585685218,89.10223591990778,0.08160919540229886
2017-10-30,0.12654503429214428,0.5332851048796741,0.5414643944566262,20.942359487387066,0.5794243438093793,89.07027742967162,0.07701149425287357
2017-11-01,0.1265288719462873,0.5336637436843047,0.5420876834088664,20.947544532328212,0.5793725858225919,89.07347426824377,0.08160919540229886
2017-11-03,0.1262977848673522,0.5326507301314536,0.5418329264867614,20.960855760821786,0.5803642788674493,89.08296837644093,0.0839080459770115
2017-11-07,0.12562074752523955,0.530046995620556,0.5393526597173329,20.993746644701208,0.5824009932131466,88.98650687073778,0.08620689655172414
2017-11-09,0.12504573258132393,0.5282364507545648,0.5392773450788801,21.016115905141287,0.5841385188600626,88.9151413370102,0.07931034482758621
2017-11-13,0.12425773591692381,0.5253560930305634,0.5363402355996013,21.055155739837396,0.5865610269931609,88.77755900102888,0.1
2017-11-15,0.1243181711351964,0.5258648243926116,0.5370975479960545,21.062206559679087,0.5862314723123604,88.80290041586561,0.09885057471264368
2017-11-17,0.12453168587953821,0.5265154164239516,0.5372536398364524,21.07217547184167,0.5857240476133719,88.82293796305612,0.1
2017-11-21,0.12460277641850512,0.5268763315124876,0.5376670464642515,21.079923755553367,0.5853431537275253,88.83475392342021,0.10229885057471265
2017-11-24,0.12435922491556457,0.5263231885926858,0.5376754908976735,21.093265705506745,0.5858264630542122,88.78245717680566,0.10344827586206896
2017-11-28,0.1240774375106126,0.5245305186828733,0.5376924803345227,21.108365519172093,0.587402230442322,88.64980663844003,0.11149425287356322
2017-11-30,0.12354661389127577,0.5216634554279127,0.5396271799360546,21.230266808719122,0.5909391402698319,88.6533989891936,0.09770114942528736
2017-12-04,0.12341269984568028,0.5211385411663729,0.5395029714568442,21.22997390490939,0.5914955415289221,88.62512289261,0.10919540229885058
2017-12-06,0.12253424867521723,0.5174279819984587,0.5360320718910333,21.290872795241665,0.594623552223626,88.43363200439238,0.10919540229885058
2017-12-08,0.12250986705404579,0.5178321192538359,0.5370258687224814,21.266753866724063,0.5935895004575418,88.33793000229011,0.10919540229885058
2017-12-12,0.12154070369715643,0.5130613775524343,0.5374848426962632,21.304380976648215,0.5977014437620817,88.11636273049564,0.11494252873563218
2017-12-14,0.12116077007018393,0.5109593140829136,0.5396189750849647,21.33770899105339,0.5998013436490833,88.0871655167519,0.11149425287356322
2017-12-18,0.12058215896889546,0.5088006254657045,0.5372601514539355,21.36752557843403,0.6012894787120661,88.03782468711361,0.11379310344827587
2017-12-20,0.12049042185999673,0.5083716810375297,0.5364843593003151,21.405776547998105,0.6018231450863014,87.98293490245305,0.10919540229885058
2017-12-22,0.12012304679119647,0.5065233253901941,0.5347587181193284,21.430589309366567,0.6033210331790094,87.91000365209632,0.11609195402298851
2017-12-27,0.11972042001262766,0.5042968091744484,0.5380290494388359,21.465757128643908,0.6056272511510356,87.85156292426022,0.12183908045977011
2017-12-29,0.11921182121920619,0.5035253993013132,0.5355163318409505,21.494226419800654,0.6063733201808206,87.48756545751874,0.15517241379310345
2018-01-03,0.11780934704513041,0.49622444260827264,0.5327382498826112,21.572042759099876,0.6126335328951802,87.45510913964048,0.16206896551724137
2018-01-05,0.11782079679581181,0.49802465184436967,0.5342828662545603,21.601111920092535,0.6116122901708236,87.17213424346347,0.16091954022988506
2018-01-09,0.11600603664637449,0.4910453448142997,0.5311222306209022,21.677221564203798,0.6175273355018036,87.02917638628578,0.13333333333333333
2018-01-11,0.11522455210934854,0.48755391857308333,0.5279117840778277,21.729191300457014,0.6204780835695419,86.92221257991739,0.1425287356321839
2018-01-16,0.11487171652587062,0.4870871654585426,0.5293609946182593,21.79277057514979,0.6205071663520114,86.83819215295877,0.1425287356321839
2018-01-18,0.11375763784819012,0.4829350598844675,0.5271021324536873,21.824288884758026,0.6239259250145828,86.74041861034115,0.12873563218390804
2018-01-22,0.11276020680009408,0.4797045603266033,0.5239207487190224,21.875571969004508,0.6268502176090643,86.77553511858372,0.11494252873563218
2018-01-24,0.1104578733382097,0.47124624190927383,0.5140201694626049,22.012397568252478,0.6335713598277601,86.47583181993231,0.11494252873563218
2018-01-26,0.1096374076855157,0.46681265538976857,0.5102400507602389,22.078340602942443,0.6377096367146398,86.39313744548147,0.10804597701149425
2018-01-30,0.10954577658312518,0.4715326701489008,0.5113780705200599,22.083619378150285,0.6348246114583498,86.50921435424719,0.0839080459770115
2018-02-01,0.10821434779547479,0.4675861459711271,0.5110683366898957,22.14952230472493,0.6395132180809459,86.48130039577076,0.06321839080459771
2018-02-05,0.11239512202938337,0.49138198491157575,0.5210583647308558,22.01384647413396,0.6197093396197515,87.37982311908844,0.04367816091954023
2018-02-07,0.11138005613932855,0.48746269727517655,0.5175077949556942,22.046149731161968,0.6226348759756767,87.19958138904917,0.054022988505747126
2018-02-09,0.11236407732367129,0.4927531513098756,0.5179870601781051,22.066209629277054,0.6183361294261949,87.44725219257958,0.05862068965517241
2018-02-13,0.11271126775970527,0.49480911920407933,0.5187919638619232,22.070366679876855,0.6168147770493462,87.44113609384891,0.04942528735632184
2018-02-15,0.11224207596440819,0.49269786529160864,0.5144084224359847,22.131131583234144,0.6179926532943469,87.50653088007643,0.041379310344827586
2018-02-20,0.11213529665542414,0.4923482594476594,0.5151148140536622,22.14377086506728,0.6186243105507906,87.53249556793314,0.03908045977011494
2018-02-22,0.11216963990313947,0.4936299910083723,0.5176996752996617,22.169359883470023,0.6182806060010541,87.50061123384019,0.03218390804597701
2018-02-26,0.11162723394225971,0.4923448401225745,0.5149381546707221,22.222048549623,0.620183494635003,87.61884205905561,0.03218390804597701
2018-02-28,0.1121200421690965,0.49558153403454236,0.5157267292977561,22.21836837455291,0.6173641672964071,87.80061278645437,0.0367816091954023
2018-03-02,0.11155481612911196,0.4950894015513854,0.5115297122435106,22.32246164216284,0.6189079727493217,87.70490652345713,0.04252873563218391
2018-03-06,0.11172297602552475,0.49579012353182556,0.5120262560810379,22.33476514181598,0.6183382650649614,87.68018872269519,0.0367816091954023
2018-03-08,0.11117053244812665,0.4936140754087233,0.5092159798050886,22.36894225874217,0.6203713567496354,87.66855015368517,0.0367816091954023
2018-03-12,0.111351582084854,0.49426383723241746,0.5079841472230783,22.365356708053636,0.6194556269838782,87.63558341098927,0.03793103448275862
2018-03-14,0.11108990938874681,0.49426371558260623,0.507712705445026,22.364095319474433,0.619428038608419,87.68068863172249,0.03333333333333333
2018-03-16,0.1111411626104387,0.4942499477297362,0.5080831423061063,22.369429289640454,0.6195259363554619,87.63168015373766,0.029885057471264367
2018-03-20,0.11097874350703373,0.49490642075505564,0.5071700254166528,22.44607748179114,0.6195518960437473,87.70960417125684,0.022988505747126436
2018-03-22,0.11213410940833293,0.4980384347663629,0.5123098467207752,22.377840460175346,0.6154339923983466,87.82121401238943,0.022988505747126436
2018-03-26,0.11385269525487739,0.5046814621309066,0.5164309634622063,22.309611418824133,0.6090182724213572,88.11132930449406,0.01839080459770115
2018-03-28,0.11412587603519185,0.5038925958678888,0.5182688189239273,22.304054156097187,0.6087088847710447,88.01241189294382,0.02528735632183908
2018-04-02,0.11538143863897685,0.5093426491444131,0.5222823587796454,22.237291351359268,0.6035154766598202,88.18581860275795,0.027586206896551724
2018-04-04,0.11583857115831488,0.5114704686008854,0.5232163270502679,22.239579799621684,0.601911214283095,88.28487038294107,0.03333333333333333
2018-04-06,0.11667423185605284,0.5152707554041803,0.52777650198754,22.22324393044619,0.5985095395091508,88.35847112295251,0.041379310344827586
2018-04-10,0.11698232105066124,0.5171710235867256,0.5299616591593963,22.226141025149353,0.5976365531630439,88.4100996128472,0.040229885057471264
2018-04-12,0.11700493783426397,0.5166045585811467,0.5298998610643625,22.22780929676002,0.5978632020085684,88.39557478384249,0.041379310344827586
2018-04-16,0.11709323377889934,0.5180188590629234,0.5306294669018462,22.22768763049902,0.5969665246059618,88.39117164125452,0.04367816091954023
2018-04-18,0.11713840525805351,0.5179067904320928,0.5313042700542431,22.21756646779423,0.5964796464189442,88.42292446101986,0.04367816091954023
2018-04-20,0.11734361206303467,0.5175445208021888,0.5273055818635816,22.274026431449315,0.5974396849563226,88.31988379959877,0.06206896551724138
2018-04-24,0.11755720121200564,0.5190620387592986,0.5296948965522581,22.289953778061058,0.5963355688223044,88.37275291567354,0.05862068965517241
2018-04-26,0.11741617418396828,0.5169261074897257,0.5277596567111548,22.329263414282195,0.5987380900494963,88.21665081456663,0.05632183908045977
2018-04-30,0.11708921022878231,0.5149497200622603,0.5242597573118514,22.380329792073606,0.6010919037293017,88.1883653982024,0.05747126436781609
2018-05-02,0.1170750449925174,0.5138017745077789,0.5227582211599595,22.40033667821125,0.6019781895493567,88.17843510670804,0.052873563218390804
2018-05-04,0.11685426715015579,0.513797642324428,0.5226212812754513,22.460927576335994,0.6024365841742003,88.1083284046111,0.06551724137931035
2018-05-08,0.11672623528581728,0.5137446873149873,0.523960648082383,22.48245269381336,0.6028504561105875,88.05798918418698,0.06551724137931035
2018-05-10,0.11656034435776165,0.5125849337328008,0.5234120769211865,22.50061337202908,0.6040112473508561,88.05975297651669,0.054022988505747126
2018-05-14,0.11629731004971687,0.511971039696065,0.5241905951550688,22.52928966626757,0.6048011258493926,88.03396978977644,0.05632183908045977
2018-05-16,0.11635800962890341,0.5129982404748489,0.5247790330274069,22.523515577664963,0.6041230426551489,88.04436957499958,0.05747126436781609
2018-05-18,0.11601961743774188,0.5117620193128393,0.5241994934695071,22.53782968507679,0.6052197683711729,87.9965143188124,0.05517241379310345
2018-05-22,0.1160762429888217,0.5119406325952673,0.524260227973289,22.552390933348658,0.60526818545269,87.99084461067123,0.06091954022988506
2018-05-24,0.1160671120378205,0.511707199776454,0.5244401743295083,22.5565970797479,0.6054373324679521,87.99068289542215,0.06206896551724138
2018-05-29,0.11617820419682849,0.5117774178029992,0.5247666555628825,22.55707719743757,0.6052918403819654,88.01833137267991,0.05747126436781609
2018-05-31,0.11664331001133317,0.5142558344360472,0.5271144572825476,22.55166750247756,0.6036053932559534,88.13439587593366,0.06666666666666667
2018-06-04,0.11676221925948468,0.5141853005442131,0.5278415164098959,22.546095248942105,0.6032312676812795,88.09333944776624,0.06091954022988506
2018-06-06,0.11650542306691124,0.5127712271616682,0.5264453793664532,22.590861607842374,0.6044689325191064,87.98361973603902,0.07011494252873564
2018-06-08,0.11638729430998893,0.5118228227567669,0.5255580672981462,22.605814220851776,0.6053703128305649,87.98532181864228,0.07241379310344828
2018-06-12,0.11639486071128731,0.5119837411020826,0.5256603819534929,22.613065496936063,0.6053908718328411,87.99946242889719,0.07701149425287357
2018-06-14,0.11628157197079843,0.511640567745404,0.5256231968712395,22.63462418044681,0.6059222368343194,87.9934595436654,0.07816091954022988
2018-06-18,0.11627939641742202,0.5105157118370568,0.5245099047225774,22.6327308840761,0.6063059428980793,87.87265323022673,0.07011494252873564
2018-06-20,0.11257868195710935,0.49455108887550714,0.5082552890887926,22.833555396082666,0.6210112419636957,87.22375271973632,0.07816091954022988
2018-06-22,0.11071447000279584,0.4885284910368822,0.5001095065481457,22.95561687433264,0.627166806185323,86.92350399887405,0.09080459770114943
2018-06-26,0.10973014433235737,0.4838381117946481,0.49817667468949006,22.985362505002044,0.6305159496986442,86.89668014617664,0.11264367816091954
2018-06-28,0.10954704029228714,0.48339671411251117,0.4963123968406645,23.007909683787645,0.6312659888840535,86.87065776650147,0.11149425287356322
2018-07-02,0.10943892600350197,0.4827352799013776,0.4957800040623323,23.027661617860353,0.6319956961762796,86.75756982387715,0.10344827586206896
2018-07-05,0.10880377940862156,0.47996551160977224,0.49243478448884187,23.067677922707038,0.6346211565596287,86.77724605065337,0.10804597701149425
2018-07-09,0.10880549678026373,0.47977284581336077,0.4921361842630553,23.071622925783085,0.6343752144945274,86.74543601721571,0.1103448275862069
2018-07-11,0.10899498084957848,0.4796686450225525,0.49256907613514017,23.077163405900578,0.6344181634271886,86.75834691261238,0.10689655172413794
2018-07-13,0.10897568466038643,0.47945235467671043,0.4923195245124345,23.0873899277512,0.6345661677348355,86.76567198233963,0.10459770114942529
2018-07-17,0.10900209903300019,0.4794505487556911,0.4925118806867593,23.09295221187926,0.6346834056007795,86.76635807397373,0.10689655172413794
2018-07-19,0.10899199358484998,0.478200924451581,0.492126825195594,23.110598326722084,0.635818218050899,86.76004481069441,0.10229885057471265
2018-07-23,0.10892852925473646,0.47934513911477916,0.4929995864824367,23.134133928850275,0.6356199569406171,86.81562291932799,0.09540229885057472
2018-07-25,0.1089983730630874,0.4789707812026372,0.4927997706514176,23.14882671068209,0.6361913553221258,86.79720980481699,0.0896551724137931
2018-07-27,0.10884479002322518,0.4733131200372936,0.48556447005861963,23.214735634291056,0.6414642290565422,86.54034420026619,0.10229885057471265
2018-07-31,0.10908332407843088,0.47329465030754075,0.4856481844436173,23.226746430339624,0.6418360430820299,86.53036522837498,0.10459770114942529
2018-08-02,0.10907988008794281,0.47251040702545927,0.4846713051749004,23.25397190879799,0.6431657205934326,86.49723917822602,0.1103448275862069
2018-08-06,0.10913292994142501,0.47236689501215884,0.48450411749486577,23.2675849732663,0.6433295951618471,86.48939899978011,0.11264367816091954
2018-08-08,0.10909814380455783,0.4719574271829165,0.4842161675145324,23.27770997751228,0.6436985235516497,86.47109488240721,0.11494252873563218
2018-08-10,0.10907905789838845,0.47143762873763106,0.483496460010799,23.302165378544547,0.6445460903242025,86.445518131373,0.11264367816091954
2018-08-14,0.1091780930077091,0.47167916730066495,0.48372375967870285,23.30131942890681,0.6443877028132377,86.47170547826013,0.11149425287356322
2018-08-16,0.10957204031321119,0.4725385555283591,0.48545697330727455,23.27368450730617,0.64320960805195,86.46536511692823,0.11724137931034483
2018-08-20,0.10949368190722229,0.4724277099709038,0.48503527006222097,23.284932258834083,0.6433616483462078,86.45338019697877,0.11149425287356322
2018-08-22,0.10954934619613199,0.47183815594824896,0.4849526642897475,23.28119128160075,0.6434900028600384,86.3854519358773,0.1103448275862069
2018-08-24,0.10955304494170841,0.4715769738997681,0.4849217972658247,23.28464627329818,0.6436276692009069,86.37444066425994,0.10574712643678161
2018-08-28,0.10965679185896321,0.4718463020864924,0.4853709699796141,23.27623171114729,0.6432391327823216,86.3810074948157,0.10804597701149425
2018-08-30,0.10968747785230536,0.47232840292515826,0.4865063273901396,23.275423476039393,0.6427450102109857,86.4237354644442,0.1103448275862069
2018-09-04,0.1097034127089945,0.4725166005117093,0.4871413997957565,23.28084460070002,0.6427644332767231,85.92442861904001,0.11379310344827587
2018-09-06,0.10711942074899387,0.45847653652863873,0.47714632388590306,23.405649419832457,0.6535014575883529,85.47738582351698,0.09080459770114943
2018-09-10,0.10630965382692194,0.4545947870478513,0.4734347308668706,23.462051122434893,0.6564458868160349,85.41952637512478,0.08735632183908046
2018-09-12,0.10608089213425752,0.4527190926780615,0.47112474682777483,23.48200159319914,0.6581234513068585,85.40236263735179,0.08620689655172414
2018-09-14,0.10608586709642326,0.4525039058647344,0.47104407088080125,23.488181729529504,0.6583392228174172,85.33305956835571,0.07931034482758621
2018-09-18,0.10556974371475938,0.4497854751197442,0.4691537907907643,23.518536384757414,0.6601402935348413,85.23454404053395,0.08275862068965517
2018-09-20,0.10549111386273244,0.4487366540582543,0.4689092990580361,23.539739600337253,0.6610803605739861,85.21272100209147,0.08275862068965517
2018-09-24,0.10543684431165407,0.44959266696161143,0.46883931981472315,23.5545232681115,0.6607297332590786,85.22485704728625,0.07816091954022988
2018-09-26,0.10507478725936102,0.4476646159379705,0.46719621855250365,23.56227899888988,0.6620801627290257,85.180641317814,0.07701149425287357
2018-09-28,0.10496544578098062,0.44649316867998545,0.46624981954590067,23.56034259181373,0.6629268360755859,85.10736800984995,0.07816091954022988
2018-10-02,0.10490048865853763,0.44524390594788515,0.4648812110497111,23.577733975563838,0.6641202492654847,85.01367296165692,0.07816091954022988
2018-10-04,0.10487182235090596,0.4444367066345968,0.46430396698367626,23.582127458437753,0.6644472166612462,84.87424219097285,0.08160919540229886
2018-10-08,0.10449792573252342,0.44168762087245755,0.46191492078834767,23.60757361335138,0.6662918438864837,84.8366696378674,0.07816091954022988
2018-10-10,0.1066772553452702,0.44966596528448755,0.47052421193334387,23.52351594734131,0.6590261562014414,85.16625972252423,0.07471264367816093
2018-10-12,0.10741434936916008,0.45245701107603625,0.47038624584580474,23.484897680906283,0.656102400435337,85.43234653164517,0.05862068965517241
2018-10-16,0.1081859466215459,0.45535946871858735,0.4728752806156935,23.45292774191653,0.6534901337481742,85.58865821846925,0.05517241379310345
2018-10-18,0.10865604216609391,0.4568074943601059,0.47609843942166286,23.433945259048844,0.6518569303194279,85.69292756040603,0.05747126436781609
2018-10-22,0.1085845143618554,0.4549131089878799,0.47574551902189216,23.461978275357232,0.6527743268342111,85.65926887011639,0.054022988505747126
2018-10-24,0.11061459594827427,0.45932906836287346,0.48606235661186137,23.33860873414433,0.6455552319203434,85.88775370466342,0.06091954022988506
2018-10-26,0.11184164002016414,0.45971448925695263,0.4841327024964855,23.297293679922166,0.6449452791478435,85.76051773918705,0.06666666666666667
2018-10-30,0.11275627784917334,0.4615238214926108,0.4863932318523926,23.287563392378654,0.6431343697159125,85.82315384178052,0.08850574712643679
2018-11-01,0.11266017594518474,0.45799999214228937,0.4857271286055337,23.309947365425227,0.6454391740328128,85.67196628949543,0.0839080459770115
2018-11-05,0.11192073775310801,0.4596418724121633,0.4840210717091441,23.409595087698023,0.6475913638460845,85.83299726765202,0.07586206896551724
2018-11-07,0.11248990058489684,0.4663398560952171,0.48968834633279273,23.38876451315875,0.6437756459543342,85.98835035187098,0.07471264367816093
2018-11-09,0.1126669263768209,0.46695394113894456,0.49138354782140103,23.36870617443566,0.6429740625295457,85.9670648724367,0.07586206896551724
2018-11-13,0.11325213599398459,0.46895944808640494,0.493935174673355,23.356298824420247,0.6413378945827763,86.0788030949702,0.07011494252873564
2018-11-15,0.1132799612323379,0.468296627584714,0.49390481357062527,23.367551157265506,0.6418316216124017,85.9959770330373,0.067816091954023
2018-11-19,0.11362378514026006,0.46876784457579646,0.49530990794141716,23.348622227572424,0.6409513369925219,86.0035060624074,0.07126436781609195
2018-11-21,0.1145440634376133,0.4719626056981545,0.4982776369491316,23.30875210156617,0.6383062885967542,86.1512450983445,0.07126436781609195
2018-11-26,0.11489810274151604,0.47388486995048235,0.5000640591273273,23.283532561306103,0.6369337690776485,86.2529929372435,0.06321839080459771
2018-11-28,0.11600981764316319,0.47819536391411177,0.5056037114608644,23.239194051789365,0.6331591830236063,86.4321362325915,0.06321839080459771
2018-11-30,0.11587216481623176,0.477320557093276,0.5045543278390257,23.2645383264155,0.6340749333497085,86.26558351095089,0.06436781609195402
2018-12-04,0.11800636889253045,0.48471454420895066,0.5140919373409,23.141096816059708,0.62623067085059,86.61694781274694,0.07126436781609195
2018-12-07,0.118890209824022,0.48750370819330296,0.5172546706304911,23.10096282404222,0.6233988883191832,86.679782491306,0.06551724137931035
2018-12-11,0.11865167253098448,0.48599469362083564,0.5166848556669148,23.112664104832177,0.6244682642289285,86.63712798977397,0.07126436781609195
2018-12-13,0.11874182999768858,0.4859605377314402,0.5170668065753016,23.103616571204473,0.6241922366258277,86.60686435090875,0.07701149425287357
2018-12-17,0.11999335048243288,0.49132957113280984,0.5199896595691296,23.071010781094085,0.6200823472516992,86.90558640842067,0.07701149425287357
2018-12-19,0.12054243953396653,0.49249054273539616,0.5209143602928763,23.056578943945173,0.6189396853787206,86.90680963195003,0.07816091954022988
2018-12-21,0.12166516909617138,0.4958069949477769,0.5233194787321799,23.03075147796691,0.6163859806170217,87.1121555944699,0.0839080459770115
2018-12-26,0.12708028249575137,0.516064657907492,0.5414884144706382,22.807023996025233,0.5983291344828898,87.95198164119009,0.07586206896551724
2018-12-28,0.12698989227178667,0.5159030502279872,0.541646068963212,22.81879687134849,0.5985093364921505,87.96233598252387,0.08275862068965517
2019-01-02,0.1268220075980505,0.5152289961426777,0.5412903928922627,22.832017646322225,0.5988915935026554,87.96889846772494,0.08045977011494253
2019-01-04,0.13025975415914148,0.5263944585063354,0.5535718277565875,22.698321684252903,0.5890442242012311,88.40441984920939,0.06551724137931035
2019-01-08,0.13060701330939306,0.5274376578150262,0.5542997505152865,22.691603599863306,0.5881496642902453,88.47426836781362,0.059770114942528735
2019-01-10,0.13069307040849554,0.5259744246910194,0.5534728144599479,22.708593048339083,0.5891134658621329,88.45784733313866,0.06551724137931035
2019-01-14,0.13070931548745857,0.526802362959773,0.5540132387850668,22.714551856709704,0.5887519373190719,88.47339096818892,0.059770114942528735
2019-01-16,0.13067864904107318,0.5258927557312431,0.5527994694627946,22.706316546118998,0.5891827137415275,88.43280561075225,0.06091954022988506
2019-01-18,0.13085378585276,0.526880285513026,0.5531157562325965,22.704710708385146,0.5884878582235407,88.47492351235422,0.05862068965517241
2019-01-23,0.13115323470810764,0.5276942370803077,0.5541302943400155,22.68958828590196,0.5875856323986861,88.53933789728674,0.05747126436781609
2019-01-25,0.13126146426731636,0.5268137341072494,0.5538311166865305,22.69461608503279,0.5880986952548691,88.5552323554583,0.052873563218390804
2019-01-29,0.1313191462019152,0.5269167664804577,0.5546209077973204,22.699222757451025,0.5881047959277657,88.53923795516727,0.05172413793103448
2019-01-31,0.13168711731372956,0.527379090246565,0.5548256390241925,22.702304977966143,0.5879598864938669,88.57931321791662,0.05172413793103448
2019-02-04,0.13175241803321855,0.5272888615515564,0.5550831505310307,22.715615905623974,0.5882741711763633,88.57789105658293,0.054022988505747126
2019-02-06,0.13171859109783998,0.5271327202693348,0.5545073832453007,22.712275405526878,0.5883947115573651,88.55319575620845,0.05632183908045977
2019-02-08,0.1317590465083896,0.5265878831992477,0.5540100216109104,22.70896775188521,0.5885783989620915,88.51771539198452,0.054022988505747126
2019-02-12,0.13215008863258462,0.5276203964617697,0.5553782128001923,22.6939668853888,0.5877053560877704,88.57603447003565,0.05517241379310345
2019-02-14,0.13216946239430644,0.527161257067411,0.5549732746602625,22.705453364749204,0.58821725394836,88.51542691777698,0.052873563218390804
2019-02-19,0.13232333028154927,0.5272911274181165,0.5549244072243518,22.71718842150864,0.5883134863766994,88.5616640676469,0.054022988505747126
2019-02-21,0.13231553955299422,0.5274567802624601,0.5553746997051248,22.728838439963155,0.5884173194802252,88.55901697789584,0.054022988505747126
2019-02-25,0.1323360527596315,0.5270079779962811,0.5550927189795379,22.763054516107246,0.5894640462498196,88.47257665237372,0.059770114942528735
2019-02-27,0.1317205621579257,0.5258048391792668,0.5530612523511242,22.79376899304523,0.5909298331417727,88.45195621152766,0.06091954022988506
2019-03-01,0.13178956704079417,0.5256353285365815,0.5531903756313123,22.791537527027625,0.590978072091417,88.44261087736805,0.05862068965517241
2019-03-05,0.13177236541855036,0.5254825987218238,0.5533287825802917,22.79602403965783,0.5911067480970036,88.46179531620959,0.05632183908045977
2019-03-07,0.13195947785589324,0.5259140457146683,0.5541489380157657,22.791142196798692,0.5906406881335825,88.46642814682451,0.05862068965517241
2019-03-11,0.13227276492158152,0.5265683189032888,0.554600416216367,22.791765985993965,0.5902875325320249,88.41463627014667,0.06321839080459771
2019-03-13,0.13199958257812777,0.5254073455970256,0.5538658061320523,22.810844299056814,0.5912720756615101,88.40405434601261,0.06551724137931035
2019-03-15,0.1320468714116316,0.5256514699985375,0.5542828073128901,22.809127985556636,0.5910330216319916,88.43367233696377,0.06666666666666667
2019-03-19,0.13174722477532486,0.5254289725399145,0.5532323822219676,22.832236479544108,0.59189520091155,88.4423000177481,0.06551724137931035
2019-03-21,0.13203812550017502,0.5262577299837171,0.5539316623004663,22.828792313586,0.5913383678845473,88.50069966066707,0.06321839080459771
2019-03-25,0.13291638137716502,0.5275689464451536,0.5572581235491358,22.789454593689737,0.589349779194747,88.54058765565937,0.06321839080459771
2019-03-27,0.13300112734259048,0.5281065476209014,0.5575749885138835,22.787740123387525,0.5889138032520331,88.56020676599525,0.06436781609195402
2019-03-29,0.13310487841698354,0.5281288737058882,0.5577864303091504,22.792391919043272,0.5889490411733765,88.5705171675897,0.06091954022988506
2019-04-02,0.13337157983918455,0.5283322460673135,0.5589960577796986,22.78500726341827,0.5884615963359477,88.54598644680475,0.06436781609195402
2019-04-04,0.1334032421375132,0.5277729396496675,0.5582811923322406,22.7931375393166,0.5890229685926917,88.53717852461905,0.06551724137931035
2019-04-08,0.13344979012647407,0.5277453485712096,0.5582552575311225,22.797107957710505,0.5891235597582879,88.55562750071552,0.06436781609195402
2019-04-10,0.13335684064344047,0.5279323790451776,0.558369098770919,22.808856950926444,0.5892441475017332,88.5246472827055,0.06206896551724138
2019-04-12,0.13331142469871055,0.5277721019464368,0.5579347448425523,22.80996603582589,0.5894427540967349,88.56099417309109,0.05862068965517241
2019-04-16,0.13318966888463976,0.5275802798819175,0.5579211548079535,22.822696054165437,0.5898055701580549,88.55364499258273,0.06321839080459771
2019-04-18,0.1329678002284763,0.5258345640944768,0.5564663721586289,22.859366065573404,0.5916657016889864,88.48455355870466,0.06206896551724138
2019-04-23,0.1329802893183797,0.5253916567966571,0.5558466750452367,22.866490565430325,0.5922420818281148,88.49023620155685,0.06091954022988506
2019-04-25,0.13321406799884153,0.5243815330515923,0.5556085301458116,22.907471742070335,0.5938019276651535,88.47386738962733,0.05747126436781609
2019-04-29,0.13331909542147358,0.5246619182787086,0.555760868303838,22.91505104251029,0.5937101385993365,88.49722537286054,0.054022988505747126
2019-05-01,0.1335004132697722,0.5257833376402148,0.5566907857043476,22.910275707103587,0.592752092659986,88.52509970693811,0.054022988505747126
2019-05-03,0.1337804413926041,0.5268688781025129,0.5582360772439975,22.904403188393324,0.5919204379013777,88.60562179885139,0.05632183908045977
2019-05-07,0.13428350995412644,0.5286475392307812,0.5604948556688766,22.88867841463187,0.5903536299471239,88.69818060331522,0.054022988505747126
2019-05-09,0.13428701663526513,0.528656964339734,0.5604017888861527,22.891572647370825,0.5904679272227569,88.68529617507104,0.052873563218390804
2019-05-13,0.13550533125157835,0.5316610141679966,0.5649733403455737,22.83106075233765,0.5869885176539783,88.7312963710785,0.05517241379310345
2019-05-15,0.13512211918409203,0.5311020549745654,0.5633778752254279,22.85190420696426,0.5879873223635894,88.73350607313006,0.05862068965517241
2019-05-17,0.13514651141335457,0.5308161514965096,0.5632794120743557,22.847246514920066,0.5880959924031554,88.73294747141699,0.05862068965517241
2019-05-21,0.1353859488455134,0.5311454722535481,0.5641936592104789,22.834563765643892,0.5876031683003538,88.73669335810195,0.059770114942528735
2019-05-23,0.13578875114235336,0.5318518972478207,0.5660843540916303,22.81464039248061,0.5864415878183281,88.77564174033238,0.05632183908045977
2019-05-28,0.13599673901384537,0.5326694853011966,0.5662307948385695,22.80756866665698,0.5856654257063295,88.79352522457432,0.05632183908045977
2019-05-30,0.13590997314104647,0.5322831879743375,0.5658382232478155,22.819510500043044,0.5861534490495842,88.79282567143403,0.05517241379310345
2019-06-03,0.1364494799843516,0.5325749425609235,0.5659652131033208,22.819541425863108,0.5861506678369899,88.8326018783528,0.05632183908045977
2019-06-05,0.13752570604799663,0.5359006045482559,0.569664203594953,22.77014158448918,0.5828124088563289,88.98538532977258,0.06091954022988506
2019-06-07,0.13769502117941654,0.5374450984652624,0.5710645698672658,22.754131810820198,0.5812543129369354,89.01270293263744,0.06091954022988506
2019-06-11,0.13762044380396385,0.5372077532003128,0.5710696640931927,22.7700346900392,0.581686138891103,89.01019074204584,0.059770114942528735
2019-06-13,0.1376896266187107,0.5376759343702369,0.5716652167776093,22.76753633190678,0.5812659045691472,89.02311415238118,0.05747126436781609
2019-06-17,0.13750855314488614,0.5367223687209909,0.5707932370849622,22.77980347270261,0.5822113623644458,88.99253501208631,0.05862068965517241
2019-06-19,0.1377159539341756,0.5367773530845045,0.5715626815907797,22.768651264878898,0.5816981394482307,88.99010787310195,0.059770114942528735
2019-06-21,0.13782886683129905,0.5373718462686393,0.5723306303166341,22.76587525954839,0.5811256034064045,88.99272255280493,0.06091954022988506
2019-06-25,0.13757922337911338,0.5364602892343078,0.5713259023433161,22.777815164083112,0.5820085475356487,88.94352747671165,0.06091954022988506
2019-06-27,0.13751767901182732,0.5360355918943261,0.571377414442739,22.777946900733447,0.5819363913172244,88.95804959826086,0.05862068965517241
2019-07-01,0.13767553207160657,0.5369667121914989,0.5722744316064741,22.768411392091195,0.5811188199387886,88.9333704569291,0.06321839080459771
2019-07-03,0.13756343791865616,0.536159612133508,0.5710757476475069,22.769765492920694,0.5815952061539994,88.93602447438026,0.06091954022988506
2019-07-08,0.1376141679537393,0.5364205205710275,0.5715117852648136,22.77115498800242,0.5814786744311952,88.92884967480931,0.06091954022988506
2019-07-10,0.13757631444983534,0.5360189579202812,0.5711106747706914,22.77247772826319,0.5817871028862578,88.90998500988088,0.059770114942528735
2019-07-12,0.13768718803432647,0.5355358926183271,0.571176842419375,22.77679060276302,0.5821442842955477,88.91250252462204,0.05862068965517241
2019-07-16,0.1375837800352933,0.5354862599050273,0.5714826934054841,22.77838630061488,0.5820462157353191,88.89746657060753,0.059770114942528735
2019-07-18,0.1377404458073226,0.5349508612368883,0.5703766847999217,22.78374457243287,0.5825378860125219,88.86213870002315,0.054022988505747126
2019-07-22,0.13765486681407227,0.5350253254583,0.5703951306723588,22.773073348035712,0.5821481103614009,88.89085008867849,0.054022988505747126
2019-07-24,0.13785541736181417,0.5361019171868755,0.5717172978534514,22.75057739336312,0.5809289418084036,88.94490381234415,0.05632183908045977
2019-07-26,0.13791169182922808,0.5340740573704942,0.5672377976069145,22.726645817922716,0.5822385111383439,88.8157199526698,0.054022988505747126
2019-07-30,0.13793684484429813,0.5338385433710635,0.5669982481491047,22.72344912072167,0.5823503959782245,88.82160990410912,0.052873563218390804
2019-08-01,0.1386683362646281,0.5350624540671877,0.567604962869407,22.689575364018943,0.5810945909166899,88.8697257542815,0.05172413793103448
2019-08-05,0.1400591335715025,0.5399138206971756,0.5716006028351971,22.628214561984432,0.5767397380428945,89.08068097518304,0.05632183908045977
2019-08-07,0.13987157009199536,0.5385575194049282,0.569783980467848,22.656566998315753,0.5782016423396933,89.0320867895967,0.05172413793103448
2019-08-09,0.14051144294754064,0.5405425370415375,0.5719156220075614,22.629637100928484,0.5764782543916925,89.15565430893592,0.04942528735632184
2019-08-13,0.14103443838722504,0.5423158551470081,0.5738041971942499,22.60884684763014,0.5748668487755623,89.13673406416653,0.05517241379310345
2019-08-15,0.14197055954809776,0.5447612874383313,0.5765187383693194,22.572596203526306,0.5722268714593675,89.25876719194615,0.05862068965517241
2019-08-19,0.14250894542589237,0.5466453051453937,0.5782813472201941,22.54912478422007,0.5705929314977992,89.32963685041615,0.054022988505747126
2019-08-21,0.14268028509363154,0.5474404499454593,0.5789965216148946,22.538714757178475,0.5699283324725368,89.35772012848753,0.054022988505747126
2019-08-23,0.14389827904182861,0.5513366894647762,0.5825384377029155,22.486139358198923,0.5663967934511475,89.47656402602415,0.05747126436781609
2019-08-27,0.14410090426086844,0.5515125676931903,0.5817677700757032,22.485723680387487,0.5663156357893572,89.43816112052004,0.05862068965517241
2019-08-29,0.1444622449361769,0.5523932217421021,0.5825528382676146,22.4610919510139,0.5651974120894192,89.47121302892886,0.05632183908045977
2019-09-03,0.1444879835197376,0.5520906239123072,0.5826654351637125,22.45404195349912,0.5650956464201369,89.47130841847599,0.054022988505747126
2019-09-05,0.14494930455852476,0.5525518514343531,0.5836350320489987,22.42988807530998,0.564071108984234,89.42167413572628,0.05862068965517241
2019-09-09,0.14489476044633212,0.551474000625946,0.5823347801214126,22.43020283592505,0.5650141985817189,89.41914764861767,0.05632183908045977
2019-09-11,0.14521398317792944,0.5514300608294569,0.5824647041637337,22.418252305656075,0.5649000607890833,89.39398506615667,0.059770114942528735
2019-09-13,0.1451893922130676,0.5511919046427441,0.5819913559412591,22.41896264974571,0.5650310845155558,89.38064349128044,0.059770114942528735
2019-09-17,0.14521484451666766,0.5507494255876234,0.5812154253570446,22.42335648178653,0.5654680088235935,89.36851733104983,0.05747126436781609
2019-09-19,0.14522861496550865,0.5507188717266209,0.5810569684825447,22.4173140352152,0.5654277787719165,89.38089125520686,0.05632183908045977
2019-09-23,0.14529672362720353,0.5508640284045181,0.5810610861553714,22.41703441452794,0.5654135219681506,89.38688928660306,0.05517241379310345
2019-09-25,0.14566349502054377,0.5516280892532555,0.581897402446728,22.39531678675866,0.5646930540765929,89.39702917319192,0.054022988505747126
2019-09-27,0.14563957808233302,0.5514359948609585,0.5815352671635144,22.39543205943849,0.5648684970723405,89.39474380611749,0.05517241379310345
2019-10-01,0.14600065733824616,0.5521206658469084,0.5824533361390559,22.38235985361065,0.5640819318868642,89.41661346803451,0.05517241379310345
2019-10-03,0.14652096463509912,0.5540335458379372,0.5837014516641863,22.36532796013835,0.5624057218850742,89.50513078370041,0.054022988505747126
2019-10-07,0.14676352192285375,0.555014869462176,0.5843387117039555,22.355764472890453,0.5615469971527085,89.54415046655923,0.05517241379310345
2019-10-09,0.14725983578695165,0.556956193113065,0.5860051771409485,22.32943796763378,0.5597580473630533,89.62237902043768,0.054022988505747126
2019-10-11,0.14774683682028517,0.5575125119720306,0.5875209738317517,22.30329722806185,0.5587962908145593,89.64242746979471,0.054022988505747126
2019-10-15,0.14783520615333806,0.557404239432292,0.5877407716484714,22.303010425120874,0.5588192574722368,89.64011252863313,0.05517241379310345
2019-10-17,0.14781649906015215,0.5577204700591298,0.5878944547181139,22.302211966109756,0.5586681209679075,89.64827371403432,0.054022988505747126
2019-10-21,0.14780987511259175,0.5574864623262418,0.5873570166673261,22.30392177549036,0.5590079608521825,89.64629178849037,0.05172413793103448
2019-10-23,0.14775644381210576,0.5565423924240643,0.5863435539643069,22.310699852853666,0.559807968546085,89.63511947343218,0.05747126436781609
2019-10-25,0.14780516642661706,0.5558519902640455,0.585223298716993,22.298394359846196,0.5600939335436347,89.58927000141655,0.054022988505747126
2019-10-29,0.14782737788921227,0.5553598432178077,0.5842707475502682,22.289056176530156,0.5603854779022985,89.5740795765723,0.05747126436781609
2019-10-31,0.1479395726801993,0.554751040159084,0.5832272662540423,22.28539056679509,0.5608772696041519,89.54172852131879,0.059770114942528735
2019-11-04,0.1482405708515721,0.5540719924372849,0.5835133653489972,22.282963496513894,0.5612116927384053,89.5203381961144,0.05862068965517241
2019-11-06,0.14821708595165392,0.5539032113435313,0.5833032938294153,22.286404492773627,0.5613559865826028,89.50926640829499,0.059770114942528735
2019-11-08,0.14821550595804733,0.5536815403001238,0.5831877391146092,22.287412084422378,0.5614654411154165,89.51029705284216,0.06091954022988506
2019-11-12,0.14816268704366822,0.5535055751628526,0.582617424652207,22.294365940145944,0.5618165703450941,89.48201638796662,0.05632183908045977
2019-11-14,0.14795917475033432,0.5530387157040912,0.581848661677268,22.29151770806089,0.5620903565042783,89.47145447810243,0.05747126436781609
2019-11-18,0.14793121004575055,0.5526507372864806,0.581312170516321,22.299869730992167,0.5625540432932363,89.46220168458187,0.05862068965517241
2019-11-20,0.14795755990688672,0.5523237695203316,0.5810247387645775,22.305456286303112,0.5628503339992794,89.44687830057337,0.05862068965517241
2019-11-22,0.1477481170154123,0.5517638288367195,0.5803631986348907,22.306760545996745,0.5632579540974811,89.44650123398868,0.06321839080459771
2019-11-26,0.14778139673720764,0.5526309708420436,0.5814063197376841,22.288957047778055,0.5620754728182098,89.43283486086742,0.06206896551724138
2019-11-29,0.1478017179413012,0.5539710831138726,0.5828481776039454,22.27490249919305,0.5607401742450353,89.46880299580208,0.06321839080459771
2019-12-03,0.1479176341238595,0.5543853394585785,0.5833693704597911,22.262509860095363,0.5602551066421741,89.49588622462969,0.06436781609195402
2019-12-05,0.14793192638237349,0.5546245243900365,0.5832566813663889,22.266195122058523,0.5602635169993349,89.49797419382307,0.06321839080459771
2019-12-09,0.1481156723753431,0.5554104402363051,0.5840725228728691,22.249272709869427,0.5593993243653081,89.5206362875174,0.06551724137931035
2019-12-11,0.14809997414719547,0.5554867207319336,0.5839249864277157,22.246489651349293,0.5593133158834606,89.4998402128706,0.06551724137931035
2019-12-13,0.1480356932850992,0.5550490814096674,0.5836640877626422,22.251017045185677,0.559664755155284,89.50745014287564,0.067816091954023
2019-12-17,0.1480885813180745,0.5550607598618158,0.5830814079955241,22.253620929342635,0.559922378193622,89.51190726381805,0.06666666666666667
2019-12-19,0.14808053457223866,0.5549475160501548,0.5827933980580076,22.25560655077088,0.560085001197058,89.5070565936472,0.06666666666666667
2019-12-23,0.1481048157245401,0.5548737557929544,0.5826973052958655,22.257292634910154,0.5600710695798135,89.50515718615576,0.067816091954023
2019-12-26,0.1480626517714713,0.5547562225964633,0.5825306554590323,22.261251238645453,0.5602436505186823,89.5201563309051,0.067816091954023
2019-12-30,0.147945342734403,0.5556425118255829,0.5827632225395246,22.255125882076218,0.5597217291535144,89.53669251252066,0.067816091954023
2020-01-02,0.14793555345757817,0.5549719781610624,0.5822030321449109,22.25625216003243,0.5601174140907181,89.50342633215226,0.06896551724137931
2020-01-06,0.14797408686388291,0.5551961856912497,0.5823806492754267,22.248360810607558,0.5597956072165092,89.52124510090091,0.07241379310344828
2020-01-08,0.14780197376489923,0.5549970406252573,0.5816997398186962,22.255677261830765,0.5601783026660947,89.50749051704189,0.06896551724137931
2020-01-10,0.147740562619749,0.5548107500840442,0.5813729945984637,22.257363194933404,0.5603860714722363,89.48918500127454,0.07241379310344828
2020-01-14,0.14778041066122388,0.5545670900564389,0.5812887998003673,22.263408804828735,0.5607655551272218,89.4799094196042,0.07126436781609195
2020-01-16,0.14774956673506684,0.554504168550224,0.5811210471979722,22.258214366093593,0.5606675316788061,89.48971294343842,0.07011494252873564
2020-01-21,0.14783055091015512,0.5549147693237402,0.5812953506060075,22.230758239165294,0.5598841570275019,89.51178967000367,0.07471264367816093
2020-01-23,0.14772047787899945,0.5547841653414867,0.5809490439289807,22.226843187395616,0.5598986163782731,89.45656746559294,0.07126436781609195
2020-01-27,0.148097394343047,0.5557568395669271,0.5823346938053019,22.214639956459024,0.55905374305464,89.49616834373373,0.07816091954022988
2020-01-29,0.14817419628531805,0.5559143835082725,0.5824862597223588,22.208447391585576,0.558838053884879,89.3991098846278,0.07701149425287357
2020-01-31,0.14556759262418256,0.546105565653623,0.5755705318571243,22.340041423790048,0.5681651352469382,89.08491582861046,0.07241379310344828
2020-02-04,0.14575862084693297,0.5450038909127032,0.5742766679904014,22.35055154804908,0.5694815540018267,88.86742301139536,0.0735632183908046
2020-02-06,0.14396198307886693,0.5363747588260972,0.5642582480476904,22.42692015102412,0.5777256055507409,88.71366692176095,0.06896551724137931
2020-02-10,0.14379065909856584,0.5352960042718156,0.5636089811960847,22.4385528974117,0.578580374942694,88.7459345471926,0.06666666666666667
2020-02-12,0.14329841194653892,0.5343782165258295,0.5624537949582462,22.462175370329188,0.579868394439809,88.73987900366294,0.06551724137931035
2020-02-14,0.14315374400971836,0.5341159460701301,0.5625492340283155,22.450958156876254,0.5797418213844913,88.72578386797359,0.06321839080459771
2020-02-19,0.1431991244023509,0.5341661533357097,0.5624871731276256,22.44845113574507,0.579729933296621,88.66740162845798,0.06321839080459771
2020-02-21,0.14282382316966583,0.5326388820555948,0.5610081575654836,22.443026234891313,0.5806864571175635,88.61431777870666,0.059770114942528735
2020-02-25,0.14579170270217703,0.542792492955298,0.5701235030912416,22.327770841073388,0.5716944169130932,89.14022189438434,0.05517241379310345
2020-02-27,0.148229396954855,0.5511385047201659,0.573057356941209,22.234358505858516,0.5642830591837875,89.49126456474876,0.040229885057471264
2020-03-02,0.15014585598011013,0.5560973768525346,0.573114701620907,22.19113726494173,0.5591294752985818,89.73192857552836,0.04827586206896552
2020-03-04,0.15317213249935502,0.5655145820527332,0.5792079483232819,22.07628951474573,0.5502291943526776,89.9599363805919,0.07011494252873564
2020-03-06,0.15542762866105875,0.571279677840901,0.5853091849053845,22.020663109381598,0.5453737100779437,90.17426436285899,0.08505747126436781
2020-03-10,0.16979794247516655,0.6091172251587595,0.622340654296933,21.476720156924134,0.5102059361657861,91.31684046412137,0.0896551724137931
2020-03-12,0.18923185331439304,0.658472159772301,0.6631741883166632,20.80878179838831,0.463183347528271,92.48695622717644,0.07586206896551724
2020-03-16,0.21220713535788557,0.6964117291738692,0.6962825043780583,20.043463235226092,0.42158046737995275,93.10747202365017,0.4689655172413793
2020-03-18,0.22277987370316907,0.7039555292407271,0.6999959739092342,19.806102459209182,0.4138310082500921,93.05280027761687,0.593103448275862
2020-03-20,0.22505465440910113,0.6991593906446609,0.6956116902159647,19.785726903292556,0.4165036529486966,93.28954555211573,0.6045977011494252
2020-03-24,0.23792716691458327,0.7127261711479649,0.70910405995172,19.432774848692763,0.4009277719913074,93.47484681610302,0.6172413793103448
2020-03-26,0.24088748130693707,0.7116169489130949,0.7073291899535623,19.424882405261634,0.40162038482860685,93.40173325813147,0.5839080459770115
2020-03-30,0.24259350451980358,0.711897992569223,0.7084016837807087,19.404622653571607,0.4009026070024417,93.43436216008824,0.5954022988505747
2020-04-01,0.24420777486722237,0.7118098345342345,0.707569976097794,19.36948922943514,0.4003553454617804,93.45607208581023,0.5942528735632184
2020-04-03,0.24453152714854573,0.7097654783772115,0.7049297558719373,19.421327599232296,0.4027970458035478,93.4157595355719,0.6045977011494252
2020-04-07,0.2501388783216235,0.7159149081101585,0.7115871725850832,19.273167347712214,0.39594207444835194,93.43834897686821,0.6137931034482759
2020-04-09,0.252045510301612,0.7172000541205122,0.7127239316919262,19.25269150987081,0.39490804806172297,93.4640837214874,0.6011494252873564
2020-04-14,0.2528316333831666,0.7161016399266323,0.7113439058510587,19.26946393300342,0.39610165528356445,93.4537030438781,0.6057471264367816
2020-04-16,0.2536873828395885,0.7171946938250601,0.7123430996228348,19.232988457445952,0.3949585171913313,93.48470905405237,0.6103448275862069
2020-04-20,0.2552130523684084,0.7181323053737526,0.7136636211793638,19.18877616689087,0.3936249900422591,93.52613464824653,0.6
2020-04-22,0.2562797863632635,0.7196076257577904,0.7151148760003485,19.171727337714973,0.39218365661642834,93.5731121497681,0.5988505747126437
2020-04-24,0.25630045738702845,0.7186201232472964,0.7133034221558463,19.184450252538596,0.3931696371276756,93.5433678301442,0.5977011494252874
2020-04-28,0.2571416846580888,0.7180075082539211,0.7125499240157647,19.168642066244804,0.3936238104653282,93.54726252907372,0.5896551724137931
2020-04-30,0.2583925201564472,0.7173963649630621,0.7124967945988079,19.13780394873375,0.3936836670858022,93.52392541016918,0.5942528735632184
2020-05-04,0.2593670760262373,0.7178296134145108,0.712319934811652,19.136769392769477,0.39351979299885137,93.51590836372762,0.596551724137931
2020-05-06,0.2593876841070138,0.7168439436523137,0.710902768118372,19.15562798091262,0.3945939252858626,93.50345290665547,0.5919540229885057
2020-05-08,0.2606933278547803,0.7175608014351389,0.7100805720734444,19.111475914125684,0.3937509346955237,93.51470312837849,0.5839080459770115
2020-05-12,0.26131212117006736,0.7176780221695088,0.7104760954623113,19.107335269568456,0.39368680175946924,93.51782231437205,0.5850574712643678
2020-05-14,0.26203039908834996,0.7182068612343524,0.7112902067603319,19.097421075432994,0.3931322898012228,93.5408564714066,0.5839080459770115
2020-05-18,0.26442711393198687,0.7195350774232427,0.7138056016226253,19.04711590187046,0.39158274259179837,93.55737966957709,0.5747126436781609
2020-05-20,0.264892799701313,0.7199387169604804,0.7142484364494621,19.039563809511513,0.39118140489287395,93.5603043569931,0.5712643678160919
2020-05-22,0.2648423486665226,0.7196271346408706,0.7138940353569194,19.045540101031687,0.39150900874334876,93.55446440641585,0.5724137931034483
2020-05-27,0.2658742976250242,0.7190055380140663,0.7139733715177199,19.027477228662192,0.39195859501877944,93.55133475688525,0.5724137931034483
2020-05-29,0.2659041665472731,0.7183018203287512,0.7133016988106261,19.033445788309976,0.39254984836891255,93.53633365378725,0.5712643678160919
2020-06-02,0.26598646144493887,0.7183233762627989,0.7132749558312236,19.032296574341732,0.3925625771017353,93.54120618791673,0.5701149425287356
2020-06-04,0.2665780680326121,0.7179070800682134,0.7132562729368321,19.019153935503812,0.3927825448063319,93.53723451087517,0.5689655172413793
2020-06-08,0.2679221355797239,0.7186689037741869,0.7129870921648195,18.987677245329692,0.3921107796628867,93.55808333972654,0.5597701149425287
2020-06-10,0.2684147295839034,0.7180731830482077,0.7126292656037422,18.983099632851943,0.3926147392350558,93.55413017476887,0.5643678160919541
2020-06-12,0.273096464751926,0.7244047290981682,0.7194408266126644,18.856678609866947,0.38600519849909254,93.68576903561454,0.5551724137931034
2020-06-16,0.2735801348782473,0.7251691981284322,0.7200704841398651,18.850763153550993,0.38533136764715203,93.6825688179821,0.5563218390804597
2020-06-18,0.27358072861077026,0.7250375891452978,0.7197283923352593,18.847760083587797,0.38542536313962644,93.68162376632874,0.5505747126436782
2020-06-22,0.2734689564466138,0.7248973245835294,0.7195705046657384,18.86075882508247,0.3857549099139629,93.68402902231716,0.5517241379310345
2020-06-24,0.27419956099746035,0.7255919521301137,0.7199133291551313,18.835537970657406,0.3849011222643582,93.7214863798683,0.5471264367816092
2020-06-26,0.27478307136503144,0.7263801415983451,0.7206881623826326,18.825780795560426,0.38413232887385557,93.73110844950286,0.5494252873563218
2020-06-30,0.2754009954273949,0.7267850355510422,0.7210690866214936,18.813322912473843,0.3836794498709341,93.71980330514958,0.5494252873563218
2020-07-02,0.2753753229801101,0.7261034364124167,0.720164538652574,18.827269324108464,0.38450870209760424,93.71134459122555,0.5482758620689655
2020-07-07,0.27573544526737936,0.7258206466506806,0.7199047855281973,18.822194606507633,0.3847187239254718,93.70744132418801,0.5505747126436782
2020-07-09,0.27604608250073026,0.7248738616544289,0.7180162074775417,18.81768739505527,0.3855791774916146,93.68402845852806,0.5517241379310345
2020-07-13,0.2763825040989389,0.7243680497865508,0.7169926127377774,18.822870106718387,0.386177438810916,93.70133388971439,0.5482758620689655
2020-07-15,0.2769604222974827,0.7247564988874892,0.7176148820530669,18.807113402460097,0.38562183833827496,93.71085368396895,0.5505747126436782
2020-07-17,0.2769489566053643,0.7244177304570919,0.7173232793998595,18.811318568447096,0.38596402776540384,93.70370023597225,0.5517241379310345
2020-07-21,0.27700515455131863,0.7233495016839193,0.7163276189886862,18.808880107788912,0.386802733411394,93.70375349943541,0.5402298850574713
2020-07-23,0.2770306501685327,0.7242282573668998,0.7180758617801111,18.78434076063093,0.38559134058064976,93.69650784811778,0.5459770114942529
2020-07-27,0.27703089101253664,0.7238720477368157,0.7174587792287477,18.7832703727176,0.3859073925794584,93.68257220773884,0.5436781609195402
2020-07-29,0.2772105666470886,0.7239091053928273,0.7176554480240708,18.778265323009258,0.38583702967418304,93.6876143212838,0.5448275862068965
2020-07-31,0.27726280256247854,0.7234068269811837,0.7171962820551678,18.80254961392107,0.3865669771954434,93.66883974476357,0.5436781609195402
2020-08-04,0.277353058481063,0.7231221794384322,0.7170073416732807,18.82477335507296,0.38706070741941023,93.67523343978357,0.5413793103448276
2020-08-06,0.27740214678765546,0.7228219124674123,0.7166681994330948,18.8235573365512,0.3872802646817995,93.67022292638087,0.5402298850574713
2020-08-10,0.2775738515047841,0.7221027116376474,0.7159837541243133,18.82285252547546,0.3878967199949591,93.67308226362665,0.5379310344827586
2020-08-12,0.27751284806581467,0.7217482785002738,0.7154008976362588,18.832405705455905,0.3883185955810016,93.65508434109647,0.5333333333333333
2020-08-14,0.27748406875927123,0.7215556762562143,0.7151027581180415,18.835554600682908,0.3885210468708164,93.65179135045376,0.5310344827586206
2020-08-18,0.277464133229504,0.7210428080870969,0.7143728121668763,18.84196224092141,0.38911292107281625,93.63960791730875,0.5310344827586206
2020-08-20,0.27743490196584847,0.7209952271352789,0.7142148647587184,18.84145465559188,0.3891568174394762,93.63571209168374,0.5310344827586206
2020-08-24,0.2775742532959424,0.7207519830574571,0.7139412223456674,18.85072876107639,0.3894932234968227,93.63892764100284,0.5275862068965518
2020-08-26,0.2775362509482319,0.7199557977958828,0.7130485990353971,18.865796821518252,0.3903128827608076,93.62750460520783,0.5264367816091954
2020-08-28,0.27763450111396454,0.7199219887059561,0.71283177035269,18.863515429599754,0.390343224305737,93.63236356503195,0.5298850574712644
2020-09-01,0.2777041530348438,0.7190958125081387,0.7117822896458205,18.881896419896243,0.39135636890317405,93.61069183686048,0.5229885057471264
2020-09-03,0.27846579680240796,0.7189390714450873,0.7114017751564353,18.86995938885407,0.39120656311477203,93.59921420612129,0.5252873563218391
2020-09-08,0.2789438010653758,0.7186239402840368,0.7104659106022293,18.876668613767958,0.3916454575563044,93.59819751058457,0.5275862068965518
2020-09-10,0.2793033746262296,0.7187342680649423,0.7102785397332714,18.872152968825432,0.3915159215262938,93.59795700355272,0.5218390804597701
2020-09-14,0.2796230474621145,0.7189246591672764,0.7100275151615636,18.867240406764505,0.3914031784382213,93.59027971944279,0.5241379310344828
2020-09-16,0.2796086093223883,0.7183285938114915,0.7092735765980954,18.866925797263963,0.3918998127823987,93.57696195545701,0.5218390804597701
2020-09-18,0.2795926501795066,0.7177353787734277,0.7079623068090305,18.868338318609183,0.3923941239691204,93.56739504639867,0.5218390804597701
2020-09-22,0.2801252126032214,0.71732880155908,0.7077223045645348,18.86645524804051,0.39272421512553585,93.55075347006608,0.5149425287356322
2020-09-24,0.2806237544228926,0.7172840065124287,0.7077664956333516,18.881910230721083,0.39308451343574996,93.5681851799202,0.5218390804597701
2020-09-28,0.2810811473350711,0.7179372328287086,0.708467830021012,18.869968669222143,0.3923785609228206,93.5828998776751,0.5137931034482759
2020-09-30,0.2811553049245202,0.71824672395024,0.7084230453538883,18.860970877524224,0.3920612703304786,93.59198445837546,0.5137931034482759
2020-10-02,0.2811518941369593,0.7175610441703492,0.7074576190463593,18.865222379847015,0.39268539966198723,93.5823046435039,0.5149425287356322
2020-10-06,0.28075996124661357,0.717651166203194,0.7074435332626928,18.867538916081493,0.39267598614774485,93.57497342263795,0.5333333333333333
2020-10-08,0.2808482259911925,0.718144001274762,0.7079203854213804,18.872574525196537,0.39243501718661916,93.5888909577031,0.5310344827586206
2020-10-12,0.28057675279324185,0.7176052091925045,0.7072052806415613,18.87850970572194,0.39293271713522104,93.58042581915213,0.5252873563218391
2020-10-14,0.2804346792163907,0.717497590226485,0.7070074507211374,18.881733875049036,0.39306292381352864,93.58987166879484,0.5287356321839081
2020-10-16,0.28041867849913277,0.7183099897617523,0.70738718284239,18.86550912352938,0.3922915697458003,93.59760760620742,0.532183908045977
2020-10-20,0.2797983812304852,0.7191773431363336,0.7073494957910016,18.86302302700504,0.39159662654693855,93.61620057520285,0.5218390804597701
2020-10-22,0.27938155747579324,0.719890997615351,0.7096455896451334,18.87018033715548,0.3908398907154973,93.64768594813569,0.5195402298850574
2020-10-26,0.2793551302883123,0.7207431693686762,0.7104066440373983,18.84911555280023,0.3898652317049468,93.65439352091364,0.5310344827586206
2020-10-28,0.27998216092172723,0.7223909218335642,0.7119715792662942,18.824165019845807,0.38819688823108894,93.65567596733422,0.5275862068965518
2020-10-30,0.2800696437288411,0.7218228693744994,0.7104981379940043,18.807873811348777,0.3884802736703667,93.62945712940606,0.5287356321839081
2020-11-03,0.2806718776336525,0.7222836621176244,0.7108931566797824,18.794370205551562,0.3880435016791828,93.6291731699294,0.532183908045977
2020-11-05,0.2809859147957419,0.720943904755042,0.7098195035707684,18.81224253045513,0.38935933166472714,93.59216933563835,0.5252873563218391
2020-11-09,0.28119921463617203,0.7171415062865915,0.7065029637040919,18.843476534623303,0.3930624450542064,93.5323731667884,0.5172413793103449
2020-11-11,0.28121901482367784,0.716103721159084,0.7053174674865715,18.862177609967052,0.3941027620838638,93.51660094819334,0.5091954022988506
2020-11-13,0.2815668717161164,0.7169579188188967,0.7061882742672386,18.843492729365696,0.3931941344300452,93.51646542126919,0.5103448275862069
2020-11-17,0.281614710544744,0.7166376973933904,0.705950808863772,18.84286992229403,0.39343981206433626,93.51802444728463,0.5103448275862069
2020-11-19,0.28154899974675807,0.7166501772134346,0.705776839344342,18.836801328302826,0.3933604671624446,93.52713463538879,0.5126436781609195
2020-11-23,0.28138227264559496,0.7162074478159035,0.705070323534739,18.8301477758157,0.3936717591150782,93.51973094888011,0.5149425287356322
2020-11-25,0.2817828316572888,0.7165464183653731,0.7053857523573746,18.81440165466405,0.39326647000638315,93.51972622613503,0.5183908045977011
2020-11-30,0.2808558081094282,0.7156106158216244,0.7041694712831131,18.82829794954298,0.39422900086672286,93.51320207658001,0.5206896551724138
2020-12-02,0.2805345705541475,0.7151663793090186,0.7035281634345572,18.850589052077634,0.39497590375469893,93.50525259798079,0.5264367816091954
2020-12-04,0.2807387411170748,0.7150192459495709,0.7032744185881827,18.853203850068404,0.3952063673877176,93.49126919402595,0.5287356321839081
2020-12-08,0.2807394476421152,0.7148921892406268,0.7027425744967447,18.85596422516086,0.3954014174171666,93.49047727740016,0.5275862068965518
2020-12-10,0.28022300698265296,0.7135457071352909,0.7005719359986663,18.85508803190681,0.3966190829031234,93.47913366440802,0.5298850574712644
2020-12-14,0.28000769361430045,0.7133066179979602,0.700144432386161,18.859384451504653,0.3969285599857853,93.45704949528424,0.535632183908046
2020-12-16,0.2796961246166989,0.7130055944079117,0.6999730814221282,18.861824257072133,0.3971755710417896,93.43313679310427,0.5402298850574713
2020-12-18,0.277263093173253,0.7100506269316345,0.6966840506138647,18.913528784503693,0.40042465913803255,93.39875965671854,0.5413793103448276
2020-12-22,0.2772530596390236,0.7097617786043857,0.6962481410755462,18.92020642761387,0.4007934554275496,93.38855712399668,0.539080459770115
2020-12-24,0.2772181829086973,0.7098205473130261,0.6962155509848222,18.917394387638367,0.40072479634489416,93.3837969333244,0.535632183908046
2020-12-29,0.2756149897940966,0.7081192026921445,0.6942565806384297,18.94013211055904,0.40239679075223045,93.37568219815451,0.5379310344827586
2020-12-31,0.2755074527122632,0.7081573893257179,0.6942884097790899,18.927376924170478,0.40227916864754715,93.38255571976893,0.5402298850574713
2021-01-05,0.27576794702067886,0.7082901203143263,0.6939754409650561,18.915473277161766,0.4020581448102468,93.37202520980289,0.5413793103448276
2021-01-07,0.27625789261630146,0.7069667774467135,0.6933261081988167,18.928766966378856,0.4033212558147237,93.3496824596065,0.5436781609195402
2021-01-11,0.2762533115848568,0.7068200178534317,0.6928386976543415,18.930366822601336,0.40352147898182517,93.32843962985979,0.5402298850574713
2021-01-13,0.27607039869714384,0.7061603694607123,0.692379229831875,18.938506355711578,0.40415314208095965,93.31886796620819,0.5344827586206896
2021-01-15,0.27599392982890025,0.7060261522003545,0.6922330228845752,18.936461079851988,0.4042220866457582,93.34338942130917,0.5333333333333333
2021-01-20,0.27602396944613333,0.7058324601508515,0.691800596463776,18.93775128994499,0.4043758361737835,93.33770292999164,0.535632183908046
2021-01-22,0.2760312661754098,0.706003213171909,0.691824115057452,18.93592802864018,0.4042554395346422,93.34028378735253,0.5402298850574713
2021-01-26,0.2758386305432942,0.7055171043270391,0.6914867301766568,18.933188125473798,0.40466956493407225,93.32795521931396,0.539080459770115
2021-01-28,0.27636300748110254,0.7053272691849701,0.6911386910310894,18.94239499493817,0.4049653592761565,93.3224023051981,0.5402298850574713
2021-02-01,0.27695775460528266,0.7060453866174422,0.6921168619136876,18.927968008444555,0.40420670333424286,93.32556969670318,0.5413793103448276
2021-02-03,0.277102052149745,0.7061832040163791,0.6923418938223667,18.928973702836746,0.4041011996647728,93.33051220620813,0.5413793103448276
2021-02-05,0.2770828772970282,0.7059374911136235,0.6918587902080188,18.93679847035273,0.404375509272451,93.32484716454513,0.5448275862068965
2021-02-09,0.27723329859596585,0.7061160735160942,0.69171407553389,18.921177857880703,0.40405817063132654,93.32271471610511,0.5459770114942529
2021-02-11,0.2771139668410814,0.7058542729541656,0.6912532003707362,18.92631247741972,0.40436973853183206,93.32410533651006,0.5471264367816092
2021-02-16,0.27713033097227,0.7057748788431228,0.690936219589329,18.92204129060145,0.4044123737227534,93.328194853437,0.5517241379310345
2021-02-18,0.2771426032092503,0.706005805642981,0.6909921006479978,18.901788502763523,0.4039505785153604,93.32333504187555,0.5505747126436782
2021-02-22,0.27719636961259064,0.7041375743945102,0.6892089343854876,18.918166368386263,0.40557084991554304,93.29619514779073,0.5459770114942529
2021-02-24,0.27736860159434046,0.7038632486014516,0.6888343473788865,18.918335916254822,0.4058158161657967,93.2948310431404,0.5505747126436782
2021-02-26,0.27822165156723505,0.7043915894239212,0.688667277214421,18.8966752233447,0.40536451103642096,93.31109020134362,0.539080459770115
2021-03-02,0.2787621057733636,0.7047620074943686,0.6889461862708018,18.892939010769705,0.4049947548789264,93.31672856093313,0.5367816091954023
2021-03-04,0.27895172596705686,0.7042217023968896,0.6883734493654672,18.89705336773902,0.4054639761348928,93.29889160984831,0.539080459770115
2021-03-08,0.2794271569192944,0.7037529742726844,0.6880360939709168,18.905788419977927,0.40591829682109865,93.27939518478185,0.542528735632184
2021-03-10,0.27964312529221946,0.7027651853651948,0.6864130509191309,18.906021409962424,0.40674027549792485,93.26667307402454,0.5344827586206896
2021-03-12,0.27971082996980995,0.7023701523442746,0.6860167652632339,18.907546644736374,0.40705067267132383,93.25889773627044,0.5333333333333333
2021-03-16,0.27969494040901055,0.7019874930602515,0.6857172947783531,18.910238983207527,0.4073881820913618,93.25064908338469,0.5310344827586206
2021-03-18,0.2794624862095089,0.7016299942029939,0.6849790727016217,18.915361035635556,0.4077397081694182,93.25719090855706,0.5264367816091954
2021-03-22,0.27941177357441466,0.7011519070244883,0.6845786833173045,18.92246835419446,0.40818552240287215,93.24709970672562,0.5298850574712644
2021-03-24,0.27968241678446637,0.7006675580984623,0.6842097928659178,18.921457118836663,0.40854974066573785,93.23315456256552,0.5310344827586206
2021-03-26,0.2800118824578699,0.7003945349226326,0.6838904747401778,18.937272302740965,0.4090563662266137,93.22723081407501,0.5287356321839081
2021-03-30,0.2800257050800872,0.7000985147384413,0.6836961340314236,18.936940119482433,0.4092529110450158,93.21485363818643,0.5287356321839081
2021-04-01,0.28007515377412534,0.6997263209755064,0.6832801443630928,18.94361106527243,0.40964800642962473,93.20921520040483,0.5298850574712644
2021-04-06,0.280109329525455,0.6995753632753652,0.6828940016712202,18.949361201264068,0.40987241100973837,93.21075782864355,0.5287356321839081
2021-04-08,0.28008585979588463,0.6995388443200173,0.6827506271276576,18.947428423322865,0.4098827162569553,93.21206510471362,0.5275862068965518
2021-04-12,0.28008721289769717,0.6995166454687818,0.6825749587368194,18.947162500594803,0.4099363806447729,93.21837699655359,0.5298850574712644
2021-04-14,0.2800967240436773,0.699337995409598,0.6817187411051081,18.92531622657471,0.40975437375342244,93.20756742346894,0.5287356321839081
2021-04-16,0.2801019010974398,0.6995072949408775,0.6818247999549022,18.916062024974746,0.40944239889200745,93.20639558829426,0.5252873563218391
2021-04-20,0.28013756706589704,0.7001663460941021,0.6823061989372554,18.885731878608375,0.40844380290882387,93.19647484628425,0.5298850574712644
2021-04-22,0.2803037524101309,0.7002670517315107,0.6825849637900151,18.878287611230053,0.408309648244412,93.20002657942125,0.5333333333333333
2021-04-26,0.28032320923676646,0.7001134419349361,0.6825491056012125,18.875596831635978,0.4084070758084977,93.19680749155388,0.5333333333333333
2021-04-28,0.2801384175267647,0.6997609976044864,0.6821096408319031,18.87716154699502,0.408726941287998,93.18741521643231,0.5333333333333333
2021-04-30,0.2799703797632884,0.6990877543720415,0.6811273878373807,18.878872840336346,0.40932435017754865,93.16044438194746,0.5344827586206896
2021-05-04,0.2800997155742932,0.6983788467245171,0.6801083083483422,18.885087677608997,0.40997791685677454,93.14829633731448,0.5344827586206896
2021-05-06,0.2795333079488023,0.6975545550884884,0.6789527337062938,18.902572891226697,0.41081524866924907,93.13756292689567,0.539080459770115
2021-05-10,0.2795914651029247,0.6970381739643686,0.6783554708130529,18.904013440270454,0.4112185452815068,93.13346738366486,0.539080459770115
2021-05-12,0.28013898176726487,0.6975216389108199,0.6786166957521026,18.894595607605098,0.41072411649822643,93.14577544062482,0.535632183908046
2021-05-14,0.28034870649389476,0.6976535231691634,0.6785100104980252,18.886596924200884,0.4105183931326275,93.15564581470001,0.5333333333333333
2021-05-18,0.28028479405490403,0.6970740689782652,0.6768175047382043,18.8861105854969,0.41107962199180026,93.13975535326622,0.5252873563218391
2021-05-20,0.2803229580366188,0.6969945048842777,0.6767288579787767,18.886448377400317,0.4112040892988548,93.13694973031173,0.5252873563218391
2021-05-24,0.2803368821999702,0.6970683422439844,0.6767876539893096,18.881002975686858,0.41108559883772744,93.13397766966038,0.5229885057471264
2021-05-26,0.2801495278539658,0.6975172703658279,0.67689702991886,18.86062541760599,0.41051504891818047,93.13943225766128,0.5252873563218391
2021-05-28,0.2796952553419524,0.6969359023162267,0.675864364836462,18.864374042512456,0.4110641613111572,93.1342734932408,0.5252873563218391
2021-06-02,0.2796487258243812,0.6964237176892725,0.675152493876999,18.864928802120648,0.4115170064388057,93.12665889694308,0.5229885057471264
2021-06-04,0.2796820760377754,0.6964389223236598,0.6750567043197871,18.85960846958491,0.41140400450454945,93.13235457777574,0.5252873563218391
2021-06-08,0.2796518222118353,0.6961366838123894,0.6746268738625988,18.86104452606707,0.4116526498046164,93.12439361802777,0.5241379310344828
2021-06-10,0.27967451014491823,0.6960412717409249,0.6745905184161118,18.860002551078523,0.4116901294012101,93.12903524796229,0.5206896551724138
2021-06-14,0.2796004779681179,0.6961403598042899,0.6746456392788248,18.854501329587848,0.41153143972839606,93.12244357778283,0.5218390804597701
2021-06-16,0.2795631223047846,0.6960328665522348,0.6745204554748265,18.85420267129888,0.4116103777533234,93.12485574644364,0.5206896551724138
2021-06-18,0.2797744639769683,0.6957604006627532,0.6744879707070592,18.84411761249637,0.411589643728712,93.12695319035818,0.5241379310344828
2021-06-22,0.2800160428304064,0.6962294098411871,0.6748769578637017,18.833394211597298,0.4110901664877521,93.1171888457124,0.5264367816091954
2021-06-24,0.2799970446844037,0.696076180063085,0.67455760118456,18.834973402085836,0.41123199128745974,93.11602103987812,0.5298850574712644
2021-06-28,0.27999375567037194,0.6953214670616642,0.673756685767433,18.8567130153524,0.4122130886709168,93.09562102314581,0.5287356321839081
2021-06-30,0.28000438561565416,0.695339998120617,0.6736280289780763,18.852186640331333,0.41213711913158335,93.09618558667832,0.5287356321839081
2021-07-02,0.2800200375230315,0.6953911776022675,0.6736582538641784,18.85246464472909,0.41209475450572275,93.09501957112758,0.5287356321839081
2021-07-07,0.28007504219405194,0.6952042684940182,0.672888774034761,18.843106753476018,0.4121547918514149,93.08259848863214,0.5287356321839081
2021-07-09,0.2804247964043122,0.6954387903810145,0.6732668061720173,18.836696997534812,0.41188581463216667,93.07705128771086,0.5298850574712644
2021-07-13,0.2804475767269169,0.6962776948122189,0.673889633131135,18.80804073796466,0.4108905706916949,93.09563267755794,0.5275862068965518
2021-07-15,0.28045883538373323,0.6962910659958556,0.6738866281158301,18.805567182901257,0.41086911053343267,93.08888067937855,0.5287356321839081
2021-07-19,0.2807543753119441,0.696764712518754,0.6743674029710655,18.781001766994553,0.410170085043687,93.10004446714996,0.5275862068965518
2021-07-21,0.2811800332811702,0.6978983827465483,0.6766486890915064,18.757145456774612,0.40882820386514135,93.12077961776076,0.5310344827586206
2021-07-23,0.2812324627833706,0.6980793292092085,0.6766990656337967,18.752818984762587,0.4086236307180239,93.09994429128591,0.5344827586206896
2021-07-27,0.2809121812025957,0.6977454586042819,0.6764588220083696,18.75911190517766,0.40890525668466704,93.08995563570248,0.5367816091954023
2021-07-29,0.2803382547252514,0.6964915666354579,0.6751105480815862,18.77968148406135,0.41027127236339256,93.06306064692399,0.5402298850574713
2021-08-02,0.28030294924028176,0.6966098139796666,0.6752069715180087,18.78121887912635,0.41023441730684784,93.05822130610925,0.542528735632184
2021-08-04,0.2800712962229438,0.696097150124092,0.6748686743273549,18.794553071961527,0.4108495824545431,93.05044955351715,0.5344827586206896
2021-08-06,0.27986398386359035,0.695618894336951,0.6743467341938522,18.80295560349528,0.4113704469558539,93.02793300901085,0.5344827586206896
2021-08-10,0.279243892690243,0.6945400430595224,0.673106573840401,18.817414451466757,0.4124695482111496,93.02810254096669,0.535632183908046
2021-08-12,0.2789452710565281,0.6939951074773711,0.6725787251821642,18.82541294898868,0.4130092178782763,93.01549816951827,0.5379310344827586
2021-08-16,0.27885302526169586,0.6936639872593093,0.6721944773886824,18.826360549020908,0.4132767755183807,93.0070131669932,0.5379310344827586
2021-08-18,0.27843740401030886,0.6928360489026714,0.6715057861390223,18.839679139496443,0.4140987408960622,92.96688801630121,0.5413793103448276
2021-08-20,0.2784406743922302,0.6931672254102159,0.6715685572691911,18.820801981281143,0.4135620877027287,92.97280392788934,0.539080459770115
2021-08-24,0.2783672595590221,0.693016642696268,0.6712603775716324,18.815401353245388,0.4136083347833196,92.97536650782823,0.5379310344827586
2021-08-26,0.2783642314852969,0.6932996159123108,0.6713754875771983,18.814224807353888,0.4133618914012898,92.97388878774844,0.539080459770115
2021-08-30,0.2783102704939219,0.6937042319691589,0.6717179284288493,18.803779936204915,0.4128784807322178,92.99053678151107,0.5379310344827586
2021-09-01,0.27825328619946244,0.693915215536797,0.6718522052414447,18.800679190232994,0.41268613944322524,93.00370534119264,0.5379310344827586
2021-09-03,0.27814003037462975,0.6941356842737171,0.6718883597076785,18.793231742871626,0.41242034940966366,93.00602082230752,0.5379310344827586
2021-09-08,0.2781776762761526,0.6937296968621773,0.6713736926556456,18.795339301387084,0.41273448727299833,92.99439821337525,0.542528735632184
2021-09-10,0.27817090689718066,0.6937578820624991,0.6714176373015396,18.79132985539266,0.4126307874281396,92.9906660794545,0.5448275862068965
2021-09-14,0.2782482726789153,0.6936085167926732,0.6712601400992272,18.798075260094098,0.4128814427561821,92.99772525803156,0.539080459770115
2021-09-16,0.2783388502469606,0.6934954752119022,0.6711774427327342,18.79723204153667,0.4129718373497303,92.98239670150906,0.542528735632184
2021-09-20,0.27849799039993084,0.6939130788491641,0.6714818623808225,18.793174533868402,0.4125949016435319,93.01292192869776,0.535632183908046
2021-09-22,0.2786432904657852,0.6941113485337823,0.6717289055906449,18.792074865799098,0.41243514140337667,93.01154951720618,0.5379310344827586
2021-09-24,0.2785995559091937,0.693990142881671,0.6714305119501476,18.794205649964557,0.41258476638987923,93.00929928195522,0.542528735632184
2021-09-28,0.2785725101312043,0.6934902842663792,0.6709162143448955,18.790342512307245,0.41289846710696965,93.00894232798117,0.5402298850574713
2021-09-30,0.2785825307387381,0.6929557848110651,0.6702557517330823,18.79903453185483,0.41342436391513354,92.9904444125889,0.5436781609195402
2021-10-04,0.27851164535652717,0.6922172924326402,0.6690286213412547,18.803939343857817,0.4140838519489463,92.98797380569891,0.542528735632184
2021-10-06,0.27830364410693575,0.6920187677484563,0.6686771379284262,18.80800000182162,0.4142563641144373,92.9803636473238,0.5436781609195402
2021-10-08,0.27836695901633146,0.6920024974609454,0.6685705225441365,18.808752486165776,0.4142830263316137,92.98037239674814,0.542528735632184
2021-10-12,0.2783572995126946,0.6918640389900783,0.6684759271263865,18.812279296630887,0.4144449528295629,92.9793533418191,0.5367816091954023
2021-10-14,0.2785073140698462,0.6920397852456687,0.6683835177250617,18.804392312978326,0.4141600891114762,92.98261188672868,0.5379310344827586
2021-10-18,0.27852917888795775,0.6919809813598818,0.6679865732863626,18.7924317160257,0.4140826329948658,92.9804338028436,0.539080459770115
2021-10-20,0.2784869502393244,0.6920906061447039,0.667646648493222,18.778591655858065,0.4138126312636681,92.98959893779215,0.5367816091954023
2021-10-22,0.27847206935130847,0.6920177622082417,0.6678717223850721,18.78548495114814,0.41388200180439033,92.99373953607262,0.5333333333333333
2021-10-26,0.2784779983625277,0.6918143310272193,0.6675605696883483,18.787700711526607,0.4140272660153378,92.98848463480716,0.532183908045977
2021-10-28,0.2785848692876194,0.6923777593080827,0.6677774344975476,18.771668030960818,0.41336939066485073,92.99931181847866,0.5344827586206896
2021-11-01,0.27868025103476557,0.6919274848251802,0.6668377178019773,18.78082172341136,0.4139328413044069,92.99334021450473,0.5310344827586206
2021-11-03,0.27874697642700974,0.6916722379766722,0.666295647660738,18.785885443156726,0.4142162281083966,92.99669988280662,0.5310344827586206
2021-11-05,0.2788385526931309,0.6913449867996162,0.6662021240912603,18.796313957545266,0.41460922334028244,92.9923066551767,0.532183908045977
2021-11-09,0.2788566047817408,0.6906927955320208,0.6651177902066774,18.802129220997024,0.41527480121554383,92.98344859418961,0.5298850574712644
2021-11-11,0.27891283700253017,0.6902721441773003,0.6646565717435906,18.80012854371685,0.41563479186747854,92.98004089417553,0.5264367816091954
2021-11-15,0.2789236695829164,0.6902353377742431,0.6643808553772134,18.794430725986434,0.4155934438162069,92.9777367206539,0.5287356321839081
2021-11-17,0.2789350909039592,0.6901118415350765,0.6641757439606781,18.793315635206458,0.4156758575565304,92.97190240541627,0.5252873563218391
2021-11-19,0.2788746459626618,0.6896504474458309,0.6637342466381593,18.811836405856482,0.4162815058963847,92.96601527866008,0.5287356321839081
2021-11-23,0.27885388657861654,0.6890090764610328,0.6629111104208496,18.819118063923398,0.4168754391787632,92.95802754478764,0.5298850574712644
2021-11-26,0.27930824649479996,0.6896088565897459,0.6637104913105208,18.810235375712878,0.4163151522118733,92.96909484284133,0.5275862068965518
2021-11-30,0.27976874068844776,0.6899972622538278,0.6640634900146264,18.808164834214526,0.415959700522934,92.98295248017479,0.5287356321839081
2021-12-02,0.28028371871658897,0.6900831895374142,0.6644518039032008,18.807681778608636,0.4158638060322501,92.99208847077898,0.5218390804597701
2021-12-06,0.28045369449090873,0.6896349070582454,0.6640858128748456,18.813816460838602,0.4162419058092412,92.98458403316369,0.5264367816091954
2021-12-08,0.2805791009665544,0.6895643358240096,0.6640669452687535,18.81521566267898,0.41634404755462334,92.98435519659375,0.5229885057471264
2021-12-10,0.2806436053573998,0.6895727101458856,0.6641944258250204,18.811350830105592,0.41626457474853873,92.98804909050776,0.5229885057471264
2021-12-14,0.28075977333656604,0.689262480506936,0.6641617296511925,18.816123822962137,0.4165547006326793,92.979030891939,0.5241379310344828
2021-12-16,0.2808134108948501,0.6881625699558633,0.6631321250580562,18.82597135022062,0.4175446807541376,92.95755970547381,0.5229885057471264
2021-12-20,0.2810184391743715,0.6879221265246075,0.6630474860068026,18.833024128859225,0.41783658266019813,92.9547487292319,0.5218390804597701
2021-12-22,0.2815457789063795,0.6880458716504565,0.6633399974361462,18.8236298672368,0.4176646314701221,92.94985253935124,0.5206896551724138
2021-12-27,0.2816895590425743,0.6883854855117766,0.6635509430602391,18.81543227301223,0.417300269041545,92.95264696452462,0.5195402298850574
2021-12-29,0.281661538440732,0.6883293154893249,0.6635158837641472,18.814383296278994,0.4173294170359226,92.95402481236161,0.5195402298850574
2021-12-31,0.2816575029485278,0.6883911929598495,0.6636292758505341,18.809465544122514,0.41722228476680023,92.9604600025903,0.5195402298850574
2022-01-04,0.28170339773598746,0.6875305324274859,0.6623443779613792,18.8124954013724,0.4179973749223557,92.93165539835643,0.5160919540229885
2022-01-06,0.2817923131556288,0.6870234121411979,0.6617927838237474,18.81579583206477,0.41840884810672574,92.93075461003288,0.5172413793103449
2022-01-10,0.2817826108034347,0.6865505213167011,0.6615068268150608,18.8282474130676,0.418974851935257,92.9223571538328,0.5149425287356322
2022-01-12,0.281849053435345,0.6864558842355933,0.6614193718556837,18.833142424730436,0.41912845453234493,92.9284848060957,0.5183908045977011
2022-01-14,0.28189245022029225,0.6862061491759636,0.6610690963849789,18.83143361679753,0.41927317323984886,92.9149060290999,0.5172413793103449
2022-01-19,0.28189955823874563,0.6859724332087455,0.6608468760925867,18.83581995992552,0.419479084502145,92.89899686405177,0.5183908045977011
2022-01-21,0.28245729102857287,0.6859797458593812,0.6606422649387589,18.827761233161958,0.4194691214623231,92.9138685291894,0.5103448275862069
2022-01-25,0.28227242420895454,0.685568854244823,0.6598251282643787,18.815743919964657,0.4195833297295092,92.90955116152323,0.5114942528735632
2022-01-27,0.28205963993169947,0.6850180577406121,0.6595200127320309,18.826973239578184,0.4201523717401954,92.89507886385249,0.5091954022988506
2022-01-31,0.28246325157513846,0.6855149218689073,0.6605414244519735,18.824452590082508,0.4195405401107753,92.9276149886938,0.5045977011494253
2022-02-02,0.282543324180912,0.685025046712896,0.6597414386435888,18.824785671722925,0.41997954951694405,92.90882329490663,0.5011494252873563
2022-02-04,0.2826786143053626,0.6841157431381775,0.6591486194650052,18.851851166541845,0.420985871163653,92.88824473679331,0.5045977011494253
2022-02-08,0.2828239368087503,0.6841263718086001,0.6591676982914134,18.853875432737677,0.421038208765629,92.88575467631543,0.5022988505747127
2022-02-10,0.2831709195139924,0.6843810426910851,0.6594666085299904,18.84719895692977,0.42074132552887233,92.89200469006396,0.503448275862069
2022-02-14,0.283246164644113,0.6840162311668047,0.6589787058220894,18.84851336758015,0.4209737219134378,92.83165773353544,0.5080459770114942
2022-02-16,0.28169396641319805,0.681198137548196,0.6562577584452598,18.8861125546556,0.423708457597371,92.77746694433685,0.5195402298850574
2022-02-18,0.2805780694879768,0.6795465528725753,0.6557194069963039,18.905054534014795,0.4253647783122035,92.73481335570101,0.5298850574712644
2022-02-23,0.27982395723883247,0.6793558294353165,0.6559824394613004,18.902722899110376,0.42586326116222445,92.69184142827463,0.5275862068965518
2022-02-25,0.2789227314451082,0.67677965115336,0.6538409319423824,18.92886026550901,0.42836564617108047,92.61717103440245,0.496551724137931
2022-03-01,0.2776270630367291,0.6742505857645144,0.6506564364392514,18.969168682618196,0.4307316054911774,92.09268390251431,0.5275862068965518
2022-03-03,0.26953485494087764,0.6619791092894259,0.6374112666552579,19.149355619552363,0.4424651221699251,92.05914151875906,0.49310344827586206
2022-03-07,0.25734331415601214,0.639546591642769,0.6170874985976722,19.43006400442443,0.4639003312668442,91.40024905061367,0.49885057471264366
2022-03-09,0.23903411891025086,0.6073606564394396,0.5951677641349661,19.829092395542876,0.4941713184735858,91.15459316717144,0.3195402298850575
2022-03-11,0.2287270482876915,0.5948836135747695,0.5796735765964173,20.035166988747285,0.5067165744497399,90.9680327599173,0.20229885057471264
2022-03-15,0.22616423561827798,0.5954862587566797,0.5775742149950073,20.02179382478873,0.5076264826792548,90.76656333854956,0.25057471264367814
2022-03-17,0.21311465413340294,0.5738835785439671,0.5571177101475251,20.279353850827572,0.5286039881676219,90.40015527240105,0.16091954022988506
2022-03-21,0.20899237217276603,0.5683042107062971,0.5558749509514229,20.309787404349876,0.5343910254981836,90.16316453957333,0.11609195402298851
2022-03-23,0.20673427024467897,0.5650146390907475,0.5512421662390536,20.333144264458547,0.537546359490962,90.21237775593991,0.11379310344827587
2022-03-25,0.2043464053845821,0.5604287195217543,0.5486801437626165,20.395570462882507,0.5422767507033224,90.05715221719366,0.12643678160919541
2022-03-29,0.20380675988592714,0.5609417820433742,0.548480575339361,20.350657193466237,0.5411158998567723,89.3989184859672,0.1471264367816092
2022-03-31,0.19712084518284703,0.5476058407688156,0.5368349723912977,20.489557522774223,0.552925338774149,89.36723300670535,0.14022988505747128
2022-04-04,0.19464879911882313,0.5424384729633432,0.5321554106783566,20.510915935771834,0.5568498660284299,89.37641301584407,0.12183908045977011
2022-04-06,0.193863639969954,0.541783406335616,0.5336671039149562,20.503411070183716,0.5578810220549816,89.20539631367156,0.11839080459770115
2022-04-08,0.1925212684105316,0.5393901206846258,0.5304098446717102,20.539007744197672,0.5603390077579383,89.1034732239648,0.13333333333333333
2022-04-12,0.19028723924215193,0.5348402927815513,0.5256301283745343,20.57035121526675,0.5646313795194865,88.92354727584349,0.1482758620689655
2022-04-14,0.18920327157847977,0.5317299460955001,0.5238116220784719,20.568990512734377,0.5667348886792648,88.97635783431669,0.14022988505747128
2022-04-19,0.18948041528770185,0.5332763258991017,0.5259079234052361,20.54275426612243,0.5649262335429083,89.01008449551144,0.1471264367816092
2022-04-21,0.18867637823744646,0.5312099277575718,0.5224827051425402,20.565872169454046,0.5669376544156458,89.01108855053077,0.13793103448275862
2022-04-25,0.18778993350869466,0.5319753887560333,0.5203388692015644,20.570317032742803,0.5667909184813692,89.00973550316012,0.15862068965517243
2022-04-27,0.18722348159138574,0.5305638148772186,0.5161185581963138,20.56834315382985,0.5673146065955834,89.0856099156778,0.15747126436781608
2022-04-29,0.18843523476887217,0.5339827718404027,0.5171490113620741,20.56087105402843,0.5648365081735753,89.19089194058125,0.14022988505747128
2022-05-03,0.18668652748176542,0.529677624867352,0.5128314598621354,20.629807361147243,0.5683166204556478,89.06030963863826,0.13218390804597702
2022-05-05,0.18837507080502974,0.5345466113726429,0.5147063564153302,20.596963131891517,0.564264610360964,89.19207328691273,0.10919540229885058
2022-05-09,0.1888880983249076,0.5340559377309506,0.5146967100145741,20.588488668498186,0.5648550663544915,89.22408314440653,0.11724137931034483
2022-05-11,0.18565618259783312,0.5280386439075418,0.5055600513863473,20.667555862644154,0.5702222583327247,88.98396917347321,0.1471264367816092
2022-05-13,0.18577393250076812,0.527753136572866,0.5046929290740816,20.66729244212467,0.5705904212836198,88.99696631417228,0.1482758620689655
2022-05-17,0.1864333871622783,0.5287949531119752,0.5062670325403062,20.641659768990948,0.5693743466969888,89.0137652953139,0.14482758620689656
2022-05-19,0.18669350153446682,0.5311583170659118,0.5056578336088903,20.68101626532746,0.5681786775009208,89.21266506870148,0.11149425287356322
2022-05-23,0.18694080821907227,0.5324086009471563,0.5060436153188815,20.676796646433313,0.5675429632873912,89.26752359555644,0.09885057471264368
2022-05-25,0.18712501503540344,0.5316016649488571,0.5061785435702431,20.66428274500253,0.5674918325804991,89.2189339445623,0.1
2022-05-27,0.1876129724768518,0.5338469536405254,0.5073126266079644,20.641977340870845,0.565652696395322,89.17771885982651,0.10344827586206896
2022-06-01,0.18585757376658063,0.530619942294011,0.5034883086680698,20.68700617990096,0.5679707913853852,89.0973933545935,0.10459770114942529
2022-06-03,0.18589447467851206,0.531814988780895,0.503853230039786,20.6857462773021,0.5674777374087093,88.62148492029846,0.08620689655172414
2022-06-07,0.17919429808116094,0.5140758138863739,0.48683160548938614,20.860234972540606,0.5829222913606923,88.60854362698659,0.08850574712643679
2022-06-09,0.17934211018274532,0.51489826986592,0.4872129399735868,20.85043722245086,0.5821518729747585,88.62281593653327,0.07586206896551724
2022-06-13,0.1829347046768326,0.5247151095524413,0.49676056383925526,20.767374628570977,0.574186511052773,88.99715079374101,0.07241379310344828
2022-06-15,0.1830672273499546,0.5246850056156307,0.49681290747416684,20.76160770076986,0.5740167591686743,88.99864934899824,0.07701149425287357
2022-06-17,0.18383684209211157,0.5257068933816418,0.4994818167608594,20.74344059745352,0.5729737325952801,89.04711229114632,0.07471264367816093
2022-06-22,0.1835331306418543,0.5236203069267616,0.49753582146282316,20.753611161351586,0.5746235747367253,88.95469213965497,0.08045977011494253
2022-06-24,0.18384873705304577,0.5234988105569659,0.4969575922459794,20.743435430941762,0.5742493160215488,88.99049597147045,0.08275862068965517
2022-06-28,0.18412593700182484,0.5247774730694971,0.49743573875312447,20.729641166645653,0.5729653105896966,88.98298541723004,0.08735632183908046
2022-06-30,0.183606341846898,0.5241325594240615,0.4963031100387158,20.737708220525278,0.573654086919685,88.99248941743771,0.08850574712643679
2022-07-05,0.18335866664000358,0.5238468080828568,0.4957999264885602,20.73269143085465,0.5733803568731876,88.94021652732506,0.0896551724137931
2022-07-07,0.1833602550521785,0.5239537412789489,0.4971557295653554,20.714261558060436,0.5728846534187527,88.98976767659528,0.09195402298850575
2022-07-11,0.18269503000136583,0.5234028104175197,0.49609629443693315,20.710495500771117,0.5733579741817783,88.97795019296932,0.08620689655172414
2022-07-13,0.18269589071240752,0.5234423711991696,0.49580814217856756,20.707780274484993,0.5733513563960925,89.00411434100069,0.09540229885057472
2022-07-15,0.18301509358957244,0.5249592318761009,0.49797793670576124,20.709305270970457,0.5725916816670661,89.02572484180502,0.09540229885057472
2022-07-19,0.18410542454365642,0.5276519504753896,0.5007705213907373,20.676362674380897,0.5699719531546772,89.11245794143156,0.09655172413793103
2022-07-21,0.18410773521392293,0.5271748513150625,0.5001663252385209,20.679113905300376,0.5702263391150768,89.08277394131106,0.08735632183908046
2022-07-25,0.1838480554066318,0.5265452397180262,0.498979380182642,20.674392585261252,0.570481029012614,89.0484623351122,0.09310344827586207
2022-07-27,0.184479898555913,0.5273670898058468,0.5004750824332166,20.658656821044456,0.5694947103025896,89.10105754973269,0.08505747126436781
2022-07-29,0.18471763174965178,0.5263946620055748,0.4993640949592851,20.673187181377735,0.5706105721140524,89.05233449152333,0.09195402298850575
2022-08-02,0.1846450573787448,0.5266821662095392,0.49955261918044613,20.667242518892433,0.5703094181980598,89.06349130894088,0.09195402298850575
2022-08-04,0.18440880654242073,0.5267279884179296,0.49896156997706503,20.674586695215503,0.5703866112147207,89.05821671027591,0.09770114942528736
2022-08-08,0.18427871761872003,0.5266870606281222,0.4991230529170668,20.677600802043326,0.5705095393716126,89.0571281004211,0.09540229885057472
2022-08-10,0.18510691326257905,0.5279335702119933,0.5010640143349664,20.66356114537902,0.5693875568088255,89.1040184712656,0.08505747126436781
2022-08-12,0.1855020101475991,0.5291849129698742,0.5024553969615212,20.653995605424935,0.5682826784185133,89.11758747347967,0.09080459770114943
2022-08-16,0.1854989984425791,0.528973933006645,0.5024029748160496,20.659502453856508,0.5684542915917311,89.13318197352801,0.08850574712643679
2022-08-18,0.18542311206535167,0.529187374021313,0.5026321237177832,20.645123232492733,0.568150431925513,89.12021134346163,0.09310344827586207
2022-08-22,0.18614095612733905,0.5316963642698009,0.5047307709249476,20.61044598444134,0.5656578692728514,89.18521360426067,0.09885057471264368
2022-08-24,0.18601477948593212,0.5313828241505963,0.5046466937524248,20.61427466278183,0.5658252849857691,89.19344753158731,0.09885057471264368
2022-08-26,0.1874831946516806,0.5362687660451447,0.5091395480292049,20.579934097622615,0.56152315527068,89.32927268515797,0.08160919540229886
2022-08-30,0.18669870146950665,0.5351375002781865,0.5087174061487368,20.59127848627923,0.563090382931554,89.29322201651497,0.07586206896551724
2022-09-01,0.18603368692793237,0.5338492211239805,0.5080804278061026,20.614363962817304,0.5637108343591929,89.2729992285379,0.07011494252873564
2022-09-06,0.18556640283197806,0.532735535519089,0.5072965110992905,20.62092399688007,0.5644160945045216,89.26716320874112,0.07471264367816093
2022-09-08,0.18552279853861617,0.5326123406779733,0.505923074666177,20.62716577632022,0.5641563088437552,89.24135673937899,0.07816091954022988
2022-09-12,0.18602710113959195,0.534486468562847,0.5078123243222206,20.612973092488005,0.5627193225985982,89.30701889261424,0.07471264367816093
2022-09-14,0.18809983209136566,0.5399128340568145,0.5123370198586165,20.56740013749049,0.5581338174564198,89.37703869671587,0.07011494252873564
2022-09-16,0.18757292471782797,0.5391926399168825,0.5118249833589817,20.610304339285253,0.5594635671083835,89.3087720484329,0.07931034482758621
2022-09-20,0.18725691152851998,0.5389508415233153,0.5118317278977134,20.60103561356461,0.5590948559292976,89.33624275216144,0.07701149425287357
2022-09-22,0.18724444085953518,0.5389332395677645,0.5124163984020015,20.595921848489688,0.5589780684406395,89.30383897102007,0.08505747126436781
2022-09-26,0.18799670292002454,0.540797035245556,0.5144028568072893,20.581149959414482,0.5576140711707694,89.39164526838547,0.10114942528735632
2022-09-28,0.18882872402259132,0.5431723465890376,0.5168822544848234,20.562444222374026,0.5557159221474082,89.43176709858072,0.09540229885057472
2022-09-30,0.18903384962064324,0.5433630373087501,0.5162791884893212,20.570626870628864,0.5556785024902964,89.48663743581567,0.09080459770114943
2022-10-04,0.19102239798725162,0.5480560227482668,0.519741385810277,20.503542991797065,0.5512996463472126,89.65113711806423,0.10114942528735632
2022-10-06,0.1910871643747951,0.5485026808185457,0.5201932546135323,20.50415950382983,0.5508328636994864,89.6402800191551,0.09195402298850575
2022-10-10,0.19183471948529013,0.550576157938369,0.5220813173381925,20.48212549402346,0.5489851434958619,89.70716475213298,0.0839080459770115
2022-10-12,0.19184889119929766,0.5496066378639016,0.5216635225875395,20.50943082783144,0.5501420495457093,89.6339226135642,0.08275862068965517
2022-10-14,0.19295901657709585,0.5521954142617649,0.5237307186346175,20.486043504302923,0.5480379004114501,89.75479339000533,0.08620689655172414
2022-10-18,0.19383732839884052,0.554659272164792,0.5258624561093244,20.44357899651804,0.5453870986654402,89.80049788026491,0.09080459770114943
2022-10-20,0.19353836222516702,0.5530956062894844,0.5240129847107149,20.47639487864456,0.5471913395662532,89.71759223316772,0.09425287356321839
2022-10-24,0.19308276708396313,0.551437091160142,0.5232690600881866,20.488382020987718,0.5485921926990157,89.66457200667841,0.09655172413793103
2022-10-26,0.19344197069095415,0.5529020749203548,0.5255397768530284,20.49646980140396,0.5475280704776485,89.69054643733203,0.09425287356321839
2022-10-28,0.1925735976981267,0.5509131136508261,0.5226541069266549,20.52709927622991,0.5492085092455634,89.73999200556287,0.09425287356321839
2022-11-01,0.19198853150123305,0.5523158918444904,0.5230303688171647,20.520342564975106,0.5482365280543425,89.72448134972886,0.09540229885057472
2022-11-03,0.19234250461923375,0.5584278677399517,0.5287792028138608,20.48756053031681,0.5435289860247456,89.84602105972961,0.09770114942528736
2022-11-07,0.19273661054195168,0.5600799806962234,0.5302049924485033,20.464849486669447,0.5424393183161624,89.8371022597321,0.09770114942528736
2022-11-09,0.19275661911955175,0.5600989140324016,0.5300057493365523,20.46210284556146,0.5427838934146502,89.80594891431068,0.09425287356321839
2022-11-11,0.19596422364911395,0.5655847495661587,0.5366012379935917,20.39963465251403,0.5374418594168904,89.97458710126041,0.09540229885057472
2022-11-15,0.19606411425653586,0.5658199792005615,0.5376354548281267,20.408165357939705,0.5374696467743165,89.9696435797818,0.09080459770114943
2022-11-17,0.1958191560557852,0.5657577514955765,0.537958722050647,20.420777351704455,0.5375478775955732,89.92875789142127,0.0896551724137931
2022-11-21,0.19521152144891438,0.5643462483219741,0.5363789667448894,20.43136676952992,0.5384462891228997,89.91982872143836,0.0896551724137931
2022-11-23,0.1953010274094838,0.565025943028107,0.5369825793174184,20.426174398286744,0.5378618803156895,89.9159352406124,0.08850574712643679
2022-11-28,0.19547315711575325,0.5659436057531453,0.5382389654292118,20.412312888842166,0.5368694315417726,89.95436422280955,0.0896551724137931
2022-11-30,0.1960621404208369,0.567607935161948,0.539636266176256,20.38218045214519,0.5350492408472897,89.9779901896499,0.0896551724137931
2022-12-02,0.19602292104547353,0.5676073723780968,0.5399077681220129,20.384635047673473,0.5349932305983052,89.98174177094312,0.08850574712643679
2022-12-06,0.19671357869145675,0.5700374175866009,0.5430403824036725,20.377019653289583,0.5331406555016877,90.06242894362332,0.08620689655172414
2022-12-08,0.19671091982500605,0.5703850099288833,0.543653138168562,20.376615173549123,0.5328720744473241,90.07473151891668,0.09080459770114943
2022-12-12,0.19670047794959714,0.5703799151770058,0.5428920114101967,20.37223154293853,0.5328995393132827,90.08465911564075,0.08620689655172414
2022-12-14,0.1966915047845228,0.5704896198591604,0.543553521037644,20.37426738789647,0.5328479816385326,90.10780963147855,0.08735632183908046
2022-12-16,0.1974621119303649,0.5724590460566906,0.5453764370247898,20.352910075058855,0.5310323408610026,90.15840225853368,0.0896551724137931
2022-12-20,0.19753991522322764,0.5725592130820227,0.5454493020590139,20.34683516672317,0.5308766500949386,90.1655991008989,0.09080459770114943
2022-12-22,0.19804894827693467,0.5732187847636085,0.546106760672523,20.33686997961369,0.5303501336520483,90.15273293526033,0.08505747126436781
2022-12-27,0.19798956087632488,0.5730234354162882,0.5453752046077355,20.336172551803443,0.530501641952926,90.14378962908836,0.08275862068965517
2022-12-29,0.19828777770301415,0.5743587589430595,0.5467292938603968,20.305883417671957,0.5293908486770186,90.16326894046252,0.09080459770114943
2023-01-03,0.19759094475607922,0.5746680286168278,0.5452305019705778,20.293291473403432,0.5290596311719,90.15137530587837,0.09195402298850575
2023-01-05,0.1979406688298288,0.5754216776684207,0.5466102194831101,20.29552977390238,0.5283899165313137,90.16906591459198,0.1
2023-01-09,0.1986634848602026,0.5775861049616425,0.5479838471638688,20.28270210659594,0.5266728205699661,90.28079349156108,0.09195402298850575
2023-01-11,0.19874124175319008,0.5777994450870667,0.5481429550366584,20.276482442984975,0.5264169079840744,90.27236513745191,0.09310344827586207
2023-01-13,0.19861572429795168,0.5781320770627759,0.5486867441840471,20.26723067205258,0.5259248437681266,90.26763891241825,0.09770114942528736
2023-01-18,0.19889354949620652,0.5786990749508082,0.5487428886645065,20.2587579142741,0.5252239213914385,90.28306867873648,0.09770114942528736
2023-01-20,0.19942076099343306,0.5804852832257461,0.5505229239283262,20.233020206422538,0.5234565310617406,90.28299586542377,0.09540229885057472
2023-01-24,0.19878418121570932,0.5797069422397567,0.5501442549589765,20.207878277804657,0.5236164993003419,90.25242358030742,0.09885057471264368
2023-01-26,0.1980101635593485,0.5771934463865575,0.5473016952593366,20.246896016146042,0.5261011897999993,90.20112548630073,0.08505747126436781
2023-01-30,0.1978539009592683,0.5769221541273859,0.5465537721456832,20.230334514979035,0.5260829072032044,90.21280739748838,0.0896551724137931
2023-02-01,0.198176011438317,0.5775962106896393,0.5476479163618857,20.211470960390823,0.5252368247732075,90.22202831717279,0.0896551724137931
2023-02-03,0.1981670977392563,0.5763040409056408,0.5473119936585557,20.24760257386718,0.5264879310529479,90.23423801797018,0.07931034482758621
2023-02-07,0.19827995237239682,0.5764067557083341,0.5477208944007167,20.23615528802612,0.5261919849562882,90.2289835410128,0.07701149425287357
2023-02-09,0.1984136604470568,0.5768696234482188,0.5477949188847521,20.22789349645581,0.5258663439897329,90.23671254946106,0.07471264367816093
2023-02-13,0.1984955899379126,0.5765398990696449,0.5470812522991974,20.218305632792784,0.5257725155056019,90.26371708904387,0.07471264367816093
2023-02-15,0.19847259854398025,0.5782947729762241,0.5481825973001925,20.2135771208105,0.5246124279144742,90.27704850217579,0.07011494252873564
2023-02-17,0.19829026495519125,0.5783079179879798,0.5479644201890225,20.21827032512447,0.5244666887685467,90.19924122199694,0.06666666666666667
2023-02-22,0.19773002491680408,0.577695426171034,0.5482536030063998,20.246460963409042,0.5248643221869586,90.20814334629156,0.05747126436781609
2023-02-24,0.19692542041290648,0.5762675092453137,0.5467963304291465,20.267617237749104,0.526276408510013,90.22974146284831,0.059770114942528735
2023-02-28,0.19645641415845896,0.5760545600293547,0.5460201267509004,20.27440672595266,0.526533299288096,90.1607053370715,0.06551724137931035
2023-03-02,0.19582943728663457,0.5753044448317066,0.5456850649065499,20.283387521038122,0.527243867681857,90.18343261269374,0.06321839080459771
2023-03-06,0.19583253840360634,0.5762019099826353,0.5477085672730044,20.2926201691269,0.526620522733695,90.18584608797327,0.05747126436781609
2023-03-08,0.19595943694550655,0.5773348678912094,0.5482553070718766,20.28091927601337,0.5256859009235435,90.21401205495368,0.06206896551724138
2023-03-10,0.19663578944841134,0.5791399398630088,0.5502702361113959,20.26361298462004,0.5240950002091742,90.2722141249787,0.06206896551724138
2023-03-14,0.19654284559047158,0.5790294635745994,0.5499824015642518,20.269452829845243,0.5240965387997584,90.26369293842387,0.06436781609195402
2023-03-16,0.19715536567691977,0.579174790559365,0.5509494817900403,20.234767049764102,0.5233695370105753,90.24329835822431,0.06091954022988506
2023-03-20,0.19713061346427133,0.5802579565596497,0.5513867377177426,20.23797725553998,0.5225108594289646,90.29568650599862,0.059770114942528735
2023-03-22,0.19717909162586167,0.5808505243232729,0.5526033215906024,20.23148616549969,0.5218284728312875,90.30289096898481,0.05057471264367816
2023-03-24,0.1971421826723037,0.5809644774864553,0.5523926333064488,20.24182144473215,0.5218658810569348,90.30597337141356,0.054022988505747126
2023-03-28,0.19711524795408386,0.5813532133164308,0.5526300337706664,20.238162446575615,0.521534050475311,90.32344791490164,0.05517241379310345
2023-03-30,0.19716876499080666,0.5817202034291042,0.5529392379273874,20.228688660063494,0.5210795356112751,90.34297865206597,0.052873563218390804
2023-04-03,0.1974682114062918,0.5822906789974529,0.5532267824469715,20.212119606361842,0.5203977798658658,90.35772194823853,0.05747126436781609
2023-04-05,0.19772021497459474,0.5816623352640157,0.5535818803907845,20.215749134167858,0.520892406476584,90.35245542180853,0.05632183908045977
2023-04-10,0.1977498154901793,0.5820699944146659,0.5548245358239371,20.22503614907235,0.5206522856514585,90.35081390723761,0.05632183908045977
2023-04-12,0.19773762092227154,0.5819273476620969,0.55493970278656,20.22357506710668,0.5208245709393823,90.33950462527302,0.059770114942528735
2023-04-14,0.19765858529899466,0.5821584457690177,0.5547456009458038,20.230977244811417,0.5208604298115347,90.34941498251172,0.05747126436781609
2023-04-18,0.19739645348587181,0.5818481923775883,0.5543001268466493,20.231962888199032,0.5210199618588512,90.3540824357204,0.06091954022988506
2023-04-20,0.19727672421651762,0.5814879084535057,0.5534049633626038,20.25167957097194,0.5217878038810714,90.35099333860818,0.059770114942528735
2023-04-24,0.197292247498983,0.581415439998593,0.5533653054155543,20.250069744255196,0.5217472455967399,90.36011265564962,0.06091954022988506
2023-04-26,0.197649024286992,0.5819327888043788,0.5552011195596266,20.254572451786338,0.5213706515369972,90.38608484012555,0.06091954022988506
2023-04-28,0.19803000292682912,0.5832625954472347,0.5572544544450451,20.24251441669663,0.5200397990892733,90.42439144569956,0.06551724137931035
2023-05-02,0.1980917058334345,0.5834575144313107,0.5575400315133865,20.248286640435506,0.5200691760333664,90.40046292514002,0.06551724137931035
2023-05-04,0.1980180666747354,0.5836550089623653,0.5575268023399527,20.258785859460282,0.5202261172357141,90.43015139788758,0.06206896551724138
2023-05-08,0.19756241670115285,0.5831233997797307,0.5571450977203205,20.26794242013487,0.5208643589509218,90.36407706527352,0.06436781609195402
2023-05-10,0.19710555773797947,0.5821397563198736,0.5565878968118813,20.295339123812774,0.5221524811213244,90.3740778148423,0.06551724137931035
2023-05-12,0.19694407356810706,0.582053535993384,0.5578857169890147,20.322925244219363,0.5224829176028079,90.34400423420882,0.06551724137931035
2023-05-16,0.19703433560473657,0.5822798658219072,0.5581885051999217,20.32024464386222,0.5222523340455886,90.35852542836753,0.06321839080459771
2023-05-18,0.19720776081888855,0.5819386103904461,0.558356397320321,20.317168017577476,0.522284788033733,90.33985925858119,0.06896551724137931
2023-05-22,0.1971196156530343,0.5813256828398303,0.5578652674402572,20.327418475333282,0.522827741301977,90.33793343336292,0.06321839080459771
2023-05-24,0.19728206645916893,0.5820729691467196,0.5589217709184067,20.331485851305604,0.5222769234882708,90.35827196676271,0.06321839080459771
2023-05-26,0.1973138135539424,0.5817330003502689,0.5590018186102198,20.349557562050208,0.5228493346297733,90.34540961560293,0.059770114942528735
2023-05-31,0.197347967851711,0.5814087676437744,0.5588389889209622,20.353880923947855,0.5231246184090524,90.33697827606258,0.06091954022988506
2023-06-02,0.19832260905907817,0.5830104131435088,0.5611070243337525,20.343452279836164,0.5219588251969157,90.37833060169278,0.06551724137931035
2023-06-06,0.19841409132619578,0.5832422432860728,0.5613799515542193,20.33854200007737,0.521690570543096,90.38111896662973,0.06436781609195402
2023-06-08,0.19846704554660946,0.5827554927591727,0.5608865936092734,20.344457200996942,0.5221975945863988,90.37394796571064,0.067816091954023
2023-06-12,0.1984277019007174,0.5825183475322733,0.5606438157616153,20.34354535233331,0.5223506797132665,90.37209944633612,0.06551724137931035
2023-06-14,0.19818268268847297,0.5823514079900063,0.5609184929032127,20.35673911378477,0.5229122926911333,90.33555662810808,0.06896551724137931
2023-06-16,0.19796109156700453,0.5818961606475513,0.5605753207557712,20.367927477654217,0.5234918486693494,90.36714920419995,0.07241379310344828
2023-06-21,0.19788458566346181,0.581554568558608,0.5598158148383627,20.369711659400984,0.5237855110303807,90.35994124344306,0.07126436781609195
2023-06-23,0.19791436058052975,0.5824714083366386,0.5613125445875051,20.35582108132129,0.5228098773757011,90.37544065390446,0.07241379310344828
2023-06-27,0.19810631670494497,0.5823950725513061,0.5615933651502493,20.354779584825145,0.5228274215990787,90.37003289953961,0.06896551724137931
2023-06-29,0.19814657966868857,0.5822994855870498,0.56154746075721,20.354400161307858,0.5228329082309547,90.359435964827,0.06896551724137931
2023-07-03,0.1980791654909722,0.5825349869230336,0.5624553578599537,20.363372431206653,0.522653236309642,90.35369906069961,0.06551724137931035
2023-07-06,0.19779162243735185,0.5819894796173999,0.5619300034845338,20.372799613995273,0.5231855362902642,90.33114045302639,0.06896551724137931
2023-07-10,0.19772160560748023,0.581276999761308,0.5614491299896768,20.377856241727688,0.5236624179448033,90.32122099630736,0.0735632183908046
2023-07-12,0.1978656971564297,0.5816630298977795,0.5617467103169856,20.377336838440396,0.5234419681883979,90.31211300997332,0.0735632183908046
2023-07-14,0.19740047877956113,0.5808664031565497,0.5609465163913581,20.404460759871306,0.524438669760398,90.29468961047328,0.067816091954023
2023-07-18,0.19682021702863745,0.5800171789410445,0.5599228910860229,20.428241676661198,0.5254751474367237,90.27853349500954,0.06666666666666667
2023-07-20,0.19675337577586807,0.5787467713037787,0.5589821786271816,20.430740994120345,0.5263089323705994,90.2477903968403,0.067816091954023
2023-07-24,0.19669305076692453,0.5788718390371876,0.5592491345786187,20.43510351642298,0.5262221078039948,90.25091129141543,0.06436781609195402
2023-07-26,0.19652679493036046,0.5784799569942425,0.5592026741643532,20.45674205971545,0.5267908951574257,90.2327004848635,0.06321839080459771
2023-07-28,0.19665163136267128,0.5785591381985548,0.5593619345784641,20.46454728986398,0.5268257507340665,90.21542673551994,0.067816091954023
2023-08-01,0.19649643916773646,0.578305440996858,0.5592911559488131,20.46547632440684,0.5269506791151944,90.21375997022838,0.07126436781609195
2023-08-03,0.19660761437543547,0.578279363074507,0.5596877992963133,20.471002071137047,0.5270325038713667,90.22260677464259,0.06666666666666667
2023-08-07,0.196611943364588,0.5783313867944925,0.5600209474062804,20.49287379187295,0.527226836708892,90.22058181114885,0.06896551724137931
2023-08-09,0.19656248041170002,0.578143587622302,0.5598521773730272,20.49689912967639,0.527405740603137,90.21612003687305,0.06896551724137931
2023-08-11,0.19656151143293527,0.5782574564065547,0.5600156190492205,20.499500848980883,0.5274523735925064,90.19674631936162,0.0735632183908046
2023-08-15,0.19647932407049845,0.5782858851160833,0.5599541806088683,20.506003662902224,0.5275527719709515,90.21127235904643,0.07126436781609195
2023-08-17,0.1964550610048007,0.5786497181918403,0.5603626667685656,20.515079718628105,0.5274147963262047,90.21295808639091,0.06436781609195402
2023-08-21,0.19620752370895453,0.5784566816232676,0.5597035042486808,20.525438415643528,0.5277571396773784,90.20621538639945,0.06551724137931035
2023-08-23,0.19616835904905752,0.5782057324124097,0.5594544250340376,20.533195297203516,0.5280383307202596,90.1810230857127,0.06551724137931035
2023-08-25,0.196146011185545,0.5783521849357871,0.559789297348862,20.539248051149592,0.5279722608013417,90.21214618507624,0.059770114942528735
2023-08-29,0.19649173018119606,0.5791266028239127,0.5608640921825645,20.52675205993694,0.5272021922055496,90.23988171182775,0.059770114942528735
2023-08-31,0.19642791462315112,0.5790212021857496,0.5610015449525376,20.530112143309882,0.5272917257929107,90.25863077109804,0.06206896551724138
2023-09-05,0.1965808371576435,0.5795558929173545,0.5610974414168536,20.524394921216143,0.5269569728451261,90.26497110057095,0.06321839080459771
2023-09-07,0.19660894125751238,0.579667303394582,0.5614886040535084,20.529836351449557,0.5269863221127435,90.27896680422197,0.06206896551724138
2023-09-11,0.19650290955810287,0.5793437990047662,0.561117045661347,20.53227387762367,0.5272510291807048,90.26147556583575,0.06321839080459771
2023-09-13,0.19634505548141504,0.5789408919749413,0.5611466155109796,20.542776149912438,0.527631287139593,90.24185010298326,0.06206896551724138
2023-09-15,0.19616525774560578,0.5786882657624102,0.5607007135299806,20.551120642793325,0.5278598742081616,90.26018818507656,0.059770114942528735
2023-09-19,0.19594919004272499,0.578394822886631,0.560271635402187,20.5557725450677,0.528108602166854,90.21465304226902,0.059770114942528735
2023-09-21,0.19610147773028117,0.5790459348359421,0.5610909886833934,20.54901039947373,0.5275095618792779,90.25356669369843,0.06206896551724138
2023-09-25,0.19576593292194625,0.5786118962272377,0.5608086663788783,20.56444267814512,0.5281416279539473,90.22964436695352,0.06206896551724138
2023-09-27,0.19578053823401334,0.5787691034183825,0.5614971884737807,20.560642782408305,0.5280969893653499,90.2293717423728,0.06091954022988506
2023-09-29,0.1955942481567389,0.5784738093985479,0.5622313429821989,20.583435806325713,0.5286585438194162,90.23314574318712,0.06321839080459771
2023-10-03,0.19584519929781266,0.5788516447295972,0.5624937954465608,20.579676938726482,0.5283027727769126,90.23707014725899,0.05517241379310345
2023-10-05,0.19577937698746506,0.5777679843728946,0.5615726052195141,20.60020947868253,0.5293966194477304,90.21432969501191,0.06091954022988506
2023-10-09,0.1959271109183207,0.5778998852010676,0.5616392626438094,20.596253977460645,0.5292695398433238,90.22314494476164,0.059770114942528735
2023-10-11,0.19576928954460643,0.5776433387539831,0.5617882065834087,20.59844690227041,0.5294856376926844,90.23193426556257,0.05747126436781609
2023-10-13,0.19603306651072916,0.5781127202110037,0.5626863222829103,20.611193006083436,0.5292572236429864,90.28081559040668,0.054022988505747126
2023-10-17,0.1962653167403756,0.5791148172863476,0.5644844526856936,20.608233532792816,0.5283945888620379,90.31593327818457,0.052873563218390804
2023-10-19,0.19674488521331365,0.5791207782722937,0.5647097846633448,20.606663152816044,0.528595081378223,90.30706495014813,0.054022988505747126
2023-10-23,0.19679764844530018,0.5798159526449272,0.5655674244787665,20.603326285769494,0.5278765300300957,90.3180412675822,0.05517241379310345
2023-10-25,0.19667901846816288,0.5794568766226502,0.5656159929795909,20.615573765876288,0.5282152855015386,90.34722347595024,0.052873563218390804
2023-10-27,0.19665861410881535,0.5796911711028196,0.5662356866708388,20.615870860989844,0.5277793960328674,90.32066337584762,0.05172413793103448
2023-10-31,0.19674928366222824,0.5802913877482082,0.5665091992858745,20.60252923043735,0.5269427203215594,90.31937501707401,0.05747126436781609
2023-11-02,0.19722065555108562,0.5819290764957386,0.5679941381545663,20.58867624555765,0.5254828948602375,90.3581910026913,0.06321839080459771
2023-11-06,0.19740515703901948,0.5829866493276337,0.5699321417827262,20.586510811918252,0.5244214803235555,90.37901070927704,0.059770114942528735
2023-11-08,0.1973050699399282,0.5832249722761133,0.5701129223461978,20.591936790263237,0.524271921594537,90.38335291883062,0.06551724137931035
2023-11-10,0.1974902961140115,0.5835232889995078,0.5708015379021195,20.5951572494625,0.524125765579195,90.39425209160085,0.06091954022988506
2023-11-14,0.1984089079855034,0.5850000244857991,0.573049945028186,20.57491677444716,0.5229102782339777,90.45695444627715,0.059770114942528735
2023-11-16,0.19839635615000584,0.5854376632172481,0.5737489494662301,20.563700719143025,0.522488944384365,90.46789870948082,0.059770114942528735
2023-11-20,0.19841759422188335,0.5859787895666616,0.57461443005557,20.558619892255212,0.5219522047945986,90.47064722023657,0.06206896551724138
2023-11-22,0.1976708222090452,0.5846865865900845,0.5733186283007415,20.572182756823477,0.5229756109734556,90.43484325448313,0.059770114942528735
2023-11-27,0.19696849852704862,0.5834297905815324,0.5727934357587247,20.581114992199986,0.5241484868041372,90.42495941726447,0.059770114942528735
2023-11-29,0.19609389412421782,0.5819835310573321,0.5712331064129124,20.596333919061404,0.5254768137078206,90.40600195690594,0.067816091954023
2023-12-01,0.1961514801493987,0.5825950368322067,0.57170667789674,20.587107503943017,0.5250988480101718,90.43238709686786,0.06321839080459771
2023-12-05,0.19594257713115837,0.582374713110358,0.5709670594230757,20.595708249048823,0.525385457425702,90.41386577220501,0.067816091954023
2023-12-07,0.1958382500718385,0.582136254584268,0.5707905703942255,20.607229324092916,0.5257025809947298,90.4256436302283,0.07011494252873564
2023-12-11,0.19571878302912052,0.5826209155845083,0.570519320230338,20.607998783435466,0.5254288273956587,90.43530345093403,0.0735632183908046
2023-12-13,0.19611622048571084,0.5849347258558122,0.5723788647624524,20.589404929854382,0.5234739568769473,90.5014986740239,0.06666666666666667
2023-12-15,0.19604026884903,0.5832316447536724,0.5714403650690567,20.594048335887784,0.5247895211829119,90.41798832771714,0.07241379310344828
2023-12-19,0.19543216565959645,0.5825615541504754,0.5701689410508887,20.6117110327824,0.5255405123774362,90.40417226877317,0.07471264367816093
2023-12-21,0.19569422773091688,0.5835085190756865,0.5709623617938009,20.604992540288272,0.5246465739509487,90.42681477214975,0.07011494252873564
2023-12-26,0.1957347563678969,0.583264657858979,0.5705591153706537,20.614259384376663,0.5250636063114887,90.41537340107584,0.07011494252873564
2023-12-28,0.1957341706314969,0.5833253469547414,0.5705628929804977,20.61301745886897,0.5249892735785389,90.4376896552639,0.07126436781609195
2024-01-02,0.1956632265153571,0.5837743200937795,0.5723266265006098,20.61270423028256,0.5241793339573514,90.42591677625131,0.07126436781609195
2024-01-04,0.195566176834339,0.5841892844215155,0.5723847306107873,20.608429078224265,0.5237819893272748,90.45219961687425,0.07701149425287357
2024-01-08,0.19561242966641956,0.5848729144394246,0.5728497508146821,20.59651768062323,0.523078856550412,90.45079897895316,0.07931034482758621
2024-01-10,0.19548926775861625,0.5847947699416333,0.5728278806014973,20.599285613625597,0.5230924241178411,90.45883418100233,0.07241379310344828
2024-01-12,0.19543212668954904,0.5852800082407417,0.5731961973331859,20.59670012244008,0.5226265025853387,90.45048538063084,0.07241379310344828
2024-01-17,0.19512805912220813,0.5850115750002032,0.5723419898705393,20.600177521469462,0.5229988211200894,90.45957569483676,0.07011494252873564
2024-01-19,0.19439906235987855,0.584069046027752,0.5714047874393663,20.620135983818134,0.5236629883696401,90.43787236167367,0.07241379310344828
2024-01-23,0.19425677246572368,0.5837917617590489,0.5712053248713056,20.646283743625585,0.5244316417302253,90.42771041937029,0.07011494252873564
2024-01-25,0.1941433105064399,0.5834395555997036,0.5701015806532633,20.64671584870715,0.5246569612734059,90.41858530473804,0.06666666666666667
2024-01-29,0.19343269399974752,0.5831122517341427,0.56948249155803,20.660939387135663,0.5252625838545889,90.4193772655732,0.06321839080459771
2024-01-31,0.1934341981098481,0.5835515676845908,0.5707551202719692,20.682073083013613,0.5252726989329806,90.43740653893296,0.06091954022988506
2024-02-02,0.1934578839892548,0.5844738355920885,0.5710063413063623,20.669623968061078,0.5243628447501603,90.46086961956351,0.06436781609195402
2024-02-06,0.19344742578178692,0.5843231608141051,0.570662763956373,20.683212958018697,0.5247959107363829,90.44733211188503,0.06321839080459771
2024-02-08,0.1929333965014869,0.5828836655679399,0.5693134371155951,20.71099398094284,0.5264079362676582,90.42734993631498,0.07011494252873564
2024-02-12,0.19282349895591033,0.5830406355929718,0.5694178885757859,20.728389493700742,0.5268656671450499,90.40192224971439,0.06896551724137931
2024-02-14,0.1929287054784745,0.5837929165023007,0.5699860227409392,20.723958649410825,0.5263884366203783,90.44535552440267,0.06666666666666667
2024-02-16,0.19275727482613972,0.5838506034090085,0.5691765478712165,20.73632626908579,0.5268437189870835,90.43397362080992,0.06321839080459771
2024-02-21,0.19228819754524704,0.5831313139849001,0.5685429907484232,20.747687380099883,0.527619231719507,90.5139985993469,0.06091954022988506
2024-02-23,0.19133517374074208,0.5828834050073357,0.5692632888278867,20.78781884225089,0.5289427809952143,90.4699841593737,0.05632183908045977
2024-02-27,0.19115488700423003,0.5839581412186592,0.5702774478887647,20.77828604337604,0.528292823707693,90.46006314809135,0.052873563218390804
2024-02-29,0.1904875260587946,0.5830975644191257,0.5700457270067473,20.802869549112145,0.529153044347065,90.50172966986838,0.04827586206896552
2024-03-04,0.18902739417766928,0.581412228231611,0.5676949141478486,20.828122976843247,0.5309600390708236,90.46700631918482,0.06666666666666667
2024-03-06,0.18856314502256255,0.5827430108614688,0.568570475348498,20.833678668414883,0.530757071097176,90.53117032280028,0.06436781609195402
2024-03-08,0.18843146262978472,0.5831540310401457,0.5703579197976328,20.84438780875985,0.5305225478563866,90.48585277050026,0.067816091954023
2024-03-12,0.1877697103858872,0.5827426121928981,0.5700252658393777,20.86826159488996,0.5311581101740964,90.44244831915408,0.07011494252873564
2024-03-14,0.18700397100596544,0.5817921917774654,0.5685014930878388,20.89893858545937,0.5325014603493756,90.40453440542605,0.07586206896551724
2024-03-18,0.1869261007692611,0.5822847216747595,0.5689360160639182,20.906837785926456,0.532288057576615,90.41414962967858,0.07586206896551724
2024-03-20,0.18696902364402496,0.582990325549179,0.5705507837278696,20.912326222345015,0.5319406996016589,90.44131982818493,0.07011494252873564
2024-03-22,0.18691704982906177,0.5826661779338425,0.5705264503536692,20.919494001867186,0.5324133255930522,90.4538391791225,0.06436781609195402
2024-03-26,0.18669269709337846,0.5831039892450066,0.5716467462967157,20.93253113206787,0.5323841256966023,90.45643527182065,0.06896551724137931
2024-03-28,0.18665741375900385,0.5835580820113128,0.5716772878301908,20.931464509405608,0.5320959224038962,90.48145286429984,0.06896551724137931
2024-04-02,0.1867261431979999,0.5845294514641494,0.5730867270894867,20.925684743959145,0.5313215102713132,90.50449138838948,0.067816091954023
2024-04-04,0.1865153790463402,0.5852353658584294,0.5725883621625057,20.93689547803771,0.531266571984931,90.55997070467883,0.06321839080459771
2024-04-08,0.1865552603536013,0.5857688043984394,0.5733381144696822,20.935945468354234,0.5308322092094082,90.57537465019657,0.06551724137931035
2024-04-10,0.18666190777767155,0.5865858683326831,0.5750243301180445,20.941127452916415,0.5301211028868777,90.58165940976836,0.06206896551724138
2024-04-12,0.18659861823496968,0.5870646297782658,0.575628624234286,20.94773126018891,0.5296931619920231,90.61578670912272,0.06206896551724138
2024-04-16,0.18627597146384706,0.5867147767450267,0.5749708837057252,20.955126342146443,0.530378547316488,90.66189865584609,0.06321839080459771
2024-04-18,0.18590893307423387,0.5889437456158458,0.5784869626835988,20.938541485532063,0.5280762958568543,90.61870536506618,0.059770114942528735
2024-04-22,0.1848745265632882,0.585870640553861,0.5764020144080182,20.97813231971941,0.5306311167420387,90.60049366204947,0.06436781609195402
2024-04-24,0.18416280207902996,0.5842828276286816,0.5758900726065808,21.03686756475946,0.5329292634926723,90.55204448708353,0.059770114942528735
2024-04-26,0.1827983709883651,0.5814574967943525,0.5742481770542971,21.057921757430183,0.5353637820888888,90.53852274667484,0.05632183908045977
2024-04-30,0.1833358742854217,0.583580002099432,0.5762885947330647,21.025589973838997,0.5337167144208599,90.43734673299114,0.06896551724137931
2024-05-02,0.18073617145441573,0.5772942578865029,0.5701862265268097,21.119137837499995,0.540058804678909,90.35713309842329,0.0735632183908046
2024-05-06,0.1793152994543409,0.5767737372173413,0.5684531862470167,21.148393253086535,0.5407104558467061,90.29222999684514,0.06896551724137931
2024-05-08,0.17903138668959687,0.5773825727477259,0.5687287327753701,21.16596454777193,0.5408953071991651,90.34532911294531,0.06436781609195402
2024-05-10,0.17832436695864073,0.576710217634167,0.5681389630935527,21.173652868466505,0.5412104629641238,90.30890633448756,0.06436781609195402
2024-05-14,0.17763827291887285,0.5761625624214269,0.5666709879958083,21.19812064031815,0.5422230737690887,90.1522931681718,0.06436781609195402
2024-05-16,0.17549702693550098,0.5717644076924999,0.5631036200468541,21.231897483555205,0.5465199030203635,90.15585872247523,0.059770114942528735
2024-05-20,0.17507557316998837,0.5712420460586427,0.5631384714125286,21.237252985630764,0.5468298338054909,90.1583449773691,0.06091954022988506
2024-05-22,0.17472053306008414,0.5719831010778733,0.5623765769169695,21.257085493518698,0.5471013034908464,90.1159244346001,0.06666666666666667
2024-05-24,0.1735710026749859,0.5700559795874847,0.55949806890736,21.303249414389665,0.5492622059641694,90.12410355864245,0.06321839080459771
2024-05-29,0.17353450569382436,0.5701048334509049,0.5602260306485268,21.31623285338335,0.5493543581968464,90.0989404930871,0.06896551724137931
2024-05-31,0.17296136107928833,0.5686705069072975,0.5582434647302055,21.347816254704288,0.5507071811029703,90.09779690314234,0.067816091954023
2024-06-04,0.17281323058377204,0.5673892286545635,0.5572986653887012,21.357937067991983,0.5516856667756143,90.0598955126731,0.067816091954023
2024-06-06,0.17193158876250741,0.5648943501026391,0.5560331261911052,21.374499041586333,0.5537792350031377,89.9891681040814,0.05172413793103448
2024-06-10,0.16804316190550558,0.5543270814787834,0.5453538469841882,21.506547284259714,0.5635860638044445,89.75088713746416,0.052873563218390804
2024-06-12,0.16783975062183562,0.5539435831030375,0.5451516646758405,21.502550243314076,0.5638339871605137,89.56931367986348,0.052873563218390804
2024-06-14,0.1657668205184619,0.5498034220605811,0.5394778754450182,21.575999312104653,0.5681647998405132,89.58787774144986,0.05172413793103448
2024-06-18,0.16522912421240984,0.5498582756684179,0.5406537103560662,21.586711231279164,0.5680929541461858,89.6844019131134,0.04942528735632184
2024-06-21,0.16369083476847432,0.5475780022651996,0.5389411879057432,21.630613629155977,0.5710231539538276,89.56061343868645,0.06321839080459771
2024-06-25,0.16336056799607412,0.5467834958786099,0.5385424294579446,21.65115912827832,0.5721076487860868,89.53184743680295,0.06666666666666667
2024-06-27,0.1631870216261084,0.5470305778510307,0.5385711342795877,21.661664134503336,0.5720597847772061,89.54072904870442,0.06551724137931035
2024-07-01,0.16292359182635263,0.5461010461199173,0.5367501954521026,21.672319921330793,0.5735199282146978,89.45635900261891,0.047126436781609195
2024-07-03,0.1623532756577457,0.5451154535879376,0.5347682691881415,21.69126750645038,0.5744853517440451,89.41099128335128,0.04252873563218391
2024-07-08,0.16208002379318667,0.5441836072071939,0.5337296773831469,21.707415110638205,0.5753351845609279,89.40301762828248,0.040229885057471264
2024-07-10,0.16219842700593604,0.5451321162548167,0.534728255588421,21.695765480569044,0.5744210911697962,89.42190459423885,0.040229885057471264
2024-07-12,0.1619326917259142,0.5436035198045417,0.5322555247013498,21.68698844663804,0.5756234337309657,89.36785548268621,0.040229885057471264
2024-07-16,0.16108694544499863,0.5405878898894843,0.5296129962564141,21.72501913246248,0.5785818409679747,89.2711104729213,0.041379310344827586
2024-07-18,0.16112277046029208,0.5401031707786927,0.5306649892676204,21.739683302531063,0.5787091243632484,89.26082693201263,0.047126436781609195
2024-07-22,0.16118056802977201,0.5405821424005061,0.5317936775242257,21.747025621009023,0.5786222388748455,89.26069820301815,0.04482758620689655
2024-07-24,0.16076827518885672,0.5392590699022366,0.5306640232706091,21.749013962949864,0.5795492765915171,89.25189518617695,0.041379310344827586
2024-07-26,0.1608027734934941,0.5397911727029229,0.530793545236069,21.745871670583615,0.5794352807892557,89.2619346308927,0.04942528735632184
2024-07-30,0.16070322572742576,0.5389415372407564,0.5301560801152916,21.770522450987933,0.5806167292190426,89.23450514103541,0.05057471264367816
2024-08-01,0.1611484437752967,0.5378483929113553,0.531844517688282,21.760195815019063,0.5810539386490543,89.18846993918523,0.04942528735632184
2024-08-05,0.16278006872341577,0.5413491082109378,0.5368568159213029,21.716903221896658,0.5772802755451468,89.31117644934929,0.06091954022988506
2024-08-07,0.16203304052939316,0.5396363765305883,0.5346694958914914,21.75276815141442,0.5789967769801155,89.25958266412069,0.05632183908045977
2024-08-09,0.16212422531626777,0.5397442502874207,0.5355641619166162,21.761432495913876,0.579082883117248,89.283539972456,0.05632183908045977
2024-08-13,0.1624720884829144,0.5406838747766709,0.5366926885922688,21.752141522909213,0.578347953131734,89.2897482841898,0.04942528735632184
2024-08-15,0.16263241555360347,0.5405042041213369,0.5369773789716713,21.754301217906043,0.5785523870464744,89.27256267471118,0.05517241379310345
2024-08-19,0.16189724013706955,0.5388807344585478,0.5352922998113531,21.786453975117993,0.5806062660801745,89.2778270719106,0.05172413793103448
2024-08-21,0.1619940286232797,0.5393191167760009,0.5359106293418435,21.778226063640403,0.5801473565232445,89.2413352498633,0.05172413793103448
2024-08-23,0.16059208162048327,0.5349861591105234,0.5326042401231164,21.815903849706107,0.5844785071962373,89.09687166525687,0.05747126436781609
2024-08-27,0.16015771923201194,0.5335319782800416,0.5316307821122922,21.835145114186417,0.5856520127109411,89.04222524394731,0.06091954022988506
2024-08-29,0.16011540790067633,0.5339111669718043,0.5319488372711705,21.831891319687948,0.585485177096974,89.06772963478011,0.059770114942528735
2024-09-03,0.16082209515113263,0.5337418804597475,0.5344621033707462,21.799656200958545,0.5846911136761668,89.0490526017502,0.06321839080459771
2024-09-05,0.16031408388784799,0.5325735788030223,0.5341556871175505,21.823352060714296,0.586186920346567,88.99700929958613,0.06436781609195402
2024-09-09,0.16009294690772596,0.5318678063407382,0.5334256511711737,21.82726993820525,0.586765248014676,88.7366776229068,0.06206896551724138
2024-09-11,0.15758190499673483,0.5241615102295145,0.528618787545013,21.893614526775504,0.5932554000697959,88.78709646523647,0.06551724137931035
2024-09-13,0.15757335617927276,0.524875401970144,0.5293526157629915,21.874520863854517,0.5924556931811407,88.75432829071006,0.0735632183908046
2024-09-17,0.1570752490547125,0.5233724657493697,0.527690714956812,21.89510292906758,0.5937572879139945,88.67394337346057,0.07471264367816093
2024-09-19,0.15660863392035565,0.5214887124855054,0.5259549255958098,21.900215604395694,0.5952470772972878,88.60631373910776,0.0735632183908046
2024-09-23,0.1555344912615847,0.5177462403159254,0.5233822790263217,21.944847323319344,0.5985256722837203,88.59178863389148,0.07931034482758621
2024-09-25,0.1545914451345868,0.5152700915638614,0.5219455830551116,21.970153974536576,0.6008347004454057,88.3050602775614,0.07701149425287357
2024-09-27,0.1537010454069847,0.5118584607975739,0.5201322057066993,22.001822480364453,0.6038334993770401,88.08769806855115,0.06436781609195402
2024-10-01,0.1504878806655206,0.5019421724908624,0.5144723245074828,22.12287957274775,0.6128275721905602,87.89728086449922,0.05517241379310345
2024-10-03,0.1504648753058333,0.5020574210388615,0.5150017171007312,22.12659127351946,0.6130919431473579,87.76058260975097,0.059770114942528735
2024-10-07,0.14963310864110244,0.49911540987630637,0.5119560133110256,22.16099029964284,0.6157867182434943,87.8045815622898,0.05862068965517241
2024-10-09,0.14968813475489623,0.5004752168757655,0.5125116875788635,22.129217061206763,0.6142965154285568,87.7320468179606,0.06091954022988506
2024-10-11,0.14802563116703799,0.494492191662807,0.5074943443583625,22.17007543480675,0.6189718148886159,87.48157140415155,0.047126436781609195
2024-10-15,0.14675474525615848,0.4904954480394239,0.5040652452237576,22.211145914476603,0.6225906190728636,87.45431373387096,0.054022988505747126
2024-10-17,0.1464421369442551,0.4905515872983382,0.5044551306448444,22.21390770475637,0.6224205339226603,87.34292759377134,0.04827586206896552
2024-10-21,0.14526719489547518,0.48751040543755486,0.5013640082916182,22.246801936102475,0.6251183473207417,87.27746426350113,0.04942528735632184
2024-10-23,0.14471050819342723,0.48411073793403786,0.49920264125844144,22.291407441468934,0.6277671706768309,87.13349985629618,0.04367816091954023
2024-10-25,0.14431509558185507,0.4819115332782461,0.4951376568755946,22.24288809371804,0.629631734272034,87.00804193102893,0.0367816091954023
2024-10-29,0.14435549267000536,0.48162977486162456,0.4948904191717708,22.247516241254484,0.6298670712898216,86.79922605218079,0.04827586206896552
2024-10-31,0.14312531894811611,0.4774273925277083,0.49074102751090404,22.289486926291463,0.6330763876436093,86.71207363690823,0.0367816091954023
2024-11-04,0.14243450571262556,0.47588171927784323,0.49094325213340934,22.323266297787647,0.6342678979669312,86.70082816847261,0.041379310344827586
2024-11-06,0.1431819974019079,0.46963547482209506,0.4917939802325057,22.321866592069874,0.63703020854422,85.75569973506329,0.05172413793103448
2024-11-08,0.13788391309213693,0.4537722469679027,0.4751393291438346,22.514679156907555,0.6515272945852114,85.72247397596134,0.040229885057471264
2024-11-12,0.13779027781088174,0.45289388158204114,0.4745824181658403,22.505858617668782,0.6520653924378524,85.66266226777385,0.041379310344827586
2024-11-14,0.1376131729130608,0.45203424880669957,0.4732184734976432,22.529488147101443,0.6530523111743037,85.62923272096053,0.03908045977011494
2024-11-18,0.13773490338472658,0.45207731719740996,0.4734776765791742,22.5576949774661,0.65380839538385,85.55127151245051,0.04597701149425287
2024-11-20,0.13729052678753903,0.45050788421347543,0.4722494298565398,22.580097195480292,0.6550599257645693,85.52548426213325,0.03908045977011494
2024-11-22,0.1372357252059389,0.4497323510469333,0.47112528565109424,22.595509867569273,0.6559911776228076,85.50179844832566,0.04252873563218391
2024-11-26,0.1360784992509837,0.44495126854242906,0.46802110999606206,22.63194048175918,0.6596352338334975,85.27358148544617,0.041379310344827586
2024-11-29,0.1360879364763827,0.4455612962934794,0.4686307516440579,22.614600753071453,0.6589311467225571,85.113778799114,0.04367816091954023
2024-12-03,0.13503584534781857,0.440954899695324,0.4649809013369756,22.65964406381955,0.6623539311139125,85.04559237667172,0.040229885057471264
2024-12-05,0.13497757738231922,0.44035512208729727,0.46451257711970484,22.657645115551567,0.6625758782819428,84.99878505328806,0.04597701149425287
2024-12-09,0.13463344752623685,0.43816759540936884,0.4636708897936643,22.678682153337952,0.6642177841714199,84.91864045360165,0.03908045977011494
2024-12-11,0.13457190108785702,0.43760777943565143,0.4630253156581422,22.671540164772736,0.6643002165265408,84.70852687931693,0.040229885057471264
2024-12-13,0.13344238880355813,0.4328708401443262,0.46005536650267337,22.708125463067105,0.6680266241306363,84.5697792143631,0.041379310344827586
2024-12-17,0.13335222530426694,0.4324386027584576,0.4593138583410736,22.713560604047174,0.6683569823909076,84.52678887871456,0.03333333333333333
2024-12-19,0.1341497598506981,0.436453442234841,0.46348471233622074,22.68015891861521,0.6650082536414061,84.77891812072583,0.04942528735632184
2024-12-23,0.13416615794454267,0.43682116156829076,0.4639984314876791,22.6898719013175,0.6648813046535617,84.59790787789159,0.05862068965517241
2024-12-26,0.13321421170430717,0.4335902345539416,0.4616421117068192,22.724233211217687,0.6672286553207488,84.51714574910919,0.05747126436781609
2024-12-30,0.13349846710430788,0.43572513458408835,0.46461224607748625,22.72052945633382,0.6653628076447423,84.68754038892784,0.054022988505747126
2025-01-02,0.1330039063215813,0.4346259084946093,0.46324521828173304,22.719096880568518,0.6661675367146881,84.44344212710138,0.05057471264367816
2025-01-06,0.13190564151998946,0.4298857017529052,0.4603281532038313,22.73938846151164,0.6692908521701039,84.39951390204517,0.05517241379310345
2025-01-08,0.13156346224693227,0.42927006708690146,0.4594156295045594,22.750349083216545,0.6699516022641608,84.37282001768993,0.054022988505747126
2025-01-13,0.13214632473739094,0.43139537854526194,0.4597770690534896,22.748938423806784,0.6689242793052599,84.59440119584984,0.052873563218390804
2025-01-15,0.13198513397500483,0.4292190604989705,0.46052561114527085,22.762356389504955,0.6706198981721982,84.45911173518208,0.04942528735632184
2025-01-17,0.13127465758782222,0.42693097505503613,0.4579638215632556,22.78996979347932,0.6726759149428828,84.32927974696346,0.04942528735632184
2025-01-22,0.13131546990054133,0.42681286549340103,0.4571318485084721,22.793272902207864,0.672602529007566,84.36243265305434,0.05172413793103448
2025-01-24,0.13126556859131022,0.4277538360461213,0.45819000661959364,22.783982595487675,0.6715039590260263,84.41760900072555,0.05057471264367816
2025-01-28,0.13109031403730775,0.42347858909738767,0.4553753016277794,22.8261983370839,0.6738419069122268,84.19068613119299,0.04942528735632184
2025-01-30,0.13034798858440422,0.4205368318035973,0.4524807440628547,22.865345359780967,0.6764386249033544,84.18633113679074,0.04367816091954023
2025-02-03,0.1303152158176472,0.4219247368735633,0.45337397350954123,22.839727529538447,0.6755284375247437,84.19427143747977,0.04367816091954023
2025-02-05,0.13018865976420518,0.4206565074352448,0.4524882877242582,22.847824624078385,0.6762782361291693,84.08030798168551,0.04252873563218391
2025-02-07,0.13000133415315387,0.4184642322087768,0.45155309702572527,22.893745554481473,0.678307117390512,84.00269347085627,0.03908045977011494
2025-02-11,0.12987932537859895,0.41814845517452487,0.45125886341290117,22.911258731583303,0.6790830874570052,83.96171205115813,0.040229885057471264
2025-02-13,0.13010295620008014,0.41909890546311945,0.4524666467166161,22.916036432742725,0.6786647732709572,83.98876885695805,0.04252873563218391
2025-02-18,0.1299815999655335,0.4180998408170445,0.4513878641258587,22.927822596111913,0.6797614060643654,83.79155471329817,0.0367816091954023
2025-02-20,0.12896225634192343,0.4134963514604716,0.44697965127594574,22.98035028659222,0.6833569520597185,83.74332934888892,0.040229885057471264
2025-02-24,0.12929968121847776,0.41219376364721977,0.44869968290377327,22.957849606289518,0.6826377871353061,83.72096754361968,0.04252873563218391
2025-02-26,0.1292618585507727,0.41179157973641867,0.4477311172015521,22.956055965691245,0.6828273565648232,83.73728834629695,0.03793103448275862
2025-02-28,0.1296061047265906,0.4126548384434706,0.44960641143854646,22.94024433732214,0.6819942913465653,83.68696969717163,0.035632183908045977
2025-03-04,0.13004346622571994,0.41364260520945484,0.45055883625085635,22.924975998093277,0.680167941193467,83.74152687436913,0.040229885057471264
2025-03-06,0.13012245886702253,0.411709929086815,0.45011653396317747,22.937235178916858,0.6813340545519601,83.57402365105214,0.03103448275862069
2025-03-10,0.12948699251430612,0.40707089935543633,0.44680205829337843,22.945422031407492,0.6844038573972681,83.47826460050045,0.034482758620689655
2025-03-12,0.12915835639090478,0.40509635704517977,0.4423757326275184,22.943167887656436,0.685484924039398,83.34459331112066,0.035632183908045977
2025-03-14,0.12908513102600147,0.40651391334945897,0.44246446751097085,22.964933637508114,0.6852777166496826,83.27069506573781,0.047126436781609195
2025-03-18,0.12865194292508753,0.4049740860243962,0.44001663631100035,22.962183239613847,0.6863724052234558,83.22894242276176,0.05747126436781609
2025-03-20,0.127739536886588,0.40194450570622653,0.43693243875242005,22.988829192910817,0.6887317392447444,83.05708954556506,0.06896551724137931
2025-03-24,0.12842073471523194,0.4040418301404218,0.43994495186112387,22.939503686588886,0.6870431736151749,83.10628887941034,0.06666666666666667
2025-03-26,0.12831844829797456,0.4026602803554106,0.4395506917575622,22.940764710782947,0.68747726104602,82.99411979285148,0.06091954022988506
2025-03-28,0.1287154780715978,0.40326691633885814,0.4414271405901586,22.924862724592856,0.6865187029545419,82.96527420711178,0.06896551724137931
2025-04-01,0.1282704691969277,0.4017090352590805,0.44039825500902713,22.95009604448989,0.68773731461124,82.86708882720897,0.06896551724137931
2025-04-03,0.13229445973584825,0.4100738598465977,0.45461583308099934,22.801749925378704,0.6776588871590841,83.4040425457699,0.05862068965517241
2025-04-07,0.1377281319033986,0.4306966593898363,0.4632086522788281,22.672933723940055,0.6627218699149637,84.23486623679335,0.2367816091954023
2025-04-09,0.15012072244164018,0.46790134708820164,0.5015285804508572,22.240216320100405,0.6311313929463153,85.78210369191659,0.23333333333333334
2025-04-11,0.15198920569566765,0.47213228979442745,0.5062829323226543,22.177934352047103,0.6274035225756633,85.98166792140013,0.19540229885057472
2025-04-15,0.15205361973987983,0.47213545897100906,0.5058552254175481,22.17737098664217,0.6272205945380255,85.9825048149868,0.19885057471264367
2025-04-17,0.15251978120886475,0.473703030899538,0.506954501535643,22.171670301832894,0.6258285425439394,86.08118454575305,0.19885057471264367
2025-04-22,0.1540529150181845,0.4784201349723312,0.511062393238174,22.14440915456607,0.6223452530888541,86.28001514741344,0.2
2025-04-24,0.15417650944550526,0.4770806357246668,0.5116110561778441,22.137434932459602,0.622608718398514,86.23026256665767,0.19310344827586207
2025-04-28,0.15342454664883312,0.4748246762667336,0.5089896993040064,22.144712470020426,0.6243031534920657,86.18672990995537,0.18620689655172415
2025-04-30,0.15332283510292904,0.474697468417813,0.508988605672136,22.14316618836369,0.6243443762248198,86.1788089981745,0.1896551724137931
2025-05-02,0.15357507313883972,0.47464132795911435,0.5094002941416729,22.15167252300206,0.6242048368846246,86.06817991660084,0.19885057471264367
2025-05-06,0.15301907551413313,0.47218590233001534,0.5072902479203598,22.196192966406986,0.6264604808122873,86.03963353717741,0.19540229885057472
2025-05-08,0.153098119802955,0.47171604890079727,0.5067784970229364,22.200181663426786,0.6268258512716667,86.00310528745283,0.20229885057471264
2025-05-12,0.1541705684675255,0.4726054244455662,0.5099256509189184,22.16523712399987,0.6250806236844698,86.02435095124453,0.2057471264367816
2025-05-14,0.1539030357647307,0.4708366368323082,0.508295552576061,22.171231381807875,0.6263147479689778,85.86714136495038,0.19080459770114944
2025-05-16,0.1538152504714665,0.4712632599464486,0.5071100761215857,22.174716549642696,0.6259997776723807,86.00269470433749,0.1793103448275862
2025-05-20,0.15379068243817623,0.4716028260116436,0.5076128169766962,22.170449116978325,0.6257606812058074,86.00936585581047,0.18850574712643678
2025-05-22,0.1539355532604472,0.4722670446578854,0.5078104104894353,22.157450550199567,0.6250718557356402,86.06696565219139,0.19310344827586207
2025-05-27,0.15450239354003537,0.47447342362319617,0.5101580238973381,22.132920949503063,0.62343125803199,86.1280423421349,0.1850574712643678
2025-05-29,0.1545449469662466,0.4750991913248896,0.5105656931691992,22.127570206467322,0.6229988869307574,86.12484163764375,0.18850574712643678
2025-06-02,0.15326096288357308,0.4717821548401727,0.507123853568984,22.160239871821084,0.6256887075693855,86.04706850312732,0.1850574712643678
2025-06-04,0.15315424261573682,0.47145773298380805,0.506661936373357,22.160872529457944,0.6259040398825777,86.04654713325655,0.18275862068965518
2025-06-06,0.15316026138917357,0.47188238562194745,0.5059474974981939,22.141711971882774,0.6257898749865204,86.03801960412873,0.1850574712643678
2025-06-10,0.15317322337797806,0.4716295774147122,0.505942545288745,22.147275949433666,0.6261906636058173,85.99500084294483,0.18620689655172415
2025-06-12,0.15299029528698865,0.4712557006861976,0.5053095179486866,22.158925760552084,0.6265639450273044,85.91034585662969,0.19195402298850575
2025-06-16,0.15304757391085938,0.4708298971792516,0.5052511566802355,22.15344134822187,0.6265781751917368,85.90829693994164,0.1896551724137931
2025-06-18,0.15319948832812716,0.47151149237528356,0.5067648283066265,22.15232546487641,0.6260214887861231,85.94698037423453,0.19310344827586207
2025-06-23,0.15330158101467828,0.471414418242561,0.5062996491488764,22.141104954590325,0.6260644061343464,85.94388081089552,0.18850574712643678
2025-06-25,0.15317473152187985,0.47130982741769145,0.5054774911097779,22.15056296862387,0.6262518080963614,85.94442422204891,0.1850574712643678
2025-06-27,0.1533531929083968,0.47139431985366675,0.5052343615661093,22.14665120314039,0.6262738542940073,85.90010506067932,0.18735632183908046
2025-07-01,0.15327657612825246,0.46970866526468824,0.5029405880949029,22.14973650132578,0.6272763158580384,85.79024141830261,0.1839080459770115
2025-07-03,0.15327111333320437,0.46863921492107463,0.5011170807703044,22.13298956070029,0.6281120698715447,85.77750811082315,0.1793103448275862
2025-07-08,0.1533153660792028,0.46908307892930984,0.5014500858918978,22.134262849050423,0.6280488227529206,85.77517151290701,0.17471264367816092
2025-07-10,0.1532794612725396,0.46853191718813064,0.5009071780873054,22.137987859063916,0.6286559880057261,85.77175352736099,0.17701149425287357
2025-07-14,0.1531804631850941,0.468369760526489,0.5005672316061627,22.133835830429707,0.6286210657235792,85.79466646962037,0.17586206896551723
2025-07-16,0.1533117088131235,0.4693153695768391,0.5006747330887579,22.12149787492127,0.6277983543528559,85.84672980820669,0.16436781609195403
2025-07-18,0.1534590567363164,0.4703091825999493,0.5008020916658706,22.137439659492912,0.6278404096330903,85.8539315517386,0.16206896551724137
2025-07-22,0.15360543772926782,0.4691938224438607,0.4990866406688777,22.15099252315043,0.6287641355640173,85.75590655681002,0.15057471264367817
2025-07-24,0.15372213422926434,0.4697395969505834,0.4994335141384469,22.137006024677845,0.6282180676015391,85.68563586068042,0.1482758620689655
2025-07-28,0.15360350542093748,0.469112939100611,0.4986283260376655,22.123769232192796,0.628340758130678,85.67476761200656,0.15057471264367817
2025-07-30,0.15362791218004615,0.46838609559662153,0.49807289617493433,22.13345256541575,0.6290189002393568,85.54396511148724,0.15517241379310345
2025-08-01,0.15367125766388445,0.46722577436469925,0.4966463867790094,22.157861593027715,0.6302755214187957,85.51764854472144,0.14597701149425288
2025-08-05,0.15377380519191158,0.4671053961066551,0.49695980458205874,22.16112871288644,0.6305059493811047,85.55141730615065,0.13793103448275862
2025-08-07,0.15375919818989683,0.4655835415195539,0.4956869574777124,22.196150993976584,0.6322170389542678,85.45400881381735,0.13793103448275862
2025-08-11,0.1537836941993525,0.46569299328843294,0.4955302263750782,22.19483909635335,0.6321625780131034,85.45162312317329,0.13448275862068965
2025-08-13,0.15409641885261308,0.46549840570218404,0.4959638799451074,22.18427599041,0.6319196954314017,85.40967110698067,0.1413793103448276
2025-08-15,0.15398649333496742,0.46463907238803437,0.495348130602738,22.197225251989007,0.6326853975642158,85.35909726143561,0.1413793103448276
2025-08-19,0.15398228265355715,0.46429704114197673,0.49528493816888475,22.20332948103646,0.6328175202891302,85.35094349486312,0.1367816091954023
2025-08-21,0.15390370629455277,0.4639264732298369,0.4952709341771783,22.203937747758165,0.6329731413304531,85.3106736408171,0.1367816091954023
2025-08-25,0.15433514379298052,0.4640176104213078,0.4964505754445377,22.179923626951382,0.6322269558831602,85.3124507635375,0.12988505747126436
2025-08-27,0.1538971214181733,0.4626555282534374,0.4949675627877076,22.200543224715954,0.6333370007060003,85.26211388595473,0.13793103448275862
2025-08-29,0.15388813364259105,0.4622854967667809,0.4947180460389317,22.196588322756046,0.6334107868507225,85.24948253410255,0.13448275862068965
2025-09-03,0.15370577422335172,0.46204128317261317,0.49547291564089135,22.212477626467372,0.6338732636805553,85.18407548407616,0.14367816091954022
2025-09-05,0.153791333412517,0.46122213353401276,0.49422616761929217,22.207045057300242,0.6344548957388447,85.14986162545956,0.14482758620689656
2025-09-09,0.15379985619759198,0.46102976038695614,0.4945658438856347,22.21368765624065,0.6344906520979715,85.13687171261236,0.14367816091954022
2025-09-11,0.1540558701744272,0.4612416343789004,0.4951121898340329,22.20746513310322,0.6341866822131276,85.09685015735461,0.15747126436781608
2025-09-15,0.15368649880845087,0.45940819545180617,0.4929827676551762,22.204085427218235,0.6351464426815965,85.0432615463694,0.16206896551724137
2025-09-17,0.1536714435332732,0.4588945159067401,0.4925283797466425,22.2155256103765,0.635647416591235,85.01932815045024,0.15747126436781608
2025-09-19,0.15321182784889675,0.4566465115090481,0.4905778285589324,22.233065685926732,0.6372682666724836,84.87844348341099,0.1528735632183908
2025-09-23,0.15315494013579836,0.45604405774850726,0.4902105282534669,22.250448860608397,0.6379096049069726,84.78938636574472,0.15862068965517243
2025-09-25,0.15298116639900472,0.4555489561345835,0.48973194731205716,22.251564251492667,0.6384466314671179,84.8276144266329,0.14942528735632185
2025-09-29,0.15303443143292939,0.45608372838650146,0.4900556501197291,22.245127961350466,0.6379358146477392,84.83437777133976,0.1471264367816092
2025-10-01,0.15264897914889564,0.45361532683256894,0.4884807030569645,22.28105157745983,0.6404175265002522,84.7601402691686,0.15172413793103448
2025-10-03,0.1525359576808038,0.4537043114909913,0.48844892360155606,22.27739049406279,0.640373240663735,84.80815130230677,0.15402298850574714
2025-10-07,0.15235318938046544,0.45278895160229765,0.48802638236067636,22.27401895346214,0.6407715822273645,84.77862052251834,0.14022988505747128
2025-10-09,0.15232165414542992,0.4520616175290964,0.487815659261366,22.283240932378284,0.6413073657424518,84.6781373231888,0.15172413793103448
2025-10-13,0.15295610435415766,0.4518950762979258,0.4906513600339821,22.250628607185845,0.640153455212353,84.71126290360776,0.16206896551724137
2025-10-15,0.15277631614095152,0.4507906346536832,0.48902996526682874,22.25492244764154,0.6410213136867007,84.65367755071203,0.16896551724137931
2025-10-17,0.15223638140470883,0.4501892764848581,0.4871730280983298,22.26372745804261,0.6413780255914362,84.55781482042076,0.15747126436781608
2025-10-21,0.15226963965282103,0.44914526276305644,0.4856899206827277,22.265080433166034,0.6422416937261104,84.52593103731186,0.1528735632183908
2025-10-23,0.15218414364183927,0.44742598195592254,0.4852071890254422,22.27645637351172,0.6436406801242496,84.45086381995404,0.14482758620689656
2025-10-27,0.15205810361832076,0.44682077077829213,0.48497876817096947,22.284213774988,0.644354355873904,84.30236398053079,0.15172413793103448
2025-10-29,0.15190316547853758,0.4451489870653412,0.483938627723474,22.313429703862198,0.6456992374103234,84.30584725699012,0.14942528735632185
2025-10-31,0.15128378515624194,0.4421033566038371,0.48214493572985734,22.35361621973133,0.6485966935508198,84.0843495550822,0.14482758620689656
2025-11-04,0.1512051150245916,0.4407561004128153,0.48161683572459385,22.368025132298282,0.6497900341756507,84.06178428423647,0.135632183908046
2025-11-06,0.15133118531221504,0.44068523578587593,0.4810209679449629,22.360389797374825,0.6498777025191901,84.00425783745294,0.13333333333333333
2025-11-10,0.1512520372676017,0.440181134969283,0.47988050240392727,22.366280585464324,0.6502841165174456,83.98880213461932,0.12643678160919541
2025-11-12,0.15002999844297799,0.43682441137607064,0.47573517865475534,22.414379528772535,0.6530214356049728,83.81546297236918,0.135632183908046
2025-11-14,0.1503749166343908,0.4369744628065419,0.4767933082276063,22.402867877193277,0.6528498378151091,83.86901282738684,0.1367816091954023
2025-11-18,0.15058116179921036,0.4372285473297353,0.47718494818946605,22.412410892336244,0.6527965029979186,83.89358012870386,0.1310344827586207
2025-11-20,0.1508741550962257,0.4374223788369415,0.4778784552805039,22.40809761015324,0.6526019709948047,83.9131990930617,0.1310344827586207
2025-11-24,0.15139343737427977,0.4374805387457134,0.47813701680221504,22.39001623081487,0.6518551872133548,83.90952074795678,0.1206896551724138
2025-11-26,0.1518973043078776,0.4387965996316819,0.47903077108449676,22.38153805050578,0.6509003825017641,84.01971831459977,0.11839080459770115
2025-12-01,0.1515559987357807,0.4378678171393129,0.4784700170158827,22.399353522969097,0.6517318434094475,83.98421202100549,0.11724137931034483
2025-12-03,0.1515506131904453,0.4370379224755967,0.4780736330777034,22.39790023029222,0.6522821052679653,83.94901725668772,0.12183908045977011
2025-12-05,0.15150650341156965,0.43669567734452,0.4777186362171795,22.401349407644876,0.6525575636283552,83.96190505059465,0.11724137931034483
2025-12-09,0.1515814506857616,0.43677122270816193,0.47793323923218806,22.406105761310464,0.6526848224989552,83.95549846600103,0.11264367816091954
2025-12-11,0.15137916821544492,0.43506305166766607,0.47715736885479937,22.414119787275776,0.6538447757055379,83.86022373879298,0.12298850574712644
2025-12-15,0.1511042356176688,0.43552012427271736,0.4760256229441801,22.420852238810223,0.6537337747145998,83.8434704093627,0.12873563218390804
2025-12-17,0.15094366575116683,0.4343916252186593,0.47514578440081917,22.429183098201715,0.6545965717939592,83.58423315504095,0.13793103448275862
2025-12-19,0.15032224309928313,0.4309982237326396,0.472948401070456,22.45180466318209,0.6570224164735305,83.5452675991319,0.1310344827586207
2025-12-23,0.15035063637510807,0.4311271629872581,0.4733429374045339,22.45225860871888,0.6568594554770327,83.50089117439413,0.1310344827586207
2025-12-26,0.1503605299804439,0.43122488397638636,0.4733602082291089,22.45185968095684,0.6567771581590193,83.49339268383856,0.1310344827586207
2025-12-30,0.1503543414763936,0.43182836746873116,0.4735499017025974,22.452910062751524,0.656825165745747,83.52264441694007,0.12758620689655173
2026-01-02,0.1503379909776633,0.43112022706559616,0.4729436894321705,22.457371976428334,0.6573118336445258,83.53552338820188,0.12988505747126436
2026-01-06,0.15038145465182856,0.42981085298842814,0.4723637944034483,22.473553164147855,0.6580777382485716,83.46638384786323,0.12643678160919541
2026-01-08,0.15079066045879624,0.43020915597942455,0.4722176586894371,22.48124205835465,0.6579275614090945,83.59746693232533,0.1206896551724138
2026-01-12,0.15105475618331246,0.43049209611732275,0.472370673243259,22.483245028112087,0.6580931175936274,83.5770972090395,0.11954022988505747
2026-01-14,0.1508457317075958,0.4291713442265746,0.4713744730147748,22.49002396037588,0.6588149533751966,83.59087827420059,0.11839080459770115
2026-01-16,0.15072408803638512,0.4290527098576262,0.4714899468582146,22.495033471605595,0.6590236543843014,83.59489291129958,0.11494252873563218
2026-01-21,0.15134526427477002,0.4304195855599937,0.4734389641530065,22.466947268481928,0.6574489437754107,83.69454263844146,0.11264367816091954
2026-01-23,0.15127880686996434,0.4304215768390483,0.47494342484840335,22.486257067710604,0.6579286448065996,83.67549944145229,0.10574712643678161
2026-01-27,0.15117566841261187,0.42961843210063705,0.4737313829590048,22.49245662018563,0.6587171851194037,83.63588421426417,0.10689655172413794
2026-01-29,0.150869893574563,0.4286345434616634,0.47253238643549544,22.499219568588888,0.659297023000934,83.50174747044125,0.1103448275862069
2026-02-02,0.15052332840593172,0.42595045726090025,0.4708154598899617,22.499111954711378,0.6604994366924567,83.45780561109304,0.11379310344827587
2026-02-04,0.1503971286374842,0.42189266114933277,0.4672180102085046,22.52611994593998,0.6631490800042402,83.40260356693504,0.11724137931034483
2026-02-06,0.15112511740144316,0.42226384592580396,0.4687331776277261,22.52628039642085,0.6633783509147437,83.41448934021088,0.12183908045977011
2026-02-10,0.15106187442766614,0.42158356528121754,0.4683330751415925,22.540337340042445,0.6640818182335527,83.22949064139158,0.12298850574712644
2026-02-12,0.1507733139836091,0.419359818157199,0.4669171463525436,22.56889245766515,0.665984637588241,83.14367117433954,0.12758620689655173
2026-02-17,0.15060979617275885,0.4183789863121233,0.4660883763520012,22.586163075471944,0.666959752366042,83.09446101980873,0.12298850574712644
2026-02-19,0.15055822360269788,0.4180590182052616,0.4656684705623002,22.604198030222484,0.6675580650385937,83.07701730992802,0.12988505747126436
2026-02-23,0.15050302562540055,0.4168808073568267,0.4652424052789216,22.61522815540002,0.6681320884170885,83.03693837549892,0.13218390804597702
2026-02-25,0.15061567766471048,0.4166784211963688,0.4654802677887456,22.62384236657302,0.668405942135335,83.08707262711953,0.1206896551724138
2026-02-27,0.15053367786910665,0.41466456819463404,0.46377089743429095,22.66873312925542,0.6705104729168327,82.9515649154061,0.12413793103448276
2026-03-03,0.15081893187262654,0.4147419886839975,0.46336845004423993,22.672418947310106,0.6705986169520024,82.98122892794922,0.12413793103448276
2026-03-05,0.1511566273532192,0.4150553363843293,0.4631385802626386,22.674588088583135,0.6707036560818667,83.00046814747138,0.1206896551724138
2026-03-09,0.15138897355620048,0.4148150613254242,0.46365829725739,22.669489941484898,0.6709374212030144,82.98698495085745,0.11839080459770115
2026-03-11,0.1513949602886436,0.4150242604218412,0.46375376525268047,22.673058192310606,0.6708057082932432,82.98986045559512,0.1206896551724138
2026-03-13,0.15162329137701758,0.4149328413461282,0.46422834518644757,22.689046235589966,0.6708014876127617,82.94539294698713,0.1206896551724138
2026-03-17,0.1516917195657033,0.4152430311215355,0.46482532439379315,22.68729495592325,0.6704089342534283,82.91943091999164,0.12413793103448276
2026-03-19,0.151896213648662,0.41580881159074634,0.4634816420246805,22.693054862284423,0.6703013189959359,83.03152624328733,0.11494252873563218
2026-03-23,0.15248395183756214,0.41735349885856265,0.4652679783291135,22.68031737622382,0.6690857605254984,83.0478236309044,0.11494252873563218
2026-03-25,0.15263669824783282,0.41687011734106905,0.46464467192473374,22.679643004440692,0.6694801433788267,82.94475298059298,0.11954022988505747
2026-03-27,0.15275494986415325,0.4157965274131824,0.46481411396155403,22.677532059380205,0.6700062919708341,82.87074269905297,0.12298850574712644
2026-03-31,0.15343683974847752,0.4156455147090376,0.46586007547194896,22.6475844140476,0.6691332418399204,82.87888390861612,0.10689655172413794
2026-04-02,0.15323748246692118,0.41396355747196883,0.46418144543631457,22.655794288735475,0.6704411624902195,82.76421921063114,0.10229885057471265
2026-04-07,0.1532090472106656,0.41379263097457086,0.4639875664628348,22.66329289140457,0.6707190145035914,82.79159939229334,0.10229885057471265
2026-04-09,0.15396376009957657,0.413665507308697,0.4630851798642352,22.648060432475553,0.6704116621450138,82.698438080554,0.10689655172413794
2026-04-13,0.15363749968285728,0.4119879337689262,0.4618962075678192,22.662780893102063,0.6715895949990206,82.56346832477165,0.10804597701149425
2026-04-15,0.1535767773408466,0.41069976528775226,0.4606821527466324,22.673934135815536,0.6724382475215407,82.5258671595993,0.11839080459770115
2026-04-17,0.1537811450158958,0.4093815265343733,0.4596075556175754,22.693970064046635,0.6736057818531487,82.48984771822377,0.1103448275862069
2026-04-21,0.15381728413413095,0.409791018240671,0.45940682736947364,22.693782700545597,0.6735118487274369,82.54059481695082,0.11149425287356322
2026-04-23,0.1537223202739276,0.40897852752534763,0.45925285715155983,22.70693802641996,0.6738961885734845,82.52972916967973,0.10689655172413794
2026-04-27,0.15369717717642042,0.408952313902508,0.4592422582181241,22.71331829561174,0.674020753248989,82.50926602282341,0.10114942528735632
2026-04-29,0.15301548262316456,0.4062476428937024,0.4564611475109911,22.76868475375837,0.676068980209548,82.4148602293369,0.09885057471264368
2026-05-01,0.15324039615714904,0.4069379290860807,0.45641563903635696,22.771072560507157,0.675688849420034,82.44399348978216,0.09770114942528736
2026-05-05,0.15332912716897587,0.40661102633177876,0.456406628800032,22.776855978180375,0.6759902829422385,82.44387006782831,0.10344827586206896
2026-05-07,0.15385387327201086,0.40611759414811327,0.45675235801206726,22.792457850949816,0.6767756496875443,82.38608717666308,0.10689655172413794
2026-05-11,0.15372950467883506,0.40441087514065294,0.4551245446797562,22.812371917475417,0.6782284077089151,82.27259287330811,0.10574712643678161
2026-05-13,0.15370455957062554,0.4039625125967995,0.45453852449412885,22.81241455457076,0.6784120759178212,82.2619520794837,0.10689655172413794
2026-05-15,0.15404195521220823,0.4044974713076576,0.45559198670259293,22.805738620085908,0.6781078501732789,82.27187594936522,0.10344827586206896
2026-05-19,0.1541509034290749,0.40406291933368355,0.4556053941327778,22.801211773630556,0.6782511503769163,82.27231758684623,0.10459770114942529
2026-05-21,0.15434834983244872,0.4037075764578082,0.45620304744174855,22.796960414851814,0.6781240095975658,82.20018762032471,0.10459770114942529
2026-05-26,0.15416569596898,0.40178151502738,0.45529595754532537,22.796131854064882,0.6790966905393023,82.18538646882598,0.10459770114942529
2026-05-28,0.15406499815597302,0.40058665297480583,0.4543352205231016,22.80629198327056,0.6801242151548518,82.08032770902007,0.10689655172413794
2026-06-01,0.15385499706151884,0.3993150721770011,0.4524176141418851,22.805006135860623,0.6810900281700779,82.06375758633537,0.10459770114942529
2026-06-03,0.15381769088892205,0.39831489917983925,0.45192909528061515,22.83358194674613,0.6822158692433709,81.95697577145457,0.10344827586206896
2026-06-05,0.1540117416978328,0.3955735182907613,0.45175591812436167,22.822772627529595,0.6832022469457716,81.9217750558314,0.1103448275862069
2026-06-09,0.1540486719085886,0.3950401192581422,0.45048742580408274,22.81867540577246,0.6831133432255455,81.93865058280377,0.10919540229885058
2026-06-11,0.15496632844847286,0.394504276190856,0.45377218193550695,22.780626151833673,0.6819320184148222,81.89277385366864,0.10689655172413794
2026-06-15,0.15500771510089414,0.3937503294309002,0.45274466209809766,22.78153246492424,0.682394887796197,81.83882927470249,0.10459770114942529
2026-06-17,0.15513245428342828,0.39397010717610054,0.45216014171530305,22.795450371728638,0.6826050019186785,81.94428535170822,0.09770114942528736
2026-06-22,0.15520596989549074,0.39279094971583395,0.4507967481195005,22.805517784154606,0.683767284789726,81.82656356789421,0.09655172413793103
2026-06-24,0.15521018340559994,0.3905675359185961,0.450159745367389,22.797514895027525,0.6846356984441695,81.75411630464946,0.09655172413793103
2026-06-26,0.15525523204581534,0.3883743427248723,0.44836782342376663,22.810884553797376,0.6860797444130983,81.71153953732404,0.09885057471264368
2026-06-30,0.15525407211406717,0.3883175671417058,0.45035434498341814,22.836660914467497,0.6860280434261878,81.69566167783304,0.09885057471264368
