Date,cefi,q_star,estimator_spec,estimator_sha256
1991-12-20,0.1616476788225319,1,isotropic_constructed_macro_nats_full_precision_v3,0552c7f4701ada91e31e916f992171b9418cb47d283a56e61f311581d66266cb
1991-12-24,0.15384212043233986,1,isotropic_constructed_macro_nats_full_precision_v3,0552c7f4701ada91e31e916f992171b9418cb47d283a56e61f311581d66266cb
1991-12-27,0.13460845390121096,1,isotropic_constructed_macro_nats_full_precision_v3,0552c7f4701ada91e31e916f992171b9418cb47d283a56e61f311581d66266cb
1991-12-31,0.12910442352627066,2,isotropic_constructed_macro_nats_full_precision_v3,0552c7f4701ada91e31e916f992171b9418cb47d283a56e61f311581d66266cb
1992-01-03,0.1303283980115298,2,isotropic_constructed_macro_nats_full_precision_v3,0552c7f4701ada91e31e916f992171b9418cb47d283a56e61f311581d66266cb
1992-01-07,0.12892504236699112,2,isotropic_constructed_macro_nats_full_precision_v3,0552c7f4701ada91e31e916f992171b9418cb47d283a56e61f311581d66266cb
1992-01-09,0.14182771416802792,1,isotropic_constructed_macro_nats_full_precision_v3,0552c7f4701ada91e31e916f992171b9418cb47d283a56e61f311581d66266cb
1992-01-13,0.13432642837453238,2,isotropic_constructed_macro_nats_full_precision_v3,0552c7f4701ada91e31e916f992171b9418cb47d283a56e61f311581d66266cb
1992-01-15,0.13221055432352624,2,isotropic_constructed_macro_nats_full_precision_v3,0552c7f4701ada91e31e916f992171b9418cb47d283a56e61f311581d66266cb
1992-01-17,0.1283656907725791,2,isotropic_constructed_macro_nats_full_precision_v3,0552c7f4701ada91e31e916f992171b9418cb47d283a56e61f311581d66266cb
1992-01-21,0.12739975723799665,2,isotropic_constructed_macro_nats_full_precision_v3,0552c7f4701ada91e31e916f992171b9418cb47d283a56e61f311581d66266cb
1992-01-23,0.11947172897032074,2,isotropic_constructed_macro_nats_full_precision_v3,0552c7f4701ada91e31e916f992171b9418cb47d283a56e61f311581d66266cb
1992-01-27,0.110366312609764,2,isotropic_constructed_macro_nats_full_precision_v3,0552c7f4701ada91e31e916f992171b9418cb47d283a56e61f311581d66266cb
1992-01-29,0.11369455464733214,2,isotropic_constructed_macro_nats_full_precision_v3,0552c7f4701ada91e31e916f992171b9418cb47d283a56e61f311581d66266cb
1992-01-31,0.09902948756825734,2,isotropic_constructed_macro_nats_full_precision_v3,0552c7f4701ada91e31e916f992171b9418cb47d283a56e61f311581d66266cb
1992-02-04,0.10250610270292793,2,isotropic_constructed_macro_nats_full_precision_v3,0552c7f4701ada91e31e916f992171b9418cb47d283a56e61f311581d66266cb
1992-02-06,0.10049498645715924,2,isotropic_constructed_macro_nats_full_precision_v3,0552c7f4701ada91e31e916f992171b9418cb47d283a56e61f311581d66266cb
1992-02-10,0.09744947957824568,2,isotropic_constructed_macro_nats_full_precision_v3,0552c7f4701ada91e31e916f992171b9418cb47d283a56e61f311581d66266cb
1992-02-12,0.09782637191386337,2,isotropic_constructed_macro_nats_full_precision_v3,0552c7f4701ada91e31e916f992171b9418cb47d283a56e61f311581d66266cb
1992-02-14,0.0961728630889103,2,isotropic_constructed_macro_nats_full_precision_v3,0552c7f4701ada91e31e916f992171b9418cb47d283a56e61f311581d66266cb
1992-02-19,0.09281461315170153,2,isotropic_constructed_macro_nats_full_precision_v3,0552c7f4701ada91e31e916f992171b9418cb47d283a56e61f311581d66266cb
1992-02-21,0.09255033490961892,2,isotropic_constructed_macro_nats_full_precision_v3,0552c7f4701ada91e31e916f992171b9418cb47d283a56e61f311581d66266cb
1992-02-25,0.08801049214106473,2,isotropic_constructed_macro_nats_full_precision_v3,0552c7f4701ada91e31e916f992171b9418cb47d283a56e61f311581d66266cb
1992-02-27,0.09143347639829358,2,isotropic_constructed_macro_nats_full_precision_v3,0552c7f4701ada91e31e916f992171b9418cb47d283a56e61f311581d66266cb
1992-03-02,0.0885408292951262,2,isotropic_constructed_macro_nats_full_precision_v3,0552c7f4701ada91e31e916f992171b9418cb47d283a56e61f311581d66266cb
1992-03-04,0.08861959945579645,2,isotropic_constructed_macro_nats_full_precision_v3,0552c7f4701ada91e31e916f992171b9418cb47d283a56e61f311581d66266cb
1992-03-06,0.08928955614216558,2,isotropic_constructed_macro_nats_full_precision_v3,0552c7f4701ada91e31e916f992171b9418cb47d283a56e61f311581d66266cb
1992-03-10,0.08270150510158156,2,isotropic_constructed_macro_nats_full_precision_v3,0552c7f4701ada91e31e916f992171b9418cb47d283a56e61f311581d66266cb
1992-03-12,0.07613008376913276,2,isotropic_constructed_macro_nats_full_precision_v3,0552c7f4701ada91e31e916f992171b9418cb47d283a56e61f311581d66266cb
1992-03-16,0.07891694045351164,2,isotropic_constructed_macro_nats_full_precision_v3,0552c7f4701ada91e31e916f992171b9418cb47d283a56e61f311581d66266cb
1992-03-18,0.07631704402106057,2,isotropic_constructed_macro_nats_full_precision_v3,0552c7f4701ada91e31e916f992171b9418cb47d283a56e61f311581d66266cb
1992-03-20,0.07370651180304458,2,isotropic_constructed_macro_nats_full_precision_v3,0552c7f4701ada91e31e916f992171b9418cb47d283a56e61f311581d66266cb
1992-03-24,0.07524763439107254,2,isotropic_constructed_macro_nats_full_precision_v3,0552c7f4701ada91e31e916f992171b9418cb47d283a56e61f311581d66266cb
1992-03-26,0.07841843220797257,2,isotropic_constructed_macro_nats_full_precision_v3,0552c7f4701ada91e31e916f992171b9418cb47d283a56e61f311581d66266cb
1992-03-30,0.07702783898881585,2,isotropic_constructed_macro_nats_full_precision_v3,0552c7f4701ada91e31e916f992171b9418cb47d283a56e61f311581d66266cb
1992-04-01,0.07663208045638611,2,isotropic_constructed_macro_nats_full_precision_v3,0552c7f4701ada91e31e916f992171b9418cb47d283a56e61f311581d66266cb
1992-04-03,0.08091655128344506,2,isotropic_constructed_macro_nats_full_precision_v3,0552c7f4701ada91e31e916f992171b9418cb47d283a56e61f311581d66266cb
1992-04-07,0.08304770415774451,2,isotropic_constructed_macro_nats_full_precision_v3,0552c7f4701ada91e31e916f992171b9418cb47d283a56e61f311581d66266cb
1992-04-09,0.08525823175525224,2,isotropic_constructed_macro_nats_full_precision_v3,0552c7f4701ada91e31e916f992171b9418cb47d283a56e61f311581d66266cb
1992-04-13,0.08213114314106687,2,isotropic_constructed_macro_nats_full_precision_v3,0552c7f4701ada91e31e916f992171b9418cb47d283a56e61f311581d66266cb
1992-04-15,0.07945915400962242,2,isotropic_constructed_macro_nats_full_precision_v3,0552c7f4701ada91e31e916f992171b9418cb47d283a56e61f311581d66266cb
1992-04-20,0.07989730682764792,2,isotropic_constructed_macro_nats_full_precision_v3,0552c7f4701ada91e31e916f992171b9418cb47d283a56e61f311581d66266cb
1992-04-22,0.082778329529771,2,isotropic_constructed_macro_nats_full_precision_v3,0552c7f4701ada91e31e916f992171b9418cb47d283a56e61f311581d66266cb
1992-04-24,0.08102681863027641,2,isotropic_constructed_macro_nats_full_precision_v3,0552c7f4701ada91e31e916f992171b9418cb47d283a56e61f311581d66266cb
1992-04-28,0.07696078118367987,2,isotropic_constructed_macro_nats_full_precision_v3,0552c7f4701ada91e31e916f992171b9418cb47d283a56e61f311581d66266cb
1992-04-30,0.07628364628983739,2,isotropic_constructed_macro_nats_full_precision_v3,0552c7f4701ada91e31e916f992171b9418cb47d283a56e61f311581d66266cb
1992-05-04,0.07732605448030552,2,isotropic_constructed_macro_nats_full_precision_v3,0552c7f4701ada91e31e916f992171b9418cb47d283a56e61f311581d66266cb
1992-05-06,0.0726721089050941,2,isotropic_constructed_macro_nats_full_precision_v3,0552c7f4701ada91e31e916f992171b9418cb47d283a56e61f311581d66266cb
1992-05-08,0.07219454668059307,2,isotropic_constructed_macro_nats_full_precision_v3,0552c7f4701ada91e31e916f992171b9418cb47d283a56e61f311581d66266cb
1992-05-12,0.06953576352969038,2,isotropic_constructed_macro_nats_full_precision_v3,0552c7f4701ada91e31e916f992171b9418cb47d283a56e61f311581d66266cb
1992-05-14,0.06765609210570578,2,isotropic_constructed_macro_nats_full_precision_v3,0552c7f4701ada91e31e916f992171b9418cb47d283a56e61f311581d66266cb
1992-05-18,0.06634989451145407,2,isotropic_constructed_macro_nats_full_precision_v3,0552c7f4701ada91e31e916f992171b9418cb47d283a56e61f311581d66266cb
1992-05-20,0.062289556213445604,2,isotropic_constructed_macro_nats_full_precision_v3,0552c7f4701ada91e31e916f992171b9418cb47d283a56e61f311581d66266cb
1992-05-22,0.06698023104752965,2,isotropic_constructed_macro_nats_full_precision_v3,0552c7f4701ada91e31e916f992171b9418cb47d283a56e61f311581d66266cb
1992-05-27,0.07488919252226936,2,isotropic_constructed_macro_nats_full_precision_v3,0552c7f4701ada91e31e916f992171b9418cb47d283a56e61f311581d66266cb
1992-05-29,0.07575946465070445,2,isotropic_constructed_macro_nats_full_precision_v3,0552c7f4701ada91e31e916f992171b9418cb47d283a56e61f311581d66266cb
1992-06-02,0.07518378100137882,2,isotropic_constructed_macro_nats_full_precision_v3,0552c7f4701ada91e31e916f992171b9418cb47d283a56e61f311581d66266cb
1992-06-04,0.07417965321950248,2,isotropic_constructed_macro_nats_full_precision_v3,0552c7f4701ada91e31e916f992171b9418cb47d283a56e61f311581d66266cb
1992-06-08,0.0719910679675884,2,isotropic_constructed_macro_nats_full_precision_v3,0552c7f4701ada91e31e916f992171b9418cb47d283a56e61f311581d66266cb
1992-06-10,0.07274169818622393,2,isotropic_constructed_macro_nats_full_precision_v3,0552c7f4701ada91e31e916f992171b9418cb47d283a56e61f311581d66266cb
1992-06-12,0.07244178905037373,2,isotropic_constructed_macro_nats_full_precision_v3,0552c7f4701ada91e31e916f992171b9418cb47d283a56e61f311581d66266cb
1992-06-16,0.07550507439821205,2,isotropic_constructed_macro_nats_full_precision_v3,0552c7f4701ada91e31e916f992171b9418cb47d283a56e61f311581d66266cb
1992-06-18,0.07668221081786405,2,isotropic_constructed_macro_nats_full_precision_v3,0552c7f4701ada91e31e916f992171b9418cb47d283a56e61f311581d66266cb
1992-06-22,0.0818639427132076,2,isotropic_constructed_macro_nats_full_precision_v3,0552c7f4701ada91e31e916f992171b9418cb47d283a56e61f311581d66266cb
1992-06-24,0.08185539832779855,2,isotropic_constructed_macro_nats_full_precision_v3,0552c7f4701ada91e31e916f992171b9418cb47d283a56e61f311581d66266cb
1992-06-26,0.08159899348570429,2,isotropic_constructed_macro_nats_full_precision_v3,0552c7f4701ada91e31e916f992171b9418cb47d283a56e61f311581d66266cb
1992-06-30,0.08414691442443079,2,isotropic_constructed_macro_nats_full_precision_v3,0552c7f4701ada91e31e916f992171b9418cb47d283a56e61f311581d66266cb
1992-07-02,0.08325895835933034,2,isotropic_constructed_macro_nats_full_precision_v3,0552c7f4701ada91e31e916f992171b9418cb47d283a56e61f311581d66266cb
1992-07-07,0.08322765075684568,2,isotropic_constructed_macro_nats_full_precision_v3,0552c7f4701ada91e31e916f992171b9418cb47d283a56e61f311581d66266cb
1992-07-09,0.0808226638023213,2,isotropic_constructed_macro_nats_full_precision_v3,0552c7f4701ada91e31e916f992171b9418cb47d283a56e61f311581d66266cb
1992-07-13,0.08066000209102751,2,isotropic_constructed_macro_nats_full_precision_v3,0552c7f4701ada91e31e916f992171b9418cb47d283a56e61f311581d66266cb
1992-07-15,0.07974885092737594,2,isotropic_constructed_macro_nats_full_precision_v3,0552c7f4701ada91e31e916f992171b9418cb47d283a56e61f311581d66266cb
1992-07-17,0.07676691576700356,2,isotropic_constructed_macro_nats_full_precision_v3,0552c7f4701ada91e31e916f992171b9418cb47d283a56e61f311581d66266cb
1992-07-21,0.07817157615520098,2,isotropic_constructed_macro_nats_full_precision_v3,0552c7f4701ada91e31e916f992171b9418cb47d283a56e61f311581d66266cb
1992-07-23,0.08217946934655404,2,isotropic_constructed_macro_nats_full_precision_v3,0552c7f4701ada91e31e916f992171b9418cb47d283a56e61f311581d66266cb
1992-07-27,0.0786306212277624,2,isotropic_constructed_macro_nats_full_precision_v3,0552c7f4701ada91e31e916f992171b9418cb47d283a56e61f311581d66266cb
1992-07-29,0.07874582311165508,2,isotropic_constructed_macro_nats_full_precision_v3,0552c7f4701ada91e31e916f992171b9418cb47d283a56e61f311581d66266cb
1992-07-31,0.08091437744756066,2,isotropic_constructed_macro_nats_full_precision_v3,0552c7f4701ada91e31e916f992171b9418cb47d283a56e61f311581d66266cb
1992-08-04,0.08052191609702503,2,isotropic_constructed_macro_nats_full_precision_v3,0552c7f4701ada91e31e916f992171b9418cb47d283a56e61f311581d66266cb
1992-08-06,0.08221365133870742,2,isotropic_constructed_macro_nats_full_precision_v3,0552c7f4701ada91e31e916f992171b9418cb47d283a56e61f311581d66266cb
1992-08-10,0.08192637961711788,2,isotropic_constructed_macro_nats_full_precision_v3,0552c7f4701ada91e31e916f992171b9418cb47d283a56e61f311581d66266cb
1992-08-12,0.08058703078997448,2,isotropic_constructed_macro_nats_full_precision_v3,0552c7f4701ada91e31e916f992171b9418cb47d283a56e61f311581d66266cb
1992-08-14,0.07854886338630193,2,isotropic_constructed_macro_nats_full_precision_v3,0552c7f4701ada91e31e916f992171b9418cb47d283a56e61f311581d66266cb
1992-08-18,0.08189251619131621,2,isotropic_constructed_macro_nats_full_precision_v3,0552c7f4701ada91e31e916f992171b9418cb47d283a56e61f311581d66266cb
1992-08-20,0.0816573258315581,2,isotropic_constructed_macro_nats_full_precision_v3,0552c7f4701ada91e31e916f992171b9418cb47d283a56e61f311581d66266cb
1992-08-24,0.0766937776066392,2,isotropic_constructed_macro_nats_full_precision_v3,0552c7f4701ada91e31e916f992171b9418cb47d283a56e61f311581d66266cb
1992-08-26,0.077451494882785,2,isotropic_constructed_macro_nats_full_precision_v3,0552c7f4701ada91e31e916f992171b9418cb47d283a56e61f311581d66266cb
1992-08-28,0.0764950709987005,2,isotropic_constructed_macro_nats_full_precision_v3,0552c7f4701ada91e31e916f992171b9418cb47d283a56e61f311581d66266cb
1992-09-01,0.07710657486042127,2,isotropic_constructed_macro_nats_full_precision_v3,0552c7f4701ada91e31e916f992171b9418cb47d283a56e61f311581d66266cb
1992-09-03,0.07529701696713578,2,isotropic_constructed_macro_nats_full_precision_v3,0552c7f4701ada91e31e916f992171b9418cb47d283a56e61f311581d66266cb
1992-09-08,0.07532039462526488,2,isotropic_constructed_macro_nats_full_precision_v3,0552c7f4701ada91e31e916f992171b9418cb47d283a56e61f311581d66266cb
1992-09-10,0.07819288931121987,2,isotropic_constructed_macro_nats_full_precision_v3,0552c7f4701ada91e31e916f992171b9418cb47d283a56e61f311581d66266cb
1992-09-14,0.07735030916358063,2,isotropic_constructed_macro_nats_full_precision_v3,0552c7f4701ada91e31e916f992171b9418cb47d283a56e61f311581d66266cb
1992-09-16,0.07679756326798248,2,isotropic_constructed_macro_nats_full_precision_v3,0552c7f4701ada91e31e916f992171b9418cb47d283a56e61f311581d66266cb
1992-09-18,0.07469869562647725,2,isotropic_constructed_macro_nats_full_precision_v3,0552c7f4701ada91e31e916f992171b9418cb47d283a56e61f311581d66266cb
1992-09-22,0.0732712198045349,2,isotropic_constructed_macro_nats_full_precision_v3,0552c7f4701ada91e31e916f992171b9418cb47d283a56e61f311581d66266cb
1992-09-24,0.06781328021027816,2,isotropic_constructed_macro_nats_full_precision_v3,0552c7f4701ada91e31e916f992171b9418cb47d283a56e61f311581d66266cb
1992-09-28,0.06665291256906312,2,isotropic_constructed_macro_nats_full_precision_v3,0552c7f4701ada91e31e916f992171b9418cb47d283a56e61f311581d66266cb
1992-09-30,0.0706489548320046,2,isotropic_constructed_macro_nats_full_precision_v3,0552c7f4701ada91e31e916f992171b9418cb47d283a56e61f311581d66266cb
1992-10-02,0.06741546298909723,2,isotropic_constructed_macro_nats_full_precision_v3,0552c7f4701ada91e31e916f992171b9418cb47d283a56e61f311581d66266cb
1992-10-06,0.07020562351533155,2,isotropic_constructed_macro_nats_full_precision_v3,0552c7f4701ada91e31e916f992171b9418cb47d283a56e61f311581d66266cb
1992-10-08,0.0653661181590475,2,isotropic_constructed_macro_nats_full_precision_v3,0552c7f4701ada91e31e916f992171b9418cb47d283a56e61f311581d66266cb
1992-10-12,0.06621458087131984,2,isotropic_constructed_macro_nats_full_precision_v3,0552c7f4701ada91e31e916f992171b9418cb47d283a56e61f311581d66266cb
1992-10-14,0.06530822611646592,2,isotropic_constructed_macro_nats_full_precision_v3,0552c7f4701ada91e31e916f992171b9418cb47d283a56e61f311581d66266cb
1992-10-16,0.06722172900770088,2,isotropic_constructed_macro_nats_full_precision_v3,0552c7f4701ada91e31e916f992171b9418cb47d283a56e61f311581d66266cb
1992-10-20,0.06623852171762756,2,isotropic_constructed_macro_nats_full_precision_v3,0552c7f4701ada91e31e916f992171b9418cb47d283a56e61f311581d66266cb
1992-10-22,0.06184274509092435,2,isotropic_constructed_macro_nats_full_precision_v3,0552c7f4701ada91e31e916f992171b9418cb47d283a56e61f311581d66266cb
1992-10-26,0.05926666161295883,2,isotropic_constructed_macro_nats_full_precision_v3,0552c7f4701ada91e31e916f992171b9418cb47d283a56e61f311581d66266cb
1992-10-28,0.05450363692019368,2,isotropic_constructed_macro_nats_full_precision_v3,0552c7f4701ada91e31e916f992171b9418cb47d283a56e61f311581d66266cb
1992-10-30,0.05577634427291211,2,isotropic_constructed_macro_nats_full_precision_v3,0552c7f4701ada91e31e916f992171b9418cb47d283a56e61f311581d66266cb
1992-11-03,0.053912835947802114,2,isotropic_constructed_macro_nats_full_precision_v3,0552c7f4701ada91e31e916f992171b9418cb47d283a56e61f311581d66266cb
1992-11-05,0.05532476496865542,2,isotropic_constructed_macro_nats_full_precision_v3,0552c7f4701ada91e31e916f992171b9418cb47d283a56e61f311581d66266cb
1992-11-09,0.058352938468133844,2,isotropic_constructed_macro_nats_full_precision_v3,0552c7f4701ada91e31e916f992171b9418cb47d283a56e61f311581d66266cb
1992-11-11,0.06143853870174709,2,isotropic_constructed_macro_nats_full_precision_v3,0552c7f4701ada91e31e916f992171b9418cb47d283a56e61f311581d66266cb
1992-11-13,0.06423736250925956,2,isotropic_constructed_macro_nats_full_precision_v3,0552c7f4701ada91e31e916f992171b9418cb47d283a56e61f311581d66266cb
1992-11-17,0.0659117828236304,2,isotropic_constructed_macro_nats_full_precision_v3,0552c7f4701ada91e31e916f992171b9418cb47d283a56e61f311581d66266cb
1992-11-19,0.06463777432311227,2,isotropic_constructed_macro_nats_full_precision_v3,0552c7f4701ada91e31e916f992171b9418cb47d283a56e61f311581d66266cb
1992-11-23,0.05653618048501296,2,isotropic_constructed_macro_nats_full_precision_v3,0552c7f4701ada91e31e916f992171b9418cb47d283a56e61f311581d66266cb
1992-11-25,0.052672654283959675,2,isotropic_constructed_macro_nats_full_precision_v3,0552c7f4701ada91e31e916f992171b9418cb47d283a56e61f311581d66266cb
1992-11-30,0.05010896117391172,2,isotropic_constructed_macro_nats_full_precision_v3,0552c7f4701ada91e31e916f992171b9418cb47d283a56e61f311581d66266cb
1992-12-02,0.05072757220223766,2,isotropic_constructed_macro_nats_full_precision_v3,0552c7f4701ada91e31e916f992171b9418cb47d283a56e61f311581d66266cb
1992-12-04,0.05136505855959879,2,isotropic_constructed_macro_nats_full_precision_v3,0552c7f4701ada91e31e916f992171b9418cb47d283a56e61f311581d66266cb
1992-12-08,0.04973986916127823,2,isotropic_constructed_macro_nats_full_precision_v3,0552c7f4701ada91e31e916f992171b9418cb47d283a56e61f311581d66266cb
1992-12-10,0.04864221590012547,2,isotropic_constructed_macro_nats_full_precision_v3,0552c7f4701ada91e31e916f992171b9418cb47d283a56e61f311581d66266cb
1992-12-14,0.04782572582965875,2,isotropic_constructed_macro_nats_full_precision_v3,0552c7f4701ada91e31e916f992171b9418cb47d283a56e61f311581d66266cb
1992-12-16,0.0454068143507266,2,isotropic_constructed_macro_nats_full_precision_v3,0552c7f4701ada91e31e916f992171b9418cb47d283a56e61f311581d66266cb
1992-12-18,0.04271959488015297,2,isotropic_constructed_macro_nats_full_precision_v3,0552c7f4701ada91e31e916f992171b9418cb47d283a56e61f311581d66266cb
1992-12-22,0.03958888062581642,2,isotropic_constructed_macro_nats_full_precision_v3,0552c7f4701ada91e31e916f992171b9418cb47d283a56e61f311581d66266cb
1992-12-24,0.03885246630181349,2,isotropic_constructed_macro_nats_full_precision_v3,0552c7f4701ada91e31e916f992171b9418cb47d283a56e61f311581d66266cb
1992-12-29,0.0380145483410594,2,isotropic_constructed_macro_nats_full_precision_v3,0552c7f4701ada91e31e916f992171b9418cb47d283a56e61f311581d66266cb
1992-12-31,0.03792425506138907,2,isotropic_constructed_macro_nats_full_precision_v3,0552c7f4701ada91e31e916f992171b9418cb47d283a56e61f311581d66266cb
1993-01-05,0.037236073907279635,2,isotropic_constructed_macro_nats_full_precision_v3,0552c7f4701ada91e31e916f992171b9418cb47d283a56e61f311581d66266cb
1993-01-07,0.03793785031047285,2,isotropic_constructed_macro_nats_full_precision_v3,0552c7f4701ada91e31e916f992171b9418cb47d283a56e61f311581d66266cb
1993-01-11,0.031327252846320576,2,isotropic_constructed_macro_nats_full_precision_v3,0552c7f4701ada91e31e916f992171b9418cb47d283a56e61f311581d66266cb
1993-01-13,0.03166890467127021,2,isotropic_constructed_macro_nats_full_precision_v3,0552c7f4701ada91e31e916f992171b9418cb47d283a56e61f311581d66266cb
1993-01-15,0.029347381957034104,2,isotropic_constructed_macro_nats_full_precision_v3,0552c7f4701ada91e31e916f992171b9418cb47d283a56e61f311581d66266cb
1993-01-19,0.02848365154294861,2,isotropic_constructed_macro_nats_full_precision_v3,0552c7f4701ada91e31e916f992171b9418cb47d283a56e61f311581d66266cb
1993-01-21,0.022923449379331495,2,isotropic_constructed_macro_nats_full_precision_v3,0552c7f4701ada91e31e916f992171b9418cb47d283a56e61f311581d66266cb
1993-01-25,0.024187382636973412,2,isotropic_constructed_macro_nats_full_precision_v3,0552c7f4701ada91e31e916f992171b9418cb47d283a56e61f311581d66266cb
1993-01-27,0.029539624871938307,2,isotropic_constructed_macro_nats_full_precision_v3,0552c7f4701ada91e31e916f992171b9418cb47d283a56e61f311581d66266cb
1993-01-29,0.033543627461955994,2,isotropic_constructed_macro_nats_full_precision_v3,0552c7f4701ada91e31e916f992171b9418cb47d283a56e61f311581d66266cb
1993-02-02,0.032591765167171084,2,isotropic_constructed_macro_nats_full_precision_v3,0552c7f4701ada91e31e916f992171b9418cb47d283a56e61f311581d66266cb
1993-02-04,0.03849498072049104,2,isotropic_constructed_macro_nats_full_precision_v3,0552c7f4701ada91e31e916f992171b9418cb47d283a56e61f311581d66266cb
1993-02-08,0.02492389075334126,2,isotropic_constructed_macro_nats_full_precision_v3,0552c7f4701ada91e31e916f992171b9418cb47d283a56e61f311581d66266cb
1993-02-10,0.02184281444540493,2,isotropic_constructed_macro_nats_full_precision_v3,0552c7f4701ada91e31e916f992171b9418cb47d283a56e61f311581d66266cb
1993-02-12,0.022039426887416093,2,isotropic_constructed_macro_nats_full_precision_v3,0552c7f4701ada91e31e916f992171b9418cb47d283a56e61f311581d66266cb
1993-02-17,0.026572554410063516,2,isotropic_constructed_macro_nats_full_precision_v3,0552c7f4701ada91e31e916f992171b9418cb47d283a56e61f311581d66266cb
1993-02-19,0.02701217819356915,2,isotropic_constructed_macro_nats_full_precision_v3,0552c7f4701ada91e31e916f992171b9418cb47d283a56e61f311581d66266cb
1993-02-23,0.022656377977386434,2,isotropic_constructed_macro_nats_full_precision_v3,0552c7f4701ada91e31e916f992171b9418cb47d283a56e61f311581d66266cb
1993-02-25,0.02195201553245081,2,isotropic_constructed_macro_nats_full_precision_v3,0552c7f4701ada91e31e916f992171b9418cb47d283a56e61f311581d66266cb
1993-03-01,0.025872675843690254,2,isotropic_constructed_macro_nats_full_precision_v3,0552c7f4701ada91e31e916f992171b9418cb47d283a56e61f311581d66266cb
1993-03-03,0.02660809521767469,2,isotropic_constructed_macro_nats_full_precision_v3,0552c7f4701ada91e31e916f992171b9418cb47d283a56e61f311581d66266cb
1993-03-05,0.031095687616188056,1,isotropic_constructed_macro_nats_full_precision_v3,0552c7f4701ada91e31e916f992171b9418cb47d283a56e61f311581d66266cb
1993-03-09,0.02455834821587407,1,isotropic_constructed_macro_nats_full_precision_v3,0552c7f4701ada91e31e916f992171b9418cb47d283a56e61f311581d66266cb
1993-03-11,0.023081010584260993,2,isotropic_constructed_macro_nats_full_precision_v3,0552c7f4701ada91e31e916f992171b9418cb47d283a56e61f311581d66266cb
1993-03-15,0.018101207160879144,2,isotropic_constructed_macro_nats_full_precision_v3,0552c7f4701ada91e31e916f992171b9418cb47d283a56e61f311581d66266cb
1993-03-17,0.01677288486463701,2,isotropic_constructed_macro_nats_full_precision_v3,0552c7f4701ada91e31e916f992171b9418cb47d283a56e61f311581d66266cb
1993-03-19,0.016874743816350048,2,isotropic_constructed_macro_nats_full_precision_v3,0552c7f4701ada91e31e916f992171b9418cb47d283a56e61f311581d66266cb
1993-03-23,0.015412400821377993,2,isotropic_constructed_macro_nats_full_precision_v3,0552c7f4701ada91e31e916f992171b9418cb47d283a56e61f311581d66266cb
1993-03-25,0.019858020336728843,2,isotropic_constructed_macro_nats_full_precision_v3,0552c7f4701ada91e31e916f992171b9418cb47d283a56e61f311581d66266cb
1993-03-29,0.0186620181641306,2,isotropic_constructed_macro_nats_full_precision_v3,0552c7f4701ada91e31e916f992171b9418cb47d283a56e61f311581d66266cb
1993-03-31,0.018617161731373955,2,isotropic_constructed_macro_nats_full_precision_v3,0552c7f4701ada91e31e916f992171b9418cb47d283a56e61f311581d66266cb
1993-04-02,0.02052027656376166,2,isotropic_constructed_macro_nats_full_precision_v3,0552c7f4701ada91e31e916f992171b9418cb47d283a56e61f311581d66266cb
1993-04-06,0.01863622273905096,2,isotropic_constructed_macro_nats_full_precision_v3,0552c7f4701ada91e31e916f992171b9418cb47d283a56e61f311581d66266cb
1993-04-08,0.022843742908138093,2,isotropic_constructed_macro_nats_full_precision_v3,0552c7f4701ada91e31e916f992171b9418cb47d283a56e61f311581d66266cb
1993-04-13,0.026739763276605426,2,isotropic_constructed_macro_nats_full_precision_v3,0552c7f4701ada91e31e916f992171b9418cb47d283a56e61f311581d66266cb
1993-04-15,0.027568698849485665,2,isotropic_constructed_macro_nats_full_precision_v3,0552c7f4701ada91e31e916f992171b9418cb47d283a56e61f311581d66266cb
1993-04-19,0.025545890767844172,2,isotropic_constructed_macro_nats_full_precision_v3,0552c7f4701ada91e31e916f992171b9418cb47d283a56e61f311581d66266cb
1993-04-21,0.02492441975069202,2,isotropic_constructed_macro_nats_full_precision_v3,0552c7f4701ada91e31e916f992171b9418cb47d283a56e61f311581d66266cb
1993-04-23,0.025020801492809913,2,isotropic_constructed_macro_nats_full_precision_v3,0552c7f4701ada91e31e916f992171b9418cb47d283a56e61f311581d66266cb
1993-04-27,0.02498906165633509,2,isotropic_constructed_macro_nats_full_precision_v3,0552c7f4701ada91e31e916f992171b9418cb47d283a56e61f311581d66266cb
1993-04-29,0.024334060604906685,2,isotropic_constructed_macro_nats_full_precision_v3,0552c7f4701ada91e31e916f992171b9418cb47d283a56e61f311581d66266cb
1993-05-03,0.02475176832991579,2,isotropic_constructed_macro_nats_full_precision_v3,0552c7f4701ada91e31e916f992171b9418cb47d283a56e61f311581d66266cb
1993-05-05,0.023651270811954582,2,isotropic_constructed_macro_nats_full_precision_v3,0552c7f4701ada91e31e916f992171b9418cb47d283a56e61f311581d66266cb
1993-05-07,0.025043322833417744,2,isotropic_constructed_macro_nats_full_precision_v3,0552c7f4701ada91e31e916f992171b9418cb47d283a56e61f311581d66266cb
1993-05-11,0.02462188860094265,2,isotropic_constructed_macro_nats_full_precision_v3,0552c7f4701ada91e31e916f992171b9418cb47d283a56e61f311581d66266cb
1993-05-13,0.021532346872808715,2,isotropic_constructed_macro_nats_full_precision_v3,0552c7f4701ada91e31e916f992171b9418cb47d283a56e61f311581d66266cb
1993-05-17,0.03115804993631214,2,isotropic_constructed_macro_nats_full_precision_v3,0552c7f4701ada91e31e916f992171b9418cb47d283a56e61f311581d66266cb
1993-05-19,0.03274345901386404,2,isotropic_constructed_macro_nats_full_precision_v3,0552c7f4701ada91e31e916f992171b9418cb47d283a56e61f311581d66266cb
1993-05-21,0.03634708570371288,2,isotropic_constructed_macro_nats_full_precision_v3,0552c7f4701ada91e31e916f992171b9418cb47d283a56e61f311581d66266cb
1993-05-25,0.035650873729175754,2,isotropic_constructed_macro_nats_full_precision_v3,0552c7f4701ada91e31e916f992171b9418cb47d283a56e61f311581d66266cb
1993-05-27,0.03726878446581612,2,isotropic_constructed_macro_nats_full_precision_v3,0552c7f4701ada91e31e916f992171b9418cb47d283a56e61f311581d66266cb
1993-06-01,0.03666674160503991,2,isotropic_constructed_macro_nats_full_precision_v3,0552c7f4701ada91e31e916f992171b9418cb47d283a56e61f311581d66266cb
1993-06-03,0.03676893151046687,2,isotropic_constructed_macro_nats_full_precision_v3,0552c7f4701ada91e31e916f992171b9418cb47d283a56e61f311581d66266cb
1993-06-07,0.035957723158908904,2,isotropic_constructed_macro_nats_full_precision_v3,0552c7f4701ada91e31e916f992171b9418cb47d283a56e61f311581d66266cb
1993-06-09,0.03522825897521352,2,isotropic_constructed_macro_nats_full_precision_v3,0552c7f4701ada91e31e916f992171b9418cb47d283a56e61f311581d66266cb
1993-06-11,0.038256022969267535,2,isotropic_constructed_macro_nats_full_precision_v3,0552c7f4701ada91e31e916f992171b9418cb47d283a56e61f311581d66266cb
1993-06-15,0.0347322258106189,2,isotropic_constructed_macro_nats_full_precision_v3,0552c7f4701ada91e31e916f992171b9418cb47d283a56e61f311581d66266cb
1993-06-17,0.034082770853621665,2,isotropic_constructed_macro_nats_full_precision_v3,0552c7f4701ada91e31e916f992171b9418cb47d283a56e61f311581d66266cb
1993-06-21,0.033800142527481945,2,isotropic_constructed_macro_nats_full_precision_v3,0552c7f4701ada91e31e916f992171b9418cb47d283a56e61f311581d66266cb
1993-06-23,0.02967957188676002,2,isotropic_constructed_macro_nats_full_precision_v3,0552c7f4701ada91e31e916f992171b9418cb47d283a56e61f311581d66266cb
1993-06-25,0.027836338776425683,2,isotropic_constructed_macro_nats_full_precision_v3,0552c7f4701ada91e31e916f992171b9418cb47d283a56e61f311581d66266cb
1993-06-29,0.028087114806527265,2,isotropic_constructed_macro_nats_full_precision_v3,0552c7f4701ada91e31e916f992171b9418cb47d283a56e61f311581d66266cb
1993-07-01,0.025885026956579793,2,isotropic_constructed_macro_nats_full_precision_v3,0552c7f4701ada91e31e916f992171b9418cb47d283a56e61f311581d66266cb
1993-07-06,0.026688302869848655,2,isotropic_constructed_macro_nats_full_precision_v3,0552c7f4701ada91e31e916f992171b9418cb47d283a56e61f311581d66266cb
1993-07-08,0.028139349587619003,2,isotropic_constructed_macro_nats_full_precision_v3,0552c7f4701ada91e31e916f992171b9418cb47d283a56e61f311581d66266cb
1993-07-12,0.027969301482415963,2,isotropic_constructed_macro_nats_full_precision_v3,0552c7f4701ada91e31e916f992171b9418cb47d283a56e61f311581d66266cb
1993-07-14,0.02699923468865713,2,isotropic_constructed_macro_nats_full_precision_v3,0552c7f4701ada91e31e916f992171b9418cb47d283a56e61f311581d66266cb
1993-07-16,0.027158518675834444,2,isotropic_constructed_macro_nats_full_precision_v3,0552c7f4701ada91e31e916f992171b9418cb47d283a56e61f311581d66266cb
1993-07-20,0.02790900770842182,2,isotropic_constructed_macro_nats_full_precision_v3,0552c7f4701ada91e31e916f992171b9418cb47d283a56e61f311581d66266cb
1993-07-22,0.026779753554682213,2,isotropic_constructed_macro_nats_full_precision_v3,0552c7f4701ada91e31e916f992171b9418cb47d283a56e61f311581d66266cb
1993-07-26,0.02415180105887285,2,isotropic_constructed_macro_nats_full_precision_v3,0552c7f4701ada91e31e916f992171b9418cb47d283a56e61f311581d66266cb
1993-07-28,0.02049525521720555,2,isotropic_constructed_macro_nats_full_precision_v3,0552c7f4701ada91e31e916f992171b9418cb47d283a56e61f311581d66266cb
1993-07-30,0.019539027802772085,2,isotropic_constructed_macro_nats_full_precision_v3,0552c7f4701ada91e31e916f992171b9418cb47d283a56e61f311581d66266cb
1993-08-03,0.01943653543703494,2,isotropic_constructed_macro_nats_full_precision_v3,0552c7f4701ada91e31e916f992171b9418cb47d283a56e61f311581d66266cb
1993-08-05,0.020807496308589774,2,isotropic_constructed_macro_nats_full_precision_v3,0552c7f4701ada91e31e916f992171b9418cb47d283a56e61f311581d66266cb
1993-08-09,0.019053414855991588,2,isotropic_constructed_macro_nats_full_precision_v3,0552c7f4701ada91e31e916f992171b9418cb47d283a56e61f311581d66266cb
1993-08-11,0.01928412919490062,2,isotropic_constructed_macro_nats_full_precision_v3,0552c7f4701ada91e31e916f992171b9418cb47d283a56e61f311581d66266cb
1993-08-13,0.021032061842029097,2,isotropic_constructed_macro_nats_full_precision_v3,0552c7f4701ada91e31e916f992171b9418cb47d283a56e61f311581d66266cb
1993-08-17,0.018215479223044007,2,isotropic_constructed_macro_nats_full_precision_v3,0552c7f4701ada91e31e916f992171b9418cb47d283a56e61f311581d66266cb
1993-08-19,0.02016718811678076,2,isotropic_constructed_macro_nats_full_precision_v3,0552c7f4701ada91e31e916f992171b9418cb47d283a56e61f311581d66266cb
1993-08-23,0.020375190974396065,2,isotropic_constructed_macro_nats_full_precision_v3,0552c7f4701ada91e31e916f992171b9418cb47d283a56e61f311581d66266cb
1993-08-25,0.02193265870322983,2,isotropic_constructed_macro_nats_full_precision_v3,0552c7f4701ada91e31e916f992171b9418cb47d283a56e61f311581d66266cb
1993-08-27,0.024680495066464837,2,isotropic_constructed_macro_nats_full_precision_v3,0552c7f4701ada91e31e916f992171b9418cb47d283a56e61f311581d66266cb
1993-08-31,0.024163216681426354,2,isotropic_constructed_macro_nats_full_precision_v3,0552c7f4701ada91e31e916f992171b9418cb47d283a56e61f311581d66266cb
1993-09-02,0.024217853214943,2,isotropic_constructed_macro_nats_full_precision_v3,0552c7f4701ada91e31e916f992171b9418cb47d283a56e61f311581d66266cb
1993-09-07,0.023468320674836105,2,isotropic_constructed_macro_nats_full_precision_v3,0552c7f4701ada91e31e916f992171b9418cb47d283a56e61f311581d66266cb
1993-09-09,0.022968389274300213,2,isotropic_constructed_macro_nats_full_precision_v3,0552c7f4701ada91e31e916f992171b9418cb47d283a56e61f311581d66266cb
1993-09-13,0.02296688189142415,2,isotropic_constructed_macro_nats_full_precision_v3,0552c7f4701ada91e31e916f992171b9418cb47d283a56e61f311581d66266cb
1993-09-15,0.021698120599777285,2,isotropic_constructed_macro_nats_full_precision_v3,0552c7f4701ada91e31e916f992171b9418cb47d283a56e61f311581d66266cb
1993-09-17,0.021895701916405663,2,isotropic_constructed_macro_nats_full_precision_v3,0552c7f4701ada91e31e916f992171b9418cb47d283a56e61f311581d66266cb
1993-09-21,0.01871316805193892,2,isotropic_constructed_macro_nats_full_precision_v3,0552c7f4701ada91e31e916f992171b9418cb47d283a56e61f311581d66266cb
1993-09-23,0.01798141779082669,2,isotropic_constructed_macro_nats_full_precision_v3,0552c7f4701ada91e31e916f992171b9418cb47d283a56e61f311581d66266cb
1993-09-27,0.01928914019306595,2,isotropic_constructed_macro_nats_full_precision_v3,0552c7f4701ada91e31e916f992171b9418cb47d283a56e61f311581d66266cb
1993-09-29,0.018094321546756893,2,isotropic_constructed_macro_nats_full_precision_v3,0552c7f4701ada91e31e916f992171b9418cb47d283a56e61f311581d66266cb
1993-10-01,0.021277850597229767,2,isotropic_constructed_macro_nats_full_precision_v3,0552c7f4701ada91e31e916f992171b9418cb47d283a56e61f311581d66266cb
1993-10-05,0.021595038869001236,2,isotropic_constructed_macro_nats_full_precision_v3,0552c7f4701ada91e31e916f992171b9418cb47d283a56e61f311581d66266cb
1993-10-07,0.022215597978373462,2,isotropic_constructed_macro_nats_full_precision_v3,0552c7f4701ada91e31e916f992171b9418cb47d283a56e61f311581d66266cb
1993-10-11,0.020613775462661778,2,isotropic_constructed_macro_nats_full_precision_v3,0552c7f4701ada91e31e916f992171b9418cb47d283a56e61f311581d66266cb
1993-10-13,0.024993023119174985,2,isotropic_constructed_macro_nats_full_precision_v3,0552c7f4701ada91e31e916f992171b9418cb47d283a56e61f311581d66266cb
1993-10-15,0.029265611559041282,2,isotropic_constructed_macro_nats_full_precision_v3,0552c7f4701ada91e31e916f992171b9418cb47d283a56e61f311581d66266cb
1993-10-19,0.029727039005195327,2,isotropic_constructed_macro_nats_full_precision_v3,0552c7f4701ada91e31e916f992171b9418cb47d283a56e61f311581d66266cb
1993-10-21,0.03234161298525162,2,isotropic_constructed_macro_nats_full_precision_v3,0552c7f4701ada91e31e916f992171b9418cb47d283a56e61f311581d66266cb
1993-10-25,0.03465041406672989,2,isotropic_constructed_macro_nats_full_precision_v3,0552c7f4701ada91e31e916f992171b9418cb47d283a56e61f311581d66266cb
1993-10-27,0.034419227502009875,2,isotropic_constructed_macro_nats_full_precision_v3,0552c7f4701ada91e31e916f992171b9418cb47d283a56e61f311581d66266cb
1993-10-29,0.03630770371258905,2,isotropic_constructed_macro_nats_full_precision_v3,0552c7f4701ada91e31e916f992171b9418cb47d283a56e61f311581d66266cb
1993-11-02,0.036987383038882625,2,isotropic_constructed_macro_nats_full_precision_v3,0552c7f4701ada91e31e916f992171b9418cb47d283a56e61f311581d66266cb
1993-11-04,0.04033682643387048,2,isotropic_constructed_macro_nats_full_precision_v3,0552c7f4701ada91e31e916f992171b9418cb47d283a56e61f311581d66266cb
1993-11-08,0.037656192105360906,2,isotropic_constructed_macro_nats_full_precision_v3,0552c7f4701ada91e31e916f992171b9418cb47d283a56e61f311581d66266cb
1993-11-10,0.03938823979691322,2,isotropic_constructed_macro_nats_full_precision_v3,0552c7f4701ada91e31e916f992171b9418cb47d283a56e61f311581d66266cb
1993-11-12,0.03593593375749548,2,isotropic_constructed_macro_nats_full_precision_v3,0552c7f4701ada91e31e916f992171b9418cb47d283a56e61f311581d66266cb
1993-11-16,0.030159799343100722,2,isotropic_constructed_macro_nats_full_precision_v3,0552c7f4701ada91e31e916f992171b9418cb47d283a56e61f311581d66266cb
1993-11-18,0.02711923652069039,2,isotropic_constructed_macro_nats_full_precision_v3,0552c7f4701ada91e31e916f992171b9418cb47d283a56e61f311581d66266cb
1993-11-22,0.02976430678233584,1,isotropic_constructed_macro_nats_full_precision_v3,0552c7f4701ada91e31e916f992171b9418cb47d283a56e61f311581d66266cb
1993-11-24,0.02926523217101587,2,isotropic_constructed_macro_nats_full_precision_v3,0552c7f4701ada91e31e916f992171b9418cb47d283a56e61f311581d66266cb
1993-11-29,0.02862060983509066,2,isotropic_constructed_macro_nats_full_precision_v3,0552c7f4701ada91e31e916f992171b9418cb47d283a56e61f311581d66266cb
1993-12-01,0.030576022309985976,1,isotropic_constructed_macro_nats_full_precision_v3,0552c7f4701ada91e31e916f992171b9418cb47d283a56e61f311581d66266cb
1993-12-03,0.03348804290513172,1,isotropic_constructed_macro_nats_full_precision_v3,0552c7f4701ada91e31e916f992171b9418cb47d283a56e61f311581d66266cb
1993-12-07,0.023566179755143676,2,isotropic_constructed_macro_nats_full_precision_v3,0552c7f4701ada91e31e916f992171b9418cb47d283a56e61f311581d66266cb
1993-12-09,0.021082678937003746,2,isotropic_constructed_macro_nats_full_precision_v3,0552c7f4701ada91e31e916f992171b9418cb47d283a56e61f311581d66266cb
1993-12-13,0.017617958409791315,2,isotropic_constructed_macro_nats_full_precision_v3,0552c7f4701ada91e31e916f992171b9418cb47d283a56e61f311581d66266cb
1993-12-15,0.019736130664201802,2,isotropic_constructed_macro_nats_full_precision_v3,0552c7f4701ada91e31e916f992171b9418cb47d283a56e61f311581d66266cb
1993-12-17,0.021731052133929354,1,isotropic_constructed_macro_nats_full_precision_v3,0552c7f4701ada91e31e916f992171b9418cb47d283a56e61f311581d66266cb
1993-12-21,0.03227727554121464,1,isotropic_constructed_macro_nats_full_precision_v3,0552c7f4701ada91e31e916f992171b9418cb47d283a56e61f311581d66266cb
1993-12-23,0.028434706420422035,1,isotropic_constructed_macro_nats_full_precision_v3,0552c7f4701ada91e31e916f992171b9418cb47d283a56e61f311581d66266cb
1993-12-28,0.023664166245807652,1,isotropic_constructed_macro_nats_full_precision_v3,0552c7f4701ada91e31e916f992171b9418cb47d283a56e61f311581d66266cb
1993-12-30,0.022067341263450405,1,isotropic_constructed_macro_nats_full_precision_v3,0552c7f4701ada91e31e916f992171b9418cb47d283a56e61f311581d66266cb
1994-01-03,0.030057163875790965,1,isotropic_constructed_macro_nats_full_precision_v3,0552c7f4701ada91e31e916f992171b9418cb47d283a56e61f311581d66266cb
1994-01-05,0.026191242123304724,1,isotropic_constructed_macro_nats_full_precision_v3,0552c7f4701ada91e31e916f992171b9418cb47d283a56e61f311581d66266cb
1994-01-07,0.02150163787167205,2,isotropic_constructed_macro_nats_full_precision_v3,0552c7f4701ada91e31e916f992171b9418cb47d283a56e61f311581d66266cb
1994-01-11,0.02730138519307642,2,isotropic_constructed_macro_nats_full_precision_v3,0552c7f4701ada91e31e916f992171b9418cb47d283a56e61f311581d66266cb
1994-01-13,0.035278653508136235,1,isotropic_constructed_macro_nats_full_precision_v3,0552c7f4701ada91e31e916f992171b9418cb47d283a56e61f311581d66266cb
1994-01-17,0.03531732666138054,1,isotropic_constructed_macro_nats_full_precision_v3,0552c7f4701ada91e31e916f992171b9418cb47d283a56e61f311581d66266cb
1994-01-19,0.03701574511087783,1,isotropic_constructed_macro_nats_full_precision_v3,0552c7f4701ada91e31e916f992171b9418cb47d283a56e61f311581d66266cb
1994-01-21,0.04537331719647254,1,isotropic_constructed_macro_nats_full_precision_v3,0552c7f4701ada91e31e916f992171b9418cb47d283a56e61f311581d66266cb
1994-01-25,0.03869300025850801,1,isotropic_constructed_macro_nats_full_precision_v3,0552c7f4701ada91e31e916f992171b9418cb47d283a56e61f311581d66266cb
1994-01-27,0.04267858349593947,1,isotropic_constructed_macro_nats_full_precision_v3,0552c7f4701ada91e31e916f992171b9418cb47d283a56e61f311581d66266cb
1994-01-31,0.03199376500398709,2,isotropic_constructed_macro_nats_full_precision_v3,0552c7f4701ada91e31e916f992171b9418cb47d283a56e61f311581d66266cb
1994-02-02,0.0319222093789822,2,isotropic_constructed_macro_nats_full_precision_v3,0552c7f4701ada91e31e916f992171b9418cb47d283a56e61f311581d66266cb
1994-02-04,0.030554929866719385,2,isotropic_constructed_macro_nats_full_precision_v3,0552c7f4701ada91e31e916f992171b9418cb47d283a56e61f311581d66266cb
1994-02-08,0.030817708133511763,1,isotropic_constructed_macro_nats_full_precision_v3,0552c7f4701ada91e31e916f992171b9418cb47d283a56e61f311581d66266cb
1994-02-10,0.023575592571170922,1,isotropic_constructed_macro_nats_full_precision_v3,0552c7f4701ada91e31e916f992171b9418cb47d283a56e61f311581d66266cb
1994-02-14,0.02106193027262364,2,isotropic_constructed_macro_nats_full_precision_v3,0552c7f4701ada91e31e916f992171b9418cb47d283a56e61f311581d66266cb
1994-02-16,0.020786355912621346,2,isotropic_constructed_macro_nats_full_precision_v3,0552c7f4701ada91e31e916f992171b9418cb47d283a56e61f311581d66266cb
1994-02-18,0.02129717803323873,2,isotropic_constructed_macro_nats_full_precision_v3,0552c7f4701ada91e31e916f992171b9418cb47d283a56e61f311581d66266cb
1994-02-23,0.01581153732914249,2,isotropic_constructed_macro_nats_full_precision_v3,0552c7f4701ada91e31e916f992171b9418cb47d283a56e61f311581d66266cb
1994-02-25,0.016415755907449633,2,isotropic_constructed_macro_nats_full_precision_v3,0552c7f4701ada91e31e916f992171b9418cb47d283a56e61f311581d66266cb
1994-03-01,0.018177161011648242,2,isotropic_constructed_macro_nats_full_precision_v3,0552c7f4701ada91e31e916f992171b9418cb47d283a56e61f311581d66266cb
1994-03-03,0.018006041451768873,2,isotropic_constructed_macro_nats_full_precision_v3,0552c7f4701ada91e31e916f992171b9418cb47d283a56e61f311581d66266cb
1994-03-07,0.01958101679131037,2,isotropic_constructed_macro_nats_full_precision_v3,0552c7f4701ada91e31e916f992171b9418cb47d283a56e61f311581d66266cb
1994-03-09,0.019124946526019572,2,isotropic_constructed_macro_nats_full_precision_v3,0552c7f4701ada91e31e916f992171b9418cb47d283a56e61f311581d66266cb
1994-03-11,0.018948889959039823,2,isotropic_constructed_macro_nats_full_precision_v3,0552c7f4701ada91e31e916f992171b9418cb47d283a56e61f311581d66266cb
1994-03-15,0.019656661381628734,2,isotropic_constructed_macro_nats_full_precision_v3,0552c7f4701ada91e31e916f992171b9418cb47d283a56e61f311581d66266cb
1994-03-17,0.01917753154441376,2,isotropic_constructed_macro_nats_full_precision_v3,0552c7f4701ada91e31e916f992171b9418cb47d283a56e61f311581d66266cb
1994-03-21,0.01809942953261358,2,isotropic_constructed_macro_nats_full_precision_v3,0552c7f4701ada91e31e916f992171b9418cb47d283a56e61f311581d66266cb
1994-03-23,0.019008664679505335,2,isotropic_constructed_macro_nats_full_precision_v3,0552c7f4701ada91e31e916f992171b9418cb47d283a56e61f311581d66266cb
1994-03-25,0.017677019889426285,2,isotropic_constructed_macro_nats_full_precision_v3,0552c7f4701ada91e31e916f992171b9418cb47d283a56e61f311581d66266cb
1994-03-29,0.014999520806242533,2,isotropic_constructed_macro_nats_full_precision_v3,0552c7f4701ada91e31e916f992171b9418cb47d283a56e61f311581d66266cb
1994-03-31,0.015555293092671188,2,isotropic_constructed_macro_nats_full_precision_v3,0552c7f4701ada91e31e916f992171b9418cb47d283a56e61f311581d66266cb
1994-04-05,0.015897271038861224,2,isotropic_constructed_macro_nats_full_precision_v3,0552c7f4701ada91e31e916f992171b9418cb47d283a56e61f311581d66266cb
1994-04-07,0.016323287008267212,2,isotropic_constructed_macro_nats_full_precision_v3,0552c7f4701ada91e31e916f992171b9418cb47d283a56e61f311581d66266cb
1994-04-11,0.016481553311191458,2,isotropic_constructed_macro_nats_full_precision_v3,0552c7f4701ada91e31e916f992171b9418cb47d283a56e61f311581d66266cb
1994-04-13,0.01864689676977041,2,isotropic_constructed_macro_nats_full_precision_v3,0552c7f4701ada91e31e916f992171b9418cb47d283a56e61f311581d66266cb
1994-04-15,0.01722927825853133,2,isotropic_constructed_macro_nats_full_precision_v3,0552c7f4701ada91e31e916f992171b9418cb47d283a56e61f311581d66266cb
1994-04-19,0.017466810215976854,2,isotropic_constructed_macro_nats_full_precision_v3,0552c7f4701ada91e31e916f992171b9418cb47d283a56e61f311581d66266cb
1994-04-21,0.015240453681009632,2,isotropic_constructed_macro_nats_full_precision_v3,0552c7f4701ada91e31e916f992171b9418cb47d283a56e61f311581d66266cb
1994-04-25,0.011976158229630468,2,isotropic_constructed_macro_nats_full_precision_v3,0552c7f4701ada91e31e916f992171b9418cb47d283a56e61f311581d66266cb
1994-04-28,0.014689670249080675,2,isotropic_constructed_macro_nats_full_precision_v3,0552c7f4701ada91e31e916f992171b9418cb47d283a56e61f311581d66266cb
1994-05-02,0.012193209027445917,2,isotropic_constructed_macro_nats_full_precision_v3,0552c7f4701ada91e31e916f992171b9418cb47d283a56e61f311581d66266cb
1994-05-04,0.012799805104470666,2,isotropic_constructed_macro_nats_full_precision_v3,0552c7f4701ada91e31e916f992171b9418cb47d283a56e61f311581d66266cb
1994-05-06,0.011552639741265483,2,isotropic_constructed_macro_nats_full_precision_v3,0552c7f4701ada91e31e916f992171b9418cb47d283a56e61f311581d66266cb
1994-05-10,0.024325924487822448,2,isotropic_constructed_macro_nats_full_precision_v3,0552c7f4701ada91e31e916f992171b9418cb47d283a56e61f311581d66266cb
1994-05-12,0.025511093861899897,2,isotropic_constructed_macro_nats_full_precision_v3,0552c7f4701ada91e31e916f992171b9418cb47d283a56e61f311581d66266cb
1994-05-16,0.02383549260312587,2,isotropic_constructed_macro_nats_full_precision_v3,0552c7f4701ada91e31e916f992171b9418cb47d283a56e61f311581d66266cb
1994-05-18,0.026051015013598543,2,isotropic_constructed_macro_nats_full_precision_v3,0552c7f4701ada91e31e916f992171b9418cb47d283a56e61f311581d66266cb
1994-05-20,0.028796584393975463,2,isotropic_constructed_macro_nats_full_precision_v3,0552c7f4701ada91e31e916f992171b9418cb47d283a56e61f311581d66266cb
1994-05-24,0.02813574676434598,2,isotropic_constructed_macro_nats_full_precision_v3,0552c7f4701ada91e31e916f992171b9418cb47d283a56e61f311581d66266cb
1994-05-26,0.029491882361873445,2,isotropic_constructed_macro_nats_full_precision_v3,0552c7f4701ada91e31e916f992171b9418cb47d283a56e61f311581d66266cb
1994-05-31,0.02874358678137122,2,isotropic_constructed_macro_nats_full_precision_v3,0552c7f4701ada91e31e916f992171b9418cb47d283a56e61f311581d66266cb
1994-06-02,0.028035316078367303,2,isotropic_constructed_macro_nats_full_precision_v3,0552c7f4701ada91e31e916f992171b9418cb47d283a56e61f311581d66266cb
1994-06-06,0.026658597420026867,2,isotropic_constructed_macro_nats_full_precision_v3,0552c7f4701ada91e31e916f992171b9418cb47d283a56e61f311581d66266cb
1994-06-08,0.025692105922738406,2,isotropic_constructed_macro_nats_full_precision_v3,0552c7f4701ada91e31e916f992171b9418cb47d283a56e61f311581d66266cb
1994-06-10,0.023703459563787277,2,isotropic_constructed_macro_nats_full_precision_v3,0552c7f4701ada91e31e916f992171b9418cb47d283a56e61f311581d66266cb
1994-06-14,0.024176002994989433,2,isotropic_constructed_macro_nats_full_precision_v3,0552c7f4701ada91e31e916f992171b9418cb47d283a56e61f311581d66266cb
1994-06-16,0.02388299231205083,2,isotropic_constructed_macro_nats_full_precision_v3,0552c7f4701ada91e31e916f992171b9418cb47d283a56e61f311581d66266cb
1994-06-20,0.02346644886463848,2,isotropic_constructed_macro_nats_full_precision_v3,0552c7f4701ada91e31e916f992171b9418cb47d283a56e61f311581d66266cb
1994-06-22,0.02028365983009485,2,isotropic_constructed_macro_nats_full_precision_v3,0552c7f4701ada91e31e916f992171b9418cb47d283a56e61f311581d66266cb
1994-06-24,0.020808392952481825,2,isotropic_constructed_macro_nats_full_precision_v3,0552c7f4701ada91e31e916f992171b9418cb47d283a56e61f311581d66266cb
1994-06-28,0.021058885279136658,2,isotropic_constructed_macro_nats_full_precision_v3,0552c7f4701ada91e31e916f992171b9418cb47d283a56e61f311581d66266cb
1994-06-30,0.021121466637148006,2,isotropic_constructed_macro_nats_full_precision_v3,0552c7f4701ada91e31e916f992171b9418cb47d283a56e61f311581d66266cb
1994-07-05,0.020857394010250434,2,isotropic_constructed_macro_nats_full_precision_v3,0552c7f4701ada91e31e916f992171b9418cb47d283a56e61f311581d66266cb
1994-07-07,0.020868820806733447,2,isotropic_constructed_macro_nats_full_precision_v3,0552c7f4701ada91e31e916f992171b9418cb47d283a56e61f311581d66266cb
1994-07-11,0.016639956494206784,2,isotropic_constructed_macro_nats_full_precision_v3,0552c7f4701ada91e31e916f992171b9418cb47d283a56e61f311581d66266cb
1994-07-13,0.016186304836211404,2,isotropic_constructed_macro_nats_full_precision_v3,0552c7f4701ada91e31e916f992171b9418cb47d283a56e61f311581d66266cb
1994-07-15,0.015782811556857845,2,isotropic_constructed_macro_nats_full_precision_v3,0552c7f4701ada91e31e916f992171b9418cb47d283a56e61f311581d66266cb
1994-07-19,0.013959904385647863,2,isotropic_constructed_macro_nats_full_precision_v3,0552c7f4701ada91e31e916f992171b9418cb47d283a56e61f311581d66266cb
1994-07-21,0.011411761846610226,2,isotropic_constructed_macro_nats_full_precision_v3,0552c7f4701ada91e31e916f992171b9418cb47d283a56e61f311581d66266cb
1994-07-25,0.010150894092820668,2,isotropic_constructed_macro_nats_full_precision_v3,0552c7f4701ada91e31e916f992171b9418cb47d283a56e61f311581d66266cb
1994-07-27,0.009238225075058067,2,isotropic_constructed_macro_nats_full_precision_v3,0552c7f4701ada91e31e916f992171b9418cb47d283a56e61f311581d66266cb
1994-07-29,0.00968422310742862,2,isotropic_constructed_macro_nats_full_precision_v3,0552c7f4701ada91e31e916f992171b9418cb47d283a56e61f311581d66266cb
1994-08-02,0.013083000882764394,2,isotropic_constructed_macro_nats_full_precision_v3,0552c7f4701ada91e31e916f992171b9418cb47d283a56e61f311581d66266cb
1994-08-04,0.01131394339243652,2,isotropic_constructed_macro_nats_full_precision_v3,0552c7f4701ada91e31e916f992171b9418cb47d283a56e61f311581d66266cb
1994-08-08,0.009533875586218106,2,isotropic_constructed_macro_nats_full_precision_v3,0552c7f4701ada91e31e916f992171b9418cb47d283a56e61f311581d66266cb
1994-08-10,0.009892933843586665,2,isotropic_constructed_macro_nats_full_precision_v3,0552c7f4701ada91e31e916f992171b9418cb47d283a56e61f311581d66266cb
1994-08-12,0.013028911553343646,2,isotropic_constructed_macro_nats_full_precision_v3,0552c7f4701ada91e31e916f992171b9418cb47d283a56e61f311581d66266cb
1994-08-16,0.011828252226938812,2,isotropic_constructed_macro_nats_full_precision_v3,0552c7f4701ada91e31e916f992171b9418cb47d283a56e61f311581d66266cb
1994-08-18,0.006101812028989462,14,isotropic_constructed_macro_nats_full_precision_v3,0552c7f4701ada91e31e916f992171b9418cb47d283a56e61f311581d66266cb
1994-08-22,0.005688547038195005,14,isotropic_constructed_macro_nats_full_precision_v3,0552c7f4701ada91e31e916f992171b9418cb47d283a56e61f311581d66266cb
1994-08-24,0.0058936212700407,14,isotropic_constructed_macro_nats_full_precision_v3,0552c7f4701ada91e31e916f992171b9418cb47d283a56e61f311581d66266cb
1994-08-26,0.005882455950734784,14,isotropic_constructed_macro_nats_full_precision_v3,0552c7f4701ada91e31e916f992171b9418cb47d283a56e61f311581d66266cb
1994-08-30,0.006111182251405549,14,isotropic_constructed_macro_nats_full_precision_v3,0552c7f4701ada91e31e916f992171b9418cb47d283a56e61f311581d66266cb
1994-09-01,0.005981563197928183,14,isotropic_constructed_macro_nats_full_precision_v3,0552c7f4701ada91e31e916f992171b9418cb47d283a56e61f311581d66266cb
1994-09-06,0.005739870389997008,14,isotropic_constructed_macro_nats_full_precision_v3,0552c7f4701ada91e31e916f992171b9418cb47d283a56e61f311581d66266cb
1994-09-08,0.0054854465565091146,14,isotropic_constructed_macro_nats_full_precision_v3,0552c7f4701ada91e31e916f992171b9418cb47d283a56e61f311581d66266cb
1994-09-12,0.005585608348479737,14,isotropic_constructed_macro_nats_full_precision_v3,0552c7f4701ada91e31e916f992171b9418cb47d283a56e61f311581d66266cb
1994-09-14,0.0052635591712271584,14,isotropic_constructed_macro_nats_full_precision_v3,0552c7f4701ada91e31e916f992171b9418cb47d283a56e61f311581d66266cb
1994-09-16,0.005178586258814184,14,isotropic_constructed_macro_nats_full_precision_v3,0552c7f4701ada91e31e916f992171b9418cb47d283a56e61f311581d66266cb
1994-09-20,0.005561829488724981,14,isotropic_constructed_macro_nats_full_precision_v3,0552c7f4701ada91e31e916f992171b9418cb47d283a56e61f311581d66266cb
1994-09-22,0.005169127004640742,14,isotropic_constructed_macro_nats_full_precision_v3,0552c7f4701ada91e31e916f992171b9418cb47d283a56e61f311581d66266cb
1994-09-26,0.0051652571991962215,14,isotropic_constructed_macro_nats_full_precision_v3,0552c7f4701ada91e31e916f992171b9418cb47d283a56e61f311581d66266cb
1994-09-28,0.00489471974760141,14,isotropic_constructed_macro_nats_full_precision_v3,0552c7f4701ada91e31e916f992171b9418cb47d283a56e61f311581d66266cb
1994-09-30,0.005360787641753954,14,isotropic_constructed_macro_nats_full_precision_v3,0552c7f4701ada91e31e916f992171b9418cb47d283a56e61f311581d66266cb
1994-10-04,0.005335828162522274,14,isotropic_constructed_macro_nats_full_precision_v3,0552c7f4701ada91e31e916f992171b9418cb47d283a56e61f311581d66266cb
1994-10-06,0.004814756324420799,14,isotropic_constructed_macro_nats_full_precision_v3,0552c7f4701ada91e31e916f992171b9418cb47d283a56e61f311581d66266cb
1994-10-10,0.004974378435440692,14,isotropic_constructed_macro_nats_full_precision_v3,0552c7f4701ada91e31e916f992171b9418cb47d283a56e61f311581d66266cb
1994-10-12,0.005042630440699254,14,isotropic_constructed_macro_nats_full_precision_v3,0552c7f4701ada91e31e916f992171b9418cb47d283a56e61f311581d66266cb
1994-10-14,0.005009074973604637,14,isotropic_constructed_macro_nats_full_precision_v3,0552c7f4701ada91e31e916f992171b9418cb47d283a56e61f311581d66266cb
1994-10-18,0.004765796080868544,14,isotropic_constructed_macro_nats_full_precision_v3,0552c7f4701ada91e31e916f992171b9418cb47d283a56e61f311581d66266cb
1994-10-20,0.005001763933456027,14,isotropic_constructed_macro_nats_full_precision_v3,0552c7f4701ada91e31e916f992171b9418cb47d283a56e61f311581d66266cb
1994-10-24,0.0042551911613368035,14,isotropic_constructed_macro_nats_full_precision_v3,0552c7f4701ada91e31e916f992171b9418cb47d283a56e61f311581d66266cb
1994-10-26,0.0039877574675540595,14,isotropic_constructed_macro_nats_full_precision_v3,0552c7f4701ada91e31e916f992171b9418cb47d283a56e61f311581d66266cb
1994-10-28,0.0038777076644682523,14,isotropic_constructed_macro_nats_full_precision_v3,0552c7f4701ada91e31e916f992171b9418cb47d283a56e61f311581d66266cb
1994-11-01,0.003808318825190324,14,isotropic_constructed_macro_nats_full_precision_v3,0552c7f4701ada91e31e916f992171b9418cb47d283a56e61f311581d66266cb
1994-11-03,0.003605484569761161,14,isotropic_constructed_macro_nats_full_precision_v3,0552c7f4701ada91e31e916f992171b9418cb47d283a56e61f311581d66266cb
1994-11-07,0.0034702863379559787,18,isotropic_constructed_macro_nats_full_precision_v3,0552c7f4701ada91e31e916f992171b9418cb47d283a56e61f311581d66266cb
1994-11-09,0.003408453993040121,18,isotropic_constructed_macro_nats_full_precision_v3,0552c7f4701ada91e31e916f992171b9418cb47d283a56e61f311581d66266cb
1994-11-11,0.0034769955666065916,18,isotropic_constructed_macro_nats_full_precision_v3,0552c7f4701ada91e31e916f992171b9418cb47d283a56e61f311581d66266cb
1994-11-15,0.0032896715576353278,18,isotropic_constructed_macro_nats_full_precision_v3,0552c7f4701ada91e31e916f992171b9418cb47d283a56e61f311581d66266cb
1994-11-17,0.0030348668487964886,18,isotropic_constructed_macro_nats_full_precision_v3,0552c7f4701ada91e31e916f992171b9418cb47d283a56e61f311581d66266cb
1994-11-21,0.0030661520631206987,14,isotropic_constructed_macro_nats_full_precision_v3,0552c7f4701ada91e31e916f992171b9418cb47d283a56e61f311581d66266cb
1994-11-23,0.0034335014480672207,14,isotropic_constructed_macro_nats_full_precision_v3,0552c7f4701ada91e31e916f992171b9418cb47d283a56e61f311581d66266cb
1994-11-28,0.003034786712946144,14,isotropic_constructed_macro_nats_full_precision_v3,0552c7f4701ada91e31e916f992171b9418cb47d283a56e61f311581d66266cb
1994-11-30,0.0031689929360357444,14,isotropic_constructed_macro_nats_full_precision_v3,0552c7f4701ada91e31e916f992171b9418cb47d283a56e61f311581d66266cb
1994-12-02,0.0030833380220838882,14,isotropic_constructed_macro_nats_full_precision_v3,0552c7f4701ada91e31e916f992171b9418cb47d283a56e61f311581d66266cb
1994-12-06,0.003164978423645992,14,isotropic_constructed_macro_nats_full_precision_v3,0552c7f4701ada91e31e916f992171b9418cb47d283a56e61f311581d66266cb
1994-12-08,0.0033099542492822445,14,isotropic_constructed_macro_nats_full_precision_v3,0552c7f4701ada91e31e916f992171b9418cb47d283a56e61f311581d66266cb
1994-12-12,0.0031112513415883225,14,isotropic_constructed_macro_nats_full_precision_v3,0552c7f4701ada91e31e916f992171b9418cb47d283a56e61f311581d66266cb
1994-12-14,0.0031201011526981737,14,isotropic_constructed_macro_nats_full_precision_v3,0552c7f4701ada91e31e916f992171b9418cb47d283a56e61f311581d66266cb
1994-12-16,0.003957968888699627,14,isotropic_constructed_macro_nats_full_precision_v3,0552c7f4701ada91e31e916f992171b9418cb47d283a56e61f311581d66266cb
1994-12-20,0.003932692995609999,14,isotropic_constructed_macro_nats_full_precision_v3,0552c7f4701ada91e31e916f992171b9418cb47d283a56e61f311581d66266cb
1994-12-22,0.004697621903924476,14,isotropic_constructed_macro_nats_full_precision_v3,0552c7f4701ada91e31e916f992171b9418cb47d283a56e61f311581d66266cb
1994-12-27,0.0043751166525407975,14,isotropic_constructed_macro_nats_full_precision_v3,0552c7f4701ada91e31e916f992171b9418cb47d283a56e61f311581d66266cb
1994-12-29,0.004027129406727663,14,isotropic_constructed_macro_nats_full_precision_v3,0552c7f4701ada91e31e916f992171b9418cb47d283a56e61f311581d66266cb
1995-01-03,0.004562783095563475,14,isotropic_constructed_macro_nats_full_precision_v3,0552c7f4701ada91e31e916f992171b9418cb47d283a56e61f311581d66266cb
1995-01-05,0.00561124900549359,3,isotropic_constructed_macro_nats_full_precision_v3,0552c7f4701ada91e31e916f992171b9418cb47d283a56e61f311581d66266cb
1995-01-09,0.006164421207148503,3,isotropic_constructed_macro_nats_full_precision_v3,0552c7f4701ada91e31e916f992171b9418cb47d283a56e61f311581d66266cb
1995-01-11,0.0060138462112564114,3,isotropic_constructed_macro_nats_full_precision_v3,0552c7f4701ada91e31e916f992171b9418cb47d283a56e61f311581d66266cb
1995-01-13,0.0043599738735238674,14,isotropic_constructed_macro_nats_full_precision_v3,0552c7f4701ada91e31e916f992171b9418cb47d283a56e61f311581d66266cb
1995-01-17,0.004156081702668742,14,isotropic_constructed_macro_nats_full_precision_v3,0552c7f4701ada91e31e916f992171b9418cb47d283a56e61f311581d66266cb
1995-01-19,0.004460752597713245,14,isotropic_constructed_macro_nats_full_precision_v3,0552c7f4701ada91e31e916f992171b9418cb47d283a56e61f311581d66266cb
1995-01-23,0.004847971163300782,14,isotropic_constructed_macro_nats_full_precision_v3,0552c7f4701ada91e31e916f992171b9418cb47d283a56e61f311581d66266cb
1995-01-25,0.004422110701963904,3,isotropic_constructed_macro_nats_full_precision_v3,0552c7f4701ada91e31e916f992171b9418cb47d283a56e61f311581d66266cb
1995-01-27,0.0053775332813200336,3,isotropic_constructed_macro_nats_full_precision_v3,0552c7f4701ada91e31e916f992171b9418cb47d283a56e61f311581d66266cb
1995-01-31,0.005054002956439277,3,isotropic_constructed_macro_nats_full_precision_v3,0552c7f4701ada91e31e916f992171b9418cb47d283a56e61f311581d66266cb
1995-02-02,0.004738110710035312,3,isotropic_constructed_macro_nats_full_precision_v3,0552c7f4701ada91e31e916f992171b9418cb47d283a56e61f311581d66266cb
1995-02-06,0.008042166392625796,3,isotropic_constructed_macro_nats_full_precision_v3,0552c7f4701ada91e31e916f992171b9418cb47d283a56e61f311581d66266cb
1995-02-08,0.008230360685837108,3,isotropic_constructed_macro_nats_full_precision_v3,0552c7f4701ada91e31e916f992171b9418cb47d283a56e61f311581d66266cb
1995-02-10,0.010101962153482802,3,isotropic_constructed_macro_nats_full_precision_v3,0552c7f4701ada91e31e916f992171b9418cb47d283a56e61f311581d66266cb
1995-02-14,0.01233719890639845,3,isotropic_constructed_macro_nats_full_precision_v3,0552c7f4701ada91e31e916f992171b9418cb47d283a56e61f311581d66266cb
1995-02-16,0.013358706348951088,3,isotropic_constructed_macro_nats_full_precision_v3,0552c7f4701ada91e31e916f992171b9418cb47d283a56e61f311581d66266cb
1995-02-21,0.01285176215166809,3,isotropic_constructed_macro_nats_full_precision_v3,0552c7f4701ada91e31e916f992171b9418cb47d283a56e61f311581d66266cb
1995-02-23,0.011945483115548917,3,isotropic_constructed_macro_nats_full_precision_v3,0552c7f4701ada91e31e916f992171b9418cb47d283a56e61f311581d66266cb
1995-02-27,0.011684351268419962,3,isotropic_constructed_macro_nats_full_precision_v3,0552c7f4701ada91e31e916f992171b9418cb47d283a56e61f311581d66266cb
1995-03-01,0.011451143230711947,3,isotropic_constructed_macro_nats_full_precision_v3,0552c7f4701ada91e31e916f992171b9418cb47d283a56e61f311581d66266cb
1995-03-03,0.010564540403867895,3,isotropic_constructed_macro_nats_full_precision_v3,0552c7f4701ada91e31e916f992171b9418cb47d283a56e61f311581d66266cb
1995-03-07,0.009657925358938724,3,isotropic_constructed_macro_nats_full_precision_v3,0552c7f4701ada91e31e916f992171b9418cb47d283a56e61f311581d66266cb
1995-03-09,0.010662498788380381,3,isotropic_constructed_macro_nats_full_precision_v3,0552c7f4701ada91e31e916f992171b9418cb47d283a56e61f311581d66266cb
1995-03-13,0.009914691566338972,3,isotropic_constructed_macro_nats_full_precision_v3,0552c7f4701ada91e31e916f992171b9418cb47d283a56e61f311581d66266cb
1995-03-15,0.011366562211779063,3,isotropic_constructed_macro_nats_full_precision_v3,0552c7f4701ada91e31e916f992171b9418cb47d283a56e61f311581d66266cb
1995-03-17,0.012575896080497029,3,isotropic_constructed_macro_nats_full_precision_v3,0552c7f4701ada91e31e916f992171b9418cb47d283a56e61f311581d66266cb
1995-03-21,0.012455214358222354,3,isotropic_constructed_macro_nats_full_precision_v3,0552c7f4701ada91e31e916f992171b9418cb47d283a56e61f311581d66266cb
1995-03-23,0.012249147824104037,3,isotropic_constructed_macro_nats_full_precision_v3,0552c7f4701ada91e31e916f992171b9418cb47d283a56e61f311581d66266cb
1995-03-27,0.012050208261854913,3,isotropic_constructed_macro_nats_full_precision_v3,0552c7f4701ada91e31e916f992171b9418cb47d283a56e61f311581d66266cb
1995-03-29,0.011822257591323292,3,isotropic_constructed_macro_nats_full_precision_v3,0552c7f4701ada91e31e916f992171b9418cb47d283a56e61f311581d66266cb
1995-03-31,0.012159818488524127,3,isotropic_constructed_macro_nats_full_precision_v3,0552c7f4701ada91e31e916f992171b9418cb47d283a56e61f311581d66266cb
1995-04-04,0.011943277428005557,3,isotropic_constructed_macro_nats_full_precision_v3,0552c7f4701ada91e31e916f992171b9418cb47d283a56e61f311581d66266cb
1995-04-06,0.011913750320991907,3,isotropic_constructed_macro_nats_full_precision_v3,0552c7f4701ada91e31e916f992171b9418cb47d283a56e61f311581d66266cb
1995-04-10,0.010199093390227648,3,isotropic_constructed_macro_nats_full_precision_v3,0552c7f4701ada91e31e916f992171b9418cb47d283a56e61f311581d66266cb
1995-04-12,0.009818427963176168,3,isotropic_constructed_macro_nats_full_precision_v3,0552c7f4701ada91e31e916f992171b9418cb47d283a56e61f311581d66266cb
1995-04-17,0.008564070979369377,3,isotropic_constructed_macro_nats_full_precision_v3,0552c7f4701ada91e31e916f992171b9418cb47d283a56e61f311581d66266cb
1995-04-19,0.015570628672242862,3,isotropic_constructed_macro_nats_full_precision_v3,0552c7f4701ada91e31e916f992171b9418cb47d283a56e61f311581d66266cb
1995-04-21,0.01679008399091598,3,isotropic_constructed_macro_nats_full_precision_v3,0552c7f4701ada91e31e916f992171b9418cb47d283a56e61f311581d66266cb
1995-04-25,0.016901688010088255,3,isotropic_constructed_macro_nats_full_precision_v3,0552c7f4701ada91e31e916f992171b9418cb47d283a56e61f311581d66266cb
1995-04-27,0.016641731114244607,3,isotropic_constructed_macro_nats_full_precision_v3,0552c7f4701ada91e31e916f992171b9418cb47d283a56e61f311581d66266cb
1995-05-01,0.01630193527510239,3,isotropic_constructed_macro_nats_full_precision_v3,0552c7f4701ada91e31e916f992171b9418cb47d283a56e61f311581d66266cb
1995-05-03,0.018493385903825058,3,isotropic_constructed_macro_nats_full_precision_v3,0552c7f4701ada91e31e916f992171b9418cb47d283a56e61f311581d66266cb
1995-05-05,0.018543728467129483,3,isotropic_constructed_macro_nats_full_precision_v3,0552c7f4701ada91e31e916f992171b9418cb47d283a56e61f311581d66266cb
1995-05-09,0.02191588546163411,3,isotropic_constructed_macro_nats_full_precision_v3,0552c7f4701ada91e31e916f992171b9418cb47d283a56e61f311581d66266cb
1995-05-11,0.020462514161101925,3,isotropic_constructed_macro_nats_full_precision_v3,0552c7f4701ada91e31e916f992171b9418cb47d283a56e61f311581d66266cb
1995-05-15,0.020520702042058046,3,isotropic_constructed_macro_nats_full_precision_v3,0552c7f4701ada91e31e916f992171b9418cb47d283a56e61f311581d66266cb
1995-05-17,0.020180513655899304,3,isotropic_constructed_macro_nats_full_precision_v3,0552c7f4701ada91e31e916f992171b9418cb47d283a56e61f311581d66266cb
1995-05-19,0.022342127542957967,3,isotropic_constructed_macro_nats_full_precision_v3,0552c7f4701ada91e31e916f992171b9418cb47d283a56e61f311581d66266cb
1995-05-23,0.021532191919737306,3,isotropic_constructed_macro_nats_full_precision_v3,0552c7f4701ada91e31e916f992171b9418cb47d283a56e61f311581d66266cb
1995-05-25,0.018916668804855166,3,isotropic_constructed_macro_nats_full_precision_v3,0552c7f4701ada91e31e916f992171b9418cb47d283a56e61f311581d66266cb
1995-05-30,0.02129257899608146,3,isotropic_constructed_macro_nats_full_precision_v3,0552c7f4701ada91e31e916f992171b9418cb47d283a56e61f311581d66266cb
1995-06-01,0.019751083579719025,3,isotropic_constructed_macro_nats_full_precision_v3,0552c7f4701ada91e31e916f992171b9418cb47d283a56e61f311581d66266cb
1995-06-05,0.01713191133818199,3,isotropic_constructed_macro_nats_full_precision_v3,0552c7f4701ada91e31e916f992171b9418cb47d283a56e61f311581d66266cb
1995-06-07,0.019000374023275646,3,isotropic_constructed_macro_nats_full_precision_v3,0552c7f4701ada91e31e916f992171b9418cb47d283a56e61f311581d66266cb
1995-06-09,0.019043520675593936,3,isotropic_constructed_macro_nats_full_precision_v3,0552c7f4701ada91e31e916f992171b9418cb47d283a56e61f311581d66266cb
1995-06-13,0.016381929249814672,3,isotropic_constructed_macro_nats_full_precision_v3,0552c7f4701ada91e31e916f992171b9418cb47d283a56e61f311581d66266cb
1995-06-15,0.019089870690395826,3,isotropic_constructed_macro_nats_full_precision_v3,0552c7f4701ada91e31e916f992171b9418cb47d283a56e61f311581d66266cb
1995-06-19,0.021899029491535653,3,isotropic_constructed_macro_nats_full_precision_v3,0552c7f4701ada91e31e916f992171b9418cb47d283a56e61f311581d66266cb
1995-06-21,0.021857963901178334,3,isotropic_constructed_macro_nats_full_precision_v3,0552c7f4701ada91e31e916f992171b9418cb47d283a56e61f311581d66266cb
1995-06-23,0.02123601886364028,3,isotropic_constructed_macro_nats_full_precision_v3,0552c7f4701ada91e31e916f992171b9418cb47d283a56e61f311581d66266cb
1995-06-27,0.018919350763732724,3,isotropic_constructed_macro_nats_full_precision_v3,0552c7f4701ada91e31e916f992171b9418cb47d283a56e61f311581d66266cb
1995-06-29,0.019207628504405126,3,isotropic_constructed_macro_nats_full_precision_v3,0552c7f4701ada91e31e916f992171b9418cb47d283a56e61f311581d66266cb
1995-07-03,0.020256351735395126,3,isotropic_constructed_macro_nats_full_precision_v3,0552c7f4701ada91e31e916f992171b9418cb47d283a56e61f311581d66266cb
1995-07-06,0.023092944025605765,3,isotropic_constructed_macro_nats_full_precision_v3,0552c7f4701ada91e31e916f992171b9418cb47d283a56e61f311581d66266cb
1995-07-10,0.01988977353738737,3,isotropic_constructed_macro_nats_full_precision_v3,0552c7f4701ada91e31e916f992171b9418cb47d283a56e61f311581d66266cb
1995-07-12,0.02100222234263522,3,isotropic_constructed_macro_nats_full_precision_v3,0552c7f4701ada91e31e916f992171b9418cb47d283a56e61f311581d66266cb
1995-07-14,0.021089257553380487,3,isotropic_constructed_macro_nats_full_precision_v3,0552c7f4701ada91e31e916f992171b9418cb47d283a56e61f311581d66266cb
1995-07-18,0.021688253968301416,3,isotropic_constructed_macro_nats_full_precision_v3,0552c7f4701ada91e31e916f992171b9418cb47d283a56e61f311581d66266cb
1995-07-20,0.02178737717097133,3,isotropic_constructed_macro_nats_full_precision_v3,0552c7f4701ada91e31e916f992171b9418cb47d283a56e61f311581d66266cb
1995-07-24,0.023608415192941122,3,isotropic_constructed_macro_nats_full_precision_v3,0552c7f4701ada91e31e916f992171b9418cb47d283a56e61f311581d66266cb
1995-07-26,0.02273181507445869,3,isotropic_constructed_macro_nats_full_precision_v3,0552c7f4701ada91e31e916f992171b9418cb47d283a56e61f311581d66266cb
1995-07-28,0.022606599652277265,3,isotropic_constructed_macro_nats_full_precision_v3,0552c7f4701ada91e31e916f992171b9418cb47d283a56e61f311581d66266cb
1995-08-01,0.02257037570480508,3,isotropic_constructed_macro_nats_full_precision_v3,0552c7f4701ada91e31e916f992171b9418cb47d283a56e61f311581d66266cb
1995-08-03,0.019024243284974908,3,isotropic_constructed_macro_nats_full_precision_v3,0552c7f4701ada91e31e916f992171b9418cb47d283a56e61f311581d66266cb
1995-08-07,0.019614750780191648,3,isotropic_constructed_macro_nats_full_precision_v3,0552c7f4701ada91e31e916f992171b9418cb47d283a56e61f311581d66266cb
1995-08-09,0.0198674856988377,3,isotropic_constructed_macro_nats_full_precision_v3,0552c7f4701ada91e31e916f992171b9418cb47d283a56e61f311581d66266cb
1995-08-11,0.019277542975123414,3,isotropic_constructed_macro_nats_full_precision_v3,0552c7f4701ada91e31e916f992171b9418cb47d283a56e61f311581d66266cb
1995-08-15,0.019788463492117714,3,isotropic_constructed_macro_nats_full_precision_v3,0552c7f4701ada91e31e916f992171b9418cb47d283a56e61f311581d66266cb
1995-08-17,0.019565657743705597,3,isotropic_constructed_macro_nats_full_precision_v3,0552c7f4701ada91e31e916f992171b9418cb47d283a56e61f311581d66266cb
1995-08-21,0.019821282710821106,3,isotropic_constructed_macro_nats_full_precision_v3,0552c7f4701ada91e31e916f992171b9418cb47d283a56e61f311581d66266cb
1995-08-23,0.019073879423618698,3,isotropic_constructed_macro_nats_full_precision_v3,0552c7f4701ada91e31e916f992171b9418cb47d283a56e61f311581d66266cb
1995-08-25,0.019201585781349333,3,isotropic_constructed_macro_nats_full_precision_v3,0552c7f4701ada91e31e916f992171b9418cb47d283a56e61f311581d66266cb
1995-08-29,0.017814466197291996,3,isotropic_constructed_macro_nats_full_precision_v3,0552c7f4701ada91e31e916f992171b9418cb47d283a56e61f311581d66266cb
1995-08-31,0.017776859858901393,3,isotropic_constructed_macro_nats_full_precision_v3,0552c7f4701ada91e31e916f992171b9418cb47d283a56e61f311581d66266cb
1995-09-05,0.017078377859380107,3,isotropic_constructed_macro_nats_full_precision_v3,0552c7f4701ada91e31e916f992171b9418cb47d283a56e61f311581d66266cb
1995-09-07,0.01723570126381778,3,isotropic_constructed_macro_nats_full_precision_v3,0552c7f4701ada91e31e916f992171b9418cb47d283a56e61f311581d66266cb
1995-09-11,0.01704697350941018,3,isotropic_constructed_macro_nats_full_precision_v3,0552c7f4701ada91e31e916f992171b9418cb47d283a56e61f311581d66266cb
1995-09-13,0.019272778332786088,3,isotropic_constructed_macro_nats_full_precision_v3,0552c7f4701ada91e31e916f992171b9418cb47d283a56e61f311581d66266cb
1995-09-15,0.019287621147942954,3,isotropic_constructed_macro_nats_full_precision_v3,0552c7f4701ada91e31e916f992171b9418cb47d283a56e61f311581d66266cb
1995-09-19,0.01596688030643302,3,isotropic_constructed_macro_nats_full_precision_v3,0552c7f4701ada91e31e916f992171b9418cb47d283a56e61f311581d66266cb
1995-09-21,0.01640955627436279,3,isotropic_constructed_macro_nats_full_precision_v3,0552c7f4701ada91e31e916f992171b9418cb47d283a56e61f311581d66266cb
1995-09-25,0.016152612642874563,3,isotropic_constructed_macro_nats_full_precision_v3,0552c7f4701ada91e31e916f992171b9418cb47d283a56e61f311581d66266cb
1995-09-27,0.01668930340365122,3,isotropic_constructed_macro_nats_full_precision_v3,0552c7f4701ada91e31e916f992171b9418cb47d283a56e61f311581d66266cb
1995-09-29,0.01658737394942543,3,isotropic_constructed_macro_nats_full_precision_v3,0552c7f4701ada91e31e916f992171b9418cb47d283a56e61f311581d66266cb
1995-10-03,0.01553443897454869,3,isotropic_constructed_macro_nats_full_precision_v3,0552c7f4701ada91e31e916f992171b9418cb47d283a56e61f311581d66266cb
1995-10-05,0.017096130431162725,3,isotropic_constructed_macro_nats_full_precision_v3,0552c7f4701ada91e31e916f992171b9418cb47d283a56e61f311581d66266cb
1995-10-09,0.01256055572601144,3,isotropic_constructed_macro_nats_full_precision_v3,0552c7f4701ada91e31e916f992171b9418cb47d283a56e61f311581d66266cb
1995-10-11,0.009852586774582048,3,isotropic_constructed_macro_nats_full_precision_v3,0552c7f4701ada91e31e916f992171b9418cb47d283a56e61f311581d66266cb
1995-10-13,0.010544975299579797,3,isotropic_constructed_macro_nats_full_precision_v3,0552c7f4701ada91e31e916f992171b9418cb47d283a56e61f311581d66266cb
1995-10-17,0.009789196146524404,3,isotropic_constructed_macro_nats_full_precision_v3,0552c7f4701ada91e31e916f992171b9418cb47d283a56e61f311581d66266cb
1995-10-19,0.009923114790689407,3,isotropic_constructed_macro_nats_full_precision_v3,0552c7f4701ada91e31e916f992171b9418cb47d283a56e61f311581d66266cb
1995-10-23,0.009510147904199327,3,isotropic_constructed_macro_nats_full_precision_v3,0552c7f4701ada91e31e916f992171b9418cb47d283a56e61f311581d66266cb
1995-10-25,0.013718873619250373,3,isotropic_constructed_macro_nats_full_precision_v3,0552c7f4701ada91e31e916f992171b9418cb47d283a56e61f311581d66266cb
1995-10-27,0.010476882650220173,3,isotropic_constructed_macro_nats_full_precision_v3,0552c7f4701ada91e31e916f992171b9418cb47d283a56e61f311581d66266cb
1995-10-31,0.00870057684365761,3,isotropic_constructed_macro_nats_full_precision_v3,0552c7f4701ada91e31e916f992171b9418cb47d283a56e61f311581d66266cb
1995-11-02,0.00873269634590142,3,isotropic_constructed_macro_nats_full_precision_v3,0552c7f4701ada91e31e916f992171b9418cb47d283a56e61f311581d66266cb
1995-11-06,0.010170935668402357,3,isotropic_constructed_macro_nats_full_precision_v3,0552c7f4701ada91e31e916f992171b9418cb47d283a56e61f311581d66266cb
1995-11-08,0.009238395137251842,3,isotropic_constructed_macro_nats_full_precision_v3,0552c7f4701ada91e31e916f992171b9418cb47d283a56e61f311581d66266cb
1995-11-10,0.008991326621301827,3,isotropic_constructed_macro_nats_full_precision_v3,0552c7f4701ada91e31e916f992171b9418cb47d283a56e61f311581d66266cb
1995-11-14,0.009373004371914934,3,isotropic_constructed_macro_nats_full_precision_v3,0552c7f4701ada91e31e916f992171b9418cb47d283a56e61f311581d66266cb
1995-11-16,0.00925963644259712,3,isotropic_constructed_macro_nats_full_precision_v3,0552c7f4701ada91e31e916f992171b9418cb47d283a56e61f311581d66266cb
1995-11-20,0.009053125389656105,3,isotropic_constructed_macro_nats_full_precision_v3,0552c7f4701ada91e31e916f992171b9418cb47d283a56e61f311581d66266cb
1995-11-22,0.010020689026983713,3,isotropic_constructed_macro_nats_full_precision_v3,0552c7f4701ada91e31e916f992171b9418cb47d283a56e61f311581d66266cb
1995-11-27,0.008403775189621612,3,isotropic_constructed_macro_nats_full_precision_v3,0552c7f4701ada91e31e916f992171b9418cb47d283a56e61f311581d66266cb
1995-11-29,0.00762329902662439,3,isotropic_constructed_macro_nats_full_precision_v3,0552c7f4701ada91e31e916f992171b9418cb47d283a56e61f311581d66266cb
1995-12-01,0.007961764480173508,3,isotropic_constructed_macro_nats_full_precision_v3,0552c7f4701ada91e31e916f992171b9418cb47d283a56e61f311581d66266cb
1995-12-05,0.0076343586362218226,3,isotropic_constructed_macro_nats_full_precision_v3,0552c7f4701ada91e31e916f992171b9418cb47d283a56e61f311581d66266cb
1995-12-07,0.007314528754590436,3,isotropic_constructed_macro_nats_full_precision_v3,0552c7f4701ada91e31e916f992171b9418cb47d283a56e61f311581d66266cb
1995-12-11,0.007762579947700011,3,isotropic_constructed_macro_nats_full_precision_v3,0552c7f4701ada91e31e916f992171b9418cb47d283a56e61f311581d66266cb
1995-12-13,0.0075016211589069536,3,isotropic_constructed_macro_nats_full_precision_v3,0552c7f4701ada91e31e916f992171b9418cb47d283a56e61f311581d66266cb
1995-12-15,0.008085983091111967,3,isotropic_constructed_macro_nats_full_precision_v3,0552c7f4701ada91e31e916f992171b9418cb47d283a56e61f311581d66266cb
1995-12-19,0.0067486458197222945,3,isotropic_constructed_macro_nats_full_precision_v3,0552c7f4701ada91e31e916f992171b9418cb47d283a56e61f311581d66266cb
1995-12-21,0.006843931617434861,3,isotropic_constructed_macro_nats_full_precision_v3,0552c7f4701ada91e31e916f992171b9418cb47d283a56e61f311581d66266cb
1995-12-26,0.006730404637965388,3,isotropic_constructed_macro_nats_full_precision_v3,0552c7f4701ada91e31e916f992171b9418cb47d283a56e61f311581d66266cb
1995-12-28,0.006780783576674547,3,isotropic_constructed_macro_nats_full_precision_v3,0552c7f4701ada91e31e916f992171b9418cb47d283a56e61f311581d66266cb
1996-01-02,0.005990802035732649,3,isotropic_constructed_macro_nats_full_precision_v3,0552c7f4701ada91e31e916f992171b9418cb47d283a56e61f311581d66266cb
1996-01-04,0.00533717184479757,3,isotropic_constructed_macro_nats_full_precision_v3,0552c7f4701ada91e31e916f992171b9418cb47d283a56e61f311581d66266cb
1996-01-08,0.006061414816929893,3,isotropic_constructed_macro_nats_full_precision_v3,0552c7f4701ada91e31e916f992171b9418cb47d283a56e61f311581d66266cb
1996-01-10,0.005158463609768536,3,isotropic_constructed_macro_nats_full_precision_v3,0552c7f4701ada91e31e916f992171b9418cb47d283a56e61f311581d66266cb
1996-01-12,0.004762121604753838,3,isotropic_constructed_macro_nats_full_precision_v3,0552c7f4701ada91e31e916f992171b9418cb47d283a56e61f311581d66266cb
1996-01-16,0.0025861959784525823,3,isotropic_constructed_macro_nats_full_precision_v3,0552c7f4701ada91e31e916f992171b9418cb47d283a56e61f311581d66266cb
1996-01-18,0.0036223396978414257,3,isotropic_constructed_macro_nats_full_precision_v3,0552c7f4701ada91e31e916f992171b9418cb47d283a56e61f311581d66266cb
1996-01-22,0.0026146867246701483,21,isotropic_constructed_macro_nats_full_precision_v3,0552c7f4701ada91e31e916f992171b9418cb47d283a56e61f311581d66266cb
1996-01-24,0.0023732145682216557,21,isotropic_constructed_macro_nats_full_precision_v3,0552c7f4701ada91e31e916f992171b9418cb47d283a56e61f311581d66266cb
1996-01-26,0.002304171158023463,21,isotropic_constructed_macro_nats_full_precision_v3,0552c7f4701ada91e31e916f992171b9418cb47d283a56e61f311581d66266cb
1996-01-30,0.002594271989883379,3,isotropic_constructed_macro_nats_full_precision_v3,0552c7f4701ada91e31e916f992171b9418cb47d283a56e61f311581d66266cb
1996-02-01,0.0023642367527720518,21,isotropic_constructed_macro_nats_full_precision_v3,0552c7f4701ada91e31e916f992171b9418cb47d283a56e61f311581d66266cb
1996-02-05,0.0022582047429765204,17,isotropic_constructed_macro_nats_full_precision_v3,0552c7f4701ada91e31e916f992171b9418cb47d283a56e61f311581d66266cb
1996-02-07,0.002324648864642391,17,isotropic_constructed_macro_nats_full_precision_v3,0552c7f4701ada91e31e916f992171b9418cb47d283a56e61f311581d66266cb
1996-02-09,0.002294825740536695,17,isotropic_constructed_macro_nats_full_precision_v3,0552c7f4701ada91e31e916f992171b9418cb47d283a56e61f311581d66266cb
1996-02-13,0.0024713965173929764,17,isotropic_constructed_macro_nats_full_precision_v3,0552c7f4701ada91e31e916f992171b9418cb47d283a56e61f311581d66266cb
1996-02-15,0.0025594909559113824,17,isotropic_constructed_macro_nats_full_precision_v3,0552c7f4701ada91e31e916f992171b9418cb47d283a56e61f311581d66266cb
1996-02-20,0.0022059654024130307,17,isotropic_constructed_macro_nats_full_precision_v3,0552c7f4701ada91e31e916f992171b9418cb47d283a56e61f311581d66266cb
1996-02-22,0.0022846959164829622,21,isotropic_constructed_macro_nats_full_precision_v3,0552c7f4701ada91e31e916f992171b9418cb47d283a56e61f311581d66266cb
1996-02-26,0.002286024968647174,21,isotropic_constructed_macro_nats_full_precision_v3,0552c7f4701ada91e31e916f992171b9418cb47d283a56e61f311581d66266cb
1996-02-28,0.002369871742545465,21,isotropic_constructed_macro_nats_full_precision_v3,0552c7f4701ada91e31e916f992171b9418cb47d283a56e61f311581d66266cb
1996-03-01,0.002319522880864608,21,isotropic_constructed_macro_nats_full_precision_v3,0552c7f4701ada91e31e916f992171b9418cb47d283a56e61f311581d66266cb
1996-03-05,0.0022997882303848194,21,isotropic_constructed_macro_nats_full_precision_v3,0552c7f4701ada91e31e916f992171b9418cb47d283a56e61f311581d66266cb
1996-03-07,0.0022790131701058355,21,isotropic_constructed_macro_nats_full_precision_v3,0552c7f4701ada91e31e916f992171b9418cb47d283a56e61f311581d66266cb
1996-03-11,0.002412033113864301,21,isotropic_constructed_macro_nats_full_precision_v3,0552c7f4701ada91e31e916f992171b9418cb47d283a56e61f311581d66266cb
1996-03-13,0.002407688281941961,21,isotropic_constructed_macro_nats_full_precision_v3,0552c7f4701ada91e31e916f992171b9418cb47d283a56e61f311581d66266cb
1996-03-15,0.0025886280164983816,3,isotropic_constructed_macro_nats_full_precision_v3,0552c7f4701ada91e31e916f992171b9418cb47d283a56e61f311581d66266cb
1996-03-19,0.002958308397148453,3,isotropic_constructed_macro_nats_full_precision_v3,0552c7f4701ada91e31e916f992171b9418cb47d283a56e61f311581d66266cb
1996-03-21,0.0030511830651838295,3,isotropic_constructed_macro_nats_full_precision_v3,0552c7f4701ada91e31e916f992171b9418cb47d283a56e61f311581d66266cb
1996-03-25,0.003002279774702521,3,isotropic_constructed_macro_nats_full_precision_v3,0552c7f4701ada91e31e916f992171b9418cb47d283a56e61f311581d66266cb
1996-03-27,0.002722559015925441,3,isotropic_constructed_macro_nats_full_precision_v3,0552c7f4701ada91e31e916f992171b9418cb47d283a56e61f311581d66266cb
1996-03-29,0.002476016665240114,21,isotropic_constructed_macro_nats_full_precision_v3,0552c7f4701ada91e31e916f992171b9418cb47d283a56e61f311581d66266cb
1996-04-02,0.0026854389145857527,21,isotropic_constructed_macro_nats_full_precision_v3,0552c7f4701ada91e31e916f992171b9418cb47d283a56e61f311581d66266cb
1996-04-04,0.002340841989884195,21,isotropic_constructed_macro_nats_full_precision_v3,0552c7f4701ada91e31e916f992171b9418cb47d283a56e61f311581d66266cb
1996-04-09,0.0028245245921776005,21,isotropic_constructed_macro_nats_full_precision_v3,0552c7f4701ada91e31e916f992171b9418cb47d283a56e61f311581d66266cb
1996-04-11,0.0028789321630646146,21,isotropic_constructed_macro_nats_full_precision_v3,0552c7f4701ada91e31e916f992171b9418cb47d283a56e61f311581d66266cb
1996-04-15,0.002720795162378494,21,isotropic_constructed_macro_nats_full_precision_v3,0552c7f4701ada91e31e916f992171b9418cb47d283a56e61f311581d66266cb
1996-04-17,0.0028855489352491367,13,isotropic_constructed_macro_nats_full_precision_v3,0552c7f4701ada91e31e916f992171b9418cb47d283a56e61f311581d66266cb
1996-04-19,0.00296681373599696,3,isotropic_constructed_macro_nats_full_precision_v3,0552c7f4701ada91e31e916f992171b9418cb47d283a56e61f311581d66266cb
1996-04-23,0.003487862607147226,3,isotropic_constructed_macro_nats_full_precision_v3,0552c7f4701ada91e31e916f992171b9418cb47d283a56e61f311581d66266cb
1996-04-25,0.0032946282177216298,3,isotropic_constructed_macro_nats_full_precision_v3,0552c7f4701ada91e31e916f992171b9418cb47d283a56e61f311581d66266cb
1996-04-29,0.0036057266370299566,3,isotropic_constructed_macro_nats_full_precision_v3,0552c7f4701ada91e31e916f992171b9418cb47d283a56e61f311581d66266cb
1996-05-01,0.002326140220552022,3,isotropic_constructed_macro_nats_full_precision_v3,0552c7f4701ada91e31e916f992171b9418cb47d283a56e61f311581d66266cb
1996-05-03,0.0033154294339715513,3,isotropic_constructed_macro_nats_full_precision_v3,0552c7f4701ada91e31e916f992171b9418cb47d283a56e61f311581d66266cb
1996-05-07,0.004331633232593644,3,isotropic_constructed_macro_nats_full_precision_v3,0552c7f4701ada91e31e916f992171b9418cb47d283a56e61f311581d66266cb
1996-05-09,0.0038818833102856366,3,isotropic_constructed_macro_nats_full_precision_v3,0552c7f4701ada91e31e916f992171b9418cb47d283a56e61f311581d66266cb
1996-05-13,0.003653668174740096,3,isotropic_constructed_macro_nats_full_precision_v3,0552c7f4701ada91e31e916f992171b9418cb47d283a56e61f311581d66266cb
1996-05-15,0.004499423455464321,3,isotropic_constructed_macro_nats_full_precision_v3,0552c7f4701ada91e31e916f992171b9418cb47d283a56e61f311581d66266cb
1996-05-17,0.005181012003452775,3,isotropic_constructed_macro_nats_full_precision_v3,0552c7f4701ada91e31e916f992171b9418cb47d283a56e61f311581d66266cb
1996-05-21,0.004767548690210316,3,isotropic_constructed_macro_nats_full_precision_v3,0552c7f4701ada91e31e916f992171b9418cb47d283a56e61f311581d66266cb
1996-05-23,0.004705047331071438,3,isotropic_constructed_macro_nats_full_precision_v3,0552c7f4701ada91e31e916f992171b9418cb47d283a56e61f311581d66266cb
1996-05-28,0.003022169989648063,3,isotropic_constructed_macro_nats_full_precision_v3,0552c7f4701ada91e31e916f992171b9418cb47d283a56e61f311581d66266cb
1996-05-30,0.0029323175140772186,3,isotropic_constructed_macro_nats_full_precision_v3,0552c7f4701ada91e31e916f992171b9418cb47d283a56e61f311581d66266cb
1996-06-03,0.0024568296882461448,3,isotropic_constructed_macro_nats_full_precision_v3,0552c7f4701ada91e31e916f992171b9418cb47d283a56e61f311581d66266cb
1996-06-05,0.002410309804169463,3,isotropic_constructed_macro_nats_full_precision_v3,0552c7f4701ada91e31e916f992171b9418cb47d283a56e61f311581d66266cb
1996-06-07,0.003069175758225618,3,isotropic_constructed_macro_nats_full_precision_v3,0552c7f4701ada91e31e916f992171b9418cb47d283a56e61f311581d66266cb
1996-06-11,0.0026522565020678478,3,isotropic_constructed_macro_nats_full_precision_v3,0552c7f4701ada91e31e916f992171b9418cb47d283a56e61f311581d66266cb
1996-06-13,0.002320911548377321,3,isotropic_constructed_macro_nats_full_precision_v3,0552c7f4701ada91e31e916f992171b9418cb47d283a56e61f311581d66266cb
1996-06-17,0.0022701823621971325,21,isotropic_constructed_macro_nats_full_precision_v3,0552c7f4701ada91e31e916f992171b9418cb47d283a56e61f311581d66266cb
1996-06-19,0.002216896782898308,21,isotropic_constructed_macro_nats_full_precision_v3,0552c7f4701ada91e31e916f992171b9418cb47d283a56e61f311581d66266cb
1996-06-21,0.0022777233298271644,21,isotropic_constructed_macro_nats_full_precision_v3,0552c7f4701ada91e31e916f992171b9418cb47d283a56e61f311581d66266cb
1996-06-25,0.002257365775703655,21,isotropic_constructed_macro_nats_full_precision_v3,0552c7f4701ada91e31e916f992171b9418cb47d283a56e61f311581d66266cb
1996-06-27,0.0025635082671499297,10,isotropic_constructed_macro_nats_full_precision_v3,0552c7f4701ada91e31e916f992171b9418cb47d283a56e61f311581d66266cb
1996-07-01,0.0021143884887233552,21,isotropic_constructed_macro_nats_full_precision_v3,0552c7f4701ada91e31e916f992171b9418cb47d283a56e61f311581d66266cb
1996-07-03,0.0020343384457913206,21,isotropic_constructed_macro_nats_full_precision_v3,0552c7f4701ada91e31e916f992171b9418cb47d283a56e61f311581d66266cb
1996-07-08,0.0019986572222107715,21,isotropic_constructed_macro_nats_full_precision_v3,0552c7f4701ada91e31e916f992171b9418cb47d283a56e61f311581d66266cb
1996-07-10,0.0019314715989100333,21,isotropic_constructed_macro_nats_full_precision_v3,0552c7f4701ada91e31e916f992171b9418cb47d283a56e61f311581d66266cb
1996-07-12,0.0020001684643134593,21,isotropic_constructed_macro_nats_full_precision_v3,0552c7f4701ada91e31e916f992171b9418cb47d283a56e61f311581d66266cb
1996-07-16,0.0023777597673794518,15,isotropic_constructed_macro_nats_full_precision_v3,0552c7f4701ada91e31e916f992171b9418cb47d283a56e61f311581d66266cb
1996-07-18,0.0028930812993953267,15,isotropic_constructed_macro_nats_full_precision_v3,0552c7f4701ada91e31e916f992171b9418cb47d283a56e61f311581d66266cb
1996-07-22,0.0026968256993939108,15,isotropic_constructed_macro_nats_full_precision_v3,0552c7f4701ada91e31e916f992171b9418cb47d283a56e61f311581d66266cb
1996-07-24,0.0028853777144111845,15,isotropic_constructed_macro_nats_full_precision_v3,0552c7f4701ada91e31e916f992171b9418cb47d283a56e61f311581d66266cb
1996-07-26,0.0029195057334428995,15,isotropic_constructed_macro_nats_full_precision_v3,0552c7f4701ada91e31e916f992171b9418cb47d283a56e61f311581d66266cb
1996-07-30,0.0029783723319392677,15,isotropic_constructed_macro_nats_full_precision_v3,0552c7f4701ada91e31e916f992171b9418cb47d283a56e61f311581d66266cb
1996-08-01,0.0025827930216356307,15,isotropic_constructed_macro_nats_full_precision_v3,0552c7f4701ada91e31e916f992171b9418cb47d283a56e61f311581d66266cb
1996-08-05,0.0027962857849113745,15,isotropic_constructed_macro_nats_full_precision_v3,0552c7f4701ada91e31e916f992171b9418cb47d283a56e61f311581d66266cb
1996-08-07,0.0035343730592131764,15,isotropic_constructed_macro_nats_full_precision_v3,0552c7f4701ada91e31e916f992171b9418cb47d283a56e61f311581d66266cb
1996-08-09,0.0037025501496401603,15,isotropic_constructed_macro_nats_full_precision_v3,0552c7f4701ada91e31e916f992171b9418cb47d283a56e61f311581d66266cb
1996-08-13,0.0036278893964180256,15,isotropic_constructed_macro_nats_full_precision_v3,0552c7f4701ada91e31e916f992171b9418cb47d283a56e61f311581d66266cb
1996-08-15,0.003464363840233388,15,isotropic_constructed_macro_nats_full_precision_v3,0552c7f4701ada91e31e916f992171b9418cb47d283a56e61f311581d66266cb
1996-08-19,0.003591461702385834,15,isotropic_constructed_macro_nats_full_precision_v3,0552c7f4701ada91e31e916f992171b9418cb47d283a56e61f311581d66266cb
1996-08-21,0.0035076548692075035,15,isotropic_constructed_macro_nats_full_precision_v3,0552c7f4701ada91e31e916f992171b9418cb47d283a56e61f311581d66266cb
1996-08-23,0.003245895054190366,15,isotropic_constructed_macro_nats_full_precision_v3,0552c7f4701ada91e31e916f992171b9418cb47d283a56e61f311581d66266cb
1996-08-27,0.0031735206125536736,15,isotropic_constructed_macro_nats_full_precision_v3,0552c7f4701ada91e31e916f992171b9418cb47d283a56e61f311581d66266cb
1996-08-29,0.0031128738122902164,15,isotropic_constructed_macro_nats_full_precision_v3,0552c7f4701ada91e31e916f992171b9418cb47d283a56e61f311581d66266cb
1996-09-03,0.00283849968685862,15,isotropic_constructed_macro_nats_full_precision_v3,0552c7f4701ada91e31e916f992171b9418cb47d283a56e61f311581d66266cb
1996-09-05,0.0029923862889385602,15,isotropic_constructed_macro_nats_full_precision_v3,0552c7f4701ada91e31e916f992171b9418cb47d283a56e61f311581d66266cb
1996-09-09,0.002885921944521405,15,isotropic_constructed_macro_nats_full_precision_v3,0552c7f4701ada91e31e916f992171b9418cb47d283a56e61f311581d66266cb
1996-09-11,0.0026127586340739598,15,isotropic_constructed_macro_nats_full_precision_v3,0552c7f4701ada91e31e916f992171b9418cb47d283a56e61f311581d66266cb
1996-09-13,0.0026471648054846725,15,isotropic_constructed_macro_nats_full_precision_v3,0552c7f4701ada91e31e916f992171b9418cb47d283a56e61f311581d66266cb
1996-09-17,0.0026652999590282903,15,isotropic_constructed_macro_nats_full_precision_v3,0552c7f4701ada91e31e916f992171b9418cb47d283a56e61f311581d66266cb
1996-09-19,0.002708532652750742,15,isotropic_constructed_macro_nats_full_precision_v3,0552c7f4701ada91e31e916f992171b9418cb47d283a56e61f311581d66266cb
1996-09-23,0.0027650107106514596,15,isotropic_constructed_macro_nats_full_precision_v3,0552c7f4701ada91e31e916f992171b9418cb47d283a56e61f311581d66266cb
1996-09-25,0.002519982748598673,15,isotropic_constructed_macro_nats_full_precision_v3,0552c7f4701ada91e31e916f992171b9418cb47d283a56e61f311581d66266cb
1996-09-27,0.0022436934041602727,15,isotropic_constructed_macro_nats_full_precision_v3,0552c7f4701ada91e31e916f992171b9418cb47d283a56e61f311581d66266cb
1996-10-01,0.0022431815853470524,15,isotropic_constructed_macro_nats_full_precision_v3,0552c7f4701ada91e31e916f992171b9418cb47d283a56e61f311581d66266cb
1996-10-03,0.0019094917872119269,15,isotropic_constructed_macro_nats_full_precision_v3,0552c7f4701ada91e31e916f992171b9418cb47d283a56e61f311581d66266cb
1996-10-07,0.0019274685535378491,22,isotropic_constructed_macro_nats_full_precision_v3,0552c7f4701ada91e31e916f992171b9418cb47d283a56e61f311581d66266cb
1996-10-09,0.0019037662504118175,22,isotropic_constructed_macro_nats_full_precision_v3,0552c7f4701ada91e31e916f992171b9418cb47d283a56e61f311581d66266cb
1996-10-11,0.0018573504709849392,22,isotropic_constructed_macro_nats_full_precision_v3,0552c7f4701ada91e31e916f992171b9418cb47d283a56e61f311581d66266cb
1996-10-15,0.0022150887498971414,15,isotropic_constructed_macro_nats_full_precision_v3,0552c7f4701ada91e31e916f992171b9418cb47d283a56e61f311581d66266cb
1996-10-17,0.002202135129059951,15,isotropic_constructed_macro_nats_full_precision_v3,0552c7f4701ada91e31e916f992171b9418cb47d283a56e61f311581d66266cb
1996-10-21,0.002135572972200829,15,isotropic_constructed_macro_nats_full_precision_v3,0552c7f4701ada91e31e916f992171b9418cb47d283a56e61f311581d66266cb
1996-10-23,0.0020945929694079282,15,isotropic_constructed_macro_nats_full_precision_v3,0552c7f4701ada91e31e916f992171b9418cb47d283a56e61f311581d66266cb
1996-10-25,0.0020646747811554206,15,isotropic_constructed_macro_nats_full_precision_v3,0552c7f4701ada91e31e916f992171b9418cb47d283a56e61f311581d66266cb
1996-10-29,0.0023649254731717903,15,isotropic_constructed_macro_nats_full_precision_v3,0552c7f4701ada91e31e916f992171b9418cb47d283a56e61f311581d66266cb
1996-10-31,0.0025538627980741524,15,isotropic_constructed_macro_nats_full_precision_v3,0552c7f4701ada91e31e916f992171b9418cb47d283a56e61f311581d66266cb
1996-11-04,0.0025345548798914805,15,isotropic_constructed_macro_nats_full_precision_v3,0552c7f4701ada91e31e916f992171b9418cb47d283a56e61f311581d66266cb
1996-11-06,0.002391901203795524,15,isotropic_constructed_macro_nats_full_precision_v3,0552c7f4701ada91e31e916f992171b9418cb47d283a56e61f311581d66266cb
1996-11-08,0.002529453203821204,15,isotropic_constructed_macro_nats_full_precision_v3,0552c7f4701ada91e31e916f992171b9418cb47d283a56e61f311581d66266cb
1996-11-12,0.002345449164073442,15,isotropic_constructed_macro_nats_full_precision_v3,0552c7f4701ada91e31e916f992171b9418cb47d283a56e61f311581d66266cb
1996-11-14,0.0023779997001203874,15,isotropic_constructed_macro_nats_full_precision_v3,0552c7f4701ada91e31e916f992171b9418cb47d283a56e61f311581d66266cb
1996-11-18,0.00234250653441374,15,isotropic_constructed_macro_nats_full_precision_v3,0552c7f4701ada91e31e916f992171b9418cb47d283a56e61f311581d66266cb
1996-11-20,0.0022248753404558903,15,isotropic_constructed_macro_nats_full_precision_v3,0552c7f4701ada91e31e916f992171b9418cb47d283a56e61f311581d66266cb
1996-11-22,0.002138087284649256,15,isotropic_constructed_macro_nats_full_precision_v3,0552c7f4701ada91e31e916f992171b9418cb47d283a56e61f311581d66266cb
1996-11-26,0.001957997994563032,22,isotropic_constructed_macro_nats_full_precision_v3,0552c7f4701ada91e31e916f992171b9418cb47d283a56e61f311581d66266cb
1996-11-29,0.0019088988860748723,22,isotropic_constructed_macro_nats_full_precision_v3,0552c7f4701ada91e31e916f992171b9418cb47d283a56e61f311581d66266cb
1996-12-03,0.001866929169576089,22,isotropic_constructed_macro_nats_full_precision_v3,0552c7f4701ada91e31e916f992171b9418cb47d283a56e61f311581d66266cb
1996-12-05,0.001961925100928418,22,isotropic_constructed_macro_nats_full_precision_v3,0552c7f4701ada91e31e916f992171b9418cb47d283a56e61f311581d66266cb
1996-12-09,0.0022288632524982074,22,isotropic_constructed_macro_nats_full_precision_v3,0552c7f4701ada91e31e916f992171b9418cb47d283a56e61f311581d66266cb
1996-12-11,0.0025155731660564742,22,isotropic_constructed_macro_nats_full_precision_v3,0552c7f4701ada91e31e916f992171b9418cb47d283a56e61f311581d66266cb
1996-12-13,0.002531655597002476,22,isotropic_constructed_macro_nats_full_precision_v3,0552c7f4701ada91e31e916f992171b9418cb47d283a56e61f311581d66266cb
1996-12-17,0.002580148106869448,17,isotropic_constructed_macro_nats_full_precision_v3,0552c7f4701ada91e31e916f992171b9418cb47d283a56e61f311581d66266cb
1996-12-19,0.0020782948270576425,22,isotropic_constructed_macro_nats_full_precision_v3,0552c7f4701ada91e31e916f992171b9418cb47d283a56e61f311581d66266cb
1996-12-23,0.0020389262242989648,22,isotropic_constructed_macro_nats_full_precision_v3,0552c7f4701ada91e31e916f992171b9418cb47d283a56e61f311581d66266cb
1996-12-26,0.0018858531783606386,22,isotropic_constructed_macro_nats_full_precision_v3,0552c7f4701ada91e31e916f992171b9418cb47d283a56e61f311581d66266cb
1996-12-30,0.001988755143710476,22,isotropic_constructed_macro_nats_full_precision_v3,0552c7f4701ada91e31e916f992171b9418cb47d283a56e61f311581d66266cb
1997-01-02,0.002079517991652905,22,isotropic_constructed_macro_nats_full_precision_v3,0552c7f4701ada91e31e916f992171b9418cb47d283a56e61f311581d66266cb
1997-01-06,0.002191002852754753,17,isotropic_constructed_macro_nats_full_precision_v3,0552c7f4701ada91e31e916f992171b9418cb47d283a56e61f311581d66266cb
1997-01-08,0.002611946025253213,17,isotropic_constructed_macro_nats_full_precision_v3,0552c7f4701ada91e31e916f992171b9418cb47d283a56e61f311581d66266cb
1997-01-10,0.0024933689523136647,17,isotropic_constructed_macro_nats_full_precision_v3,0552c7f4701ada91e31e916f992171b9418cb47d283a56e61f311581d66266cb
1997-01-14,0.0027910117022014215,17,isotropic_constructed_macro_nats_full_precision_v3,0552c7f4701ada91e31e916f992171b9418cb47d283a56e61f311581d66266cb
1997-01-16,0.0027291132046344153,17,isotropic_constructed_macro_nats_full_precision_v3,0552c7f4701ada91e31e916f992171b9418cb47d283a56e61f311581d66266cb
1997-01-20,0.002746259656382106,17,isotropic_constructed_macro_nats_full_precision_v3,0552c7f4701ada91e31e916f992171b9418cb47d283a56e61f311581d66266cb
1997-01-22,0.0027045388119679124,17,isotropic_constructed_macro_nats_full_precision_v3,0552c7f4701ada91e31e916f992171b9418cb47d283a56e61f311581d66266cb
1997-01-24,0.003034821096394979,17,isotropic_constructed_macro_nats_full_precision_v3,0552c7f4701ada91e31e916f992171b9418cb47d283a56e61f311581d66266cb
1997-01-28,0.0032760350304608422,17,isotropic_constructed_macro_nats_full_precision_v3,0552c7f4701ada91e31e916f992171b9418cb47d283a56e61f311581d66266cb
1997-01-30,0.003460180757953058,17,isotropic_constructed_macro_nats_full_precision_v3,0552c7f4701ada91e31e916f992171b9418cb47d283a56e61f311581d66266cb
1997-02-03,0.003418245803284578,17,isotropic_constructed_macro_nats_full_precision_v3,0552c7f4701ada91e31e916f992171b9418cb47d283a56e61f311581d66266cb
1997-02-05,0.003458827336807333,17,isotropic_constructed_macro_nats_full_precision_v3,0552c7f4701ada91e31e916f992171b9418cb47d283a56e61f311581d66266cb
1997-02-07,0.003686645116145238,17,isotropic_constructed_macro_nats_full_precision_v3,0552c7f4701ada91e31e916f992171b9418cb47d283a56e61f311581d66266cb
1997-02-11,0.003919609681967619,17,isotropic_constructed_macro_nats_full_precision_v3,0552c7f4701ada91e31e916f992171b9418cb47d283a56e61f311581d66266cb
1997-02-13,0.004251218773641638,17,isotropic_constructed_macro_nats_full_precision_v3,0552c7f4701ada91e31e916f992171b9418cb47d283a56e61f311581d66266cb
1997-02-18,0.004289764795332669,17,isotropic_constructed_macro_nats_full_precision_v3,0552c7f4701ada91e31e916f992171b9418cb47d283a56e61f311581d66266cb
1997-02-20,0.004038621109497639,17,isotropic_constructed_macro_nats_full_precision_v3,0552c7f4701ada91e31e916f992171b9418cb47d283a56e61f311581d66266cb
1997-02-24,0.004266710984258758,17,isotropic_constructed_macro_nats_full_precision_v3,0552c7f4701ada91e31e916f992171b9418cb47d283a56e61f311581d66266cb
1997-02-26,0.0036128340912696608,17,isotropic_constructed_macro_nats_full_precision_v3,0552c7f4701ada91e31e916f992171b9418cb47d283a56e61f311581d66266cb
1997-02-28,0.0035367456999856745,17,isotropic_constructed_macro_nats_full_precision_v3,0552c7f4701ada91e31e916f992171b9418cb47d283a56e61f311581d66266cb
1997-03-04,0.0034039476571085664,17,isotropic_constructed_macro_nats_full_precision_v3,0552c7f4701ada91e31e916f992171b9418cb47d283a56e61f311581d66266cb
1997-03-06,0.004010155494387498,17,isotropic_constructed_macro_nats_full_precision_v3,0552c7f4701ada91e31e916f992171b9418cb47d283a56e61f311581d66266cb
1997-03-10,0.004211852761678153,17,isotropic_constructed_macro_nats_full_precision_v3,0552c7f4701ada91e31e916f992171b9418cb47d283a56e61f311581d66266cb
1997-03-12,0.0042336561879986745,17,isotropic_constructed_macro_nats_full_precision_v3,0552c7f4701ada91e31e916f992171b9418cb47d283a56e61f311581d66266cb
1997-03-14,0.004150904695994231,17,isotropic_constructed_macro_nats_full_precision_v3,0552c7f4701ada91e31e916f992171b9418cb47d283a56e61f311581d66266cb
1997-03-18,0.003938541672748021,17,isotropic_constructed_macro_nats_full_precision_v3,0552c7f4701ada91e31e916f992171b9418cb47d283a56e61f311581d66266cb
1997-03-20,0.003980661392967971,17,isotropic_constructed_macro_nats_full_precision_v3,0552c7f4701ada91e31e916f992171b9418cb47d283a56e61f311581d66266cb
1997-03-24,0.003936957933801825,17,isotropic_constructed_macro_nats_full_precision_v3,0552c7f4701ada91e31e916f992171b9418cb47d283a56e61f311581d66266cb
1997-03-26,0.003213428306804867,17,isotropic_constructed_macro_nats_full_precision_v3,0552c7f4701ada91e31e916f992171b9418cb47d283a56e61f311581d66266cb
1997-03-31,0.0036194459280180294,17,isotropic_constructed_macro_nats_full_precision_v3,0552c7f4701ada91e31e916f992171b9418cb47d283a56e61f311581d66266cb
1997-04-02,0.0034106185700328445,17,isotropic_constructed_macro_nats_full_precision_v3,0552c7f4701ada91e31e916f992171b9418cb47d283a56e61f311581d66266cb
1997-04-04,0.003314709526567216,17,isotropic_constructed_macro_nats_full_precision_v3,0552c7f4701ada91e31e916f992171b9418cb47d283a56e61f311581d66266cb
1997-04-08,0.0026224333854605597,17,isotropic_constructed_macro_nats_full_precision_v3,0552c7f4701ada91e31e916f992171b9418cb47d283a56e61f311581d66266cb
1997-04-10,0.0034529467254075935,17,isotropic_constructed_macro_nats_full_precision_v3,0552c7f4701ada91e31e916f992171b9418cb47d283a56e61f311581d66266cb
1997-04-14,0.0035539417298570512,17,isotropic_constructed_macro_nats_full_precision_v3,0552c7f4701ada91e31e916f992171b9418cb47d283a56e61f311581d66266cb
1997-04-16,0.0031762428439510784,17,isotropic_constructed_macro_nats_full_precision_v3,0552c7f4701ada91e31e916f992171b9418cb47d283a56e61f311581d66266cb
1997-04-18,0.0034075371700158334,17,isotropic_constructed_macro_nats_full_precision_v3,0552c7f4701ada91e31e916f992171b9418cb47d283a56e61f311581d66266cb
1997-04-22,0.0038053786588297597,17,isotropic_constructed_macro_nats_full_precision_v3,0552c7f4701ada91e31e916f992171b9418cb47d283a56e61f311581d66266cb
1997-04-24,0.004162409698817968,17,isotropic_constructed_macro_nats_full_precision_v3,0552c7f4701ada91e31e916f992171b9418cb47d283a56e61f311581d66266cb
1997-04-28,0.00449160035808964,17,isotropic_constructed_macro_nats_full_precision_v3,0552c7f4701ada91e31e916f992171b9418cb47d283a56e61f311581d66266cb
1997-04-30,0.004588144971584912,17,isotropic_constructed_macro_nats_full_precision_v3,0552c7f4701ada91e31e916f992171b9418cb47d283a56e61f311581d66266cb
1997-05-02,0.004496931185027739,17,isotropic_constructed_macro_nats_full_precision_v3,0552c7f4701ada91e31e916f992171b9418cb47d283a56e61f311581d66266cb
1997-05-06,0.0045736780172605865,17,isotropic_constructed_macro_nats_full_precision_v3,0552c7f4701ada91e31e916f992171b9418cb47d283a56e61f311581d66266cb
1997-05-08,0.004516461657772586,17,isotropic_constructed_macro_nats_full_precision_v3,0552c7f4701ada91e31e916f992171b9418cb47d283a56e61f311581d66266cb
1997-05-12,0.004551507553387568,17,isotropic_constructed_macro_nats_full_precision_v3,0552c7f4701ada91e31e916f992171b9418cb47d283a56e61f311581d66266cb
1997-05-14,0.004430002079428667,17,isotropic_constructed_macro_nats_full_precision_v3,0552c7f4701ada91e31e916f992171b9418cb47d283a56e61f311581d66266cb
1997-05-16,0.004020847271353954,17,isotropic_constructed_macro_nats_full_precision_v3,0552c7f4701ada91e31e916f992171b9418cb47d283a56e61f311581d66266cb
1997-05-20,0.003994364387099672,17,isotropic_constructed_macro_nats_full_precision_v3,0552c7f4701ada91e31e916f992171b9418cb47d283a56e61f311581d66266cb
1997-05-22,0.004061208658614764,17,isotropic_constructed_macro_nats_full_precision_v3,0552c7f4701ada91e31e916f992171b9418cb47d283a56e61f311581d66266cb
1997-05-27,0.004053366112651925,17,isotropic_constructed_macro_nats_full_precision_v3,0552c7f4701ada91e31e916f992171b9418cb47d283a56e61f311581d66266cb
1997-05-29,0.0037499687912868826,17,isotropic_constructed_macro_nats_full_precision_v3,0552c7f4701ada91e31e916f992171b9418cb47d283a56e61f311581d66266cb
1997-06-02,0.0031968509411695184,17,isotropic_constructed_macro_nats_full_precision_v3,0552c7f4701ada91e31e916f992171b9418cb47d283a56e61f311581d66266cb
1997-06-04,0.0032619558112656905,17,isotropic_constructed_macro_nats_full_precision_v3,0552c7f4701ada91e31e916f992171b9418cb47d283a56e61f311581d66266cb
1997-06-06,0.00324859341483328,17,isotropic_constructed_macro_nats_full_precision_v3,0552c7f4701ada91e31e916f992171b9418cb47d283a56e61f311581d66266cb
1997-06-10,0.003228923321452387,17,isotropic_constructed_macro_nats_full_precision_v3,0552c7f4701ada91e31e916f992171b9418cb47d283a56e61f311581d66266cb
1997-06-12,0.003101309683555084,17,isotropic_constructed_macro_nats_full_precision_v3,0552c7f4701ada91e31e916f992171b9418cb47d283a56e61f311581d66266cb
1997-06-16,0.003039064370790462,17,isotropic_constructed_macro_nats_full_precision_v3,0552c7f4701ada91e31e916f992171b9418cb47d283a56e61f311581d66266cb
1997-06-18,0.0029561586503537157,17,isotropic_constructed_macro_nats_full_precision_v3,0552c7f4701ada91e31e916f992171b9418cb47d283a56e61f311581d66266cb
1997-06-20,0.002530861859417387,17,isotropic_constructed_macro_nats_full_precision_v3,0552c7f4701ada91e31e916f992171b9418cb47d283a56e61f311581d66266cb
1997-06-24,0.0027714504755812636,17,isotropic_constructed_macro_nats_full_precision_v3,0552c7f4701ada91e31e916f992171b9418cb47d283a56e61f311581d66266cb
1997-06-26,0.002679357669779732,17,isotropic_constructed_macro_nats_full_precision_v3,0552c7f4701ada91e31e916f992171b9418cb47d283a56e61f311581d66266cb
1997-06-30,0.0031281324822662604,17,isotropic_constructed_macro_nats_full_precision_v3,0552c7f4701ada91e31e916f992171b9418cb47d283a56e61f311581d66266cb
1997-07-02,0.003014945905863889,17,isotropic_constructed_macro_nats_full_precision_v3,0552c7f4701ada91e31e916f992171b9418cb47d283a56e61f311581d66266cb
1997-07-07,0.0030160699590782297,17,isotropic_constructed_macro_nats_full_precision_v3,0552c7f4701ada91e31e916f992171b9418cb47d283a56e61f311581d66266cb
1997-07-09,0.0027631951827570486,17,isotropic_constructed_macro_nats_full_precision_v3,0552c7f4701ada91e31e916f992171b9418cb47d283a56e61f311581d66266cb
1997-07-11,0.002758804071017515,17,isotropic_constructed_macro_nats_full_precision_v3,0552c7f4701ada91e31e916f992171b9418cb47d283a56e61f311581d66266cb
1997-07-15,0.0024909640592077967,17,isotropic_constructed_macro_nats_full_precision_v3,0552c7f4701ada91e31e916f992171b9418cb47d283a56e61f311581d66266cb
1997-07-17,0.002121542237849404,15,isotropic_constructed_macro_nats_full_precision_v3,0552c7f4701ada91e31e916f992171b9418cb47d283a56e61f311581d66266cb
1997-07-21,0.002306018732146718,15,isotropic_constructed_macro_nats_full_precision_v3,0552c7f4701ada91e31e916f992171b9418cb47d283a56e61f311581d66266cb
1997-07-23,0.0021638563351217485,15,isotropic_constructed_macro_nats_full_precision_v3,0552c7f4701ada91e31e916f992171b9418cb47d283a56e61f311581d66266cb
1997-07-25,0.0023606704571022333,17,isotropic_constructed_macro_nats_full_precision_v3,0552c7f4701ada91e31e916f992171b9418cb47d283a56e61f311581d66266cb
1997-07-29,0.0024198636859499786,18,isotropic_constructed_macro_nats_full_precision_v3,0552c7f4701ada91e31e916f992171b9418cb47d283a56e61f311581d66266cb
1997-07-31,0.0025512178186877094,18,isotropic_constructed_macro_nats_full_precision_v3,0552c7f4701ada91e31e916f992171b9418cb47d283a56e61f311581d66266cb
1997-08-04,0.0025994349344893863,10,isotropic_constructed_macro_nats_full_precision_v3,0552c7f4701ada91e31e916f992171b9418cb47d283a56e61f311581d66266cb
1997-08-06,0.002380388912902008,17,isotropic_constructed_macro_nats_full_precision_v3,0552c7f4701ada91e31e916f992171b9418cb47d283a56e61f311581d66266cb
1997-08-08,0.002569458145585672,15,isotropic_constructed_macro_nats_full_precision_v3,0552c7f4701ada91e31e916f992171b9418cb47d283a56e61f311581d66266cb
1997-08-12,0.0029897418210841423,15,isotropic_constructed_macro_nats_full_precision_v3,0552c7f4701ada91e31e916f992171b9418cb47d283a56e61f311581d66266cb
1997-08-14,0.002733291289933014,15,isotropic_constructed_macro_nats_full_precision_v3,0552c7f4701ada91e31e916f992171b9418cb47d283a56e61f311581d66266cb
1997-08-18,0.0032660862230381796,10,isotropic_constructed_macro_nats_full_precision_v3,0552c7f4701ada91e31e916f992171b9418cb47d283a56e61f311581d66266cb
1997-08-20,0.0037514650959934726,10,isotropic_constructed_macro_nats_full_precision_v3,0552c7f4701ada91e31e916f992171b9418cb47d283a56e61f311581d66266cb
1997-08-22,0.003811424809114075,10,isotropic_constructed_macro_nats_full_precision_v3,0552c7f4701ada91e31e916f992171b9418cb47d283a56e61f311581d66266cb
1997-08-26,0.0037412292342824116,10,isotropic_constructed_macro_nats_full_precision_v3,0552c7f4701ada91e31e916f992171b9418cb47d283a56e61f311581d66266cb
1997-08-28,0.0034492110232368645,10,isotropic_constructed_macro_nats_full_precision_v3,0552c7f4701ada91e31e916f992171b9418cb47d283a56e61f311581d66266cb
1997-09-02,0.0035009397079321034,10,isotropic_constructed_macro_nats_full_precision_v3,0552c7f4701ada91e31e916f992171b9418cb47d283a56e61f311581d66266cb
1997-09-04,0.003678135518636813,10,isotropic_constructed_macro_nats_full_precision_v3,0552c7f4701ada91e31e916f992171b9418cb47d283a56e61f311581d66266cb
1997-09-08,0.003715149082118785,10,isotropic_constructed_macro_nats_full_precision_v3,0552c7f4701ada91e31e916f992171b9418cb47d283a56e61f311581d66266cb
1997-09-10,0.0032477699827169193,13,isotropic_constructed_macro_nats_full_precision_v3,0552c7f4701ada91e31e916f992171b9418cb47d283a56e61f311581d66266cb
1997-09-12,0.0034544911769463296,10,isotropic_constructed_macro_nats_full_precision_v3,0552c7f4701ada91e31e916f992171b9418cb47d283a56e61f311581d66266cb
1997-09-16,0.0035680642925233486,10,isotropic_constructed_macro_nats_full_precision_v3,0552c7f4701ada91e31e916f992171b9418cb47d283a56e61f311581d66266cb
1997-09-18,0.0036463861148918475,13,isotropic_constructed_macro_nats_full_precision_v3,0552c7f4701ada91e31e916f992171b9418cb47d283a56e61f311581d66266cb
1997-09-22,0.004098642010728487,1,isotropic_constructed_macro_nats_full_precision_v3,0552c7f4701ada91e31e916f992171b9418cb47d283a56e61f311581d66266cb
1997-09-24,0.003865128886931697,1,isotropic_constructed_macro_nats_full_precision_v3,0552c7f4701ada91e31e916f992171b9418cb47d283a56e61f311581d66266cb
1997-09-26,0.0037281052977662585,13,isotropic_constructed_macro_nats_full_precision_v3,0552c7f4701ada91e31e916f992171b9418cb47d283a56e61f311581d66266cb
1997-09-30,0.0035890761355679285,13,isotropic_constructed_macro_nats_full_precision_v3,0552c7f4701ada91e31e916f992171b9418cb47d283a56e61f311581d66266cb
1997-10-02,0.0035794673531301113,13,isotropic_constructed_macro_nats_full_precision_v3,0552c7f4701ada91e31e916f992171b9418cb47d283a56e61f311581d66266cb
1997-10-06,0.003762524438743191,13,isotropic_constructed_macro_nats_full_precision_v3,0552c7f4701ada91e31e916f992171b9418cb47d283a56e61f311581d66266cb
1997-10-08,0.0034471793015402735,13,isotropic_constructed_macro_nats_full_precision_v3,0552c7f4701ada91e31e916f992171b9418cb47d283a56e61f311581d66266cb
1997-10-10,0.0031096969646165346,13,isotropic_constructed_macro_nats_full_precision_v3,0552c7f4701ada91e31e916f992171b9418cb47d283a56e61f311581d66266cb
1997-10-14,0.006094586642280159,1,isotropic_constructed_macro_nats_full_precision_v3,0552c7f4701ada91e31e916f992171b9418cb47d283a56e61f311581d66266cb
1997-10-16,0.006528391729572824,1,isotropic_constructed_macro_nats_full_precision_v3,0552c7f4701ada91e31e916f992171b9418cb47d283a56e61f311581d66266cb
1997-10-20,0.006319062950170817,1,isotropic_constructed_macro_nats_full_precision_v3,0552c7f4701ada91e31e916f992171b9418cb47d283a56e61f311581d66266cb
1997-10-22,0.005592641140077424,1,isotropic_constructed_macro_nats_full_precision_v3,0552c7f4701ada91e31e916f992171b9418cb47d283a56e61f311581d66266cb
1997-10-24,0.008582864448187996,1,isotropic_constructed_macro_nats_full_precision_v3,0552c7f4701ada91e31e916f992171b9418cb47d283a56e61f311581d66266cb
1997-10-28,0.014004795040347892,1,isotropic_constructed_macro_nats_full_precision_v3,0552c7f4701ada91e31e916f992171b9418cb47d283a56e61f311581d66266cb
1997-10-30,0.011775190290639156,1,isotropic_constructed_macro_nats_full_precision_v3,0552c7f4701ada91e31e916f992171b9418cb47d283a56e61f311581d66266cb
1997-11-03,0.00451748015703992,13,isotropic_constructed_macro_nats_full_precision_v3,0552c7f4701ada91e31e916f992171b9418cb47d283a56e61f311581d66266cb
1997-11-05,0.004389677387156135,13,isotropic_constructed_macro_nats_full_precision_v3,0552c7f4701ada91e31e916f992171b9418cb47d283a56e61f311581d66266cb
1997-11-07,0.004899255766039737,13,isotropic_constructed_macro_nats_full_precision_v3,0552c7f4701ada91e31e916f992171b9418cb47d283a56e61f311581d66266cb
1997-11-11,0.004249318799882822,13,isotropic_constructed_macro_nats_full_precision_v3,0552c7f4701ada91e31e916f992171b9418cb47d283a56e61f311581d66266cb
1997-11-13,0.004341875455481176,9,isotropic_constructed_macro_nats_full_precision_v3,0552c7f4701ada91e31e916f992171b9418cb47d283a56e61f311581d66266cb
1997-11-17,0.004507871979380698,9,isotropic_constructed_macro_nats_full_precision_v3,0552c7f4701ada91e31e916f992171b9418cb47d283a56e61f311581d66266cb
1997-11-19,0.004312138396117861,9,isotropic_constructed_macro_nats_full_precision_v3,0552c7f4701ada91e31e916f992171b9418cb47d283a56e61f311581d66266cb
1997-11-21,0.00420597071718147,9,isotropic_constructed_macro_nats_full_precision_v3,0552c7f4701ada91e31e916f992171b9418cb47d283a56e61f311581d66266cb
1997-11-25,0.005116071555591857,9,isotropic_constructed_macro_nats_full_precision_v3,0552c7f4701ada91e31e916f992171b9418cb47d283a56e61f311581d66266cb
1997-11-28,0.004963024436444308,9,isotropic_constructed_macro_nats_full_precision_v3,0552c7f4701ada91e31e916f992171b9418cb47d283a56e61f311581d66266cb
1997-12-02,0.004942674715113546,9,isotropic_constructed_macro_nats_full_precision_v3,0552c7f4701ada91e31e916f992171b9418cb47d283a56e61f311581d66266cb
1997-12-04,0.006855863856411459,9,isotropic_constructed_macro_nats_full_precision_v3,0552c7f4701ada91e31e916f992171b9418cb47d283a56e61f311581d66266cb
1997-12-08,0.006937894660204495,9,isotropic_constructed_macro_nats_full_precision_v3,0552c7f4701ada91e31e916f992171b9418cb47d283a56e61f311581d66266cb
1997-12-10,0.006671655351369703,9,isotropic_constructed_macro_nats_full_precision_v3,0552c7f4701ada91e31e916f992171b9418cb47d283a56e61f311581d66266cb
1997-12-12,0.006946340544915268,9,isotropic_constructed_macro_nats_full_precision_v3,0552c7f4701ada91e31e916f992171b9418cb47d283a56e61f311581d66266cb
1997-12-16,0.00783341237196282,9,isotropic_constructed_macro_nats_full_precision_v3,0552c7f4701ada91e31e916f992171b9418cb47d283a56e61f311581d66266cb
1997-12-18,0.00801881215683077,9,isotropic_constructed_macro_nats_full_precision_v3,0552c7f4701ada91e31e916f992171b9418cb47d283a56e61f311581d66266cb
1997-12-22,0.008724713072979916,9,isotropic_constructed_macro_nats_full_precision_v3,0552c7f4701ada91e31e916f992171b9418cb47d283a56e61f311581d66266cb
1997-12-24,0.010333050841066907,9,isotropic_constructed_macro_nats_full_precision_v3,0552c7f4701ada91e31e916f992171b9418cb47d283a56e61f311581d66266cb
1997-12-29,0.009812469914608511,9,isotropic_constructed_macro_nats_full_precision_v3,0552c7f4701ada91e31e916f992171b9418cb47d283a56e61f311581d66266cb
1997-12-31,0.009079098123095423,9,isotropic_constructed_macro_nats_full_precision_v3,0552c7f4701ada91e31e916f992171b9418cb47d283a56e61f311581d66266cb
1998-01-05,0.008865186132409997,9,isotropic_constructed_macro_nats_full_precision_v3,0552c7f4701ada91e31e916f992171b9418cb47d283a56e61f311581d66266cb
1998-01-07,0.009294722608523091,9,isotropic_constructed_macro_nats_full_precision_v3,0552c7f4701ada91e31e916f992171b9418cb47d283a56e61f311581d66266cb
1998-01-09,0.008663264082789439,9,isotropic_constructed_macro_nats_full_precision_v3,0552c7f4701ada91e31e916f992171b9418cb47d283a56e61f311581d66266cb
1998-01-13,0.008334880999560645,9,isotropic_constructed_macro_nats_full_precision_v3,0552c7f4701ada91e31e916f992171b9418cb47d283a56e61f311581d66266cb
1998-01-15,0.008727286847432937,9,isotropic_constructed_macro_nats_full_precision_v3,0552c7f4701ada91e31e916f992171b9418cb47d283a56e61f311581d66266cb
1998-01-20,0.00960580932039868,9,isotropic_constructed_macro_nats_full_precision_v3,0552c7f4701ada91e31e916f992171b9418cb47d283a56e61f311581d66266cb
1998-01-22,0.009511245930005269,9,isotropic_constructed_macro_nats_full_precision_v3,0552c7f4701ada91e31e916f992171b9418cb47d283a56e61f311581d66266cb
1998-01-26,0.009400643146601974,9,isotropic_constructed_macro_nats_full_precision_v3,0552c7f4701ada91e31e916f992171b9418cb47d283a56e61f311581d66266cb
1998-01-28,0.00892897403249656,9,isotropic_constructed_macro_nats_full_precision_v3,0552c7f4701ada91e31e916f992171b9418cb47d283a56e61f311581d66266cb
1998-01-30,0.00870221884570807,9,isotropic_constructed_macro_nats_full_precision_v3,0552c7f4701ada91e31e916f992171b9418cb47d283a56e61f311581d66266cb
1998-02-03,0.008738163608588756,9,isotropic_constructed_macro_nats_full_precision_v3,0552c7f4701ada91e31e916f992171b9418cb47d283a56e61f311581d66266cb
1998-02-05,0.00920955650293298,9,isotropic_constructed_macro_nats_full_precision_v3,0552c7f4701ada91e31e916f992171b9418cb47d283a56e61f311581d66266cb
1998-02-09,0.008242498030103858,9,isotropic_constructed_macro_nats_full_precision_v3,0552c7f4701ada91e31e916f992171b9418cb47d283a56e61f311581d66266cb
1998-02-11,0.007787486174250721,9,isotropic_constructed_macro_nats_full_precision_v3,0552c7f4701ada91e31e916f992171b9418cb47d283a56e61f311581d66266cb
1998-02-13,0.008078120586092218,9,isotropic_constructed_macro_nats_full_precision_v3,0552c7f4701ada91e31e916f992171b9418cb47d283a56e61f311581d66266cb
1998-02-18,0.007802978881384898,9,isotropic_constructed_macro_nats_full_precision_v3,0552c7f4701ada91e31e916f992171b9418cb47d283a56e61f311581d66266cb
1998-02-20,0.00749078180092131,9,isotropic_constructed_macro_nats_full_precision_v3,0552c7f4701ada91e31e916f992171b9418cb47d283a56e61f311581d66266cb
1998-02-24,0.006902701934388723,9,isotropic_constructed_macro_nats_full_precision_v3,0552c7f4701ada91e31e916f992171b9418cb47d283a56e61f311581d66266cb
1998-02-26,0.006138222964777798,9,isotropic_constructed_macro_nats_full_precision_v3,0552c7f4701ada91e31e916f992171b9418cb47d283a56e61f311581d66266cb
1998-03-02,0.005189566439567424,9,isotropic_constructed_macro_nats_full_precision_v3,0552c7f4701ada91e31e916f992171b9418cb47d283a56e61f311581d66266cb
1998-03-04,0.003148771851288104,9,isotropic_constructed_macro_nats_full_precision_v3,0552c7f4701ada91e31e916f992171b9418cb47d283a56e61f311581d66266cb
1998-03-06,0.0027377038895473813,9,isotropic_constructed_macro_nats_full_precision_v3,0552c7f4701ada91e31e916f992171b9418cb47d283a56e61f311581d66266cb
1998-03-10,0.0030178896991702175,12,isotropic_constructed_macro_nats_full_precision_v3,0552c7f4701ada91e31e916f992171b9418cb47d283a56e61f311581d66266cb
1998-03-12,0.0029163299829285394,12,isotropic_constructed_macro_nats_full_precision_v3,0552c7f4701ada91e31e916f992171b9418cb47d283a56e61f311581d66266cb
1998-03-16,0.0030347349612128496,12,isotropic_constructed_macro_nats_full_precision_v3,0552c7f4701ada91e31e916f992171b9418cb47d283a56e61f311581d66266cb
1998-03-18,0.0037482698870839187,12,isotropic_constructed_macro_nats_full_precision_v3,0552c7f4701ada91e31e916f992171b9418cb47d283a56e61f311581d66266cb
1998-03-20,0.0043723916550143585,12,isotropic_constructed_macro_nats_full_precision_v3,0552c7f4701ada91e31e916f992171b9418cb47d283a56e61f311581d66266cb
1998-03-24,0.004451601208836323,12,isotropic_constructed_macro_nats_full_precision_v3,0552c7f4701ada91e31e916f992171b9418cb47d283a56e61f311581d66266cb
1998-03-26,0.0041980782539832034,12,isotropic_constructed_macro_nats_full_precision_v3,0552c7f4701ada91e31e916f992171b9418cb47d283a56e61f311581d66266cb
1998-03-30,0.0039007114470987134,12,isotropic_constructed_macro_nats_full_precision_v3,0552c7f4701ada91e31e916f992171b9418cb47d283a56e61f311581d66266cb
1998-04-01,0.0033553718969561858,12,isotropic_constructed_macro_nats_full_precision_v3,0552c7f4701ada91e31e916f992171b9418cb47d283a56e61f311581d66266cb
1998-04-03,0.0026053700631689936,12,isotropic_constructed_macro_nats_full_precision_v3,0552c7f4701ada91e31e916f992171b9418cb47d283a56e61f311581d66266cb
1998-04-07,0.002960654531504521,12,isotropic_constructed_macro_nats_full_precision_v3,0552c7f4701ada91e31e916f992171b9418cb47d283a56e61f311581d66266cb
1998-04-09,0.003010817605104653,12,isotropic_constructed_macro_nats_full_precision_v3,0552c7f4701ada91e31e916f992171b9418cb47d283a56e61f311581d66266cb
1998-04-14,0.0024326885486399136,12,isotropic_constructed_macro_nats_full_precision_v3,0552c7f4701ada91e31e916f992171b9418cb47d283a56e61f311581d66266cb
1998-04-16,0.0025422256866827753,12,isotropic_constructed_macro_nats_full_precision_v3,0552c7f4701ada91e31e916f992171b9418cb47d283a56e61f311581d66266cb
1998-04-20,0.0020389507593260234,20,isotropic_constructed_macro_nats_full_precision_v3,0552c7f4701ada91e31e916f992171b9418cb47d283a56e61f311581d66266cb
1998-04-22,0.0019686741860134305,20,isotropic_constructed_macro_nats_full_precision_v3,0552c7f4701ada91e31e916f992171b9418cb47d283a56e61f311581d66266cb
1998-04-24,0.0025312863737222274,12,isotropic_constructed_macro_nats_full_precision_v3,0552c7f4701ada91e31e916f992171b9418cb47d283a56e61f311581d66266cb
1998-04-28,0.0025785407817629363,12,isotropic_constructed_macro_nats_full_precision_v3,0552c7f4701ada91e31e916f992171b9418cb47d283a56e61f311581d66266cb
1998-04-30,0.00242854892806494,12,isotropic_constructed_macro_nats_full_precision_v3,0552c7f4701ada91e31e916f992171b9418cb47d283a56e61f311581d66266cb
1998-05-04,0.002370872040752897,20,isotropic_constructed_macro_nats_full_precision_v3,0552c7f4701ada91e31e916f992171b9418cb47d283a56e61f311581d66266cb
1998-05-06,0.002337184198920289,20,isotropic_constructed_macro_nats_full_precision_v3,0552c7f4701ada91e31e916f992171b9418cb47d283a56e61f311581d66266cb
1998-05-08,0.0023548949405755096,20,isotropic_constructed_macro_nats_full_precision_v3,0552c7f4701ada91e31e916f992171b9418cb47d283a56e61f311581d66266cb
1998-05-12,0.0024110049084195354,20,isotropic_constructed_macro_nats_full_precision_v3,0552c7f4701ada91e31e916f992171b9418cb47d283a56e61f311581d66266cb
1998-05-14,0.0025150138470825326,20,isotropic_constructed_macro_nats_full_precision_v3,0552c7f4701ada91e31e916f992171b9418cb47d283a56e61f311581d66266cb
1998-05-18,0.0027889849870360237,12,isotropic_constructed_macro_nats_full_precision_v3,0552c7f4701ada91e31e916f992171b9418cb47d283a56e61f311581d66266cb
1998-05-20,0.002972042500260959,12,isotropic_constructed_macro_nats_full_precision_v3,0552c7f4701ada91e31e916f992171b9418cb47d283a56e61f311581d66266cb
1998-05-22,0.003266987922280744,12,isotropic_constructed_macro_nats_full_precision_v3,0552c7f4701ada91e31e916f992171b9418cb47d283a56e61f311581d66266cb
1998-05-27,0.003077622645153495,12,isotropic_constructed_macro_nats_full_precision_v3,0552c7f4701ada91e31e916f992171b9418cb47d283a56e61f311581d66266cb
1998-05-29,0.0030853535885870045,12,isotropic_constructed_macro_nats_full_precision_v3,0552c7f4701ada91e31e916f992171b9418cb47d283a56e61f311581d66266cb
1998-06-02,0.0036583953371822006,12,isotropic_constructed_macro_nats_full_precision_v3,0552c7f4701ada91e31e916f992171b9418cb47d283a56e61f311581d66266cb
1998-06-04,0.003553932906015453,12,isotropic_constructed_macro_nats_full_precision_v3,0552c7f4701ada91e31e916f992171b9418cb47d283a56e61f311581d66266cb
1998-06-08,0.002933348189818233,12,isotropic_constructed_macro_nats_full_precision_v3,0552c7f4701ada91e31e916f992171b9418cb47d283a56e61f311581d66266cb
1998-06-10,0.002565485714360466,12,isotropic_constructed_macro_nats_full_precision_v3,0552c7f4701ada91e31e916f992171b9418cb47d283a56e61f311581d66266cb
1998-06-12,0.0024656537745072413,12,isotropic_constructed_macro_nats_full_precision_v3,0552c7f4701ada91e31e916f992171b9418cb47d283a56e61f311581d66266cb
1998-06-16,0.0026740644102707933,12,isotropic_constructed_macro_nats_full_precision_v3,0552c7f4701ada91e31e916f992171b9418cb47d283a56e61f311581d66266cb
1998-06-18,0.002014563890034536,15,isotropic_constructed_macro_nats_full_precision_v3,0552c7f4701ada91e31e916f992171b9418cb47d283a56e61f311581d66266cb
1998-06-22,0.0018486366689160205,15,isotropic_constructed_macro_nats_full_precision_v3,0552c7f4701ada91e31e916f992171b9418cb47d283a56e61f311581d66266cb
1998-06-24,0.002340761313477789,12,isotropic_constructed_macro_nats_full_precision_v3,0552c7f4701ada91e31e916f992171b9418cb47d283a56e61f311581d66266cb
1998-06-26,0.0018589218276617928,12,isotropic_constructed_macro_nats_full_precision_v3,0552c7f4701ada91e31e916f992171b9418cb47d283a56e61f311581d66266cb
1998-06-30,0.0022630134520322046,12,isotropic_constructed_macro_nats_full_precision_v3,0552c7f4701ada91e31e916f992171b9418cb47d283a56e61f311581d66266cb
1998-07-02,0.00275642900324205,12,isotropic_constructed_macro_nats_full_precision_v3,0552c7f4701ada91e31e916f992171b9418cb47d283a56e61f311581d66266cb
1998-07-07,0.002841697849224896,12,isotropic_constructed_macro_nats_full_precision_v3,0552c7f4701ada91e31e916f992171b9418cb47d283a56e61f311581d66266cb
1998-07-09,0.00274074847165634,12,isotropic_constructed_macro_nats_full_precision_v3,0552c7f4701ada91e31e916f992171b9418cb47d283a56e61f311581d66266cb
1998-07-13,0.0025795372687105744,9,isotropic_constructed_macro_nats_full_precision_v3,0552c7f4701ada91e31e916f992171b9418cb47d283a56e61f311581d66266cb
1998-07-15,0.0025159011312380908,9,isotropic_constructed_macro_nats_full_precision_v3,0552c7f4701ada91e31e916f992171b9418cb47d283a56e61f311581d66266cb
1998-07-17,0.002528801523488118,9,isotropic_constructed_macro_nats_full_precision_v3,0552c7f4701ada91e31e916f992171b9418cb47d283a56e61f311581d66266cb
1998-07-21,0.002522005442860832,12,isotropic_constructed_macro_nats_full_precision_v3,0552c7f4701ada91e31e916f992171b9418cb47d283a56e61f311581d66266cb
1998-07-23,0.0032419590704878473,12,isotropic_constructed_macro_nats_full_precision_v3,0552c7f4701ada91e31e916f992171b9418cb47d283a56e61f311581d66266cb
1998-07-27,0.002825708890311411,12,isotropic_constructed_macro_nats_full_precision_v3,0552c7f4701ada91e31e916f992171b9418cb47d283a56e61f311581d66266cb
1998-07-29,0.0029100329264004146,12,isotropic_constructed_macro_nats_full_precision_v3,0552c7f4701ada91e31e916f992171b9418cb47d283a56e61f311581d66266cb
1998-07-31,0.0024350413352561134,12,isotropic_constructed_macro_nats_full_precision_v3,0552c7f4701ada91e31e916f992171b9418cb47d283a56e61f311581d66266cb
1998-08-04,0.0029949932977880594,12,isotropic_constructed_macro_nats_full_precision_v3,0552c7f4701ada91e31e916f992171b9418cb47d283a56e61f311581d66266cb
1998-08-06,0.002748178732024209,12,isotropic_constructed_macro_nats_full_precision_v3,0552c7f4701ada91e31e916f992171b9418cb47d283a56e61f311581d66266cb
1998-08-10,0.002761877151252888,12,isotropic_constructed_macro_nats_full_precision_v3,0552c7f4701ada91e31e916f992171b9418cb47d283a56e61f311581d66266cb
1998-08-12,0.002770116144165391,12,isotropic_constructed_macro_nats_full_precision_v3,0552c7f4701ada91e31e916f992171b9418cb47d283a56e61f311581d66266cb
1998-08-14,0.003205878436381697,12,isotropic_constructed_macro_nats_full_precision_v3,0552c7f4701ada91e31e916f992171b9418cb47d283a56e61f311581d66266cb
1998-08-18,0.002865849968435079,12,isotropic_constructed_macro_nats_full_precision_v3,0552c7f4701ada91e31e916f992171b9418cb47d283a56e61f311581d66266cb
1998-08-20,0.0024241611753294465,12,isotropic_constructed_macro_nats_full_precision_v3,0552c7f4701ada91e31e916f992171b9418cb47d283a56e61f311581d66266cb
1998-08-24,0.0022445766406401432,12,isotropic_constructed_macro_nats_full_precision_v3,0552c7f4701ada91e31e916f992171b9418cb47d283a56e61f311581d66266cb
1998-08-26,0.002161424308902822,12,isotropic_constructed_macro_nats_full_precision_v3,0552c7f4701ada91e31e916f992171b9418cb47d283a56e61f311581d66266cb
1998-08-28,0.003114017099808679,12,isotropic_constructed_macro_nats_full_precision_v3,0552c7f4701ada91e31e916f992171b9418cb47d283a56e61f311581d66266cb
1998-09-01,0.003626333760463514,12,isotropic_constructed_macro_nats_full_precision_v3,0552c7f4701ada91e31e916f992171b9418cb47d283a56e61f311581d66266cb
1998-09-03,0.0027461346662866204,14,isotropic_constructed_macro_nats_full_precision_v3,0552c7f4701ada91e31e916f992171b9418cb47d283a56e61f311581d66266cb
1998-09-08,0.0037258418498405874,14,isotropic_constructed_macro_nats_full_precision_v3,0552c7f4701ada91e31e916f992171b9418cb47d283a56e61f311581d66266cb
1998-09-10,0.0037295044124398963,14,isotropic_constructed_macro_nats_full_precision_v3,0552c7f4701ada91e31e916f992171b9418cb47d283a56e61f311581d66266cb
1998-09-14,0.0031901773033054456,11,isotropic_constructed_macro_nats_full_precision_v3,0552c7f4701ada91e31e916f992171b9418cb47d283a56e61f311581d66266cb
1998-09-16,0.0031086823406875908,20,isotropic_constructed_macro_nats_full_precision_v3,0552c7f4701ada91e31e916f992171b9418cb47d283a56e61f311581d66266cb
1998-09-18,0.003357325056024034,20,isotropic_constructed_macro_nats_full_precision_v3,0552c7f4701ada91e31e916f992171b9418cb47d283a56e61f311581d66266cb
1998-09-22,0.0035873553838620467,8,isotropic_constructed_macro_nats_full_precision_v3,0552c7f4701ada91e31e916f992171b9418cb47d283a56e61f311581d66266cb
1998-09-24,0.003288573725940734,9,isotropic_constructed_macro_nats_full_precision_v3,0552c7f4701ada91e31e916f992171b9418cb47d283a56e61f311581d66266cb
1998-09-28,0.0033757963681409833,14,isotropic_constructed_macro_nats_full_precision_v3,0552c7f4701ada91e31e916f992171b9418cb47d283a56e61f311581d66266cb
1998-09-30,0.004039880455037802,9,isotropic_constructed_macro_nats_full_precision_v3,0552c7f4701ada91e31e916f992171b9418cb47d283a56e61f311581d66266cb
1998-10-02,0.00521411642679178,9,isotropic_constructed_macro_nats_full_precision_v3,0552c7f4701ada91e31e916f992171b9418cb47d283a56e61f311581d66266cb
1998-10-06,0.005737716909717146,14,isotropic_constructed_macro_nats_full_precision_v3,0552c7f4701ada91e31e916f992171b9418cb47d283a56e61f311581d66266cb
1998-10-08,0.010347808900836891,1,isotropic_constructed_macro_nats_full_precision_v3,0552c7f4701ada91e31e916f992171b9418cb47d283a56e61f311581d66266cb
1998-10-12,0.016314145548453673,4,isotropic_constructed_macro_nats_full_precision_v3,0552c7f4701ada91e31e916f992171b9418cb47d283a56e61f311581d66266cb
1998-10-14,0.009081185672084345,4,isotropic_constructed_macro_nats_full_precision_v3,0552c7f4701ada91e31e916f992171b9418cb47d283a56e61f311581d66266cb
1998-10-16,0.006558330144492593,14,isotropic_constructed_macro_nats_full_precision_v3,0552c7f4701ada91e31e916f992171b9418cb47d283a56e61f311581d66266cb
1998-10-20,0.00663143621451083,14,isotropic_constructed_macro_nats_full_precision_v3,0552c7f4701ada91e31e916f992171b9418cb47d283a56e61f311581d66266cb
1998-10-22,0.007519137514527062,13,isotropic_constructed_macro_nats_full_precision_v3,0552c7f4701ada91e31e916f992171b9418cb47d283a56e61f311581d66266cb
1998-10-26,0.006501671437903651,11,isotropic_constructed_macro_nats_full_precision_v3,0552c7f4701ada91e31e916f992171b9418cb47d283a56e61f311581d66266cb
1998-10-28,0.007017734823454205,12,isotropic_constructed_macro_nats_full_precision_v3,0552c7f4701ada91e31e916f992171b9418cb47d283a56e61f311581d66266cb
1998-10-30,0.006878312598345336,12,isotropic_constructed_macro_nats_full_precision_v3,0552c7f4701ada91e31e916f992171b9418cb47d283a56e61f311581d66266cb
1998-11-03,0.007349090238827571,12,isotropic_constructed_macro_nats_full_precision_v3,0552c7f4701ada91e31e916f992171b9418cb47d283a56e61f311581d66266cb
1998-11-05,0.008587668490950759,7,isotropic_constructed_macro_nats_full_precision_v3,0552c7f4701ada91e31e916f992171b9418cb47d283a56e61f311581d66266cb
1998-11-09,0.0098249290347499,7,isotropic_constructed_macro_nats_full_precision_v3,0552c7f4701ada91e31e916f992171b9418cb47d283a56e61f311581d66266cb
1998-11-11,0.009416199532680976,7,isotropic_constructed_macro_nats_full_precision_v3,0552c7f4701ada91e31e916f992171b9418cb47d283a56e61f311581d66266cb
1998-11-13,0.010625129072567414,7,isotropic_constructed_macro_nats_full_precision_v3,0552c7f4701ada91e31e916f992171b9418cb47d283a56e61f311581d66266cb
1998-11-17,0.010529033390757205,7,isotropic_constructed_macro_nats_full_precision_v3,0552c7f4701ada91e31e916f992171b9418cb47d283a56e61f311581d66266cb
1998-11-19,0.010318446791489626,7,isotropic_constructed_macro_nats_full_precision_v3,0552c7f4701ada91e31e916f992171b9418cb47d283a56e61f311581d66266cb
1998-11-23,0.012321440570511974,7,isotropic_constructed_macro_nats_full_precision_v3,0552c7f4701ada91e31e916f992171b9418cb47d283a56e61f311581d66266cb
1998-11-25,0.01145865883208181,7,isotropic_constructed_macro_nats_full_precision_v3,0552c7f4701ada91e31e916f992171b9418cb47d283a56e61f311581d66266cb
1998-11-30,0.010680355198582535,7,isotropic_constructed_macro_nats_full_precision_v3,0552c7f4701ada91e31e916f992171b9418cb47d283a56e61f311581d66266cb
1998-12-02,0.009372077146487828,12,isotropic_constructed_macro_nats_full_precision_v3,0552c7f4701ada91e31e916f992171b9418cb47d283a56e61f311581d66266cb
1998-12-04,0.00832810621966864,12,isotropic_constructed_macro_nats_full_precision_v3,0552c7f4701ada91e31e916f992171b9418cb47d283a56e61f311581d66266cb
1998-12-08,0.008140043028641838,12,isotropic_constructed_macro_nats_full_precision_v3,0552c7f4701ada91e31e916f992171b9418cb47d283a56e61f311581d66266cb
1998-12-10,0.007743682307660406,12,isotropic_constructed_macro_nats_full_precision_v3,0552c7f4701ada91e31e916f992171b9418cb47d283a56e61f311581d66266cb
1998-12-14,0.008959502684375786,7,isotropic_constructed_macro_nats_full_precision_v3,0552c7f4701ada91e31e916f992171b9418cb47d283a56e61f311581d66266cb
1998-12-16,0.01024705151881563,7,isotropic_constructed_macro_nats_full_precision_v3,0552c7f4701ada91e31e916f992171b9418cb47d283a56e61f311581d66266cb
1998-12-18,0.009312427709599544,7,isotropic_constructed_macro_nats_full_precision_v3,0552c7f4701ada91e31e916f992171b9418cb47d283a56e61f311581d66266cb
1998-12-22,0.009696186250079376,7,isotropic_constructed_macro_nats_full_precision_v3,0552c7f4701ada91e31e916f992171b9418cb47d283a56e61f311581d66266cb
1998-12-24,0.009944351245249276,7,isotropic_constructed_macro_nats_full_precision_v3,0552c7f4701ada91e31e916f992171b9418cb47d283a56e61f311581d66266cb
1998-12-29,0.009282436997018126,7,isotropic_constructed_macro_nats_full_precision_v3,0552c7f4701ada91e31e916f992171b9418cb47d283a56e61f311581d66266cb
1998-12-31,0.009284684354087566,7,isotropic_constructed_macro_nats_full_precision_v3,0552c7f4701ada91e31e916f992171b9418cb47d283a56e61f311581d66266cb
1999-01-05,0.009734395396271259,7,isotropic_constructed_macro_nats_full_precision_v3,0552c7f4701ada91e31e916f992171b9418cb47d283a56e61f311581d66266cb
1999-01-07,0.009941645696517225,7,isotropic_constructed_macro_nats_full_precision_v3,0552c7f4701ada91e31e916f992171b9418cb47d283a56e61f311581d66266cb
1999-01-11,0.010071230052664873,7,isotropic_constructed_macro_nats_full_precision_v3,0552c7f4701ada91e31e916f992171b9418cb47d283a56e61f311581d66266cb
1999-01-13,0.007729251761828947,7,isotropic_constructed_macro_nats_full_precision_v3,0552c7f4701ada91e31e916f992171b9418cb47d283a56e61f311581d66266cb
1999-01-15,0.007790977045727586,7,isotropic_constructed_macro_nats_full_precision_v3,0552c7f4701ada91e31e916f992171b9418cb47d283a56e61f311581d66266cb
1999-01-20,0.008609119522021265,14,isotropic_constructed_macro_nats_full_precision_v3,0552c7f4701ada91e31e916f992171b9418cb47d283a56e61f311581d66266cb
1999-01-22,0.008557468165975218,14,isotropic_constructed_macro_nats_full_precision_v3,0552c7f4701ada91e31e916f992171b9418cb47d283a56e61f311581d66266cb
1999-01-26,0.008070110662595331,14,isotropic_constructed_macro_nats_full_precision_v3,0552c7f4701ada91e31e916f992171b9418cb47d283a56e61f311581d66266cb
1999-01-28,0.008680377613740659,14,isotropic_constructed_macro_nats_full_precision_v3,0552c7f4701ada91e31e916f992171b9418cb47d283a56e61f311581d66266cb
1999-02-01,0.009712890877003472,14,isotropic_constructed_macro_nats_full_precision_v3,0552c7f4701ada91e31e916f992171b9418cb47d283a56e61f311581d66266cb
1999-02-03,0.00962092015750865,14,isotropic_constructed_macro_nats_full_precision_v3,0552c7f4701ada91e31e916f992171b9418cb47d283a56e61f311581d66266cb
1999-02-05,0.009002944892446248,14,isotropic_constructed_macro_nats_full_precision_v3,0552c7f4701ada91e31e916f992171b9418cb47d283a56e61f311581d66266cb
1999-02-09,0.00929581165607292,14,isotropic_constructed_macro_nats_full_precision_v3,0552c7f4701ada91e31e916f992171b9418cb47d283a56e61f311581d66266cb
1999-02-11,0.008726912097781842,14,isotropic_constructed_macro_nats_full_precision_v3,0552c7f4701ada91e31e916f992171b9418cb47d283a56e61f311581d66266cb
1999-02-16,0.008430081226615892,14,isotropic_constructed_macro_nats_full_precision_v3,0552c7f4701ada91e31e916f992171b9418cb47d283a56e61f311581d66266cb
1999-02-18,0.007489330070993103,14,isotropic_constructed_macro_nats_full_precision_v3,0552c7f4701ada91e31e916f992171b9418cb47d283a56e61f311581d66266cb
1999-02-22,0.0077237004259401235,14,isotropic_constructed_macro_nats_full_precision_v3,0552c7f4701ada91e31e916f992171b9418cb47d283a56e61f311581d66266cb
1999-02-24,0.0068643299188360166,14,isotropic_constructed_macro_nats_full_precision_v3,0552c7f4701ada91e31e916f992171b9418cb47d283a56e61f311581d66266cb
1999-02-26,0.006709071262559298,14,isotropic_constructed_macro_nats_full_precision_v3,0552c7f4701ada91e31e916f992171b9418cb47d283a56e61f311581d66266cb
1999-03-02,0.0064081699374031464,14,isotropic_constructed_macro_nats_full_precision_v3,0552c7f4701ada91e31e916f992171b9418cb47d283a56e61f311581d66266cb
1999-03-04,0.0058180163163072535,14,isotropic_constructed_macro_nats_full_precision_v3,0552c7f4701ada91e31e916f992171b9418cb47d283a56e61f311581d66266cb
1999-03-08,0.005588907910269211,14,isotropic_constructed_macro_nats_full_precision_v3,0552c7f4701ada91e31e916f992171b9418cb47d283a56e61f311581d66266cb
1999-03-10,0.005768386182412905,14,isotropic_constructed_macro_nats_full_precision_v3,0552c7f4701ada91e31e916f992171b9418cb47d283a56e61f311581d66266cb
1999-03-12,0.005564913511470725,14,isotropic_constructed_macro_nats_full_precision_v3,0552c7f4701ada91e31e916f992171b9418cb47d283a56e61f311581d66266cb
1999-03-16,0.005465778595624297,14,isotropic_constructed_macro_nats_full_precision_v3,0552c7f4701ada91e31e916f992171b9418cb47d283a56e61f311581d66266cb
1999-03-18,0.005443973649262343,14,isotropic_constructed_macro_nats_full_precision_v3,0552c7f4701ada91e31e916f992171b9418cb47d283a56e61f311581d66266cb
1999-03-22,0.0060274573328346764,14,isotropic_constructed_macro_nats_full_precision_v3,0552c7f4701ada91e31e916f992171b9418cb47d283a56e61f311581d66266cb
1999-03-24,0.0055107583143853694,14,isotropic_constructed_macro_nats_full_precision_v3,0552c7f4701ada91e31e916f992171b9418cb47d283a56e61f311581d66266cb
1999-03-26,0.005988753491154762,14,isotropic_constructed_macro_nats_full_precision_v3,0552c7f4701ada91e31e916f992171b9418cb47d283a56e61f311581d66266cb
1999-03-30,0.006134613391634229,14,isotropic_constructed_macro_nats_full_precision_v3,0552c7f4701ada91e31e916f992171b9418cb47d283a56e61f311581d66266cb
1999-04-01,0.006251675297274259,14,isotropic_constructed_macro_nats_full_precision_v3,0552c7f4701ada91e31e916f992171b9418cb47d283a56e61f311581d66266cb
1999-04-06,0.006075670195921222,14,isotropic_constructed_macro_nats_full_precision_v3,0552c7f4701ada91e31e916f992171b9418cb47d283a56e61f311581d66266cb
1999-04-08,0.005564731735571808,14,isotropic_constructed_macro_nats_full_precision_v3,0552c7f4701ada91e31e916f992171b9418cb47d283a56e61f311581d66266cb
1999-04-12,0.004568812104562808,14,isotropic_constructed_macro_nats_full_precision_v3,0552c7f4701ada91e31e916f992171b9418cb47d283a56e61f311581d66266cb
1999-04-14,0.006173343728211607,14,isotropic_constructed_macro_nats_full_precision_v3,0552c7f4701ada91e31e916f992171b9418cb47d283a56e61f311581d66266cb
1999-04-16,0.006048748968869075,14,isotropic_constructed_macro_nats_full_precision_v3,0552c7f4701ada91e31e916f992171b9418cb47d283a56e61f311581d66266cb
1999-04-20,0.005606438526370994,14,isotropic_constructed_macro_nats_full_precision_v3,0552c7f4701ada91e31e916f992171b9418cb47d283a56e61f311581d66266cb
1999-04-22,0.005569233181863829,14,isotropic_constructed_macro_nats_full_precision_v3,0552c7f4701ada91e31e916f992171b9418cb47d283a56e61f311581d66266cb
1999-04-26,0.005257924394454681,14,isotropic_constructed_macro_nats_full_precision_v3,0552c7f4701ada91e31e916f992171b9418cb47d283a56e61f311581d66266cb
1999-04-28,0.006534366166343238,7,isotropic_constructed_macro_nats_full_precision_v3,0552c7f4701ada91e31e916f992171b9418cb47d283a56e61f311581d66266cb
1999-04-30,0.005772273908687807,14,isotropic_constructed_macro_nats_full_precision_v3,0552c7f4701ada91e31e916f992171b9418cb47d283a56e61f311581d66266cb
1999-05-04,0.005997852499995994,14,isotropic_constructed_macro_nats_full_precision_v3,0552c7f4701ada91e31e916f992171b9418cb47d283a56e61f311581d66266cb
1999-05-06,0.005779346320748786,14,isotropic_constructed_macro_nats_full_precision_v3,0552c7f4701ada91e31e916f992171b9418cb47d283a56e61f311581d66266cb
1999-05-10,0.00550067205203323,14,isotropic_constructed_macro_nats_full_precision_v3,0552c7f4701ada91e31e916f992171b9418cb47d283a56e61f311581d66266cb
1999-05-12,0.0048219207217152435,14,isotropic_constructed_macro_nats_full_precision_v3,0552c7f4701ada91e31e916f992171b9418cb47d283a56e61f311581d66266cb
1999-05-14,0.004737690960313921,14,isotropic_constructed_macro_nats_full_precision_v3,0552c7f4701ada91e31e916f992171b9418cb47d283a56e61f311581d66266cb
1999-05-18,0.004800178275416601,14,isotropic_constructed_macro_nats_full_precision_v3,0552c7f4701ada91e31e916f992171b9418cb47d283a56e61f311581d66266cb
1999-05-20,0.004410178820400151,14,isotropic_constructed_macro_nats_full_precision_v3,0552c7f4701ada91e31e916f992171b9418cb47d283a56e61f311581d66266cb
1999-05-24,0.004434778654860486,14,isotropic_constructed_macro_nats_full_precision_v3,0552c7f4701ada91e31e916f992171b9418cb47d283a56e61f311581d66266cb
1999-05-26,0.004520866757664728,14,isotropic_constructed_macro_nats_full_precision_v3,0552c7f4701ada91e31e916f992171b9418cb47d283a56e61f311581d66266cb
1999-05-28,0.004483097266057168,14,isotropic_constructed_macro_nats_full_precision_v3,0552c7f4701ada91e31e916f992171b9418cb47d283a56e61f311581d66266cb
1999-06-02,0.0037431089350146093,14,isotropic_constructed_macro_nats_full_precision_v3,0552c7f4701ada91e31e916f992171b9418cb47d283a56e61f311581d66266cb
1999-06-04,0.0033042914256517716,14,isotropic_constructed_macro_nats_full_precision_v3,0552c7f4701ada91e31e916f992171b9418cb47d283a56e61f311581d66266cb
1999-06-08,0.0032079919660141024,14,isotropic_constructed_macro_nats_full_precision_v3,0552c7f4701ada91e31e916f992171b9418cb47d283a56e61f311581d66266cb
1999-06-10,0.0028842684911557157,14,isotropic_constructed_macro_nats_full_precision_v3,0552c7f4701ada91e31e916f992171b9418cb47d283a56e61f311581d66266cb
1999-06-14,0.002711928905764882,14,isotropic_constructed_macro_nats_full_precision_v3,0552c7f4701ada91e31e916f992171b9418cb47d283a56e61f311581d66266cb
1999-06-16,0.0033407096725219937,14,isotropic_constructed_macro_nats_full_precision_v3,0552c7f4701ada91e31e916f992171b9418cb47d283a56e61f311581d66266cb
1999-06-18,0.0038068343940497462,14,isotropic_constructed_macro_nats_full_precision_v3,0552c7f4701ada91e31e916f992171b9418cb47d283a56e61f311581d66266cb
1999-06-22,0.0038456892461043307,14,isotropic_constructed_macro_nats_full_precision_v3,0552c7f4701ada91e31e916f992171b9418cb47d283a56e61f311581d66266cb
1999-06-24,0.003699325560587108,14,isotropic_constructed_macro_nats_full_precision_v3,0552c7f4701ada91e31e916f992171b9418cb47d283a56e61f311581d66266cb
1999-06-28,0.0031030457781795195,14,isotropic_constructed_macro_nats_full_precision_v3,0552c7f4701ada91e31e916f992171b9418cb47d283a56e61f311581d66266cb
1999-06-30,0.003267506358012963,14,isotropic_constructed_macro_nats_full_precision_v3,0552c7f4701ada91e31e916f992171b9418cb47d283a56e61f311581d66266cb
1999-07-02,0.003507437292797108,14,isotropic_constructed_macro_nats_full_precision_v3,0552c7f4701ada91e31e916f992171b9418cb47d283a56e61f311581d66266cb
1999-07-07,0.004063503329124626,14,isotropic_constructed_macro_nats_full_precision_v3,0552c7f4701ada91e31e916f992171b9418cb47d283a56e61f311581d66266cb
1999-07-09,0.004630704302199515,14,isotropic_constructed_macro_nats_full_precision_v3,0552c7f4701ada91e31e916f992171b9418cb47d283a56e61f311581d66266cb
1999-07-13,0.005159498327518754,14,isotropic_constructed_macro_nats_full_precision_v3,0552c7f4701ada91e31e916f992171b9418cb47d283a56e61f311581d66266cb
1999-07-15,0.004804920220319295,14,isotropic_constructed_macro_nats_full_precision_v3,0552c7f4701ada91e31e916f992171b9418cb47d283a56e61f311581d66266cb
1999-07-19,0.004573694440591809,14,isotropic_constructed_macro_nats_full_precision_v3,0552c7f4701ada91e31e916f992171b9418cb47d283a56e61f311581d66266cb
1999-07-21,0.004523107889412854,14,isotropic_constructed_macro_nats_full_precision_v3,0552c7f4701ada91e31e916f992171b9418cb47d283a56e61f311581d66266cb
1999-07-23,0.004762319515851793,14,isotropic_constructed_macro_nats_full_precision_v3,0552c7f4701ada91e31e916f992171b9418cb47d283a56e61f311581d66266cb
1999-07-27,0.004826283453643311,14,isotropic_constructed_macro_nats_full_precision_v3,0552c7f4701ada91e31e916f992171b9418cb47d283a56e61f311581d66266cb
1999-07-29,0.004755796928621284,14,isotropic_constructed_macro_nats_full_precision_v3,0552c7f4701ada91e31e916f992171b9418cb47d283a56e61f311581d66266cb
1999-08-02,0.004241452110069717,14,isotropic_constructed_macro_nats_full_precision_v3,0552c7f4701ada91e31e916f992171b9418cb47d283a56e61f311581d66266cb
1999-08-04,0.004238137354599908,14,isotropic_constructed_macro_nats_full_precision_v3,0552c7f4701ada91e31e916f992171b9418cb47d283a56e61f311581d66266cb
1999-08-06,0.004688522262751703,14,isotropic_constructed_macro_nats_full_precision_v3,0552c7f4701ada91e31e916f992171b9418cb47d283a56e61f311581d66266cb
1999-08-10,0.005036369881301607,14,isotropic_constructed_macro_nats_full_precision_v3,0552c7f4701ada91e31e916f992171b9418cb47d283a56e61f311581d66266cb
1999-08-12,0.004887256955190163,14,isotropic_constructed_macro_nats_full_precision_v3,0552c7f4701ada91e31e916f992171b9418cb47d283a56e61f311581d66266cb
1999-08-16,0.004641232003638758,14,isotropic_constructed_macro_nats_full_precision_v3,0552c7f4701ada91e31e916f992171b9418cb47d283a56e61f311581d66266cb
1999-08-18,0.004709852668974328,14,isotropic_constructed_macro_nats_full_precision_v3,0552c7f4701ada91e31e916f992171b9418cb47d283a56e61f311581d66266cb
1999-08-20,0.004922886914850044,14,isotropic_constructed_macro_nats_full_precision_v3,0552c7f4701ada91e31e916f992171b9418cb47d283a56e61f311581d66266cb
1999-08-24,0.005202995053294787,14,isotropic_constructed_macro_nats_full_precision_v3,0552c7f4701ada91e31e916f992171b9418cb47d283a56e61f311581d66266cb
1999-08-26,0.004982761149366521,14,isotropic_constructed_macro_nats_full_precision_v3,0552c7f4701ada91e31e916f992171b9418cb47d283a56e61f311581d66266cb
1999-08-30,0.005217447137509282,14,isotropic_constructed_macro_nats_full_precision_v3,0552c7f4701ada91e31e916f992171b9418cb47d283a56e61f311581d66266cb
1999-09-01,0.0053339936372234845,14,isotropic_constructed_macro_nats_full_precision_v3,0552c7f4701ada91e31e916f992171b9418cb47d283a56e61f311581d66266cb
1999-09-03,0.005002001770686652,14,isotropic_constructed_macro_nats_full_precision_v3,0552c7f4701ada91e31e916f992171b9418cb47d283a56e61f311581d66266cb
1999-09-08,0.0050712952661522565,14,isotropic_constructed_macro_nats_full_precision_v3,0552c7f4701ada91e31e916f992171b9418cb47d283a56e61f311581d66266cb
1999-09-10,0.0046061691025903115,14,isotropic_constructed_macro_nats_full_precision_v3,0552c7f4701ada91e31e916f992171b9418cb47d283a56e61f311581d66266cb
1999-09-14,0.004780102370712518,14,isotropic_constructed_macro_nats_full_precision_v3,0552c7f4701ada91e31e916f992171b9418cb47d283a56e61f311581d66266cb
1999-09-16,0.004545023196960769,14,isotropic_constructed_macro_nats_full_precision_v3,0552c7f4701ada91e31e916f992171b9418cb47d283a56e61f311581d66266cb
1999-09-20,0.004575598232502469,14,isotropic_constructed_macro_nats_full_precision_v3,0552c7f4701ada91e31e916f992171b9418cb47d283a56e61f311581d66266cb
1999-09-22,0.004850231168570383,14,isotropic_constructed_macro_nats_full_precision_v3,0552c7f4701ada91e31e916f992171b9418cb47d283a56e61f311581d66266cb
1999-09-24,0.004272931791462785,14,isotropic_constructed_macro_nats_full_precision_v3,0552c7f4701ada91e31e916f992171b9418cb47d283a56e61f311581d66266cb
1999-09-28,0.0043104150280131315,14,isotropic_constructed_macro_nats_full_precision_v3,0552c7f4701ada91e31e916f992171b9418cb47d283a56e61f311581d66266cb
1999-09-30,0.003957769477431414,14,isotropic_constructed_macro_nats_full_precision_v3,0552c7f4701ada91e31e916f992171b9418cb47d283a56e61f311581d66266cb
1999-10-04,0.004165405835457492,14,isotropic_constructed_macro_nats_full_precision_v3,0552c7f4701ada91e31e916f992171b9418cb47d283a56e61f311581d66266cb
1999-10-06,0.004177076456457145,14,isotropic_constructed_macro_nats_full_precision_v3,0552c7f4701ada91e31e916f992171b9418cb47d283a56e61f311581d66266cb
1999-10-08,0.0037015977998291483,14,isotropic_constructed_macro_nats_full_precision_v3,0552c7f4701ada91e31e916f992171b9418cb47d283a56e61f311581d66266cb
1999-10-12,0.0037324044166674106,14,isotropic_constructed_macro_nats_full_precision_v3,0552c7f4701ada91e31e916f992171b9418cb47d283a56e61f311581d66266cb
1999-10-14,0.0035559091158421444,14,isotropic_constructed_macro_nats_full_precision_v3,0552c7f4701ada91e31e916f992171b9418cb47d283a56e61f311581d66266cb
1999-10-18,0.003468142713405238,14,isotropic_constructed_macro_nats_full_precision_v3,0552c7f4701ada91e31e916f992171b9418cb47d283a56e61f311581d66266cb
1999-10-20,0.0036888520556477775,14,isotropic_constructed_macro_nats_full_precision_v3,0552c7f4701ada91e31e916f992171b9418cb47d283a56e61f311581d66266cb
1999-10-22,0.009073156385269954,3,isotropic_constructed_macro_nats_full_precision_v3,0552c7f4701ada91e31e916f992171b9418cb47d283a56e61f311581d66266cb
1999-10-26,0.009355223494281494,3,isotropic_constructed_macro_nats_full_precision_v3,0552c7f4701ada91e31e916f992171b9418cb47d283a56e61f311581d66266cb
1999-10-28,0.00339942990709758,3,isotropic_constructed_macro_nats_full_precision_v3,0552c7f4701ada91e31e916f992171b9418cb47d283a56e61f311581d66266cb
1999-11-01,0.0037799243314169673,3,isotropic_constructed_macro_nats_full_precision_v3,0552c7f4701ada91e31e916f992171b9418cb47d283a56e61f311581d66266cb
1999-11-03,0.00406995172967619,3,isotropic_constructed_macro_nats_full_precision_v3,0552c7f4701ada91e31e916f992171b9418cb47d283a56e61f311581d66266cb
1999-11-05,0.00564322682934737,3,isotropic_constructed_macro_nats_full_precision_v3,0552c7f4701ada91e31e916f992171b9418cb47d283a56e61f311581d66266cb
1999-11-09,0.003554911887734047,17,isotropic_constructed_macro_nats_full_precision_v3,0552c7f4701ada91e31e916f992171b9418cb47d283a56e61f311581d66266cb
1999-11-11,0.00358614966471249,17,isotropic_constructed_macro_nats_full_precision_v3,0552c7f4701ada91e31e916f992171b9418cb47d283a56e61f311581d66266cb
1999-11-15,0.003702343022508596,14,isotropic_constructed_macro_nats_full_precision_v3,0552c7f4701ada91e31e916f992171b9418cb47d283a56e61f311581d66266cb
1999-11-17,0.0037763287216799543,14,isotropic_constructed_macro_nats_full_precision_v3,0552c7f4701ada91e31e916f992171b9418cb47d283a56e61f311581d66266cb
1999-11-19,0.0036451360020077483,14,isotropic_constructed_macro_nats_full_precision_v3,0552c7f4701ada91e31e916f992171b9418cb47d283a56e61f311581d66266cb
1999-11-23,0.003942431669809773,17,isotropic_constructed_macro_nats_full_precision_v3,0552c7f4701ada91e31e916f992171b9418cb47d283a56e61f311581d66266cb
1999-11-26,0.0035485235745710483,14,isotropic_constructed_macro_nats_full_precision_v3,0552c7f4701ada91e31e916f992171b9418cb47d283a56e61f311581d66266cb
1999-11-30,0.0033797641466219858,14,isotropic_constructed_macro_nats_full_precision_v3,0552c7f4701ada91e31e916f992171b9418cb47d283a56e61f311581d66266cb
1999-12-02,0.003247732640358693,14,isotropic_constructed_macro_nats_full_precision_v3,0552c7f4701ada91e31e916f992171b9418cb47d283a56e61f311581d66266cb
1999-12-06,0.00350965400086458,14,isotropic_constructed_macro_nats_full_precision_v3,0552c7f4701ada91e31e916f992171b9418cb47d283a56e61f311581d66266cb
1999-12-08,0.003856245435294406,3,isotropic_constructed_macro_nats_full_precision_v3,0552c7f4701ada91e31e916f992171b9418cb47d283a56e61f311581d66266cb
1999-12-10,0.006038522156528593,3,isotropic_constructed_macro_nats_full_precision_v3,0552c7f4701ada91e31e916f992171b9418cb47d283a56e61f311581d66266cb
1999-12-14,0.00565439865789609,3,isotropic_constructed_macro_nats_full_precision_v3,0552c7f4701ada91e31e916f992171b9418cb47d283a56e61f311581d66266cb
1999-12-16,0.005557232812202766,3,isotropic_constructed_macro_nats_full_precision_v3,0552c7f4701ada91e31e916f992171b9418cb47d283a56e61f311581d66266cb
1999-12-20,0.006312613348372763,3,isotropic_constructed_macro_nats_full_precision_v3,0552c7f4701ada91e31e916f992171b9418cb47d283a56e61f311581d66266cb
1999-12-22,0.0032110025743998932,3,isotropic_constructed_macro_nats_full_precision_v3,0552c7f4701ada91e31e916f992171b9418cb47d283a56e61f311581d66266cb
1999-12-27,0.005351248230759963,3,isotropic_constructed_macro_nats_full_precision_v3,0552c7f4701ada91e31e916f992171b9418cb47d283a56e61f311581d66266cb
1999-12-29,0.0036618342892965686,3,isotropic_constructed_macro_nats_full_precision_v3,0552c7f4701ada91e31e916f992171b9418cb47d283a56e61f311581d66266cb
1999-12-31,0.0015925571024463236,20,isotropic_constructed_macro_nats_full_precision_v3,0552c7f4701ada91e31e916f992171b9418cb47d283a56e61f311581d66266cb
2000-01-04,0.0014144888776430817,20,isotropic_constructed_macro_nats_full_precision_v3,0552c7f4701ada91e31e916f992171b9418cb47d283a56e61f311581d66266cb
2000-01-06,0.0015688158827550994,3,isotropic_constructed_macro_nats_full_precision_v3,0552c7f4701ada91e31e916f992171b9418cb47d283a56e61f311581d66266cb
2000-01-10,0.0008795515084712713,25,isotropic_constructed_macro_nats_full_precision_v3,0552c7f4701ada91e31e916f992171b9418cb47d283a56e61f311581d66266cb
2000-01-12,0.00119824037526102,22,isotropic_constructed_macro_nats_full_precision_v3,0552c7f4701ada91e31e916f992171b9418cb47d283a56e61f311581d66266cb
2000-01-14,0.0012634777396232436,22,isotropic_constructed_macro_nats_full_precision_v3,0552c7f4701ada91e31e916f992171b9418cb47d283a56e61f311581d66266cb
2000-01-19,0.0016545608559678168,22,isotropic_constructed_macro_nats_full_precision_v3,0552c7f4701ada91e31e916f992171b9418cb47d283a56e61f311581d66266cb
2000-01-21,0.0018630501525868925,14,isotropic_constructed_macro_nats_full_precision_v3,0552c7f4701ada91e31e916f992171b9418cb47d283a56e61f311581d66266cb
2000-01-25,0.0015480087008266918,14,isotropic_constructed_macro_nats_full_precision_v3,0552c7f4701ada91e31e916f992171b9418cb47d283a56e61f311581d66266cb
2000-01-27,0.0015934384658490425,21,isotropic_constructed_macro_nats_full_precision_v3,0552c7f4701ada91e31e916f992171b9418cb47d283a56e61f311581d66266cb
2000-01-31,0.0014381119375705825,22,isotropic_constructed_macro_nats_full_precision_v3,0552c7f4701ada91e31e916f992171b9418cb47d283a56e61f311581d66266cb
2000-02-02,0.0015647883929106113,21,isotropic_constructed_macro_nats_full_precision_v3,0552c7f4701ada91e31e916f992171b9418cb47d283a56e61f311581d66266cb
2000-02-04,0.0012486150665736093,21,isotropic_constructed_macro_nats_full_precision_v3,0552c7f4701ada91e31e916f992171b9418cb47d283a56e61f311581d66266cb
2000-02-08,0.0013736744932637199,21,isotropic_constructed_macro_nats_full_precision_v3,0552c7f4701ada91e31e916f992171b9418cb47d283a56e61f311581d66266cb
2000-02-10,0.0015345595510524376,21,isotropic_constructed_macro_nats_full_precision_v3,0552c7f4701ada91e31e916f992171b9418cb47d283a56e61f311581d66266cb
2000-02-14,0.0026621343846670656,3,isotropic_constructed_macro_nats_full_precision_v3,0552c7f4701ada91e31e916f992171b9418cb47d283a56e61f311581d66266cb
2000-02-16,0.005003710029225297,3,isotropic_constructed_macro_nats_full_precision_v3,0552c7f4701ada91e31e916f992171b9418cb47d283a56e61f311581d66266cb
2000-02-18,0.0038183655585517784,3,isotropic_constructed_macro_nats_full_precision_v3,0552c7f4701ada91e31e916f992171b9418cb47d283a56e61f311581d66266cb
2000-02-23,0.007225477108424624,3,isotropic_constructed_macro_nats_full_precision_v3,0552c7f4701ada91e31e916f992171b9418cb47d283a56e61f311581d66266cb
2000-02-25,0.007284423994093812,3,isotropic_constructed_macro_nats_full_precision_v3,0552c7f4701ada91e31e916f992171b9418cb47d283a56e61f311581d66266cb
2000-02-29,0.004679485130124186,3,isotropic_constructed_macro_nats_full_precision_v3,0552c7f4701ada91e31e916f992171b9418cb47d283a56e61f311581d66266cb
2000-03-02,0.004533151388499114,3,isotropic_constructed_macro_nats_full_precision_v3,0552c7f4701ada91e31e916f992171b9418cb47d283a56e61f311581d66266cb
2000-03-06,0.003961202784936783,3,isotropic_constructed_macro_nats_full_precision_v3,0552c7f4701ada91e31e916f992171b9418cb47d283a56e61f311581d66266cb
2000-03-08,0.004361281154956129,3,isotropic_constructed_macro_nats_full_precision_v3,0552c7f4701ada91e31e916f992171b9418cb47d283a56e61f311581d66266cb
2000-03-10,0.0035567341154211576,3,isotropic_constructed_macro_nats_full_precision_v3,0552c7f4701ada91e31e916f992171b9418cb47d283a56e61f311581d66266cb
2000-03-14,0.0027862463336939917,3,isotropic_constructed_macro_nats_full_precision_v3,0552c7f4701ada91e31e916f992171b9418cb47d283a56e61f311581d66266cb
2000-03-16,0.004884683349386874,3,isotropic_constructed_macro_nats_full_precision_v3,0552c7f4701ada91e31e916f992171b9418cb47d283a56e61f311581d66266cb
2000-03-20,0.005866185102581526,3,isotropic_constructed_macro_nats_full_precision_v3,0552c7f4701ada91e31e916f992171b9418cb47d283a56e61f311581d66266cb
2000-03-22,0.006190367942614232,3,isotropic_constructed_macro_nats_full_precision_v3,0552c7f4701ada91e31e916f992171b9418cb47d283a56e61f311581d66266cb
2000-03-24,0.007882511001116414,3,isotropic_constructed_macro_nats_full_precision_v3,0552c7f4701ada91e31e916f992171b9418cb47d283a56e61f311581d66266cb
2000-03-28,0.008147727012670695,3,isotropic_constructed_macro_nats_full_precision_v3,0552c7f4701ada91e31e916f992171b9418cb47d283a56e61f311581d66266cb
2000-03-30,0.008007307303048827,3,isotropic_constructed_macro_nats_full_precision_v3,0552c7f4701ada91e31e916f992171b9418cb47d283a56e61f311581d66266cb
2000-04-03,0.007232705931036892,3,isotropic_constructed_macro_nats_full_precision_v3,0552c7f4701ada91e31e916f992171b9418cb47d283a56e61f311581d66266cb
2000-04-05,0.011174389789946199,3,isotropic_constructed_macro_nats_full_precision_v3,0552c7f4701ada91e31e916f992171b9418cb47d283a56e61f311581d66266cb
2000-04-07,0.01024236562828141,3,isotropic_constructed_macro_nats_full_precision_v3,0552c7f4701ada91e31e916f992171b9418cb47d283a56e61f311581d66266cb
2000-04-11,0.011429574317603414,3,isotropic_constructed_macro_nats_full_precision_v3,0552c7f4701ada91e31e916f992171b9418cb47d283a56e61f311581d66266cb
2000-04-13,0.01198844291115174,3,isotropic_constructed_macro_nats_full_precision_v3,0552c7f4701ada91e31e916f992171b9418cb47d283a56e61f311581d66266cb
2000-04-17,0.013618677246489595,3,isotropic_constructed_macro_nats_full_precision_v3,0552c7f4701ada91e31e916f992171b9418cb47d283a56e61f311581d66266cb
2000-04-19,0.014878973400957562,3,isotropic_constructed_macro_nats_full_precision_v3,0552c7f4701ada91e31e916f992171b9418cb47d283a56e61f311581d66266cb
2000-04-24,0.014376583991083082,3,isotropic_constructed_macro_nats_full_precision_v3,0552c7f4701ada91e31e916f992171b9418cb47d283a56e61f311581d66266cb
2000-04-26,0.01224991930594553,3,isotropic_constructed_macro_nats_full_precision_v3,0552c7f4701ada91e31e916f992171b9418cb47d283a56e61f311581d66266cb
2000-04-28,0.011718388699988223,3,isotropic_constructed_macro_nats_full_precision_v3,0552c7f4701ada91e31e916f992171b9418cb47d283a56e61f311581d66266cb
2000-05-02,0.013226598226897222,3,isotropic_constructed_macro_nats_full_precision_v3,0552c7f4701ada91e31e916f992171b9418cb47d283a56e61f311581d66266cb
2000-05-04,0.013726643327528619,3,isotropic_constructed_macro_nats_full_precision_v3,0552c7f4701ada91e31e916f992171b9418cb47d283a56e61f311581d66266cb
2000-05-08,0.014358277640542143,3,isotropic_constructed_macro_nats_full_precision_v3,0552c7f4701ada91e31e916f992171b9418cb47d283a56e61f311581d66266cb
2000-05-10,0.014514267874265484,3,isotropic_constructed_macro_nats_full_precision_v3,0552c7f4701ada91e31e916f992171b9418cb47d283a56e61f311581d66266cb
2000-05-12,0.015036748556369751,3,isotropic_constructed_macro_nats_full_precision_v3,0552c7f4701ada91e31e916f992171b9418cb47d283a56e61f311581d66266cb
2000-05-16,0.015923220681911585,3,isotropic_constructed_macro_nats_full_precision_v3,0552c7f4701ada91e31e916f992171b9418cb47d283a56e61f311581d66266cb
2000-05-18,0.016000514861899615,3,isotropic_constructed_macro_nats_full_precision_v3,0552c7f4701ada91e31e916f992171b9418cb47d283a56e61f311581d66266cb
2000-05-22,0.01621823256199543,3,isotropic_constructed_macro_nats_full_precision_v3,0552c7f4701ada91e31e916f992171b9418cb47d283a56e61f311581d66266cb
2000-05-24,0.015557793942198583,3,isotropic_constructed_macro_nats_full_precision_v3,0552c7f4701ada91e31e916f992171b9418cb47d283a56e61f311581d66266cb
2000-05-26,0.013249255267242188,3,isotropic_constructed_macro_nats_full_precision_v3,0552c7f4701ada91e31e916f992171b9418cb47d283a56e61f311581d66266cb
2000-05-31,0.012995355809293584,3,isotropic_constructed_macro_nats_full_precision_v3,0552c7f4701ada91e31e916f992171b9418cb47d283a56e61f311581d66266cb
2000-06-02,0.013350804589036966,3,isotropic_constructed_macro_nats_full_precision_v3,0552c7f4701ada91e31e916f992171b9418cb47d283a56e61f311581d66266cb
2000-06-06,0.012134739522476557,3,isotropic_constructed_macro_nats_full_precision_v3,0552c7f4701ada91e31e916f992171b9418cb47d283a56e61f311581d66266cb
2000-06-08,0.011411261623298568,3,isotropic_constructed_macro_nats_full_precision_v3,0552c7f4701ada91e31e916f992171b9418cb47d283a56e61f311581d66266cb
2000-06-12,0.012087961602228959,3,isotropic_constructed_macro_nats_full_precision_v3,0552c7f4701ada91e31e916f992171b9418cb47d283a56e61f311581d66266cb
2000-06-14,0.012185429151658645,3,isotropic_constructed_macro_nats_full_precision_v3,0552c7f4701ada91e31e916f992171b9418cb47d283a56e61f311581d66266cb
2000-06-16,0.011922110092905787,3,isotropic_constructed_macro_nats_full_precision_v3,0552c7f4701ada91e31e916f992171b9418cb47d283a56e61f311581d66266cb
2000-06-20,0.011934747680289348,3,isotropic_constructed_macro_nats_full_precision_v3,0552c7f4701ada91e31e916f992171b9418cb47d283a56e61f311581d66266cb
2000-06-22,0.013569742263820215,3,isotropic_constructed_macro_nats_full_precision_v3,0552c7f4701ada91e31e916f992171b9418cb47d283a56e61f311581d66266cb
2000-06-26,0.014025407544966954,3,isotropic_constructed_macro_nats_full_precision_v3,0552c7f4701ada91e31e916f992171b9418cb47d283a56e61f311581d66266cb
2000-06-28,0.013382724559034165,3,isotropic_constructed_macro_nats_full_precision_v3,0552c7f4701ada91e31e916f992171b9418cb47d283a56e61f311581d66266cb
2000-06-30,0.013110034637929383,3,isotropic_constructed_macro_nats_full_precision_v3,0552c7f4701ada91e31e916f992171b9418cb47d283a56e61f311581d66266cb
2000-07-05,0.01336547569494944,3,isotropic_constructed_macro_nats_full_precision_v3,0552c7f4701ada91e31e916f992171b9418cb47d283a56e61f311581d66266cb
2000-07-07,0.012623373688346241,3,isotropic_constructed_macro_nats_full_precision_v3,0552c7f4701ada91e31e916f992171b9418cb47d283a56e61f311581d66266cb
2000-07-11,0.012504683954616996,3,isotropic_constructed_macro_nats_full_precision_v3,0552c7f4701ada91e31e916f992171b9418cb47d283a56e61f311581d66266cb
2000-07-13,0.011464573284900578,3,isotropic_constructed_macro_nats_full_precision_v3,0552c7f4701ada91e31e916f992171b9418cb47d283a56e61f311581d66266cb
2000-07-17,0.00836658785983815,3,isotropic_constructed_macro_nats_full_precision_v3,0552c7f4701ada91e31e916f992171b9418cb47d283a56e61f311581d66266cb
2000-07-19,0.009402123945609728,3,isotropic_constructed_macro_nats_full_precision_v3,0552c7f4701ada91e31e916f992171b9418cb47d283a56e61f311581d66266cb
2000-07-21,0.008357698192638804,3,isotropic_constructed_macro_nats_full_precision_v3,0552c7f4701ada91e31e916f992171b9418cb47d283a56e61f311581d66266cb
2000-07-25,0.008034888149564049,3,isotropic_constructed_macro_nats_full_precision_v3,0552c7f4701ada91e31e916f992171b9418cb47d283a56e61f311581d66266cb
2000-07-27,0.007882089943317534,3,isotropic_constructed_macro_nats_full_precision_v3,0552c7f4701ada91e31e916f992171b9418cb47d283a56e61f311581d66266cb
2000-07-31,0.006863997794201517,3,isotropic_constructed_macro_nats_full_precision_v3,0552c7f4701ada91e31e916f992171b9418cb47d283a56e61f311581d66266cb
2000-08-02,0.006492157719331593,3,isotropic_constructed_macro_nats_full_precision_v3,0552c7f4701ada91e31e916f992171b9418cb47d283a56e61f311581d66266cb
2000-08-04,0.005117688884479079,3,isotropic_constructed_macro_nats_full_precision_v3,0552c7f4701ada91e31e916f992171b9418cb47d283a56e61f311581d66266cb
2000-08-08,0.0051360934927075115,3,isotropic_constructed_macro_nats_full_precision_v3,0552c7f4701ada91e31e916f992171b9418cb47d283a56e61f311581d66266cb
2000-08-10,0.006654391237792837,3,isotropic_constructed_macro_nats_full_precision_v3,0552c7f4701ada91e31e916f992171b9418cb47d283a56e61f311581d66266cb
2000-08-14,0.00700733461822646,3,isotropic_constructed_macro_nats_full_precision_v3,0552c7f4701ada91e31e916f992171b9418cb47d283a56e61f311581d66266cb
2000-08-16,0.006880356003634347,3,isotropic_constructed_macro_nats_full_precision_v3,0552c7f4701ada91e31e916f992171b9418cb47d283a56e61f311581d66266cb
2000-08-18,0.00592146846329555,3,isotropic_constructed_macro_nats_full_precision_v3,0552c7f4701ada91e31e916f992171b9418cb47d283a56e61f311581d66266cb
2000-08-22,0.005787518757382534,3,isotropic_constructed_macro_nats_full_precision_v3,0552c7f4701ada91e31e916f992171b9418cb47d283a56e61f311581d66266cb
2000-08-24,0.005230017438893592,3,isotropic_constructed_macro_nats_full_precision_v3,0552c7f4701ada91e31e916f992171b9418cb47d283a56e61f311581d66266cb
2000-08-28,0.008002173716547267,3,isotropic_constructed_macro_nats_full_precision_v3,0552c7f4701ada91e31e916f992171b9418cb47d283a56e61f311581d66266cb
2000-08-30,0.007002278649882024,3,isotropic_constructed_macro_nats_full_precision_v3,0552c7f4701ada91e31e916f992171b9418cb47d283a56e61f311581d66266cb
2000-09-01,0.006336451574052285,3,isotropic_constructed_macro_nats_full_precision_v3,0552c7f4701ada91e31e916f992171b9418cb47d283a56e61f311581d66266cb
2000-09-06,0.005985112075464132,3,isotropic_constructed_macro_nats_full_precision_v3,0552c7f4701ada91e31e916f992171b9418cb47d283a56e61f311581d66266cb
2000-09-08,0.005979336621833885,3,isotropic_constructed_macro_nats_full_precision_v3,0552c7f4701ada91e31e916f992171b9418cb47d283a56e61f311581d66266cb
2000-09-12,0.005913435629430214,3,isotropic_constructed_macro_nats_full_precision_v3,0552c7f4701ada91e31e916f992171b9418cb47d283a56e61f311581d66266cb
2000-09-14,0.005253729505343328,3,isotropic_constructed_macro_nats_full_precision_v3,0552c7f4701ada91e31e916f992171b9418cb47d283a56e61f311581d66266cb
2000-09-18,0.00456175716094703,3,isotropic_constructed_macro_nats_full_precision_v3,0552c7f4701ada91e31e916f992171b9418cb47d283a56e61f311581d66266cb
2000-09-20,0.004550129842518895,3,isotropic_constructed_macro_nats_full_precision_v3,0552c7f4701ada91e31e916f992171b9418cb47d283a56e61f311581d66266cb
2000-09-22,0.0031263452772474637,3,isotropic_constructed_macro_nats_full_precision_v3,0552c7f4701ada91e31e916f992171b9418cb47d283a56e61f311581d66266cb
2000-09-26,0.0034132252792889034,3,isotropic_constructed_macro_nats_full_precision_v3,0552c7f4701ada91e31e916f992171b9418cb47d283a56e61f311581d66266cb
2000-09-28,0.003943724599923114,3,isotropic_constructed_macro_nats_full_precision_v3,0552c7f4701ada91e31e916f992171b9418cb47d283a56e61f311581d66266cb
2000-10-02,0.0030524471971633688,3,isotropic_constructed_macro_nats_full_precision_v3,0552c7f4701ada91e31e916f992171b9418cb47d283a56e61f311581d66266cb
2000-10-04,0.0009254556789542769,3,isotropic_constructed_macro_nats_full_precision_v3,0552c7f4701ada91e31e916f992171b9418cb47d283a56e61f311581d66266cb
2000-10-06,0.0007843563785380585,23,isotropic_constructed_macro_nats_full_precision_v3,0552c7f4701ada91e31e916f992171b9418cb47d283a56e61f311581d66266cb
2000-10-10,0.000748440684215701,23,isotropic_constructed_macro_nats_full_precision_v3,0552c7f4701ada91e31e916f992171b9418cb47d283a56e61f311581d66266cb
2000-10-12,0.0007770642152701047,23,isotropic_constructed_macro_nats_full_precision_v3,0552c7f4701ada91e31e916f992171b9418cb47d283a56e61f311581d66266cb
2000-10-16,0.0007545313152946959,23,isotropic_constructed_macro_nats_full_precision_v3,0552c7f4701ada91e31e916f992171b9418cb47d283a56e61f311581d66266cb
2000-10-18,0.0010024094320540654,23,isotropic_constructed_macro_nats_full_precision_v3,0552c7f4701ada91e31e916f992171b9418cb47d283a56e61f311581d66266cb
2000-10-20,0.0009576613583451785,23,isotropic_constructed_macro_nats_full_precision_v3,0552c7f4701ada91e31e916f992171b9418cb47d283a56e61f311581d66266cb
2000-10-24,0.000826867879648148,14,isotropic_constructed_macro_nats_full_precision_v3,0552c7f4701ada91e31e916f992171b9418cb47d283a56e61f311581d66266cb
2000-10-26,0.0006700193854146455,23,isotropic_constructed_macro_nats_full_precision_v3,0552c7f4701ada91e31e916f992171b9418cb47d283a56e61f311581d66266cb
2000-10-30,0.0006562949171928303,23,isotropic_constructed_macro_nats_full_precision_v3,0552c7f4701ada91e31e916f992171b9418cb47d283a56e61f311581d66266cb
2000-11-01,0.0006499108873072972,23,isotropic_constructed_macro_nats_full_precision_v3,0552c7f4701ada91e31e916f992171b9418cb47d283a56e61f311581d66266cb
2000-11-03,0.0007094383708450974,23,isotropic_constructed_macro_nats_full_precision_v3,0552c7f4701ada91e31e916f992171b9418cb47d283a56e61f311581d66266cb
2000-11-07,0.0006244406541143672,23,isotropic_constructed_macro_nats_full_precision_v3,0552c7f4701ada91e31e916f992171b9418cb47d283a56e61f311581d66266cb
2000-11-09,0.0004898035096822274,23,isotropic_constructed_macro_nats_full_precision_v3,0552c7f4701ada91e31e916f992171b9418cb47d283a56e61f311581d66266cb
2000-11-13,0.0004755057631896237,23,isotropic_constructed_macro_nats_full_precision_v3,0552c7f4701ada91e31e916f992171b9418cb47d283a56e61f311581d66266cb
2000-11-15,0.0003934683786309054,23,isotropic_constructed_macro_nats_full_precision_v3,0552c7f4701ada91e31e916f992171b9418cb47d283a56e61f311581d66266cb
2000-11-17,0.0005018423833814505,14,isotropic_constructed_macro_nats_full_precision_v3,0552c7f4701ada91e31e916f992171b9418cb47d283a56e61f311581d66266cb
2000-11-21,0.0004905188620105486,23,isotropic_constructed_macro_nats_full_precision_v3,0552c7f4701ada91e31e916f992171b9418cb47d283a56e61f311581d66266cb
2000-11-24,0.0005695906153609584,25,isotropic_constructed_macro_nats_full_precision_v3,0552c7f4701ada91e31e916f992171b9418cb47d283a56e61f311581d66266cb
2000-11-28,0.0004761431920474041,25,isotropic_constructed_macro_nats_full_precision_v3,0552c7f4701ada91e31e916f992171b9418cb47d283a56e61f311581d66266cb
2000-11-30,0.0005074149243341729,25,isotropic_constructed_macro_nats_full_precision_v3,0552c7f4701ada91e31e916f992171b9418cb47d283a56e61f311581d66266cb
2000-12-04,0.0005308056042184726,25,isotropic_constructed_macro_nats_full_precision_v3,0552c7f4701ada91e31e916f992171b9418cb47d283a56e61f311581d66266cb
2000-12-06,0.0005119370320636578,25,isotropic_constructed_macro_nats_full_precision_v3,0552c7f4701ada91e31e916f992171b9418cb47d283a56e61f311581d66266cb
2000-12-08,0.0005470417225800876,25,isotropic_constructed_macro_nats_full_precision_v3,0552c7f4701ada91e31e916f992171b9418cb47d283a56e61f311581d66266cb
2000-12-12,0.0005491084470503442,25,isotropic_constructed_macro_nats_full_precision_v3,0552c7f4701ada91e31e916f992171b9418cb47d283a56e61f311581d66266cb
2000-12-14,0.0005623820889911722,25,isotropic_constructed_macro_nats_full_precision_v3,0552c7f4701ada91e31e916f992171b9418cb47d283a56e61f311581d66266cb
2000-12-18,0.0004816294918193395,25,isotropic_constructed_macro_nats_full_precision_v3,0552c7f4701ada91e31e916f992171b9418cb47d283a56e61f311581d66266cb
2000-12-20,0.0004470030688044843,25,isotropic_constructed_macro_nats_full_precision_v3,0552c7f4701ada91e31e916f992171b9418cb47d283a56e61f311581d66266cb
2000-12-22,0.0004630289870512644,25,isotropic_constructed_macro_nats_full_precision_v3,0552c7f4701ada91e31e916f992171b9418cb47d283a56e61f311581d66266cb
2000-12-27,0.0005107838749813728,25,isotropic_constructed_macro_nats_full_precision_v3,0552c7f4701ada91e31e916f992171b9418cb47d283a56e61f311581d66266cb
2000-12-29,0.0004708927428061019,26,isotropic_constructed_macro_nats_full_precision_v3,0552c7f4701ada91e31e916f992171b9418cb47d283a56e61f311581d66266cb
2001-01-03,0.0006830041553555835,23,isotropic_constructed_macro_nats_full_precision_v3,0552c7f4701ada91e31e916f992171b9418cb47d283a56e61f311581d66266cb
2001-01-05,0.0007431330524529829,22,isotropic_constructed_macro_nats_full_precision_v3,0552c7f4701ada91e31e916f992171b9418cb47d283a56e61f311581d66266cb
2001-01-09,0.0006953334761040722,23,isotropic_constructed_macro_nats_full_precision_v3,0552c7f4701ada91e31e916f992171b9418cb47d283a56e61f311581d66266cb
2001-01-11,0.0008394719633541339,23,isotropic_constructed_macro_nats_full_precision_v3,0552c7f4701ada91e31e916f992171b9418cb47d283a56e61f311581d66266cb
2001-01-16,0.000775241821242105,22,isotropic_constructed_macro_nats_full_precision_v3,0552c7f4701ada91e31e916f992171b9418cb47d283a56e61f311581d66266cb
2001-01-18,0.0008470904402432672,23,isotropic_constructed_macro_nats_full_precision_v3,0552c7f4701ada91e31e916f992171b9418cb47d283a56e61f311581d66266cb
2001-01-22,0.0007113503742434135,23,isotropic_constructed_macro_nats_full_precision_v3,0552c7f4701ada91e31e916f992171b9418cb47d283a56e61f311581d66266cb
2001-01-24,0.0006436231546938093,22,isotropic_constructed_macro_nats_full_precision_v3,0552c7f4701ada91e31e916f992171b9418cb47d283a56e61f311581d66266cb
2001-01-26,0.0005655983436725319,23,isotropic_constructed_macro_nats_full_precision_v3,0552c7f4701ada91e31e916f992171b9418cb47d283a56e61f311581d66266cb
2001-01-30,0.0005831723569666228,23,isotropic_constructed_macro_nats_full_precision_v3,0552c7f4701ada91e31e916f992171b9418cb47d283a56e61f311581d66266cb
2001-02-01,0.0005996417180895094,23,isotropic_constructed_macro_nats_full_precision_v3,0552c7f4701ada91e31e916f992171b9418cb47d283a56e61f311581d66266cb
2001-02-05,0.0005165814128679017,23,isotropic_constructed_macro_nats_full_precision_v3,0552c7f4701ada91e31e916f992171b9418cb47d283a56e61f311581d66266cb
2001-02-07,0.0005106726522827974,23,isotropic_constructed_macro_nats_full_precision_v3,0552c7f4701ada91e31e916f992171b9418cb47d283a56e61f311581d66266cb
2001-02-09,0.0005922206243770024,23,isotropic_constructed_macro_nats_full_precision_v3,0552c7f4701ada91e31e916f992171b9418cb47d283a56e61f311581d66266cb
2001-02-13,0.0005815472659816273,23,isotropic_constructed_macro_nats_full_precision_v3,0552c7f4701ada91e31e916f992171b9418cb47d283a56e61f311581d66266cb
2001-02-15,0.000630053850786013,23,isotropic_constructed_macro_nats_full_precision_v3,0552c7f4701ada91e31e916f992171b9418cb47d283a56e61f311581d66266cb
2001-02-20,0.0006268022118819244,23,isotropic_constructed_macro_nats_full_precision_v3,0552c7f4701ada91e31e916f992171b9418cb47d283a56e61f311581d66266cb
2001-02-22,0.0006954198614952528,23,isotropic_constructed_macro_nats_full_precision_v3,0552c7f4701ada91e31e916f992171b9418cb47d283a56e61f311581d66266cb
2001-02-26,0.0007879097535763227,23,isotropic_constructed_macro_nats_full_precision_v3,0552c7f4701ada91e31e916f992171b9418cb47d283a56e61f311581d66266cb
2001-02-28,0.0006777710031242203,23,isotropic_constructed_macro_nats_full_precision_v3,0552c7f4701ada91e31e916f992171b9418cb47d283a56e61f311581d66266cb
2001-03-02,0.0006947528193891259,23,isotropic_constructed_macro_nats_full_precision_v3,0552c7f4701ada91e31e916f992171b9418cb47d283a56e61f311581d66266cb
2001-03-06,0.0006805416397870565,23,isotropic_constructed_macro_nats_full_precision_v3,0552c7f4701ada91e31e916f992171b9418cb47d283a56e61f311581d66266cb
2001-03-08,0.0007478062479270957,23,isotropic_constructed_macro_nats_full_precision_v3,0552c7f4701ada91e31e916f992171b9418cb47d283a56e61f311581d66266cb
2001-03-12,0.000731768477128282,23,isotropic_constructed_macro_nats_full_precision_v3,0552c7f4701ada91e31e916f992171b9418cb47d283a56e61f311581d66266cb
2001-03-14,0.0008208335917062708,23,isotropic_constructed_macro_nats_full_precision_v3,0552c7f4701ada91e31e916f992171b9418cb47d283a56e61f311581d66266cb
2001-03-16,0.0008642855415770985,23,isotropic_constructed_macro_nats_full_precision_v3,0552c7f4701ada91e31e916f992171b9418cb47d283a56e61f311581d66266cb
2001-03-20,0.0008135843582169275,23,isotropic_constructed_macro_nats_full_precision_v3,0552c7f4701ada91e31e916f992171b9418cb47d283a56e61f311581d66266cb
2001-03-22,0.0007537947966154077,23,isotropic_constructed_macro_nats_full_precision_v3,0552c7f4701ada91e31e916f992171b9418cb47d283a56e61f311581d66266cb
2001-03-26,0.000820835339055994,23,isotropic_constructed_macro_nats_full_precision_v3,0552c7f4701ada91e31e916f992171b9418cb47d283a56e61f311581d66266cb
2001-03-28,0.0007680418821531323,23,isotropic_constructed_macro_nats_full_precision_v3,0552c7f4701ada91e31e916f992171b9418cb47d283a56e61f311581d66266cb
2001-03-30,0.0007918377949211464,23,isotropic_constructed_macro_nats_full_precision_v3,0552c7f4701ada91e31e916f992171b9418cb47d283a56e61f311581d66266cb
2001-04-03,0.0006791029448927344,23,isotropic_constructed_macro_nats_full_precision_v3,0552c7f4701ada91e31e916f992171b9418cb47d283a56e61f311581d66266cb
2001-04-05,0.000963303738684522,23,isotropic_constructed_macro_nats_full_precision_v3,0552c7f4701ada91e31e916f992171b9418cb47d283a56e61f311581d66266cb
2001-04-09,0.0010553635583471048,23,isotropic_constructed_macro_nats_full_precision_v3,0552c7f4701ada91e31e916f992171b9418cb47d283a56e61f311581d66266cb
2001-04-11,0.0011280224831227183,23,isotropic_constructed_macro_nats_full_precision_v3,0552c7f4701ada91e31e916f992171b9418cb47d283a56e61f311581d66266cb
2001-04-16,0.0012340777344007417,23,isotropic_constructed_macro_nats_full_precision_v3,0552c7f4701ada91e31e916f992171b9418cb47d283a56e61f311581d66266cb
2001-04-18,0.0013389256593993454,23,isotropic_constructed_macro_nats_full_precision_v3,0552c7f4701ada91e31e916f992171b9418cb47d283a56e61f311581d66266cb
2001-04-20,0.0015221614365658193,23,isotropic_constructed_macro_nats_full_precision_v3,0552c7f4701ada91e31e916f992171b9418cb47d283a56e61f311581d66266cb
2001-04-24,0.0016611477548291766,23,isotropic_constructed_macro_nats_full_precision_v3,0552c7f4701ada91e31e916f992171b9418cb47d283a56e61f311581d66266cb
2001-04-26,0.0018038840991198256,23,isotropic_constructed_macro_nats_full_precision_v3,0552c7f4701ada91e31e916f992171b9418cb47d283a56e61f311581d66266cb
2001-04-30,0.0016956639015179228,23,isotropic_constructed_macro_nats_full_precision_v3,0552c7f4701ada91e31e916f992171b9418cb47d283a56e61f311581d66266cb
2001-05-02,0.0017256128531036412,23,isotropic_constructed_macro_nats_full_precision_v3,0552c7f4701ada91e31e916f992171b9418cb47d283a56e61f311581d66266cb
2001-05-04,0.0018372173628895747,23,isotropic_constructed_macro_nats_full_precision_v3,0552c7f4701ada91e31e916f992171b9418cb47d283a56e61f311581d66266cb
2001-05-08,0.0018647966878225335,23,isotropic_constructed_macro_nats_full_precision_v3,0552c7f4701ada91e31e916f992171b9418cb47d283a56e61f311581d66266cb
2001-05-10,0.001775285452120804,23,isotropic_constructed_macro_nats_full_precision_v3,0552c7f4701ada91e31e916f992171b9418cb47d283a56e61f311581d66266cb
2001-05-14,0.0018020233600240555,23,isotropic_constructed_macro_nats_full_precision_v3,0552c7f4701ada91e31e916f992171b9418cb47d283a56e61f311581d66266cb
2001-05-16,0.0017993517726951139,23,isotropic_constructed_macro_nats_full_precision_v3,0552c7f4701ada91e31e916f992171b9418cb47d283a56e61f311581d66266cb
2001-05-18,0.0018473622662466029,23,isotropic_constructed_macro_nats_full_precision_v3,0552c7f4701ada91e31e916f992171b9418cb47d283a56e61f311581d66266cb
2001-05-22,0.001817586597362187,23,isotropic_constructed_macro_nats_full_precision_v3,0552c7f4701ada91e31e916f992171b9418cb47d283a56e61f311581d66266cb
2001-05-24,0.0018685628169160112,23,isotropic_constructed_macro_nats_full_precision_v3,0552c7f4701ada91e31e916f992171b9418cb47d283a56e61f311581d66266cb
2001-05-29,0.0019022881339056386,23,isotropic_constructed_macro_nats_full_precision_v3,0552c7f4701ada91e31e916f992171b9418cb47d283a56e61f311581d66266cb
2001-05-31,0.0019479085086638419,23,isotropic_constructed_macro_nats_full_precision_v3,0552c7f4701ada91e31e916f992171b9418cb47d283a56e61f311581d66266cb
2001-06-04,0.0020154062893906893,23,isotropic_constructed_macro_nats_full_precision_v3,0552c7f4701ada91e31e916f992171b9418cb47d283a56e61f311581d66266cb
2001-06-06,0.0019006064608187642,23,isotropic_constructed_macro_nats_full_precision_v3,0552c7f4701ada91e31e916f992171b9418cb47d283a56e61f311581d66266cb
2001-06-08,0.0018228106980108516,23,isotropic_constructed_macro_nats_full_precision_v3,0552c7f4701ada91e31e916f992171b9418cb47d283a56e61f311581d66266cb
2001-06-12,0.0018148972172726263,23,isotropic_constructed_macro_nats_full_precision_v3,0552c7f4701ada91e31e916f992171b9418cb47d283a56e61f311581d66266cb
2001-06-14,0.0018891683951092128,23,isotropic_constructed_macro_nats_full_precision_v3,0552c7f4701ada91e31e916f992171b9418cb47d283a56e61f311581d66266cb
2001-06-18,0.0019417869817623563,23,isotropic_constructed_macro_nats_full_precision_v3,0552c7f4701ada91e31e916f992171b9418cb47d283a56e61f311581d66266cb
2001-06-20,0.0019955177389645723,23,isotropic_constructed_macro_nats_full_precision_v3,0552c7f4701ada91e31e916f992171b9418cb47d283a56e61f311581d66266cb
2001-06-22,0.0018724870219915014,23,isotropic_constructed_macro_nats_full_precision_v3,0552c7f4701ada91e31e916f992171b9418cb47d283a56e61f311581d66266cb
2001-06-26,0.0019640201821652242,23,isotropic_constructed_macro_nats_full_precision_v3,0552c7f4701ada91e31e916f992171b9418cb47d283a56e61f311581d66266cb
2001-06-28,0.0018842531131194468,23,isotropic_constructed_macro_nats_full_precision_v3,0552c7f4701ada91e31e916f992171b9418cb47d283a56e61f311581d66266cb
2001-07-02,0.0018169532180754705,23,isotropic_constructed_macro_nats_full_precision_v3,0552c7f4701ada91e31e916f992171b9418cb47d283a56e61f311581d66266cb
2001-07-05,0.0017995456068106604,23,isotropic_constructed_macro_nats_full_precision_v3,0552c7f4701ada91e31e916f992171b9418cb47d283a56e61f311581d66266cb
2001-07-09,0.0018286810718187996,23,isotropic_constructed_macro_nats_full_precision_v3,0552c7f4701ada91e31e916f992171b9418cb47d283a56e61f311581d66266cb
2001-07-11,0.0018608657017770182,23,isotropic_constructed_macro_nats_full_precision_v3,0552c7f4701ada91e31e916f992171b9418cb47d283a56e61f311581d66266cb
2001-07-13,0.00190504565976881,23,isotropic_constructed_macro_nats_full_precision_v3,0552c7f4701ada91e31e916f992171b9418cb47d283a56e61f311581d66266cb
2001-07-17,0.0029090785222804193,2,isotropic_constructed_macro_nats_full_precision_v3,0552c7f4701ada91e31e916f992171b9418cb47d283a56e61f311581d66266cb
2001-07-19,0.0039601788627231585,2,isotropic_constructed_macro_nats_full_precision_v3,0552c7f4701ada91e31e916f992171b9418cb47d283a56e61f311581d66266cb
2001-07-23,0.0038678572448067917,2,isotropic_constructed_macro_nats_full_precision_v3,0552c7f4701ada91e31e916f992171b9418cb47d283a56e61f311581d66266cb
2001-07-25,0.0029784211298551355,2,isotropic_constructed_macro_nats_full_precision_v3,0552c7f4701ada91e31e916f992171b9418cb47d283a56e61f311581d66266cb
2001-07-27,0.0018678783375695694,15,isotropic_constructed_macro_nats_full_precision_v3,0552c7f4701ada91e31e916f992171b9418cb47d283a56e61f311581d66266cb
2001-07-31,0.0025570553805562106,2,isotropic_constructed_macro_nats_full_precision_v3,0552c7f4701ada91e31e916f992171b9418cb47d283a56e61f311581d66266cb
2001-08-02,0.002715467453963071,2,isotropic_constructed_macro_nats_full_precision_v3,0552c7f4701ada91e31e916f992171b9418cb47d283a56e61f311581d66266cb
2001-08-06,0.003596378194434518,2,isotropic_constructed_macro_nats_full_precision_v3,0552c7f4701ada91e31e916f992171b9418cb47d283a56e61f311581d66266cb
2001-08-08,0.003910861048385783,2,isotropic_constructed_macro_nats_full_precision_v3,0552c7f4701ada91e31e916f992171b9418cb47d283a56e61f311581d66266cb
2001-08-10,0.0034350754302235956,2,isotropic_constructed_macro_nats_full_precision_v3,0552c7f4701ada91e31e916f992171b9418cb47d283a56e61f311581d66266cb
2001-08-14,0.0031759267354355344,2,isotropic_constructed_macro_nats_full_precision_v3,0552c7f4701ada91e31e916f992171b9418cb47d283a56e61f311581d66266cb
2001-08-16,0.0026074864061752002,2,isotropic_constructed_macro_nats_full_precision_v3,0552c7f4701ada91e31e916f992171b9418cb47d283a56e61f311581d66266cb
2001-08-20,0.0026722540951658047,2,isotropic_constructed_macro_nats_full_precision_v3,0552c7f4701ada91e31e916f992171b9418cb47d283a56e61f311581d66266cb
2001-08-22,0.002900045685871197,2,isotropic_constructed_macro_nats_full_precision_v3,0552c7f4701ada91e31e916f992171b9418cb47d283a56e61f311581d66266cb
2001-08-24,0.0016753867022667596,23,isotropic_constructed_macro_nats_full_precision_v3,0552c7f4701ada91e31e916f992171b9418cb47d283a56e61f311581d66266cb
2001-08-28,0.0016196522530525052,23,isotropic_constructed_macro_nats_full_precision_v3,0552c7f4701ada91e31e916f992171b9418cb47d283a56e61f311581d66266cb
2001-08-30,0.001603012640960532,23,isotropic_constructed_macro_nats_full_precision_v3,0552c7f4701ada91e31e916f992171b9418cb47d283a56e61f311581d66266cb
2001-09-04,0.0015987983847789815,13,isotropic_constructed_macro_nats_full_precision_v3,0552c7f4701ada91e31e916f992171b9418cb47d283a56e61f311581d66266cb
2001-09-06,0.0016149099344856012,23,isotropic_constructed_macro_nats_full_precision_v3,0552c7f4701ada91e31e916f992171b9418cb47d283a56e61f311581d66266cb
2001-09-10,0.001525552339640017,23,isotropic_constructed_macro_nats_full_precision_v3,0552c7f4701ada91e31e916f992171b9418cb47d283a56e61f311581d66266cb
2001-09-18,0.0017148985802815549,13,isotropic_constructed_macro_nats_full_precision_v3,0552c7f4701ada91e31e916f992171b9418cb47d283a56e61f311581d66266cb
2001-09-20,0.001916543679753021,13,isotropic_constructed_macro_nats_full_precision_v3,0552c7f4701ada91e31e916f992171b9418cb47d283a56e61f311581d66266cb
2001-09-24,0.0017592347203982221,13,isotropic_constructed_macro_nats_full_precision_v3,0552c7f4701ada91e31e916f992171b9418cb47d283a56e61f311581d66266cb
2001-09-26,0.0021687978255086546,13,isotropic_constructed_macro_nats_full_precision_v3,0552c7f4701ada91e31e916f992171b9418cb47d283a56e61f311581d66266cb
2001-09-28,0.002468767022852692,13,isotropic_constructed_macro_nats_full_precision_v3,0552c7f4701ada91e31e916f992171b9418cb47d283a56e61f311581d66266cb
2001-10-02,0.002734882410641258,13,isotropic_constructed_macro_nats_full_precision_v3,0552c7f4701ada91e31e916f992171b9418cb47d283a56e61f311581d66266cb
2001-10-04,0.0026965011730282346,13,isotropic_constructed_macro_nats_full_precision_v3,0552c7f4701ada91e31e916f992171b9418cb47d283a56e61f311581d66266cb
2001-10-08,0.0023738648997121067,13,isotropic_constructed_macro_nats_full_precision_v3,0552c7f4701ada91e31e916f992171b9418cb47d283a56e61f311581d66266cb
2001-10-10,0.002657473074191081,13,isotropic_constructed_macro_nats_full_precision_v3,0552c7f4701ada91e31e916f992171b9418cb47d283a56e61f311581d66266cb
2001-10-12,0.0023185169149846814,13,isotropic_constructed_macro_nats_full_precision_v3,0552c7f4701ada91e31e916f992171b9418cb47d283a56e61f311581d66266cb
2001-10-16,0.002788157943065056,2,isotropic_constructed_macro_nats_full_precision_v3,0552c7f4701ada91e31e916f992171b9418cb47d283a56e61f311581d66266cb
2001-10-18,0.0027386445400413365,2,isotropic_constructed_macro_nats_full_precision_v3,0552c7f4701ada91e31e916f992171b9418cb47d283a56e61f311581d66266cb
2001-10-22,0.002755537723863076,13,isotropic_constructed_macro_nats_full_precision_v3,0552c7f4701ada91e31e916f992171b9418cb47d283a56e61f311581d66266cb
2001-10-24,0.003369381226658953,2,isotropic_constructed_macro_nats_full_precision_v3,0552c7f4701ada91e31e916f992171b9418cb47d283a56e61f311581d66266cb
2001-10-26,0.004410566057190243,2,isotropic_constructed_macro_nats_full_precision_v3,0552c7f4701ada91e31e916f992171b9418cb47d283a56e61f311581d66266cb
2001-10-30,0.004397142831242699,2,isotropic_constructed_macro_nats_full_precision_v3,0552c7f4701ada91e31e916f992171b9418cb47d283a56e61f311581d66266cb
2001-11-01,0.005918393378072179,2,isotropic_constructed_macro_nats_full_precision_v3,0552c7f4701ada91e31e916f992171b9418cb47d283a56e61f311581d66266cb
2001-11-05,0.0052872825279583445,2,isotropic_constructed_macro_nats_full_precision_v3,0552c7f4701ada91e31e916f992171b9418cb47d283a56e61f311581d66266cb
2001-11-07,0.0046716768181120465,2,isotropic_constructed_macro_nats_full_precision_v3,0552c7f4701ada91e31e916f992171b9418cb47d283a56e61f311581d66266cb
2001-11-09,0.0022174748995335385,13,isotropic_constructed_macro_nats_full_precision_v3,0552c7f4701ada91e31e916f992171b9418cb47d283a56e61f311581d66266cb
2001-11-13,0.002176119409583184,2,isotropic_constructed_macro_nats_full_precision_v3,0552c7f4701ada91e31e916f992171b9418cb47d283a56e61f311581d66266cb
2001-11-15,0.002021919332225567,2,isotropic_constructed_macro_nats_full_precision_v3,0552c7f4701ada91e31e916f992171b9418cb47d283a56e61f311581d66266cb
2001-11-19,0.0016103638175168217,13,isotropic_constructed_macro_nats_full_precision_v3,0552c7f4701ada91e31e916f992171b9418cb47d283a56e61f311581d66266cb
2001-11-21,0.0017044170218778396,9,isotropic_constructed_macro_nats_full_precision_v3,0552c7f4701ada91e31e916f992171b9418cb47d283a56e61f311581d66266cb
2001-11-26,0.0017082490423705222,9,isotropic_constructed_macro_nats_full_precision_v3,0552c7f4701ada91e31e916f992171b9418cb47d283a56e61f311581d66266cb
2001-11-28,0.0018726302065652442,9,isotropic_constructed_macro_nats_full_precision_v3,0552c7f4701ada91e31e916f992171b9418cb47d283a56e61f311581d66266cb
2001-11-30,0.0018024934594355578,9,isotropic_constructed_macro_nats_full_precision_v3,0552c7f4701ada91e31e916f992171b9418cb47d283a56e61f311581d66266cb
2001-12-04,0.001918601552620837,9,isotropic_constructed_macro_nats_full_precision_v3,0552c7f4701ada91e31e916f992171b9418cb47d283a56e61f311581d66266cb
2001-12-06,0.002001561399794124,9,isotropic_constructed_macro_nats_full_precision_v3,0552c7f4701ada91e31e916f992171b9418cb47d283a56e61f311581d66266cb
2001-12-10,0.001882727537949016,9,isotropic_constructed_macro_nats_full_precision_v3,0552c7f4701ada91e31e916f992171b9418cb47d283a56e61f311581d66266cb
2001-12-12,0.0016042614257173668,9,isotropic_constructed_macro_nats_full_precision_v3,0552c7f4701ada91e31e916f992171b9418cb47d283a56e61f311581d66266cb
2001-12-14,0.0016890309740812993,9,isotropic_constructed_macro_nats_full_precision_v3,0552c7f4701ada91e31e916f992171b9418cb47d283a56e61f311581d66266cb
2001-12-18,0.0016565038412443937,9,isotropic_constructed_macro_nats_full_precision_v3,0552c7f4701ada91e31e916f992171b9418cb47d283a56e61f311581d66266cb
2001-12-20,0.0019346890967822938,9,isotropic_constructed_macro_nats_full_precision_v3,0552c7f4701ada91e31e916f992171b9418cb47d283a56e61f311581d66266cb
2001-12-24,0.0017099341563242797,9,isotropic_constructed_macro_nats_full_precision_v3,0552c7f4701ada91e31e916f992171b9418cb47d283a56e61f311581d66266cb
2001-12-27,0.002329976617256889,9,isotropic_constructed_macro_nats_full_precision_v3,0552c7f4701ada91e31e916f992171b9418cb47d283a56e61f311581d66266cb
2001-12-31,0.0021231980323708245,9,isotropic_constructed_macro_nats_full_precision_v3,0552c7f4701ada91e31e916f992171b9418cb47d283a56e61f311581d66266cb
2002-01-03,0.0018389226805737707,9,isotropic_constructed_macro_nats_full_precision_v3,0552c7f4701ada91e31e916f992171b9418cb47d283a56e61f311581d66266cb
2002-01-07,0.0020037460535206678,9,isotropic_constructed_macro_nats_full_precision_v3,0552c7f4701ada91e31e916f992171b9418cb47d283a56e61f311581d66266cb
2002-01-09,0.0017802438780484438,23,isotropic_constructed_macro_nats_full_precision_v3,0552c7f4701ada91e31e916f992171b9418cb47d283a56e61f311581d66266cb
2002-01-11,0.0018821031329176313,23,isotropic_constructed_macro_nats_full_precision_v3,0552c7f4701ada91e31e916f992171b9418cb47d283a56e61f311581d66266cb
2002-01-15,0.0018170525090407293,23,isotropic_constructed_macro_nats_full_precision_v3,0552c7f4701ada91e31e916f992171b9418cb47d283a56e61f311581d66266cb
2002-01-17,0.0020151338416889777,23,isotropic_constructed_macro_nats_full_precision_v3,0552c7f4701ada91e31e916f992171b9418cb47d283a56e61f311581d66266cb
2002-01-22,0.0019202092215646616,23,isotropic_constructed_macro_nats_full_precision_v3,0552c7f4701ada91e31e916f992171b9418cb47d283a56e61f311581d66266cb
2002-01-24,0.0020704325295650625,9,isotropic_constructed_macro_nats_full_precision_v3,0552c7f4701ada91e31e916f992171b9418cb47d283a56e61f311581d66266cb
2002-01-28,0.0017236591417300676,21,isotropic_constructed_macro_nats_full_precision_v3,0552c7f4701ada91e31e916f992171b9418cb47d283a56e61f311581d66266cb
2002-01-30,0.001872070750517013,21,isotropic_constructed_macro_nats_full_precision_v3,0552c7f4701ada91e31e916f992171b9418cb47d283a56e61f311581d66266cb
2002-02-01,0.0019655829770518565,21,isotropic_constructed_macro_nats_full_precision_v3,0552c7f4701ada91e31e916f992171b9418cb47d283a56e61f311581d66266cb
2002-02-05,0.0018239141095590175,21,isotropic_constructed_macro_nats_full_precision_v3,0552c7f4701ada91e31e916f992171b9418cb47d283a56e61f311581d66266cb
2002-02-07,0.001842872958893807,21,isotropic_constructed_macro_nats_full_precision_v3,0552c7f4701ada91e31e916f992171b9418cb47d283a56e61f311581d66266cb
2002-02-11,0.0017402884751858486,23,isotropic_constructed_macro_nats_full_precision_v3,0552c7f4701ada91e31e916f992171b9418cb47d283a56e61f311581d66266cb
2002-02-13,0.0018357950290416036,18,isotropic_constructed_macro_nats_full_precision_v3,0552c7f4701ada91e31e916f992171b9418cb47d283a56e61f311581d66266cb
2002-02-15,0.0019240633243867503,23,isotropic_constructed_macro_nats_full_precision_v3,0552c7f4701ada91e31e916f992171b9418cb47d283a56e61f311581d66266cb
2002-02-20,0.0019582695537179937,23,isotropic_constructed_macro_nats_full_precision_v3,0552c7f4701ada91e31e916f992171b9418cb47d283a56e61f311581d66266cb
2002-02-22,0.0016914928746260827,23,isotropic_constructed_macro_nats_full_precision_v3,0552c7f4701ada91e31e916f992171b9418cb47d283a56e61f311581d66266cb
2002-02-26,0.00180870787707188,23,isotropic_constructed_macro_nats_full_precision_v3,0552c7f4701ada91e31e916f992171b9418cb47d283a56e61f311581d66266cb
2002-02-28,0.001907212010943432,23,isotropic_constructed_macro_nats_full_precision_v3,0552c7f4701ada91e31e916f992171b9418cb47d283a56e61f311581d66266cb
2002-03-04,0.0019653767383709456,23,isotropic_constructed_macro_nats_full_precision_v3,0552c7f4701ada91e31e916f992171b9418cb47d283a56e61f311581d66266cb
2002-03-06,0.0020150051617082304,23,isotropic_constructed_macro_nats_full_precision_v3,0552c7f4701ada91e31e916f992171b9418cb47d283a56e61f311581d66266cb
2002-03-08,0.001762720334029938,23,isotropic_constructed_macro_nats_full_precision_v3,0552c7f4701ada91e31e916f992171b9418cb47d283a56e61f311581d66266cb
2002-03-12,0.0017301536000977752,23,isotropic_constructed_macro_nats_full_precision_v3,0552c7f4701ada91e31e916f992171b9418cb47d283a56e61f311581d66266cb
2002-03-14,0.0018801009538344932,21,isotropic_constructed_macro_nats_full_precision_v3,0552c7f4701ada91e31e916f992171b9418cb47d283a56e61f311581d66266cb
2002-03-18,0.0017191631746398886,21,isotropic_constructed_macro_nats_full_precision_v3,0552c7f4701ada91e31e916f992171b9418cb47d283a56e61f311581d66266cb
2002-03-20,0.001970455639036889,18,isotropic_constructed_macro_nats_full_precision_v3,0552c7f4701ada91e31e916f992171b9418cb47d283a56e61f311581d66266cb
2002-03-22,0.0019102820906315154,18,isotropic_constructed_macro_nats_full_precision_v3,0552c7f4701ada91e31e916f992171b9418cb47d283a56e61f311581d66266cb
2002-03-26,0.0020916495506971416,18,isotropic_constructed_macro_nats_full_precision_v3,0552c7f4701ada91e31e916f992171b9418cb47d283a56e61f311581d66266cb
2002-03-28,0.0021938653568683714,23,isotropic_constructed_macro_nats_full_precision_v3,0552c7f4701ada91e31e916f992171b9418cb47d283a56e61f311581d66266cb
2002-04-02,0.0024232254977439027,15,isotropic_constructed_macro_nats_full_precision_v3,0552c7f4701ada91e31e916f992171b9418cb47d283a56e61f311581d66266cb
2002-04-04,0.003875739620041535,11,isotropic_constructed_macro_nats_full_precision_v3,0552c7f4701ada91e31e916f992171b9418cb47d283a56e61f311581d66266cb
2002-04-08,0.002652926446023475,11,isotropic_constructed_macro_nats_full_precision_v3,0552c7f4701ada91e31e916f992171b9418cb47d283a56e61f311581d66266cb
2002-04-10,0.0017664013250738991,11,isotropic_constructed_macro_nats_full_precision_v3,0552c7f4701ada91e31e916f992171b9418cb47d283a56e61f311581d66266cb
2002-04-12,0.0024570341202725665,11,isotropic_constructed_macro_nats_full_precision_v3,0552c7f4701ada91e31e916f992171b9418cb47d283a56e61f311581d66266cb
2002-04-16,0.0033107653412059387,11,isotropic_constructed_macro_nats_full_precision_v3,0552c7f4701ada91e31e916f992171b9418cb47d283a56e61f311581d66266cb
2002-04-18,0.00270772099394561,11,isotropic_constructed_macro_nats_full_precision_v3,0552c7f4701ada91e31e916f992171b9418cb47d283a56e61f311581d66266cb
2002-04-22,0.003001813902559318,11,isotropic_constructed_macro_nats_full_precision_v3,0552c7f4701ada91e31e916f992171b9418cb47d283a56e61f311581d66266cb
2002-04-24,0.002498204614099331,11,isotropic_constructed_macro_nats_full_precision_v3,0552c7f4701ada91e31e916f992171b9418cb47d283a56e61f311581d66266cb
2002-04-26,0.0026961462134934347,11,isotropic_constructed_macro_nats_full_precision_v3,0552c7f4701ada91e31e916f992171b9418cb47d283a56e61f311581d66266cb
2002-04-30,0.002599880454036675,11,isotropic_constructed_macro_nats_full_precision_v3,0552c7f4701ada91e31e916f992171b9418cb47d283a56e61f311581d66266cb
2002-05-02,0.0031851587994466968,11,isotropic_constructed_macro_nats_full_precision_v3,0552c7f4701ada91e31e916f992171b9418cb47d283a56e61f311581d66266cb
2002-05-06,0.0045173931718409666,11,isotropic_constructed_macro_nats_full_precision_v3,0552c7f4701ada91e31e916f992171b9418cb47d283a56e61f311581d66266cb
2002-05-08,0.004502356707059993,11,isotropic_constructed_macro_nats_full_precision_v3,0552c7f4701ada91e31e916f992171b9418cb47d283a56e61f311581d66266cb
2002-05-10,0.004262601608676572,11,isotropic_constructed_macro_nats_full_precision_v3,0552c7f4701ada91e31e916f992171b9418cb47d283a56e61f311581d66266cb
2002-05-14,0.004594390030679865,11,isotropic_constructed_macro_nats_full_precision_v3,0552c7f4701ada91e31e916f992171b9418cb47d283a56e61f311581d66266cb
2002-05-16,0.005234932888032215,11,isotropic_constructed_macro_nats_full_precision_v3,0552c7f4701ada91e31e916f992171b9418cb47d283a56e61f311581d66266cb
2002-05-20,0.004980944495695146,11,isotropic_constructed_macro_nats_full_precision_v3,0552c7f4701ada91e31e916f992171b9418cb47d283a56e61f311581d66266cb
2002-05-22,0.005195410676889556,11,isotropic_constructed_macro_nats_full_precision_v3,0552c7f4701ada91e31e916f992171b9418cb47d283a56e61f311581d66266cb
2002-05-24,0.004746979609472672,11,isotropic_constructed_macro_nats_full_precision_v3,0552c7f4701ada91e31e916f992171b9418cb47d283a56e61f311581d66266cb
2002-05-29,0.004435503196134075,11,isotropic_constructed_macro_nats_full_precision_v3,0552c7f4701ada91e31e916f992171b9418cb47d283a56e61f311581d66266cb
2002-05-31,0.004663841939876595,11,isotropic_constructed_macro_nats_full_precision_v3,0552c7f4701ada91e31e916f992171b9418cb47d283a56e61f311581d66266cb
2002-06-04,0.0045201048593710505,11,isotropic_constructed_macro_nats_full_precision_v3,0552c7f4701ada91e31e916f992171b9418cb47d283a56e61f311581d66266cb
2002-06-06,0.004853024271726188,11,isotropic_constructed_macro_nats_full_precision_v3,0552c7f4701ada91e31e916f992171b9418cb47d283a56e61f311581d66266cb
2002-06-10,0.004675861110053234,11,isotropic_constructed_macro_nats_full_precision_v3,0552c7f4701ada91e31e916f992171b9418cb47d283a56e61f311581d66266cb
2002-06-12,0.004855659905040562,11,isotropic_constructed_macro_nats_full_precision_v3,0552c7f4701ada91e31e916f992171b9418cb47d283a56e61f311581d66266cb
2002-06-14,0.004957482205481409,11,isotropic_constructed_macro_nats_full_precision_v3,0552c7f4701ada91e31e916f992171b9418cb47d283a56e61f311581d66266cb
2002-06-18,0.004404296848306122,11,isotropic_constructed_macro_nats_full_precision_v3,0552c7f4701ada91e31e916f992171b9418cb47d283a56e61f311581d66266cb
2002-06-20,0.004104705129410809,11,isotropic_constructed_macro_nats_full_precision_v3,0552c7f4701ada91e31e916f992171b9418cb47d283a56e61f311581d66266cb
2002-06-24,0.003850031456389992,18,isotropic_constructed_macro_nats_full_precision_v3,0552c7f4701ada91e31e916f992171b9418cb47d283a56e61f311581d66266cb
2002-06-26,0.003690466130446643,15,isotropic_constructed_macro_nats_full_precision_v3,0552c7f4701ada91e31e916f992171b9418cb47d283a56e61f311581d66266cb
2002-06-28,0.0034762446018684542,15,isotropic_constructed_macro_nats_full_precision_v3,0552c7f4701ada91e31e916f992171b9418cb47d283a56e61f311581d66266cb
2002-07-02,0.0032395806971228097,15,isotropic_constructed_macro_nats_full_precision_v3,0552c7f4701ada91e31e916f992171b9418cb47d283a56e61f311581d66266cb
2002-07-05,0.003335627024945449,18,isotropic_constructed_macro_nats_full_precision_v3,0552c7f4701ada91e31e916f992171b9418cb47d283a56e61f311581d66266cb
2002-07-09,0.0033382424470030647,18,isotropic_constructed_macro_nats_full_precision_v3,0552c7f4701ada91e31e916f992171b9418cb47d283a56e61f311581d66266cb
2002-07-11,0.003950750958180531,15,isotropic_constructed_macro_nats_full_precision_v3,0552c7f4701ada91e31e916f992171b9418cb47d283a56e61f311581d66266cb
2002-07-15,0.003669879813447588,15,isotropic_constructed_macro_nats_full_precision_v3,0552c7f4701ada91e31e916f992171b9418cb47d283a56e61f311581d66266cb
2002-07-17,0.0041346237040177855,15,isotropic_constructed_macro_nats_full_precision_v3,0552c7f4701ada91e31e916f992171b9418cb47d283a56e61f311581d66266cb
2002-07-19,0.003753286198641112,15,isotropic_constructed_macro_nats_full_precision_v3,0552c7f4701ada91e31e916f992171b9418cb47d283a56e61f311581d66266cb
2002-07-23,0.004893838509634443,15,isotropic_constructed_macro_nats_full_precision_v3,0552c7f4701ada91e31e916f992171b9418cb47d283a56e61f311581d66266cb
2002-07-25,0.005771291236861008,15,isotropic_constructed_macro_nats_full_precision_v3,0552c7f4701ada91e31e916f992171b9418cb47d283a56e61f311581d66266cb
2002-07-29,0.005576469333771192,15,isotropic_constructed_macro_nats_full_precision_v3,0552c7f4701ada91e31e916f992171b9418cb47d283a56e61f311581d66266cb
2002-07-31,0.013265195879691605,2,isotropic_constructed_macro_nats_full_precision_v3,0552c7f4701ada91e31e916f992171b9418cb47d283a56e61f311581d66266cb
2002-08-02,0.013081662853699307,2,isotropic_constructed_macro_nats_full_precision_v3,0552c7f4701ada91e31e916f992171b9418cb47d283a56e61f311581d66266cb
2002-08-06,0.014095126602929692,2,isotropic_constructed_macro_nats_full_precision_v3,0552c7f4701ada91e31e916f992171b9418cb47d283a56e61f311581d66266cb
2002-08-08,0.01397003814091799,2,isotropic_constructed_macro_nats_full_precision_v3,0552c7f4701ada91e31e916f992171b9418cb47d283a56e61f311581d66266cb
2002-08-12,0.013270705408702219,2,isotropic_constructed_macro_nats_full_precision_v3,0552c7f4701ada91e31e916f992171b9418cb47d283a56e61f311581d66266cb
2002-08-14,0.011672709425458908,2,isotropic_constructed_macro_nats_full_precision_v3,0552c7f4701ada91e31e916f992171b9418cb47d283a56e61f311581d66266cb
2002-08-16,0.011446222696516982,2,isotropic_constructed_macro_nats_full_precision_v3,0552c7f4701ada91e31e916f992171b9418cb47d283a56e61f311581d66266cb
2002-08-20,0.010487998635081063,2,isotropic_constructed_macro_nats_full_precision_v3,0552c7f4701ada91e31e916f992171b9418cb47d283a56e61f311581d66266cb
2002-08-22,0.011675112734773133,2,isotropic_constructed_macro_nats_full_precision_v3,0552c7f4701ada91e31e916f992171b9418cb47d283a56e61f311581d66266cb
2002-08-26,0.008975589672115508,2,isotropic_constructed_macro_nats_full_precision_v3,0552c7f4701ada91e31e916f992171b9418cb47d283a56e61f311581d66266cb
2002-08-28,0.007854263057393202,2,isotropic_constructed_macro_nats_full_precision_v3,0552c7f4701ada91e31e916f992171b9418cb47d283a56e61f311581d66266cb
2002-08-30,0.0076034267969922326,2,isotropic_constructed_macro_nats_full_precision_v3,0552c7f4701ada91e31e916f992171b9418cb47d283a56e61f311581d66266cb
2002-09-04,0.00871078194099191,2,isotropic_constructed_macro_nats_full_precision_v3,0552c7f4701ada91e31e916f992171b9418cb47d283a56e61f311581d66266cb
2002-09-06,0.009972238856381863,2,isotropic_constructed_macro_nats_full_precision_v3,0552c7f4701ada91e31e916f992171b9418cb47d283a56e61f311581d66266cb
2002-09-10,0.010771229430305361,2,isotropic_constructed_macro_nats_full_precision_v3,0552c7f4701ada91e31e916f992171b9418cb47d283a56e61f311581d66266cb
2002-09-12,0.013310022920965753,2,isotropic_constructed_macro_nats_full_precision_v3,0552c7f4701ada91e31e916f992171b9418cb47d283a56e61f311581d66266cb
2002-09-16,0.01637526748205289,2,isotropic_constructed_macro_nats_full_precision_v3,0552c7f4701ada91e31e916f992171b9418cb47d283a56e61f311581d66266cb
2002-09-18,0.015442916020129795,2,isotropic_constructed_macro_nats_full_precision_v3,0552c7f4701ada91e31e916f992171b9418cb47d283a56e61f311581d66266cb
2002-09-20,0.014010906260904343,2,isotropic_constructed_macro_nats_full_precision_v3,0552c7f4701ada91e31e916f992171b9418cb47d283a56e61f311581d66266cb
2002-09-24,0.009918396493849298,2,isotropic_constructed_macro_nats_full_precision_v3,0552c7f4701ada91e31e916f992171b9418cb47d283a56e61f311581d66266cb
2002-09-26,0.006514061485642486,2,isotropic_constructed_macro_nats_full_precision_v3,0552c7f4701ada91e31e916f992171b9418cb47d283a56e61f311581d66266cb
2002-09-30,0.005354277236519302,2,isotropic_constructed_macro_nats_full_precision_v3,0552c7f4701ada91e31e916f992171b9418cb47d283a56e61f311581d66266cb
2002-10-02,0.005515340507793572,2,isotropic_constructed_macro_nats_full_precision_v3,0552c7f4701ada91e31e916f992171b9418cb47d283a56e61f311581d66266cb
2002-10-04,0.004519676626272923,10,isotropic_constructed_macro_nats_full_precision_v3,0552c7f4701ada91e31e916f992171b9418cb47d283a56e61f311581d66266cb
2002-10-08,0.003782609877852637,10,isotropic_constructed_macro_nats_full_precision_v3,0552c7f4701ada91e31e916f992171b9418cb47d283a56e61f311581d66266cb
2002-10-10,0.004042999172985916,17,isotropic_constructed_macro_nats_full_precision_v3,0552c7f4701ada91e31e916f992171b9418cb47d283a56e61f311581d66266cb
2002-10-14,0.0038362755365349,17,isotropic_constructed_macro_nats_full_precision_v3,0552c7f4701ada91e31e916f992171b9418cb47d283a56e61f311581d66266cb
2002-10-16,0.003535624335423357,17,isotropic_constructed_macro_nats_full_precision_v3,0552c7f4701ada91e31e916f992171b9418cb47d283a56e61f311581d66266cb
2002-10-18,0.00364761045607611,17,isotropic_constructed_macro_nats_full_precision_v3,0552c7f4701ada91e31e916f992171b9418cb47d283a56e61f311581d66266cb
2002-10-22,0.002959598767687824,16,isotropic_constructed_macro_nats_full_precision_v3,0552c7f4701ada91e31e916f992171b9418cb47d283a56e61f311581d66266cb
2002-10-24,0.002992028930464838,10,isotropic_constructed_macro_nats_full_precision_v3,0552c7f4701ada91e31e916f992171b9418cb47d283a56e61f311581d66266cb
2002-10-28,0.0026316385686024,19,isotropic_constructed_macro_nats_full_precision_v3,0552c7f4701ada91e31e916f992171b9418cb47d283a56e61f311581d66266cb
2002-10-30,0.002560770958065818,16,isotropic_constructed_macro_nats_full_precision_v3,0552c7f4701ada91e31e916f992171b9418cb47d283a56e61f311581d66266cb
2002-11-01,0.002662116822483837,19,isotropic_constructed_macro_nats_full_precision_v3,0552c7f4701ada91e31e916f992171b9418cb47d283a56e61f311581d66266cb
2002-11-05,0.005805139275541944,2,isotropic_constructed_macro_nats_full_precision_v3,0552c7f4701ada91e31e916f992171b9418cb47d283a56e61f311581d66266cb
2002-11-07,0.003042803051905317,19,isotropic_constructed_macro_nats_full_precision_v3,0552c7f4701ada91e31e916f992171b9418cb47d283a56e61f311581d66266cb
2002-11-11,0.005358856099185759,10,isotropic_constructed_macro_nats_full_precision_v3,0552c7f4701ada91e31e916f992171b9418cb47d283a56e61f311581d66266cb
2002-11-13,0.004639687855311325,10,isotropic_constructed_macro_nats_full_precision_v3,0552c7f4701ada91e31e916f992171b9418cb47d283a56e61f311581d66266cb
2002-11-15,0.006123690023376996,2,isotropic_constructed_macro_nats_full_precision_v3,0552c7f4701ada91e31e916f992171b9418cb47d283a56e61f311581d66266cb
2002-11-19,0.006717682149586263,2,isotropic_constructed_macro_nats_full_precision_v3,0552c7f4701ada91e31e916f992171b9418cb47d283a56e61f311581d66266cb
2002-11-21,0.0052595124623545444,2,isotropic_constructed_macro_nats_full_precision_v3,0552c7f4701ada91e31e916f992171b9418cb47d283a56e61f311581d66266cb
2002-11-25,0.005716595406963815,2,isotropic_constructed_macro_nats_full_precision_v3,0552c7f4701ada91e31e916f992171b9418cb47d283a56e61f311581d66266cb
2002-11-27,0.00580164744705651,10,isotropic_constructed_macro_nats_full_precision_v3,0552c7f4701ada91e31e916f992171b9418cb47d283a56e61f311581d66266cb
2002-12-02,0.006290267361751846,8,isotropic_constructed_macro_nats_full_precision_v3,0552c7f4701ada91e31e916f992171b9418cb47d283a56e61f311581d66266cb
2002-12-04,0.006794773042930656,8,isotropic_constructed_macro_nats_full_precision_v3,0552c7f4701ada91e31e916f992171b9418cb47d283a56e61f311581d66266cb
2002-12-06,0.006835190107918741,8,isotropic_constructed_macro_nats_full_precision_v3,0552c7f4701ada91e31e916f992171b9418cb47d283a56e61f311581d66266cb
2002-12-10,0.007058220853228887,8,isotropic_constructed_macro_nats_full_precision_v3,0552c7f4701ada91e31e916f992171b9418cb47d283a56e61f311581d66266cb
2002-12-12,0.0064790550653325354,8,isotropic_constructed_macro_nats_full_precision_v3,0552c7f4701ada91e31e916f992171b9418cb47d283a56e61f311581d66266cb
2002-12-16,0.0068989134389428955,8,isotropic_constructed_macro_nats_full_precision_v3,0552c7f4701ada91e31e916f992171b9418cb47d283a56e61f311581d66266cb
2002-12-18,0.008020263183223263,8,isotropic_constructed_macro_nats_full_precision_v3,0552c7f4701ada91e31e916f992171b9418cb47d283a56e61f311581d66266cb
2002-12-20,0.009042575825406726,8,isotropic_constructed_macro_nats_full_precision_v3,0552c7f4701ada91e31e916f992171b9418cb47d283a56e61f311581d66266cb
2002-12-24,0.009025251651653812,8,isotropic_constructed_macro_nats_full_precision_v3,0552c7f4701ada91e31e916f992171b9418cb47d283a56e61f311581d66266cb
2002-12-27,0.009364078082118553,8,isotropic_constructed_macro_nats_full_precision_v3,0552c7f4701ada91e31e916f992171b9418cb47d283a56e61f311581d66266cb
2002-12-31,0.009551881957414153,8,isotropic_constructed_macro_nats_full_precision_v3,0552c7f4701ada91e31e916f992171b9418cb47d283a56e61f311581d66266cb
2003-01-03,0.007539156752954197,8,isotropic_constructed_macro_nats_full_precision_v3,0552c7f4701ada91e31e916f992171b9418cb47d283a56e61f311581d66266cb
2003-01-07,0.00878284043161616,8,isotropic_constructed_macro_nats_full_precision_v3,0552c7f4701ada91e31e916f992171b9418cb47d283a56e61f311581d66266cb
2003-01-09,0.007932401665007485,8,isotropic_constructed_macro_nats_full_precision_v3,0552c7f4701ada91e31e916f992171b9418cb47d283a56e61f311581d66266cb
2003-01-13,0.0074229227505343345,2,isotropic_constructed_macro_nats_full_precision_v3,0552c7f4701ada91e31e916f992171b9418cb47d283a56e61f311581d66266cb
2003-01-15,0.007445495166805219,8,isotropic_constructed_macro_nats_full_precision_v3,0552c7f4701ada91e31e916f992171b9418cb47d283a56e61f311581d66266cb
2003-01-17,0.008196220117206346,8,isotropic_constructed_macro_nats_full_precision_v3,0552c7f4701ada91e31e916f992171b9418cb47d283a56e61f311581d66266cb
2003-01-22,0.00967490204130736,8,isotropic_constructed_macro_nats_full_precision_v3,0552c7f4701ada91e31e916f992171b9418cb47d283a56e61f311581d66266cb
2003-01-24,0.012896052803903046,2,isotropic_constructed_macro_nats_full_precision_v3,0552c7f4701ada91e31e916f992171b9418cb47d283a56e61f311581d66266cb
2003-01-28,0.0158319881930001,2,isotropic_constructed_macro_nats_full_precision_v3,0552c7f4701ada91e31e916f992171b9418cb47d283a56e61f311581d66266cb
2003-01-30,0.011839259844496887,2,isotropic_constructed_macro_nats_full_precision_v3,0552c7f4701ada91e31e916f992171b9418cb47d283a56e61f311581d66266cb
2003-02-03,0.01052024765429245,2,isotropic_constructed_macro_nats_full_precision_v3,0552c7f4701ada91e31e916f992171b9418cb47d283a56e61f311581d66266cb
2003-02-05,0.011619271122344857,2,isotropic_constructed_macro_nats_full_precision_v3,0552c7f4701ada91e31e916f992171b9418cb47d283a56e61f311581d66266cb
2003-02-07,0.011298277363398238,2,isotropic_constructed_macro_nats_full_precision_v3,0552c7f4701ada91e31e916f992171b9418cb47d283a56e61f311581d66266cb
2003-02-11,0.012521223467018318,2,isotropic_constructed_macro_nats_full_precision_v3,0552c7f4701ada91e31e916f992171b9418cb47d283a56e61f311581d66266cb
2003-02-13,0.01398463116463932,2,isotropic_constructed_macro_nats_full_precision_v3,0552c7f4701ada91e31e916f992171b9418cb47d283a56e61f311581d66266cb
2003-02-18,0.010325819853712656,2,isotropic_constructed_macro_nats_full_precision_v3,0552c7f4701ada91e31e916f992171b9418cb47d283a56e61f311581d66266cb
2003-02-20,0.011265364407575147,2,isotropic_constructed_macro_nats_full_precision_v3,0552c7f4701ada91e31e916f992171b9418cb47d283a56e61f311581d66266cb
2003-02-24,0.011377019361200759,2,isotropic_constructed_macro_nats_full_precision_v3,0552c7f4701ada91e31e916f992171b9418cb47d283a56e61f311581d66266cb
2003-02-26,0.010895098009050488,2,isotropic_constructed_macro_nats_full_precision_v3,0552c7f4701ada91e31e916f992171b9418cb47d283a56e61f311581d66266cb
2003-02-28,0.009992309531575101,2,isotropic_constructed_macro_nats_full_precision_v3,0552c7f4701ada91e31e916f992171b9418cb47d283a56e61f311581d66266cb
2003-03-04,0.006765309506570463,8,isotropic_constructed_macro_nats_full_precision_v3,0552c7f4701ada91e31e916f992171b9418cb47d283a56e61f311581d66266cb
2003-03-06,0.005802831397709818,8,isotropic_constructed_macro_nats_full_precision_v3,0552c7f4701ada91e31e916f992171b9418cb47d283a56e61f311581d66266cb
2003-03-10,0.00674226007294821,8,isotropic_constructed_macro_nats_full_precision_v3,0552c7f4701ada91e31e916f992171b9418cb47d283a56e61f311581d66266cb
2003-03-12,0.005527178739186268,18,isotropic_constructed_macro_nats_full_precision_v3,0552c7f4701ada91e31e916f992171b9418cb47d283a56e61f311581d66266cb
2003-03-14,0.00555226988047542,21,isotropic_constructed_macro_nats_full_precision_v3,0552c7f4701ada91e31e916f992171b9418cb47d283a56e61f311581d66266cb
2003-03-18,0.005244277271144224,21,isotropic_constructed_macro_nats_full_precision_v3,0552c7f4701ada91e31e916f992171b9418cb47d283a56e61f311581d66266cb
2003-03-20,0.005281194047464299,10,isotropic_constructed_macro_nats_full_precision_v3,0552c7f4701ada91e31e916f992171b9418cb47d283a56e61f311581d66266cb
2003-03-24,0.004518249852637109,18,isotropic_constructed_macro_nats_full_precision_v3,0552c7f4701ada91e31e916f992171b9418cb47d283a56e61f311581d66266cb
2003-03-26,0.004861381439148646,21,isotropic_constructed_macro_nats_full_precision_v3,0552c7f4701ada91e31e916f992171b9418cb47d283a56e61f311581d66266cb
2003-03-28,0.0046045249056034104,18,isotropic_constructed_macro_nats_full_precision_v3,0552c7f4701ada91e31e916f992171b9418cb47d283a56e61f311581d66266cb
2003-04-01,0.004837164554093769,18,isotropic_constructed_macro_nats_full_precision_v3,0552c7f4701ada91e31e916f992171b9418cb47d283a56e61f311581d66266cb
2003-04-03,0.004774226464762735,18,isotropic_constructed_macro_nats_full_precision_v3,0552c7f4701ada91e31e916f992171b9418cb47d283a56e61f311581d66266cb
2003-04-07,0.0046623527682658344,18,isotropic_constructed_macro_nats_full_precision_v3,0552c7f4701ada91e31e916f992171b9418cb47d283a56e61f311581d66266cb
2003-04-09,0.0055014398090435165,18,isotropic_constructed_macro_nats_full_precision_v3,0552c7f4701ada91e31e916f992171b9418cb47d283a56e61f311581d66266cb
2003-04-11,0.005307898853662285,18,isotropic_constructed_macro_nats_full_precision_v3,0552c7f4701ada91e31e916f992171b9418cb47d283a56e61f311581d66266cb
2003-04-15,0.0056935328989774145,18,isotropic_constructed_macro_nats_full_precision_v3,0552c7f4701ada91e31e916f992171b9418cb47d283a56e61f311581d66266cb
2003-04-17,0.006083111539437885,10,isotropic_constructed_macro_nats_full_precision_v3,0552c7f4701ada91e31e916f992171b9418cb47d283a56e61f311581d66266cb
2003-04-22,0.005645120279531089,18,isotropic_constructed_macro_nats_full_precision_v3,0552c7f4701ada91e31e916f992171b9418cb47d283a56e61f311581d66266cb
2003-04-24,0.00587474072038556,10,isotropic_constructed_macro_nats_full_precision_v3,0552c7f4701ada91e31e916f992171b9418cb47d283a56e61f311581d66266cb
2003-04-28,0.00608827642383164,14,isotropic_constructed_macro_nats_full_precision_v3,0552c7f4701ada91e31e916f992171b9418cb47d283a56e61f311581d66266cb
2003-04-30,0.0062234251734877705,14,isotropic_constructed_macro_nats_full_precision_v3,0552c7f4701ada91e31e916f992171b9418cb47d283a56e61f311581d66266cb
2003-05-02,0.006228045638675739,18,isotropic_constructed_macro_nats_full_precision_v3,0552c7f4701ada91e31e916f992171b9418cb47d283a56e61f311581d66266cb
2003-05-06,0.006340027319633949,18,isotropic_constructed_macro_nats_full_precision_v3,0552c7f4701ada91e31e916f992171b9418cb47d283a56e61f311581d66266cb
2003-05-08,0.006385468686054371,18,isotropic_constructed_macro_nats_full_precision_v3,0552c7f4701ada91e31e916f992171b9418cb47d283a56e61f311581d66266cb
2003-05-12,0.006151524891445895,18,isotropic_constructed_macro_nats_full_precision_v3,0552c7f4701ada91e31e916f992171b9418cb47d283a56e61f311581d66266cb
2003-05-14,0.005984746957738214,18,isotropic_constructed_macro_nats_full_precision_v3,0552c7f4701ada91e31e916f992171b9418cb47d283a56e61f311581d66266cb
2003-05-16,0.005920552377071273,18,isotropic_constructed_macro_nats_full_precision_v3,0552c7f4701ada91e31e916f992171b9418cb47d283a56e61f311581d66266cb
2003-05-20,0.005859065553718623,18,isotropic_constructed_macro_nats_full_precision_v3,0552c7f4701ada91e31e916f992171b9418cb47d283a56e61f311581d66266cb
2003-05-22,0.0057787138483845965,10,isotropic_constructed_macro_nats_full_precision_v3,0552c7f4701ada91e31e916f992171b9418cb47d283a56e61f311581d66266cb
2003-05-27,0.006824614552536919,10,isotropic_constructed_macro_nats_full_precision_v3,0552c7f4701ada91e31e916f992171b9418cb47d283a56e61f311581d66266cb
2003-05-29,0.007032561289144944,10,isotropic_constructed_macro_nats_full_precision_v3,0552c7f4701ada91e31e916f992171b9418cb47d283a56e61f311581d66266cb
2003-06-02,0.007314821240173804,10,isotropic_constructed_macro_nats_full_precision_v3,0552c7f4701ada91e31e916f992171b9418cb47d283a56e61f311581d66266cb
2003-06-04,0.008187621941678935,10,isotropic_constructed_macro_nats_full_precision_v3,0552c7f4701ada91e31e916f992171b9418cb47d283a56e61f311581d66266cb
2003-06-06,0.008681856958317274,10,isotropic_constructed_macro_nats_full_precision_v3,0552c7f4701ada91e31e916f992171b9418cb47d283a56e61f311581d66266cb
2003-06-10,0.008413457203966128,10,isotropic_constructed_macro_nats_full_precision_v3,0552c7f4701ada91e31e916f992171b9418cb47d283a56e61f311581d66266cb
2003-06-12,0.009452539882157752,4,isotropic_constructed_macro_nats_full_precision_v3,0552c7f4701ada91e31e916f992171b9418cb47d283a56e61f311581d66266cb
2003-06-16,0.01101071895035801,4,isotropic_constructed_macro_nats_full_precision_v3,0552c7f4701ada91e31e916f992171b9418cb47d283a56e61f311581d66266cb
2003-06-18,0.008069403039724025,4,isotropic_constructed_macro_nats_full_precision_v3,0552c7f4701ada91e31e916f992171b9418cb47d283a56e61f311581d66266cb
2003-06-20,0.009478590995727447,4,isotropic_constructed_macro_nats_full_precision_v3,0552c7f4701ada91e31e916f992171b9418cb47d283a56e61f311581d66266cb
2003-06-24,0.011451165383840292,4,isotropic_constructed_macro_nats_full_precision_v3,0552c7f4701ada91e31e916f992171b9418cb47d283a56e61f311581d66266cb
2003-06-26,0.013003974888654748,4,isotropic_constructed_macro_nats_full_precision_v3,0552c7f4701ada91e31e916f992171b9418cb47d283a56e61f311581d66266cb
2003-06-30,0.009678535083283535,4,isotropic_constructed_macro_nats_full_precision_v3,0552c7f4701ada91e31e916f992171b9418cb47d283a56e61f311581d66266cb
2003-07-02,0.011916576403505214,4,isotropic_constructed_macro_nats_full_precision_v3,0552c7f4701ada91e31e916f992171b9418cb47d283a56e61f311581d66266cb
2003-07-07,0.012034307826450374,4,isotropic_constructed_macro_nats_full_precision_v3,0552c7f4701ada91e31e916f992171b9418cb47d283a56e61f311581d66266cb
2003-07-09,0.012045871843575993,4,isotropic_constructed_macro_nats_full_precision_v3,0552c7f4701ada91e31e916f992171b9418cb47d283a56e61f311581d66266cb
2003-07-11,0.010489545784044554,4,isotropic_constructed_macro_nats_full_precision_v3,0552c7f4701ada91e31e916f992171b9418cb47d283a56e61f311581d66266cb
2003-07-15,0.009518472825731907,4,isotropic_constructed_macro_nats_full_precision_v3,0552c7f4701ada91e31e916f992171b9418cb47d283a56e61f311581d66266cb
2003-07-17,0.010686930294644743,4,isotropic_constructed_macro_nats_full_precision_v3,0552c7f4701ada91e31e916f992171b9418cb47d283a56e61f311581d66266cb
2003-07-21,0.009665408369812785,4,isotropic_constructed_macro_nats_full_precision_v3,0552c7f4701ada91e31e916f992171b9418cb47d283a56e61f311581d66266cb
2003-07-23,0.009994724909374378,4,isotropic_constructed_macro_nats_full_precision_v3,0552c7f4701ada91e31e916f992171b9418cb47d283a56e61f311581d66266cb
2003-07-25,0.008108974233588653,14,isotropic_constructed_macro_nats_full_precision_v3,0552c7f4701ada91e31e916f992171b9418cb47d283a56e61f311581d66266cb
2003-07-29,0.009427730431492462,4,isotropic_constructed_macro_nats_full_precision_v3,0552c7f4701ada91e31e916f992171b9418cb47d283a56e61f311581d66266cb
2003-07-31,0.009510287215973634,14,isotropic_constructed_macro_nats_full_precision_v3,0552c7f4701ada91e31e916f992171b9418cb47d283a56e61f311581d66266cb
2003-08-04,0.010498244708039076,4,isotropic_constructed_macro_nats_full_precision_v3,0552c7f4701ada91e31e916f992171b9418cb47d283a56e61f311581d66266cb
2003-08-06,0.011348945323007162,4,isotropic_constructed_macro_nats_full_precision_v3,0552c7f4701ada91e31e916f992171b9418cb47d283a56e61f311581d66266cb
2003-08-08,0.010449815488282554,4,isotropic_constructed_macro_nats_full_precision_v3,0552c7f4701ada91e31e916f992171b9418cb47d283a56e61f311581d66266cb
2003-08-12,0.010301991584961694,4,isotropic_constructed_macro_nats_full_precision_v3,0552c7f4701ada91e31e916f992171b9418cb47d283a56e61f311581d66266cb
2003-08-14,0.011380519700808438,4,isotropic_constructed_macro_nats_full_precision_v3,0552c7f4701ada91e31e916f992171b9418cb47d283a56e61f311581d66266cb
2003-08-18,0.01065518346859555,4,isotropic_constructed_macro_nats_full_precision_v3,0552c7f4701ada91e31e916f992171b9418cb47d283a56e61f311581d66266cb
2003-08-20,0.009470859374318602,13,isotropic_constructed_macro_nats_full_precision_v3,0552c7f4701ada91e31e916f992171b9418cb47d283a56e61f311581d66266cb
2003-08-22,0.009491421346671025,4,isotropic_constructed_macro_nats_full_precision_v3,0552c7f4701ada91e31e916f992171b9418cb47d283a56e61f311581d66266cb
2003-08-26,0.010967813376261876,4,isotropic_constructed_macro_nats_full_precision_v3,0552c7f4701ada91e31e916f992171b9418cb47d283a56e61f311581d66266cb
2003-08-28,0.010371705302883373,13,isotropic_constructed_macro_nats_full_precision_v3,0552c7f4701ada91e31e916f992171b9418cb47d283a56e61f311581d66266cb
2003-09-02,0.010083505785624863,13,isotropic_constructed_macro_nats_full_precision_v3,0552c7f4701ada91e31e916f992171b9418cb47d283a56e61f311581d66266cb
2003-09-04,0.009901594466438401,13,isotropic_constructed_macro_nats_full_precision_v3,0552c7f4701ada91e31e916f992171b9418cb47d283a56e61f311581d66266cb
2003-09-08,0.009845601311627442,13,isotropic_constructed_macro_nats_full_precision_v3,0552c7f4701ada91e31e916f992171b9418cb47d283a56e61f311581d66266cb
2003-09-10,0.011230396350710783,13,isotropic_constructed_macro_nats_full_precision_v3,0552c7f4701ada91e31e916f992171b9418cb47d283a56e61f311581d66266cb
2003-09-12,0.010058392687912164,13,isotropic_constructed_macro_nats_full_precision_v3,0552c7f4701ada91e31e916f992171b9418cb47d283a56e61f311581d66266cb
2003-09-16,0.008918159644047186,13,isotropic_constructed_macro_nats_full_precision_v3,0552c7f4701ada91e31e916f992171b9418cb47d283a56e61f311581d66266cb
2003-09-18,0.009631255371387232,5,isotropic_constructed_macro_nats_full_precision_v3,0552c7f4701ada91e31e916f992171b9418cb47d283a56e61f311581d66266cb
2003-09-22,0.010351976336540746,5,isotropic_constructed_macro_nats_full_precision_v3,0552c7f4701ada91e31e916f992171b9418cb47d283a56e61f311581d66266cb
2003-09-24,0.00927148156204681,5,isotropic_constructed_macro_nats_full_precision_v3,0552c7f4701ada91e31e916f992171b9418cb47d283a56e61f311581d66266cb
2003-09-26,0.009093712806223196,5,isotropic_constructed_macro_nats_full_precision_v3,0552c7f4701ada91e31e916f992171b9418cb47d283a56e61f311581d66266cb
2003-09-30,0.008005102868133926,5,isotropic_constructed_macro_nats_full_precision_v3,0552c7f4701ada91e31e916f992171b9418cb47d283a56e61f311581d66266cb
2003-10-02,0.007827410218090122,5,isotropic_constructed_macro_nats_full_precision_v3,0552c7f4701ada91e31e916f992171b9418cb47d283a56e61f311581d66266cb
2003-10-06,0.0076261023405550105,5,isotropic_constructed_macro_nats_full_precision_v3,0552c7f4701ada91e31e916f992171b9418cb47d283a56e61f311581d66266cb
2003-10-08,0.007237794254748076,5,isotropic_constructed_macro_nats_full_precision_v3,0552c7f4701ada91e31e916f992171b9418cb47d283a56e61f311581d66266cb
2003-10-10,0.006576003099547985,19,isotropic_constructed_macro_nats_full_precision_v3,0552c7f4701ada91e31e916f992171b9418cb47d283a56e61f311581d66266cb
2003-10-14,0.006997418661968131,14,isotropic_constructed_macro_nats_full_precision_v3,0552c7f4701ada91e31e916f992171b9418cb47d283a56e61f311581d66266cb
2003-10-16,0.009540184928686024,2,isotropic_constructed_macro_nats_full_precision_v3,0552c7f4701ada91e31e916f992171b9418cb47d283a56e61f311581d66266cb
2003-10-20,0.009368542741206493,2,isotropic_constructed_macro_nats_full_precision_v3,0552c7f4701ada91e31e916f992171b9418cb47d283a56e61f311581d66266cb
2003-10-22,0.0071517735473152835,14,isotropic_constructed_macro_nats_full_precision_v3,0552c7f4701ada91e31e916f992171b9418cb47d283a56e61f311581d66266cb
2003-10-24,0.006673991594833374,14,isotropic_constructed_macro_nats_full_precision_v3,0552c7f4701ada91e31e916f992171b9418cb47d283a56e61f311581d66266cb
2003-10-28,0.0069573303321111765,14,isotropic_constructed_macro_nats_full_precision_v3,0552c7f4701ada91e31e916f992171b9418cb47d283a56e61f311581d66266cb
2003-10-30,0.006611246404705895,5,isotropic_constructed_macro_nats_full_precision_v3,0552c7f4701ada91e31e916f992171b9418cb47d283a56e61f311581d66266cb
2003-11-03,0.0062353297681678466,14,isotropic_constructed_macro_nats_full_precision_v3,0552c7f4701ada91e31e916f992171b9418cb47d283a56e61f311581d66266cb
2003-11-05,0.006239470789342033,5,isotropic_constructed_macro_nats_full_precision_v3,0552c7f4701ada91e31e916f992171b9418cb47d283a56e61f311581d66266cb
2003-11-07,0.006602665626012798,5,isotropic_constructed_macro_nats_full_precision_v3,0552c7f4701ada91e31e916f992171b9418cb47d283a56e61f311581d66266cb
2003-11-11,0.006561074605589093,14,isotropic_constructed_macro_nats_full_precision_v3,0552c7f4701ada91e31e916f992171b9418cb47d283a56e61f311581d66266cb
2003-11-13,0.006021975989075182,19,isotropic_constructed_macro_nats_full_precision_v3,0552c7f4701ada91e31e916f992171b9418cb47d283a56e61f311581d66266cb
2003-11-17,0.006044305305637487,19,isotropic_constructed_macro_nats_full_precision_v3,0552c7f4701ada91e31e916f992171b9418cb47d283a56e61f311581d66266cb
2003-11-19,0.00753942115594413,5,isotropic_constructed_macro_nats_full_precision_v3,0552c7f4701ada91e31e916f992171b9418cb47d283a56e61f311581d66266cb
2003-11-21,0.008374136836818029,5,isotropic_constructed_macro_nats_full_precision_v3,0552c7f4701ada91e31e916f992171b9418cb47d283a56e61f311581d66266cb
2003-11-25,0.007042064808651341,5,isotropic_constructed_macro_nats_full_precision_v3,0552c7f4701ada91e31e916f992171b9418cb47d283a56e61f311581d66266cb
2003-11-28,0.0074129640801683105,14,isotropic_constructed_macro_nats_full_precision_v3,0552c7f4701ada91e31e916f992171b9418cb47d283a56e61f311581d66266cb
2003-12-02,0.007292068391412998,14,isotropic_constructed_macro_nats_full_precision_v3,0552c7f4701ada91e31e916f992171b9418cb47d283a56e61f311581d66266cb
2003-12-04,0.007138907981841941,14,isotropic_constructed_macro_nats_full_precision_v3,0552c7f4701ada91e31e916f992171b9418cb47d283a56e61f311581d66266cb
2003-12-08,0.007444692205740143,13,isotropic_constructed_macro_nats_full_precision_v3,0552c7f4701ada91e31e916f992171b9418cb47d283a56e61f311581d66266cb
2003-12-10,0.008087228052997157,13,isotropic_constructed_macro_nats_full_precision_v3,0552c7f4701ada91e31e916f992171b9418cb47d283a56e61f311581d66266cb
2003-12-12,0.008131339078395083,13,isotropic_constructed_macro_nats_full_precision_v3,0552c7f4701ada91e31e916f992171b9418cb47d283a56e61f311581d66266cb
2003-12-16,0.007985690254745659,14,isotropic_constructed_macro_nats_full_precision_v3,0552c7f4701ada91e31e916f992171b9418cb47d283a56e61f311581d66266cb
2003-12-18,0.007930165062888496,13,isotropic_constructed_macro_nats_full_precision_v3,0552c7f4701ada91e31e916f992171b9418cb47d283a56e61f311581d66266cb
2003-12-22,0.00819849261250108,13,isotropic_constructed_macro_nats_full_precision_v3,0552c7f4701ada91e31e916f992171b9418cb47d283a56e61f311581d66266cb
2003-12-24,0.008555013188985092,13,isotropic_constructed_macro_nats_full_precision_v3,0552c7f4701ada91e31e916f992171b9418cb47d283a56e61f311581d66266cb
2003-12-29,0.00815588563019342,13,isotropic_constructed_macro_nats_full_precision_v3,0552c7f4701ada91e31e916f992171b9418cb47d283a56e61f311581d66266cb
2003-12-31,0.007914393617470789,13,isotropic_constructed_macro_nats_full_precision_v3,0552c7f4701ada91e31e916f992171b9418cb47d283a56e61f311581d66266cb
2004-01-05,0.009289139165187636,13,isotropic_constructed_macro_nats_full_precision_v3,0552c7f4701ada91e31e916f992171b9418cb47d283a56e61f311581d66266cb
2004-01-07,0.009494991261196142,5,isotropic_constructed_macro_nats_full_precision_v3,0552c7f4701ada91e31e916f992171b9418cb47d283a56e61f311581d66266cb
2004-01-09,0.009265578885614176,13,isotropic_constructed_macro_nats_full_precision_v3,0552c7f4701ada91e31e916f992171b9418cb47d283a56e61f311581d66266cb
2004-01-13,0.009747324388827285,13,isotropic_constructed_macro_nats_full_precision_v3,0552c7f4701ada91e31e916f992171b9418cb47d283a56e61f311581d66266cb
2004-01-15,0.010022705959646758,13,isotropic_constructed_macro_nats_full_precision_v3,0552c7f4701ada91e31e916f992171b9418cb47d283a56e61f311581d66266cb
2004-01-20,0.014968896509227635,5,isotropic_constructed_macro_nats_full_precision_v3,0552c7f4701ada91e31e916f992171b9418cb47d283a56e61f311581d66266cb
2004-01-22,0.015545178480731663,5,isotropic_constructed_macro_nats_full_precision_v3,0552c7f4701ada91e31e916f992171b9418cb47d283a56e61f311581d66266cb
2004-01-26,0.01510402636351079,5,isotropic_constructed_macro_nats_full_precision_v3,0552c7f4701ada91e31e916f992171b9418cb47d283a56e61f311581d66266cb
2004-01-28,0.01264189397088368,5,isotropic_constructed_macro_nats_full_precision_v3,0552c7f4701ada91e31e916f992171b9418cb47d283a56e61f311581d66266cb
2004-01-30,0.013584736097515093,5,isotropic_constructed_macro_nats_full_precision_v3,0552c7f4701ada91e31e916f992171b9418cb47d283a56e61f311581d66266cb
2004-02-03,0.012910938398089183,5,isotropic_constructed_macro_nats_full_precision_v3,0552c7f4701ada91e31e916f992171b9418cb47d283a56e61f311581d66266cb
2004-02-05,0.012526114236866927,5,isotropic_constructed_macro_nats_full_precision_v3,0552c7f4701ada91e31e916f992171b9418cb47d283a56e61f311581d66266cb
2004-02-09,0.014315802916447254,5,isotropic_constructed_macro_nats_full_precision_v3,0552c7f4701ada91e31e916f992171b9418cb47d283a56e61f311581d66266cb
2004-02-11,0.014486792204976486,5,isotropic_constructed_macro_nats_full_precision_v3,0552c7f4701ada91e31e916f992171b9418cb47d283a56e61f311581d66266cb
2004-02-13,0.013069836481187737,13,isotropic_constructed_macro_nats_full_precision_v3,0552c7f4701ada91e31e916f992171b9418cb47d283a56e61f311581d66266cb
2004-02-18,0.012326246323627839,13,isotropic_constructed_macro_nats_full_precision_v3,0552c7f4701ada91e31e916f992171b9418cb47d283a56e61f311581d66266cb
2004-02-20,0.01260882715731454,13,isotropic_constructed_macro_nats_full_precision_v3,0552c7f4701ada91e31e916f992171b9418cb47d283a56e61f311581d66266cb
2004-02-24,0.012697741685942336,13,isotropic_constructed_macro_nats_full_precision_v3,0552c7f4701ada91e31e916f992171b9418cb47d283a56e61f311581d66266cb
2004-02-26,0.012908512264228282,13,isotropic_constructed_macro_nats_full_precision_v3,0552c7f4701ada91e31e916f992171b9418cb47d283a56e61f311581d66266cb
2004-03-01,0.013393267902861467,13,isotropic_constructed_macro_nats_full_precision_v3,0552c7f4701ada91e31e916f992171b9418cb47d283a56e61f311581d66266cb
2004-03-03,0.013119450124081937,13,isotropic_constructed_macro_nats_full_precision_v3,0552c7f4701ada91e31e916f992171b9418cb47d283a56e61f311581d66266cb
2004-03-05,0.013356311823372241,13,isotropic_constructed_macro_nats_full_precision_v3,0552c7f4701ada91e31e916f992171b9418cb47d283a56e61f311581d66266cb
2004-03-09,0.013278421332893413,13,isotropic_constructed_macro_nats_full_precision_v3,0552c7f4701ada91e31e916f992171b9418cb47d283a56e61f311581d66266cb
2004-03-11,0.012623772909011809,13,isotropic_constructed_macro_nats_full_precision_v3,0552c7f4701ada91e31e916f992171b9418cb47d283a56e61f311581d66266cb
2004-03-15,0.012329697701702627,13,isotropic_constructed_macro_nats_full_precision_v3,0552c7f4701ada91e31e916f992171b9418cb47d283a56e61f311581d66266cb
2004-03-17,0.012321306423178476,13,isotropic_constructed_macro_nats_full_precision_v3,0552c7f4701ada91e31e916f992171b9418cb47d283a56e61f311581d66266cb
2004-03-19,0.01204161545148981,13,isotropic_constructed_macro_nats_full_precision_v3,0552c7f4701ada91e31e916f992171b9418cb47d283a56e61f311581d66266cb
2004-03-23,0.011852654673954938,13,isotropic_constructed_macro_nats_full_precision_v3,0552c7f4701ada91e31e916f992171b9418cb47d283a56e61f311581d66266cb
2004-03-25,0.011604149620677295,13,isotropic_constructed_macro_nats_full_precision_v3,0552c7f4701ada91e31e916f992171b9418cb47d283a56e61f311581d66266cb
2004-03-29,0.0106878159866333,13,isotropic_constructed_macro_nats_full_precision_v3,0552c7f4701ada91e31e916f992171b9418cb47d283a56e61f311581d66266cb
2004-03-31,0.010421706859494465,13,isotropic_constructed_macro_nats_full_precision_v3,0552c7f4701ada91e31e916f992171b9418cb47d283a56e61f311581d66266cb
2004-04-02,0.009736320211698096,13,isotropic_constructed_macro_nats_full_precision_v3,0552c7f4701ada91e31e916f992171b9418cb47d283a56e61f311581d66266cb
2004-04-06,0.009915858328030484,13,isotropic_constructed_macro_nats_full_precision_v3,0552c7f4701ada91e31e916f992171b9418cb47d283a56e61f311581d66266cb
2004-04-08,0.009142406271620489,15,isotropic_constructed_macro_nats_full_precision_v3,0552c7f4701ada91e31e916f992171b9418cb47d283a56e61f311581d66266cb
2004-04-13,0.0085318665099616,15,isotropic_constructed_macro_nats_full_precision_v3,0552c7f4701ada91e31e916f992171b9418cb47d283a56e61f311581d66266cb
2004-04-15,0.012081128150707936,2,isotropic_constructed_macro_nats_full_precision_v3,0552c7f4701ada91e31e916f992171b9418cb47d283a56e61f311581d66266cb
2004-04-19,0.013379209707914501,2,isotropic_constructed_macro_nats_full_precision_v3,0552c7f4701ada91e31e916f992171b9418cb47d283a56e61f311581d66266cb
2004-04-21,0.009385099656619586,2,isotropic_constructed_macro_nats_full_precision_v3,0552c7f4701ada91e31e916f992171b9418cb47d283a56e61f311581d66266cb
2004-04-23,0.009847257487269091,2,isotropic_constructed_macro_nats_full_precision_v3,0552c7f4701ada91e31e916f992171b9418cb47d283a56e61f311581d66266cb
2004-04-27,0.012406589172675571,2,isotropic_constructed_macro_nats_full_precision_v3,0552c7f4701ada91e31e916f992171b9418cb47d283a56e61f311581d66266cb
2004-04-29,0.013620771812468922,2,isotropic_constructed_macro_nats_full_precision_v3,0552c7f4701ada91e31e916f992171b9418cb47d283a56e61f311581d66266cb
2004-05-03,0.015333037923391878,2,isotropic_constructed_macro_nats_full_precision_v3,0552c7f4701ada91e31e916f992171b9418cb47d283a56e61f311581d66266cb
2004-05-05,0.013019694590242166,2,isotropic_constructed_macro_nats_full_precision_v3,0552c7f4701ada91e31e916f992171b9418cb47d283a56e61f311581d66266cb
2004-05-07,0.010546290778185606,2,isotropic_constructed_macro_nats_full_precision_v3,0552c7f4701ada91e31e916f992171b9418cb47d283a56e61f311581d66266cb
2004-05-11,0.010689992404081042,2,isotropic_constructed_macro_nats_full_precision_v3,0552c7f4701ada91e31e916f992171b9418cb47d283a56e61f311581d66266cb
2004-05-13,0.010408796786809317,14,isotropic_constructed_macro_nats_full_precision_v3,0552c7f4701ada91e31e916f992171b9418cb47d283a56e61f311581d66266cb
2004-05-17,0.010571708109833843,14,isotropic_constructed_macro_nats_full_precision_v3,0552c7f4701ada91e31e916f992171b9418cb47d283a56e61f311581d66266cb
2004-05-19,0.010549705129697953,14,isotropic_constructed_macro_nats_full_precision_v3,0552c7f4701ada91e31e916f992171b9418cb47d283a56e61f311581d66266cb
2004-05-21,0.010448208958811059,14,isotropic_constructed_macro_nats_full_precision_v3,0552c7f4701ada91e31e916f992171b9418cb47d283a56e61f311581d66266cb
2004-05-25,0.01071513528091076,14,isotropic_constructed_macro_nats_full_precision_v3,0552c7f4701ada91e31e916f992171b9418cb47d283a56e61f311581d66266cb
2004-05-27,0.010212052274053258,14,isotropic_constructed_macro_nats_full_precision_v3,0552c7f4701ada91e31e916f992171b9418cb47d283a56e61f311581d66266cb
2004-06-01,0.010139747424225777,14,isotropic_constructed_macro_nats_full_precision_v3,0552c7f4701ada91e31e916f992171b9418cb47d283a56e61f311581d66266cb
2004-06-03,0.010212262516905109,14,isotropic_constructed_macro_nats_full_precision_v3,0552c7f4701ada91e31e916f992171b9418cb47d283a56e61f311581d66266cb
2004-06-07,0.010201461533881885,14,isotropic_constructed_macro_nats_full_precision_v3,0552c7f4701ada91e31e916f992171b9418cb47d283a56e61f311581d66266cb
2004-06-09,0.013025379807158365,2,isotropic_constructed_macro_nats_full_precision_v3,0552c7f4701ada91e31e916f992171b9418cb47d283a56e61f311581d66266cb
2004-06-14,0.014751992615204303,2,isotropic_constructed_macro_nats_full_precision_v3,0552c7f4701ada91e31e916f992171b9418cb47d283a56e61f311581d66266cb
2004-06-16,0.014216836642317786,2,isotropic_constructed_macro_nats_full_precision_v3,0552c7f4701ada91e31e916f992171b9418cb47d283a56e61f311581d66266cb
2004-06-18,0.01526210740731481,2,isotropic_constructed_macro_nats_full_precision_v3,0552c7f4701ada91e31e916f992171b9418cb47d283a56e61f311581d66266cb
2004-06-22,0.01421313434696684,2,isotropic_constructed_macro_nats_full_precision_v3,0552c7f4701ada91e31e916f992171b9418cb47d283a56e61f311581d66266cb
2004-06-24,0.01512575684681329,2,isotropic_constructed_macro_nats_full_precision_v3,0552c7f4701ada91e31e916f992171b9418cb47d283a56e61f311581d66266cb
2004-06-28,0.023716615963449962,2,isotropic_constructed_macro_nats_full_precision_v3,0552c7f4701ada91e31e916f992171b9418cb47d283a56e61f311581d66266cb
2004-06-30,0.02385012675152088,2,isotropic_constructed_macro_nats_full_precision_v3,0552c7f4701ada91e31e916f992171b9418cb47d283a56e61f311581d66266cb
2004-07-02,0.021051758210429483,2,isotropic_constructed_macro_nats_full_precision_v3,0552c7f4701ada91e31e916f992171b9418cb47d283a56e61f311581d66266cb
2004-07-07,0.015231999318535944,2,isotropic_constructed_macro_nats_full_precision_v3,0552c7f4701ada91e31e916f992171b9418cb47d283a56e61f311581d66266cb
2004-07-09,0.019036376880395466,2,isotropic_constructed_macro_nats_full_precision_v3,0552c7f4701ada91e31e916f992171b9418cb47d283a56e61f311581d66266cb
2004-07-13,0.021246499555851034,4,isotropic_constructed_macro_nats_full_precision_v3,0552c7f4701ada91e31e916f992171b9418cb47d283a56e61f311581d66266cb
2004-07-15,0.017042475824921514,2,isotropic_constructed_macro_nats_full_precision_v3,0552c7f4701ada91e31e916f992171b9418cb47d283a56e61f311581d66266cb
2004-07-19,0.01898994396401482,2,isotropic_constructed_macro_nats_full_precision_v3,0552c7f4701ada91e31e916f992171b9418cb47d283a56e61f311581d66266cb
2004-07-21,0.022153833965269834,2,isotropic_constructed_macro_nats_full_precision_v3,0552c7f4701ada91e31e916f992171b9418cb47d283a56e61f311581d66266cb
2004-07-23,0.020609527793729397,2,isotropic_constructed_macro_nats_full_precision_v3,0552c7f4701ada91e31e916f992171b9418cb47d283a56e61f311581d66266cb
2004-07-27,0.014116230786370212,2,isotropic_constructed_macro_nats_full_precision_v3,0552c7f4701ada91e31e916f992171b9418cb47d283a56e61f311581d66266cb
2004-07-29,0.012291116888352785,2,isotropic_constructed_macro_nats_full_precision_v3,0552c7f4701ada91e31e916f992171b9418cb47d283a56e61f311581d66266cb
2004-08-02,0.012115217269335343,7,isotropic_constructed_macro_nats_full_precision_v3,0552c7f4701ada91e31e916f992171b9418cb47d283a56e61f311581d66266cb
2004-08-04,0.011725142433707154,9,isotropic_constructed_macro_nats_full_precision_v3,0552c7f4701ada91e31e916f992171b9418cb47d283a56e61f311581d66266cb
2004-08-06,0.01186918508689689,2,isotropic_constructed_macro_nats_full_precision_v3,0552c7f4701ada91e31e916f992171b9418cb47d283a56e61f311581d66266cb
2004-08-10,0.017336496580761994,2,isotropic_constructed_macro_nats_full_precision_v3,0552c7f4701ada91e31e916f992171b9418cb47d283a56e61f311581d66266cb
2004-08-12,0.01787258687822746,2,isotropic_constructed_macro_nats_full_precision_v3,0552c7f4701ada91e31e916f992171b9418cb47d283a56e61f311581d66266cb
2004-08-16,0.02077845449639213,2,isotropic_constructed_macro_nats_full_precision_v3,0552c7f4701ada91e31e916f992171b9418cb47d283a56e61f311581d66266cb
2004-08-18,0.025109787833085484,2,isotropic_constructed_macro_nats_full_precision_v3,0552c7f4701ada91e31e916f992171b9418cb47d283a56e61f311581d66266cb
2004-08-20,0.026008444671760604,2,isotropic_constructed_macro_nats_full_precision_v3,0552c7f4701ada91e31e916f992171b9418cb47d283a56e61f311581d66266cb
2004-08-24,0.026755678832046277,2,isotropic_constructed_macro_nats_full_precision_v3,0552c7f4701ada91e31e916f992171b9418cb47d283a56e61f311581d66266cb
2004-08-26,0.025683359400229124,2,isotropic_constructed_macro_nats_full_precision_v3,0552c7f4701ada91e31e916f992171b9418cb47d283a56e61f311581d66266cb
2004-08-30,0.022656521685492655,2,isotropic_constructed_macro_nats_full_precision_v3,0552c7f4701ada91e31e916f992171b9418cb47d283a56e61f311581d66266cb
2004-09-01,0.02737501722753031,2,isotropic_constructed_macro_nats_full_precision_v3,0552c7f4701ada91e31e916f992171b9418cb47d283a56e61f311581d66266cb
2004-09-03,0.025091344079661286,2,isotropic_constructed_macro_nats_full_precision_v3,0552c7f4701ada91e31e916f992171b9418cb47d283a56e61f311581d66266cb
2004-09-08,0.03583960630835925,2,isotropic_constructed_macro_nats_full_precision_v3,0552c7f4701ada91e31e916f992171b9418cb47d283a56e61f311581d66266cb
2004-09-10,0.0371038170673246,2,isotropic_constructed_macro_nats_full_precision_v3,0552c7f4701ada91e31e916f992171b9418cb47d283a56e61f311581d66266cb
2004-09-14,0.035209156249546146,2,isotropic_constructed_macro_nats_full_precision_v3,0552c7f4701ada91e31e916f992171b9418cb47d283a56e61f311581d66266cb
2004-09-16,0.02832222398075531,2,isotropic_constructed_macro_nats_full_precision_v3,0552c7f4701ada91e31e916f992171b9418cb47d283a56e61f311581d66266cb
2004-09-20,0.04007169380265421,2,isotropic_constructed_macro_nats_full_precision_v3,0552c7f4701ada91e31e916f992171b9418cb47d283a56e61f311581d66266cb
2004-09-22,0.036709120902483745,2,isotropic_constructed_macro_nats_full_precision_v3,0552c7f4701ada91e31e916f992171b9418cb47d283a56e61f311581d66266cb
2004-09-24,0.05702441924308476,2,isotropic_constructed_macro_nats_full_precision_v3,0552c7f4701ada91e31e916f992171b9418cb47d283a56e61f311581d66266cb
2004-09-28,0.04828542662002651,2,isotropic_constructed_macro_nats_full_precision_v3,0552c7f4701ada91e31e916f992171b9418cb47d283a56e61f311581d66266cb
2004-09-30,0.04621164511520976,2,isotropic_constructed_macro_nats_full_precision_v3,0552c7f4701ada91e31e916f992171b9418cb47d283a56e61f311581d66266cb
2004-10-04,0.05074702246432921,2,isotropic_constructed_macro_nats_full_precision_v3,0552c7f4701ada91e31e916f992171b9418cb47d283a56e61f311581d66266cb
2004-10-06,0.040113297285727136,2,isotropic_constructed_macro_nats_full_precision_v3,0552c7f4701ada91e31e916f992171b9418cb47d283a56e61f311581d66266cb
2004-10-08,0.03451138264667275,2,isotropic_constructed_macro_nats_full_precision_v3,0552c7f4701ada91e31e916f992171b9418cb47d283a56e61f311581d66266cb
2004-10-12,0.0070147912881165925,13,isotropic_constructed_macro_nats_full_precision_v3,0552c7f4701ada91e31e916f992171b9418cb47d283a56e61f311581d66266cb
2004-10-14,0.006346547894624639,9,isotropic_constructed_macro_nats_full_precision_v3,0552c7f4701ada91e31e916f992171b9418cb47d283a56e61f311581d66266cb
2004-10-18,0.006034987955671686,9,isotropic_constructed_macro_nats_full_precision_v3,0552c7f4701ada91e31e916f992171b9418cb47d283a56e61f311581d66266cb
2004-10-20,0.006532089053508924,9,isotropic_constructed_macro_nats_full_precision_v3,0552c7f4701ada91e31e916f992171b9418cb47d283a56e61f311581d66266cb
2004-10-22,0.006664441784627995,9,isotropic_constructed_macro_nats_full_precision_v3,0552c7f4701ada91e31e916f992171b9418cb47d283a56e61f311581d66266cb
2004-10-26,0.007163241213582375,9,isotropic_constructed_macro_nats_full_precision_v3,0552c7f4701ada91e31e916f992171b9418cb47d283a56e61f311581d66266cb
2004-10-28,0.006527717335038437,9,isotropic_constructed_macro_nats_full_precision_v3,0552c7f4701ada91e31e916f992171b9418cb47d283a56e61f311581d66266cb
2004-11-01,0.006643490281704419,9,isotropic_constructed_macro_nats_full_precision_v3,0552c7f4701ada91e31e916f992171b9418cb47d283a56e61f311581d66266cb
2004-11-03,0.006427795451336572,9,isotropic_constructed_macro_nats_full_precision_v3,0552c7f4701ada91e31e916f992171b9418cb47d283a56e61f311581d66266cb
2004-11-05,0.005662721850117056,9,isotropic_constructed_macro_nats_full_precision_v3,0552c7f4701ada91e31e916f992171b9418cb47d283a56e61f311581d66266cb
2004-11-09,0.005004963480796695,9,isotropic_constructed_macro_nats_full_precision_v3,0552c7f4701ada91e31e916f992171b9418cb47d283a56e61f311581d66266cb
2004-11-11,0.004366049645977747,9,isotropic_constructed_macro_nats_full_precision_v3,0552c7f4701ada91e31e916f992171b9418cb47d283a56e61f311581d66266cb
2004-11-15,0.0062439962029385565,9,isotropic_constructed_macro_nats_full_precision_v3,0552c7f4701ada91e31e916f992171b9418cb47d283a56e61f311581d66266cb
2004-11-17,0.006463690271007745,9,isotropic_constructed_macro_nats_full_precision_v3,0552c7f4701ada91e31e916f992171b9418cb47d283a56e61f311581d66266cb
2004-11-19,0.005419101480592936,9,isotropic_constructed_macro_nats_full_precision_v3,0552c7f4701ada91e31e916f992171b9418cb47d283a56e61f311581d66266cb
2004-11-23,0.0044885699550622216,9,isotropic_constructed_macro_nats_full_precision_v3,0552c7f4701ada91e31e916f992171b9418cb47d283a56e61f311581d66266cb
2004-11-26,0.006594903999518439,9,isotropic_constructed_macro_nats_full_precision_v3,0552c7f4701ada91e31e916f992171b9418cb47d283a56e61f311581d66266cb
2004-11-30,0.007234041343859743,9,isotropic_constructed_macro_nats_full_precision_v3,0552c7f4701ada91e31e916f992171b9418cb47d283a56e61f311581d66266cb
2004-12-02,0.0072794063432243955,9,isotropic_constructed_macro_nats_full_precision_v3,0552c7f4701ada91e31e916f992171b9418cb47d283a56e61f311581d66266cb
2004-12-06,0.006582377202778704,9,isotropic_constructed_macro_nats_full_precision_v3,0552c7f4701ada91e31e916f992171b9418cb47d283a56e61f311581d66266cb
2004-12-08,0.006830788084331456,9,isotropic_constructed_macro_nats_full_precision_v3,0552c7f4701ada91e31e916f992171b9418cb47d283a56e61f311581d66266cb
2004-12-10,0.00591589350969883,9,isotropic_constructed_macro_nats_full_precision_v3,0552c7f4701ada91e31e916f992171b9418cb47d283a56e61f311581d66266cb
2004-12-14,0.006457012609103349,9,isotropic_constructed_macro_nats_full_precision_v3,0552c7f4701ada91e31e916f992171b9418cb47d283a56e61f311581d66266cb
2004-12-16,0.005920633375796493,2,isotropic_constructed_macro_nats_full_precision_v3,0552c7f4701ada91e31e916f992171b9418cb47d283a56e61f311581d66266cb
2004-12-20,0.010230648709881864,2,isotropic_constructed_macro_nats_full_precision_v3,0552c7f4701ada91e31e916f992171b9418cb47d283a56e61f311581d66266cb
2004-12-22,0.009796122758801748,2,isotropic_constructed_macro_nats_full_precision_v3,0552c7f4701ada91e31e916f992171b9418cb47d283a56e61f311581d66266cb
2004-12-27,0.01186809202389115,2,isotropic_constructed_macro_nats_full_precision_v3,0552c7f4701ada91e31e916f992171b9418cb47d283a56e61f311581d66266cb
2004-12-29,0.0095815148277626,2,isotropic_constructed_macro_nats_full_precision_v3,0552c7f4701ada91e31e916f992171b9418cb47d283a56e61f311581d66266cb
2004-12-31,0.008310419671445031,2,isotropic_constructed_macro_nats_full_precision_v3,0552c7f4701ada91e31e916f992171b9418cb47d283a56e61f311581d66266cb
2005-01-04,0.009880699599337343,2,isotropic_constructed_macro_nats_full_precision_v3,0552c7f4701ada91e31e916f992171b9418cb47d283a56e61f311581d66266cb
2005-01-06,0.011879645812419369,2,isotropic_constructed_macro_nats_full_precision_v3,0552c7f4701ada91e31e916f992171b9418cb47d283a56e61f311581d66266cb
2005-01-10,0.012730360592443549,2,isotropic_constructed_macro_nats_full_precision_v3,0552c7f4701ada91e31e916f992171b9418cb47d283a56e61f311581d66266cb
2005-01-12,0.010557677328411154,2,isotropic_constructed_macro_nats_full_precision_v3,0552c7f4701ada91e31e916f992171b9418cb47d283a56e61f311581d66266cb
2005-01-14,0.017445254051132453,2,isotropic_constructed_macro_nats_full_precision_v3,0552c7f4701ada91e31e916f992171b9418cb47d283a56e61f311581d66266cb
2005-01-19,0.02153275131338859,2,isotropic_constructed_macro_nats_full_precision_v3,0552c7f4701ada91e31e916f992171b9418cb47d283a56e61f311581d66266cb
2005-01-21,0.019777418349956125,2,isotropic_constructed_macro_nats_full_precision_v3,0552c7f4701ada91e31e916f992171b9418cb47d283a56e61f311581d66266cb
2005-01-25,0.018219143081907363,2,isotropic_constructed_macro_nats_full_precision_v3,0552c7f4701ada91e31e916f992171b9418cb47d283a56e61f311581d66266cb
2005-01-27,0.013688302089749388,2,isotropic_constructed_macro_nats_full_precision_v3,0552c7f4701ada91e31e916f992171b9418cb47d283a56e61f311581d66266cb
2005-01-31,0.014385636815631625,2,isotropic_constructed_macro_nats_full_precision_v3,0552c7f4701ada91e31e916f992171b9418cb47d283a56e61f311581d66266cb
2005-02-02,0.011391662351614096,2,isotropic_constructed_macro_nats_full_precision_v3,0552c7f4701ada91e31e916f992171b9418cb47d283a56e61f311581d66266cb
2005-02-04,0.0122566700549782,2,isotropic_constructed_macro_nats_full_precision_v3,0552c7f4701ada91e31e916f992171b9418cb47d283a56e61f311581d66266cb
2005-02-08,0.015234074267887782,2,isotropic_constructed_macro_nats_full_precision_v3,0552c7f4701ada91e31e916f992171b9418cb47d283a56e61f311581d66266cb
2005-02-10,0.013202454893609841,2,isotropic_constructed_macro_nats_full_precision_v3,0552c7f4701ada91e31e916f992171b9418cb47d283a56e61f311581d66266cb
2005-02-14,0.013565015455569512,2,isotropic_constructed_macro_nats_full_precision_v3,0552c7f4701ada91e31e916f992171b9418cb47d283a56e61f311581d66266cb
2005-02-16,0.011176473819562695,2,isotropic_constructed_macro_nats_full_precision_v3,0552c7f4701ada91e31e916f992171b9418cb47d283a56e61f311581d66266cb
2005-02-18,0.011038306590490758,2,isotropic_constructed_macro_nats_full_precision_v3,0552c7f4701ada91e31e916f992171b9418cb47d283a56e61f311581d66266cb
2005-02-23,0.008420886924493234,2,isotropic_constructed_macro_nats_full_precision_v3,0552c7f4701ada91e31e916f992171b9418cb47d283a56e61f311581d66266cb
2005-02-25,0.017767871881076522,2,isotropic_constructed_macro_nats_full_precision_v3,0552c7f4701ada91e31e916f992171b9418cb47d283a56e61f311581d66266cb
2005-03-01,0.01673604972178578,2,isotropic_constructed_macro_nats_full_precision_v3,0552c7f4701ada91e31e916f992171b9418cb47d283a56e61f311581d66266cb
2005-03-03,0.01775634848684303,2,isotropic_constructed_macro_nats_full_precision_v3,0552c7f4701ada91e31e916f992171b9418cb47d283a56e61f311581d66266cb
2005-03-07,0.014978075743900018,2,isotropic_constructed_macro_nats_full_precision_v3,0552c7f4701ada91e31e916f992171b9418cb47d283a56e61f311581d66266cb
2005-03-09,0.011413146932351736,2,isotropic_constructed_macro_nats_full_precision_v3,0552c7f4701ada91e31e916f992171b9418cb47d283a56e61f311581d66266cb
2005-03-11,0.010428845383704893,2,isotropic_constructed_macro_nats_full_precision_v3,0552c7f4701ada91e31e916f992171b9418cb47d283a56e61f311581d66266cb
2005-03-15,0.008617755873935568,2,isotropic_constructed_macro_nats_full_precision_v3,0552c7f4701ada91e31e916f992171b9418cb47d283a56e61f311581d66266cb
2005-03-17,0.01174891625738847,2,isotropic_constructed_macro_nats_full_precision_v3,0552c7f4701ada91e31e916f992171b9418cb47d283a56e61f311581d66266cb
2005-03-21,0.009142738639299472,2,isotropic_constructed_macro_nats_full_precision_v3,0552c7f4701ada91e31e916f992171b9418cb47d283a56e61f311581d66266cb
2005-03-23,0.005101697527006149,2,isotropic_constructed_macro_nats_full_precision_v3,0552c7f4701ada91e31e916f992171b9418cb47d283a56e61f311581d66266cb
2005-03-28,0.004881592592654492,2,isotropic_constructed_macro_nats_full_precision_v3,0552c7f4701ada91e31e916f992171b9418cb47d283a56e61f311581d66266cb
2005-03-30,0.006752605112109636,2,isotropic_constructed_macro_nats_full_precision_v3,0552c7f4701ada91e31e916f992171b9418cb47d283a56e61f311581d66266cb
2005-04-01,0.012492591117977507,2,isotropic_constructed_macro_nats_full_precision_v3,0552c7f4701ada91e31e916f992171b9418cb47d283a56e61f311581d66266cb
2005-04-05,0.008194079329449738,2,isotropic_constructed_macro_nats_full_precision_v3,0552c7f4701ada91e31e916f992171b9418cb47d283a56e61f311581d66266cb
2005-04-07,0.00851500862174473,2,isotropic_constructed_macro_nats_full_precision_v3,0552c7f4701ada91e31e916f992171b9418cb47d283a56e61f311581d66266cb
2005-04-11,0.003249335890176286,20,isotropic_constructed_macro_nats_full_precision_v3,0552c7f4701ada91e31e916f992171b9418cb47d283a56e61f311581d66266cb
2005-04-13,0.003197177109258348,20,isotropic_constructed_macro_nats_full_precision_v3,0552c7f4701ada91e31e916f992171b9418cb47d283a56e61f311581d66266cb
2005-04-15,0.0029977920324784357,21,isotropic_constructed_macro_nats_full_precision_v3,0552c7f4701ada91e31e916f992171b9418cb47d283a56e61f311581d66266cb
2005-04-19,0.0027287178893407385,20,isotropic_constructed_macro_nats_full_precision_v3,0552c7f4701ada91e31e916f992171b9418cb47d283a56e61f311581d66266cb
2005-04-21,0.006474383586807818,2,isotropic_constructed_macro_nats_full_precision_v3,0552c7f4701ada91e31e916f992171b9418cb47d283a56e61f311581d66266cb
2005-04-25,0.004829344374084242,2,isotropic_constructed_macro_nats_full_precision_v3,0552c7f4701ada91e31e916f992171b9418cb47d283a56e61f311581d66266cb
2005-04-27,0.008622524209089967,2,isotropic_constructed_macro_nats_full_precision_v3,0552c7f4701ada91e31e916f992171b9418cb47d283a56e61f311581d66266cb
2005-04-29,0.009695054902569743,2,isotropic_constructed_macro_nats_full_precision_v3,0552c7f4701ada91e31e916f992171b9418cb47d283a56e61f311581d66266cb
2005-05-03,0.008389573215124103,2,isotropic_constructed_macro_nats_full_precision_v3,0552c7f4701ada91e31e916f992171b9418cb47d283a56e61f311581d66266cb
2005-05-05,0.006614540840159042,2,isotropic_constructed_macro_nats_full_precision_v3,0552c7f4701ada91e31e916f992171b9418cb47d283a56e61f311581d66266cb
2005-05-09,0.008152442256194332,2,isotropic_constructed_macro_nats_full_precision_v3,0552c7f4701ada91e31e916f992171b9418cb47d283a56e61f311581d66266cb
2005-05-11,0.008794421575992334,2,isotropic_constructed_macro_nats_full_precision_v3,0552c7f4701ada91e31e916f992171b9418cb47d283a56e61f311581d66266cb
2005-05-13,0.011480885651777226,2,isotropic_constructed_macro_nats_full_precision_v3,0552c7f4701ada91e31e916f992171b9418cb47d283a56e61f311581d66266cb
2005-05-17,0.00550042515734829,2,isotropic_constructed_macro_nats_full_precision_v3,0552c7f4701ada91e31e916f992171b9418cb47d283a56e61f311581d66266cb
2005-05-19,0.004653952221705518,2,isotropic_constructed_macro_nats_full_precision_v3,0552c7f4701ada91e31e916f992171b9418cb47d283a56e61f311581d66266cb
2005-05-23,0.00610246129305736,2,isotropic_constructed_macro_nats_full_precision_v3,0552c7f4701ada91e31e916f992171b9418cb47d283a56e61f311581d66266cb
2005-05-25,0.004437588834393109,2,isotropic_constructed_macro_nats_full_precision_v3,0552c7f4701ada91e31e916f992171b9418cb47d283a56e61f311581d66266cb
2005-05-27,0.004967691231903319,2,isotropic_constructed_macro_nats_full_precision_v3,0552c7f4701ada91e31e916f992171b9418cb47d283a56e61f311581d66266cb
2005-06-01,0.0031349450169723056,20,isotropic_constructed_macro_nats_full_precision_v3,0552c7f4701ada91e31e916f992171b9418cb47d283a56e61f311581d66266cb
2005-06-03,0.0026603340101824385,20,isotropic_constructed_macro_nats_full_precision_v3,0552c7f4701ada91e31e916f992171b9418cb47d283a56e61f311581d66266cb
2005-06-07,0.002749197341406301,20,isotropic_constructed_macro_nats_full_precision_v3,0552c7f4701ada91e31e916f992171b9418cb47d283a56e61f311581d66266cb
2005-06-09,0.005181150476523122,2,isotropic_constructed_macro_nats_full_precision_v3,0552c7f4701ada91e31e916f992171b9418cb47d283a56e61f311581d66266cb
2005-06-13,0.0026746239080310402,20,isotropic_constructed_macro_nats_full_precision_v3,0552c7f4701ada91e31e916f992171b9418cb47d283a56e61f311581d66266cb
2005-06-15,0.0032774689656649286,2,isotropic_constructed_macro_nats_full_precision_v3,0552c7f4701ada91e31e916f992171b9418cb47d283a56e61f311581d66266cb
2005-06-17,0.002435590565240092,22,isotropic_constructed_macro_nats_full_precision_v3,0552c7f4701ada91e31e916f992171b9418cb47d283a56e61f311581d66266cb
2005-06-21,0.002356094286417469,22,isotropic_constructed_macro_nats_full_precision_v3,0552c7f4701ada91e31e916f992171b9418cb47d283a56e61f311581d66266cb
2005-06-23,0.002559726798398762,22,isotropic_constructed_macro_nats_full_precision_v3,0552c7f4701ada91e31e916f992171b9418cb47d283a56e61f311581d66266cb
2005-06-27,0.002951032136634585,1,isotropic_constructed_macro_nats_full_precision_v3,0552c7f4701ada91e31e916f992171b9418cb47d283a56e61f311581d66266cb
2005-06-29,0.0027715579357028564,22,isotropic_constructed_macro_nats_full_precision_v3,0552c7f4701ada91e31e916f992171b9418cb47d283a56e61f311581d66266cb
2005-07-01,0.003006532915681169,22,isotropic_constructed_macro_nats_full_precision_v3,0552c7f4701ada91e31e916f992171b9418cb47d283a56e61f311581d66266cb
2005-07-06,0.003441769715141166,15,isotropic_constructed_macro_nats_full_precision_v3,0552c7f4701ada91e31e916f992171b9418cb47d283a56e61f311581d66266cb
2005-07-08,0.0035793565805136013,15,isotropic_constructed_macro_nats_full_precision_v3,0552c7f4701ada91e31e916f992171b9418cb47d283a56e61f311581d66266cb
2005-07-12,0.0037414178483090588,22,isotropic_constructed_macro_nats_full_precision_v3,0552c7f4701ada91e31e916f992171b9418cb47d283a56e61f311581d66266cb
2005-07-14,0.003702765479877329,22,isotropic_constructed_macro_nats_full_precision_v3,0552c7f4701ada91e31e916f992171b9418cb47d283a56e61f311581d66266cb
2005-07-18,0.0038159688069356462,22,isotropic_constructed_macro_nats_full_precision_v3,0552c7f4701ada91e31e916f992171b9418cb47d283a56e61f311581d66266cb
2005-07-20,0.003723182729223916,22,isotropic_constructed_macro_nats_full_precision_v3,0552c7f4701ada91e31e916f992171b9418cb47d283a56e61f311581d66266cb
2005-07-22,0.003610306844107493,22,isotropic_constructed_macro_nats_full_precision_v3,0552c7f4701ada91e31e916f992171b9418cb47d283a56e61f311581d66266cb
2005-07-26,0.0035840647433170655,22,isotropic_constructed_macro_nats_full_precision_v3,0552c7f4701ada91e31e916f992171b9418cb47d283a56e61f311581d66266cb
2005-07-28,0.003730719967508206,22,isotropic_constructed_macro_nats_full_precision_v3,0552c7f4701ada91e31e916f992171b9418cb47d283a56e61f311581d66266cb
2005-08-01,0.003814269205301847,22,isotropic_constructed_macro_nats_full_precision_v3,0552c7f4701ada91e31e916f992171b9418cb47d283a56e61f311581d66266cb
2005-08-03,0.003719888336719976,22,isotropic_constructed_macro_nats_full_precision_v3,0552c7f4701ada91e31e916f992171b9418cb47d283a56e61f311581d66266cb
2005-08-05,0.003788014622971743,22,isotropic_constructed_macro_nats_full_precision_v3,0552c7f4701ada91e31e916f992171b9418cb47d283a56e61f311581d66266cb
2005-08-09,0.003951392290246526,22,isotropic_constructed_macro_nats_full_precision_v3,0552c7f4701ada91e31e916f992171b9418cb47d283a56e61f311581d66266cb
2005-08-11,0.003945695157224462,22,isotropic_constructed_macro_nats_full_precision_v3,0552c7f4701ada91e31e916f992171b9418cb47d283a56e61f311581d66266cb
2005-08-15,0.00391139446506128,14,isotropic_constructed_macro_nats_full_precision_v3,0552c7f4701ada91e31e916f992171b9418cb47d283a56e61f311581d66266cb
2005-08-17,0.003808753745632852,22,isotropic_constructed_macro_nats_full_precision_v3,0552c7f4701ada91e31e916f992171b9418cb47d283a56e61f311581d66266cb
2005-08-19,0.0036874720737527164,22,isotropic_constructed_macro_nats_full_precision_v3,0552c7f4701ada91e31e916f992171b9418cb47d283a56e61f311581d66266cb
2005-08-23,0.003686207313806561,22,isotropic_constructed_macro_nats_full_precision_v3,0552c7f4701ada91e31e916f992171b9418cb47d283a56e61f311581d66266cb
2005-08-25,0.0035540428997171553,22,isotropic_constructed_macro_nats_full_precision_v3,0552c7f4701ada91e31e916f992171b9418cb47d283a56e61f311581d66266cb
2005-08-29,0.003743367297803786,22,isotropic_constructed_macro_nats_full_precision_v3,0552c7f4701ada91e31e916f992171b9418cb47d283a56e61f311581d66266cb
2005-08-31,0.0038992051319401075,14,isotropic_constructed_macro_nats_full_precision_v3,0552c7f4701ada91e31e916f992171b9418cb47d283a56e61f311581d66266cb
2005-09-02,0.0036262650593671605,14,isotropic_constructed_macro_nats_full_precision_v3,0552c7f4701ada91e31e916f992171b9418cb47d283a56e61f311581d66266cb
2005-09-07,0.003386577319897187,22,isotropic_constructed_macro_nats_full_precision_v3,0552c7f4701ada91e31e916f992171b9418cb47d283a56e61f311581d66266cb
2005-09-09,0.003560885881642259,22,isotropic_constructed_macro_nats_full_precision_v3,0552c7f4701ada91e31e916f992171b9418cb47d283a56e61f311581d66266cb
2005-09-13,0.004064341640203459,14,isotropic_constructed_macro_nats_full_precision_v3,0552c7f4701ada91e31e916f992171b9418cb47d283a56e61f311581d66266cb
2005-09-15,0.0037348271012335385,14,isotropic_constructed_macro_nats_full_precision_v3,0552c7f4701ada91e31e916f992171b9418cb47d283a56e61f311581d66266cb
2005-09-19,0.004043308353873391,14,isotropic_constructed_macro_nats_full_precision_v3,0552c7f4701ada91e31e916f992171b9418cb47d283a56e61f311581d66266cb
2005-09-21,0.0034896568219900392,14,isotropic_constructed_macro_nats_full_precision_v3,0552c7f4701ada91e31e916f992171b9418cb47d283a56e61f311581d66266cb
2005-09-23,0.004099204212308416,14,isotropic_constructed_macro_nats_full_precision_v3,0552c7f4701ada91e31e916f992171b9418cb47d283a56e61f311581d66266cb
2005-09-27,0.00455091337255311,5,isotropic_constructed_macro_nats_full_precision_v3,0552c7f4701ada91e31e916f992171b9418cb47d283a56e61f311581d66266cb
2005-09-29,0.0052138232985392136,5,isotropic_constructed_macro_nats_full_precision_v3,0552c7f4701ada91e31e916f992171b9418cb47d283a56e61f311581d66266cb
2005-10-03,0.005188487660037572,5,isotropic_constructed_macro_nats_full_precision_v3,0552c7f4701ada91e31e916f992171b9418cb47d283a56e61f311581d66266cb
2005-10-05,0.006015974343916736,5,isotropic_constructed_macro_nats_full_precision_v3,0552c7f4701ada91e31e916f992171b9418cb47d283a56e61f311581d66266cb
2005-10-07,0.004856857179292247,5,isotropic_constructed_macro_nats_full_precision_v3,0552c7f4701ada91e31e916f992171b9418cb47d283a56e61f311581d66266cb
2005-10-11,0.006816468173513127,5,isotropic_constructed_macro_nats_full_precision_v3,0552c7f4701ada91e31e916f992171b9418cb47d283a56e61f311581d66266cb
2005-10-13,0.00604609178012936,5,isotropic_constructed_macro_nats_full_precision_v3,0552c7f4701ada91e31e916f992171b9418cb47d283a56e61f311581d66266cb
2005-10-17,0.004362824961782516,5,isotropic_constructed_macro_nats_full_precision_v3,0552c7f4701ada91e31e916f992171b9418cb47d283a56e61f311581d66266cb
2005-10-19,0.004583326242720176,5,isotropic_constructed_macro_nats_full_precision_v3,0552c7f4701ada91e31e916f992171b9418cb47d283a56e61f311581d66266cb
2005-10-21,0.004883320182097486,1,isotropic_constructed_macro_nats_full_precision_v3,0552c7f4701ada91e31e916f992171b9418cb47d283a56e61f311581d66266cb
2005-10-25,0.004826501350339463,1,isotropic_constructed_macro_nats_full_precision_v3,0552c7f4701ada91e31e916f992171b9418cb47d283a56e61f311581d66266cb
2005-10-27,0.006503125929711653,1,isotropic_constructed_macro_nats_full_precision_v3,0552c7f4701ada91e31e916f992171b9418cb47d283a56e61f311581d66266cb
2005-10-31,0.006586613922666018,1,isotropic_constructed_macro_nats_full_precision_v3,0552c7f4701ada91e31e916f992171b9418cb47d283a56e61f311581d66266cb
2005-11-02,0.007615844023490699,1,isotropic_constructed_macro_nats_full_precision_v3,0552c7f4701ada91e31e916f992171b9418cb47d283a56e61f311581d66266cb
2005-11-04,0.0030467140138156906,20,isotropic_constructed_macro_nats_full_precision_v3,0552c7f4701ada91e31e916f992171b9418cb47d283a56e61f311581d66266cb
2005-11-08,0.002894383600371954,20,isotropic_constructed_macro_nats_full_precision_v3,0552c7f4701ada91e31e916f992171b9418cb47d283a56e61f311581d66266cb
2005-11-10,0.0031932855886643505,21,isotropic_constructed_macro_nats_full_precision_v3,0552c7f4701ada91e31e916f992171b9418cb47d283a56e61f311581d66266cb
2005-11-14,0.00738455662029433,1,isotropic_constructed_macro_nats_full_precision_v3,0552c7f4701ada91e31e916f992171b9418cb47d283a56e61f311581d66266cb
2005-11-16,0.014785168055225145,1,isotropic_constructed_macro_nats_full_precision_v3,0552c7f4701ada91e31e916f992171b9418cb47d283a56e61f311581d66266cb
2005-11-18,0.01734041583341757,1,isotropic_constructed_macro_nats_full_precision_v3,0552c7f4701ada91e31e916f992171b9418cb47d283a56e61f311581d66266cb
2005-11-22,0.01939254270842123,1,isotropic_constructed_macro_nats_full_precision_v3,0552c7f4701ada91e31e916f992171b9418cb47d283a56e61f311581d66266cb
2005-11-25,0.018555349028338185,1,isotropic_constructed_macro_nats_full_precision_v3,0552c7f4701ada91e31e916f992171b9418cb47d283a56e61f311581d66266cb
2005-11-29,0.02249128707950187,1,isotropic_constructed_macro_nats_full_precision_v3,0552c7f4701ada91e31e916f992171b9418cb47d283a56e61f311581d66266cb
2005-12-01,0.026207063795081594,1,isotropic_constructed_macro_nats_full_precision_v3,0552c7f4701ada91e31e916f992171b9418cb47d283a56e61f311581d66266cb
2005-12-05,0.028826489753756943,1,isotropic_constructed_macro_nats_full_precision_v3,0552c7f4701ada91e31e916f992171b9418cb47d283a56e61f311581d66266cb
2005-12-07,0.028155442977695108,1,isotropic_constructed_macro_nats_full_precision_v3,0552c7f4701ada91e31e916f992171b9418cb47d283a56e61f311581d66266cb
2005-12-09,0.027861086341273614,1,isotropic_constructed_macro_nats_full_precision_v3,0552c7f4701ada91e31e916f992171b9418cb47d283a56e61f311581d66266cb
2005-12-13,0.02599183723560934,1,isotropic_constructed_macro_nats_full_precision_v3,0552c7f4701ada91e31e916f992171b9418cb47d283a56e61f311581d66266cb
2005-12-15,0.03508428337354642,1,isotropic_constructed_macro_nats_full_precision_v3,0552c7f4701ada91e31e916f992171b9418cb47d283a56e61f311581d66266cb
2005-12-19,0.03539447944679418,1,isotropic_constructed_macro_nats_full_precision_v3,0552c7f4701ada91e31e916f992171b9418cb47d283a56e61f311581d66266cb
2005-12-21,0.030769196390862598,1,isotropic_constructed_macro_nats_full_precision_v3,0552c7f4701ada91e31e916f992171b9418cb47d283a56e61f311581d66266cb
2005-12-23,0.0298779092736473,1,isotropic_constructed_macro_nats_full_precision_v3,0552c7f4701ada91e31e916f992171b9418cb47d283a56e61f311581d66266cb
2005-12-28,0.03311280486147492,1,isotropic_constructed_macro_nats_full_precision_v3,0552c7f4701ada91e31e916f992171b9418cb47d283a56e61f311581d66266cb
2005-12-30,0.03275529592943768,1,isotropic_constructed_macro_nats_full_precision_v3,0552c7f4701ada91e31e916f992171b9418cb47d283a56e61f311581d66266cb
2006-01-04,0.03073449326983623,1,isotropic_constructed_macro_nats_full_precision_v3,0552c7f4701ada91e31e916f992171b9418cb47d283a56e61f311581d66266cb
2006-01-06,0.030705504689600184,1,isotropic_constructed_macro_nats_full_precision_v3,0552c7f4701ada91e31e916f992171b9418cb47d283a56e61f311581d66266cb
2006-01-10,0.03116870136573796,1,isotropic_constructed_macro_nats_full_precision_v3,0552c7f4701ada91e31e916f992171b9418cb47d283a56e61f311581d66266cb
2006-01-12,0.031250803225766906,1,isotropic_constructed_macro_nats_full_precision_v3,0552c7f4701ada91e31e916f992171b9418cb47d283a56e61f311581d66266cb
2006-01-17,0.028909405969647514,1,isotropic_constructed_macro_nats_full_precision_v3,0552c7f4701ada91e31e916f992171b9418cb47d283a56e61f311581d66266cb
2006-01-19,0.030503590994417414,1,isotropic_constructed_macro_nats_full_precision_v3,0552c7f4701ada91e31e916f992171b9418cb47d283a56e61f311581d66266cb
2006-01-23,0.03287772118076203,1,isotropic_constructed_macro_nats_full_precision_v3,0552c7f4701ada91e31e916f992171b9418cb47d283a56e61f311581d66266cb
2006-01-25,0.030318146090774732,1,isotropic_constructed_macro_nats_full_precision_v3,0552c7f4701ada91e31e916f992171b9418cb47d283a56e61f311581d66266cb
2006-01-27,0.0379651666675669,1,isotropic_constructed_macro_nats_full_precision_v3,0552c7f4701ada91e31e916f992171b9418cb47d283a56e61f311581d66266cb
2006-01-31,0.022842382987268844,1,isotropic_constructed_macro_nats_full_precision_v3,0552c7f4701ada91e31e916f992171b9418cb47d283a56e61f311581d66266cb
2006-02-02,0.014780486703969115,1,isotropic_constructed_macro_nats_full_precision_v3,0552c7f4701ada91e31e916f992171b9418cb47d283a56e61f311581d66266cb
2006-02-06,0.019774902520680607,1,isotropic_constructed_macro_nats_full_precision_v3,0552c7f4701ada91e31e916f992171b9418cb47d283a56e61f311581d66266cb
2006-02-08,0.03007688870839645,1,isotropic_constructed_macro_nats_full_precision_v3,0552c7f4701ada91e31e916f992171b9418cb47d283a56e61f311581d66266cb
2006-02-10,0.026526460438082287,1,isotropic_constructed_macro_nats_full_precision_v3,0552c7f4701ada91e31e916f992171b9418cb47d283a56e61f311581d66266cb
2006-02-14,0.027008810008941946,1,isotropic_constructed_macro_nats_full_precision_v3,0552c7f4701ada91e31e916f992171b9418cb47d283a56e61f311581d66266cb
2006-02-16,0.031201593572385986,1,isotropic_constructed_macro_nats_full_precision_v3,0552c7f4701ada91e31e916f992171b9418cb47d283a56e61f311581d66266cb
2006-02-21,0.03551490521751557,1,isotropic_constructed_macro_nats_full_precision_v3,0552c7f4701ada91e31e916f992171b9418cb47d283a56e61f311581d66266cb
2006-02-23,0.03746960528183975,1,isotropic_constructed_macro_nats_full_precision_v3,0552c7f4701ada91e31e916f992171b9418cb47d283a56e61f311581d66266cb
2006-02-27,0.042663194187123804,1,isotropic_constructed_macro_nats_full_precision_v3,0552c7f4701ada91e31e916f992171b9418cb47d283a56e61f311581d66266cb
2006-03-01,0.033117464119652065,1,isotropic_constructed_macro_nats_full_precision_v3,0552c7f4701ada91e31e916f992171b9418cb47d283a56e61f311581d66266cb
2006-03-03,0.02988132212476889,1,isotropic_constructed_macro_nats_full_precision_v3,0552c7f4701ada91e31e916f992171b9418cb47d283a56e61f311581d66266cb
2006-03-07,0.02521281857447555,1,isotropic_constructed_macro_nats_full_precision_v3,0552c7f4701ada91e31e916f992171b9418cb47d283a56e61f311581d66266cb
2006-03-09,0.022977386282710496,1,isotropic_constructed_macro_nats_full_precision_v3,0552c7f4701ada91e31e916f992171b9418cb47d283a56e61f311581d66266cb
2006-03-13,0.024378515727767676,1,isotropic_constructed_macro_nats_full_precision_v3,0552c7f4701ada91e31e916f992171b9418cb47d283a56e61f311581d66266cb
2006-03-15,0.015332761598385918,1,isotropic_constructed_macro_nats_full_precision_v3,0552c7f4701ada91e31e916f992171b9418cb47d283a56e61f311581d66266cb
2006-03-17,0.014944231827593413,1,isotropic_constructed_macro_nats_full_precision_v3,0552c7f4701ada91e31e916f992171b9418cb47d283a56e61f311581d66266cb
2006-03-21,0.01164930141132784,1,isotropic_constructed_macro_nats_full_precision_v3,0552c7f4701ada91e31e916f992171b9418cb47d283a56e61f311581d66266cb
2006-03-23,0.011221343064341423,1,isotropic_constructed_macro_nats_full_precision_v3,0552c7f4701ada91e31e916f992171b9418cb47d283a56e61f311581d66266cb
2006-03-27,0.011189864075096763,1,isotropic_constructed_macro_nats_full_precision_v3,0552c7f4701ada91e31e916f992171b9418cb47d283a56e61f311581d66266cb
2006-03-29,0.0155128689754509,1,isotropic_constructed_macro_nats_full_precision_v3,0552c7f4701ada91e31e916f992171b9418cb47d283a56e61f311581d66266cb
2006-03-31,0.01441706808505009,1,isotropic_constructed_macro_nats_full_precision_v3,0552c7f4701ada91e31e916f992171b9418cb47d283a56e61f311581d66266cb
2006-04-04,0.01801321627992216,1,isotropic_constructed_macro_nats_full_precision_v3,0552c7f4701ada91e31e916f992171b9418cb47d283a56e61f311581d66266cb
2006-04-06,0.019774352107142512,1,isotropic_constructed_macro_nats_full_precision_v3,0552c7f4701ada91e31e916f992171b9418cb47d283a56e61f311581d66266cb
2006-04-10,0.011929262165549306,1,isotropic_constructed_macro_nats_full_precision_v3,0552c7f4701ada91e31e916f992171b9418cb47d283a56e61f311581d66266cb
2006-04-12,0.01213510460599624,1,isotropic_constructed_macro_nats_full_precision_v3,0552c7f4701ada91e31e916f992171b9418cb47d283a56e61f311581d66266cb
2006-04-17,0.006079278770875794,2,isotropic_constructed_macro_nats_full_precision_v3,0552c7f4701ada91e31e916f992171b9418cb47d283a56e61f311581d66266cb
2006-04-19,0.009614038904202003,2,isotropic_constructed_macro_nats_full_precision_v3,0552c7f4701ada91e31e916f992171b9418cb47d283a56e61f311581d66266cb
2006-04-21,0.008756938469576404,2,isotropic_constructed_macro_nats_full_precision_v3,0552c7f4701ada91e31e916f992171b9418cb47d283a56e61f311581d66266cb
2006-04-25,0.01073215870224805,2,isotropic_constructed_macro_nats_full_precision_v3,0552c7f4701ada91e31e916f992171b9418cb47d283a56e61f311581d66266cb
2006-04-27,0.007441696082315846,2,isotropic_constructed_macro_nats_full_precision_v3,0552c7f4701ada91e31e916f992171b9418cb47d283a56e61f311581d66266cb
2006-05-01,0.008836801064135771,2,isotropic_constructed_macro_nats_full_precision_v3,0552c7f4701ada91e31e916f992171b9418cb47d283a56e61f311581d66266cb
2006-05-03,0.011444046966275143,2,isotropic_constructed_macro_nats_full_precision_v3,0552c7f4701ada91e31e916f992171b9418cb47d283a56e61f311581d66266cb
2006-05-05,0.0068338878574690995,2,isotropic_constructed_macro_nats_full_precision_v3,0552c7f4701ada91e31e916f992171b9418cb47d283a56e61f311581d66266cb
2006-05-09,0.006811624783490032,2,isotropic_constructed_macro_nats_full_precision_v3,0552c7f4701ada91e31e916f992171b9418cb47d283a56e61f311581d66266cb
2006-05-11,0.004221993695692677,2,isotropic_constructed_macro_nats_full_precision_v3,0552c7f4701ada91e31e916f992171b9418cb47d283a56e61f311581d66266cb
2006-05-15,0.0037535708443324906,14,isotropic_constructed_macro_nats_full_precision_v3,0552c7f4701ada91e31e916f992171b9418cb47d283a56e61f311581d66266cb
2006-05-17,0.003872503557445839,13,isotropic_constructed_macro_nats_full_precision_v3,0552c7f4701ada91e31e916f992171b9418cb47d283a56e61f311581d66266cb
2006-05-19,0.0029623268415153517,22,isotropic_constructed_macro_nats_full_precision_v3,0552c7f4701ada91e31e916f992171b9418cb47d283a56e61f311581d66266cb
2006-05-23,0.0029714801942214014,22,isotropic_constructed_macro_nats_full_precision_v3,0552c7f4701ada91e31e916f992171b9418cb47d283a56e61f311581d66266cb
2006-05-25,0.0030892366647904193,22,isotropic_constructed_macro_nats_full_precision_v3,0552c7f4701ada91e31e916f992171b9418cb47d283a56e61f311581d66266cb
2006-05-30,0.003140923848441751,22,isotropic_constructed_macro_nats_full_precision_v3,0552c7f4701ada91e31e916f992171b9418cb47d283a56e61f311581d66266cb
2006-06-01,0.003120950130550665,22,isotropic_constructed_macro_nats_full_precision_v3,0552c7f4701ada91e31e916f992171b9418cb47d283a56e61f311581d66266cb
2006-06-05,0.003145974541472356,22,isotropic_constructed_macro_nats_full_precision_v3,0552c7f4701ada91e31e916f992171b9418cb47d283a56e61f311581d66266cb
2006-06-07,0.003137434649775457,22,isotropic_constructed_macro_nats_full_precision_v3,0552c7f4701ada91e31e916f992171b9418cb47d283a56e61f311581d66266cb
2006-06-09,0.006279038724598368,2,isotropic_constructed_macro_nats_full_precision_v3,0552c7f4701ada91e31e916f992171b9418cb47d283a56e61f311581d66266cb
2006-06-13,0.008800621122837173,2,isotropic_constructed_macro_nats_full_precision_v3,0552c7f4701ada91e31e916f992171b9418cb47d283a56e61f311581d66266cb
2006-06-15,0.009842482723315685,2,isotropic_constructed_macro_nats_full_precision_v3,0552c7f4701ada91e31e916f992171b9418cb47d283a56e61f311581d66266cb
2006-06-19,0.009581199636634646,2,isotropic_constructed_macro_nats_full_precision_v3,0552c7f4701ada91e31e916f992171b9418cb47d283a56e61f311581d66266cb
2006-06-21,0.0058074064783458085,2,isotropic_constructed_macro_nats_full_precision_v3,0552c7f4701ada91e31e916f992171b9418cb47d283a56e61f311581d66266cb
2006-06-23,0.00746115239885068,2,isotropic_constructed_macro_nats_full_precision_v3,0552c7f4701ada91e31e916f992171b9418cb47d283a56e61f311581d66266cb
2006-06-27,0.010866468677053473,2,isotropic_constructed_macro_nats_full_precision_v3,0552c7f4701ada91e31e916f992171b9418cb47d283a56e61f311581d66266cb
2006-06-29,0.00634580954446419,2,isotropic_constructed_macro_nats_full_precision_v3,0552c7f4701ada91e31e916f992171b9418cb47d283a56e61f311581d66266cb
2006-07-03,0.005154296816660832,2,isotropic_constructed_macro_nats_full_precision_v3,0552c7f4701ada91e31e916f992171b9418cb47d283a56e61f311581d66266cb
2006-07-06,0.00787731928536501,2,isotropic_constructed_macro_nats_full_precision_v3,0552c7f4701ada91e31e916f992171b9418cb47d283a56e61f311581d66266cb
2006-07-10,0.00813865029386207,2,isotropic_constructed_macro_nats_full_precision_v3,0552c7f4701ada91e31e916f992171b9418cb47d283a56e61f311581d66266cb
2006-07-12,0.007169770151274159,2,isotropic_constructed_macro_nats_full_precision_v3,0552c7f4701ada91e31e916f992171b9418cb47d283a56e61f311581d66266cb
2006-07-14,0.005780228856613334,2,isotropic_constructed_macro_nats_full_precision_v3,0552c7f4701ada91e31e916f992171b9418cb47d283a56e61f311581d66266cb
2006-07-18,0.00524878436914844,14,isotropic_constructed_macro_nats_full_precision_v3,0552c7f4701ada91e31e916f992171b9418cb47d283a56e61f311581d66266cb
2006-07-20,0.01147825758601885,2,isotropic_constructed_macro_nats_full_precision_v3,0552c7f4701ada91e31e916f992171b9418cb47d283a56e61f311581d66266cb
2006-07-24,0.0070029092708636526,1,isotropic_constructed_macro_nats_full_precision_v3,0552c7f4701ada91e31e916f992171b9418cb47d283a56e61f311581d66266cb
2006-07-26,0.005773326471218691,14,isotropic_constructed_macro_nats_full_precision_v3,0552c7f4701ada91e31e916f992171b9418cb47d283a56e61f311581d66266cb
2006-07-28,0.005904066954712073,1,isotropic_constructed_macro_nats_full_precision_v3,0552c7f4701ada91e31e916f992171b9418cb47d283a56e61f311581d66266cb
2006-08-01,0.005864298009547991,5,isotropic_constructed_macro_nats_full_precision_v3,0552c7f4701ada91e31e916f992171b9418cb47d283a56e61f311581d66266cb
2006-08-03,0.005542977492444902,14,isotropic_constructed_macro_nats_full_precision_v3,0552c7f4701ada91e31e916f992171b9418cb47d283a56e61f311581d66266cb
2006-08-07,0.005310114451094902,14,isotropic_constructed_macro_nats_full_precision_v3,0552c7f4701ada91e31e916f992171b9418cb47d283a56e61f311581d66266cb
2006-08-09,0.005747835167813478,14,isotropic_constructed_macro_nats_full_precision_v3,0552c7f4701ada91e31e916f992171b9418cb47d283a56e61f311581d66266cb
2006-08-11,0.006145107093581306,14,isotropic_constructed_macro_nats_full_precision_v3,0552c7f4701ada91e31e916f992171b9418cb47d283a56e61f311581d66266cb
2006-08-15,0.005824282486192628,14,isotropic_constructed_macro_nats_full_precision_v3,0552c7f4701ada91e31e916f992171b9418cb47d283a56e61f311581d66266cb
2006-08-17,0.0057977796056570274,14,isotropic_constructed_macro_nats_full_precision_v3,0552c7f4701ada91e31e916f992171b9418cb47d283a56e61f311581d66266cb
2006-08-21,0.005240439073762641,14,isotropic_constructed_macro_nats_full_precision_v3,0552c7f4701ada91e31e916f992171b9418cb47d283a56e61f311581d66266cb
2006-08-23,0.005172925414100311,14,isotropic_constructed_macro_nats_full_precision_v3,0552c7f4701ada91e31e916f992171b9418cb47d283a56e61f311581d66266cb
2006-08-25,0.005210734518996674,14,isotropic_constructed_macro_nats_full_precision_v3,0552c7f4701ada91e31e916f992171b9418cb47d283a56e61f311581d66266cb
2006-08-29,0.004974642279045545,14,isotropic_constructed_macro_nats_full_precision_v3,0552c7f4701ada91e31e916f992171b9418cb47d283a56e61f311581d66266cb
2006-08-31,0.005591858826892546,14,isotropic_constructed_macro_nats_full_precision_v3,0552c7f4701ada91e31e916f992171b9418cb47d283a56e61f311581d66266cb
2006-09-05,0.005304690501625943,14,isotropic_constructed_macro_nats_full_precision_v3,0552c7f4701ada91e31e916f992171b9418cb47d283a56e61f311581d66266cb
2006-09-07,0.0055669340658118655,14,isotropic_constructed_macro_nats_full_precision_v3,0552c7f4701ada91e31e916f992171b9418cb47d283a56e61f311581d66266cb
2006-09-11,0.005417083221583678,14,isotropic_constructed_macro_nats_full_precision_v3,0552c7f4701ada91e31e916f992171b9418cb47d283a56e61f311581d66266cb
2006-09-13,0.006000123332870269,14,isotropic_constructed_macro_nats_full_precision_v3,0552c7f4701ada91e31e916f992171b9418cb47d283a56e61f311581d66266cb
2006-09-15,0.006036488517639438,14,isotropic_constructed_macro_nats_full_precision_v3,0552c7f4701ada91e31e916f992171b9418cb47d283a56e61f311581d66266cb
2006-09-19,0.006636888668607739,14,isotropic_constructed_macro_nats_full_precision_v3,0552c7f4701ada91e31e916f992171b9418cb47d283a56e61f311581d66266cb
2006-09-21,0.007209208502279588,14,isotropic_constructed_macro_nats_full_precision_v3,0552c7f4701ada91e31e916f992171b9418cb47d283a56e61f311581d66266cb
2006-09-25,0.007443660912502918,14,isotropic_constructed_macro_nats_full_precision_v3,0552c7f4701ada91e31e916f992171b9418cb47d283a56e61f311581d66266cb
2006-09-27,0.007718181555050101,14,isotropic_constructed_macro_nats_full_precision_v3,0552c7f4701ada91e31e916f992171b9418cb47d283a56e61f311581d66266cb
2006-09-29,0.00788550527619615,14,isotropic_constructed_macro_nats_full_precision_v3,0552c7f4701ada91e31e916f992171b9418cb47d283a56e61f311581d66266cb
2006-10-03,0.008157830439593887,14,isotropic_constructed_macro_nats_full_precision_v3,0552c7f4701ada91e31e916f992171b9418cb47d283a56e61f311581d66266cb
2006-10-05,0.0082930090867964,14,isotropic_constructed_macro_nats_full_precision_v3,0552c7f4701ada91e31e916f992171b9418cb47d283a56e61f311581d66266cb
2006-10-09,0.006861614672796515,14,isotropic_constructed_macro_nats_full_precision_v3,0552c7f4701ada91e31e916f992171b9418cb47d283a56e61f311581d66266cb
2006-10-11,0.006642928947754673,14,isotropic_constructed_macro_nats_full_precision_v3,0552c7f4701ada91e31e916f992171b9418cb47d283a56e61f311581d66266cb
2006-10-13,0.005714359883813427,11,isotropic_constructed_macro_nats_full_precision_v3,0552c7f4701ada91e31e916f992171b9418cb47d283a56e61f311581d66266cb
2006-10-17,0.0060497867644889805,11,isotropic_constructed_macro_nats_full_precision_v3,0552c7f4701ada91e31e916f992171b9418cb47d283a56e61f311581d66266cb
2006-10-19,0.010504385549324743,1,isotropic_constructed_macro_nats_full_precision_v3,0552c7f4701ada91e31e916f992171b9418cb47d283a56e61f311581d66266cb
2006-10-23,0.012688542161038124,1,isotropic_constructed_macro_nats_full_precision_v3,0552c7f4701ada91e31e916f992171b9418cb47d283a56e61f311581d66266cb
2006-10-25,0.015672797110351112,1,isotropic_constructed_macro_nats_full_precision_v3,0552c7f4701ada91e31e916f992171b9418cb47d283a56e61f311581d66266cb
2006-10-27,0.013936691490357533,1,isotropic_constructed_macro_nats_full_precision_v3,0552c7f4701ada91e31e916f992171b9418cb47d283a56e61f311581d66266cb
2006-10-31,0.013344023113434036,1,isotropic_constructed_macro_nats_full_precision_v3,0552c7f4701ada91e31e916f992171b9418cb47d283a56e61f311581d66266cb
2006-11-02,0.011484208274277326,1,isotropic_constructed_macro_nats_full_precision_v3,0552c7f4701ada91e31e916f992171b9418cb47d283a56e61f311581d66266cb
2006-11-06,0.0074745818395455035,11,isotropic_constructed_macro_nats_full_precision_v3,0552c7f4701ada91e31e916f992171b9418cb47d283a56e61f311581d66266cb
2006-11-08,0.00742014518391413,11,isotropic_constructed_macro_nats_full_precision_v3,0552c7f4701ada91e31e916f992171b9418cb47d283a56e61f311581d66266cb
2006-11-10,0.006816204282073281,8,isotropic_constructed_macro_nats_full_precision_v3,0552c7f4701ada91e31e916f992171b9418cb47d283a56e61f311581d66266cb
2006-11-14,0.006006894910872265,13,isotropic_constructed_macro_nats_full_precision_v3,0552c7f4701ada91e31e916f992171b9418cb47d283a56e61f311581d66266cb
2006-11-16,0.006012552810913868,13,isotropic_constructed_macro_nats_full_precision_v3,0552c7f4701ada91e31e916f992171b9418cb47d283a56e61f311581d66266cb
2006-11-20,0.006158405572369574,13,isotropic_constructed_macro_nats_full_precision_v3,0552c7f4701ada91e31e916f992171b9418cb47d283a56e61f311581d66266cb
2006-11-22,0.006996842351537386,8,isotropic_constructed_macro_nats_full_precision_v3,0552c7f4701ada91e31e916f992171b9418cb47d283a56e61f311581d66266cb
2006-11-27,0.006415876313346301,8,isotropic_constructed_macro_nats_full_precision_v3,0552c7f4701ada91e31e916f992171b9418cb47d283a56e61f311581d66266cb
2006-11-29,0.006161047169628911,8,isotropic_constructed_macro_nats_full_precision_v3,0552c7f4701ada91e31e916f992171b9418cb47d283a56e61f311581d66266cb
2006-12-01,0.006991024998784921,8,isotropic_constructed_macro_nats_full_precision_v3,0552c7f4701ada91e31e916f992171b9418cb47d283a56e61f311581d66266cb
2006-12-05,0.006716414230936135,8,isotropic_constructed_macro_nats_full_precision_v3,0552c7f4701ada91e31e916f992171b9418cb47d283a56e61f311581d66266cb
2006-12-07,0.0076578446810588105,8,isotropic_constructed_macro_nats_full_precision_v3,0552c7f4701ada91e31e916f992171b9418cb47d283a56e61f311581d66266cb
2006-12-11,0.007234445594258433,8,isotropic_constructed_macro_nats_full_precision_v3,0552c7f4701ada91e31e916f992171b9418cb47d283a56e61f311581d66266cb
2006-12-13,0.007564732854617812,8,isotropic_constructed_macro_nats_full_precision_v3,0552c7f4701ada91e31e916f992171b9418cb47d283a56e61f311581d66266cb
2006-12-15,0.007527786479301628,8,isotropic_constructed_macro_nats_full_precision_v3,0552c7f4701ada91e31e916f992171b9418cb47d283a56e61f311581d66266cb
2006-12-19,0.007824817939119023,1,isotropic_constructed_macro_nats_full_precision_v3,0552c7f4701ada91e31e916f992171b9418cb47d283a56e61f311581d66266cb
2006-12-21,0.006598504771038627,1,isotropic_constructed_macro_nats_full_precision_v3,0552c7f4701ada91e31e916f992171b9418cb47d283a56e61f311581d66266cb
2006-12-26,0.006764726751032589,1,isotropic_constructed_macro_nats_full_precision_v3,0552c7f4701ada91e31e916f992171b9418cb47d283a56e61f311581d66266cb
2006-12-28,0.00662242952111871,8,isotropic_constructed_macro_nats_full_precision_v3,0552c7f4701ada91e31e916f992171b9418cb47d283a56e61f311581d66266cb
2007-01-03,0.007313641673391658,2,isotropic_constructed_macro_nats_full_precision_v3,0552c7f4701ada91e31e916f992171b9418cb47d283a56e61f311581d66266cb
2007-01-05,0.0068236505909155185,8,isotropic_constructed_macro_nats_full_precision_v3,0552c7f4701ada91e31e916f992171b9418cb47d283a56e61f311581d66266cb
2007-01-09,0.00802477540163219,8,isotropic_constructed_macro_nats_full_precision_v3,0552c7f4701ada91e31e916f992171b9418cb47d283a56e61f311581d66266cb
2007-01-11,0.007282385587748998,8,isotropic_constructed_macro_nats_full_precision_v3,0552c7f4701ada91e31e916f992171b9418cb47d283a56e61f311581d66266cb
2007-01-16,0.00641511232386479,8,isotropic_constructed_macro_nats_full_precision_v3,0552c7f4701ada91e31e916f992171b9418cb47d283a56e61f311581d66266cb
2007-01-18,0.005593223065022607,14,isotropic_constructed_macro_nats_full_precision_v3,0552c7f4701ada91e31e916f992171b9418cb47d283a56e61f311581d66266cb
2007-01-22,0.0055579562651090625,14,isotropic_constructed_macro_nats_full_precision_v3,0552c7f4701ada91e31e916f992171b9418cb47d283a56e61f311581d66266cb
2007-01-24,0.008736544622053206,1,isotropic_constructed_macro_nats_full_precision_v3,0552c7f4701ada91e31e916f992171b9418cb47d283a56e61f311581d66266cb
2007-01-26,0.011236389783940953,2,isotropic_constructed_macro_nats_full_precision_v3,0552c7f4701ada91e31e916f992171b9418cb47d283a56e61f311581d66266cb
2007-01-30,0.013127877890175735,1,isotropic_constructed_macro_nats_full_precision_v3,0552c7f4701ada91e31e916f992171b9418cb47d283a56e61f311581d66266cb
2007-02-01,0.02203778220925378,1,isotropic_constructed_macro_nats_full_precision_v3,0552c7f4701ada91e31e916f992171b9418cb47d283a56e61f311581d66266cb
2007-02-05,0.0164649405818027,1,isotropic_constructed_macro_nats_full_precision_v3,0552c7f4701ada91e31e916f992171b9418cb47d283a56e61f311581d66266cb
2007-02-07,0.01614678908161267,1,isotropic_constructed_macro_nats_full_precision_v3,0552c7f4701ada91e31e916f992171b9418cb47d283a56e61f311581d66266cb
2007-02-09,0.012601404277138843,1,isotropic_constructed_macro_nats_full_precision_v3,0552c7f4701ada91e31e916f992171b9418cb47d283a56e61f311581d66266cb
2007-02-13,0.011952844374366008,1,isotropic_constructed_macro_nats_full_precision_v3,0552c7f4701ada91e31e916f992171b9418cb47d283a56e61f311581d66266cb
2007-02-15,0.012128823191191587,1,isotropic_constructed_macro_nats_full_precision_v3,0552c7f4701ada91e31e916f992171b9418cb47d283a56e61f311581d66266cb
2007-02-20,0.008324810964350428,1,isotropic_constructed_macro_nats_full_precision_v3,0552c7f4701ada91e31e916f992171b9418cb47d283a56e61f311581d66266cb
2007-02-22,0.007066353448247006,14,isotropic_constructed_macro_nats_full_precision_v3,0552c7f4701ada91e31e916f992171b9418cb47d283a56e61f311581d66266cb
2007-02-26,0.007098680377557842,14,isotropic_constructed_macro_nats_full_precision_v3,0552c7f4701ada91e31e916f992171b9418cb47d283a56e61f311581d66266cb
2007-02-28,0.007260582540020537,14,isotropic_constructed_macro_nats_full_precision_v3,0552c7f4701ada91e31e916f992171b9418cb47d283a56e61f311581d66266cb
2007-03-02,0.007012939312742127,14,isotropic_constructed_macro_nats_full_precision_v3,0552c7f4701ada91e31e916f992171b9418cb47d283a56e61f311581d66266cb
2007-03-06,0.006899652355465538,14,isotropic_constructed_macro_nats_full_precision_v3,0552c7f4701ada91e31e916f992171b9418cb47d283a56e61f311581d66266cb
2007-03-08,0.006726646430145422,14,isotropic_constructed_macro_nats_full_precision_v3,0552c7f4701ada91e31e916f992171b9418cb47d283a56e61f311581d66266cb
2007-03-12,0.006893167794491846,14,isotropic_constructed_macro_nats_full_precision_v3,0552c7f4701ada91e31e916f992171b9418cb47d283a56e61f311581d66266cb
2007-03-14,0.00756604100058382,14,isotropic_constructed_macro_nats_full_precision_v3,0552c7f4701ada91e31e916f992171b9418cb47d283a56e61f311581d66266cb
2007-03-16,0.007459122851886886,2,isotropic_constructed_macro_nats_full_precision_v3,0552c7f4701ada91e31e916f992171b9418cb47d283a56e61f311581d66266cb
2007-03-20,0.010627538613629875,2,isotropic_constructed_macro_nats_full_precision_v3,0552c7f4701ada91e31e916f992171b9418cb47d283a56e61f311581d66266cb
2007-03-22,0.014606538368564043,2,isotropic_constructed_macro_nats_full_precision_v3,0552c7f4701ada91e31e916f992171b9418cb47d283a56e61f311581d66266cb
2007-03-26,0.01518794953494075,1,isotropic_constructed_macro_nats_full_precision_v3,0552c7f4701ada91e31e916f992171b9418cb47d283a56e61f311581d66266cb
2007-03-28,0.011846428548806937,2,isotropic_constructed_macro_nats_full_precision_v3,0552c7f4701ada91e31e916f992171b9418cb47d283a56e61f311581d66266cb
2007-03-30,0.014717003217589071,2,isotropic_constructed_macro_nats_full_precision_v3,0552c7f4701ada91e31e916f992171b9418cb47d283a56e61f311581d66266cb
2007-04-03,0.015143077191992246,2,isotropic_constructed_macro_nats_full_precision_v3,0552c7f4701ada91e31e916f992171b9418cb47d283a56e61f311581d66266cb
2007-04-05,0.015650709481092664,2,isotropic_constructed_macro_nats_full_precision_v3,0552c7f4701ada91e31e916f992171b9418cb47d283a56e61f311581d66266cb
2007-04-10,0.014652406411039702,2,isotropic_constructed_macro_nats_full_precision_v3,0552c7f4701ada91e31e916f992171b9418cb47d283a56e61f311581d66266cb
2007-04-12,0.03105885269800404,1,isotropic_constructed_macro_nats_full_precision_v3,0552c7f4701ada91e31e916f992171b9418cb47d283a56e61f311581d66266cb
2007-04-16,0.029630962206681488,1,isotropic_constructed_macro_nats_full_precision_v3,0552c7f4701ada91e31e916f992171b9418cb47d283a56e61f311581d66266cb
2007-04-18,0.04054373837420447,1,isotropic_constructed_macro_nats_full_precision_v3,0552c7f4701ada91e31e916f992171b9418cb47d283a56e61f311581d66266cb
2007-04-20,0.030124131005812946,1,isotropic_constructed_macro_nats_full_precision_v3,0552c7f4701ada91e31e916f992171b9418cb47d283a56e61f311581d66266cb
2007-04-24,0.02347023762692023,1,isotropic_constructed_macro_nats_full_precision_v3,0552c7f4701ada91e31e916f992171b9418cb47d283a56e61f311581d66266cb
2007-04-26,0.02017550746991243,1,isotropic_constructed_macro_nats_full_precision_v3,0552c7f4701ada91e31e916f992171b9418cb47d283a56e61f311581d66266cb
2007-04-30,0.027355804840664653,1,isotropic_constructed_macro_nats_full_precision_v3,0552c7f4701ada91e31e916f992171b9418cb47d283a56e61f311581d66266cb
2007-05-02,0.031176294566883554,1,isotropic_constructed_macro_nats_full_precision_v3,0552c7f4701ada91e31e916f992171b9418cb47d283a56e61f311581d66266cb
2007-05-04,0.03302050712665767,1,isotropic_constructed_macro_nats_full_precision_v3,0552c7f4701ada91e31e916f992171b9418cb47d283a56e61f311581d66266cb
2007-05-08,0.027772280450027803,1,isotropic_constructed_macro_nats_full_precision_v3,0552c7f4701ada91e31e916f992171b9418cb47d283a56e61f311581d66266cb
2007-05-10,0.027370727329810822,1,isotropic_constructed_macro_nats_full_precision_v3,0552c7f4701ada91e31e916f992171b9418cb47d283a56e61f311581d66266cb
2007-05-14,0.026406957163673424,1,isotropic_constructed_macro_nats_full_precision_v3,0552c7f4701ada91e31e916f992171b9418cb47d283a56e61f311581d66266cb
2007-05-16,0.02432979264188659,1,isotropic_constructed_macro_nats_full_precision_v3,0552c7f4701ada91e31e916f992171b9418cb47d283a56e61f311581d66266cb
2007-05-18,0.02253608302006841,1,isotropic_constructed_macro_nats_full_precision_v3,0552c7f4701ada91e31e916f992171b9418cb47d283a56e61f311581d66266cb
2007-05-22,0.020700078679734564,1,isotropic_constructed_macro_nats_full_precision_v3,0552c7f4701ada91e31e916f992171b9418cb47d283a56e61f311581d66266cb
2007-05-24,0.015542502691396363,1,isotropic_constructed_macro_nats_full_precision_v3,0552c7f4701ada91e31e916f992171b9418cb47d283a56e61f311581d66266cb
2007-05-29,0.014893242013182768,1,isotropic_constructed_macro_nats_full_precision_v3,0552c7f4701ada91e31e916f992171b9418cb47d283a56e61f311581d66266cb
2007-05-31,0.018743624437281114,1,isotropic_constructed_macro_nats_full_precision_v3,0552c7f4701ada91e31e916f992171b9418cb47d283a56e61f311581d66266cb
2007-06-04,0.02175786748408501,1,isotropic_constructed_macro_nats_full_precision_v3,0552c7f4701ada91e31e916f992171b9418cb47d283a56e61f311581d66266cb
2007-06-06,0.024610094191546847,1,isotropic_constructed_macro_nats_full_precision_v3,0552c7f4701ada91e31e916f992171b9418cb47d283a56e61f311581d66266cb
2007-06-08,0.022355161167243766,1,isotropic_constructed_macro_nats_full_precision_v3,0552c7f4701ada91e31e916f992171b9418cb47d283a56e61f311581d66266cb
2007-06-12,0.029073314723074617,1,isotropic_constructed_macro_nats_full_precision_v3,0552c7f4701ada91e31e916f992171b9418cb47d283a56e61f311581d66266cb
2007-06-14,0.02320330378906306,1,isotropic_constructed_macro_nats_full_precision_v3,0552c7f4701ada91e31e916f992171b9418cb47d283a56e61f311581d66266cb
2007-06-18,0.0247390429410783,1,isotropic_constructed_macro_nats_full_precision_v3,0552c7f4701ada91e31e916f992171b9418cb47d283a56e61f311581d66266cb
2007-06-20,0.026983059478926916,1,isotropic_constructed_macro_nats_full_precision_v3,0552c7f4701ada91e31e916f992171b9418cb47d283a56e61f311581d66266cb
2007-06-22,0.039702395196531806,1,isotropic_constructed_macro_nats_full_precision_v3,0552c7f4701ada91e31e916f992171b9418cb47d283a56e61f311581d66266cb
2007-06-26,0.030850900167133648,1,isotropic_constructed_macro_nats_full_precision_v3,0552c7f4701ada91e31e916f992171b9418cb47d283a56e61f311581d66266cb
2007-06-28,0.03115599502027428,1,isotropic_constructed_macro_nats_full_precision_v3,0552c7f4701ada91e31e916f992171b9418cb47d283a56e61f311581d66266cb
2007-07-02,0.03242883032268935,1,isotropic_constructed_macro_nats_full_precision_v3,0552c7f4701ada91e31e916f992171b9418cb47d283a56e61f311581d66266cb
2007-07-05,0.03311071340739448,1,isotropic_constructed_macro_nats_full_precision_v3,0552c7f4701ada91e31e916f992171b9418cb47d283a56e61f311581d66266cb
2007-07-09,0.03220320826370374,1,isotropic_constructed_macro_nats_full_precision_v3,0552c7f4701ada91e31e916f992171b9418cb47d283a56e61f311581d66266cb
2007-07-11,0.030648883025269906,1,isotropic_constructed_macro_nats_full_precision_v3,0552c7f4701ada91e31e916f992171b9418cb47d283a56e61f311581d66266cb
2007-07-13,0.03514350281652578,1,isotropic_constructed_macro_nats_full_precision_v3,0552c7f4701ada91e31e916f992171b9418cb47d283a56e61f311581d66266cb
2007-07-17,0.03448648210164453,1,isotropic_constructed_macro_nats_full_precision_v3,0552c7f4701ada91e31e916f992171b9418cb47d283a56e61f311581d66266cb
2007-07-19,0.03429760383611053,1,isotropic_constructed_macro_nats_full_precision_v3,0552c7f4701ada91e31e916f992171b9418cb47d283a56e61f311581d66266cb
2007-07-23,0.028922078996570733,1,isotropic_constructed_macro_nats_full_precision_v3,0552c7f4701ada91e31e916f992171b9418cb47d283a56e61f311581d66266cb
2007-07-25,0.01648271735367436,1,isotropic_constructed_macro_nats_full_precision_v3,0552c7f4701ada91e31e916f992171b9418cb47d283a56e61f311581d66266cb
2007-07-27,0.03206284059772985,1,isotropic_constructed_macro_nats_full_precision_v3,0552c7f4701ada91e31e916f992171b9418cb47d283a56e61f311581d66266cb
2007-07-31,0.02125061802549736,1,isotropic_constructed_macro_nats_full_precision_v3,0552c7f4701ada91e31e916f992171b9418cb47d283a56e61f311581d66266cb
2007-08-02,0.012246211305828564,1,isotropic_constructed_macro_nats_full_precision_v3,0552c7f4701ada91e31e916f992171b9418cb47d283a56e61f311581d66266cb
2007-08-06,0.012350874401820394,2,isotropic_constructed_macro_nats_full_precision_v3,0552c7f4701ada91e31e916f992171b9418cb47d283a56e61f311581d66266cb
2007-08-08,0.012558394091923948,2,isotropic_constructed_macro_nats_full_precision_v3,0552c7f4701ada91e31e916f992171b9418cb47d283a56e61f311581d66266cb
2007-08-10,0.028092546445911283,1,isotropic_constructed_macro_nats_full_precision_v3,0552c7f4701ada91e31e916f992171b9418cb47d283a56e61f311581d66266cb
2007-08-14,0.0166520962521469,2,isotropic_constructed_macro_nats_full_precision_v3,0552c7f4701ada91e31e916f992171b9418cb47d283a56e61f311581d66266cb
2007-08-16,0.023303352108189658,1,isotropic_constructed_macro_nats_full_precision_v3,0552c7f4701ada91e31e916f992171b9418cb47d283a56e61f311581d66266cb
2007-08-20,0.013773047326367957,2,isotropic_constructed_macro_nats_full_precision_v3,0552c7f4701ada91e31e916f992171b9418cb47d283a56e61f311581d66266cb
2007-08-22,0.012434273182075198,1,isotropic_constructed_macro_nats_full_precision_v3,0552c7f4701ada91e31e916f992171b9418cb47d283a56e61f311581d66266cb
2007-08-24,0.015241326795397053,1,isotropic_constructed_macro_nats_full_precision_v3,0552c7f4701ada91e31e916f992171b9418cb47d283a56e61f311581d66266cb
2007-08-28,0.009672086887205666,14,isotropic_constructed_macro_nats_full_precision_v3,0552c7f4701ada91e31e916f992171b9418cb47d283a56e61f311581d66266cb
2007-08-30,0.014276398518403018,1,isotropic_constructed_macro_nats_full_precision_v3,0552c7f4701ada91e31e916f992171b9418cb47d283a56e61f311581d66266cb
2007-09-04,0.01131075812398799,1,isotropic_constructed_macro_nats_full_precision_v3,0552c7f4701ada91e31e916f992171b9418cb47d283a56e61f311581d66266cb
2007-09-06,0.011088590261143241,1,isotropic_constructed_macro_nats_full_precision_v3,0552c7f4701ada91e31e916f992171b9418cb47d283a56e61f311581d66266cb
2007-09-10,0.019832377462417304,1,isotropic_constructed_macro_nats_full_precision_v3,0552c7f4701ada91e31e916f992171b9418cb47d283a56e61f311581d66266cb
2007-09-12,0.016378177484182466,1,isotropic_constructed_macro_nats_full_precision_v3,0552c7f4701ada91e31e916f992171b9418cb47d283a56e61f311581d66266cb
2007-09-14,0.009777550987766524,16,isotropic_constructed_macro_nats_full_precision_v3,0552c7f4701ada91e31e916f992171b9418cb47d283a56e61f311581d66266cb
2007-09-18,0.010481957445935629,7,isotropic_constructed_macro_nats_full_precision_v3,0552c7f4701ada91e31e916f992171b9418cb47d283a56e61f311581d66266cb
2007-09-20,0.00994764070113667,7,isotropic_constructed_macro_nats_full_precision_v3,0552c7f4701ada91e31e916f992171b9418cb47d283a56e61f311581d66266cb
2007-09-24,0.009755514419872886,7,isotropic_constructed_macro_nats_full_precision_v3,0552c7f4701ada91e31e916f992171b9418cb47d283a56e61f311581d66266cb
2007-09-26,0.017615256540158934,1,isotropic_constructed_macro_nats_full_precision_v3,0552c7f4701ada91e31e916f992171b9418cb47d283a56e61f311581d66266cb
2007-09-28,0.02150741148970378,1,isotropic_constructed_macro_nats_full_precision_v3,0552c7f4701ada91e31e916f992171b9418cb47d283a56e61f311581d66266cb
2007-10-02,0.018851654728763025,1,isotropic_constructed_macro_nats_full_precision_v3,0552c7f4701ada91e31e916f992171b9418cb47d283a56e61f311581d66266cb
2007-10-04,0.017857235960275615,1,isotropic_constructed_macro_nats_full_precision_v3,0552c7f4701ada91e31e916f992171b9418cb47d283a56e61f311581d66266cb
2007-10-08,0.014141381315267654,5,isotropic_constructed_macro_nats_full_precision_v3,0552c7f4701ada91e31e916f992171b9418cb47d283a56e61f311581d66266cb
2007-10-10,0.01762410197025558,1,isotropic_constructed_macro_nats_full_precision_v3,0552c7f4701ada91e31e916f992171b9418cb47d283a56e61f311581d66266cb
2007-10-12,0.01255967828046825,11,isotropic_constructed_macro_nats_full_precision_v3,0552c7f4701ada91e31e916f992171b9418cb47d283a56e61f311581d66266cb
2007-10-16,0.014518375176481156,5,isotropic_constructed_macro_nats_full_precision_v3,0552c7f4701ada91e31e916f992171b9418cb47d283a56e61f311581d66266cb
2007-10-18,0.016244519767890375,5,isotropic_constructed_macro_nats_full_precision_v3,0552c7f4701ada91e31e916f992171b9418cb47d283a56e61f311581d66266cb
2007-10-22,0.013975407339619751,5,isotropic_constructed_macro_nats_full_precision_v3,0552c7f4701ada91e31e916f992171b9418cb47d283a56e61f311581d66266cb
2007-10-24,0.011838749251189995,5,isotropic_constructed_macro_nats_full_precision_v3,0552c7f4701ada91e31e916f992171b9418cb47d283a56e61f311581d66266cb
2007-10-26,0.00904123092197058,15,isotropic_constructed_macro_nats_full_precision_v3,0552c7f4701ada91e31e916f992171b9418cb47d283a56e61f311581d66266cb
2007-10-30,0.00873465037134527,5,isotropic_constructed_macro_nats_full_precision_v3,0552c7f4701ada91e31e916f992171b9418cb47d283a56e61f311581d66266cb
2007-11-01,0.01197820022463443,2,isotropic_constructed_macro_nats_full_precision_v3,0552c7f4701ada91e31e916f992171b9418cb47d283a56e61f311581d66266cb
2007-11-05,0.013319968176239767,2,isotropic_constructed_macro_nats_full_precision_v3,0552c7f4701ada91e31e916f992171b9418cb47d283a56e61f311581d66266cb
2007-11-07,0.014446241242459482,2,isotropic_constructed_macro_nats_full_precision_v3,0552c7f4701ada91e31e916f992171b9418cb47d283a56e61f311581d66266cb
2007-11-09,0.013334612567119979,2,isotropic_constructed_macro_nats_full_precision_v3,0552c7f4701ada91e31e916f992171b9418cb47d283a56e61f311581d66266cb
2007-11-13,0.01840185305866745,2,isotropic_constructed_macro_nats_full_precision_v3,0552c7f4701ada91e31e916f992171b9418cb47d283a56e61f311581d66266cb
2007-11-15,0.015929932486508133,2,isotropic_constructed_macro_nats_full_precision_v3,0552c7f4701ada91e31e916f992171b9418cb47d283a56e61f311581d66266cb
2007-11-19,0.020963208060043335,2,isotropic_constructed_macro_nats_full_precision_v3,0552c7f4701ada91e31e916f992171b9418cb47d283a56e61f311581d66266cb
2007-11-21,0.017107514421413818,2,isotropic_constructed_macro_nats_full_precision_v3,0552c7f4701ada91e31e916f992171b9418cb47d283a56e61f311581d66266cb
2007-11-26,0.020632533717839033,2,isotropic_constructed_macro_nats_full_precision_v3,0552c7f4701ada91e31e916f992171b9418cb47d283a56e61f311581d66266cb
2007-11-28,0.019520514553039568,2,isotropic_constructed_macro_nats_full_precision_v3,0552c7f4701ada91e31e916f992171b9418cb47d283a56e61f311581d66266cb
2007-11-30,0.01675124526125913,2,isotropic_constructed_macro_nats_full_precision_v3,0552c7f4701ada91e31e916f992171b9418cb47d283a56e61f311581d66266cb
2007-12-04,0.01496846099015231,2,isotropic_constructed_macro_nats_full_precision_v3,0552c7f4701ada91e31e916f992171b9418cb47d283a56e61f311581d66266cb
2007-12-06,0.02225071550160003,2,isotropic_constructed_macro_nats_full_precision_v3,0552c7f4701ada91e31e916f992171b9418cb47d283a56e61f311581d66266cb
2007-12-10,0.015567842787662003,2,isotropic_constructed_macro_nats_full_precision_v3,0552c7f4701ada91e31e916f992171b9418cb47d283a56e61f311581d66266cb
2007-12-12,0.012476275855979026,2,isotropic_constructed_macro_nats_full_precision_v3,0552c7f4701ada91e31e916f992171b9418cb47d283a56e61f311581d66266cb
2007-12-14,0.014036812398469559,2,isotropic_constructed_macro_nats_full_precision_v3,0552c7f4701ada91e31e916f992171b9418cb47d283a56e61f311581d66266cb
2007-12-18,0.016008539656054373,2,isotropic_constructed_macro_nats_full_precision_v3,0552c7f4701ada91e31e916f992171b9418cb47d283a56e61f311581d66266cb
2007-12-20,0.011890133002355502,2,isotropic_constructed_macro_nats_full_precision_v3,0552c7f4701ada91e31e916f992171b9418cb47d283a56e61f311581d66266cb
2007-12-24,0.012979725709113175,2,isotropic_constructed_macro_nats_full_precision_v3,0552c7f4701ada91e31e916f992171b9418cb47d283a56e61f311581d66266cb
2007-12-27,0.013052737346775582,2,isotropic_constructed_macro_nats_full_precision_v3,0552c7f4701ada91e31e916f992171b9418cb47d283a56e61f311581d66266cb
2007-12-31,0.012874210847139744,5,isotropic_constructed_macro_nats_full_precision_v3,0552c7f4701ada91e31e916f992171b9418cb47d283a56e61f311581d66266cb
2008-01-03,0.01707641755126517,2,isotropic_constructed_macro_nats_full_precision_v3,0552c7f4701ada91e31e916f992171b9418cb47d283a56e61f311581d66266cb
2008-01-07,0.015744476513564427,2,isotropic_constructed_macro_nats_full_precision_v3,0552c7f4701ada91e31e916f992171b9418cb47d283a56e61f311581d66266cb
2008-01-09,0.014516680488181125,2,isotropic_constructed_macro_nats_full_precision_v3,0552c7f4701ada91e31e916f992171b9418cb47d283a56e61f311581d66266cb
2008-01-11,0.016654653499242993,2,isotropic_constructed_macro_nats_full_precision_v3,0552c7f4701ada91e31e916f992171b9418cb47d283a56e61f311581d66266cb
2008-01-15,0.018354012789038227,2,isotropic_constructed_macro_nats_full_precision_v3,0552c7f4701ada91e31e916f992171b9418cb47d283a56e61f311581d66266cb
2008-01-17,0.012015097905944273,2,isotropic_constructed_macro_nats_full_precision_v3,0552c7f4701ada91e31e916f992171b9418cb47d283a56e61f311581d66266cb
2008-01-22,0.018438108559269042,5,isotropic_constructed_macro_nats_full_precision_v3,0552c7f4701ada91e31e916f992171b9418cb47d283a56e61f311581d66266cb
2008-01-24,0.01321213571291887,5,isotropic_constructed_macro_nats_full_precision_v3,0552c7f4701ada91e31e916f992171b9418cb47d283a56e61f311581d66266cb
2008-01-28,0.013924219822367918,6,isotropic_constructed_macro_nats_full_precision_v3,0552c7f4701ada91e31e916f992171b9418cb47d283a56e61f311581d66266cb
2008-01-30,0.015265392587237872,6,isotropic_constructed_macro_nats_full_precision_v3,0552c7f4701ada91e31e916f992171b9418cb47d283a56e61f311581d66266cb
2008-02-01,0.015088780558713329,6,isotropic_constructed_macro_nats_full_precision_v3,0552c7f4701ada91e31e916f992171b9418cb47d283a56e61f311581d66266cb
2008-02-05,0.015486081041073747,6,isotropic_constructed_macro_nats_full_precision_v3,0552c7f4701ada91e31e916f992171b9418cb47d283a56e61f311581d66266cb
2008-02-07,0.015060623206113982,6,isotropic_constructed_macro_nats_full_precision_v3,0552c7f4701ada91e31e916f992171b9418cb47d283a56e61f311581d66266cb
2008-02-11,0.013419815108674245,11,isotropic_constructed_macro_nats_full_precision_v3,0552c7f4701ada91e31e916f992171b9418cb47d283a56e61f311581d66266cb
2008-02-13,0.012769066773342212,11,isotropic_constructed_macro_nats_full_precision_v3,0552c7f4701ada91e31e916f992171b9418cb47d283a56e61f311581d66266cb
2008-02-15,0.013059048515101486,11,isotropic_constructed_macro_nats_full_precision_v3,0552c7f4701ada91e31e916f992171b9418cb47d283a56e61f311581d66266cb
2008-02-20,0.01251413814008226,11,isotropic_constructed_macro_nats_full_precision_v3,0552c7f4701ada91e31e916f992171b9418cb47d283a56e61f311581d66266cb
2008-02-22,0.012017141655259946,11,isotropic_constructed_macro_nats_full_precision_v3,0552c7f4701ada91e31e916f992171b9418cb47d283a56e61f311581d66266cb
2008-02-26,0.010525829718427089,11,isotropic_constructed_macro_nats_full_precision_v3,0552c7f4701ada91e31e916f992171b9418cb47d283a56e61f311581d66266cb
2008-02-28,0.010823991031449598,11,isotropic_constructed_macro_nats_full_precision_v3,0552c7f4701ada91e31e916f992171b9418cb47d283a56e61f311581d66266cb
2008-03-03,0.01074187169429687,11,isotropic_constructed_macro_nats_full_precision_v3,0552c7f4701ada91e31e916f992171b9418cb47d283a56e61f311581d66266cb
2008-03-05,0.010670609834948129,11,isotropic_constructed_macro_nats_full_precision_v3,0552c7f4701ada91e31e916f992171b9418cb47d283a56e61f311581d66266cb
2008-03-07,0.011254997704880143,11,isotropic_constructed_macro_nats_full_precision_v3,0552c7f4701ada91e31e916f992171b9418cb47d283a56e61f311581d66266cb
2008-03-11,0.013522852361379546,11,isotropic_constructed_macro_nats_full_precision_v3,0552c7f4701ada91e31e916f992171b9418cb47d283a56e61f311581d66266cb
2008-03-13,0.015074693728496721,11,isotropic_constructed_macro_nats_full_precision_v3,0552c7f4701ada91e31e916f992171b9418cb47d283a56e61f311581d66266cb
2008-03-17,0.015797689123957154,11,isotropic_constructed_macro_nats_full_precision_v3,0552c7f4701ada91e31e916f992171b9418cb47d283a56e61f311581d66266cb
2008-03-19,0.01540768992424827,11,isotropic_constructed_macro_nats_full_precision_v3,0552c7f4701ada91e31e916f992171b9418cb47d283a56e61f311581d66266cb
2008-03-24,0.013527366781888123,11,isotropic_constructed_macro_nats_full_precision_v3,0552c7f4701ada91e31e916f992171b9418cb47d283a56e61f311581d66266cb
2008-03-26,0.015935957083263237,10,isotropic_constructed_macro_nats_full_precision_v3,0552c7f4701ada91e31e916f992171b9418cb47d283a56e61f311581d66266cb
2008-03-28,0.01677382512995678,10,isotropic_constructed_macro_nats_full_precision_v3,0552c7f4701ada91e31e916f992171b9418cb47d283a56e61f311581d66266cb
2008-04-01,0.017757666846656646,10,isotropic_constructed_macro_nats_full_precision_v3,0552c7f4701ada91e31e916f992171b9418cb47d283a56e61f311581d66266cb
2008-04-03,0.018591464609933446,10,isotropic_constructed_macro_nats_full_precision_v3,0552c7f4701ada91e31e916f992171b9418cb47d283a56e61f311581d66266cb
2008-04-07,0.017526372712861386,10,isotropic_constructed_macro_nats_full_precision_v3,0552c7f4701ada91e31e916f992171b9418cb47d283a56e61f311581d66266cb
2008-04-09,0.016895222118807146,10,isotropic_constructed_macro_nats_full_precision_v3,0552c7f4701ada91e31e916f992171b9418cb47d283a56e61f311581d66266cb
2008-04-11,0.01650002487535704,4,isotropic_constructed_macro_nats_full_precision_v3,0552c7f4701ada91e31e916f992171b9418cb47d283a56e61f311581d66266cb
2008-04-15,0.014630275758462354,12,isotropic_constructed_macro_nats_full_precision_v3,0552c7f4701ada91e31e916f992171b9418cb47d283a56e61f311581d66266cb
2008-04-17,0.013334647347790461,12,isotropic_constructed_macro_nats_full_precision_v3,0552c7f4701ada91e31e916f992171b9418cb47d283a56e61f311581d66266cb
2008-04-21,0.013464543658272148,12,isotropic_constructed_macro_nats_full_precision_v3,0552c7f4701ada91e31e916f992171b9418cb47d283a56e61f311581d66266cb
2008-04-23,0.014032434113045382,12,isotropic_constructed_macro_nats_full_precision_v3,0552c7f4701ada91e31e916f992171b9418cb47d283a56e61f311581d66266cb
2008-04-25,0.01566126932056531,12,isotropic_constructed_macro_nats_full_precision_v3,0552c7f4701ada91e31e916f992171b9418cb47d283a56e61f311581d66266cb
2008-04-29,0.015199218161848778,12,isotropic_constructed_macro_nats_full_precision_v3,0552c7f4701ada91e31e916f992171b9418cb47d283a56e61f311581d66266cb
2008-05-01,0.01515472144107275,12,isotropic_constructed_macro_nats_full_precision_v3,0552c7f4701ada91e31e916f992171b9418cb47d283a56e61f311581d66266cb
2008-05-05,0.014488697020928261,12,isotropic_constructed_macro_nats_full_precision_v3,0552c7f4701ada91e31e916f992171b9418cb47d283a56e61f311581d66266cb
2008-05-07,0.014741204916651297,12,isotropic_constructed_macro_nats_full_precision_v3,0552c7f4701ada91e31e916f992171b9418cb47d283a56e61f311581d66266cb
2008-05-09,0.014570122779953572,12,isotropic_constructed_macro_nats_full_precision_v3,0552c7f4701ada91e31e916f992171b9418cb47d283a56e61f311581d66266cb
2008-05-13,0.014953738951993138,12,isotropic_constructed_macro_nats_full_precision_v3,0552c7f4701ada91e31e916f992171b9418cb47d283a56e61f311581d66266cb
2008-05-15,0.013801797227415709,12,isotropic_constructed_macro_nats_full_precision_v3,0552c7f4701ada91e31e916f992171b9418cb47d283a56e61f311581d66266cb
2008-05-19,0.012693368486004643,12,isotropic_constructed_macro_nats_full_precision_v3,0552c7f4701ada91e31e916f992171b9418cb47d283a56e61f311581d66266cb
2008-05-21,0.012647816395887308,12,isotropic_constructed_macro_nats_full_precision_v3,0552c7f4701ada91e31e916f992171b9418cb47d283a56e61f311581d66266cb
2008-05-23,0.011852769965673096,12,isotropic_constructed_macro_nats_full_precision_v3,0552c7f4701ada91e31e916f992171b9418cb47d283a56e61f311581d66266cb
2008-05-28,0.010983318567158187,12,isotropic_constructed_macro_nats_full_precision_v3,0552c7f4701ada91e31e916f992171b9418cb47d283a56e61f311581d66266cb
2008-05-30,0.010596373882299885,12,isotropic_constructed_macro_nats_full_precision_v3,0552c7f4701ada91e31e916f992171b9418cb47d283a56e61f311581d66266cb
2008-06-03,0.009358527899467589,12,isotropic_constructed_macro_nats_full_precision_v3,0552c7f4701ada91e31e916f992171b9418cb47d283a56e61f311581d66266cb
2008-06-05,0.009975435568855238,9,isotropic_constructed_macro_nats_full_precision_v3,0552c7f4701ada91e31e916f992171b9418cb47d283a56e61f311581d66266cb
2008-06-09,0.010807348184657894,9,isotropic_constructed_macro_nats_full_precision_v3,0552c7f4701ada91e31e916f992171b9418cb47d283a56e61f311581d66266cb
2008-06-11,0.010988879763269996,9,isotropic_constructed_macro_nats_full_precision_v3,0552c7f4701ada91e31e916f992171b9418cb47d283a56e61f311581d66266cb
2008-06-13,0.010537399716172048,10,isotropic_constructed_macro_nats_full_precision_v3,0552c7f4701ada91e31e916f992171b9418cb47d283a56e61f311581d66266cb
2008-06-17,0.01044865824939123,10,isotropic_constructed_macro_nats_full_precision_v3,0552c7f4701ada91e31e916f992171b9418cb47d283a56e61f311581d66266cb
2008-06-19,0.011914223408826051,10,isotropic_constructed_macro_nats_full_precision_v3,0552c7f4701ada91e31e916f992171b9418cb47d283a56e61f311581d66266cb
2008-06-23,0.012793753892592255,10,isotropic_constructed_macro_nats_full_precision_v3,0552c7f4701ada91e31e916f992171b9418cb47d283a56e61f311581d66266cb
2008-06-25,0.010721104275411147,11,isotropic_constructed_macro_nats_full_precision_v3,0552c7f4701ada91e31e916f992171b9418cb47d283a56e61f311581d66266cb
2008-06-27,0.010853355614946977,10,isotropic_constructed_macro_nats_full_precision_v3,0552c7f4701ada91e31e916f992171b9418cb47d283a56e61f311581d66266cb
2008-07-01,0.010681958468676166,7,isotropic_constructed_macro_nats_full_precision_v3,0552c7f4701ada91e31e916f992171b9418cb47d283a56e61f311581d66266cb
2008-07-03,0.014633746474184486,7,isotropic_constructed_macro_nats_full_precision_v3,0552c7f4701ada91e31e916f992171b9418cb47d283a56e61f311581d66266cb
2008-07-08,0.013799524873231217,7,isotropic_constructed_macro_nats_full_precision_v3,0552c7f4701ada91e31e916f992171b9418cb47d283a56e61f311581d66266cb
2008-07-10,0.0136207067463473,7,isotropic_constructed_macro_nats_full_precision_v3,0552c7f4701ada91e31e916f992171b9418cb47d283a56e61f311581d66266cb
2008-07-14,0.015230169156285459,7,isotropic_constructed_macro_nats_full_precision_v3,0552c7f4701ada91e31e916f992171b9418cb47d283a56e61f311581d66266cb
2008-07-16,0.016069352677494708,7,isotropic_constructed_macro_nats_full_precision_v3,0552c7f4701ada91e31e916f992171b9418cb47d283a56e61f311581d66266cb
2008-07-18,0.014743618455996699,10,isotropic_constructed_macro_nats_full_precision_v3,0552c7f4701ada91e31e916f992171b9418cb47d283a56e61f311581d66266cb
2008-07-22,0.013965625213548105,10,isotropic_constructed_macro_nats_full_precision_v3,0552c7f4701ada91e31e916f992171b9418cb47d283a56e61f311581d66266cb
2008-07-24,0.01731468558762509,11,isotropic_constructed_macro_nats_full_precision_v3,0552c7f4701ada91e31e916f992171b9418cb47d283a56e61f311581d66266cb
2008-07-28,0.01823522853288901,11,isotropic_constructed_macro_nats_full_precision_v3,0552c7f4701ada91e31e916f992171b9418cb47d283a56e61f311581d66266cb
2008-07-30,0.022299734442773098,7,isotropic_constructed_macro_nats_full_precision_v3,0552c7f4701ada91e31e916f992171b9418cb47d283a56e61f311581d66266cb
2008-08-01,0.019903248368904246,11,isotropic_constructed_macro_nats_full_precision_v3,0552c7f4701ada91e31e916f992171b9418cb47d283a56e61f311581d66266cb
2008-08-05,0.021437562343823734,11,isotropic_constructed_macro_nats_full_precision_v3,0552c7f4701ada91e31e916f992171b9418cb47d283a56e61f311581d66266cb
2008-08-07,0.020300820778181683,11,isotropic_constructed_macro_nats_full_precision_v3,0552c7f4701ada91e31e916f992171b9418cb47d283a56e61f311581d66266cb
2008-08-11,0.021296829718281694,11,isotropic_constructed_macro_nats_full_precision_v3,0552c7f4701ada91e31e916f992171b9418cb47d283a56e61f311581d66266cb
2008-08-13,0.022603297872130244,11,isotropic_constructed_macro_nats_full_precision_v3,0552c7f4701ada91e31e916f992171b9418cb47d283a56e61f311581d66266cb
2008-08-15,0.022419659941841218,11,isotropic_constructed_macro_nats_full_precision_v3,0552c7f4701ada91e31e916f992171b9418cb47d283a56e61f311581d66266cb
2008-08-19,0.022604848134249726,11,isotropic_constructed_macro_nats_full_precision_v3,0552c7f4701ada91e31e916f992171b9418cb47d283a56e61f311581d66266cb
2008-08-21,0.022703608798696047,11,isotropic_constructed_macro_nats_full_precision_v3,0552c7f4701ada91e31e916f992171b9418cb47d283a56e61f311581d66266cb
2008-08-25,0.023398271483262553,11,isotropic_constructed_macro_nats_full_precision_v3,0552c7f4701ada91e31e916f992171b9418cb47d283a56e61f311581d66266cb
2008-08-27,0.024221555490374615,11,isotropic_constructed_macro_nats_full_precision_v3,0552c7f4701ada91e31e916f992171b9418cb47d283a56e61f311581d66266cb
2008-08-29,0.023531921736286023,11,isotropic_constructed_macro_nats_full_precision_v3,0552c7f4701ada91e31e916f992171b9418cb47d283a56e61f311581d66266cb
2008-09-03,0.023737599027078143,11,isotropic_constructed_macro_nats_full_precision_v3,0552c7f4701ada91e31e916f992171b9418cb47d283a56e61f311581d66266cb
2008-09-05,0.024850674107891838,11,isotropic_constructed_macro_nats_full_precision_v3,0552c7f4701ada91e31e916f992171b9418cb47d283a56e61f311581d66266cb
2008-09-09,0.024298355246583622,11,isotropic_constructed_macro_nats_full_precision_v3,0552c7f4701ada91e31e916f992171b9418cb47d283a56e61f311581d66266cb
2008-09-11,0.024177087511852532,11,isotropic_constructed_macro_nats_full_precision_v3,0552c7f4701ada91e31e916f992171b9418cb47d283a56e61f311581d66266cb
2008-09-15,0.024035169090428035,11,isotropic_constructed_macro_nats_full_precision_v3,0552c7f4701ada91e31e916f992171b9418cb47d283a56e61f311581d66266cb
2008-09-17,0.024688966484194066,11,isotropic_constructed_macro_nats_full_precision_v3,0552c7f4701ada91e31e916f992171b9418cb47d283a56e61f311581d66266cb
2008-09-19,0.02477607946393498,11,isotropic_constructed_macro_nats_full_precision_v3,0552c7f4701ada91e31e916f992171b9418cb47d283a56e61f311581d66266cb
2008-09-23,0.02780237147971064,11,isotropic_constructed_macro_nats_full_precision_v3,0552c7f4701ada91e31e916f992171b9418cb47d283a56e61f311581d66266cb
2008-09-25,0.02895180770752842,11,isotropic_constructed_macro_nats_full_precision_v3,0552c7f4701ada91e31e916f992171b9418cb47d283a56e61f311581d66266cb
2008-09-29,0.029383894725910797,11,isotropic_constructed_macro_nats_full_precision_v3,0552c7f4701ada91e31e916f992171b9418cb47d283a56e61f311581d66266cb
2008-10-01,0.03186745601710041,11,isotropic_constructed_macro_nats_full_precision_v3,0552c7f4701ada91e31e916f992171b9418cb47d283a56e61f311581d66266cb
2008-10-03,0.03280864449801968,11,isotropic_constructed_macro_nats_full_precision_v3,0552c7f4701ada91e31e916f992171b9418cb47d283a56e61f311581d66266cb
2008-10-07,0.03520868217667686,11,isotropic_constructed_macro_nats_full_precision_v3,0552c7f4701ada91e31e916f992171b9418cb47d283a56e61f311581d66266cb
2008-10-09,0.03457030322238863,11,isotropic_constructed_macro_nats_full_precision_v3,0552c7f4701ada91e31e916f992171b9418cb47d283a56e61f311581d66266cb
2008-10-13,0.051287733545744923,4,isotropic_constructed_macro_nats_full_precision_v3,0552c7f4701ada91e31e916f992171b9418cb47d283a56e61f311581d66266cb
2008-10-15,0.060619937968604806,1,isotropic_constructed_macro_nats_full_precision_v3,0552c7f4701ada91e31e916f992171b9418cb47d283a56e61f311581d66266cb
2008-10-17,0.06525485276870473,1,isotropic_constructed_macro_nats_full_precision_v3,0552c7f4701ada91e31e916f992171b9418cb47d283a56e61f311581d66266cb
2008-10-21,0.07064437356496191,1,isotropic_constructed_macro_nats_full_precision_v3,0552c7f4701ada91e31e916f992171b9418cb47d283a56e61f311581d66266cb
2008-10-23,0.09793503920214922,2,isotropic_constructed_macro_nats_full_precision_v3,0552c7f4701ada91e31e916f992171b9418cb47d283a56e61f311581d66266cb
2008-10-27,0.09643000635109171,2,isotropic_constructed_macro_nats_full_precision_v3,0552c7f4701ada91e31e916f992171b9418cb47d283a56e61f311581d66266cb
2008-10-29,0.09662928248019605,2,isotropic_constructed_macro_nats_full_precision_v3,0552c7f4701ada91e31e916f992171b9418cb47d283a56e61f311581d66266cb
2008-10-31,0.09135807942385857,2,isotropic_constructed_macro_nats_full_precision_v3,0552c7f4701ada91e31e916f992171b9418cb47d283a56e61f311581d66266cb
2008-11-04,0.09234315946663164,3,isotropic_constructed_macro_nats_full_precision_v3,0552c7f4701ada91e31e916f992171b9418cb47d283a56e61f311581d66266cb
2008-11-06,0.09696261193729541,3,isotropic_constructed_macro_nats_full_precision_v3,0552c7f4701ada91e31e916f992171b9418cb47d283a56e61f311581d66266cb
2008-11-10,0.09238446074038185,3,isotropic_constructed_macro_nats_full_precision_v3,0552c7f4701ada91e31e916f992171b9418cb47d283a56e61f311581d66266cb
2008-11-12,0.09235353185666331,3,isotropic_constructed_macro_nats_full_precision_v3,0552c7f4701ada91e31e916f992171b9418cb47d283a56e61f311581d66266cb
2008-11-14,0.10096455539232423,3,isotropic_constructed_macro_nats_full_precision_v3,0552c7f4701ada91e31e916f992171b9418cb47d283a56e61f311581d66266cb
2008-11-18,0.10188619896283697,2,isotropic_constructed_macro_nats_full_precision_v3,0552c7f4701ada91e31e916f992171b9418cb47d283a56e61f311581d66266cb
2008-11-20,0.1075724029216893,3,isotropic_constructed_macro_nats_full_precision_v3,0552c7f4701ada91e31e916f992171b9418cb47d283a56e61f311581d66266cb
2008-11-24,0.14546683466674382,1,isotropic_constructed_macro_nats_full_precision_v3,0552c7f4701ada91e31e916f992171b9418cb47d283a56e61f311581d66266cb
2008-11-26,0.1520001137203193,1,isotropic_constructed_macro_nats_full_precision_v3,0552c7f4701ada91e31e916f992171b9418cb47d283a56e61f311581d66266cb
2008-12-01,0.14829871648819754,1,isotropic_constructed_macro_nats_full_precision_v3,0552c7f4701ada91e31e916f992171b9418cb47d283a56e61f311581d66266cb
2008-12-03,0.15491531659225516,1,isotropic_constructed_macro_nats_full_precision_v3,0552c7f4701ada91e31e916f992171b9418cb47d283a56e61f311581d66266cb
2008-12-05,0.1663730567364907,1,isotropic_constructed_macro_nats_full_precision_v3,0552c7f4701ada91e31e916f992171b9418cb47d283a56e61f311581d66266cb
2008-12-09,0.16491903872192337,1,isotropic_constructed_macro_nats_full_precision_v3,0552c7f4701ada91e31e916f992171b9418cb47d283a56e61f311581d66266cb
2008-12-11,0.1775821987814571,1,isotropic_constructed_macro_nats_full_precision_v3,0552c7f4701ada91e31e916f992171b9418cb47d283a56e61f311581d66266cb
2008-12-15,0.17032232095351318,1,isotropic_constructed_macro_nats_full_precision_v3,0552c7f4701ada91e31e916f992171b9418cb47d283a56e61f311581d66266cb
2008-12-17,0.15899603082657598,1,isotropic_constructed_macro_nats_full_precision_v3,0552c7f4701ada91e31e916f992171b9418cb47d283a56e61f311581d66266cb
2008-12-19,0.17045860542607116,1,isotropic_constructed_macro_nats_full_precision_v3,0552c7f4701ada91e31e916f992171b9418cb47d283a56e61f311581d66266cb
2008-12-23,0.16585340386456965,1,isotropic_constructed_macro_nats_full_precision_v3,0552c7f4701ada91e31e916f992171b9418cb47d283a56e61f311581d66266cb
2008-12-26,0.16569086982200248,1,isotropic_constructed_macro_nats_full_precision_v3,0552c7f4701ada91e31e916f992171b9418cb47d283a56e61f311581d66266cb
2008-12-30,0.16579202864669385,1,isotropic_constructed_macro_nats_full_precision_v3,0552c7f4701ada91e31e916f992171b9418cb47d283a56e61f311581d66266cb
2009-01-02,0.15939680765727682,1,isotropic_constructed_macro_nats_full_precision_v3,0552c7f4701ada91e31e916f992171b9418cb47d283a56e61f311581d66266cb
2009-01-06,0.1731127158270444,1,isotropic_constructed_macro_nats_full_precision_v3,0552c7f4701ada91e31e916f992171b9418cb47d283a56e61f311581d66266cb
2009-01-08,0.16481915628451638,1,isotropic_constructed_macro_nats_full_precision_v3,0552c7f4701ada91e31e916f992171b9418cb47d283a56e61f311581d66266cb
2009-01-12,0.16803934890768873,1,isotropic_constructed_macro_nats_full_precision_v3,0552c7f4701ada91e31e916f992171b9418cb47d283a56e61f311581d66266cb
2009-01-14,0.16232808974540064,1,isotropic_constructed_macro_nats_full_precision_v3,0552c7f4701ada91e31e916f992171b9418cb47d283a56e61f311581d66266cb
2009-01-16,0.1609078440034224,1,isotropic_constructed_macro_nats_full_precision_v3,0552c7f4701ada91e31e916f992171b9418cb47d283a56e61f311581d66266cb
2009-01-21,0.14815944682545912,1,isotropic_constructed_macro_nats_full_precision_v3,0552c7f4701ada91e31e916f992171b9418cb47d283a56e61f311581d66266cb
2009-01-23,0.1554365515967175,1,isotropic_constructed_macro_nats_full_precision_v3,0552c7f4701ada91e31e916f992171b9418cb47d283a56e61f311581d66266cb
2009-01-27,0.14198316414690715,3,isotropic_constructed_macro_nats_full_precision_v3,0552c7f4701ada91e31e916f992171b9418cb47d283a56e61f311581d66266cb
2009-01-29,0.14122881720629044,3,isotropic_constructed_macro_nats_full_precision_v3,0552c7f4701ada91e31e916f992171b9418cb47d283a56e61f311581d66266cb
2009-02-02,0.1422339547603195,3,isotropic_constructed_macro_nats_full_precision_v3,0552c7f4701ada91e31e916f992171b9418cb47d283a56e61f311581d66266cb
2009-02-04,0.14465581886378964,3,isotropic_constructed_macro_nats_full_precision_v3,0552c7f4701ada91e31e916f992171b9418cb47d283a56e61f311581d66266cb
2009-02-06,0.1481863869626186,3,isotropic_constructed_macro_nats_full_precision_v3,0552c7f4701ada91e31e916f992171b9418cb47d283a56e61f311581d66266cb
2009-02-10,0.14949464130301965,3,isotropic_constructed_macro_nats_full_precision_v3,0552c7f4701ada91e31e916f992171b9418cb47d283a56e61f311581d66266cb
2009-02-12,0.1477928861256495,3,isotropic_constructed_macro_nats_full_precision_v3,0552c7f4701ada91e31e916f992171b9418cb47d283a56e61f311581d66266cb
2009-02-17,0.1468543141045167,3,isotropic_constructed_macro_nats_full_precision_v3,0552c7f4701ada91e31e916f992171b9418cb47d283a56e61f311581d66266cb
2009-02-19,0.14401911363572917,3,isotropic_constructed_macro_nats_full_precision_v3,0552c7f4701ada91e31e916f992171b9418cb47d283a56e61f311581d66266cb
2009-02-23,0.1413464541793371,3,isotropic_constructed_macro_nats_full_precision_v3,0552c7f4701ada91e31e916f992171b9418cb47d283a56e61f311581d66266cb
2009-02-25,0.13470320735853808,3,isotropic_constructed_macro_nats_full_precision_v3,0552c7f4701ada91e31e916f992171b9418cb47d283a56e61f311581d66266cb
2009-02-27,0.13282566809033397,1,isotropic_constructed_macro_nats_full_precision_v3,0552c7f4701ada91e31e916f992171b9418cb47d283a56e61f311581d66266cb
2009-03-03,0.12780302553754447,3,isotropic_constructed_macro_nats_full_precision_v3,0552c7f4701ada91e31e916f992171b9418cb47d283a56e61f311581d66266cb
2009-03-05,0.12785906956827944,3,isotropic_constructed_macro_nats_full_precision_v3,0552c7f4701ada91e31e916f992171b9418cb47d283a56e61f311581d66266cb
2009-03-09,0.1195330369277085,3,isotropic_constructed_macro_nats_full_precision_v3,0552c7f4701ada91e31e916f992171b9418cb47d283a56e61f311581d66266cb
2009-03-11,0.11174051875040145,3,isotropic_constructed_macro_nats_full_precision_v3,0552c7f4701ada91e31e916f992171b9418cb47d283a56e61f311581d66266cb
2009-03-13,0.10431404087026468,3,isotropic_constructed_macro_nats_full_precision_v3,0552c7f4701ada91e31e916f992171b9418cb47d283a56e61f311581d66266cb
2009-03-17,0.10935101307213912,3,isotropic_constructed_macro_nats_full_precision_v3,0552c7f4701ada91e31e916f992171b9418cb47d283a56e61f311581d66266cb
2009-03-19,0.09228836076563063,3,isotropic_constructed_macro_nats_full_precision_v3,0552c7f4701ada91e31e916f992171b9418cb47d283a56e61f311581d66266cb
2009-03-23,0.09318151719500208,5,isotropic_constructed_macro_nats_full_precision_v3,0552c7f4701ada91e31e916f992171b9418cb47d283a56e61f311581d66266cb
2009-03-25,0.08674475849347092,5,isotropic_constructed_macro_nats_full_precision_v3,0552c7f4701ada91e31e916f992171b9418cb47d283a56e61f311581d66266cb
2009-03-27,0.0822919574268345,5,isotropic_constructed_macro_nats_full_precision_v3,0552c7f4701ada91e31e916f992171b9418cb47d283a56e61f311581d66266cb
2009-03-31,0.08483059988796775,3,isotropic_constructed_macro_nats_full_precision_v3,0552c7f4701ada91e31e916f992171b9418cb47d283a56e61f311581d66266cb
2009-04-02,0.09484564072872588,3,isotropic_constructed_macro_nats_full_precision_v3,0552c7f4701ada91e31e916f992171b9418cb47d283a56e61f311581d66266cb
2009-04-06,0.08707522718740261,3,isotropic_constructed_macro_nats_full_precision_v3,0552c7f4701ada91e31e916f992171b9418cb47d283a56e61f311581d66266cb
2009-04-08,0.0813811208913678,3,isotropic_constructed_macro_nats_full_precision_v3,0552c7f4701ada91e31e916f992171b9418cb47d283a56e61f311581d66266cb
2009-04-13,0.08556368519007856,3,isotropic_constructed_macro_nats_full_precision_v3,0552c7f4701ada91e31e916f992171b9418cb47d283a56e61f311581d66266cb
2009-04-15,0.08344115891714074,5,isotropic_constructed_macro_nats_full_precision_v3,0552c7f4701ada91e31e916f992171b9418cb47d283a56e61f311581d66266cb
2009-04-17,0.0858304981635802,5,isotropic_constructed_macro_nats_full_precision_v3,0552c7f4701ada91e31e916f992171b9418cb47d283a56e61f311581d66266cb
2009-04-21,0.08672799334750535,3,isotropic_constructed_macro_nats_full_precision_v3,0552c7f4701ada91e31e916f992171b9418cb47d283a56e61f311581d66266cb
2009-04-23,0.08122015325320434,3,isotropic_constructed_macro_nats_full_precision_v3,0552c7f4701ada91e31e916f992171b9418cb47d283a56e61f311581d66266cb
2009-04-27,0.08814223940461759,3,isotropic_constructed_macro_nats_full_precision_v3,0552c7f4701ada91e31e916f992171b9418cb47d283a56e61f311581d66266cb
2009-04-29,0.09225886865036442,3,isotropic_constructed_macro_nats_full_precision_v3,0552c7f4701ada91e31e916f992171b9418cb47d283a56e61f311581d66266cb
2009-05-01,0.09404366113222336,3,isotropic_constructed_macro_nats_full_precision_v3,0552c7f4701ada91e31e916f992171b9418cb47d283a56e61f311581d66266cb
2009-05-05,0.09985951030644802,3,isotropic_constructed_macro_nats_full_precision_v3,0552c7f4701ada91e31e916f992171b9418cb47d283a56e61f311581d66266cb
2009-05-07,0.1015190100333688,5,isotropic_constructed_macro_nats_full_precision_v3,0552c7f4701ada91e31e916f992171b9418cb47d283a56e61f311581d66266cb
2009-05-11,0.09614227912107272,3,isotropic_constructed_macro_nats_full_precision_v3,0552c7f4701ada91e31e916f992171b9418cb47d283a56e61f311581d66266cb
2009-05-13,0.09880507737523735,3,isotropic_constructed_macro_nats_full_precision_v3,0552c7f4701ada91e31e916f992171b9418cb47d283a56e61f311581d66266cb
2009-05-15,0.09779338332644678,3,isotropic_constructed_macro_nats_full_precision_v3,0552c7f4701ada91e31e916f992171b9418cb47d283a56e61f311581d66266cb
2009-05-19,0.09609912306218289,3,isotropic_constructed_macro_nats_full_precision_v3,0552c7f4701ada91e31e916f992171b9418cb47d283a56e61f311581d66266cb
2009-05-21,0.09477781096214657,3,isotropic_constructed_macro_nats_full_precision_v3,0552c7f4701ada91e31e916f992171b9418cb47d283a56e61f311581d66266cb
2009-05-26,0.09939853653814493,3,isotropic_constructed_macro_nats_full_precision_v3,0552c7f4701ada91e31e916f992171b9418cb47d283a56e61f311581d66266cb
2009-05-28,0.09969785455877514,3,isotropic_constructed_macro_nats_full_precision_v3,0552c7f4701ada91e31e916f992171b9418cb47d283a56e61f311581d66266cb
2009-06-01,0.09733248873586219,3,isotropic_constructed_macro_nats_full_precision_v3,0552c7f4701ada91e31e916f992171b9418cb47d283a56e61f311581d66266cb
2009-06-03,0.09241549544604503,3,isotropic_constructed_macro_nats_full_precision_v3,0552c7f4701ada91e31e916f992171b9418cb47d283a56e61f311581d66266cb
2009-06-05,0.0934066067314242,3,isotropic_constructed_macro_nats_full_precision_v3,0552c7f4701ada91e31e916f992171b9418cb47d283a56e61f311581d66266cb
2009-06-09,0.09208097814828305,3,isotropic_constructed_macro_nats_full_precision_v3,0552c7f4701ada91e31e916f992171b9418cb47d283a56e61f311581d66266cb
2009-06-11,0.09325907761511279,3,isotropic_constructed_macro_nats_full_precision_v3,0552c7f4701ada91e31e916f992171b9418cb47d283a56e61f311581d66266cb
2009-06-15,0.09362173956415276,5,isotropic_constructed_macro_nats_full_precision_v3,0552c7f4701ada91e31e916f992171b9418cb47d283a56e61f311581d66266cb
2009-06-17,0.09346140543650115,5,isotropic_constructed_macro_nats_full_precision_v3,0552c7f4701ada91e31e916f992171b9418cb47d283a56e61f311581d66266cb
2009-06-19,0.09476667778340679,5,isotropic_constructed_macro_nats_full_precision_v3,0552c7f4701ada91e31e916f992171b9418cb47d283a56e61f311581d66266cb
2009-06-23,0.09542536326661567,5,isotropic_constructed_macro_nats_full_precision_v3,0552c7f4701ada91e31e916f992171b9418cb47d283a56e61f311581d66266cb
2009-06-25,0.09611146204742624,5,isotropic_constructed_macro_nats_full_precision_v3,0552c7f4701ada91e31e916f992171b9418cb47d283a56e61f311581d66266cb
2009-06-29,0.09576159731431584,5,isotropic_constructed_macro_nats_full_precision_v3,0552c7f4701ada91e31e916f992171b9418cb47d283a56e61f311581d66266cb
2009-07-01,0.09299712908556118,5,isotropic_constructed_macro_nats_full_precision_v3,0552c7f4701ada91e31e916f992171b9418cb47d283a56e61f311581d66266cb
2009-07-06,0.08788837163259469,5,isotropic_constructed_macro_nats_full_precision_v3,0552c7f4701ada91e31e916f992171b9418cb47d283a56e61f311581d66266cb
2009-07-08,0.09118403723407731,3,isotropic_constructed_macro_nats_full_precision_v3,0552c7f4701ada91e31e916f992171b9418cb47d283a56e61f311581d66266cb
2009-07-10,0.0937223379248105,3,isotropic_constructed_macro_nats_full_precision_v3,0552c7f4701ada91e31e916f992171b9418cb47d283a56e61f311581d66266cb
2009-07-14,0.09131913317941073,3,isotropic_constructed_macro_nats_full_precision_v3,0552c7f4701ada91e31e916f992171b9418cb47d283a56e61f311581d66266cb
2009-07-16,0.09228253329847622,3,isotropic_constructed_macro_nats_full_precision_v3,0552c7f4701ada91e31e916f992171b9418cb47d283a56e61f311581d66266cb
2009-07-20,0.09551049511726692,3,isotropic_constructed_macro_nats_full_precision_v3,0552c7f4701ada91e31e916f992171b9418cb47d283a56e61f311581d66266cb
2009-07-22,0.09410246923716983,3,isotropic_constructed_macro_nats_full_precision_v3,0552c7f4701ada91e31e916f992171b9418cb47d283a56e61f311581d66266cb
2009-07-24,0.0970875771431867,3,isotropic_constructed_macro_nats_full_precision_v3,0552c7f4701ada91e31e916f992171b9418cb47d283a56e61f311581d66266cb
2009-07-28,0.09011462954043523,3,isotropic_constructed_macro_nats_full_precision_v3,0552c7f4701ada91e31e916f992171b9418cb47d283a56e61f311581d66266cb
2009-07-30,0.08800607380951496,3,isotropic_constructed_macro_nats_full_precision_v3,0552c7f4701ada91e31e916f992171b9418cb47d283a56e61f311581d66266cb
2009-08-03,0.0887567387062327,3,isotropic_constructed_macro_nats_full_precision_v3,0552c7f4701ada91e31e916f992171b9418cb47d283a56e61f311581d66266cb
2009-08-05,0.09387689657514499,3,isotropic_constructed_macro_nats_full_precision_v3,0552c7f4701ada91e31e916f992171b9418cb47d283a56e61f311581d66266cb
2009-08-07,0.09295752494459783,3,isotropic_constructed_macro_nats_full_precision_v3,0552c7f4701ada91e31e916f992171b9418cb47d283a56e61f311581d66266cb
2009-08-11,0.09165760461945968,3,isotropic_constructed_macro_nats_full_precision_v3,0552c7f4701ada91e31e916f992171b9418cb47d283a56e61f311581d66266cb
2009-08-13,0.09185672665720804,3,isotropic_constructed_macro_nats_full_precision_v3,0552c7f4701ada91e31e916f992171b9418cb47d283a56e61f311581d66266cb
2009-08-17,0.0891965227776949,3,isotropic_constructed_macro_nats_full_precision_v3,0552c7f4701ada91e31e916f992171b9418cb47d283a56e61f311581d66266cb
2009-08-19,0.08906522416187065,3,isotropic_constructed_macro_nats_full_precision_v3,0552c7f4701ada91e31e916f992171b9418cb47d283a56e61f311581d66266cb
2009-08-21,0.08910874612958714,3,isotropic_constructed_macro_nats_full_precision_v3,0552c7f4701ada91e31e916f992171b9418cb47d283a56e61f311581d66266cb
2009-08-25,0.08594401559419704,3,isotropic_constructed_macro_nats_full_precision_v3,0552c7f4701ada91e31e916f992171b9418cb47d283a56e61f311581d66266cb
2009-08-27,0.08427029906916345,3,isotropic_constructed_macro_nats_full_precision_v3,0552c7f4701ada91e31e916f992171b9418cb47d283a56e61f311581d66266cb
2009-08-31,0.08481316682793884,3,isotropic_constructed_macro_nats_full_precision_v3,0552c7f4701ada91e31e916f992171b9418cb47d283a56e61f311581d66266cb
2009-09-02,0.08397426638941045,3,isotropic_constructed_macro_nats_full_precision_v3,0552c7f4701ada91e31e916f992171b9418cb47d283a56e61f311581d66266cb
2009-09-04,0.08159672927689124,3,isotropic_constructed_macro_nats_full_precision_v3,0552c7f4701ada91e31e916f992171b9418cb47d283a56e61f311581d66266cb
2009-09-09,0.07851946925488941,3,isotropic_constructed_macro_nats_full_precision_v3,0552c7f4701ada91e31e916f992171b9418cb47d283a56e61f311581d66266cb
2009-09-11,0.07980195344091567,3,isotropic_constructed_macro_nats_full_precision_v3,0552c7f4701ada91e31e916f992171b9418cb47d283a56e61f311581d66266cb
2009-09-15,0.08242738207693893,3,isotropic_constructed_macro_nats_full_precision_v3,0552c7f4701ada91e31e916f992171b9418cb47d283a56e61f311581d66266cb
2009-09-17,0.07892264910665929,3,isotropic_constructed_macro_nats_full_precision_v3,0552c7f4701ada91e31e916f992171b9418cb47d283a56e61f311581d66266cb
2009-09-21,0.07851775473622714,3,isotropic_constructed_macro_nats_full_precision_v3,0552c7f4701ada91e31e916f992171b9418cb47d283a56e61f311581d66266cb
2009-09-23,0.07949551505278525,3,isotropic_constructed_macro_nats_full_precision_v3,0552c7f4701ada91e31e916f992171b9418cb47d283a56e61f311581d66266cb
2009-09-25,0.07967735650345097,3,isotropic_constructed_macro_nats_full_precision_v3,0552c7f4701ada91e31e916f992171b9418cb47d283a56e61f311581d66266cb
2009-09-29,0.07902446263221882,3,isotropic_constructed_macro_nats_full_precision_v3,0552c7f4701ada91e31e916f992171b9418cb47d283a56e61f311581d66266cb
2009-10-01,0.0782985465212261,3,isotropic_constructed_macro_nats_full_precision_v3,0552c7f4701ada91e31e916f992171b9418cb47d283a56e61f311581d66266cb
2009-10-05,0.07670755131205892,3,isotropic_constructed_macro_nats_full_precision_v3,0552c7f4701ada91e31e916f992171b9418cb47d283a56e61f311581d66266cb
2009-10-07,0.07747613945634577,3,isotropic_constructed_macro_nats_full_precision_v3,0552c7f4701ada91e31e916f992171b9418cb47d283a56e61f311581d66266cb
2009-10-09,0.07538030882501658,3,isotropic_constructed_macro_nats_full_precision_v3,0552c7f4701ada91e31e916f992171b9418cb47d283a56e61f311581d66266cb
2009-10-13,0.07485288427185588,3,isotropic_constructed_macro_nats_full_precision_v3,0552c7f4701ada91e31e916f992171b9418cb47d283a56e61f311581d66266cb
2009-10-15,0.07396855574080706,3,isotropic_constructed_macro_nats_full_precision_v3,0552c7f4701ada91e31e916f992171b9418cb47d283a56e61f311581d66266cb
2009-10-19,0.07065600366051528,3,isotropic_constructed_macro_nats_full_precision_v3,0552c7f4701ada91e31e916f992171b9418cb47d283a56e61f311581d66266cb
2009-10-21,0.07106188519850487,3,isotropic_constructed_macro_nats_full_precision_v3,0552c7f4701ada91e31e916f992171b9418cb47d283a56e61f311581d66266cb
2009-10-23,0.07180558940528146,3,isotropic_constructed_macro_nats_full_precision_v3,0552c7f4701ada91e31e916f992171b9418cb47d283a56e61f311581d66266cb
2009-10-27,0.07235648207468538,5,isotropic_constructed_macro_nats_full_precision_v3,0552c7f4701ada91e31e916f992171b9418cb47d283a56e61f311581d66266cb
2009-10-29,0.07271725180047592,5,isotropic_constructed_macro_nats_full_precision_v3,0552c7f4701ada91e31e916f992171b9418cb47d283a56e61f311581d66266cb
2009-11-02,0.07640515407324741,5,isotropic_constructed_macro_nats_full_precision_v3,0552c7f4701ada91e31e916f992171b9418cb47d283a56e61f311581d66266cb
2009-11-04,0.07623935229010691,5,isotropic_constructed_macro_nats_full_precision_v3,0552c7f4701ada91e31e916f992171b9418cb47d283a56e61f311581d66266cb
2009-11-06,0.07302535057758656,5,isotropic_constructed_macro_nats_full_precision_v3,0552c7f4701ada91e31e916f992171b9418cb47d283a56e61f311581d66266cb
2009-11-10,0.07203188794924278,3,isotropic_constructed_macro_nats_full_precision_v3,0552c7f4701ada91e31e916f992171b9418cb47d283a56e61f311581d66266cb
2009-11-12,0.07357082339319707,3,isotropic_constructed_macro_nats_full_precision_v3,0552c7f4701ada91e31e916f992171b9418cb47d283a56e61f311581d66266cb
2009-11-16,0.07304245806072536,5,isotropic_constructed_macro_nats_full_precision_v3,0552c7f4701ada91e31e916f992171b9418cb47d283a56e61f311581d66266cb
2009-11-18,0.07266211473323486,3,isotropic_constructed_macro_nats_full_precision_v3,0552c7f4701ada91e31e916f992171b9418cb47d283a56e61f311581d66266cb
2009-11-20,0.07273884546857755,5,isotropic_constructed_macro_nats_full_precision_v3,0552c7f4701ada91e31e916f992171b9418cb47d283a56e61f311581d66266cb
2009-11-24,0.0730769372068309,3,isotropic_constructed_macro_nats_full_precision_v3,0552c7f4701ada91e31e916f992171b9418cb47d283a56e61f311581d66266cb
2009-11-27,0.07342689629281444,3,isotropic_constructed_macro_nats_full_precision_v3,0552c7f4701ada91e31e916f992171b9418cb47d283a56e61f311581d66266cb
2009-12-01,0.07146657863461459,5,isotropic_constructed_macro_nats_full_precision_v3,0552c7f4701ada91e31e916f992171b9418cb47d283a56e61f311581d66266cb
2009-12-03,0.07015023713305245,5,isotropic_constructed_macro_nats_full_precision_v3,0552c7f4701ada91e31e916f992171b9418cb47d283a56e61f311581d66266cb
2009-12-07,0.06954845930929861,3,isotropic_constructed_macro_nats_full_precision_v3,0552c7f4701ada91e31e916f992171b9418cb47d283a56e61f311581d66266cb
2009-12-09,0.07042355121385668,3,isotropic_constructed_macro_nats_full_precision_v3,0552c7f4701ada91e31e916f992171b9418cb47d283a56e61f311581d66266cb
2009-12-11,0.07119354182609734,3,isotropic_constructed_macro_nats_full_precision_v3,0552c7f4701ada91e31e916f992171b9418cb47d283a56e61f311581d66266cb
2009-12-15,0.07246055972810136,3,isotropic_constructed_macro_nats_full_precision_v3,0552c7f4701ada91e31e916f992171b9418cb47d283a56e61f311581d66266cb
2009-12-17,0.06922776341621575,3,isotropic_constructed_macro_nats_full_precision_v3,0552c7f4701ada91e31e916f992171b9418cb47d283a56e61f311581d66266cb
2009-12-21,0.06931269935764892,3,isotropic_constructed_macro_nats_full_precision_v3,0552c7f4701ada91e31e916f992171b9418cb47d283a56e61f311581d66266cb
2009-12-23,0.06950761545073841,3,isotropic_constructed_macro_nats_full_precision_v3,0552c7f4701ada91e31e916f992171b9418cb47d283a56e61f311581d66266cb
2009-12-28,0.07234124954664443,3,isotropic_constructed_macro_nats_full_precision_v3,0552c7f4701ada91e31e916f992171b9418cb47d283a56e61f311581d66266cb
2009-12-30,0.07433517928657735,3,isotropic_constructed_macro_nats_full_precision_v3,0552c7f4701ada91e31e916f992171b9418cb47d283a56e61f311581d66266cb
2010-01-04,0.07517231637826166,3,isotropic_constructed_macro_nats_full_precision_v3,0552c7f4701ada91e31e916f992171b9418cb47d283a56e61f311581d66266cb
2010-01-06,0.07623824751831865,3,isotropic_constructed_macro_nats_full_precision_v3,0552c7f4701ada91e31e916f992171b9418cb47d283a56e61f311581d66266cb
2010-01-08,0.07613199279957343,3,isotropic_constructed_macro_nats_full_precision_v3,0552c7f4701ada91e31e916f992171b9418cb47d283a56e61f311581d66266cb
2010-01-12,0.07517004217635893,3,isotropic_constructed_macro_nats_full_precision_v3,0552c7f4701ada91e31e916f992171b9418cb47d283a56e61f311581d66266cb
2010-01-14,0.07659146533619463,3,isotropic_constructed_macro_nats_full_precision_v3,0552c7f4701ada91e31e916f992171b9418cb47d283a56e61f311581d66266cb
2010-01-19,0.07974426213121562,3,isotropic_constructed_macro_nats_full_precision_v3,0552c7f4701ada91e31e916f992171b9418cb47d283a56e61f311581d66266cb
2010-01-21,0.07854198656300562,3,isotropic_constructed_macro_nats_full_precision_v3,0552c7f4701ada91e31e916f992171b9418cb47d283a56e61f311581d66266cb
2010-01-25,0.07625916042992895,3,isotropic_constructed_macro_nats_full_precision_v3,0552c7f4701ada91e31e916f992171b9418cb47d283a56e61f311581d66266cb
2010-01-27,0.0791862058188926,5,isotropic_constructed_macro_nats_full_precision_v3,0552c7f4701ada91e31e916f992171b9418cb47d283a56e61f311581d66266cb
2010-01-29,0.07447115927515971,3,isotropic_constructed_macro_nats_full_precision_v3,0552c7f4701ada91e31e916f992171b9418cb47d283a56e61f311581d66266cb
2010-02-02,0.07397123494105862,5,isotropic_constructed_macro_nats_full_precision_v3,0552c7f4701ada91e31e916f992171b9418cb47d283a56e61f311581d66266cb
2010-02-04,0.0747288495904371,3,isotropic_constructed_macro_nats_full_precision_v3,0552c7f4701ada91e31e916f992171b9418cb47d283a56e61f311581d66266cb
2010-02-08,0.07743037957491647,5,isotropic_constructed_macro_nats_full_precision_v3,0552c7f4701ada91e31e916f992171b9418cb47d283a56e61f311581d66266cb
2010-02-10,0.07819667375574775,3,isotropic_constructed_macro_nats_full_precision_v3,0552c7f4701ada91e31e916f992171b9418cb47d283a56e61f311581d66266cb
2010-02-12,0.0812851176306753,3,isotropic_constructed_macro_nats_full_precision_v3,0552c7f4701ada91e31e916f992171b9418cb47d283a56e61f311581d66266cb
2010-02-17,0.08323648892012621,3,isotropic_constructed_macro_nats_full_precision_v3,0552c7f4701ada91e31e916f992171b9418cb47d283a56e61f311581d66266cb
2010-02-19,0.08384773679136517,3,isotropic_constructed_macro_nats_full_precision_v3,0552c7f4701ada91e31e916f992171b9418cb47d283a56e61f311581d66266cb
2010-02-23,0.08610888832951683,3,isotropic_constructed_macro_nats_full_precision_v3,0552c7f4701ada91e31e916f992171b9418cb47d283a56e61f311581d66266cb
2010-02-25,0.08702684905700561,3,isotropic_constructed_macro_nats_full_precision_v3,0552c7f4701ada91e31e916f992171b9418cb47d283a56e61f311581d66266cb
2010-03-01,0.08807445346433149,3,isotropic_constructed_macro_nats_full_precision_v3,0552c7f4701ada91e31e916f992171b9418cb47d283a56e61f311581d66266cb
2010-03-03,0.08957523327073909,3,isotropic_constructed_macro_nats_full_precision_v3,0552c7f4701ada91e31e916f992171b9418cb47d283a56e61f311581d66266cb
2010-03-05,0.09260570195671923,3,isotropic_constructed_macro_nats_full_precision_v3,0552c7f4701ada91e31e916f992171b9418cb47d283a56e61f311581d66266cb
2010-03-09,0.09440368817643034,3,isotropic_constructed_macro_nats_full_precision_v3,0552c7f4701ada91e31e916f992171b9418cb47d283a56e61f311581d66266cb
2010-03-11,0.09573030419562703,3,isotropic_constructed_macro_nats_full_precision_v3,0552c7f4701ada91e31e916f992171b9418cb47d283a56e61f311581d66266cb
2010-03-15,0.09526674652986811,3,isotropic_constructed_macro_nats_full_precision_v3,0552c7f4701ada91e31e916f992171b9418cb47d283a56e61f311581d66266cb
2010-03-17,0.09273475372962778,3,isotropic_constructed_macro_nats_full_precision_v3,0552c7f4701ada91e31e916f992171b9418cb47d283a56e61f311581d66266cb
2010-03-19,0.09477215797577472,3,isotropic_constructed_macro_nats_full_precision_v3,0552c7f4701ada91e31e916f992171b9418cb47d283a56e61f311581d66266cb
2010-03-23,0.09575860029510914,3,isotropic_constructed_macro_nats_full_precision_v3,0552c7f4701ada91e31e916f992171b9418cb47d283a56e61f311581d66266cb
2010-03-25,0.09591128688090293,3,isotropic_constructed_macro_nats_full_precision_v3,0552c7f4701ada91e31e916f992171b9418cb47d283a56e61f311581d66266cb
2010-03-29,0.09884216424415442,3,isotropic_constructed_macro_nats_full_precision_v3,0552c7f4701ada91e31e916f992171b9418cb47d283a56e61f311581d66266cb
2010-03-31,0.10002392979704701,3,isotropic_constructed_macro_nats_full_precision_v3,0552c7f4701ada91e31e916f992171b9418cb47d283a56e61f311581d66266cb
2010-04-05,0.1001680060740443,3,isotropic_constructed_macro_nats_full_precision_v3,0552c7f4701ada91e31e916f992171b9418cb47d283a56e61f311581d66266cb
2010-04-07,0.09998611375555151,3,isotropic_constructed_macro_nats_full_precision_v3,0552c7f4701ada91e31e916f992171b9418cb47d283a56e61f311581d66266cb
2010-04-09,0.10186069998779694,3,isotropic_constructed_macro_nats_full_precision_v3,0552c7f4701ada91e31e916f992171b9418cb47d283a56e61f311581d66266cb
2010-04-13,0.10036616953655676,3,isotropic_constructed_macro_nats_full_precision_v3,0552c7f4701ada91e31e916f992171b9418cb47d283a56e61f311581d66266cb
2010-04-15,0.09877064162588049,3,isotropic_constructed_macro_nats_full_precision_v3,0552c7f4701ada91e31e916f992171b9418cb47d283a56e61f311581d66266cb
2010-04-19,0.09645424938134668,3,isotropic_constructed_macro_nats_full_precision_v3,0552c7f4701ada91e31e916f992171b9418cb47d283a56e61f311581d66266cb
2010-04-21,0.09789811800969564,3,isotropic_constructed_macro_nats_full_precision_v3,0552c7f4701ada91e31e916f992171b9418cb47d283a56e61f311581d66266cb
2010-04-23,0.09702286975012342,3,isotropic_constructed_macro_nats_full_precision_v3,0552c7f4701ada91e31e916f992171b9418cb47d283a56e61f311581d66266cb
2010-04-27,0.093471803151987,3,isotropic_constructed_macro_nats_full_precision_v3,0552c7f4701ada91e31e916f992171b9418cb47d283a56e61f311581d66266cb
2010-04-29,0.0919403239359216,3,isotropic_constructed_macro_nats_full_precision_v3,0552c7f4701ada91e31e916f992171b9418cb47d283a56e61f311581d66266cb
2010-05-03,0.09168006791951945,3,isotropic_constructed_macro_nats_full_precision_v3,0552c7f4701ada91e31e916f992171b9418cb47d283a56e61f311581d66266cb
2010-05-05,0.0934618479657311,3,isotropic_constructed_macro_nats_full_precision_v3,0552c7f4701ada91e31e916f992171b9418cb47d283a56e61f311581d66266cb
2010-05-07,0.09082812660729378,3,isotropic_constructed_macro_nats_full_precision_v3,0552c7f4701ada91e31e916f992171b9418cb47d283a56e61f311581d66266cb
2010-05-11,0.08980519699764274,3,isotropic_constructed_macro_nats_full_precision_v3,0552c7f4701ada91e31e916f992171b9418cb47d283a56e61f311581d66266cb
2010-05-13,0.09100382087553918,3,isotropic_constructed_macro_nats_full_precision_v3,0552c7f4701ada91e31e916f992171b9418cb47d283a56e61f311581d66266cb
2010-05-17,0.08923185217922551,3,isotropic_constructed_macro_nats_full_precision_v3,0552c7f4701ada91e31e916f992171b9418cb47d283a56e61f311581d66266cb
2010-05-19,0.09093323182959628,3,isotropic_constructed_macro_nats_full_precision_v3,0552c7f4701ada91e31e916f992171b9418cb47d283a56e61f311581d66266cb
2010-05-21,0.09077094684908762,2,isotropic_constructed_macro_nats_full_precision_v3,0552c7f4701ada91e31e916f992171b9418cb47d283a56e61f311581d66266cb
2010-05-25,0.09097701532584969,2,isotropic_constructed_macro_nats_full_precision_v3,0552c7f4701ada91e31e916f992171b9418cb47d283a56e61f311581d66266cb
2010-05-27,0.09168393706286704,2,isotropic_constructed_macro_nats_full_precision_v3,0552c7f4701ada91e31e916f992171b9418cb47d283a56e61f311581d66266cb
2010-06-01,0.08538784762697607,3,isotropic_constructed_macro_nats_full_precision_v3,0552c7f4701ada91e31e916f992171b9418cb47d283a56e61f311581d66266cb
2010-06-03,0.08657148712921386,3,isotropic_constructed_macro_nats_full_precision_v3,0552c7f4701ada91e31e916f992171b9418cb47d283a56e61f311581d66266cb
2010-06-07,0.09585970271508029,1,isotropic_constructed_macro_nats_full_precision_v3,0552c7f4701ada91e31e916f992171b9418cb47d283a56e61f311581d66266cb
2010-06-09,0.09812466473796355,1,isotropic_constructed_macro_nats_full_precision_v3,0552c7f4701ada91e31e916f992171b9418cb47d283a56e61f311581d66266cb
2010-06-11,0.09575515368522539,1,isotropic_constructed_macro_nats_full_precision_v3,0552c7f4701ada91e31e916f992171b9418cb47d283a56e61f311581d66266cb
2010-06-15,0.08828027479171556,1,isotropic_constructed_macro_nats_full_precision_v3,0552c7f4701ada91e31e916f992171b9418cb47d283a56e61f311581d66266cb
2010-06-17,0.08363628221216791,1,isotropic_constructed_macro_nats_full_precision_v3,0552c7f4701ada91e31e916f992171b9418cb47d283a56e61f311581d66266cb
2010-06-21,0.07788025669933585,1,isotropic_constructed_macro_nats_full_precision_v3,0552c7f4701ada91e31e916f992171b9418cb47d283a56e61f311581d66266cb
2010-06-23,0.07624087477139009,3,isotropic_constructed_macro_nats_full_precision_v3,0552c7f4701ada91e31e916f992171b9418cb47d283a56e61f311581d66266cb
2010-06-25,0.07878704203805888,3,isotropic_constructed_macro_nats_full_precision_v3,0552c7f4701ada91e31e916f992171b9418cb47d283a56e61f311581d66266cb
2010-06-29,0.07990065378125179,3,isotropic_constructed_macro_nats_full_precision_v3,0552c7f4701ada91e31e916f992171b9418cb47d283a56e61f311581d66266cb
2010-07-01,0.09090479059556895,1,isotropic_constructed_macro_nats_full_precision_v3,0552c7f4701ada91e31e916f992171b9418cb47d283a56e61f311581d66266cb
2010-07-06,0.09093316195682538,1,isotropic_constructed_macro_nats_full_precision_v3,0552c7f4701ada91e31e916f992171b9418cb47d283a56e61f311581d66266cb
2010-07-08,0.09155074703822116,3,isotropic_constructed_macro_nats_full_precision_v3,0552c7f4701ada91e31e916f992171b9418cb47d283a56e61f311581d66266cb
2010-07-12,0.10035306330278276,1,isotropic_constructed_macro_nats_full_precision_v3,0552c7f4701ada91e31e916f992171b9418cb47d283a56e61f311581d66266cb
2010-07-14,0.1023260174831971,1,isotropic_constructed_macro_nats_full_precision_v3,0552c7f4701ada91e31e916f992171b9418cb47d283a56e61f311581d66266cb
2010-07-16,0.11463413964658085,1,isotropic_constructed_macro_nats_full_precision_v3,0552c7f4701ada91e31e916f992171b9418cb47d283a56e61f311581d66266cb
2010-07-20,0.11275237732410026,1,isotropic_constructed_macro_nats_full_precision_v3,0552c7f4701ada91e31e916f992171b9418cb47d283a56e61f311581d66266cb
2010-07-22,0.11088919026447001,1,isotropic_constructed_macro_nats_full_precision_v3,0552c7f4701ada91e31e916f992171b9418cb47d283a56e61f311581d66266cb
2010-07-26,0.10640713544598258,1,isotropic_constructed_macro_nats_full_precision_v3,0552c7f4701ada91e31e916f992171b9418cb47d283a56e61f311581d66266cb
2010-07-28,0.10448420261982427,1,isotropic_constructed_macro_nats_full_precision_v3,0552c7f4701ada91e31e916f992171b9418cb47d283a56e61f311581d66266cb
2010-07-30,0.10334680188903676,1,isotropic_constructed_macro_nats_full_precision_v3,0552c7f4701ada91e31e916f992171b9418cb47d283a56e61f311581d66266cb
2010-08-03,0.0994225986184541,1,isotropic_constructed_macro_nats_full_precision_v3,0552c7f4701ada91e31e916f992171b9418cb47d283a56e61f311581d66266cb
2010-08-05,0.08835408478759621,1,isotropic_constructed_macro_nats_full_precision_v3,0552c7f4701ada91e31e916f992171b9418cb47d283a56e61f311581d66266cb
2010-08-09,0.09487421907159437,1,isotropic_constructed_macro_nats_full_precision_v3,0552c7f4701ada91e31e916f992171b9418cb47d283a56e61f311581d66266cb
2010-08-11,0.10178350709715793,1,isotropic_constructed_macro_nats_full_precision_v3,0552c7f4701ada91e31e916f992171b9418cb47d283a56e61f311581d66266cb
2010-08-13,0.11471573232685686,1,isotropic_constructed_macro_nats_full_precision_v3,0552c7f4701ada91e31e916f992171b9418cb47d283a56e61f311581d66266cb
2010-08-17,0.11876356394162411,1,isotropic_constructed_macro_nats_full_precision_v3,0552c7f4701ada91e31e916f992171b9418cb47d283a56e61f311581d66266cb
2010-08-19,0.11981045326300688,1,isotropic_constructed_macro_nats_full_precision_v3,0552c7f4701ada91e31e916f992171b9418cb47d283a56e61f311581d66266cb
2010-08-23,0.12408624458156285,1,isotropic_constructed_macro_nats_full_precision_v3,0552c7f4701ada91e31e916f992171b9418cb47d283a56e61f311581d66266cb
2010-08-25,0.12678255023761076,1,isotropic_constructed_macro_nats_full_precision_v3,0552c7f4701ada91e31e916f992171b9418cb47d283a56e61f311581d66266cb
2010-08-27,0.12481176713043828,1,isotropic_constructed_macro_nats_full_precision_v3,0552c7f4701ada91e31e916f992171b9418cb47d283a56e61f311581d66266cb
2010-08-31,0.12169209276905117,1,isotropic_constructed_macro_nats_full_precision_v3,0552c7f4701ada91e31e916f992171b9418cb47d283a56e61f311581d66266cb
2010-09-02,0.12279299269723942,1,isotropic_constructed_macro_nats_full_precision_v3,0552c7f4701ada91e31e916f992171b9418cb47d283a56e61f311581d66266cb
2010-09-07,0.12352041491551517,1,isotropic_constructed_macro_nats_full_precision_v3,0552c7f4701ada91e31e916f992171b9418cb47d283a56e61f311581d66266cb
2010-09-09,0.1329393626006734,1,isotropic_constructed_macro_nats_full_precision_v3,0552c7f4701ada91e31e916f992171b9418cb47d283a56e61f311581d66266cb
2010-09-13,0.12603491697083113,1,isotropic_constructed_macro_nats_full_precision_v3,0552c7f4701ada91e31e916f992171b9418cb47d283a56e61f311581d66266cb
2010-09-15,0.12432593664297673,1,isotropic_constructed_macro_nats_full_precision_v3,0552c7f4701ada91e31e916f992171b9418cb47d283a56e61f311581d66266cb
2010-09-17,0.13053792861742455,1,isotropic_constructed_macro_nats_full_precision_v3,0552c7f4701ada91e31e916f992171b9418cb47d283a56e61f311581d66266cb
2010-09-21,0.13306892789774533,1,isotropic_constructed_macro_nats_full_precision_v3,0552c7f4701ada91e31e916f992171b9418cb47d283a56e61f311581d66266cb
2010-09-23,0.11983806640501704,1,isotropic_constructed_macro_nats_full_precision_v3,0552c7f4701ada91e31e916f992171b9418cb47d283a56e61f311581d66266cb
2010-09-27,0.1465556067305569,1,isotropic_constructed_macro_nats_full_precision_v3,0552c7f4701ada91e31e916f992171b9418cb47d283a56e61f311581d66266cb
2010-09-29,0.14145415350884089,1,isotropic_constructed_macro_nats_full_precision_v3,0552c7f4701ada91e31e916f992171b9418cb47d283a56e61f311581d66266cb
2010-10-01,0.14652002537840952,1,isotropic_constructed_macro_nats_full_precision_v3,0552c7f4701ada91e31e916f992171b9418cb47d283a56e61f311581d66266cb
2010-10-05,0.1422186846354342,1,isotropic_constructed_macro_nats_full_precision_v3,0552c7f4701ada91e31e916f992171b9418cb47d283a56e61f311581d66266cb
2010-10-07,0.11373170365199628,1,isotropic_constructed_macro_nats_full_precision_v3,0552c7f4701ada91e31e916f992171b9418cb47d283a56e61f311581d66266cb
2010-10-11,0.12167709678000112,1,isotropic_constructed_macro_nats_full_precision_v3,0552c7f4701ada91e31e916f992171b9418cb47d283a56e61f311581d66266cb
2010-10-13,0.09130725227444447,1,isotropic_constructed_macro_nats_full_precision_v3,0552c7f4701ada91e31e916f992171b9418cb47d283a56e61f311581d66266cb
2010-10-15,0.13791508157777366,1,isotropic_constructed_macro_nats_full_precision_v3,0552c7f4701ada91e31e916f992171b9418cb47d283a56e61f311581d66266cb
2010-10-19,0.17937499034367127,1,isotropic_constructed_macro_nats_full_precision_v3,0552c7f4701ada91e31e916f992171b9418cb47d283a56e61f311581d66266cb
2010-10-21,0.1646490912665697,1,isotropic_constructed_macro_nats_full_precision_v3,0552c7f4701ada91e31e916f992171b9418cb47d283a56e61f311581d66266cb
2010-10-25,0.14545035724184624,1,isotropic_constructed_macro_nats_full_precision_v3,0552c7f4701ada91e31e916f992171b9418cb47d283a56e61f311581d66266cb
2010-10-27,0.14283612892876651,1,isotropic_constructed_macro_nats_full_precision_v3,0552c7f4701ada91e31e916f992171b9418cb47d283a56e61f311581d66266cb
2010-10-29,0.14579699181106284,1,isotropic_constructed_macro_nats_full_precision_v3,0552c7f4701ada91e31e916f992171b9418cb47d283a56e61f311581d66266cb
2010-11-02,0.1435546657715721,1,isotropic_constructed_macro_nats_full_precision_v3,0552c7f4701ada91e31e916f992171b9418cb47d283a56e61f311581d66266cb
2010-11-04,0.13511502427345395,1,isotropic_constructed_macro_nats_full_precision_v3,0552c7f4701ada91e31e916f992171b9418cb47d283a56e61f311581d66266cb
2010-11-08,0.13480855350664983,1,isotropic_constructed_macro_nats_full_precision_v3,0552c7f4701ada91e31e916f992171b9418cb47d283a56e61f311581d66266cb
2010-11-10,0.13069926469844304,1,isotropic_constructed_macro_nats_full_precision_v3,0552c7f4701ada91e31e916f992171b9418cb47d283a56e61f311581d66266cb
2010-11-12,0.12275072375983224,1,isotropic_constructed_macro_nats_full_precision_v3,0552c7f4701ada91e31e916f992171b9418cb47d283a56e61f311581d66266cb
2010-11-16,0.11167550797359382,1,isotropic_constructed_macro_nats_full_precision_v3,0552c7f4701ada91e31e916f992171b9418cb47d283a56e61f311581d66266cb
2010-11-18,0.08967454816476046,1,isotropic_constructed_macro_nats_full_precision_v3,0552c7f4701ada91e31e916f992171b9418cb47d283a56e61f311581d66266cb
2010-11-22,0.08269833784134442,1,isotropic_constructed_macro_nats_full_precision_v3,0552c7f4701ada91e31e916f992171b9418cb47d283a56e61f311581d66266cb
2010-11-24,0.08510541469199519,1,isotropic_constructed_macro_nats_full_precision_v3,0552c7f4701ada91e31e916f992171b9418cb47d283a56e61f311581d66266cb
2010-11-29,0.10314142239769157,1,isotropic_constructed_macro_nats_full_precision_v3,0552c7f4701ada91e31e916f992171b9418cb47d283a56e61f311581d66266cb
2010-12-01,0.11484437947132928,1,isotropic_constructed_macro_nats_full_precision_v3,0552c7f4701ada91e31e916f992171b9418cb47d283a56e61f311581d66266cb
2010-12-03,0.1344201561382943,1,isotropic_constructed_macro_nats_full_precision_v3,0552c7f4701ada91e31e916f992171b9418cb47d283a56e61f311581d66266cb
2010-12-07,0.13432110985084134,1,isotropic_constructed_macro_nats_full_precision_v3,0552c7f4701ada91e31e916f992171b9418cb47d283a56e61f311581d66266cb
2010-12-09,0.1317741591657669,1,isotropic_constructed_macro_nats_full_precision_v3,0552c7f4701ada91e31e916f992171b9418cb47d283a56e61f311581d66266cb
2010-12-13,0.1271403805936338,1,isotropic_constructed_macro_nats_full_precision_v3,0552c7f4701ada91e31e916f992171b9418cb47d283a56e61f311581d66266cb
2010-12-15,0.12243925284115657,1,isotropic_constructed_macro_nats_full_precision_v3,0552c7f4701ada91e31e916f992171b9418cb47d283a56e61f311581d66266cb
2010-12-17,0.1213896427886948,1,isotropic_constructed_macro_nats_full_precision_v3,0552c7f4701ada91e31e916f992171b9418cb47d283a56e61f311581d66266cb
2010-12-21,0.12235351332576758,1,isotropic_constructed_macro_nats_full_precision_v3,0552c7f4701ada91e31e916f992171b9418cb47d283a56e61f311581d66266cb
2010-12-23,0.12032213855539435,1,isotropic_constructed_macro_nats_full_precision_v3,0552c7f4701ada91e31e916f992171b9418cb47d283a56e61f311581d66266cb
2010-12-28,0.12188034903049842,1,isotropic_constructed_macro_nats_full_precision_v3,0552c7f4701ada91e31e916f992171b9418cb47d283a56e61f311581d66266cb
2010-12-30,0.11809084430444378,1,isotropic_constructed_macro_nats_full_precision_v3,0552c7f4701ada91e31e916f992171b9418cb47d283a56e61f311581d66266cb
2011-01-03,0.11858621207363254,1,isotropic_constructed_macro_nats_full_precision_v3,0552c7f4701ada91e31e916f992171b9418cb47d283a56e61f311581d66266cb
2011-01-05,0.11036506890436026,1,isotropic_constructed_macro_nats_full_precision_v3,0552c7f4701ada91e31e916f992171b9418cb47d283a56e61f311581d66266cb
2011-01-07,0.10036262976413408,1,isotropic_constructed_macro_nats_full_precision_v3,0552c7f4701ada91e31e916f992171b9418cb47d283a56e61f311581d66266cb
2011-01-11,0.09673775742766093,1,isotropic_constructed_macro_nats_full_precision_v3,0552c7f4701ada91e31e916f992171b9418cb47d283a56e61f311581d66266cb
2011-01-13,0.08730128037485041,1,isotropic_constructed_macro_nats_full_precision_v3,0552c7f4701ada91e31e916f992171b9418cb47d283a56e61f311581d66266cb
2011-01-18,0.08689835497284862,1,isotropic_constructed_macro_nats_full_precision_v3,0552c7f4701ada91e31e916f992171b9418cb47d283a56e61f311581d66266cb
2011-01-20,0.08918508875508659,1,isotropic_constructed_macro_nats_full_precision_v3,0552c7f4701ada91e31e916f992171b9418cb47d283a56e61f311581d66266cb
2011-01-24,0.08849400082364281,1,isotropic_constructed_macro_nats_full_precision_v3,0552c7f4701ada91e31e916f992171b9418cb47d283a56e61f311581d66266cb
2011-01-26,0.10837853094049427,1,isotropic_constructed_macro_nats_full_precision_v3,0552c7f4701ada91e31e916f992171b9418cb47d283a56e61f311581d66266cb
2011-01-28,0.10828059129549003,1,isotropic_constructed_macro_nats_full_precision_v3,0552c7f4701ada91e31e916f992171b9418cb47d283a56e61f311581d66266cb
2011-02-01,0.10828538168421868,1,isotropic_constructed_macro_nats_full_precision_v3,0552c7f4701ada91e31e916f992171b9418cb47d283a56e61f311581d66266cb
2011-02-03,0.10691207105541238,1,isotropic_constructed_macro_nats_full_precision_v3,0552c7f4701ada91e31e916f992171b9418cb47d283a56e61f311581d66266cb
2011-02-07,0.09950892183253111,1,isotropic_constructed_macro_nats_full_precision_v3,0552c7f4701ada91e31e916f992171b9418cb47d283a56e61f311581d66266cb
2011-02-09,0.09902280549759854,1,isotropic_constructed_macro_nats_full_precision_v3,0552c7f4701ada91e31e916f992171b9418cb47d283a56e61f311581d66266cb
2011-02-11,0.10165163859479567,1,isotropic_constructed_macro_nats_full_precision_v3,0552c7f4701ada91e31e916f992171b9418cb47d283a56e61f311581d66266cb
2011-02-15,0.10378288392445215,1,isotropic_constructed_macro_nats_full_precision_v3,0552c7f4701ada91e31e916f992171b9418cb47d283a56e61f311581d66266cb
2011-02-17,0.11833286407253313,1,isotropic_constructed_macro_nats_full_precision_v3,0552c7f4701ada91e31e916f992171b9418cb47d283a56e61f311581d66266cb
2011-02-22,0.11608342441186667,1,isotropic_constructed_macro_nats_full_precision_v3,0552c7f4701ada91e31e916f992171b9418cb47d283a56e61f311581d66266cb
2011-02-24,0.11175692264427706,1,isotropic_constructed_macro_nats_full_precision_v3,0552c7f4701ada91e31e916f992171b9418cb47d283a56e61f311581d66266cb
2011-02-28,0.10015193945942744,1,isotropic_constructed_macro_nats_full_precision_v3,0552c7f4701ada91e31e916f992171b9418cb47d283a56e61f311581d66266cb
2011-03-02,0.09786386392736954,1,isotropic_constructed_macro_nats_full_precision_v3,0552c7f4701ada91e31e916f992171b9418cb47d283a56e61f311581d66266cb
2011-03-04,0.08879771199847183,1,isotropic_constructed_macro_nats_full_precision_v3,0552c7f4701ada91e31e916f992171b9418cb47d283a56e61f311581d66266cb
2011-03-08,0.08379268758779812,1,isotropic_constructed_macro_nats_full_precision_v3,0552c7f4701ada91e31e916f992171b9418cb47d283a56e61f311581d66266cb
2011-03-10,0.12353899798314387,1,isotropic_constructed_macro_nats_full_precision_v3,0552c7f4701ada91e31e916f992171b9418cb47d283a56e61f311581d66266cb
2011-03-14,0.1148086900697636,1,isotropic_constructed_macro_nats_full_precision_v3,0552c7f4701ada91e31e916f992171b9418cb47d283a56e61f311581d66266cb
2011-03-16,0.10736260326657567,1,isotropic_constructed_macro_nats_full_precision_v3,0552c7f4701ada91e31e916f992171b9418cb47d283a56e61f311581d66266cb
2011-03-18,0.08260393693378253,1,isotropic_constructed_macro_nats_full_precision_v3,0552c7f4701ada91e31e916f992171b9418cb47d283a56e61f311581d66266cb
2011-03-22,0.08178760619040754,1,isotropic_constructed_macro_nats_full_precision_v3,0552c7f4701ada91e31e916f992171b9418cb47d283a56e61f311581d66266cb
2011-03-24,0.07622602584577176,1,isotropic_constructed_macro_nats_full_precision_v3,0552c7f4701ada91e31e916f992171b9418cb47d283a56e61f311581d66266cb
2011-03-28,0.06770433164452061,1,isotropic_constructed_macro_nats_full_precision_v3,0552c7f4701ada91e31e916f992171b9418cb47d283a56e61f311581d66266cb
2011-03-30,0.062334102034099934,1,isotropic_constructed_macro_nats_full_precision_v3,0552c7f4701ada91e31e916f992171b9418cb47d283a56e61f311581d66266cb
2011-04-01,0.06898305270557667,1,isotropic_constructed_macro_nats_full_precision_v3,0552c7f4701ada91e31e916f992171b9418cb47d283a56e61f311581d66266cb
2011-04-05,0.07137600495144666,1,isotropic_constructed_macro_nats_full_precision_v3,0552c7f4701ada91e31e916f992171b9418cb47d283a56e61f311581d66266cb
2011-04-07,0.06953259404619476,1,isotropic_constructed_macro_nats_full_precision_v3,0552c7f4701ada91e31e916f992171b9418cb47d283a56e61f311581d66266cb
2011-04-11,0.07112359315539821,1,isotropic_constructed_macro_nats_full_precision_v3,0552c7f4701ada91e31e916f992171b9418cb47d283a56e61f311581d66266cb
2011-04-13,0.05496454233313047,1,isotropic_constructed_macro_nats_full_precision_v3,0552c7f4701ada91e31e916f992171b9418cb47d283a56e61f311581d66266cb
2011-04-15,0.02187365715862294,2,isotropic_constructed_macro_nats_full_precision_v3,0552c7f4701ada91e31e916f992171b9418cb47d283a56e61f311581d66266cb
2011-04-19,0.01902502826618288,2,isotropic_constructed_macro_nats_full_precision_v3,0552c7f4701ada91e31e916f992171b9418cb47d283a56e61f311581d66266cb
2011-04-21,0.030067202743406435,2,isotropic_constructed_macro_nats_full_precision_v3,0552c7f4701ada91e31e916f992171b9418cb47d283a56e61f311581d66266cb
2011-04-26,0.026118553604768738,2,isotropic_constructed_macro_nats_full_precision_v3,0552c7f4701ada91e31e916f992171b9418cb47d283a56e61f311581d66266cb
2011-04-28,0.04183201134901099,2,isotropic_constructed_macro_nats_full_precision_v3,0552c7f4701ada91e31e916f992171b9418cb47d283a56e61f311581d66266cb
2011-05-02,0.025588367216224664,2,isotropic_constructed_macro_nats_full_precision_v3,0552c7f4701ada91e31e916f992171b9418cb47d283a56e61f311581d66266cb
2011-05-04,0.03340556410034144,2,isotropic_constructed_macro_nats_full_precision_v3,0552c7f4701ada91e31e916f992171b9418cb47d283a56e61f311581d66266cb
2011-05-06,0.038022227816616544,2,isotropic_constructed_macro_nats_full_precision_v3,0552c7f4701ada91e31e916f992171b9418cb47d283a56e61f311581d66266cb
2011-05-10,0.033721097503655345,2,isotropic_constructed_macro_nats_full_precision_v3,0552c7f4701ada91e31e916f992171b9418cb47d283a56e61f311581d66266cb
2011-05-12,0.027150909978138793,2,isotropic_constructed_macro_nats_full_precision_v3,0552c7f4701ada91e31e916f992171b9418cb47d283a56e61f311581d66266cb
2011-05-16,0.021731138763133963,3,isotropic_constructed_macro_nats_full_precision_v3,0552c7f4701ada91e31e916f992171b9418cb47d283a56e61f311581d66266cb
2011-05-18,0.029425704894531238,1,isotropic_constructed_macro_nats_full_precision_v3,0552c7f4701ada91e31e916f992171b9418cb47d283a56e61f311581d66266cb
2011-05-20,0.021917920053418645,3,isotropic_constructed_macro_nats_full_precision_v3,0552c7f4701ada91e31e916f992171b9418cb47d283a56e61f311581d66266cb
2011-05-24,0.03941834235476278,1,isotropic_constructed_macro_nats_full_precision_v3,0552c7f4701ada91e31e916f992171b9418cb47d283a56e61f311581d66266cb
2011-05-26,0.03661886729025075,1,isotropic_constructed_macro_nats_full_precision_v3,0552c7f4701ada91e31e916f992171b9418cb47d283a56e61f311581d66266cb
2011-05-31,0.031365974565801126,1,isotropic_constructed_macro_nats_full_precision_v3,0552c7f4701ada91e31e916f992171b9418cb47d283a56e61f311581d66266cb
2011-06-02,0.018141491257280505,3,isotropic_constructed_macro_nats_full_precision_v3,0552c7f4701ada91e31e916f992171b9418cb47d283a56e61f311581d66266cb
2011-06-06,0.02137279333501437,2,isotropic_constructed_macro_nats_full_precision_v3,0552c7f4701ada91e31e916f992171b9418cb47d283a56e61f311581d66266cb
2011-06-08,0.025838501223391812,2,isotropic_constructed_macro_nats_full_precision_v3,0552c7f4701ada91e31e916f992171b9418cb47d283a56e61f311581d66266cb
2011-06-10,0.018085789247430026,3,isotropic_constructed_macro_nats_full_precision_v3,0552c7f4701ada91e31e916f992171b9418cb47d283a56e61f311581d66266cb
2011-06-14,0.020582462884083212,3,isotropic_constructed_macro_nats_full_precision_v3,0552c7f4701ada91e31e916f992171b9418cb47d283a56e61f311581d66266cb
2011-06-16,0.02097105924490244,3,isotropic_constructed_macro_nats_full_precision_v3,0552c7f4701ada91e31e916f992171b9418cb47d283a56e61f311581d66266cb
2011-06-20,0.021095766149427313,3,isotropic_constructed_macro_nats_full_precision_v3,0552c7f4701ada91e31e916f992171b9418cb47d283a56e61f311581d66266cb
2011-06-22,0.02062438925824471,3,isotropic_constructed_macro_nats_full_precision_v3,0552c7f4701ada91e31e916f992171b9418cb47d283a56e61f311581d66266cb
2011-06-24,0.0328182332499851,3,isotropic_constructed_macro_nats_full_precision_v3,0552c7f4701ada91e31e916f992171b9418cb47d283a56e61f311581d66266cb
2011-06-28,0.03178236520625953,3,isotropic_constructed_macro_nats_full_precision_v3,0552c7f4701ada91e31e916f992171b9418cb47d283a56e61f311581d66266cb
2011-06-30,0.031503707340290295,3,isotropic_constructed_macro_nats_full_precision_v3,0552c7f4701ada91e31e916f992171b9418cb47d283a56e61f311581d66266cb
2011-07-05,0.03301860857253195,3,isotropic_constructed_macro_nats_full_precision_v3,0552c7f4701ada91e31e916f992171b9418cb47d283a56e61f311581d66266cb
2011-07-07,0.03231471066258796,3,isotropic_constructed_macro_nats_full_precision_v3,0552c7f4701ada91e31e916f992171b9418cb47d283a56e61f311581d66266cb
2011-07-11,0.029585867783572195,3,isotropic_constructed_macro_nats_full_precision_v3,0552c7f4701ada91e31e916f992171b9418cb47d283a56e61f311581d66266cb
2011-07-13,0.03498106517462046,3,isotropic_constructed_macro_nats_full_precision_v3,0552c7f4701ada91e31e916f992171b9418cb47d283a56e61f311581d66266cb
2011-07-15,0.03875712675220189,3,isotropic_constructed_macro_nats_full_precision_v3,0552c7f4701ada91e31e916f992171b9418cb47d283a56e61f311581d66266cb
2011-07-19,0.04015913125101385,3,isotropic_constructed_macro_nats_full_precision_v3,0552c7f4701ada91e31e916f992171b9418cb47d283a56e61f311581d66266cb
2011-07-21,0.039602871355880254,3,isotropic_constructed_macro_nats_full_precision_v3,0552c7f4701ada91e31e916f992171b9418cb47d283a56e61f311581d66266cb
2011-07-25,0.04057715553883956,3,isotropic_constructed_macro_nats_full_precision_v3,0552c7f4701ada91e31e916f992171b9418cb47d283a56e61f311581d66266cb
2011-07-27,0.04272344278553425,3,isotropic_constructed_macro_nats_full_precision_v3,0552c7f4701ada91e31e916f992171b9418cb47d283a56e61f311581d66266cb
2011-07-29,0.03613211576886783,3,isotropic_constructed_macro_nats_full_precision_v3,0552c7f4701ada91e31e916f992171b9418cb47d283a56e61f311581d66266cb
2011-08-02,0.03180231957456267,3,isotropic_constructed_macro_nats_full_precision_v3,0552c7f4701ada91e31e916f992171b9418cb47d283a56e61f311581d66266cb
2011-08-04,0.024950127690063204,3,isotropic_constructed_macro_nats_full_precision_v3,0552c7f4701ada91e31e916f992171b9418cb47d283a56e61f311581d66266cb
2011-08-08,0.03108005637722204,1,isotropic_constructed_macro_nats_full_precision_v3,0552c7f4701ada91e31e916f992171b9418cb47d283a56e61f311581d66266cb
2011-08-10,0.0673430600996498,1,isotropic_constructed_macro_nats_full_precision_v3,0552c7f4701ada91e31e916f992171b9418cb47d283a56e61f311581d66266cb
2011-08-12,0.07346212543165655,1,isotropic_constructed_macro_nats_full_precision_v3,0552c7f4701ada91e31e916f992171b9418cb47d283a56e61f311581d66266cb
2011-08-16,0.06585246223486732,1,isotropic_constructed_macro_nats_full_precision_v3,0552c7f4701ada91e31e916f992171b9418cb47d283a56e61f311581d66266cb
2011-08-18,0.06218969449119746,1,isotropic_constructed_macro_nats_full_precision_v3,0552c7f4701ada91e31e916f992171b9418cb47d283a56e61f311581d66266cb
2011-08-22,0.057875951207263424,1,isotropic_constructed_macro_nats_full_precision_v3,0552c7f4701ada91e31e916f992171b9418cb47d283a56e61f311581d66266cb
2011-08-24,0.058879933243913204,1,isotropic_constructed_macro_nats_full_precision_v3,0552c7f4701ada91e31e916f992171b9418cb47d283a56e61f311581d66266cb
2011-08-26,0.03725929391814192,2,isotropic_constructed_macro_nats_full_precision_v3,0552c7f4701ada91e31e916f992171b9418cb47d283a56e61f311581d66266cb
2011-08-30,0.07192943804156962,1,isotropic_constructed_macro_nats_full_precision_v3,0552c7f4701ada91e31e916f992171b9418cb47d283a56e61f311581d66266cb
2011-09-01,0.06584115506378586,1,isotropic_constructed_macro_nats_full_precision_v3,0552c7f4701ada91e31e916f992171b9418cb47d283a56e61f311581d66266cb
2011-09-06,0.07175419005877111,1,isotropic_constructed_macro_nats_full_precision_v3,0552c7f4701ada91e31e916f992171b9418cb47d283a56e61f311581d66266cb
2011-09-08,0.05658010004552487,3,isotropic_constructed_macro_nats_full_precision_v3,0552c7f4701ada91e31e916f992171b9418cb47d283a56e61f311581d66266cb
2011-09-12,0.06007134128262531,3,isotropic_constructed_macro_nats_full_precision_v3,0552c7f4701ada91e31e916f992171b9418cb47d283a56e61f311581d66266cb
2011-09-14,0.05875265615138141,3,isotropic_constructed_macro_nats_full_precision_v3,0552c7f4701ada91e31e916f992171b9418cb47d283a56e61f311581d66266cb
2011-09-16,0.05351096745774378,3,isotropic_constructed_macro_nats_full_precision_v3,0552c7f4701ada91e31e916f992171b9418cb47d283a56e61f311581d66266cb
2011-09-20,0.0542743327854462,3,isotropic_constructed_macro_nats_full_precision_v3,0552c7f4701ada91e31e916f992171b9418cb47d283a56e61f311581d66266cb
2011-09-22,0.06394619331698953,1,isotropic_constructed_macro_nats_full_precision_v3,0552c7f4701ada91e31e916f992171b9418cb47d283a56e61f311581d66266cb
2011-09-26,0.08675274663117284,1,isotropic_constructed_macro_nats_full_precision_v3,0552c7f4701ada91e31e916f992171b9418cb47d283a56e61f311581d66266cb
2011-09-28,0.07166940506409537,1,isotropic_constructed_macro_nats_full_precision_v3,0552c7f4701ada91e31e916f992171b9418cb47d283a56e61f311581d66266cb
2011-09-30,0.07154125347300895,1,isotropic_constructed_macro_nats_full_precision_v3,0552c7f4701ada91e31e916f992171b9418cb47d283a56e61f311581d66266cb
2011-10-04,0.07054615672942166,1,isotropic_constructed_macro_nats_full_precision_v3,0552c7f4701ada91e31e916f992171b9418cb47d283a56e61f311581d66266cb
2011-10-06,0.09669575609396824,1,isotropic_constructed_macro_nats_full_precision_v3,0552c7f4701ada91e31e916f992171b9418cb47d283a56e61f311581d66266cb
2011-10-10,0.0619288126350859,1,isotropic_constructed_macro_nats_full_precision_v3,0552c7f4701ada91e31e916f992171b9418cb47d283a56e61f311581d66266cb
2011-10-12,0.06590744455279124,1,isotropic_constructed_macro_nats_full_precision_v3,0552c7f4701ada91e31e916f992171b9418cb47d283a56e61f311581d66266cb
2011-10-14,0.05601925606355458,1,isotropic_constructed_macro_nats_full_precision_v3,0552c7f4701ada91e31e916f992171b9418cb47d283a56e61f311581d66266cb
2011-10-18,0.03926990599981202,5,isotropic_constructed_macro_nats_full_precision_v3,0552c7f4701ada91e31e916f992171b9418cb47d283a56e61f311581d66266cb
2011-10-20,0.041943296224148344,1,isotropic_constructed_macro_nats_full_precision_v3,0552c7f4701ada91e31e916f992171b9418cb47d283a56e61f311581d66266cb
2011-10-24,0.04190438548144709,5,isotropic_constructed_macro_nats_full_precision_v3,0552c7f4701ada91e31e916f992171b9418cb47d283a56e61f311581d66266cb
2011-10-26,0.04078285516175531,1,isotropic_constructed_macro_nats_full_precision_v3,0552c7f4701ada91e31e916f992171b9418cb47d283a56e61f311581d66266cb
2011-10-28,0.05802870617676105,1,isotropic_constructed_macro_nats_full_precision_v3,0552c7f4701ada91e31e916f992171b9418cb47d283a56e61f311581d66266cb
2011-11-01,0.0484472919177702,1,isotropic_constructed_macro_nats_full_precision_v3,0552c7f4701ada91e31e916f992171b9418cb47d283a56e61f311581d66266cb
2011-11-03,0.04428364309510589,1,isotropic_constructed_macro_nats_full_precision_v3,0552c7f4701ada91e31e916f992171b9418cb47d283a56e61f311581d66266cb
2011-11-07,0.04839322301130225,1,isotropic_constructed_macro_nats_full_precision_v3,0552c7f4701ada91e31e916f992171b9418cb47d283a56e61f311581d66266cb
2011-11-09,0.05507893301684354,1,isotropic_constructed_macro_nats_full_precision_v3,0552c7f4701ada91e31e916f992171b9418cb47d283a56e61f311581d66266cb
2011-11-11,0.05704714007510349,1,isotropic_constructed_macro_nats_full_precision_v3,0552c7f4701ada91e31e916f992171b9418cb47d283a56e61f311581d66266cb
2011-11-15,0.05887848181849792,1,isotropic_constructed_macro_nats_full_precision_v3,0552c7f4701ada91e31e916f992171b9418cb47d283a56e61f311581d66266cb
2011-11-17,0.053425142294913935,1,isotropic_constructed_macro_nats_full_precision_v3,0552c7f4701ada91e31e916f992171b9418cb47d283a56e61f311581d66266cb
2011-11-21,0.05447906534373537,1,isotropic_constructed_macro_nats_full_precision_v3,0552c7f4701ada91e31e916f992171b9418cb47d283a56e61f311581d66266cb
2011-11-23,0.06361527655428692,1,isotropic_constructed_macro_nats_full_precision_v3,0552c7f4701ada91e31e916f992171b9418cb47d283a56e61f311581d66266cb
2011-11-28,0.07133438643381342,1,isotropic_constructed_macro_nats_full_precision_v3,0552c7f4701ada91e31e916f992171b9418cb47d283a56e61f311581d66266cb
2011-11-30,0.06559387071006313,1,isotropic_constructed_macro_nats_full_precision_v3,0552c7f4701ada91e31e916f992171b9418cb47d283a56e61f311581d66266cb
2011-12-02,0.06087241944885863,1,isotropic_constructed_macro_nats_full_precision_v3,0552c7f4701ada91e31e916f992171b9418cb47d283a56e61f311581d66266cb
2011-12-06,0.057020958904080335,1,isotropic_constructed_macro_nats_full_precision_v3,0552c7f4701ada91e31e916f992171b9418cb47d283a56e61f311581d66266cb
2011-12-08,0.07237603515710364,1,isotropic_constructed_macro_nats_full_precision_v3,0552c7f4701ada91e31e916f992171b9418cb47d283a56e61f311581d66266cb
2011-12-12,0.07675955235285788,1,isotropic_constructed_macro_nats_full_precision_v3,0552c7f4701ada91e31e916f992171b9418cb47d283a56e61f311581d66266cb
2011-12-14,0.051666294548739056,1,isotropic_constructed_macro_nats_full_precision_v3,0552c7f4701ada91e31e916f992171b9418cb47d283a56e61f311581d66266cb
2011-12-16,0.052189326531597996,1,isotropic_constructed_macro_nats_full_precision_v3,0552c7f4701ada91e31e916f992171b9418cb47d283a56e61f311581d66266cb
2011-12-20,0.05388795254200668,1,isotropic_constructed_macro_nats_full_precision_v3,0552c7f4701ada91e31e916f992171b9418cb47d283a56e61f311581d66266cb
2011-12-22,0.04837535305272252,1,isotropic_constructed_macro_nats_full_precision_v3,0552c7f4701ada91e31e916f992171b9418cb47d283a56e61f311581d66266cb
2011-12-27,0.051805541510338796,1,isotropic_constructed_macro_nats_full_precision_v3,0552c7f4701ada91e31e916f992171b9418cb47d283a56e61f311581d66266cb
2011-12-29,0.06072599326552239,1,isotropic_constructed_macro_nats_full_precision_v3,0552c7f4701ada91e31e916f992171b9418cb47d283a56e61f311581d66266cb
2012-01-03,0.05918659171615909,1,isotropic_constructed_macro_nats_full_precision_v3,0552c7f4701ada91e31e916f992171b9418cb47d283a56e61f311581d66266cb
2012-01-05,0.05756076734145493,1,isotropic_constructed_macro_nats_full_precision_v3,0552c7f4701ada91e31e916f992171b9418cb47d283a56e61f311581d66266cb
2012-01-09,0.0707262181460667,1,isotropic_constructed_macro_nats_full_precision_v3,0552c7f4701ada91e31e916f992171b9418cb47d283a56e61f311581d66266cb
2012-01-11,0.05875032329241693,1,isotropic_constructed_macro_nats_full_precision_v3,0552c7f4701ada91e31e916f992171b9418cb47d283a56e61f311581d66266cb
2012-01-13,0.06286860128629025,1,isotropic_constructed_macro_nats_full_precision_v3,0552c7f4701ada91e31e916f992171b9418cb47d283a56e61f311581d66266cb
2012-01-18,0.05544008905666532,1,isotropic_constructed_macro_nats_full_precision_v3,0552c7f4701ada91e31e916f992171b9418cb47d283a56e61f311581d66266cb
2012-01-20,0.05614988239540336,1,isotropic_constructed_macro_nats_full_precision_v3,0552c7f4701ada91e31e916f992171b9418cb47d283a56e61f311581d66266cb
2012-01-24,0.060859400925381196,1,isotropic_constructed_macro_nats_full_precision_v3,0552c7f4701ada91e31e916f992171b9418cb47d283a56e61f311581d66266cb
2012-01-26,0.0583708715118369,1,isotropic_constructed_macro_nats_full_precision_v3,0552c7f4701ada91e31e916f992171b9418cb47d283a56e61f311581d66266cb
2012-01-30,0.058888273548503636,1,isotropic_constructed_macro_nats_full_precision_v3,0552c7f4701ada91e31e916f992171b9418cb47d283a56e61f311581d66266cb
2012-02-01,0.05477475895484432,1,isotropic_constructed_macro_nats_full_precision_v3,0552c7f4701ada91e31e916f992171b9418cb47d283a56e61f311581d66266cb
2012-02-03,0.059841258752310125,1,isotropic_constructed_macro_nats_full_precision_v3,0552c7f4701ada91e31e916f992171b9418cb47d283a56e61f311581d66266cb
2012-02-07,0.06162476252659843,1,isotropic_constructed_macro_nats_full_precision_v3,0552c7f4701ada91e31e916f992171b9418cb47d283a56e61f311581d66266cb
2012-02-09,0.060071349654661016,1,isotropic_constructed_macro_nats_full_precision_v3,0552c7f4701ada91e31e916f992171b9418cb47d283a56e61f311581d66266cb
2012-02-13,0.059496471521391564,1,isotropic_constructed_macro_nats_full_precision_v3,0552c7f4701ada91e31e916f992171b9418cb47d283a56e61f311581d66266cb
2012-02-15,0.05331770851265129,1,isotropic_constructed_macro_nats_full_precision_v3,0552c7f4701ada91e31e916f992171b9418cb47d283a56e61f311581d66266cb
2012-02-17,0.060586616035993635,1,isotropic_constructed_macro_nats_full_precision_v3,0552c7f4701ada91e31e916f992171b9418cb47d283a56e61f311581d66266cb
2012-02-22,0.042554240692727244,1,isotropic_constructed_macro_nats_full_precision_v3,0552c7f4701ada91e31e916f992171b9418cb47d283a56e61f311581d66266cb
2012-02-24,0.047404951024170985,1,isotropic_constructed_macro_nats_full_precision_v3,0552c7f4701ada91e31e916f992171b9418cb47d283a56e61f311581d66266cb
2012-02-28,0.04582247981708179,1,isotropic_constructed_macro_nats_full_precision_v3,0552c7f4701ada91e31e916f992171b9418cb47d283a56e61f311581d66266cb
2012-03-01,0.05039117931239545,1,isotropic_constructed_macro_nats_full_precision_v3,0552c7f4701ada91e31e916f992171b9418cb47d283a56e61f311581d66266cb
2012-03-05,0.04716352493728569,1,isotropic_constructed_macro_nats_full_precision_v3,0552c7f4701ada91e31e916f992171b9418cb47d283a56e61f311581d66266cb
2012-03-07,0.046462740657871635,1,isotropic_constructed_macro_nats_full_precision_v3,0552c7f4701ada91e31e916f992171b9418cb47d283a56e61f311581d66266cb
2012-03-09,0.044933667176179706,1,isotropic_constructed_macro_nats_full_precision_v3,0552c7f4701ada91e31e916f992171b9418cb47d283a56e61f311581d66266cb
2012-03-13,0.04282559004100252,1,isotropic_constructed_macro_nats_full_precision_v3,0552c7f4701ada91e31e916f992171b9418cb47d283a56e61f311581d66266cb
2012-03-15,0.051128716771991614,1,isotropic_constructed_macro_nats_full_precision_v3,0552c7f4701ada91e31e916f992171b9418cb47d283a56e61f311581d66266cb
2012-03-19,0.049294524966299255,1,isotropic_constructed_macro_nats_full_precision_v3,0552c7f4701ada91e31e916f992171b9418cb47d283a56e61f311581d66266cb
2012-03-21,0.04921796089333312,1,isotropic_constructed_macro_nats_full_precision_v3,0552c7f4701ada91e31e916f992171b9418cb47d283a56e61f311581d66266cb
2012-03-23,0.04813058634494667,1,isotropic_constructed_macro_nats_full_precision_v3,0552c7f4701ada91e31e916f992171b9418cb47d283a56e61f311581d66266cb
2012-03-27,0.04456317475670038,1,isotropic_constructed_macro_nats_full_precision_v3,0552c7f4701ada91e31e916f992171b9418cb47d283a56e61f311581d66266cb
2012-03-29,0.04285499004866926,9,isotropic_constructed_macro_nats_full_precision_v3,0552c7f4701ada91e31e916f992171b9418cb47d283a56e61f311581d66266cb
2012-04-02,0.041144440139005645,9,isotropic_constructed_macro_nats_full_precision_v3,0552c7f4701ada91e31e916f992171b9418cb47d283a56e61f311581d66266cb
2012-04-04,0.04223659399349723,9,isotropic_constructed_macro_nats_full_precision_v3,0552c7f4701ada91e31e916f992171b9418cb47d283a56e61f311581d66266cb
2012-04-09,0.04243776651431465,9,isotropic_constructed_macro_nats_full_precision_v3,0552c7f4701ada91e31e916f992171b9418cb47d283a56e61f311581d66266cb
2012-04-11,0.04397324368704415,9,isotropic_constructed_macro_nats_full_precision_v3,0552c7f4701ada91e31e916f992171b9418cb47d283a56e61f311581d66266cb
2012-04-13,0.048314940930567554,9,isotropic_constructed_macro_nats_full_precision_v3,0552c7f4701ada91e31e916f992171b9418cb47d283a56e61f311581d66266cb
2012-04-17,0.04650824467466459,9,isotropic_constructed_macro_nats_full_precision_v3,0552c7f4701ada91e31e916f992171b9418cb47d283a56e61f311581d66266cb
2012-04-19,0.04793165060832476,9,isotropic_constructed_macro_nats_full_precision_v3,0552c7f4701ada91e31e916f992171b9418cb47d283a56e61f311581d66266cb
2012-04-23,0.04694700784041855,9,isotropic_constructed_macro_nats_full_precision_v3,0552c7f4701ada91e31e916f992171b9418cb47d283a56e61f311581d66266cb
2012-04-25,0.05023021614855873,4,isotropic_constructed_macro_nats_full_precision_v3,0552c7f4701ada91e31e916f992171b9418cb47d283a56e61f311581d66266cb
2012-04-27,0.050642190936166995,4,isotropic_constructed_macro_nats_full_precision_v3,0552c7f4701ada91e31e916f992171b9418cb47d283a56e61f311581d66266cb
2012-05-01,0.049355158500521704,4,isotropic_constructed_macro_nats_full_precision_v3,0552c7f4701ada91e31e916f992171b9418cb47d283a56e61f311581d66266cb
2012-05-03,0.045870618246529216,5,isotropic_constructed_macro_nats_full_precision_v3,0552c7f4701ada91e31e916f992171b9418cb47d283a56e61f311581d66266cb
2012-05-07,0.050585460918736655,5,isotropic_constructed_macro_nats_full_precision_v3,0552c7f4701ada91e31e916f992171b9418cb47d283a56e61f311581d66266cb
2012-05-09,0.047730384180195776,5,isotropic_constructed_macro_nats_full_precision_v3,0552c7f4701ada91e31e916f992171b9418cb47d283a56e61f311581d66266cb
2012-05-11,0.04403406776586158,5,isotropic_constructed_macro_nats_full_precision_v3,0552c7f4701ada91e31e916f992171b9418cb47d283a56e61f311581d66266cb
2012-05-15,0.04029297444560201,4,isotropic_constructed_macro_nats_full_precision_v3,0552c7f4701ada91e31e916f992171b9418cb47d283a56e61f311581d66266cb
2012-05-17,0.04555124452241917,4,isotropic_constructed_macro_nats_full_precision_v3,0552c7f4701ada91e31e916f992171b9418cb47d283a56e61f311581d66266cb
2012-05-21,0.04602869598254185,4,isotropic_constructed_macro_nats_full_precision_v3,0552c7f4701ada91e31e916f992171b9418cb47d283a56e61f311581d66266cb
2012-05-23,0.04540881059496779,4,isotropic_constructed_macro_nats_full_precision_v3,0552c7f4701ada91e31e916f992171b9418cb47d283a56e61f311581d66266cb
2012-05-25,0.047455742877635265,4,isotropic_constructed_macro_nats_full_precision_v3,0552c7f4701ada91e31e916f992171b9418cb47d283a56e61f311581d66266cb
2012-05-30,0.046077908259916825,4,isotropic_constructed_macro_nats_full_precision_v3,0552c7f4701ada91e31e916f992171b9418cb47d283a56e61f311581d66266cb
2012-06-01,0.04751863856180899,5,isotropic_constructed_macro_nats_full_precision_v3,0552c7f4701ada91e31e916f992171b9418cb47d283a56e61f311581d66266cb
2012-06-05,0.04684921370172056,5,isotropic_constructed_macro_nats_full_precision_v3,0552c7f4701ada91e31e916f992171b9418cb47d283a56e61f311581d66266cb
2012-06-07,0.04613864774660216,5,isotropic_constructed_macro_nats_full_precision_v3,0552c7f4701ada91e31e916f992171b9418cb47d283a56e61f311581d66266cb
2012-06-11,0.04899711218743644,5,isotropic_constructed_macro_nats_full_precision_v3,0552c7f4701ada91e31e916f992171b9418cb47d283a56e61f311581d66266cb
2012-06-13,0.04826482421727957,5,isotropic_constructed_macro_nats_full_precision_v3,0552c7f4701ada91e31e916f992171b9418cb47d283a56e61f311581d66266cb
2012-06-15,0.05050666162822401,5,isotropic_constructed_macro_nats_full_precision_v3,0552c7f4701ada91e31e916f992171b9418cb47d283a56e61f311581d66266cb
2012-06-19,0.058268801721713476,5,isotropic_constructed_macro_nats_full_precision_v3,0552c7f4701ada91e31e916f992171b9418cb47d283a56e61f311581d66266cb
2012-06-21,0.05860872260299506,5,isotropic_constructed_macro_nats_full_precision_v3,0552c7f4701ada91e31e916f992171b9418cb47d283a56e61f311581d66266cb
2012-06-25,0.05685085669938986,5,isotropic_constructed_macro_nats_full_precision_v3,0552c7f4701ada91e31e916f992171b9418cb47d283a56e61f311581d66266cb
2012-06-27,0.05753826510307032,5,isotropic_constructed_macro_nats_full_precision_v3,0552c7f4701ada91e31e916f992171b9418cb47d283a56e61f311581d66266cb
2012-06-29,0.054170742198146604,5,isotropic_constructed_macro_nats_full_precision_v3,0552c7f4701ada91e31e916f992171b9418cb47d283a56e61f311581d66266cb
2012-07-03,0.052369120947394765,5,isotropic_constructed_macro_nats_full_precision_v3,0552c7f4701ada91e31e916f992171b9418cb47d283a56e61f311581d66266cb
2012-07-06,0.05383002760867821,5,isotropic_constructed_macro_nats_full_precision_v3,0552c7f4701ada91e31e916f992171b9418cb47d283a56e61f311581d66266cb
2012-07-10,0.05466704823243708,5,isotropic_constructed_macro_nats_full_precision_v3,0552c7f4701ada91e31e916f992171b9418cb47d283a56e61f311581d66266cb
2012-07-12,0.05360359439086769,5,isotropic_constructed_macro_nats_full_precision_v3,0552c7f4701ada91e31e916f992171b9418cb47d283a56e61f311581d66266cb
2012-07-16,0.05736069167214097,5,isotropic_constructed_macro_nats_full_precision_v3,0552c7f4701ada91e31e916f992171b9418cb47d283a56e61f311581d66266cb
2012-07-18,0.05880588669056078,5,isotropic_constructed_macro_nats_full_precision_v3,0552c7f4701ada91e31e916f992171b9418cb47d283a56e61f311581d66266cb
2012-07-20,0.06378573371567668,5,isotropic_constructed_macro_nats_full_precision_v3,0552c7f4701ada91e31e916f992171b9418cb47d283a56e61f311581d66266cb
2012-07-24,0.06261882013931531,5,isotropic_constructed_macro_nats_full_precision_v3,0552c7f4701ada91e31e916f992171b9418cb47d283a56e61f311581d66266cb
2012-07-26,0.06415868202092978,3,isotropic_constructed_macro_nats_full_precision_v3,0552c7f4701ada91e31e916f992171b9418cb47d283a56e61f311581d66266cb
2012-07-30,0.06425699660962796,3,isotropic_constructed_macro_nats_full_precision_v3,0552c7f4701ada91e31e916f992171b9418cb47d283a56e61f311581d66266cb
2012-08-01,0.0629259578093542,3,isotropic_constructed_macro_nats_full_precision_v3,0552c7f4701ada91e31e916f992171b9418cb47d283a56e61f311581d66266cb
2012-08-03,0.0612048757916593,3,isotropic_constructed_macro_nats_full_precision_v3,0552c7f4701ada91e31e916f992171b9418cb47d283a56e61f311581d66266cb
2012-08-07,0.05770596475586083,3,isotropic_constructed_macro_nats_full_precision_v3,0552c7f4701ada91e31e916f992171b9418cb47d283a56e61f311581d66266cb
2012-08-09,0.05719631075924905,5,isotropic_constructed_macro_nats_full_precision_v3,0552c7f4701ada91e31e916f992171b9418cb47d283a56e61f311581d66266cb
2012-08-13,0.055206689986706914,5,isotropic_constructed_macro_nats_full_precision_v3,0552c7f4701ada91e31e916f992171b9418cb47d283a56e61f311581d66266cb
2012-08-15,0.05597763565292199,5,isotropic_constructed_macro_nats_full_precision_v3,0552c7f4701ada91e31e916f992171b9418cb47d283a56e61f311581d66266cb
2012-08-17,0.053477298763325146,5,isotropic_constructed_macro_nats_full_precision_v3,0552c7f4701ada91e31e916f992171b9418cb47d283a56e61f311581d66266cb
2012-08-21,0.05290350344218382,3,isotropic_constructed_macro_nats_full_precision_v3,0552c7f4701ada91e31e916f992171b9418cb47d283a56e61f311581d66266cb
2012-08-23,0.05729492946381558,3,isotropic_constructed_macro_nats_full_precision_v3,0552c7f4701ada91e31e916f992171b9418cb47d283a56e61f311581d66266cb
2012-08-27,0.056741796186387805,3,isotropic_constructed_macro_nats_full_precision_v3,0552c7f4701ada91e31e916f992171b9418cb47d283a56e61f311581d66266cb
2012-08-29,0.05587458108657348,3,isotropic_constructed_macro_nats_full_precision_v3,0552c7f4701ada91e31e916f992171b9418cb47d283a56e61f311581d66266cb
2012-08-31,0.053330509537108134,3,isotropic_constructed_macro_nats_full_precision_v3,0552c7f4701ada91e31e916f992171b9418cb47d283a56e61f311581d66266cb
2012-09-05,0.05208577689695536,4,isotropic_constructed_macro_nats_full_precision_v3,0552c7f4701ada91e31e916f992171b9418cb47d283a56e61f311581d66266cb
2012-09-07,0.050659609803161004,3,isotropic_constructed_macro_nats_full_precision_v3,0552c7f4701ada91e31e916f992171b9418cb47d283a56e61f311581d66266cb
2012-09-11,0.05825538853668312,3,isotropic_constructed_macro_nats_full_precision_v3,0552c7f4701ada91e31e916f992171b9418cb47d283a56e61f311581d66266cb
2012-09-13,0.06012572896375526,3,isotropic_constructed_macro_nats_full_precision_v3,0552c7f4701ada91e31e916f992171b9418cb47d283a56e61f311581d66266cb
2012-09-17,0.059281034751733824,3,isotropic_constructed_macro_nats_full_precision_v3,0552c7f4701ada91e31e916f992171b9418cb47d283a56e61f311581d66266cb
2012-09-19,0.06375888902202384,3,isotropic_constructed_macro_nats_full_precision_v3,0552c7f4701ada91e31e916f992171b9418cb47d283a56e61f311581d66266cb
2012-09-21,0.06862411686298639,3,isotropic_constructed_macro_nats_full_precision_v3,0552c7f4701ada91e31e916f992171b9418cb47d283a56e61f311581d66266cb
2012-09-25,0.07125245174845295,3,isotropic_constructed_macro_nats_full_precision_v3,0552c7f4701ada91e31e916f992171b9418cb47d283a56e61f311581d66266cb
2012-09-27,0.07117466237058044,3,isotropic_constructed_macro_nats_full_precision_v3,0552c7f4701ada91e31e916f992171b9418cb47d283a56e61f311581d66266cb
2012-10-01,0.07148472217475094,3,isotropic_constructed_macro_nats_full_precision_v3,0552c7f4701ada91e31e916f992171b9418cb47d283a56e61f311581d66266cb
2012-10-03,0.07487378042208281,3,isotropic_constructed_macro_nats_full_precision_v3,0552c7f4701ada91e31e916f992171b9418cb47d283a56e61f311581d66266cb
2012-10-05,0.07006616696041777,3,isotropic_constructed_macro_nats_full_precision_v3,0552c7f4701ada91e31e916f992171b9418cb47d283a56e61f311581d66266cb
2012-10-09,0.07383043189134177,3,isotropic_constructed_macro_nats_full_precision_v3,0552c7f4701ada91e31e916f992171b9418cb47d283a56e61f311581d66266cb
2012-10-11,0.07486843263044217,3,isotropic_constructed_macro_nats_full_precision_v3,0552c7f4701ada91e31e916f992171b9418cb47d283a56e61f311581d66266cb
2012-10-15,0.07616452056918595,3,isotropic_constructed_macro_nats_full_precision_v3,0552c7f4701ada91e31e916f992171b9418cb47d283a56e61f311581d66266cb
2012-10-17,0.07784603021526591,3,isotropic_constructed_macro_nats_full_precision_v3,0552c7f4701ada91e31e916f992171b9418cb47d283a56e61f311581d66266cb
2012-10-19,0.0631297802917904,3,isotropic_constructed_macro_nats_full_precision_v3,0552c7f4701ada91e31e916f992171b9418cb47d283a56e61f311581d66266cb
2012-10-23,0.07300645049260528,3,isotropic_constructed_macro_nats_full_precision_v3,0552c7f4701ada91e31e916f992171b9418cb47d283a56e61f311581d66266cb
2012-10-25,0.07464204744024223,3,isotropic_constructed_macro_nats_full_precision_v3,0552c7f4701ada91e31e916f992171b9418cb47d283a56e61f311581d66266cb
2012-10-31,0.07716653760218162,3,isotropic_constructed_macro_nats_full_precision_v3,0552c7f4701ada91e31e916f992171b9418cb47d283a56e61f311581d66266cb
2012-11-02,0.07354348883987047,3,isotropic_constructed_macro_nats_full_precision_v3,0552c7f4701ada91e31e916f992171b9418cb47d283a56e61f311581d66266cb
2012-11-06,0.07106822912732036,3,isotropic_constructed_macro_nats_full_precision_v3,0552c7f4701ada91e31e916f992171b9418cb47d283a56e61f311581d66266cb
2012-11-08,0.06555815290789097,3,isotropic_constructed_macro_nats_full_precision_v3,0552c7f4701ada91e31e916f992171b9418cb47d283a56e61f311581d66266cb
2012-11-12,0.06448007430671687,3,isotropic_constructed_macro_nats_full_precision_v3,0552c7f4701ada91e31e916f992171b9418cb47d283a56e61f311581d66266cb
2012-11-14,0.06440888439083352,2,isotropic_constructed_macro_nats_full_precision_v3,0552c7f4701ada91e31e916f992171b9418cb47d283a56e61f311581d66266cb
2012-11-16,0.07314814374806389,2,isotropic_constructed_macro_nats_full_precision_v3,0552c7f4701ada91e31e916f992171b9418cb47d283a56e61f311581d66266cb
2012-11-20,0.0758297445959767,2,isotropic_constructed_macro_nats_full_precision_v3,0552c7f4701ada91e31e916f992171b9418cb47d283a56e61f311581d66266cb
2012-11-23,0.07869999811089787,2,isotropic_constructed_macro_nats_full_precision_v3,0552c7f4701ada91e31e916f992171b9418cb47d283a56e61f311581d66266cb
2012-11-27,0.08015975857268447,2,isotropic_constructed_macro_nats_full_precision_v3,0552c7f4701ada91e31e916f992171b9418cb47d283a56e61f311581d66266cb
2012-11-29,0.07749932569575062,2,isotropic_constructed_macro_nats_full_precision_v3,0552c7f4701ada91e31e916f992171b9418cb47d283a56e61f311581d66266cb
2012-12-03,0.07527239929911177,2,isotropic_constructed_macro_nats_full_precision_v3,0552c7f4701ada91e31e916f992171b9418cb47d283a56e61f311581d66266cb
2012-12-05,0.07446653903520103,2,isotropic_constructed_macro_nats_full_precision_v3,0552c7f4701ada91e31e916f992171b9418cb47d283a56e61f311581d66266cb
2012-12-07,0.07439702442884844,2,isotropic_constructed_macro_nats_full_precision_v3,0552c7f4701ada91e31e916f992171b9418cb47d283a56e61f311581d66266cb
2012-12-11,0.07488698773664465,2,isotropic_constructed_macro_nats_full_precision_v3,0552c7f4701ada91e31e916f992171b9418cb47d283a56e61f311581d66266cb
2012-12-13,0.0741764701096681,2,isotropic_constructed_macro_nats_full_precision_v3,0552c7f4701ada91e31e916f992171b9418cb47d283a56e61f311581d66266cb
2012-12-17,0.07312510572962558,2,isotropic_constructed_macro_nats_full_precision_v3,0552c7f4701ada91e31e916f992171b9418cb47d283a56e61f311581d66266cb
2012-12-19,0.07512726012193192,2,isotropic_constructed_macro_nats_full_precision_v3,0552c7f4701ada91e31e916f992171b9418cb47d283a56e61f311581d66266cb
2012-12-21,0.07197614530104594,2,isotropic_constructed_macro_nats_full_precision_v3,0552c7f4701ada91e31e916f992171b9418cb47d283a56e61f311581d66266cb
2012-12-26,0.07317944381621988,2,isotropic_constructed_macro_nats_full_precision_v3,0552c7f4701ada91e31e916f992171b9418cb47d283a56e61f311581d66266cb
2012-12-28,0.07415550314913659,2,isotropic_constructed_macro_nats_full_precision_v3,0552c7f4701ada91e31e916f992171b9418cb47d283a56e61f311581d66266cb
2013-01-02,0.07445957047054955,2,isotropic_constructed_macro_nats_full_precision_v3,0552c7f4701ada91e31e916f992171b9418cb47d283a56e61f311581d66266cb
2013-01-04,0.06976744020143026,2,isotropic_constructed_macro_nats_full_precision_v3,0552c7f4701ada91e31e916f992171b9418cb47d283a56e61f311581d66266cb
2013-01-08,0.06978318580818925,2,isotropic_constructed_macro_nats_full_precision_v3,0552c7f4701ada91e31e916f992171b9418cb47d283a56e61f311581d66266cb
2013-01-10,0.0746727793599374,2,isotropic_constructed_macro_nats_full_precision_v3,0552c7f4701ada91e31e916f992171b9418cb47d283a56e61f311581d66266cb
2013-01-14,0.07431527143977164,2,isotropic_constructed_macro_nats_full_precision_v3,0552c7f4701ada91e31e916f992171b9418cb47d283a56e61f311581d66266cb
2013-01-16,0.07557158777943679,2,isotropic_constructed_macro_nats_full_precision_v3,0552c7f4701ada91e31e916f992171b9418cb47d283a56e61f311581d66266cb
2013-01-18,0.07498974841035716,2,isotropic_constructed_macro_nats_full_precision_v3,0552c7f4701ada91e31e916f992171b9418cb47d283a56e61f311581d66266cb
2013-01-23,0.07054033610971758,2,isotropic_constructed_macro_nats_full_precision_v3,0552c7f4701ada91e31e916f992171b9418cb47d283a56e61f311581d66266cb
2013-01-25,0.07480208118119987,2,isotropic_constructed_macro_nats_full_precision_v3,0552c7f4701ada91e31e916f992171b9418cb47d283a56e61f311581d66266cb
2013-01-29,0.06710417965599737,2,isotropic_constructed_macro_nats_full_precision_v3,0552c7f4701ada91e31e916f992171b9418cb47d283a56e61f311581d66266cb
2013-01-31,0.07268839391191975,2,isotropic_constructed_macro_nats_full_precision_v3,0552c7f4701ada91e31e916f992171b9418cb47d283a56e61f311581d66266cb
2013-02-04,0.06849203450696635,3,isotropic_constructed_macro_nats_full_precision_v3,0552c7f4701ada91e31e916f992171b9418cb47d283a56e61f311581d66266cb
2013-02-06,0.07031904603630668,3,isotropic_constructed_macro_nats_full_precision_v3,0552c7f4701ada91e31e916f992171b9418cb47d283a56e61f311581d66266cb
2013-02-08,0.0671800455708066,3,isotropic_constructed_macro_nats_full_precision_v3,0552c7f4701ada91e31e916f992171b9418cb47d283a56e61f311581d66266cb
2013-02-12,0.0679673212581465,3,isotropic_constructed_macro_nats_full_precision_v3,0552c7f4701ada91e31e916f992171b9418cb47d283a56e61f311581d66266cb
2013-02-14,0.06644201742281906,3,isotropic_constructed_macro_nats_full_precision_v3,0552c7f4701ada91e31e916f992171b9418cb47d283a56e61f311581d66266cb
2013-02-19,0.06492085185153122,3,isotropic_constructed_macro_nats_full_precision_v3,0552c7f4701ada91e31e916f992171b9418cb47d283a56e61f311581d66266cb
2013-02-21,0.06454763302718913,3,isotropic_constructed_macro_nats_full_precision_v3,0552c7f4701ada91e31e916f992171b9418cb47d283a56e61f311581d66266cb
2013-02-25,0.07313814741728396,3,isotropic_constructed_macro_nats_full_precision_v3,0552c7f4701ada91e31e916f992171b9418cb47d283a56e61f311581d66266cb
2013-02-27,0.0733166308107009,3,isotropic_constructed_macro_nats_full_precision_v3,0552c7f4701ada91e31e916f992171b9418cb47d283a56e61f311581d66266cb
2013-03-01,0.07262265913607172,3,isotropic_constructed_macro_nats_full_precision_v3,0552c7f4701ada91e31e916f992171b9418cb47d283a56e61f311581d66266cb
2013-03-05,0.0744970869364792,3,isotropic_constructed_macro_nats_full_precision_v3,0552c7f4701ada91e31e916f992171b9418cb47d283a56e61f311581d66266cb
2013-03-07,0.07153146372954862,3,isotropic_constructed_macro_nats_full_precision_v3,0552c7f4701ada91e31e916f992171b9418cb47d283a56e61f311581d66266cb
2013-03-11,0.07265443771567145,3,isotropic_constructed_macro_nats_full_precision_v3,0552c7f4701ada91e31e916f992171b9418cb47d283a56e61f311581d66266cb
2013-03-13,0.07084465771294668,3,isotropic_constructed_macro_nats_full_precision_v3,0552c7f4701ada91e31e916f992171b9418cb47d283a56e61f311581d66266cb
2013-03-15,0.07073086431672686,3,isotropic_constructed_macro_nats_full_precision_v3,0552c7f4701ada91e31e916f992171b9418cb47d283a56e61f311581d66266cb
2013-03-19,0.0711406856543912,3,isotropic_constructed_macro_nats_full_precision_v3,0552c7f4701ada91e31e916f992171b9418cb47d283a56e61f311581d66266cb
2013-03-21,0.0711800534181774,3,isotropic_constructed_macro_nats_full_precision_v3,0552c7f4701ada91e31e916f992171b9418cb47d283a56e61f311581d66266cb
2013-03-25,0.07590702413857521,3,isotropic_constructed_macro_nats_full_precision_v3,0552c7f4701ada91e31e916f992171b9418cb47d283a56e61f311581d66266cb
2013-03-27,0.07374948987830951,3,isotropic_constructed_macro_nats_full_precision_v3,0552c7f4701ada91e31e916f992171b9418cb47d283a56e61f311581d66266cb
2013-04-01,0.0735029451994393,3,isotropic_constructed_macro_nats_full_precision_v3,0552c7f4701ada91e31e916f992171b9418cb47d283a56e61f311581d66266cb
2013-04-03,0.07271421574498735,3,isotropic_constructed_macro_nats_full_precision_v3,0552c7f4701ada91e31e916f992171b9418cb47d283a56e61f311581d66266cb
2013-04-05,0.0698543224346981,3,isotropic_constructed_macro_nats_full_precision_v3,0552c7f4701ada91e31e916f992171b9418cb47d283a56e61f311581d66266cb
2013-04-09,0.07754040553881071,3,isotropic_constructed_macro_nats_full_precision_v3,0552c7f4701ada91e31e916f992171b9418cb47d283a56e61f311581d66266cb
2013-04-11,0.07890717399801385,3,isotropic_constructed_macro_nats_full_precision_v3,0552c7f4701ada91e31e916f992171b9418cb47d283a56e61f311581d66266cb
2013-04-15,0.07991918728615015,3,isotropic_constructed_macro_nats_full_precision_v3,0552c7f4701ada91e31e916f992171b9418cb47d283a56e61f311581d66266cb
2013-04-17,0.08150307425209793,3,isotropic_constructed_macro_nats_full_precision_v3,0552c7f4701ada91e31e916f992171b9418cb47d283a56e61f311581d66266cb
2013-04-19,0.0699593645740285,3,isotropic_constructed_macro_nats_full_precision_v3,0552c7f4701ada91e31e916f992171b9418cb47d283a56e61f311581d66266cb
2013-04-23,0.06933502472974003,3,isotropic_constructed_macro_nats_full_precision_v3,0552c7f4701ada91e31e916f992171b9418cb47d283a56e61f311581d66266cb
2013-04-25,0.06569633136318664,3,isotropic_constructed_macro_nats_full_precision_v3,0552c7f4701ada91e31e916f992171b9418cb47d283a56e61f311581d66266cb
2013-04-29,0.06875534728402784,3,isotropic_constructed_macro_nats_full_precision_v3,0552c7f4701ada91e31e916f992171b9418cb47d283a56e61f311581d66266cb
2013-05-01,0.07148164698992827,3,isotropic_constructed_macro_nats_full_precision_v3,0552c7f4701ada91e31e916f992171b9418cb47d283a56e61f311581d66266cb
2013-05-03,0.07310232555990445,3,isotropic_constructed_macro_nats_full_precision_v3,0552c7f4701ada91e31e916f992171b9418cb47d283a56e61f311581d66266cb
2013-05-07,0.07418496346688551,3,isotropic_constructed_macro_nats_full_precision_v3,0552c7f4701ada91e31e916f992171b9418cb47d283a56e61f311581d66266cb
2013-05-09,0.0764325399322177,3,isotropic_constructed_macro_nats_full_precision_v3,0552c7f4701ada91e31e916f992171b9418cb47d283a56e61f311581d66266cb
2013-05-13,0.07773661040333041,3,isotropic_constructed_macro_nats_full_precision_v3,0552c7f4701ada91e31e916f992171b9418cb47d283a56e61f311581d66266cb
2013-05-15,0.08127191749238123,3,isotropic_constructed_macro_nats_full_precision_v3,0552c7f4701ada91e31e916f992171b9418cb47d283a56e61f311581d66266cb
2013-05-17,0.0861673072981528,3,isotropic_constructed_macro_nats_full_precision_v3,0552c7f4701ada91e31e916f992171b9418cb47d283a56e61f311581d66266cb
2013-05-21,0.08808350638106183,3,isotropic_constructed_macro_nats_full_precision_v3,0552c7f4701ada91e31e916f992171b9418cb47d283a56e61f311581d66266cb
2013-05-23,0.08705804936764742,3,isotropic_constructed_macro_nats_full_precision_v3,0552c7f4701ada91e31e916f992171b9418cb47d283a56e61f311581d66266cb
2013-05-28,0.08377125705096991,3,isotropic_constructed_macro_nats_full_precision_v3,0552c7f4701ada91e31e916f992171b9418cb47d283a56e61f311581d66266cb
2013-05-30,0.07998110033244099,3,isotropic_constructed_macro_nats_full_precision_v3,0552c7f4701ada91e31e916f992171b9418cb47d283a56e61f311581d66266cb
2013-06-03,0.0732680152382289,3,isotropic_constructed_macro_nats_full_precision_v3,0552c7f4701ada91e31e916f992171b9418cb47d283a56e61f311581d66266cb
2013-06-05,0.07359547374634232,3,isotropic_constructed_macro_nats_full_precision_v3,0552c7f4701ada91e31e916f992171b9418cb47d283a56e61f311581d66266cb
2013-06-07,0.07325501595805227,3,isotropic_constructed_macro_nats_full_precision_v3,0552c7f4701ada91e31e916f992171b9418cb47d283a56e61f311581d66266cb
2013-06-11,0.07488501796464947,3,isotropic_constructed_macro_nats_full_precision_v3,0552c7f4701ada91e31e916f992171b9418cb47d283a56e61f311581d66266cb
2013-06-13,0.0737275082196819,3,isotropic_constructed_macro_nats_full_precision_v3,0552c7f4701ada91e31e916f992171b9418cb47d283a56e61f311581d66266cb
2013-06-17,0.07276587384955206,3,isotropic_constructed_macro_nats_full_precision_v3,0552c7f4701ada91e31e916f992171b9418cb47d283a56e61f311581d66266cb
2013-06-19,0.07185838289321714,3,isotropic_constructed_macro_nats_full_precision_v3,0552c7f4701ada91e31e916f992171b9418cb47d283a56e61f311581d66266cb
2013-06-21,0.07495208957722248,3,isotropic_constructed_macro_nats_full_precision_v3,0552c7f4701ada91e31e916f992171b9418cb47d283a56e61f311581d66266cb
2013-06-25,0.07392332065340253,3,isotropic_constructed_macro_nats_full_precision_v3,0552c7f4701ada91e31e916f992171b9418cb47d283a56e61f311581d66266cb
2013-06-27,0.07479078427569602,3,isotropic_constructed_macro_nats_full_precision_v3,0552c7f4701ada91e31e916f992171b9418cb47d283a56e61f311581d66266cb
2013-07-01,0.07775823602391452,3,isotropic_constructed_macro_nats_full_precision_v3,0552c7f4701ada91e31e916f992171b9418cb47d283a56e61f311581d66266cb
2013-07-03,0.07524447222891102,3,isotropic_constructed_macro_nats_full_precision_v3,0552c7f4701ada91e31e916f992171b9418cb47d283a56e61f311581d66266cb
2013-07-08,0.07219057408493867,3,isotropic_constructed_macro_nats_full_precision_v3,0552c7f4701ada91e31e916f992171b9418cb47d283a56e61f311581d66266cb
2013-07-10,0.07009135836511207,3,isotropic_constructed_macro_nats_full_precision_v3,0552c7f4701ada91e31e916f992171b9418cb47d283a56e61f311581d66266cb
2013-07-12,0.07213878677820584,3,isotropic_constructed_macro_nats_full_precision_v3,0552c7f4701ada91e31e916f992171b9418cb47d283a56e61f311581d66266cb
2013-07-16,0.07107647187070362,3,isotropic_constructed_macro_nats_full_precision_v3,0552c7f4701ada91e31e916f992171b9418cb47d283a56e61f311581d66266cb
2013-07-18,0.07603351090523369,3,isotropic_constructed_macro_nats_full_precision_v3,0552c7f4701ada91e31e916f992171b9418cb47d283a56e61f311581d66266cb
2013-07-22,0.07642529079489363,3,isotropic_constructed_macro_nats_full_precision_v3,0552c7f4701ada91e31e916f992171b9418cb47d283a56e61f311581d66266cb
2013-07-24,0.07896635625361577,3,isotropic_constructed_macro_nats_full_precision_v3,0552c7f4701ada91e31e916f992171b9418cb47d283a56e61f311581d66266cb
2013-07-26,0.0780289729274622,3,isotropic_constructed_macro_nats_full_precision_v3,0552c7f4701ada91e31e916f992171b9418cb47d283a56e61f311581d66266cb
2013-07-30,0.07614561694421068,3,isotropic_constructed_macro_nats_full_precision_v3,0552c7f4701ada91e31e916f992171b9418cb47d283a56e61f311581d66266cb
2013-08-01,0.07284593831069823,3,isotropic_constructed_macro_nats_full_precision_v3,0552c7f4701ada91e31e916f992171b9418cb47d283a56e61f311581d66266cb
2013-08-05,0.06950673183407319,3,isotropic_constructed_macro_nats_full_precision_v3,0552c7f4701ada91e31e916f992171b9418cb47d283a56e61f311581d66266cb
2013-08-07,0.06558502064970745,3,isotropic_constructed_macro_nats_full_precision_v3,0552c7f4701ada91e31e916f992171b9418cb47d283a56e61f311581d66266cb
2013-08-09,0.059817991687312125,3,isotropic_constructed_macro_nats_full_precision_v3,0552c7f4701ada91e31e916f992171b9418cb47d283a56e61f311581d66266cb
2013-08-13,0.055439725971975065,3,isotropic_constructed_macro_nats_full_precision_v3,0552c7f4701ada91e31e916f992171b9418cb47d283a56e61f311581d66266cb
2013-08-15,0.054109883853926746,3,isotropic_constructed_macro_nats_full_precision_v3,0552c7f4701ada91e31e916f992171b9418cb47d283a56e61f311581d66266cb
2013-08-19,0.05416542627834672,3,isotropic_constructed_macro_nats_full_precision_v3,0552c7f4701ada91e31e916f992171b9418cb47d283a56e61f311581d66266cb
2013-08-21,0.05225775001581283,3,isotropic_constructed_macro_nats_full_precision_v3,0552c7f4701ada91e31e916f992171b9418cb47d283a56e61f311581d66266cb
2013-08-23,0.05803958158201361,3,isotropic_constructed_macro_nats_full_precision_v3,0552c7f4701ada91e31e916f992171b9418cb47d283a56e61f311581d66266cb
2013-08-27,0.05604826446355535,3,isotropic_constructed_macro_nats_full_precision_v3,0552c7f4701ada91e31e916f992171b9418cb47d283a56e61f311581d66266cb
2013-08-29,0.05689053645902385,3,isotropic_constructed_macro_nats_full_precision_v3,0552c7f4701ada91e31e916f992171b9418cb47d283a56e61f311581d66266cb
2013-09-03,0.052202370987183846,3,isotropic_constructed_macro_nats_full_precision_v3,0552c7f4701ada91e31e916f992171b9418cb47d283a56e61f311581d66266cb
2013-09-05,0.05593192804584472,3,isotropic_constructed_macro_nats_full_precision_v3,0552c7f4701ada91e31e916f992171b9418cb47d283a56e61f311581d66266cb
2013-09-09,0.05605481846215431,3,isotropic_constructed_macro_nats_full_precision_v3,0552c7f4701ada91e31e916f992171b9418cb47d283a56e61f311581d66266cb
2013-09-11,0.05894873991507421,3,isotropic_constructed_macro_nats_full_precision_v3,0552c7f4701ada91e31e916f992171b9418cb47d283a56e61f311581d66266cb
2013-09-13,0.056651940599470874,3,isotropic_constructed_macro_nats_full_precision_v3,0552c7f4701ada91e31e916f992171b9418cb47d283a56e61f311581d66266cb
2013-09-17,0.05242043168695526,3,isotropic_constructed_macro_nats_full_precision_v3,0552c7f4701ada91e31e916f992171b9418cb47d283a56e61f311581d66266cb
2013-09-19,0.053695411398299336,3,isotropic_constructed_macro_nats_full_precision_v3,0552c7f4701ada91e31e916f992171b9418cb47d283a56e61f311581d66266cb
2013-09-23,0.052181794327179884,3,isotropic_constructed_macro_nats_full_precision_v3,0552c7f4701ada91e31e916f992171b9418cb47d283a56e61f311581d66266cb
2013-09-25,0.04620413229656392,3,isotropic_constructed_macro_nats_full_precision_v3,0552c7f4701ada91e31e916f992171b9418cb47d283a56e61f311581d66266cb
2013-09-27,0.04414631127501944,3,isotropic_constructed_macro_nats_full_precision_v3,0552c7f4701ada91e31e916f992171b9418cb47d283a56e61f311581d66266cb
2013-10-01,0.047070053503999995,3,isotropic_constructed_macro_nats_full_precision_v3,0552c7f4701ada91e31e916f992171b9418cb47d283a56e61f311581d66266cb
2013-10-03,0.04656386288094438,3,isotropic_constructed_macro_nats_full_precision_v3,0552c7f4701ada91e31e916f992171b9418cb47d283a56e61f311581d66266cb
2013-10-07,0.045406512437885495,3,isotropic_constructed_macro_nats_full_precision_v3,0552c7f4701ada91e31e916f992171b9418cb47d283a56e61f311581d66266cb
2013-10-09,0.041222718801741574,3,isotropic_constructed_macro_nats_full_precision_v3,0552c7f4701ada91e31e916f992171b9418cb47d283a56e61f311581d66266cb
2013-10-11,0.04090598386450116,3,isotropic_constructed_macro_nats_full_precision_v3,0552c7f4701ada91e31e916f992171b9418cb47d283a56e61f311581d66266cb
2013-10-15,0.03628551982395886,3,isotropic_constructed_macro_nats_full_precision_v3,0552c7f4701ada91e31e916f992171b9418cb47d283a56e61f311581d66266cb
2013-10-17,0.035395230436106685,3,isotropic_constructed_macro_nats_full_precision_v3,0552c7f4701ada91e31e916f992171b9418cb47d283a56e61f311581d66266cb
2013-10-21,0.03716340187581022,3,isotropic_constructed_macro_nats_full_precision_v3,0552c7f4701ada91e31e916f992171b9418cb47d283a56e61f311581d66266cb
2013-10-23,0.03057250985022269,3,isotropic_constructed_macro_nats_full_precision_v3,0552c7f4701ada91e31e916f992171b9418cb47d283a56e61f311581d66266cb
2013-10-25,0.025023546162900694,3,isotropic_constructed_macro_nats_full_precision_v3,0552c7f4701ada91e31e916f992171b9418cb47d283a56e61f311581d66266cb
2013-10-29,0.024661800236327372,3,isotropic_constructed_macro_nats_full_precision_v3,0552c7f4701ada91e31e916f992171b9418cb47d283a56e61f311581d66266cb
2013-10-31,0.025937975705238613,3,isotropic_constructed_macro_nats_full_precision_v3,0552c7f4701ada91e31e916f992171b9418cb47d283a56e61f311581d66266cb
2013-11-04,0.024630750334199432,3,isotropic_constructed_macro_nats_full_precision_v3,0552c7f4701ada91e31e916f992171b9418cb47d283a56e61f311581d66266cb
2013-11-06,0.022637926958051217,3,isotropic_constructed_macro_nats_full_precision_v3,0552c7f4701ada91e31e916f992171b9418cb47d283a56e61f311581d66266cb
2013-11-08,0.021560424794902742,3,isotropic_constructed_macro_nats_full_precision_v3,0552c7f4701ada91e31e916f992171b9418cb47d283a56e61f311581d66266cb
2013-11-12,0.020622774832121493,3,isotropic_constructed_macro_nats_full_precision_v3,0552c7f4701ada91e31e916f992171b9418cb47d283a56e61f311581d66266cb
2013-11-14,0.02011771475107172,3,isotropic_constructed_macro_nats_full_precision_v3,0552c7f4701ada91e31e916f992171b9418cb47d283a56e61f311581d66266cb
2013-11-18,0.021697407553509268,3,isotropic_constructed_macro_nats_full_precision_v3,0552c7f4701ada91e31e916f992171b9418cb47d283a56e61f311581d66266cb
2013-11-20,0.023730920884647823,3,isotropic_constructed_macro_nats_full_precision_v3,0552c7f4701ada91e31e916f992171b9418cb47d283a56e61f311581d66266cb
2013-11-22,0.020201819845346226,3,isotropic_constructed_macro_nats_full_precision_v3,0552c7f4701ada91e31e916f992171b9418cb47d283a56e61f311581d66266cb
2013-11-26,0.019378194895797417,3,isotropic_constructed_macro_nats_full_precision_v3,0552c7f4701ada91e31e916f992171b9418cb47d283a56e61f311581d66266cb
2013-11-29,0.018312764941815017,3,isotropic_constructed_macro_nats_full_precision_v3,0552c7f4701ada91e31e916f992171b9418cb47d283a56e61f311581d66266cb
2013-12-03,0.019075696519140442,3,isotropic_constructed_macro_nats_full_precision_v3,0552c7f4701ada91e31e916f992171b9418cb47d283a56e61f311581d66266cb
2013-12-05,0.018186477908821296,3,isotropic_constructed_macro_nats_full_precision_v3,0552c7f4701ada91e31e916f992171b9418cb47d283a56e61f311581d66266cb
2013-12-09,0.020805146586712668,3,isotropic_constructed_macro_nats_full_precision_v3,0552c7f4701ada91e31e916f992171b9418cb47d283a56e61f311581d66266cb
2013-12-11,0.02723124036005989,3,isotropic_constructed_macro_nats_full_precision_v3,0552c7f4701ada91e31e916f992171b9418cb47d283a56e61f311581d66266cb
2013-12-13,0.02409317093844454,3,isotropic_constructed_macro_nats_full_precision_v3,0552c7f4701ada91e31e916f992171b9418cb47d283a56e61f311581d66266cb
2013-12-17,0.020388362931661172,3,isotropic_constructed_macro_nats_full_precision_v3,0552c7f4701ada91e31e916f992171b9418cb47d283a56e61f311581d66266cb
2013-12-19,0.017521335217516545,3,isotropic_constructed_macro_nats_full_precision_v3,0552c7f4701ada91e31e916f992171b9418cb47d283a56e61f311581d66266cb
2013-12-23,0.0183245885733078,3,isotropic_constructed_macro_nats_full_precision_v3,0552c7f4701ada91e31e916f992171b9418cb47d283a56e61f311581d66266cb
2013-12-26,0.017580969373990382,3,isotropic_constructed_macro_nats_full_precision_v3,0552c7f4701ada91e31e916f992171b9418cb47d283a56e61f311581d66266cb
2013-12-30,0.017177452785842227,3,isotropic_constructed_macro_nats_full_precision_v3,0552c7f4701ada91e31e916f992171b9418cb47d283a56e61f311581d66266cb
2014-01-02,0.015699998156549093,3,isotropic_constructed_macro_nats_full_precision_v3,0552c7f4701ada91e31e916f992171b9418cb47d283a56e61f311581d66266cb
2014-01-06,0.01531105013807163,3,isotropic_constructed_macro_nats_full_precision_v3,0552c7f4701ada91e31e916f992171b9418cb47d283a56e61f311581d66266cb
2014-01-08,0.016327021665193085,3,isotropic_constructed_macro_nats_full_precision_v3,0552c7f4701ada91e31e916f992171b9418cb47d283a56e61f311581d66266cb
2014-01-10,0.014459287316927312,3,isotropic_constructed_macro_nats_full_precision_v3,0552c7f4701ada91e31e916f992171b9418cb47d283a56e61f311581d66266cb
2014-01-14,0.015517673705286339,3,isotropic_constructed_macro_nats_full_precision_v3,0552c7f4701ada91e31e916f992171b9418cb47d283a56e61f311581d66266cb
2014-01-16,0.01482983128907639,3,isotropic_constructed_macro_nats_full_precision_v3,0552c7f4701ada91e31e916f992171b9418cb47d283a56e61f311581d66266cb
2014-01-21,0.016601160214523958,3,isotropic_constructed_macro_nats_full_precision_v3,0552c7f4701ada91e31e916f992171b9418cb47d283a56e61f311581d66266cb
2014-01-23,0.01636489510197757,3,isotropic_constructed_macro_nats_full_precision_v3,0552c7f4701ada91e31e916f992171b9418cb47d283a56e61f311581d66266cb
2014-01-27,0.02043873419780956,3,isotropic_constructed_macro_nats_full_precision_v3,0552c7f4701ada91e31e916f992171b9418cb47d283a56e61f311581d66266cb
2014-01-29,0.01641375227352857,3,isotropic_constructed_macro_nats_full_precision_v3,0552c7f4701ada91e31e916f992171b9418cb47d283a56e61f311581d66266cb
2014-01-31,0.016738002886180797,3,isotropic_constructed_macro_nats_full_precision_v3,0552c7f4701ada91e31e916f992171b9418cb47d283a56e61f311581d66266cb
2014-02-04,0.01760317552931679,3,isotropic_constructed_macro_nats_full_precision_v3,0552c7f4701ada91e31e916f992171b9418cb47d283a56e61f311581d66266cb
2014-02-06,0.018437555174240575,3,isotropic_constructed_macro_nats_full_precision_v3,0552c7f4701ada91e31e916f992171b9418cb47d283a56e61f311581d66266cb
2014-02-10,0.016984531875793962,3,isotropic_constructed_macro_nats_full_precision_v3,0552c7f4701ada91e31e916f992171b9418cb47d283a56e61f311581d66266cb
2014-02-12,0.012508261421827843,7,isotropic_constructed_macro_nats_full_precision_v3,0552c7f4701ada91e31e916f992171b9418cb47d283a56e61f311581d66266cb
2014-02-14,0.010795251178437111,7,isotropic_constructed_macro_nats_full_precision_v3,0552c7f4701ada91e31e916f992171b9418cb47d283a56e61f311581d66266cb
2014-02-19,0.009957556158003311,3,isotropic_constructed_macro_nats_full_precision_v3,0552c7f4701ada91e31e916f992171b9418cb47d283a56e61f311581d66266cb
2014-02-21,0.010769774658717424,3,isotropic_constructed_macro_nats_full_precision_v3,0552c7f4701ada91e31e916f992171b9418cb47d283a56e61f311581d66266cb
2014-02-25,0.011810623422300277,3,isotropic_constructed_macro_nats_full_precision_v3,0552c7f4701ada91e31e916f992171b9418cb47d283a56e61f311581d66266cb
2014-02-27,0.011594799182442606,3,isotropic_constructed_macro_nats_full_precision_v3,0552c7f4701ada91e31e916f992171b9418cb47d283a56e61f311581d66266cb
2014-03-03,0.009853752458492224,15,isotropic_constructed_macro_nats_full_precision_v3,0552c7f4701ada91e31e916f992171b9418cb47d283a56e61f311581d66266cb
2014-03-05,0.009548201719795202,15,isotropic_constructed_macro_nats_full_precision_v3,0552c7f4701ada91e31e916f992171b9418cb47d283a56e61f311581d66266cb
2014-03-07,0.01004564092298968,15,isotropic_constructed_macro_nats_full_precision_v3,0552c7f4701ada91e31e916f992171b9418cb47d283a56e61f311581d66266cb
2014-03-11,0.010187830026511809,15,isotropic_constructed_macro_nats_full_precision_v3,0552c7f4701ada91e31e916f992171b9418cb47d283a56e61f311581d66266cb
2014-03-13,0.011100681698006078,15,isotropic_constructed_macro_nats_full_precision_v3,0552c7f4701ada91e31e916f992171b9418cb47d283a56e61f311581d66266cb
2014-03-17,0.010604986179216763,7,isotropic_constructed_macro_nats_full_precision_v3,0552c7f4701ada91e31e916f992171b9418cb47d283a56e61f311581d66266cb
2014-03-19,0.011200867795992726,7,isotropic_constructed_macro_nats_full_precision_v3,0552c7f4701ada91e31e916f992171b9418cb47d283a56e61f311581d66266cb
2014-03-21,0.010875094430568506,7,isotropic_constructed_macro_nats_full_precision_v3,0552c7f4701ada91e31e916f992171b9418cb47d283a56e61f311581d66266cb
2014-03-25,0.010740089385262962,7,isotropic_constructed_macro_nats_full_precision_v3,0552c7f4701ada91e31e916f992171b9418cb47d283a56e61f311581d66266cb
2014-03-27,0.012055916153101698,7,isotropic_constructed_macro_nats_full_precision_v3,0552c7f4701ada91e31e916f992171b9418cb47d283a56e61f311581d66266cb
2014-03-31,0.013075341447309215,7,isotropic_constructed_macro_nats_full_precision_v3,0552c7f4701ada91e31e916f992171b9418cb47d283a56e61f311581d66266cb
2014-04-02,0.011379306300263854,7,isotropic_constructed_macro_nats_full_precision_v3,0552c7f4701ada91e31e916f992171b9418cb47d283a56e61f311581d66266cb
2014-04-04,0.010467190539474862,7,isotropic_constructed_macro_nats_full_precision_v3,0552c7f4701ada91e31e916f992171b9418cb47d283a56e61f311581d66266cb
2014-04-08,0.009854397208924108,15,isotropic_constructed_macro_nats_full_precision_v3,0552c7f4701ada91e31e916f992171b9418cb47d283a56e61f311581d66266cb
2014-04-10,0.009592518258667679,7,isotropic_constructed_macro_nats_full_precision_v3,0552c7f4701ada91e31e916f992171b9418cb47d283a56e61f311581d66266cb
2014-04-14,0.009639495340462649,15,isotropic_constructed_macro_nats_full_precision_v3,0552c7f4701ada91e31e916f992171b9418cb47d283a56e61f311581d66266cb
2014-04-16,0.009638701863081182,15,isotropic_constructed_macro_nats_full_precision_v3,0552c7f4701ada91e31e916f992171b9418cb47d283a56e61f311581d66266cb
2014-04-21,0.009352711834702453,8,isotropic_constructed_macro_nats_full_precision_v3,0552c7f4701ada91e31e916f992171b9418cb47d283a56e61f311581d66266cb
2014-04-23,0.012808865503311867,8,isotropic_constructed_macro_nats_full_precision_v3,0552c7f4701ada91e31e916f992171b9418cb47d283a56e61f311581d66266cb
2014-04-25,0.014071480424884618,8,isotropic_constructed_macro_nats_full_precision_v3,0552c7f4701ada91e31e916f992171b9418cb47d283a56e61f311581d66266cb
2014-04-29,0.012697425190797654,8,isotropic_constructed_macro_nats_full_precision_v3,0552c7f4701ada91e31e916f992171b9418cb47d283a56e61f311581d66266cb
2014-05-01,0.011694837639674563,8,isotropic_constructed_macro_nats_full_precision_v3,0552c7f4701ada91e31e916f992171b9418cb47d283a56e61f311581d66266cb
2014-05-05,0.01171598624199923,8,isotropic_constructed_macro_nats_full_precision_v3,0552c7f4701ada91e31e916f992171b9418cb47d283a56e61f311581d66266cb
2014-05-07,0.01035817682072615,8,isotropic_constructed_macro_nats_full_precision_v3,0552c7f4701ada91e31e916f992171b9418cb47d283a56e61f311581d66266cb
2014-05-09,0.010203283838760867,14,isotropic_constructed_macro_nats_full_precision_v3,0552c7f4701ada91e31e916f992171b9418cb47d283a56e61f311581d66266cb
2014-05-13,0.011639823069914235,3,isotropic_constructed_macro_nats_full_precision_v3,0552c7f4701ada91e31e916f992171b9418cb47d283a56e61f311581d66266cb
2014-05-15,0.009204037323589515,8,isotropic_constructed_macro_nats_full_precision_v3,0552c7f4701ada91e31e916f992171b9418cb47d283a56e61f311581d66266cb
2014-05-19,0.011386704863761685,3,isotropic_constructed_macro_nats_full_precision_v3,0552c7f4701ada91e31e916f992171b9418cb47d283a56e61f311581d66266cb
2014-05-21,0.009398594116233859,3,isotropic_constructed_macro_nats_full_precision_v3,0552c7f4701ada91e31e916f992171b9418cb47d283a56e61f311581d66266cb
2014-05-23,0.008805071636716143,3,isotropic_constructed_macro_nats_full_precision_v3,0552c7f4701ada91e31e916f992171b9418cb47d283a56e61f311581d66266cb
2014-05-28,0.008135717118153904,7,isotropic_constructed_macro_nats_full_precision_v3,0552c7f4701ada91e31e916f992171b9418cb47d283a56e61f311581d66266cb
2014-05-30,0.008253498835277838,14,isotropic_constructed_macro_nats_full_precision_v3,0552c7f4701ada91e31e916f992171b9418cb47d283a56e61f311581d66266cb
2014-06-03,0.007449202187434743,14,isotropic_constructed_macro_nats_full_precision_v3,0552c7f4701ada91e31e916f992171b9418cb47d283a56e61f311581d66266cb
2014-06-05,0.007190921409667796,7,isotropic_constructed_macro_nats_full_precision_v3,0552c7f4701ada91e31e916f992171b9418cb47d283a56e61f311581d66266cb
2014-06-09,0.007679580020872427,7,isotropic_constructed_macro_nats_full_precision_v3,0552c7f4701ada91e31e916f992171b9418cb47d283a56e61f311581d66266cb
2014-06-11,0.007432471439295388,7,isotropic_constructed_macro_nats_full_precision_v3,0552c7f4701ada91e31e916f992171b9418cb47d283a56e61f311581d66266cb
2014-06-13,0.0068287108964909735,14,isotropic_constructed_macro_nats_full_precision_v3,0552c7f4701ada91e31e916f992171b9418cb47d283a56e61f311581d66266cb
2014-06-17,0.006403573814014997,14,isotropic_constructed_macro_nats_full_precision_v3,0552c7f4701ada91e31e916f992171b9418cb47d283a56e61f311581d66266cb
2014-06-19,0.00594429730715073,15,isotropic_constructed_macro_nats_full_precision_v3,0552c7f4701ada91e31e916f992171b9418cb47d283a56e61f311581d66266cb
2014-06-23,0.0060508654976719825,15,isotropic_constructed_macro_nats_full_precision_v3,0552c7f4701ada91e31e916f992171b9418cb47d283a56e61f311581d66266cb
2014-06-25,0.0060545159165078175,15,isotropic_constructed_macro_nats_full_precision_v3,0552c7f4701ada91e31e916f992171b9418cb47d283a56e61f311581d66266cb
2014-06-27,0.006609732828035439,15,isotropic_constructed_macro_nats_full_precision_v3,0552c7f4701ada91e31e916f992171b9418cb47d283a56e61f311581d66266cb
2014-07-01,0.00650671910276112,8,isotropic_constructed_macro_nats_full_precision_v3,0552c7f4701ada91e31e916f992171b9418cb47d283a56e61f311581d66266cb
2014-07-03,0.006690118084725326,15,isotropic_constructed_macro_nats_full_precision_v3,0552c7f4701ada91e31e916f992171b9418cb47d283a56e61f311581d66266cb
2014-07-08,0.006973952778434982,15,isotropic_constructed_macro_nats_full_precision_v3,0552c7f4701ada91e31e916f992171b9418cb47d283a56e61f311581d66266cb
2014-07-10,0.006436954018983386,14,isotropic_constructed_macro_nats_full_precision_v3,0552c7f4701ada91e31e916f992171b9418cb47d283a56e61f311581d66266cb
2014-07-14,0.006413968921332759,14,isotropic_constructed_macro_nats_full_precision_v3,0552c7f4701ada91e31e916f992171b9418cb47d283a56e61f311581d66266cb
2014-07-16,0.006631522096114464,14,isotropic_constructed_macro_nats_full_precision_v3,0552c7f4701ada91e31e916f992171b9418cb47d283a56e61f311581d66266cb
2014-07-18,0.006189921811883346,14,isotropic_constructed_macro_nats_full_precision_v3,0552c7f4701ada91e31e916f992171b9418cb47d283a56e61f311581d66266cb
2014-07-22,0.006092987185185805,8,isotropic_constructed_macro_nats_full_precision_v3,0552c7f4701ada91e31e916f992171b9418cb47d283a56e61f311581d66266cb
2014-07-24,0.007201366248464264,8,isotropic_constructed_macro_nats_full_precision_v3,0552c7f4701ada91e31e916f992171b9418cb47d283a56e61f311581d66266cb
2014-07-28,0.006333664358702862,8,isotropic_constructed_macro_nats_full_precision_v3,0552c7f4701ada91e31e916f992171b9418cb47d283a56e61f311581d66266cb
2014-07-30,0.006881965992091683,8,isotropic_constructed_macro_nats_full_precision_v3,0552c7f4701ada91e31e916f992171b9418cb47d283a56e61f311581d66266cb
2014-08-01,0.007590146753870167,8,isotropic_constructed_macro_nats_full_precision_v3,0552c7f4701ada91e31e916f992171b9418cb47d283a56e61f311581d66266cb
2014-08-05,0.007276269610193016,8,isotropic_constructed_macro_nats_full_precision_v3,0552c7f4701ada91e31e916f992171b9418cb47d283a56e61f311581d66266cb
2014-08-07,0.006466908903061369,8,isotropic_constructed_macro_nats_full_precision_v3,0552c7f4701ada91e31e916f992171b9418cb47d283a56e61f311581d66266cb
2014-08-11,0.006836898141962894,8,isotropic_constructed_macro_nats_full_precision_v3,0552c7f4701ada91e31e916f992171b9418cb47d283a56e61f311581d66266cb
2014-08-13,0.0075273882800391476,8,isotropic_constructed_macro_nats_full_precision_v3,0552c7f4701ada91e31e916f992171b9418cb47d283a56e61f311581d66266cb
2014-08-15,0.00727813845031141,8,isotropic_constructed_macro_nats_full_precision_v3,0552c7f4701ada91e31e916f992171b9418cb47d283a56e61f311581d66266cb
2014-08-19,0.007707122164743063,8,isotropic_constructed_macro_nats_full_precision_v3,0552c7f4701ada91e31e916f992171b9418cb47d283a56e61f311581d66266cb
2014-08-21,0.007735387916697846,8,isotropic_constructed_macro_nats_full_precision_v3,0552c7f4701ada91e31e916f992171b9418cb47d283a56e61f311581d66266cb
2014-08-25,0.00751609385301405,8,isotropic_constructed_macro_nats_full_precision_v3,0552c7f4701ada91e31e916f992171b9418cb47d283a56e61f311581d66266cb
2014-08-27,0.007209603272270472,8,isotropic_constructed_macro_nats_full_precision_v3,0552c7f4701ada91e31e916f992171b9418cb47d283a56e61f311581d66266cb
2014-08-29,0.007771033542639694,8,isotropic_constructed_macro_nats_full_precision_v3,0552c7f4701ada91e31e916f992171b9418cb47d283a56e61f311581d66266cb
2014-09-03,0.007907889666885798,8,isotropic_constructed_macro_nats_full_precision_v3,0552c7f4701ada91e31e916f992171b9418cb47d283a56e61f311581d66266cb
2014-09-05,0.006551517122113694,8,isotropic_constructed_macro_nats_full_precision_v3,0552c7f4701ada91e31e916f992171b9418cb47d283a56e61f311581d66266cb
2014-09-09,0.0063717396213861036,8,isotropic_constructed_macro_nats_full_precision_v3,0552c7f4701ada91e31e916f992171b9418cb47d283a56e61f311581d66266cb
2014-09-11,0.006283649704946964,13,isotropic_constructed_macro_nats_full_precision_v3,0552c7f4701ada91e31e916f992171b9418cb47d283a56e61f311581d66266cb
2014-09-15,0.006136875817382717,11,isotropic_constructed_macro_nats_full_precision_v3,0552c7f4701ada91e31e916f992171b9418cb47d283a56e61f311581d66266cb
2014-09-17,0.006917683241466258,7,isotropic_constructed_macro_nats_full_precision_v3,0552c7f4701ada91e31e916f992171b9418cb47d283a56e61f311581d66266cb
2014-09-19,0.006791433703555484,11,isotropic_constructed_macro_nats_full_precision_v3,0552c7f4701ada91e31e916f992171b9418cb47d283a56e61f311581d66266cb
2014-09-23,0.007007648327785526,13,isotropic_constructed_macro_nats_full_precision_v3,0552c7f4701ada91e31e916f992171b9418cb47d283a56e61f311581d66266cb
2014-09-25,0.007354652811611205,11,isotropic_constructed_macro_nats_full_precision_v3,0552c7f4701ada91e31e916f992171b9418cb47d283a56e61f311581d66266cb
2014-09-29,0.006671371653119235,14,isotropic_constructed_macro_nats_full_precision_v3,0552c7f4701ada91e31e916f992171b9418cb47d283a56e61f311581d66266cb
2014-10-01,0.007601006730040785,11,isotropic_constructed_macro_nats_full_precision_v3,0552c7f4701ada91e31e916f992171b9418cb47d283a56e61f311581d66266cb
2014-10-03,0.007512788230366441,11,isotropic_constructed_macro_nats_full_precision_v3,0552c7f4701ada91e31e916f992171b9418cb47d283a56e61f311581d66266cb
2014-10-07,0.00828112241390603,11,isotropic_constructed_macro_nats_full_precision_v3,0552c7f4701ada91e31e916f992171b9418cb47d283a56e61f311581d66266cb
2014-10-09,0.010508674492744771,11,isotropic_constructed_macro_nats_full_precision_v3,0552c7f4701ada91e31e916f992171b9418cb47d283a56e61f311581d66266cb
2014-10-13,0.008474476305603544,11,isotropic_constructed_macro_nats_full_precision_v3,0552c7f4701ada91e31e916f992171b9418cb47d283a56e61f311581d66266cb
2014-10-15,0.008569321902438809,11,isotropic_constructed_macro_nats_full_precision_v3,0552c7f4701ada91e31e916f992171b9418cb47d283a56e61f311581d66266cb
2014-10-17,0.008913823265073673,11,isotropic_constructed_macro_nats_full_precision_v3,0552c7f4701ada91e31e916f992171b9418cb47d283a56e61f311581d66266cb
2014-10-21,0.014878646964744384,3,isotropic_constructed_macro_nats_full_precision_v3,0552c7f4701ada91e31e916f992171b9418cb47d283a56e61f311581d66266cb
2014-10-23,0.02170771585904715,3,isotropic_constructed_macro_nats_full_precision_v3,0552c7f4701ada91e31e916f992171b9418cb47d283a56e61f311581d66266cb
2014-10-27,0.02110373950499303,3,isotropic_constructed_macro_nats_full_precision_v3,0552c7f4701ada91e31e916f992171b9418cb47d283a56e61f311581d66266cb
2014-10-29,0.008609348533574132,8,isotropic_constructed_macro_nats_full_precision_v3,0552c7f4701ada91e31e916f992171b9418cb47d283a56e61f311581d66266cb
2014-10-31,0.008774345975422489,8,isotropic_constructed_macro_nats_full_precision_v3,0552c7f4701ada91e31e916f992171b9418cb47d283a56e61f311581d66266cb
2014-11-04,0.00851952006655085,8,isotropic_constructed_macro_nats_full_precision_v3,0552c7f4701ada91e31e916f992171b9418cb47d283a56e61f311581d66266cb
2014-11-06,0.009364743928318826,3,isotropic_constructed_macro_nats_full_precision_v3,0552c7f4701ada91e31e916f992171b9418cb47d283a56e61f311581d66266cb
2014-11-10,0.008779712561605514,8,isotropic_constructed_macro_nats_full_precision_v3,0552c7f4701ada91e31e916f992171b9418cb47d283a56e61f311581d66266cb
2014-11-12,0.00860345891598039,3,isotropic_constructed_macro_nats_full_precision_v3,0552c7f4701ada91e31e916f992171b9418cb47d283a56e61f311581d66266cb
2014-11-14,0.007708544265315094,14,isotropic_constructed_macro_nats_full_precision_v3,0552c7f4701ada91e31e916f992171b9418cb47d283a56e61f311581d66266cb
2014-11-18,0.007880409100428663,14,isotropic_constructed_macro_nats_full_precision_v3,0552c7f4701ada91e31e916f992171b9418cb47d283a56e61f311581d66266cb
2014-11-20,0.007248204211886586,14,isotropic_constructed_macro_nats_full_precision_v3,0552c7f4701ada91e31e916f992171b9418cb47d283a56e61f311581d66266cb
2014-11-24,0.006243896098750125,14,isotropic_constructed_macro_nats_full_precision_v3,0552c7f4701ada91e31e916f992171b9418cb47d283a56e61f311581d66266cb
2014-11-26,0.006928006286753309,3,isotropic_constructed_macro_nats_full_precision_v3,0552c7f4701ada91e31e916f992171b9418cb47d283a56e61f311581d66266cb
2014-12-01,0.006847590871011042,3,isotropic_constructed_macro_nats_full_precision_v3,0552c7f4701ada91e31e916f992171b9418cb47d283a56e61f311581d66266cb
2014-12-03,0.00727589714245909,3,isotropic_constructed_macro_nats_full_precision_v3,0552c7f4701ada91e31e916f992171b9418cb47d283a56e61f311581d66266cb
2014-12-05,0.007774496603816648,3,isotropic_constructed_macro_nats_full_precision_v3,0552c7f4701ada91e31e916f992171b9418cb47d283a56e61f311581d66266cb
2014-12-09,0.0076022312417763915,3,isotropic_constructed_macro_nats_full_precision_v3,0552c7f4701ada91e31e916f992171b9418cb47d283a56e61f311581d66266cb
2014-12-11,0.00727514436547641,3,isotropic_constructed_macro_nats_full_precision_v3,0552c7f4701ada91e31e916f992171b9418cb47d283a56e61f311581d66266cb
2014-12-15,0.00887309754945586,3,isotropic_constructed_macro_nats_full_precision_v3,0552c7f4701ada91e31e916f992171b9418cb47d283a56e61f311581d66266cb
2014-12-17,0.005935584453767483,3,isotropic_constructed_macro_nats_full_precision_v3,0552c7f4701ada91e31e916f992171b9418cb47d283a56e61f311581d66266cb
2014-12-19,0.005574148357189369,7,isotropic_constructed_macro_nats_full_precision_v3,0552c7f4701ada91e31e916f992171b9418cb47d283a56e61f311581d66266cb
2014-12-23,0.006487087696672,3,isotropic_constructed_macro_nats_full_precision_v3,0552c7f4701ada91e31e916f992171b9418cb47d283a56e61f311581d66266cb
2014-12-26,0.006219063972158517,3,isotropic_constructed_macro_nats_full_precision_v3,0552c7f4701ada91e31e916f992171b9418cb47d283a56e61f311581d66266cb
2014-12-30,0.006583898788546462,3,isotropic_constructed_macro_nats_full_precision_v3,0552c7f4701ada91e31e916f992171b9418cb47d283a56e61f311581d66266cb
2015-01-02,0.006394340991388955,3,isotropic_constructed_macro_nats_full_precision_v3,0552c7f4701ada91e31e916f992171b9418cb47d283a56e61f311581d66266cb
2015-01-06,0.005547698725786004,11,isotropic_constructed_macro_nats_full_precision_v3,0552c7f4701ada91e31e916f992171b9418cb47d283a56e61f311581d66266cb
2015-01-08,0.005799337840477391,11,isotropic_constructed_macro_nats_full_precision_v3,0552c7f4701ada91e31e916f992171b9418cb47d283a56e61f311581d66266cb
2015-01-12,0.006183495360909411,11,isotropic_constructed_macro_nats_full_precision_v3,0552c7f4701ada91e31e916f992171b9418cb47d283a56e61f311581d66266cb
2015-01-14,0.007270853069789716,11,isotropic_constructed_macro_nats_full_precision_v3,0552c7f4701ada91e31e916f992171b9418cb47d283a56e61f311581d66266cb
2015-01-16,0.007189946396563243,11,isotropic_constructed_macro_nats_full_precision_v3,0552c7f4701ada91e31e916f992171b9418cb47d283a56e61f311581d66266cb
2015-01-21,0.006267279883600242,11,isotropic_constructed_macro_nats_full_precision_v3,0552c7f4701ada91e31e916f992171b9418cb47d283a56e61f311581d66266cb
2015-01-23,0.0067194536603383676,11,isotropic_constructed_macro_nats_full_precision_v3,0552c7f4701ada91e31e916f992171b9418cb47d283a56e61f311581d66266cb
2015-01-27,0.007425327141235727,11,isotropic_constructed_macro_nats_full_precision_v3,0552c7f4701ada91e31e916f992171b9418cb47d283a56e61f311581d66266cb
2015-01-29,0.008706775236593654,11,isotropic_constructed_macro_nats_full_precision_v3,0552c7f4701ada91e31e916f992171b9418cb47d283a56e61f311581d66266cb
2015-02-02,0.01399580873808711,3,isotropic_constructed_macro_nats_full_precision_v3,0552c7f4701ada91e31e916f992171b9418cb47d283a56e61f311581d66266cb
2015-02-04,0.018490402538913743,3,isotropic_constructed_macro_nats_full_precision_v3,0552c7f4701ada91e31e916f992171b9418cb47d283a56e61f311581d66266cb
2015-02-06,0.019359119903636444,3,isotropic_constructed_macro_nats_full_precision_v3,0552c7f4701ada91e31e916f992171b9418cb47d283a56e61f311581d66266cb
2015-02-10,0.01864771255642618,3,isotropic_constructed_macro_nats_full_precision_v3,0552c7f4701ada91e31e916f992171b9418cb47d283a56e61f311581d66266cb
2015-02-12,0.017912257065402316,3,isotropic_constructed_macro_nats_full_precision_v3,0552c7f4701ada91e31e916f992171b9418cb47d283a56e61f311581d66266cb
2015-02-17,0.013927564582575984,3,isotropic_constructed_macro_nats_full_precision_v3,0552c7f4701ada91e31e916f992171b9418cb47d283a56e61f311581d66266cb
2015-02-19,0.013239917139928302,3,isotropic_constructed_macro_nats_full_precision_v3,0552c7f4701ada91e31e916f992171b9418cb47d283a56e61f311581d66266cb
2015-02-23,0.01105187338877596,3,isotropic_constructed_macro_nats_full_precision_v3,0552c7f4701ada91e31e916f992171b9418cb47d283a56e61f311581d66266cb
2015-02-25,0.012263575966184936,3,isotropic_constructed_macro_nats_full_precision_v3,0552c7f4701ada91e31e916f992171b9418cb47d283a56e61f311581d66266cb
2015-02-27,0.009408558682540279,3,isotropic_constructed_macro_nats_full_precision_v3,0552c7f4701ada91e31e916f992171b9418cb47d283a56e61f311581d66266cb
2015-03-03,0.008910817255944538,3,isotropic_constructed_macro_nats_full_precision_v3,0552c7f4701ada91e31e916f992171b9418cb47d283a56e61f311581d66266cb
2015-03-05,0.009177548167337096,3,isotropic_constructed_macro_nats_full_precision_v3,0552c7f4701ada91e31e916f992171b9418cb47d283a56e61f311581d66266cb
2015-03-09,0.011763165801606822,3,isotropic_constructed_macro_nats_full_precision_v3,0552c7f4701ada91e31e916f992171b9418cb47d283a56e61f311581d66266cb
2015-03-11,0.012025608133458356,3,isotropic_constructed_macro_nats_full_precision_v3,0552c7f4701ada91e31e916f992171b9418cb47d283a56e61f311581d66266cb
2015-03-13,0.011423810669772175,3,isotropic_constructed_macro_nats_full_precision_v3,0552c7f4701ada91e31e916f992171b9418cb47d283a56e61f311581d66266cb
2015-03-17,0.011153503381097586,3,isotropic_constructed_macro_nats_full_precision_v3,0552c7f4701ada91e31e916f992171b9418cb47d283a56e61f311581d66266cb
2015-03-19,0.010766620079296269,3,isotropic_constructed_macro_nats_full_precision_v3,0552c7f4701ada91e31e916f992171b9418cb47d283a56e61f311581d66266cb
2015-03-23,0.01003335642040118,3,isotropic_constructed_macro_nats_full_precision_v3,0552c7f4701ada91e31e916f992171b9418cb47d283a56e61f311581d66266cb
2015-03-25,0.012343225637804642,3,isotropic_constructed_macro_nats_full_precision_v3,0552c7f4701ada91e31e916f992171b9418cb47d283a56e61f311581d66266cb
2015-03-27,0.010259565289950784,11,isotropic_constructed_macro_nats_full_precision_v3,0552c7f4701ada91e31e916f992171b9418cb47d283a56e61f311581d66266cb
2015-03-31,0.009884845041249798,11,isotropic_constructed_macro_nats_full_precision_v3,0552c7f4701ada91e31e916f992171b9418cb47d283a56e61f311581d66266cb
2015-04-02,0.009776463518617343,11,isotropic_constructed_macro_nats_full_precision_v3,0552c7f4701ada91e31e916f992171b9418cb47d283a56e61f311581d66266cb
2015-04-07,0.010320183136681746,11,isotropic_constructed_macro_nats_full_precision_v3,0552c7f4701ada91e31e916f992171b9418cb47d283a56e61f311581d66266cb
2015-04-09,0.009823364791981079,11,isotropic_constructed_macro_nats_full_precision_v3,0552c7f4701ada91e31e916f992171b9418cb47d283a56e61f311581d66266cb
2015-04-13,0.009350950155039561,3,isotropic_constructed_macro_nats_full_precision_v3,0552c7f4701ada91e31e916f992171b9418cb47d283a56e61f311581d66266cb
2015-04-15,0.009352128297000321,3,isotropic_constructed_macro_nats_full_precision_v3,0552c7f4701ada91e31e916f992171b9418cb47d283a56e61f311581d66266cb
2015-04-17,0.008211139811222484,14,isotropic_constructed_macro_nats_full_precision_v3,0552c7f4701ada91e31e916f992171b9418cb47d283a56e61f311581d66266cb
2015-04-21,0.012042850101513972,3,isotropic_constructed_macro_nats_full_precision_v3,0552c7f4701ada91e31e916f992171b9418cb47d283a56e61f311581d66266cb
2015-04-23,0.010090330368468035,3,isotropic_constructed_macro_nats_full_precision_v3,0552c7f4701ada91e31e916f992171b9418cb47d283a56e61f311581d66266cb
2015-04-27,0.009819001713364861,3,isotropic_constructed_macro_nats_full_precision_v3,0552c7f4701ada91e31e916f992171b9418cb47d283a56e61f311581d66266cb
2015-04-29,0.0083480941055731,14,isotropic_constructed_macro_nats_full_precision_v3,0552c7f4701ada91e31e916f992171b9418cb47d283a56e61f311581d66266cb
2015-05-01,0.008660018802502209,14,isotropic_constructed_macro_nats_full_precision_v3,0552c7f4701ada91e31e916f992171b9418cb47d283a56e61f311581d66266cb
2015-05-05,0.00902012279292333,14,isotropic_constructed_macro_nats_full_precision_v3,0552c7f4701ada91e31e916f992171b9418cb47d283a56e61f311581d66266cb
2015-05-07,0.008826971642888683,14,isotropic_constructed_macro_nats_full_precision_v3,0552c7f4701ada91e31e916f992171b9418cb47d283a56e61f311581d66266cb
2015-05-11,0.008971767784602624,14,isotropic_constructed_macro_nats_full_precision_v3,0552c7f4701ada91e31e916f992171b9418cb47d283a56e61f311581d66266cb
2015-05-13,0.007836627553114706,14,isotropic_constructed_macro_nats_full_precision_v3,0552c7f4701ada91e31e916f992171b9418cb47d283a56e61f311581d66266cb
2015-05-15,0.007533842603029597,14,isotropic_constructed_macro_nats_full_precision_v3,0552c7f4701ada91e31e916f992171b9418cb47d283a56e61f311581d66266cb
2015-05-19,0.007716137388728478,14,isotropic_constructed_macro_nats_full_precision_v3,0552c7f4701ada91e31e916f992171b9418cb47d283a56e61f311581d66266cb
2015-05-21,0.006969787518248033,14,isotropic_constructed_macro_nats_full_precision_v3,0552c7f4701ada91e31e916f992171b9418cb47d283a56e61f311581d66266cb
2015-05-26,0.006452270074206484,14,isotropic_constructed_macro_nats_full_precision_v3,0552c7f4701ada91e31e916f992171b9418cb47d283a56e61f311581d66266cb
2015-05-28,0.006984712561459598,14,isotropic_constructed_macro_nats_full_precision_v3,0552c7f4701ada91e31e916f992171b9418cb47d283a56e61f311581d66266cb
2015-06-01,0.007087607643027072,14,isotropic_constructed_macro_nats_full_precision_v3,0552c7f4701ada91e31e916f992171b9418cb47d283a56e61f311581d66266cb
2015-06-03,0.007033529177648747,14,isotropic_constructed_macro_nats_full_precision_v3,0552c7f4701ada91e31e916f992171b9418cb47d283a56e61f311581d66266cb
2015-06-05,0.006320608756160029,14,isotropic_constructed_macro_nats_full_precision_v3,0552c7f4701ada91e31e916f992171b9418cb47d283a56e61f311581d66266cb
2015-06-09,0.005952914264638842,17,isotropic_constructed_macro_nats_full_precision_v3,0552c7f4701ada91e31e916f992171b9418cb47d283a56e61f311581d66266cb
2015-06-11,0.005730732716397166,17,isotropic_constructed_macro_nats_full_precision_v3,0552c7f4701ada91e31e916f992171b9418cb47d283a56e61f311581d66266cb
2015-06-15,0.00583822817563847,15,isotropic_constructed_macro_nats_full_precision_v3,0552c7f4701ada91e31e916f992171b9418cb47d283a56e61f311581d66266cb
2015-06-17,0.005448661842581255,15,isotropic_constructed_macro_nats_full_precision_v3,0552c7f4701ada91e31e916f992171b9418cb47d283a56e61f311581d66266cb
2015-06-19,0.005616787815549175,15,isotropic_constructed_macro_nats_full_precision_v3,0552c7f4701ada91e31e916f992171b9418cb47d283a56e61f311581d66266cb
2015-06-23,0.005526389647268579,15,isotropic_constructed_macro_nats_full_precision_v3,0552c7f4701ada91e31e916f992171b9418cb47d283a56e61f311581d66266cb
2015-06-25,0.006036777696696541,15,isotropic_constructed_macro_nats_full_precision_v3,0552c7f4701ada91e31e916f992171b9418cb47d283a56e61f311581d66266cb
2015-06-29,0.006088750613798946,2,isotropic_constructed_macro_nats_full_precision_v3,0552c7f4701ada91e31e916f992171b9418cb47d283a56e61f311581d66266cb
2015-07-01,0.008022099600878838,2,isotropic_constructed_macro_nats_full_precision_v3,0552c7f4701ada91e31e916f992171b9418cb47d283a56e61f311581d66266cb
2015-07-06,0.01032149686791127,2,isotropic_constructed_macro_nats_full_precision_v3,0552c7f4701ada91e31e916f992171b9418cb47d283a56e61f311581d66266cb
2015-07-08,0.011408616209514715,2,isotropic_constructed_macro_nats_full_precision_v3,0552c7f4701ada91e31e916f992171b9418cb47d283a56e61f311581d66266cb
2015-07-10,0.011603682916537038,2,isotropic_constructed_macro_nats_full_precision_v3,0552c7f4701ada91e31e916f992171b9418cb47d283a56e61f311581d66266cb
2015-07-14,0.008269570722020468,2,isotropic_constructed_macro_nats_full_precision_v3,0552c7f4701ada91e31e916f992171b9418cb47d283a56e61f311581d66266cb
2015-07-16,0.008991786115755927,2,isotropic_constructed_macro_nats_full_precision_v3,0552c7f4701ada91e31e916f992171b9418cb47d283a56e61f311581d66266cb
2015-07-20,0.00825166901116129,14,isotropic_constructed_macro_nats_full_precision_v3,0552c7f4701ada91e31e916f992171b9418cb47d283a56e61f311581d66266cb
2015-07-22,0.009595783346203507,2,isotropic_constructed_macro_nats_full_precision_v3,0552c7f4701ada91e31e916f992171b9418cb47d283a56e61f311581d66266cb
2015-07-24,0.009928194893886716,2,isotropic_constructed_macro_nats_full_precision_v3,0552c7f4701ada91e31e916f992171b9418cb47d283a56e61f311581d66266cb
2015-07-28,0.01204442976071126,2,isotropic_constructed_macro_nats_full_precision_v3,0552c7f4701ada91e31e916f992171b9418cb47d283a56e61f311581d66266cb
2015-07-30,0.007798514543805507,12,isotropic_constructed_macro_nats_full_precision_v3,0552c7f4701ada91e31e916f992171b9418cb47d283a56e61f311581d66266cb
2015-08-03,0.006831953148358001,14,isotropic_constructed_macro_nats_full_precision_v3,0552c7f4701ada91e31e916f992171b9418cb47d283a56e61f311581d66266cb
2015-08-05,0.006538674364803994,3,isotropic_constructed_macro_nats_full_precision_v3,0552c7f4701ada91e31e916f992171b9418cb47d283a56e61f311581d66266cb
2015-08-07,0.012030540651463063,2,isotropic_constructed_macro_nats_full_precision_v3,0552c7f4701ada91e31e916f992171b9418cb47d283a56e61f311581d66266cb
2015-08-11,0.006032642617950716,17,isotropic_constructed_macro_nats_full_precision_v3,0552c7f4701ada91e31e916f992171b9418cb47d283a56e61f311581d66266cb
2015-08-13,0.0066714942862869595,17,isotropic_constructed_macro_nats_full_precision_v3,0552c7f4701ada91e31e916f992171b9418cb47d283a56e61f311581d66266cb
2015-08-17,0.007022050199456245,17,isotropic_constructed_macro_nats_full_precision_v3,0552c7f4701ada91e31e916f992171b9418cb47d283a56e61f311581d66266cb
2015-08-19,0.006566838741421277,17,isotropic_constructed_macro_nats_full_precision_v3,0552c7f4701ada91e31e916f992171b9418cb47d283a56e61f311581d66266cb
2015-08-21,0.005947070775251313,17,isotropic_constructed_macro_nats_full_precision_v3,0552c7f4701ada91e31e916f992171b9418cb47d283a56e61f311581d66266cb
2015-08-25,0.00669804293984505,17,isotropic_constructed_macro_nats_full_precision_v3,0552c7f4701ada91e31e916f992171b9418cb47d283a56e61f311581d66266cb
2015-08-27,0.007956022157679127,17,isotropic_constructed_macro_nats_full_precision_v3,0552c7f4701ada91e31e916f992171b9418cb47d283a56e61f311581d66266cb
2015-08-31,0.008105634070584719,17,isotropic_constructed_macro_nats_full_precision_v3,0552c7f4701ada91e31e916f992171b9418cb47d283a56e61f311581d66266cb
2015-09-02,0.008639613038175363,17,isotropic_constructed_macro_nats_full_precision_v3,0552c7f4701ada91e31e916f992171b9418cb47d283a56e61f311581d66266cb
2015-09-04,0.008385995815736035,17,isotropic_constructed_macro_nats_full_precision_v3,0552c7f4701ada91e31e916f992171b9418cb47d283a56e61f311581d66266cb
2015-09-09,0.007860193682213225,17,isotropic_constructed_macro_nats_full_precision_v3,0552c7f4701ada91e31e916f992171b9418cb47d283a56e61f311581d66266cb
2015-09-11,0.008382496070233336,7,isotropic_constructed_macro_nats_full_precision_v3,0552c7f4701ada91e31e916f992171b9418cb47d283a56e61f311581d66266cb
2015-09-15,0.0078080957649473565,17,isotropic_constructed_macro_nats_full_precision_v3,0552c7f4701ada91e31e916f992171b9418cb47d283a56e61f311581d66266cb
2015-09-17,0.007444727115194318,17,isotropic_constructed_macro_nats_full_precision_v3,0552c7f4701ada91e31e916f992171b9418cb47d283a56e61f311581d66266cb
2015-09-21,0.007941814730427911,11,isotropic_constructed_macro_nats_full_precision_v3,0552c7f4701ada91e31e916f992171b9418cb47d283a56e61f311581d66266cb
2015-09-23,0.0075810422267058655,11,isotropic_constructed_macro_nats_full_precision_v3,0552c7f4701ada91e31e916f992171b9418cb47d283a56e61f311581d66266cb
2015-09-25,0.007096349150284988,16,isotropic_constructed_macro_nats_full_precision_v3,0552c7f4701ada91e31e916f992171b9418cb47d283a56e61f311581d66266cb
2015-09-29,0.006851281801003299,17,isotropic_constructed_macro_nats_full_precision_v3,0552c7f4701ada91e31e916f992171b9418cb47d283a56e61f311581d66266cb
2015-10-01,0.008319672211712661,7,isotropic_constructed_macro_nats_full_precision_v3,0552c7f4701ada91e31e916f992171b9418cb47d283a56e61f311581d66266cb
2015-10-05,0.008170939318877836,11,isotropic_constructed_macro_nats_full_precision_v3,0552c7f4701ada91e31e916f992171b9418cb47d283a56e61f311581d66266cb
2015-10-07,0.009249777578976645,7,isotropic_constructed_macro_nats_full_precision_v3,0552c7f4701ada91e31e916f992171b9418cb47d283a56e61f311581d66266cb
2015-10-09,0.009284258980351144,7,isotropic_constructed_macro_nats_full_precision_v3,0552c7f4701ada91e31e916f992171b9418cb47d283a56e61f311581d66266cb
2015-10-13,0.00890609230618536,7,isotropic_constructed_macro_nats_full_precision_v3,0552c7f4701ada91e31e916f992171b9418cb47d283a56e61f311581d66266cb
2015-10-15,0.010351443437822835,7,isotropic_constructed_macro_nats_full_precision_v3,0552c7f4701ada91e31e916f992171b9418cb47d283a56e61f311581d66266cb
2015-10-19,0.008657552477472248,4,isotropic_constructed_macro_nats_full_precision_v3,0552c7f4701ada91e31e916f992171b9418cb47d283a56e61f311581d66266cb
2015-10-21,0.008738935083376496,4,isotropic_constructed_macro_nats_full_precision_v3,0552c7f4701ada91e31e916f992171b9418cb47d283a56e61f311581d66266cb
2015-10-23,0.008437243416801604,8,isotropic_constructed_macro_nats_full_precision_v3,0552c7f4701ada91e31e916f992171b9418cb47d283a56e61f311581d66266cb
2015-10-27,0.01077164038500656,8,isotropic_constructed_macro_nats_full_precision_v3,0552c7f4701ada91e31e916f992171b9418cb47d283a56e61f311581d66266cb
2015-10-29,0.012074071645458123,8,isotropic_constructed_macro_nats_full_precision_v3,0552c7f4701ada91e31e916f992171b9418cb47d283a56e61f311581d66266cb
2015-11-02,0.013797602708585897,8,isotropic_constructed_macro_nats_full_precision_v3,0552c7f4701ada91e31e916f992171b9418cb47d283a56e61f311581d66266cb
2015-11-04,0.014496217762444925,8,isotropic_constructed_macro_nats_full_precision_v3,0552c7f4701ada91e31e916f992171b9418cb47d283a56e61f311581d66266cb
2015-11-06,0.01266511431364753,7,isotropic_constructed_macro_nats_full_precision_v3,0552c7f4701ada91e31e916f992171b9418cb47d283a56e61f311581d66266cb
2015-11-10,0.013106029349241384,7,isotropic_constructed_macro_nats_full_precision_v3,0552c7f4701ada91e31e916f992171b9418cb47d283a56e61f311581d66266cb
2015-11-12,0.013008264493540242,7,isotropic_constructed_macro_nats_full_precision_v3,0552c7f4701ada91e31e916f992171b9418cb47d283a56e61f311581d66266cb
2015-11-16,0.009782973077978006,16,isotropic_constructed_macro_nats_full_precision_v3,0552c7f4701ada91e31e916f992171b9418cb47d283a56e61f311581d66266cb
2015-11-18,0.009435732620950613,16,isotropic_constructed_macro_nats_full_precision_v3,0552c7f4701ada91e31e916f992171b9418cb47d283a56e61f311581d66266cb
2015-11-20,0.009740512931140206,16,isotropic_constructed_macro_nats_full_precision_v3,0552c7f4701ada91e31e916f992171b9418cb47d283a56e61f311581d66266cb
2015-11-24,0.009768215756763315,16,isotropic_constructed_macro_nats_full_precision_v3,0552c7f4701ada91e31e916f992171b9418cb47d283a56e61f311581d66266cb
2015-11-27,0.009804048434360273,16,isotropic_constructed_macro_nats_full_precision_v3,0552c7f4701ada91e31e916f992171b9418cb47d283a56e61f311581d66266cb
2015-12-01,0.00985849315523056,16,isotropic_constructed_macro_nats_full_precision_v3,0552c7f4701ada91e31e916f992171b9418cb47d283a56e61f311581d66266cb
2015-12-03,0.009766791342599154,16,isotropic_constructed_macro_nats_full_precision_v3,0552c7f4701ada91e31e916f992171b9418cb47d283a56e61f311581d66266cb
2015-12-07,0.010207195898313634,16,isotropic_constructed_macro_nats_full_precision_v3,0552c7f4701ada91e31e916f992171b9418cb47d283a56e61f311581d66266cb
2015-12-09,0.01029020108520573,16,isotropic_constructed_macro_nats_full_precision_v3,0552c7f4701ada91e31e916f992171b9418cb47d283a56e61f311581d66266cb
2015-12-11,0.01287578876469695,10,isotropic_constructed_macro_nats_full_precision_v3,0552c7f4701ada91e31e916f992171b9418cb47d283a56e61f311581d66266cb
2015-12-15,0.015030629078941947,7,isotropic_constructed_macro_nats_full_precision_v3,0552c7f4701ada91e31e916f992171b9418cb47d283a56e61f311581d66266cb
2015-12-17,0.017277947264646994,7,isotropic_constructed_macro_nats_full_precision_v3,0552c7f4701ada91e31e916f992171b9418cb47d283a56e61f311581d66266cb
2015-12-21,0.016938241964579617,7,isotropic_constructed_macro_nats_full_precision_v3,0552c7f4701ada91e31e916f992171b9418cb47d283a56e61f311581d66266cb
2015-12-23,0.01754781758827989,7,isotropic_constructed_macro_nats_full_precision_v3,0552c7f4701ada91e31e916f992171b9418cb47d283a56e61f311581d66266cb
2015-12-28,0.0176692083400767,7,isotropic_constructed_macro_nats_full_precision_v3,0552c7f4701ada91e31e916f992171b9418cb47d283a56e61f311581d66266cb
2015-12-30,0.016858827248298486,7,isotropic_constructed_macro_nats_full_precision_v3,0552c7f4701ada91e31e916f992171b9418cb47d283a56e61f311581d66266cb
2016-01-04,0.01724162161683817,7,isotropic_constructed_macro_nats_full_precision_v3,0552c7f4701ada91e31e916f992171b9418cb47d283a56e61f311581d66266cb
2016-01-06,0.01764931355387285,7,isotropic_constructed_macro_nats_full_precision_v3,0552c7f4701ada91e31e916f992171b9418cb47d283a56e61f311581d66266cb
2016-01-08,0.017880506757640205,7,isotropic_constructed_macro_nats_full_precision_v3,0552c7f4701ada91e31e916f992171b9418cb47d283a56e61f311581d66266cb
2016-01-12,0.017054160090794572,2,isotropic_constructed_macro_nats_full_precision_v3,0552c7f4701ada91e31e916f992171b9418cb47d283a56e61f311581d66266cb
2016-01-14,0.020607137429795586,2,isotropic_constructed_macro_nats_full_precision_v3,0552c7f4701ada91e31e916f992171b9418cb47d283a56e61f311581d66266cb
2016-01-19,0.018273878397649254,2,isotropic_constructed_macro_nats_full_precision_v3,0552c7f4701ada91e31e916f992171b9418cb47d283a56e61f311581d66266cb
2016-01-21,0.0162918144624164,2,isotropic_constructed_macro_nats_full_precision_v3,0552c7f4701ada91e31e916f992171b9418cb47d283a56e61f311581d66266cb
2016-01-25,0.02769369297488288,2,isotropic_constructed_macro_nats_full_precision_v3,0552c7f4701ada91e31e916f992171b9418cb47d283a56e61f311581d66266cb
2016-01-27,0.029811533124653407,2,isotropic_constructed_macro_nats_full_precision_v3,0552c7f4701ada91e31e916f992171b9418cb47d283a56e61f311581d66266cb
2016-01-29,0.03001216966758123,2,isotropic_constructed_macro_nats_full_precision_v3,0552c7f4701ada91e31e916f992171b9418cb47d283a56e61f311581d66266cb
2016-02-02,0.02710147984749097,2,isotropic_constructed_macro_nats_full_precision_v3,0552c7f4701ada91e31e916f992171b9418cb47d283a56e61f311581d66266cb
2016-02-04,0.0257785680676261,2,isotropic_constructed_macro_nats_full_precision_v3,0552c7f4701ada91e31e916f992171b9418cb47d283a56e61f311581d66266cb
2016-02-08,0.015321063594122344,10,isotropic_constructed_macro_nats_full_precision_v3,0552c7f4701ada91e31e916f992171b9418cb47d283a56e61f311581d66266cb
2016-02-10,0.022732645874652846,2,isotropic_constructed_macro_nats_full_precision_v3,0552c7f4701ada91e31e916f992171b9418cb47d283a56e61f311581d66266cb
2016-02-12,0.026992064639846387,2,isotropic_constructed_macro_nats_full_precision_v3,0552c7f4701ada91e31e916f992171b9418cb47d283a56e61f311581d66266cb
2016-02-17,0.02693951858155757,2,isotropic_constructed_macro_nats_full_precision_v3,0552c7f4701ada91e31e916f992171b9418cb47d283a56e61f311581d66266cb
2016-02-19,0.03404423683701694,2,isotropic_constructed_macro_nats_full_precision_v3,0552c7f4701ada91e31e916f992171b9418cb47d283a56e61f311581d66266cb
2016-02-23,0.03486539740292862,2,isotropic_constructed_macro_nats_full_precision_v3,0552c7f4701ada91e31e916f992171b9418cb47d283a56e61f311581d66266cb
2016-02-25,0.03462544627696858,2,isotropic_constructed_macro_nats_full_precision_v3,0552c7f4701ada91e31e916f992171b9418cb47d283a56e61f311581d66266cb
2016-02-29,0.03007084320574887,2,isotropic_constructed_macro_nats_full_precision_v3,0552c7f4701ada91e31e916f992171b9418cb47d283a56e61f311581d66266cb
2016-03-02,0.02759722488402888,3,isotropic_constructed_macro_nats_full_precision_v3,0552c7f4701ada91e31e916f992171b9418cb47d283a56e61f311581d66266cb
2016-03-04,0.022034474633315253,2,isotropic_constructed_macro_nats_full_precision_v3,0552c7f4701ada91e31e916f992171b9418cb47d283a56e61f311581d66266cb
2016-03-08,0.020625228010579144,10,isotropic_constructed_macro_nats_full_precision_v3,0552c7f4701ada91e31e916f992171b9418cb47d283a56e61f311581d66266cb
2016-03-10,0.02049291362584333,10,isotropic_constructed_macro_nats_full_precision_v3,0552c7f4701ada91e31e916f992171b9418cb47d283a56e61f311581d66266cb
2016-03-14,0.020471852379994715,8,isotropic_constructed_macro_nats_full_precision_v3,0552c7f4701ada91e31e916f992171b9418cb47d283a56e61f311581d66266cb
2016-03-16,0.022133906833887093,8,isotropic_constructed_macro_nats_full_precision_v3,0552c7f4701ada91e31e916f992171b9418cb47d283a56e61f311581d66266cb
2016-03-18,0.024871063248488076,3,isotropic_constructed_macro_nats_full_precision_v3,0552c7f4701ada91e31e916f992171b9418cb47d283a56e61f311581d66266cb
2016-03-22,0.025177726683623308,3,isotropic_constructed_macro_nats_full_precision_v3,0552c7f4701ada91e31e916f992171b9418cb47d283a56e61f311581d66266cb
2016-03-24,0.02754108849639335,3,isotropic_constructed_macro_nats_full_precision_v3,0552c7f4701ada91e31e916f992171b9418cb47d283a56e61f311581d66266cb
2016-03-29,0.027587104627807807,3,isotropic_constructed_macro_nats_full_precision_v3,0552c7f4701ada91e31e916f992171b9418cb47d283a56e61f311581d66266cb
2016-03-31,0.026519415648032896,3,isotropic_constructed_macro_nats_full_precision_v3,0552c7f4701ada91e31e916f992171b9418cb47d283a56e61f311581d66266cb
2016-04-04,0.02421960197303885,3,isotropic_constructed_macro_nats_full_precision_v3,0552c7f4701ada91e31e916f992171b9418cb47d283a56e61f311581d66266cb
2016-04-06,0.02376323276718549,8,isotropic_constructed_macro_nats_full_precision_v3,0552c7f4701ada91e31e916f992171b9418cb47d283a56e61f311581d66266cb
2016-04-08,0.022382750254876176,8,isotropic_constructed_macro_nats_full_precision_v3,0552c7f4701ada91e31e916f992171b9418cb47d283a56e61f311581d66266cb
2016-04-12,0.020937875115153895,8,isotropic_constructed_macro_nats_full_precision_v3,0552c7f4701ada91e31e916f992171b9418cb47d283a56e61f311581d66266cb
2016-04-14,0.021248451086490885,8,isotropic_constructed_macro_nats_full_precision_v3,0552c7f4701ada91e31e916f992171b9418cb47d283a56e61f311581d66266cb
2016-04-18,0.02149467571836272,8,isotropic_constructed_macro_nats_full_precision_v3,0552c7f4701ada91e31e916f992171b9418cb47d283a56e61f311581d66266cb
2016-04-20,0.02490244712410347,3,isotropic_constructed_macro_nats_full_precision_v3,0552c7f4701ada91e31e916f992171b9418cb47d283a56e61f311581d66266cb
2016-04-22,0.026310885590890717,8,isotropic_constructed_macro_nats_full_precision_v3,0552c7f4701ada91e31e916f992171b9418cb47d283a56e61f311581d66266cb
2016-04-26,0.029463000000817266,3,isotropic_constructed_macro_nats_full_precision_v3,0552c7f4701ada91e31e916f992171b9418cb47d283a56e61f311581d66266cb
2016-04-28,0.024088819808189048,3,isotropic_constructed_macro_nats_full_precision_v3,0552c7f4701ada91e31e916f992171b9418cb47d283a56e61f311581d66266cb
2016-05-02,0.023772719319592996,3,isotropic_constructed_macro_nats_full_precision_v3,0552c7f4701ada91e31e916f992171b9418cb47d283a56e61f311581d66266cb
2016-05-04,0.02405446858659417,8,isotropic_constructed_macro_nats_full_precision_v3,0552c7f4701ada91e31e916f992171b9418cb47d283a56e61f311581d66266cb
2016-05-06,0.022667816310184226,8,isotropic_constructed_macro_nats_full_precision_v3,0552c7f4701ada91e31e916f992171b9418cb47d283a56e61f311581d66266cb
2016-05-10,0.023816286296661694,8,isotropic_constructed_macro_nats_full_precision_v3,0552c7f4701ada91e31e916f992171b9418cb47d283a56e61f311581d66266cb
2016-05-12,0.024366688717470275,8,isotropic_constructed_macro_nats_full_precision_v3,0552c7f4701ada91e31e916f992171b9418cb47d283a56e61f311581d66266cb
2016-05-16,0.02444533780632637,8,isotropic_constructed_macro_nats_full_precision_v3,0552c7f4701ada91e31e916f992171b9418cb47d283a56e61f311581d66266cb
2016-05-18,0.02395843401835549,8,isotropic_constructed_macro_nats_full_precision_v3,0552c7f4701ada91e31e916f992171b9418cb47d283a56e61f311581d66266cb
2016-05-20,0.02287569681676658,8,isotropic_constructed_macro_nats_full_precision_v3,0552c7f4701ada91e31e916f992171b9418cb47d283a56e61f311581d66266cb
2016-05-24,0.023794509012383183,8,isotropic_constructed_macro_nats_full_precision_v3,0552c7f4701ada91e31e916f992171b9418cb47d283a56e61f311581d66266cb
2016-05-26,0.02338013663047605,3,isotropic_constructed_macro_nats_full_precision_v3,0552c7f4701ada91e31e916f992171b9418cb47d283a56e61f311581d66266cb
2016-05-31,0.02365147529568124,3,isotropic_constructed_macro_nats_full_precision_v3,0552c7f4701ada91e31e916f992171b9418cb47d283a56e61f311581d66266cb
2016-06-02,0.022297511352443837,8,isotropic_constructed_macro_nats_full_precision_v3,0552c7f4701ada91e31e916f992171b9418cb47d283a56e61f311581d66266cb
2016-06-06,0.02244301217770222,8,isotropic_constructed_macro_nats_full_precision_v3,0552c7f4701ada91e31e916f992171b9418cb47d283a56e61f311581d66266cb
2016-06-08,0.021981348030256774,8,isotropic_constructed_macro_nats_full_precision_v3,0552c7f4701ada91e31e916f992171b9418cb47d283a56e61f311581d66266cb
2016-06-10,0.02008625989975279,8,isotropic_constructed_macro_nats_full_precision_v3,0552c7f4701ada91e31e916f992171b9418cb47d283a56e61f311581d66266cb
2016-06-14,0.021842610914847488,8,isotropic_constructed_macro_nats_full_precision_v3,0552c7f4701ada91e31e916f992171b9418cb47d283a56e61f311581d66266cb
2016-06-16,0.020290178248825202,8,isotropic_constructed_macro_nats_full_precision_v3,0552c7f4701ada91e31e916f992171b9418cb47d283a56e61f311581d66266cb
2016-06-20,0.019745024616893106,8,isotropic_constructed_macro_nats_full_precision_v3,0552c7f4701ada91e31e916f992171b9418cb47d283a56e61f311581d66266cb
2016-06-22,0.02002853127790901,8,isotropic_constructed_macro_nats_full_precision_v3,0552c7f4701ada91e31e916f992171b9418cb47d283a56e61f311581d66266cb
2016-06-24,0.021720698878248137,8,isotropic_constructed_macro_nats_full_precision_v3,0552c7f4701ada91e31e916f992171b9418cb47d283a56e61f311581d66266cb
2016-06-28,0.02212070796391631,8,isotropic_constructed_macro_nats_full_precision_v3,0552c7f4701ada91e31e916f992171b9418cb47d283a56e61f311581d66266cb
2016-06-30,0.021289157622355975,8,isotropic_constructed_macro_nats_full_precision_v3,0552c7f4701ada91e31e916f992171b9418cb47d283a56e61f311581d66266cb
2016-07-05,0.02188188800455032,8,isotropic_constructed_macro_nats_full_precision_v3,0552c7f4701ada91e31e916f992171b9418cb47d283a56e61f311581d66266cb
2016-07-07,0.022663395513071366,8,isotropic_constructed_macro_nats_full_precision_v3,0552c7f4701ada91e31e916f992171b9418cb47d283a56e61f311581d66266cb
2016-07-11,0.024187367566349205,8,isotropic_constructed_macro_nats_full_precision_v3,0552c7f4701ada91e31e916f992171b9418cb47d283a56e61f311581d66266cb
2016-07-13,0.02393966731711708,8,isotropic_constructed_macro_nats_full_precision_v3,0552c7f4701ada91e31e916f992171b9418cb47d283a56e61f311581d66266cb
2016-07-15,0.025414784071858654,8,isotropic_constructed_macro_nats_full_precision_v3,0552c7f4701ada91e31e916f992171b9418cb47d283a56e61f311581d66266cb
2016-07-19,0.02823568895489892,8,isotropic_constructed_macro_nats_full_precision_v3,0552c7f4701ada91e31e916f992171b9418cb47d283a56e61f311581d66266cb
2016-07-21,0.02784581005700021,8,isotropic_constructed_macro_nats_full_precision_v3,0552c7f4701ada91e31e916f992171b9418cb47d283a56e61f311581d66266cb
2016-07-25,0.026754031088245547,8,isotropic_constructed_macro_nats_full_precision_v3,0552c7f4701ada91e31e916f992171b9418cb47d283a56e61f311581d66266cb
2016-07-27,0.025316617198949606,8,isotropic_constructed_macro_nats_full_precision_v3,0552c7f4701ada91e31e916f992171b9418cb47d283a56e61f311581d66266cb
2016-07-29,0.02705752548038684,8,isotropic_constructed_macro_nats_full_precision_v3,0552c7f4701ada91e31e916f992171b9418cb47d283a56e61f311581d66266cb
2016-08-02,0.028381213615648798,8,isotropic_constructed_macro_nats_full_precision_v3,0552c7f4701ada91e31e916f992171b9418cb47d283a56e61f311581d66266cb
2016-08-04,0.027287227294684573,8,isotropic_constructed_macro_nats_full_precision_v3,0552c7f4701ada91e31e916f992171b9418cb47d283a56e61f311581d66266cb
2016-08-08,0.027032064269372928,8,isotropic_constructed_macro_nats_full_precision_v3,0552c7f4701ada91e31e916f992171b9418cb47d283a56e61f311581d66266cb
2016-08-10,0.028353367927631372,3,isotropic_constructed_macro_nats_full_precision_v3,0552c7f4701ada91e31e916f992171b9418cb47d283a56e61f311581d66266cb
2016-08-12,0.02681544556721959,3,isotropic_constructed_macro_nats_full_precision_v3,0552c7f4701ada91e31e916f992171b9418cb47d283a56e61f311581d66266cb
2016-08-16,0.02663895253853058,3,isotropic_constructed_macro_nats_full_precision_v3,0552c7f4701ada91e31e916f992171b9418cb47d283a56e61f311581d66266cb
2016-08-18,0.027521409713848866,3,isotropic_constructed_macro_nats_full_precision_v3,0552c7f4701ada91e31e916f992171b9418cb47d283a56e61f311581d66266cb
2016-08-22,0.025852707254780387,8,isotropic_constructed_macro_nats_full_precision_v3,0552c7f4701ada91e31e916f992171b9418cb47d283a56e61f311581d66266cb
2016-08-24,0.02598866954149083,8,isotropic_constructed_macro_nats_full_precision_v3,0552c7f4701ada91e31e916f992171b9418cb47d283a56e61f311581d66266cb
2016-08-26,0.026586101956752074,8,isotropic_constructed_macro_nats_full_precision_v3,0552c7f4701ada91e31e916f992171b9418cb47d283a56e61f311581d66266cb
2016-08-30,0.027155745228753324,8,isotropic_constructed_macro_nats_full_precision_v3,0552c7f4701ada91e31e916f992171b9418cb47d283a56e61f311581d66266cb
2016-09-01,0.02784805558951753,8,isotropic_constructed_macro_nats_full_precision_v3,0552c7f4701ada91e31e916f992171b9418cb47d283a56e61f311581d66266cb
2016-09-06,0.029391959336073255,2,isotropic_constructed_macro_nats_full_precision_v3,0552c7f4701ada91e31e916f992171b9418cb47d283a56e61f311581d66266cb
2016-09-08,0.02950798477851683,2,isotropic_constructed_macro_nats_full_precision_v3,0552c7f4701ada91e31e916f992171b9418cb47d283a56e61f311581d66266cb
2016-09-12,0.029734320696730224,8,isotropic_constructed_macro_nats_full_precision_v3,0552c7f4701ada91e31e916f992171b9418cb47d283a56e61f311581d66266cb
2016-09-14,0.029633777993526185,3,isotropic_constructed_macro_nats_full_precision_v3,0552c7f4701ada91e31e916f992171b9418cb47d283a56e61f311581d66266cb
2016-09-16,0.029320549046731627,3,isotropic_constructed_macro_nats_full_precision_v3,0552c7f4701ada91e31e916f992171b9418cb47d283a56e61f311581d66266cb
2016-09-20,0.03198171808150316,3,isotropic_constructed_macro_nats_full_precision_v3,0552c7f4701ada91e31e916f992171b9418cb47d283a56e61f311581d66266cb
2016-09-22,0.029750049436860472,2,isotropic_constructed_macro_nats_full_precision_v3,0552c7f4701ada91e31e916f992171b9418cb47d283a56e61f311581d66266cb
2016-09-26,0.028463079733039957,2,isotropic_constructed_macro_nats_full_precision_v3,0552c7f4701ada91e31e916f992171b9418cb47d283a56e61f311581d66266cb
2016-09-28,0.02847472738820874,2,isotropic_constructed_macro_nats_full_precision_v3,0552c7f4701ada91e31e916f992171b9418cb47d283a56e61f311581d66266cb
2016-09-30,0.03025252160537969,3,isotropic_constructed_macro_nats_full_precision_v3,0552c7f4701ada91e31e916f992171b9418cb47d283a56e61f311581d66266cb
2016-10-04,0.029518742865713737,2,isotropic_constructed_macro_nats_full_precision_v3,0552c7f4701ada91e31e916f992171b9418cb47d283a56e61f311581d66266cb
2016-10-06,0.025594537059866217,3,isotropic_constructed_macro_nats_full_precision_v3,0552c7f4701ada91e31e916f992171b9418cb47d283a56e61f311581d66266cb
2016-10-10,0.028808113703489367,3,isotropic_constructed_macro_nats_full_precision_v3,0552c7f4701ada91e31e916f992171b9418cb47d283a56e61f311581d66266cb
2016-10-12,0.030197947618830767,3,isotropic_constructed_macro_nats_full_precision_v3,0552c7f4701ada91e31e916f992171b9418cb47d283a56e61f311581d66266cb
2016-10-14,0.031807435279918174,3,isotropic_constructed_macro_nats_full_precision_v3,0552c7f4701ada91e31e916f992171b9418cb47d283a56e61f311581d66266cb
2016-10-18,0.033531803148123034,3,isotropic_constructed_macro_nats_full_precision_v3,0552c7f4701ada91e31e916f992171b9418cb47d283a56e61f311581d66266cb
2016-10-20,0.03156791486665291,3,isotropic_constructed_macro_nats_full_precision_v3,0552c7f4701ada91e31e916f992171b9418cb47d283a56e61f311581d66266cb
2016-10-24,0.033567706169947316,3,isotropic_constructed_macro_nats_full_precision_v3,0552c7f4701ada91e31e916f992171b9418cb47d283a56e61f311581d66266cb
2016-10-26,0.027955018291354244,3,isotropic_constructed_macro_nats_full_precision_v3,0552c7f4701ada91e31e916f992171b9418cb47d283a56e61f311581d66266cb
2016-10-28,0.03494846475796672,3,isotropic_constructed_macro_nats_full_precision_v3,0552c7f4701ada91e31e916f992171b9418cb47d283a56e61f311581d66266cb
2016-11-01,0.0330011400836059,3,isotropic_constructed_macro_nats_full_precision_v3,0552c7f4701ada91e31e916f992171b9418cb47d283a56e61f311581d66266cb
2016-11-03,0.03383009086121878,3,isotropic_constructed_macro_nats_full_precision_v3,0552c7f4701ada91e31e916f992171b9418cb47d283a56e61f311581d66266cb
2016-11-07,0.038491782622952546,3,isotropic_constructed_macro_nats_full_precision_v3,0552c7f4701ada91e31e916f992171b9418cb47d283a56e61f311581d66266cb
2016-11-09,0.03222780563496101,3,isotropic_constructed_macro_nats_full_precision_v3,0552c7f4701ada91e31e916f992171b9418cb47d283a56e61f311581d66266cb
2016-11-11,0.025433603013357717,1,isotropic_constructed_macro_nats_full_precision_v3,0552c7f4701ada91e31e916f992171b9418cb47d283a56e61f311581d66266cb
2016-11-15,0.022252058884150473,8,isotropic_constructed_macro_nats_full_precision_v3,0552c7f4701ada91e31e916f992171b9418cb47d283a56e61f311581d66266cb
2016-11-17,0.023670787059388528,8,isotropic_constructed_macro_nats_full_precision_v3,0552c7f4701ada91e31e916f992171b9418cb47d283a56e61f311581d66266cb
2016-11-21,0.02247671878125631,8,isotropic_constructed_macro_nats_full_precision_v3,0552c7f4701ada91e31e916f992171b9418cb47d283a56e61f311581d66266cb
2016-11-23,0.02353617877679142,3,isotropic_constructed_macro_nats_full_precision_v3,0552c7f4701ada91e31e916f992171b9418cb47d283a56e61f311581d66266cb
2016-11-28,0.02286198333344564,8,isotropic_constructed_macro_nats_full_precision_v3,0552c7f4701ada91e31e916f992171b9418cb47d283a56e61f311581d66266cb
2016-11-30,0.02423012386801074,8,isotropic_constructed_macro_nats_full_precision_v3,0552c7f4701ada91e31e916f992171b9418cb47d283a56e61f311581d66266cb
2016-12-02,0.02477277928984082,8,isotropic_constructed_macro_nats_full_precision_v3,0552c7f4701ada91e31e916f992171b9418cb47d283a56e61f311581d66266cb
2016-12-06,0.02414788166850096,8,isotropic_constructed_macro_nats_full_precision_v3,0552c7f4701ada91e31e916f992171b9418cb47d283a56e61f311581d66266cb
2016-12-08,0.0247386697792989,8,isotropic_constructed_macro_nats_full_precision_v3,0552c7f4701ada91e31e916f992171b9418cb47d283a56e61f311581d66266cb
2016-12-12,0.024804889398810974,8,isotropic_constructed_macro_nats_full_precision_v3,0552c7f4701ada91e31e916f992171b9418cb47d283a56e61f311581d66266cb
2016-12-14,0.02457612746265756,8,isotropic_constructed_macro_nats_full_precision_v3,0552c7f4701ada91e31e916f992171b9418cb47d283a56e61f311581d66266cb
2016-12-16,0.02609096730274866,8,isotropic_constructed_macro_nats_full_precision_v3,0552c7f4701ada91e31e916f992171b9418cb47d283a56e61f311581d66266cb
2016-12-20,0.025775702871007118,8,isotropic_constructed_macro_nats_full_precision_v3,0552c7f4701ada91e31e916f992171b9418cb47d283a56e61f311581d66266cb
2016-12-22,0.026833061508487313,8,isotropic_constructed_macro_nats_full_precision_v3,0552c7f4701ada91e31e916f992171b9418cb47d283a56e61f311581d66266cb
2016-12-27,0.027207263844858436,8,isotropic_constructed_macro_nats_full_precision_v3,0552c7f4701ada91e31e916f992171b9418cb47d283a56e61f311581d66266cb
2016-12-29,0.027232771478585188,8,isotropic_constructed_macro_nats_full_precision_v3,0552c7f4701ada91e31e916f992171b9418cb47d283a56e61f311581d66266cb
2017-01-03,0.026000064729872284,8,isotropic_constructed_macro_nats_full_precision_v3,0552c7f4701ada91e31e916f992171b9418cb47d283a56e61f311581d66266cb
2017-01-05,0.02584900332154773,8,isotropic_constructed_macro_nats_full_precision_v3,0552c7f4701ada91e31e916f992171b9418cb47d283a56e61f311581d66266cb
2017-01-09,0.026765160881170938,8,isotropic_constructed_macro_nats_full_precision_v3,0552c7f4701ada91e31e916f992171b9418cb47d283a56e61f311581d66266cb
2017-01-11,0.02355838261951089,8,isotropic_constructed_macro_nats_full_precision_v3,0552c7f4701ada91e31e916f992171b9418cb47d283a56e61f311581d66266cb
2017-01-13,0.022477681857700618,8,isotropic_constructed_macro_nats_full_precision_v3,0552c7f4701ada91e31e916f992171b9418cb47d283a56e61f311581d66266cb
2017-01-18,0.019910210234052116,8,isotropic_constructed_macro_nats_full_precision_v3,0552c7f4701ada91e31e916f992171b9418cb47d283a56e61f311581d66266cb
2017-01-20,0.01897785126968691,8,isotropic_constructed_macro_nats_full_precision_v3,0552c7f4701ada91e31e916f992171b9418cb47d283a56e61f311581d66266cb
2017-01-24,0.022538319155466148,8,isotropic_constructed_macro_nats_full_precision_v3,0552c7f4701ada91e31e916f992171b9418cb47d283a56e61f311581d66266cb
2017-01-26,0.02040039788688984,8,isotropic_constructed_macro_nats_full_precision_v3,0552c7f4701ada91e31e916f992171b9418cb47d283a56e61f311581d66266cb
2017-01-30,0.020466935431947837,8,isotropic_constructed_macro_nats_full_precision_v3,0552c7f4701ada91e31e916f992171b9418cb47d283a56e61f311581d66266cb
2017-02-01,0.020037697672583003,8,isotropic_constructed_macro_nats_full_precision_v3,0552c7f4701ada91e31e916f992171b9418cb47d283a56e61f311581d66266cb
2017-02-03,0.019900475416212045,8,isotropic_constructed_macro_nats_full_precision_v3,0552c7f4701ada91e31e916f992171b9418cb47d283a56e61f311581d66266cb
2017-02-07,0.022556631168880868,3,isotropic_constructed_macro_nats_full_precision_v3,0552c7f4701ada91e31e916f992171b9418cb47d283a56e61f311581d66266cb
2017-02-09,0.024035482924894082,3,isotropic_constructed_macro_nats_full_precision_v3,0552c7f4701ada91e31e916f992171b9418cb47d283a56e61f311581d66266cb
2017-02-13,0.022369423179464096,3,isotropic_constructed_macro_nats_full_precision_v3,0552c7f4701ada91e31e916f992171b9418cb47d283a56e61f311581d66266cb
2017-02-15,0.023039620112734006,3,isotropic_constructed_macro_nats_full_precision_v3,0552c7f4701ada91e31e916f992171b9418cb47d283a56e61f311581d66266cb
2017-02-17,0.024293453905251165,3,isotropic_constructed_macro_nats_full_precision_v3,0552c7f4701ada91e31e916f992171b9418cb47d283a56e61f311581d66266cb
2017-02-22,0.026194337522981802,3,isotropic_constructed_macro_nats_full_precision_v3,0552c7f4701ada91e31e916f992171b9418cb47d283a56e61f311581d66266cb
2017-02-24,0.027929114701367892,3,isotropic_constructed_macro_nats_full_precision_v3,0552c7f4701ada91e31e916f992171b9418cb47d283a56e61f311581d66266cb
2017-02-28,0.026067242458592328,3,isotropic_constructed_macro_nats_full_precision_v3,0552c7f4701ada91e31e916f992171b9418cb47d283a56e61f311581d66266cb
2017-03-02,0.027044950835084805,3,isotropic_constructed_macro_nats_full_precision_v3,0552c7f4701ada91e31e916f992171b9418cb47d283a56e61f311581d66266cb
2017-03-06,0.02644160702035426,3,isotropic_constructed_macro_nats_full_precision_v3,0552c7f4701ada91e31e916f992171b9418cb47d283a56e61f311581d66266cb
2017-03-08,0.026457023367117694,3,isotropic_constructed_macro_nats_full_precision_v3,0552c7f4701ada91e31e916f992171b9418cb47d283a56e61f311581d66266cb
2017-03-10,0.031092398838994485,3,isotropic_constructed_macro_nats_full_precision_v3,0552c7f4701ada91e31e916f992171b9418cb47d283a56e61f311581d66266cb
2017-03-14,0.030974211494064603,3,isotropic_constructed_macro_nats_full_precision_v3,0552c7f4701ada91e31e916f992171b9418cb47d283a56e61f311581d66266cb
2017-03-16,0.033316556808375475,3,isotropic_constructed_macro_nats_full_precision_v3,0552c7f4701ada91e31e916f992171b9418cb47d283a56e61f311581d66266cb
2017-03-20,0.033318827845350306,3,isotropic_constructed_macro_nats_full_precision_v3,0552c7f4701ada91e31e916f992171b9418cb47d283a56e61f311581d66266cb
2017-03-22,0.02870902818965189,3,isotropic_constructed_macro_nats_full_precision_v3,0552c7f4701ada91e31e916f992171b9418cb47d283a56e61f311581d66266cb
2017-03-24,0.0294231550957047,3,isotropic_constructed_macro_nats_full_precision_v3,0552c7f4701ada91e31e916f992171b9418cb47d283a56e61f311581d66266cb
2017-03-28,0.0308647341194197,1,isotropic_constructed_macro_nats_full_precision_v3,0552c7f4701ada91e31e916f992171b9418cb47d283a56e61f311581d66266cb
2017-03-30,0.031732789230914986,1,isotropic_constructed_macro_nats_full_precision_v3,0552c7f4701ada91e31e916f992171b9418cb47d283a56e61f311581d66266cb
2017-04-03,0.039333295096158,1,isotropic_constructed_macro_nats_full_precision_v3,0552c7f4701ada91e31e916f992171b9418cb47d283a56e61f311581d66266cb
2017-04-05,0.03077777658676991,3,isotropic_constructed_macro_nats_full_precision_v3,0552c7f4701ada91e31e916f992171b9418cb47d283a56e61f311581d66266cb
2017-04-07,0.033004746276686224,3,isotropic_constructed_macro_nats_full_precision_v3,0552c7f4701ada91e31e916f992171b9418cb47d283a56e61f311581d66266cb
2017-04-11,0.03352444768610496,3,isotropic_constructed_macro_nats_full_precision_v3,0552c7f4701ada91e31e916f992171b9418cb47d283a56e61f311581d66266cb
2017-04-13,0.03339640475273336,3,isotropic_constructed_macro_nats_full_precision_v3,0552c7f4701ada91e31e916f992171b9418cb47d283a56e61f311581d66266cb
2017-04-18,0.03238250263294031,3,isotropic_constructed_macro_nats_full_precision_v3,0552c7f4701ada91e31e916f992171b9418cb47d283a56e61f311581d66266cb
2017-04-20,0.029637173477593724,3,isotropic_constructed_macro_nats_full_precision_v3,0552c7f4701ada91e31e916f992171b9418cb47d283a56e61f311581d66266cb
2017-04-24,0.02791552709845959,3,isotropic_constructed_macro_nats_full_precision_v3,0552c7f4701ada91e31e916f992171b9418cb47d283a56e61f311581d66266cb
2017-04-26,0.02988017180027118,3,isotropic_constructed_macro_nats_full_precision_v3,0552c7f4701ada91e31e916f992171b9418cb47d283a56e61f311581d66266cb
2017-04-28,0.030457261426421543,3,isotropic_constructed_macro_nats_full_precision_v3,0552c7f4701ada91e31e916f992171b9418cb47d283a56e61f311581d66266cb
2017-05-02,0.02885547824194981,3,isotropic_constructed_macro_nats_full_precision_v3,0552c7f4701ada91e31e916f992171b9418cb47d283a56e61f311581d66266cb
2017-05-04,0.02901398148132301,3,isotropic_constructed_macro_nats_full_precision_v3,0552c7f4701ada91e31e916f992171b9418cb47d283a56e61f311581d66266cb
2017-05-08,0.0257122362922221,3,isotropic_constructed_macro_nats_full_precision_v3,0552c7f4701ada91e31e916f992171b9418cb47d283a56e61f311581d66266cb
2017-05-10,0.02330259902176561,3,isotropic_constructed_macro_nats_full_precision_v3,0552c7f4701ada91e31e916f992171b9418cb47d283a56e61f311581d66266cb
2017-05-12,0.026847272223918132,3,isotropic_constructed_macro_nats_full_precision_v3,0552c7f4701ada91e31e916f992171b9418cb47d283a56e61f311581d66266cb
2017-05-16,0.02626235272648121,3,isotropic_constructed_macro_nats_full_precision_v3,0552c7f4701ada91e31e916f992171b9418cb47d283a56e61f311581d66266cb
2017-05-18,0.026596147510667946,3,isotropic_constructed_macro_nats_full_precision_v3,0552c7f4701ada91e31e916f992171b9418cb47d283a56e61f311581d66266cb
2017-05-22,0.027880303971595195,3,isotropic_constructed_macro_nats_full_precision_v3,0552c7f4701ada91e31e916f992171b9418cb47d283a56e61f311581d66266cb
2017-05-24,0.030302478119931912,3,isotropic_constructed_macro_nats_full_precision_v3,0552c7f4701ada91e31e916f992171b9418cb47d283a56e61f311581d66266cb
2017-05-26,0.032177248413110954,3,isotropic_constructed_macro_nats_full_precision_v3,0552c7f4701ada91e31e916f992171b9418cb47d283a56e61f311581d66266cb
2017-05-31,0.029746358960698646,3,isotropic_constructed_macro_nats_full_precision_v3,0552c7f4701ada91e31e916f992171b9418cb47d283a56e61f311581d66266cb
2017-06-02,0.03092967257255369,3,isotropic_constructed_macro_nats_full_precision_v3,0552c7f4701ada91e31e916f992171b9418cb47d283a56e61f311581d66266cb
2017-06-06,0.028836328661794516,3,isotropic_constructed_macro_nats_full_precision_v3,0552c7f4701ada91e31e916f992171b9418cb47d283a56e61f311581d66266cb
2017-06-08,0.028145445310242198,3,isotropic_constructed_macro_nats_full_precision_v3,0552c7f4701ada91e31e916f992171b9418cb47d283a56e61f311581d66266cb
2017-06-12,0.025445023162308657,3,isotropic_constructed_macro_nats_full_precision_v3,0552c7f4701ada91e31e916f992171b9418cb47d283a56e61f311581d66266cb
2017-06-14,0.02755011682506823,3,isotropic_constructed_macro_nats_full_precision_v3,0552c7f4701ada91e31e916f992171b9418cb47d283a56e61f311581d66266cb
2017-06-16,0.027197936582870348,3,isotropic_constructed_macro_nats_full_precision_v3,0552c7f4701ada91e31e916f992171b9418cb47d283a56e61f311581d66266cb
2017-06-20,0.02954994841844124,3,isotropic_constructed_macro_nats_full_precision_v3,0552c7f4701ada91e31e916f992171b9418cb47d283a56e61f311581d66266cb
2017-06-22,0.029723504634136096,3,isotropic_constructed_macro_nats_full_precision_v3,0552c7f4701ada91e31e916f992171b9418cb47d283a56e61f311581d66266cb
2017-06-26,0.027161092956157755,3,isotropic_constructed_macro_nats_full_precision_v3,0552c7f4701ada91e31e916f992171b9418cb47d283a56e61f311581d66266cb
2017-06-28,0.02830567964728322,3,isotropic_constructed_macro_nats_full_precision_v3,0552c7f4701ada91e31e916f992171b9418cb47d283a56e61f311581d66266cb
2017-06-30,0.029463353496515528,3,isotropic_constructed_macro_nats_full_precision_v3,0552c7f4701ada91e31e916f992171b9418cb47d283a56e61f311581d66266cb
2017-07-05,0.030456459748033515,3,isotropic_constructed_macro_nats_full_precision_v3,0552c7f4701ada91e31e916f992171b9418cb47d283a56e61f311581d66266cb
2017-07-07,0.030374419469238245,3,isotropic_constructed_macro_nats_full_precision_v3,0552c7f4701ada91e31e916f992171b9418cb47d283a56e61f311581d66266cb
2017-07-11,0.027198850241458433,3,isotropic_constructed_macro_nats_full_precision_v3,0552c7f4701ada91e31e916f992171b9418cb47d283a56e61f311581d66266cb
2017-07-13,0.024988032470788103,3,isotropic_constructed_macro_nats_full_precision_v3,0552c7f4701ada91e31e916f992171b9418cb47d283a56e61f311581d66266cb
2017-07-17,0.025724238346940348,3,isotropic_constructed_macro_nats_full_precision_v3,0552c7f4701ada91e31e916f992171b9418cb47d283a56e61f311581d66266cb
2017-07-19,0.02589540470824095,3,isotropic_constructed_macro_nats_full_precision_v3,0552c7f4701ada91e31e916f992171b9418cb47d283a56e61f311581d66266cb
2017-07-21,0.026127920845606903,3,isotropic_constructed_macro_nats_full_precision_v3,0552c7f4701ada91e31e916f992171b9418cb47d283a56e61f311581d66266cb
2017-07-25,0.0224066273867944,1,isotropic_constructed_macro_nats_full_precision_v3,0552c7f4701ada91e31e916f992171b9418cb47d283a56e61f311581d66266cb
2017-07-27,0.02339607465585883,3,isotropic_constructed_macro_nats_full_precision_v3,0552c7f4701ada91e31e916f992171b9418cb47d283a56e61f311581d66266cb
2017-07-31,0.05967734661056632,1,isotropic_constructed_macro_nats_full_precision_v3,0552c7f4701ada91e31e916f992171b9418cb47d283a56e61f311581d66266cb
2017-08-02,0.06242853678727265,1,isotropic_constructed_macro_nats_full_precision_v3,0552c7f4701ada91e31e916f992171b9418cb47d283a56e61f311581d66266cb
2017-08-04,0.05720043940262857,1,isotropic_constructed_macro_nats_full_precision_v3,0552c7f4701ada91e31e916f992171b9418cb47d283a56e61f311581d66266cb
2017-08-08,0.054472572267356335,1,isotropic_constructed_macro_nats_full_precision_v3,0552c7f4701ada91e31e916f992171b9418cb47d283a56e61f311581d66266cb
2017-08-10,0.05594856598066169,1,isotropic_constructed_macro_nats_full_precision_v3,0552c7f4701ada91e31e916f992171b9418cb47d283a56e61f311581d66266cb
2017-08-14,0.05348112733974772,1,isotropic_constructed_macro_nats_full_precision_v3,0552c7f4701ada91e31e916f992171b9418cb47d283a56e61f311581d66266cb
2017-08-16,0.04726792960351638,1,isotropic_constructed_macro_nats_full_precision_v3,0552c7f4701ada91e31e916f992171b9418cb47d283a56e61f311581d66266cb
2017-08-18,0.045309094341550886,1,isotropic_constructed_macro_nats_full_precision_v3,0552c7f4701ada91e31e916f992171b9418cb47d283a56e61f311581d66266cb
2017-08-22,0.04022982610194491,1,isotropic_constructed_macro_nats_full_precision_v3,0552c7f4701ada91e31e916f992171b9418cb47d283a56e61f311581d66266cb
2017-08-24,0.03894576320440747,1,isotropic_constructed_macro_nats_full_precision_v3,0552c7f4701ada91e31e916f992171b9418cb47d283a56e61f311581d66266cb
2017-08-28,0.03731435448308685,1,isotropic_constructed_macro_nats_full_precision_v3,0552c7f4701ada91e31e916f992171b9418cb47d283a56e61f311581d66266cb
2017-08-30,0.03666464811991374,1,isotropic_constructed_macro_nats_full_precision_v3,0552c7f4701ada91e31e916f992171b9418cb47d283a56e61f311581d66266cb
2017-09-01,0.03412667637743443,1,isotropic_constructed_macro_nats_full_precision_v3,0552c7f4701ada91e31e916f992171b9418cb47d283a56e61f311581d66266cb
2017-09-06,0.031017654250189375,1,isotropic_constructed_macro_nats_full_precision_v3,0552c7f4701ada91e31e916f992171b9418cb47d283a56e61f311581d66266cb
2017-09-08,0.022122800371137015,1,isotropic_constructed_macro_nats_full_precision_v3,0552c7f4701ada91e31e916f992171b9418cb47d283a56e61f311581d66266cb
2017-09-12,0.026810245864707365,1,isotropic_constructed_macro_nats_full_precision_v3,0552c7f4701ada91e31e916f992171b9418cb47d283a56e61f311581d66266cb
2017-09-14,0.029991618243425458,1,isotropic_constructed_macro_nats_full_precision_v3,0552c7f4701ada91e31e916f992171b9418cb47d283a56e61f311581d66266cb
2017-09-18,0.03784349137470749,1,isotropic_constructed_macro_nats_full_precision_v3,0552c7f4701ada91e31e916f992171b9418cb47d283a56e61f311581d66266cb
2017-09-20,0.042977183589860836,1,isotropic_constructed_macro_nats_full_precision_v3,0552c7f4701ada91e31e916f992171b9418cb47d283a56e61f311581d66266cb
2017-09-22,0.04345005987813568,1,isotropic_constructed_macro_nats_full_precision_v3,0552c7f4701ada91e31e916f992171b9418cb47d283a56e61f311581d66266cb
2017-09-26,0.04640934299772018,1,isotropic_constructed_macro_nats_full_precision_v3,0552c7f4701ada91e31e916f992171b9418cb47d283a56e61f311581d66266cb
2017-09-28,0.03692862277281168,1,isotropic_constructed_macro_nats_full_precision_v3,0552c7f4701ada91e31e916f992171b9418cb47d283a56e61f311581d66266cb
2017-10-02,0.04072747698222005,1,isotropic_constructed_macro_nats_full_precision_v3,0552c7f4701ada91e31e916f992171b9418cb47d283a56e61f311581d66266cb
2017-10-04,0.04084701604899118,1,isotropic_constructed_macro_nats_full_precision_v3,0552c7f4701ada91e31e916f992171b9418cb47d283a56e61f311581d66266cb
2017-10-06,0.03836582253952129,1,isotropic_constructed_macro_nats_full_precision_v3,0552c7f4701ada91e31e916f992171b9418cb47d283a56e61f311581d66266cb
2017-10-10,0.029355568987474295,1,isotropic_constructed_macro_nats_full_precision_v3,0552c7f4701ada91e31e916f992171b9418cb47d283a56e61f311581d66266cb
2017-10-12,0.03186025692504533,1,isotropic_constructed_macro_nats_full_precision_v3,0552c7f4701ada91e31e916f992171b9418cb47d283a56e61f311581d66266cb
2017-10-16,0.026241798199270923,1,isotropic_constructed_macro_nats_full_precision_v3,0552c7f4701ada91e31e916f992171b9418cb47d283a56e61f311581d66266cb
2017-10-18,0.017684621455406398,2,isotropic_constructed_macro_nats_full_precision_v3,0552c7f4701ada91e31e916f992171b9418cb47d283a56e61f311581d66266cb
2017-10-20,0.03239002875908946,1,isotropic_constructed_macro_nats_full_precision_v3,0552c7f4701ada91e31e916f992171b9418cb47d283a56e61f311581d66266cb
2017-10-24,0.016076220522045465,1,isotropic_constructed_macro_nats_full_precision_v3,0552c7f4701ada91e31e916f992171b9418cb47d283a56e61f311581d66266cb
2017-10-26,0.016848009899048756,2,isotropic_constructed_macro_nats_full_precision_v3,0552c7f4701ada91e31e916f992171b9418cb47d283a56e61f311581d66266cb
2017-10-30,0.01890573000085194,2,isotropic_constructed_macro_nats_full_precision_v3,0552c7f4701ada91e31e916f992171b9418cb47d283a56e61f311581d66266cb
2017-11-01,0.01475101492949011,2,isotropic_constructed_macro_nats_full_precision_v3,0552c7f4701ada91e31e916f992171b9418cb47d283a56e61f311581d66266cb
2017-11-03,0.013487801527238025,7,isotropic_constructed_macro_nats_full_precision_v3,0552c7f4701ada91e31e916f992171b9418cb47d283a56e61f311581d66266cb
2017-11-07,0.013271062023450825,7,isotropic_constructed_macro_nats_full_precision_v3,0552c7f4701ada91e31e916f992171b9418cb47d283a56e61f311581d66266cb
2017-11-09,0.013458561393632287,7,isotropic_constructed_macro_nats_full_precision_v3,0552c7f4701ada91e31e916f992171b9418cb47d283a56e61f311581d66266cb
2017-11-13,0.013652954537814121,7,isotropic_constructed_macro_nats_full_precision_v3,0552c7f4701ada91e31e916f992171b9418cb47d283a56e61f311581d66266cb
2017-11-15,0.013849698018268186,7,isotropic_constructed_macro_nats_full_precision_v3,0552c7f4701ada91e31e916f992171b9418cb47d283a56e61f311581d66266cb
2017-11-17,0.01628304727649474,2,isotropic_constructed_macro_nats_full_precision_v3,0552c7f4701ada91e31e916f992171b9418cb47d283a56e61f311581d66266cb
2017-11-21,0.01755609885477183,7,isotropic_constructed_macro_nats_full_precision_v3,0552c7f4701ada91e31e916f992171b9418cb47d283a56e61f311581d66266cb
2017-11-24,0.016827833079564272,7,isotropic_constructed_macro_nats_full_precision_v3,0552c7f4701ada91e31e916f992171b9418cb47d283a56e61f311581d66266cb
2017-11-28,0.020113826715126494,7,isotropic_constructed_macro_nats_full_precision_v3,0552c7f4701ada91e31e916f992171b9418cb47d283a56e61f311581d66266cb
2017-11-30,0.016406996932256702,7,isotropic_constructed_macro_nats_full_precision_v3,0552c7f4701ada91e31e916f992171b9418cb47d283a56e61f311581d66266cb
2017-12-04,0.016222554159564237,2,isotropic_constructed_macro_nats_full_precision_v3,0552c7f4701ada91e31e916f992171b9418cb47d283a56e61f311581d66266cb
2017-12-06,0.014476674736161793,2,isotropic_constructed_macro_nats_full_precision_v3,0552c7f4701ada91e31e916f992171b9418cb47d283a56e61f311581d66266cb
2017-12-08,0.012520949235232122,2,isotropic_constructed_macro_nats_full_precision_v3,0552c7f4701ada91e31e916f992171b9418cb47d283a56e61f311581d66266cb
2017-12-12,0.012249573814619628,7,isotropic_constructed_macro_nats_full_precision_v3,0552c7f4701ada91e31e916f992171b9418cb47d283a56e61f311581d66266cb
2017-12-14,0.013454595751611426,2,isotropic_constructed_macro_nats_full_precision_v3,0552c7f4701ada91e31e916f992171b9418cb47d283a56e61f311581d66266cb
2017-12-18,0.011825376774785151,2,isotropic_constructed_macro_nats_full_precision_v3,0552c7f4701ada91e31e916f992171b9418cb47d283a56e61f311581d66266cb
2017-12-20,0.01097755474556543,7,isotropic_constructed_macro_nats_full_precision_v3,0552c7f4701ada91e31e916f992171b9418cb47d283a56e61f311581d66266cb
2017-12-22,0.010899225010176337,2,isotropic_constructed_macro_nats_full_precision_v3,0552c7f4701ada91e31e916f992171b9418cb47d283a56e61f311581d66266cb
2017-12-27,0.01061784376226469,7,isotropic_constructed_macro_nats_full_precision_v3,0552c7f4701ada91e31e916f992171b9418cb47d283a56e61f311581d66266cb
2017-12-29,0.01243661132715719,2,isotropic_constructed_macro_nats_full_precision_v3,0552c7f4701ada91e31e916f992171b9418cb47d283a56e61f311581d66266cb
2018-01-03,0.011819149215078484,2,isotropic_constructed_macro_nats_full_precision_v3,0552c7f4701ada91e31e916f992171b9418cb47d283a56e61f311581d66266cb
2018-01-05,0.014041094147716336,2,isotropic_constructed_macro_nats_full_precision_v3,0552c7f4701ada91e31e916f992171b9418cb47d283a56e61f311581d66266cb
2018-01-09,0.019783426321271058,2,isotropic_constructed_macro_nats_full_precision_v3,0552c7f4701ada91e31e916f992171b9418cb47d283a56e61f311581d66266cb
2018-01-11,0.018196041807969604,2,isotropic_constructed_macro_nats_full_precision_v3,0552c7f4701ada91e31e916f992171b9418cb47d283a56e61f311581d66266cb
2018-01-16,0.023907270525832122,2,isotropic_constructed_macro_nats_full_precision_v3,0552c7f4701ada91e31e916f992171b9418cb47d283a56e61f311581d66266cb
2018-01-18,0.020940687761258833,2,isotropic_constructed_macro_nats_full_precision_v3,0552c7f4701ada91e31e916f992171b9418cb47d283a56e61f311581d66266cb
2018-01-22,0.021702850369417645,2,isotropic_constructed_macro_nats_full_precision_v3,0552c7f4701ada91e31e916f992171b9418cb47d283a56e61f311581d66266cb
2018-01-24,0.015494329212375153,2,isotropic_constructed_macro_nats_full_precision_v3,0552c7f4701ada91e31e916f992171b9418cb47d283a56e61f311581d66266cb
2018-01-26,0.015605614898045711,2,isotropic_constructed_macro_nats_full_precision_v3,0552c7f4701ada91e31e916f992171b9418cb47d283a56e61f311581d66266cb
2018-01-30,0.020172271320704385,2,isotropic_constructed_macro_nats_full_precision_v3,0552c7f4701ada91e31e916f992171b9418cb47d283a56e61f311581d66266cb
2018-02-01,0.013452852900152003,2,isotropic_constructed_macro_nats_full_precision_v3,0552c7f4701ada91e31e916f992171b9418cb47d283a56e61f311581d66266cb
2018-02-05,0.020165964991225672,2,isotropic_constructed_macro_nats_full_precision_v3,0552c7f4701ada91e31e916f992171b9418cb47d283a56e61f311581d66266cb
2018-02-07,0.01644431515229107,2,isotropic_constructed_macro_nats_full_precision_v3,0552c7f4701ada91e31e916f992171b9418cb47d283a56e61f311581d66266cb
2018-02-09,0.020393483033845132,2,isotropic_constructed_macro_nats_full_precision_v3,0552c7f4701ada91e31e916f992171b9418cb47d283a56e61f311581d66266cb
2018-02-13,0.021521853100991944,2,isotropic_constructed_macro_nats_full_precision_v3,0552c7f4701ada91e31e916f992171b9418cb47d283a56e61f311581d66266cb
2018-02-15,0.02289853257209072,2,isotropic_constructed_macro_nats_full_precision_v3,0552c7f4701ada91e31e916f992171b9418cb47d283a56e61f311581d66266cb
2018-02-20,0.02486909108903449,2,isotropic_constructed_macro_nats_full_precision_v3,0552c7f4701ada91e31e916f992171b9418cb47d283a56e61f311581d66266cb
2018-02-22,0.024595678651724323,2,isotropic_constructed_macro_nats_full_precision_v3,0552c7f4701ada91e31e916f992171b9418cb47d283a56e61f311581d66266cb
2018-02-26,0.02387464201841792,2,isotropic_constructed_macro_nats_full_precision_v3,0552c7f4701ada91e31e916f992171b9418cb47d283a56e61f311581d66266cb
2018-02-28,0.02462095825773615,2,isotropic_constructed_macro_nats_full_precision_v3,0552c7f4701ada91e31e916f992171b9418cb47d283a56e61f311581d66266cb
2018-03-02,0.02138951117471795,2,isotropic_constructed_macro_nats_full_precision_v3,0552c7f4701ada91e31e916f992171b9418cb47d283a56e61f311581d66266cb
2018-03-06,0.020162813840072742,2,isotropic_constructed_macro_nats_full_precision_v3,0552c7f4701ada91e31e916f992171b9418cb47d283a56e61f311581d66266cb
2018-03-08,0.02114877216079461,2,isotropic_constructed_macro_nats_full_precision_v3,0552c7f4701ada91e31e916f992171b9418cb47d283a56e61f311581d66266cb
2018-03-12,0.01615720526079733,2,isotropic_constructed_macro_nats_full_precision_v3,0552c7f4701ada91e31e916f992171b9418cb47d283a56e61f311581d66266cb
2018-03-14,0.016151480188393443,2,isotropic_constructed_macro_nats_full_precision_v3,0552c7f4701ada91e31e916f992171b9418cb47d283a56e61f311581d66266cb
2018-03-16,0.01788835401763033,2,isotropic_constructed_macro_nats_full_precision_v3,0552c7f4701ada91e31e916f992171b9418cb47d283a56e61f311581d66266cb
2018-03-20,0.01659914521278575,2,isotropic_constructed_macro_nats_full_precision_v3,0552c7f4701ada91e31e916f992171b9418cb47d283a56e61f311581d66266cb
2018-03-22,0.016759865946097408,2,isotropic_constructed_macro_nats_full_precision_v3,0552c7f4701ada91e31e916f992171b9418cb47d283a56e61f311581d66266cb
2018-03-26,0.014413858762564166,2,isotropic_constructed_macro_nats_full_precision_v3,0552c7f4701ada91e31e916f992171b9418cb47d283a56e61f311581d66266cb
2018-03-28,0.013135396122088257,2,isotropic_constructed_macro_nats_full_precision_v3,0552c7f4701ada91e31e916f992171b9418cb47d283a56e61f311581d66266cb
2018-04-02,0.013525637738173182,2,isotropic_constructed_macro_nats_full_precision_v3,0552c7f4701ada91e31e916f992171b9418cb47d283a56e61f311581d66266cb
2018-04-04,0.011760514363899868,2,isotropic_constructed_macro_nats_full_precision_v3,0552c7f4701ada91e31e916f992171b9418cb47d283a56e61f311581d66266cb
2018-04-06,0.014220233443307369,2,isotropic_constructed_macro_nats_full_precision_v3,0552c7f4701ada91e31e916f992171b9418cb47d283a56e61f311581d66266cb
2018-04-10,0.012075369834727984,2,isotropic_constructed_macro_nats_full_precision_v3,0552c7f4701ada91e31e916f992171b9418cb47d283a56e61f311581d66266cb
2018-04-12,0.012021110472770269,2,isotropic_constructed_macro_nats_full_precision_v3,0552c7f4701ada91e31e916f992171b9418cb47d283a56e61f311581d66266cb
2018-04-16,0.013594162577591953,2,isotropic_constructed_macro_nats_full_precision_v3,0552c7f4701ada91e31e916f992171b9418cb47d283a56e61f311581d66266cb
2018-04-18,0.014093724521836631,2,isotropic_constructed_macro_nats_full_precision_v3,0552c7f4701ada91e31e916f992171b9418cb47d283a56e61f311581d66266cb
2018-04-20,0.013831010589585566,2,isotropic_constructed_macro_nats_full_precision_v3,0552c7f4701ada91e31e916f992171b9418cb47d283a56e61f311581d66266cb
2018-04-24,0.01717424387559152,2,isotropic_constructed_macro_nats_full_precision_v3,0552c7f4701ada91e31e916f992171b9418cb47d283a56e61f311581d66266cb
2018-04-26,0.016574264329582,2,isotropic_constructed_macro_nats_full_precision_v3,0552c7f4701ada91e31e916f992171b9418cb47d283a56e61f311581d66266cb
2018-04-30,0.015876571911715827,2,isotropic_constructed_macro_nats_full_precision_v3,0552c7f4701ada91e31e916f992171b9418cb47d283a56e61f311581d66266cb
2018-05-02,0.013762268171663192,2,isotropic_constructed_macro_nats_full_precision_v3,0552c7f4701ada91e31e916f992171b9418cb47d283a56e61f311581d66266cb
2018-05-04,0.014399514299334608,2,isotropic_constructed_macro_nats_full_precision_v3,0552c7f4701ada91e31e916f992171b9418cb47d283a56e61f311581d66266cb
2018-05-08,0.016025667205490222,2,isotropic_constructed_macro_nats_full_precision_v3,0552c7f4701ada91e31e916f992171b9418cb47d283a56e61f311581d66266cb
2018-05-10,0.015397083451980723,2,isotropic_constructed_macro_nats_full_precision_v3,0552c7f4701ada91e31e916f992171b9418cb47d283a56e61f311581d66266cb
2018-05-14,0.0170716571514476,2,isotropic_constructed_macro_nats_full_precision_v3,0552c7f4701ada91e31e916f992171b9418cb47d283a56e61f311581d66266cb
2018-05-16,0.018354491341526703,2,isotropic_constructed_macro_nats_full_precision_v3,0552c7f4701ada91e31e916f992171b9418cb47d283a56e61f311581d66266cb
2018-05-18,0.019071875789661102,2,isotropic_constructed_macro_nats_full_precision_v3,0552c7f4701ada91e31e916f992171b9418cb47d283a56e61f311581d66266cb
2018-05-22,0.018069180557493188,2,isotropic_constructed_macro_nats_full_precision_v3,0552c7f4701ada91e31e916f992171b9418cb47d283a56e61f311581d66266cb
2018-05-24,0.018918733886505973,2,isotropic_constructed_macro_nats_full_precision_v3,0552c7f4701ada91e31e916f992171b9418cb47d283a56e61f311581d66266cb
2018-05-29,0.01954149327967579,2,isotropic_constructed_macro_nats_full_precision_v3,0552c7f4701ada91e31e916f992171b9418cb47d283a56e61f311581d66266cb
2018-05-31,0.01884319779260532,2,isotropic_constructed_macro_nats_full_precision_v3,0552c7f4701ada91e31e916f992171b9418cb47d283a56e61f311581d66266cb
2018-06-04,0.017504127590697693,2,isotropic_constructed_macro_nats_full_precision_v3,0552c7f4701ada91e31e916f992171b9418cb47d283a56e61f311581d66266cb
2018-06-06,0.01968561023281102,2,isotropic_constructed_macro_nats_full_precision_v3,0552c7f4701ada91e31e916f992171b9418cb47d283a56e61f311581d66266cb
2018-06-08,0.01595146756690357,2,isotropic_constructed_macro_nats_full_precision_v3,0552c7f4701ada91e31e916f992171b9418cb47d283a56e61f311581d66266cb
2018-06-12,0.01714174646260099,2,isotropic_constructed_macro_nats_full_precision_v3,0552c7f4701ada91e31e916f992171b9418cb47d283a56e61f311581d66266cb
2018-06-14,0.014983220098436396,2,isotropic_constructed_macro_nats_full_precision_v3,0552c7f4701ada91e31e916f992171b9418cb47d283a56e61f311581d66266cb
2018-06-18,0.016921651098306907,2,isotropic_constructed_macro_nats_full_precision_v3,0552c7f4701ada91e31e916f992171b9418cb47d283a56e61f311581d66266cb
2018-06-20,0.015410286147397895,2,isotropic_constructed_macro_nats_full_precision_v3,0552c7f4701ada91e31e916f992171b9418cb47d283a56e61f311581d66266cb
2018-06-22,0.014037933169182358,2,isotropic_constructed_macro_nats_full_precision_v3,0552c7f4701ada91e31e916f992171b9418cb47d283a56e61f311581d66266cb
2018-06-26,0.012932570789939687,2,isotropic_constructed_macro_nats_full_precision_v3,0552c7f4701ada91e31e916f992171b9418cb47d283a56e61f311581d66266cb
2018-06-28,0.01276359491100016,2,isotropic_constructed_macro_nats_full_precision_v3,0552c7f4701ada91e31e916f992171b9418cb47d283a56e61f311581d66266cb
2018-07-02,0.012877831410194197,2,isotropic_constructed_macro_nats_full_precision_v3,0552c7f4701ada91e31e916f992171b9418cb47d283a56e61f311581d66266cb
2018-07-05,0.008999364073144694,2,isotropic_constructed_macro_nats_full_precision_v3,0552c7f4701ada91e31e916f992171b9418cb47d283a56e61f311581d66266cb
2018-07-09,0.0077743513659589425,2,isotropic_constructed_macro_nats_full_precision_v3,0552c7f4701ada91e31e916f992171b9418cb47d283a56e61f311581d66266cb
2018-07-11,0.008330390779520157,2,isotropic_constructed_macro_nats_full_precision_v3,0552c7f4701ada91e31e916f992171b9418cb47d283a56e61f311581d66266cb
2018-07-13,0.008862023079814325,2,isotropic_constructed_macro_nats_full_precision_v3,0552c7f4701ada91e31e916f992171b9418cb47d283a56e61f311581d66266cb
2018-07-17,0.006393027295635768,2,isotropic_constructed_macro_nats_full_precision_v3,0552c7f4701ada91e31e916f992171b9418cb47d283a56e61f311581d66266cb
2018-07-19,0.004166602630824856,2,isotropic_constructed_macro_nats_full_precision_v3,0552c7f4701ada91e31e916f992171b9418cb47d283a56e61f311581d66266cb
2018-07-23,0.005867045731399047,2,isotropic_constructed_macro_nats_full_precision_v3,0552c7f4701ada91e31e916f992171b9418cb47d283a56e61f311581d66266cb
2018-07-25,0.006039848843926637,2,isotropic_constructed_macro_nats_full_precision_v3,0552c7f4701ada91e31e916f992171b9418cb47d283a56e61f311581d66266cb
2018-07-27,0.003527977081080283,2,isotropic_constructed_macro_nats_full_precision_v3,0552c7f4701ada91e31e916f992171b9418cb47d283a56e61f311581d66266cb
2018-07-31,0.0019624418141294953,2,isotropic_constructed_macro_nats_full_precision_v3,0552c7f4701ada91e31e916f992171b9418cb47d283a56e61f311581d66266cb
2018-08-02,0.002712871794280737,2,isotropic_constructed_macro_nats_full_precision_v3,0552c7f4701ada91e31e916f992171b9418cb47d283a56e61f311581d66266cb
2018-08-06,0.0025559612087645775,2,isotropic_constructed_macro_nats_full_precision_v3,0552c7f4701ada91e31e916f992171b9418cb47d283a56e61f311581d66266cb
2018-08-08,0.0026901919296896323,2,isotropic_constructed_macro_nats_full_precision_v3,0552c7f4701ada91e31e916f992171b9418cb47d283a56e61f311581d66266cb
2018-08-10,0.0032693197192706705,2,isotropic_constructed_macro_nats_full_precision_v3,0552c7f4701ada91e31e916f992171b9418cb47d283a56e61f311581d66266cb
2018-08-14,0.002155469144736341,15,isotropic_constructed_macro_nats_full_precision_v3,0552c7f4701ada91e31e916f992171b9418cb47d283a56e61f311581d66266cb
2018-08-16,0.002243224425176514,15,isotropic_constructed_macro_nats_full_precision_v3,0552c7f4701ada91e31e916f992171b9418cb47d283a56e61f311581d66266cb
2018-08-20,0.0018110720677494072,23,isotropic_constructed_macro_nats_full_precision_v3,0552c7f4701ada91e31e916f992171b9418cb47d283a56e61f311581d66266cb
2018-08-22,0.00223557020838297,2,isotropic_constructed_macro_nats_full_precision_v3,0552c7f4701ada91e31e916f992171b9418cb47d283a56e61f311581d66266cb
2018-08-24,0.0021296700883520203,15,isotropic_constructed_macro_nats_full_precision_v3,0552c7f4701ada91e31e916f992171b9418cb47d283a56e61f311581d66266cb
2018-08-28,0.004362911724516513,2,isotropic_constructed_macro_nats_full_precision_v3,0552c7f4701ada91e31e916f992171b9418cb47d283a56e61f311581d66266cb
2018-08-30,0.0030080503799505137,2,isotropic_constructed_macro_nats_full_precision_v3,0552c7f4701ada91e31e916f992171b9418cb47d283a56e61f311581d66266cb
2018-09-04,0.003392067441078929,15,isotropic_constructed_macro_nats_full_precision_v3,0552c7f4701ada91e31e916f992171b9418cb47d283a56e61f311581d66266cb
2018-09-06,0.003087636326506528,15,isotropic_constructed_macro_nats_full_precision_v3,0552c7f4701ada91e31e916f992171b9418cb47d283a56e61f311581d66266cb
2018-09-10,0.003021183960822786,15,isotropic_constructed_macro_nats_full_precision_v3,0552c7f4701ada91e31e916f992171b9418cb47d283a56e61f311581d66266cb
2018-09-12,0.0030921857289011243,15,isotropic_constructed_macro_nats_full_precision_v3,0552c7f4701ada91e31e916f992171b9418cb47d283a56e61f311581d66266cb
2018-09-14,0.0026786057368345453,15,isotropic_constructed_macro_nats_full_precision_v3,0552c7f4701ada91e31e916f992171b9418cb47d283a56e61f311581d66266cb
2018-09-18,0.002453659187522328,15,isotropic_constructed_macro_nats_full_precision_v3,0552c7f4701ada91e31e916f992171b9418cb47d283a56e61f311581d66266cb
2018-09-20,0.002528486452614706,15,isotropic_constructed_macro_nats_full_precision_v3,0552c7f4701ada91e31e916f992171b9418cb47d283a56e61f311581d66266cb
2018-09-24,0.002460142633632735,15,isotropic_constructed_macro_nats_full_precision_v3,0552c7f4701ada91e31e916f992171b9418cb47d283a56e61f311581d66266cb
2018-09-26,0.00237013046198626,15,isotropic_constructed_macro_nats_full_precision_v3,0552c7f4701ada91e31e916f992171b9418cb47d283a56e61f311581d66266cb
2018-09-28,0.002818347845025458,15,isotropic_constructed_macro_nats_full_precision_v3,0552c7f4701ada91e31e916f992171b9418cb47d283a56e61f311581d66266cb
2018-10-02,0.0026184833033823934,15,isotropic_constructed_macro_nats_full_precision_v3,0552c7f4701ada91e31e916f992171b9418cb47d283a56e61f311581d66266cb
2018-10-04,0.0029104595103139758,15,isotropic_constructed_macro_nats_full_precision_v3,0552c7f4701ada91e31e916f992171b9418cb47d283a56e61f311581d66266cb
2018-10-08,0.00232080572452939,15,isotropic_constructed_macro_nats_full_precision_v3,0552c7f4701ada91e31e916f992171b9418cb47d283a56e61f311581d66266cb
2018-10-10,0.003291403871833014,7,isotropic_constructed_macro_nats_full_precision_v3,0552c7f4701ada91e31e916f992171b9418cb47d283a56e61f311581d66266cb
2018-10-12,0.003300392748945752,7,isotropic_constructed_macro_nats_full_precision_v3,0552c7f4701ada91e31e916f992171b9418cb47d283a56e61f311581d66266cb
2018-10-16,0.003354643832057691,2,isotropic_constructed_macro_nats_full_precision_v3,0552c7f4701ada91e31e916f992171b9418cb47d283a56e61f311581d66266cb
2018-10-18,0.0032722707469133652,15,isotropic_constructed_macro_nats_full_precision_v3,0552c7f4701ada91e31e916f992171b9418cb47d283a56e61f311581d66266cb
2018-10-22,0.003290079442643902,15,isotropic_constructed_macro_nats_full_precision_v3,0552c7f4701ada91e31e916f992171b9418cb47d283a56e61f311581d66266cb
2018-10-24,0.0039301572308939325,7,isotropic_constructed_macro_nats_full_precision_v3,0552c7f4701ada91e31e916f992171b9418cb47d283a56e61f311581d66266cb
2018-10-26,0.005927307302245374,7,isotropic_constructed_macro_nats_full_precision_v3,0552c7f4701ada91e31e916f992171b9418cb47d283a56e61f311581d66266cb
2018-10-30,0.0057061050509110145,7,isotropic_constructed_macro_nats_full_precision_v3,0552c7f4701ada91e31e916f992171b9418cb47d283a56e61f311581d66266cb
2018-11-01,0.00674328536922747,7,isotropic_constructed_macro_nats_full_precision_v3,0552c7f4701ada91e31e916f992171b9418cb47d283a56e61f311581d66266cb
2018-11-05,0.005190464634634871,10,isotropic_constructed_macro_nats_full_precision_v3,0552c7f4701ada91e31e916f992171b9418cb47d283a56e61f311581d66266cb
2018-11-07,0.00480962468601831,10,isotropic_constructed_macro_nats_full_precision_v3,0552c7f4701ada91e31e916f992171b9418cb47d283a56e61f311581d66266cb
2018-11-09,0.004856591720955511,16,isotropic_constructed_macro_nats_full_precision_v3,0552c7f4701ada91e31e916f992171b9418cb47d283a56e61f311581d66266cb
2018-11-13,0.004345833983970232,15,isotropic_constructed_macro_nats_full_precision_v3,0552c7f4701ada91e31e916f992171b9418cb47d283a56e61f311581d66266cb
2018-11-15,0.004301325022000431,15,isotropic_constructed_macro_nats_full_precision_v3,0552c7f4701ada91e31e916f992171b9418cb47d283a56e61f311581d66266cb
2018-11-19,0.004317754821518825,15,isotropic_constructed_macro_nats_full_precision_v3,0552c7f4701ada91e31e916f992171b9418cb47d283a56e61f311581d66266cb
2018-11-21,0.0047064316494786,16,isotropic_constructed_macro_nats_full_precision_v3,0552c7f4701ada91e31e916f992171b9418cb47d283a56e61f311581d66266cb
2018-11-26,0.005319568291335487,15,isotropic_constructed_macro_nats_full_precision_v3,0552c7f4701ada91e31e916f992171b9418cb47d283a56e61f311581d66266cb
2018-11-28,0.005735612137786637,16,isotropic_constructed_macro_nats_full_precision_v3,0552c7f4701ada91e31e916f992171b9418cb47d283a56e61f311581d66266cb
2018-11-30,0.005930518201915841,16,isotropic_constructed_macro_nats_full_precision_v3,0552c7f4701ada91e31e916f992171b9418cb47d283a56e61f311581d66266cb
2018-12-04,0.007062445764732465,7,isotropic_constructed_macro_nats_full_precision_v3,0552c7f4701ada91e31e916f992171b9418cb47d283a56e61f311581d66266cb
2018-12-07,0.007048649463528241,7,isotropic_constructed_macro_nats_full_precision_v3,0552c7f4701ada91e31e916f992171b9418cb47d283a56e61f311581d66266cb
2018-12-11,0.00659973852653882,16,isotropic_constructed_macro_nats_full_precision_v3,0552c7f4701ada91e31e916f992171b9418cb47d283a56e61f311581d66266cb
2018-12-13,0.007084479702461975,16,isotropic_constructed_macro_nats_full_precision_v3,0552c7f4701ada91e31e916f992171b9418cb47d283a56e61f311581d66266cb
2018-12-17,0.006687173017176237,7,isotropic_constructed_macro_nats_full_precision_v3,0552c7f4701ada91e31e916f992171b9418cb47d283a56e61f311581d66266cb
2018-12-19,0.007921469673527033,7,isotropic_constructed_macro_nats_full_precision_v3,0552c7f4701ada91e31e916f992171b9418cb47d283a56e61f311581d66266cb
2018-12-21,0.007442619063663648,7,isotropic_constructed_macro_nats_full_precision_v3,0552c7f4701ada91e31e916f992171b9418cb47d283a56e61f311581d66266cb
2018-12-26,0.008332650298050512,7,isotropic_constructed_macro_nats_full_precision_v3,0552c7f4701ada91e31e916f992171b9418cb47d283a56e61f311581d66266cb
2018-12-28,0.008850952908292353,7,isotropic_constructed_macro_nats_full_precision_v3,0552c7f4701ada91e31e916f992171b9418cb47d283a56e61f311581d66266cb
2019-01-02,0.007756235811567085,10,isotropic_constructed_macro_nats_full_precision_v3,0552c7f4701ada91e31e916f992171b9418cb47d283a56e61f311581d66266cb
2019-01-04,0.008200218934218385,10,isotropic_constructed_macro_nats_full_precision_v3,0552c7f4701ada91e31e916f992171b9418cb47d283a56e61f311581d66266cb
2019-01-08,0.008026841951591264,10,isotropic_constructed_macro_nats_full_precision_v3,0552c7f4701ada91e31e916f992171b9418cb47d283a56e61f311581d66266cb
2019-01-10,0.007696008103981453,10,isotropic_constructed_macro_nats_full_precision_v3,0552c7f4701ada91e31e916f992171b9418cb47d283a56e61f311581d66266cb
2019-01-14,0.0074870143687671,15,isotropic_constructed_macro_nats_full_precision_v3,0552c7f4701ada91e31e916f992171b9418cb47d283a56e61f311581d66266cb
2019-01-16,0.008049308051731673,10,isotropic_constructed_macro_nats_full_precision_v3,0552c7f4701ada91e31e916f992171b9418cb47d283a56e61f311581d66266cb
2019-01-18,0.007342260209724338,15,isotropic_constructed_macro_nats_full_precision_v3,0552c7f4701ada91e31e916f992171b9418cb47d283a56e61f311581d66266cb
2019-01-23,0.008068249820621529,15,isotropic_constructed_macro_nats_full_precision_v3,0552c7f4701ada91e31e916f992171b9418cb47d283a56e61f311581d66266cb
2019-01-25,0.008059982774905917,15,isotropic_constructed_macro_nats_full_precision_v3,0552c7f4701ada91e31e916f992171b9418cb47d283a56e61f311581d66266cb
2019-01-29,0.00808132087108409,15,isotropic_constructed_macro_nats_full_precision_v3,0552c7f4701ada91e31e916f992171b9418cb47d283a56e61f311581d66266cb
2019-01-31,0.008343597229749845,15,isotropic_constructed_macro_nats_full_precision_v3,0552c7f4701ada91e31e916f992171b9418cb47d283a56e61f311581d66266cb
2019-02-04,0.00883211668564362,15,isotropic_constructed_macro_nats_full_precision_v3,0552c7f4701ada91e31e916f992171b9418cb47d283a56e61f311581d66266cb
2019-02-06,0.008706524362378329,15,isotropic_constructed_macro_nats_full_precision_v3,0552c7f4701ada91e31e916f992171b9418cb47d283a56e61f311581d66266cb
2019-02-08,0.008297573488076186,15,isotropic_constructed_macro_nats_full_precision_v3,0552c7f4701ada91e31e916f992171b9418cb47d283a56e61f311581d66266cb
2019-02-12,0.008294338336936373,15,isotropic_constructed_macro_nats_full_precision_v3,0552c7f4701ada91e31e916f992171b9418cb47d283a56e61f311581d66266cb
2019-02-14,0.007979694918860025,15,isotropic_constructed_macro_nats_full_precision_v3,0552c7f4701ada91e31e916f992171b9418cb47d283a56e61f311581d66266cb
2019-02-19,0.008104785657692064,15,isotropic_constructed_macro_nats_full_precision_v3,0552c7f4701ada91e31e916f992171b9418cb47d283a56e61f311581d66266cb
2019-02-21,0.007523906768964632,15,isotropic_constructed_macro_nats_full_precision_v3,0552c7f4701ada91e31e916f992171b9418cb47d283a56e61f311581d66266cb
2019-02-25,0.006724105876679688,15,isotropic_constructed_macro_nats_full_precision_v3,0552c7f4701ada91e31e916f992171b9418cb47d283a56e61f311581d66266cb
2019-02-27,0.0065128113972576784,15,isotropic_constructed_macro_nats_full_precision_v3,0552c7f4701ada91e31e916f992171b9418cb47d283a56e61f311581d66266cb
2019-03-01,0.006529039488427202,15,isotropic_constructed_macro_nats_full_precision_v3,0552c7f4701ada91e31e916f992171b9418cb47d283a56e61f311581d66266cb
2019-03-05,0.006272150181815539,15,isotropic_constructed_macro_nats_full_precision_v3,0552c7f4701ada91e31e916f992171b9418cb47d283a56e61f311581d66266cb
2019-03-07,0.006453009997379883,15,isotropic_constructed_macro_nats_full_precision_v3,0552c7f4701ada91e31e916f992171b9418cb47d283a56e61f311581d66266cb
2019-03-11,0.006727356603111426,15,isotropic_constructed_macro_nats_full_precision_v3,0552c7f4701ada91e31e916f992171b9418cb47d283a56e61f311581d66266cb
2019-03-13,0.007062497036727677,15,isotropic_constructed_macro_nats_full_precision_v3,0552c7f4701ada91e31e916f992171b9418cb47d283a56e61f311581d66266cb
2019-03-15,0.0073356864944524175,15,isotropic_constructed_macro_nats_full_precision_v3,0552c7f4701ada91e31e916f992171b9418cb47d283a56e61f311581d66266cb
2019-03-19,0.007746409596441593,15,isotropic_constructed_macro_nats_full_precision_v3,0552c7f4701ada91e31e916f992171b9418cb47d283a56e61f311581d66266cb
2019-03-21,0.007869951399552141,15,isotropic_constructed_macro_nats_full_precision_v3,0552c7f4701ada91e31e916f992171b9418cb47d283a56e61f311581d66266cb
2019-03-25,0.008200114628731589,15,isotropic_constructed_macro_nats_full_precision_v3,0552c7f4701ada91e31e916f992171b9418cb47d283a56e61f311581d66266cb
2019-03-27,0.007427340143975884,15,isotropic_constructed_macro_nats_full_precision_v3,0552c7f4701ada91e31e916f992171b9418cb47d283a56e61f311581d66266cb
2019-03-29,0.007548488478822911,15,isotropic_constructed_macro_nats_full_precision_v3,0552c7f4701ada91e31e916f992171b9418cb47d283a56e61f311581d66266cb
2019-04-02,0.007874475156495461,15,isotropic_constructed_macro_nats_full_precision_v3,0552c7f4701ada91e31e916f992171b9418cb47d283a56e61f311581d66266cb
2019-04-04,0.008101648393046432,15,isotropic_constructed_macro_nats_full_precision_v3,0552c7f4701ada91e31e916f992171b9418cb47d283a56e61f311581d66266cb
2019-04-08,0.007633734272959221,15,isotropic_constructed_macro_nats_full_precision_v3,0552c7f4701ada91e31e916f992171b9418cb47d283a56e61f311581d66266cb
2019-04-10,0.0068190244366358385,15,isotropic_constructed_macro_nats_full_precision_v3,0552c7f4701ada91e31e916f992171b9418cb47d283a56e61f311581d66266cb
2019-04-12,0.006947936326935175,15,isotropic_constructed_macro_nats_full_precision_v3,0552c7f4701ada91e31e916f992171b9418cb47d283a56e61f311581d66266cb
2019-04-16,0.0071539598753361175,15,isotropic_constructed_macro_nats_full_precision_v3,0552c7f4701ada91e31e916f992171b9418cb47d283a56e61f311581d66266cb
2019-04-18,0.006806818866494757,15,isotropic_constructed_macro_nats_full_precision_v3,0552c7f4701ada91e31e916f992171b9418cb47d283a56e61f311581d66266cb
2019-04-23,0.00683929820219191,15,isotropic_constructed_macro_nats_full_precision_v3,0552c7f4701ada91e31e916f992171b9418cb47d283a56e61f311581d66266cb
2019-04-25,0.006560538228308127,15,isotropic_constructed_macro_nats_full_precision_v3,0552c7f4701ada91e31e916f992171b9418cb47d283a56e61f311581d66266cb
2019-04-29,0.00644961924553987,15,isotropic_constructed_macro_nats_full_precision_v3,0552c7f4701ada91e31e916f992171b9418cb47d283a56e61f311581d66266cb
2019-05-01,0.006820279661203209,15,isotropic_constructed_macro_nats_full_precision_v3,0552c7f4701ada91e31e916f992171b9418cb47d283a56e61f311581d66266cb
2019-05-03,0.006905517845513978,15,isotropic_constructed_macro_nats_full_precision_v3,0552c7f4701ada91e31e916f992171b9418cb47d283a56e61f311581d66266cb
2019-05-07,0.006662880978470301,15,isotropic_constructed_macro_nats_full_precision_v3,0552c7f4701ada91e31e916f992171b9418cb47d283a56e61f311581d66266cb
2019-05-09,0.007127535901959921,15,isotropic_constructed_macro_nats_full_precision_v3,0552c7f4701ada91e31e916f992171b9418cb47d283a56e61f311581d66266cb
2019-05-13,0.007877137158460334,15,isotropic_constructed_macro_nats_full_precision_v3,0552c7f4701ada91e31e916f992171b9418cb47d283a56e61f311581d66266cb
2019-05-15,0.007937817187220725,15,isotropic_constructed_macro_nats_full_precision_v3,0552c7f4701ada91e31e916f992171b9418cb47d283a56e61f311581d66266cb
2019-05-17,0.008025272971870355,15,isotropic_constructed_macro_nats_full_precision_v3,0552c7f4701ada91e31e916f992171b9418cb47d283a56e61f311581d66266cb
2019-05-21,0.00785140407732949,15,isotropic_constructed_macro_nats_full_precision_v3,0552c7f4701ada91e31e916f992171b9418cb47d283a56e61f311581d66266cb
2019-05-23,0.007488957385766069,15,isotropic_constructed_macro_nats_full_precision_v3,0552c7f4701ada91e31e916f992171b9418cb47d283a56e61f311581d66266cb
2019-05-28,0.008006329490847487,15,isotropic_constructed_macro_nats_full_precision_v3,0552c7f4701ada91e31e916f992171b9418cb47d283a56e61f311581d66266cb
2019-05-30,0.0074013010325605436,15,isotropic_constructed_macro_nats_full_precision_v3,0552c7f4701ada91e31e916f992171b9418cb47d283a56e61f311581d66266cb
2019-06-03,0.00635945844521283,15,isotropic_constructed_macro_nats_full_precision_v3,0552c7f4701ada91e31e916f992171b9418cb47d283a56e61f311581d66266cb
2019-06-05,0.005110853609639317,18,isotropic_constructed_macro_nats_full_precision_v3,0552c7f4701ada91e31e916f992171b9418cb47d283a56e61f311581d66266cb
2019-06-07,0.005149541930717143,18,isotropic_constructed_macro_nats_full_precision_v3,0552c7f4701ada91e31e916f992171b9418cb47d283a56e61f311581d66266cb
2019-06-11,0.005343090126329102,18,isotropic_constructed_macro_nats_full_precision_v3,0552c7f4701ada91e31e916f992171b9418cb47d283a56e61f311581d66266cb
2019-06-13,0.005687277068479719,18,isotropic_constructed_macro_nats_full_precision_v3,0552c7f4701ada91e31e916f992171b9418cb47d283a56e61f311581d66266cb
2019-06-17,0.005755576540911675,18,isotropic_constructed_macro_nats_full_precision_v3,0552c7f4701ada91e31e916f992171b9418cb47d283a56e61f311581d66266cb
2019-06-19,0.005186773320910568,18,isotropic_constructed_macro_nats_full_precision_v3,0552c7f4701ada91e31e916f992171b9418cb47d283a56e61f311581d66266cb
2019-06-21,0.005320349452469647,18,isotropic_constructed_macro_nats_full_precision_v3,0552c7f4701ada91e31e916f992171b9418cb47d283a56e61f311581d66266cb
2019-06-25,0.004967727400616205,15,isotropic_constructed_macro_nats_full_precision_v3,0552c7f4701ada91e31e916f992171b9418cb47d283a56e61f311581d66266cb
2019-06-27,0.0047527053578174105,15,isotropic_constructed_macro_nats_full_precision_v3,0552c7f4701ada91e31e916f992171b9418cb47d283a56e61f311581d66266cb
2019-07-01,0.005201341979309854,15,isotropic_constructed_macro_nats_full_precision_v3,0552c7f4701ada91e31e916f992171b9418cb47d283a56e61f311581d66266cb
2019-07-03,0.005862298969455539,15,isotropic_constructed_macro_nats_full_precision_v3,0552c7f4701ada91e31e916f992171b9418cb47d283a56e61f311581d66266cb
2019-07-08,0.005712640004120813,15,isotropic_constructed_macro_nats_full_precision_v3,0552c7f4701ada91e31e916f992171b9418cb47d283a56e61f311581d66266cb
2019-07-10,0.005814202048304649,15,isotropic_constructed_macro_nats_full_precision_v3,0552c7f4701ada91e31e916f992171b9418cb47d283a56e61f311581d66266cb
2019-07-12,0.006138583665334825,15,isotropic_constructed_macro_nats_full_precision_v3,0552c7f4701ada91e31e916f992171b9418cb47d283a56e61f311581d66266cb
2019-07-16,0.005853311560044483,15,isotropic_constructed_macro_nats_full_precision_v3,0552c7f4701ada91e31e916f992171b9418cb47d283a56e61f311581d66266cb
2019-07-18,0.0056753986130956904,15,isotropic_constructed_macro_nats_full_precision_v3,0552c7f4701ada91e31e916f992171b9418cb47d283a56e61f311581d66266cb
2019-07-22,0.005339586428596971,15,isotropic_constructed_macro_nats_full_precision_v3,0552c7f4701ada91e31e916f992171b9418cb47d283a56e61f311581d66266cb
2019-07-24,0.004911337161755111,15,isotropic_constructed_macro_nats_full_precision_v3,0552c7f4701ada91e31e916f992171b9418cb47d283a56e61f311581d66266cb
2019-07-26,0.0044184752387678855,15,isotropic_constructed_macro_nats_full_precision_v3,0552c7f4701ada91e31e916f992171b9418cb47d283a56e61f311581d66266cb
2019-07-30,0.004838130000514217,15,isotropic_constructed_macro_nats_full_precision_v3,0552c7f4701ada91e31e916f992171b9418cb47d283a56e61f311581d66266cb
2019-08-01,0.004644749864880816,16,isotropic_constructed_macro_nats_full_precision_v3,0552c7f4701ada91e31e916f992171b9418cb47d283a56e61f311581d66266cb
2019-08-05,0.005111470205844987,11,isotropic_constructed_macro_nats_full_precision_v3,0552c7f4701ada91e31e916f992171b9418cb47d283a56e61f311581d66266cb
2019-08-07,0.005621039052553213,11,isotropic_constructed_macro_nats_full_precision_v3,0552c7f4701ada91e31e916f992171b9418cb47d283a56e61f311581d66266cb
2019-08-09,0.005243635903657534,11,isotropic_constructed_macro_nats_full_precision_v3,0552c7f4701ada91e31e916f992171b9418cb47d283a56e61f311581d66266cb
2019-08-13,0.004790049762251294,16,isotropic_constructed_macro_nats_full_precision_v3,0552c7f4701ada91e31e916f992171b9418cb47d283a56e61f311581d66266cb
2019-08-15,0.004885504949466463,16,isotropic_constructed_macro_nats_full_precision_v3,0552c7f4701ada91e31e916f992171b9418cb47d283a56e61f311581d66266cb
2019-08-19,0.004810278465663134,16,isotropic_constructed_macro_nats_full_precision_v3,0552c7f4701ada91e31e916f992171b9418cb47d283a56e61f311581d66266cb
2019-08-21,0.004822479366027227,16,isotropic_constructed_macro_nats_full_precision_v3,0552c7f4701ada91e31e916f992171b9418cb47d283a56e61f311581d66266cb
2019-08-23,0.004931792708039853,16,isotropic_constructed_macro_nats_full_precision_v3,0552c7f4701ada91e31e916f992171b9418cb47d283a56e61f311581d66266cb
2019-08-27,0.004870822480922084,16,isotropic_constructed_macro_nats_full_precision_v3,0552c7f4701ada91e31e916f992171b9418cb47d283a56e61f311581d66266cb
2019-08-29,0.004998623126471223,16,isotropic_constructed_macro_nats_full_precision_v3,0552c7f4701ada91e31e916f992171b9418cb47d283a56e61f311581d66266cb
2019-09-03,0.005234832534683542,16,isotropic_constructed_macro_nats_full_precision_v3,0552c7f4701ada91e31e916f992171b9418cb47d283a56e61f311581d66266cb
2019-09-05,0.005859905835248785,18,isotropic_constructed_macro_nats_full_precision_v3,0552c7f4701ada91e31e916f992171b9418cb47d283a56e61f311581d66266cb
2019-09-09,0.005778811231568724,16,isotropic_constructed_macro_nats_full_precision_v3,0552c7f4701ada91e31e916f992171b9418cb47d283a56e61f311581d66266cb
2019-09-11,0.006332161457871521,16,isotropic_constructed_macro_nats_full_precision_v3,0552c7f4701ada91e31e916f992171b9418cb47d283a56e61f311581d66266cb
2019-09-13,0.006326440570445693,16,isotropic_constructed_macro_nats_full_precision_v3,0552c7f4701ada91e31e916f992171b9418cb47d283a56e61f311581d66266cb
2019-09-17,0.00612040380221348,16,isotropic_constructed_macro_nats_full_precision_v3,0552c7f4701ada91e31e916f992171b9418cb47d283a56e61f311581d66266cb
2019-09-19,0.006194268639744156,16,isotropic_constructed_macro_nats_full_precision_v3,0552c7f4701ada91e31e916f992171b9418cb47d283a56e61f311581d66266cb
2019-09-23,0.005989455604477931,16,isotropic_constructed_macro_nats_full_precision_v3,0552c7f4701ada91e31e916f992171b9418cb47d283a56e61f311581d66266cb
2019-09-25,0.006185860114655974,16,isotropic_constructed_macro_nats_full_precision_v3,0552c7f4701ada91e31e916f992171b9418cb47d283a56e61f311581d66266cb
2019-09-27,0.0060739482137729325,18,isotropic_constructed_macro_nats_full_precision_v3,0552c7f4701ada91e31e916f992171b9418cb47d283a56e61f311581d66266cb
2019-10-01,0.0061186971677257215,18,isotropic_constructed_macro_nats_full_precision_v3,0552c7f4701ada91e31e916f992171b9418cb47d283a56e61f311581d66266cb
2019-10-03,0.0062022690809322364,18,isotropic_constructed_macro_nats_full_precision_v3,0552c7f4701ada91e31e916f992171b9418cb47d283a56e61f311581d66266cb
2019-10-07,0.006322844588618967,18,isotropic_constructed_macro_nats_full_precision_v3,0552c7f4701ada91e31e916f992171b9418cb47d283a56e61f311581d66266cb
2019-10-09,0.006577352322230619,18,isotropic_constructed_macro_nats_full_precision_v3,0552c7f4701ada91e31e916f992171b9418cb47d283a56e61f311581d66266cb
2019-10-11,0.006659887779954084,11,isotropic_constructed_macro_nats_full_precision_v3,0552c7f4701ada91e31e916f992171b9418cb47d283a56e61f311581d66266cb
2019-10-15,0.006998457313492752,11,isotropic_constructed_macro_nats_full_precision_v3,0552c7f4701ada91e31e916f992171b9418cb47d283a56e61f311581d66266cb
2019-10-17,0.006555161660315251,18,isotropic_constructed_macro_nats_full_precision_v3,0552c7f4701ada91e31e916f992171b9418cb47d283a56e61f311581d66266cb
2019-10-21,0.006273692554796484,18,isotropic_constructed_macro_nats_full_precision_v3,0552c7f4701ada91e31e916f992171b9418cb47d283a56e61f311581d66266cb
2019-10-23,0.006060905959565037,18,isotropic_constructed_macro_nats_full_precision_v3,0552c7f4701ada91e31e916f992171b9418cb47d283a56e61f311581d66266cb
2019-10-25,0.0065039647377545876,18,isotropic_constructed_macro_nats_full_precision_v3,0552c7f4701ada91e31e916f992171b9418cb47d283a56e61f311581d66266cb
2019-10-29,0.006376691700863385,18,isotropic_constructed_macro_nats_full_precision_v3,0552c7f4701ada91e31e916f992171b9418cb47d283a56e61f311581d66266cb
2019-10-31,0.007128260189507074,5,isotropic_constructed_macro_nats_full_precision_v3,0552c7f4701ada91e31e916f992171b9418cb47d283a56e61f311581d66266cb
2019-11-04,0.00654960404716505,5,isotropic_constructed_macro_nats_full_precision_v3,0552c7f4701ada91e31e916f992171b9418cb47d283a56e61f311581d66266cb
2019-11-06,0.0067444171111911075,14,isotropic_constructed_macro_nats_full_precision_v3,0552c7f4701ada91e31e916f992171b9418cb47d283a56e61f311581d66266cb
2019-11-08,0.006962595987877351,14,isotropic_constructed_macro_nats_full_precision_v3,0552c7f4701ada91e31e916f992171b9418cb47d283a56e61f311581d66266cb
2019-11-12,0.007014114106788545,14,isotropic_constructed_macro_nats_full_precision_v3,0552c7f4701ada91e31e916f992171b9418cb47d283a56e61f311581d66266cb
2019-11-14,0.0065825732986534505,18,isotropic_constructed_macro_nats_full_precision_v3,0552c7f4701ada91e31e916f992171b9418cb47d283a56e61f311581d66266cb
2019-11-18,0.007013165001315734,18,isotropic_constructed_macro_nats_full_precision_v3,0552c7f4701ada91e31e916f992171b9418cb47d283a56e61f311581d66266cb
2019-11-20,0.006986822997335197,18,isotropic_constructed_macro_nats_full_precision_v3,0552c7f4701ada91e31e916f992171b9418cb47d283a56e61f311581d66266cb
2019-11-22,0.007426405102735123,15,isotropic_constructed_macro_nats_full_precision_v3,0552c7f4701ada91e31e916f992171b9418cb47d283a56e61f311581d66266cb
2019-11-26,0.006996279044273655,18,isotropic_constructed_macro_nats_full_precision_v3,0552c7f4701ada91e31e916f992171b9418cb47d283a56e61f311581d66266cb
2019-11-29,0.006612534619199549,15,isotropic_constructed_macro_nats_full_precision_v3,0552c7f4701ada91e31e916f992171b9418cb47d283a56e61f311581d66266cb
2019-12-03,0.006818503150688368,7,isotropic_constructed_macro_nats_full_precision_v3,0552c7f4701ada91e31e916f992171b9418cb47d283a56e61f311581d66266cb
2019-12-05,0.007050876741327747,15,isotropic_constructed_macro_nats_full_precision_v3,0552c7f4701ada91e31e916f992171b9418cb47d283a56e61f311581d66266cb
2019-12-09,0.007884106737943632,7,isotropic_constructed_macro_nats_full_precision_v3,0552c7f4701ada91e31e916f992171b9418cb47d283a56e61f311581d66266cb
2019-12-11,0.008006724258479876,7,isotropic_constructed_macro_nats_full_precision_v3,0552c7f4701ada91e31e916f992171b9418cb47d283a56e61f311581d66266cb
2019-12-13,0.0070257754194067296,7,isotropic_constructed_macro_nats_full_precision_v3,0552c7f4701ada91e31e916f992171b9418cb47d283a56e61f311581d66266cb
2019-12-17,0.006733194535935169,5,isotropic_constructed_macro_nats_full_precision_v3,0552c7f4701ada91e31e916f992171b9418cb47d283a56e61f311581d66266cb
2019-12-19,0.006475151459781767,18,isotropic_constructed_macro_nats_full_precision_v3,0552c7f4701ada91e31e916f992171b9418cb47d283a56e61f311581d66266cb
2019-12-23,0.006498387046172144,15,isotropic_constructed_macro_nats_full_precision_v3,0552c7f4701ada91e31e916f992171b9418cb47d283a56e61f311581d66266cb
2019-12-26,0.006679033495875807,15,isotropic_constructed_macro_nats_full_precision_v3,0552c7f4701ada91e31e916f992171b9418cb47d283a56e61f311581d66266cb
2019-12-30,0.007300261799141103,15,isotropic_constructed_macro_nats_full_precision_v3,0552c7f4701ada91e31e916f992171b9418cb47d283a56e61f311581d66266cb
2020-01-02,0.007139345438804408,15,isotropic_constructed_macro_nats_full_precision_v3,0552c7f4701ada91e31e916f992171b9418cb47d283a56e61f311581d66266cb
2020-01-06,0.007395677468950146,15,isotropic_constructed_macro_nats_full_precision_v3,0552c7f4701ada91e31e916f992171b9418cb47d283a56e61f311581d66266cb
2020-01-08,0.007758575728075812,15,isotropic_constructed_macro_nats_full_precision_v3,0552c7f4701ada91e31e916f992171b9418cb47d283a56e61f311581d66266cb
2020-01-10,0.007512707363874445,15,isotropic_constructed_macro_nats_full_precision_v3,0552c7f4701ada91e31e916f992171b9418cb47d283a56e61f311581d66266cb
2020-01-14,0.007187842029741397,15,isotropic_constructed_macro_nats_full_precision_v3,0552c7f4701ada91e31e916f992171b9418cb47d283a56e61f311581d66266cb
2020-01-16,0.00720734392330466,15,isotropic_constructed_macro_nats_full_precision_v3,0552c7f4701ada91e31e916f992171b9418cb47d283a56e61f311581d66266cb
2020-01-21,0.008776414878560485,15,isotropic_constructed_macro_nats_full_precision_v3,0552c7f4701ada91e31e916f992171b9418cb47d283a56e61f311581d66266cb
2020-01-23,0.008648577574086859,15,isotropic_constructed_macro_nats_full_precision_v3,0552c7f4701ada91e31e916f992171b9418cb47d283a56e61f311581d66266cb
2020-01-27,0.009018551681505942,15,isotropic_constructed_macro_nats_full_precision_v3,0552c7f4701ada91e31e916f992171b9418cb47d283a56e61f311581d66266cb
2020-01-29,0.008667507734264744,5,isotropic_constructed_macro_nats_full_precision_v3,0552c7f4701ada91e31e916f992171b9418cb47d283a56e61f311581d66266cb
2020-01-31,0.009919342510492708,9,isotropic_constructed_macro_nats_full_precision_v3,0552c7f4701ada91e31e916f992171b9418cb47d283a56e61f311581d66266cb
2020-02-04,0.011890065070507834,9,isotropic_constructed_macro_nats_full_precision_v3,0552c7f4701ada91e31e916f992171b9418cb47d283a56e61f311581d66266cb
2020-02-06,0.012996012678713795,9,isotropic_constructed_macro_nats_full_precision_v3,0552c7f4701ada91e31e916f992171b9418cb47d283a56e61f311581d66266cb
2020-02-10,0.013431073763135098,9,isotropic_constructed_macro_nats_full_precision_v3,0552c7f4701ada91e31e916f992171b9418cb47d283a56e61f311581d66266cb
2020-02-12,0.013877452645827439,9,isotropic_constructed_macro_nats_full_precision_v3,0552c7f4701ada91e31e916f992171b9418cb47d283a56e61f311581d66266cb
2020-02-14,0.012337597617689745,9,isotropic_constructed_macro_nats_full_precision_v3,0552c7f4701ada91e31e916f992171b9418cb47d283a56e61f311581d66266cb
2020-02-19,0.011526529083847,9,isotropic_constructed_macro_nats_full_precision_v3,0552c7f4701ada91e31e916f992171b9418cb47d283a56e61f311581d66266cb
2020-02-21,0.01038280093724779,9,isotropic_constructed_macro_nats_full_precision_v3,0552c7f4701ada91e31e916f992171b9418cb47d283a56e61f311581d66266cb
2020-02-25,0.009475241617964515,5,isotropic_constructed_macro_nats_full_precision_v3,0552c7f4701ada91e31e916f992171b9418cb47d283a56e61f311581d66266cb
2020-02-27,0.011342492709446601,5,isotropic_constructed_macro_nats_full_precision_v3,0552c7f4701ada91e31e916f992171b9418cb47d283a56e61f311581d66266cb
2020-03-02,0.016370379354070985,5,isotropic_constructed_macro_nats_full_precision_v3,0552c7f4701ada91e31e916f992171b9418cb47d283a56e61f311581d66266cb
2020-03-04,0.027593539052967964,1,isotropic_constructed_macro_nats_full_precision_v3,0552c7f4701ada91e31e916f992171b9418cb47d283a56e61f311581d66266cb
2020-03-06,0.029169044308809455,1,isotropic_constructed_macro_nats_full_precision_v3,0552c7f4701ada91e31e916f992171b9418cb47d283a56e61f311581d66266cb
2020-03-10,0.04143872232533165,1,isotropic_constructed_macro_nats_full_precision_v3,0552c7f4701ada91e31e916f992171b9418cb47d283a56e61f311581d66266cb
2020-03-12,0.029323842882960825,1,isotropic_constructed_macro_nats_full_precision_v3,0552c7f4701ada91e31e916f992171b9418cb47d283a56e61f311581d66266cb
2020-03-16,0.13386141471976618,1,isotropic_constructed_macro_nats_full_precision_v3,0552c7f4701ada91e31e916f992171b9418cb47d283a56e61f311581d66266cb
2020-03-18,0.1088368781107994,1,isotropic_constructed_macro_nats_full_precision_v3,0552c7f4701ada91e31e916f992171b9418cb47d283a56e61f311581d66266cb
2020-03-20,0.0948146552544826,1,isotropic_constructed_macro_nats_full_precision_v3,0552c7f4701ada91e31e916f992171b9418cb47d283a56e61f311581d66266cb
2020-03-24,0.07758303740442969,4,isotropic_constructed_macro_nats_full_precision_v3,0552c7f4701ada91e31e916f992171b9418cb47d283a56e61f311581d66266cb
2020-03-26,0.0809671189169215,3,isotropic_constructed_macro_nats_full_precision_v3,0552c7f4701ada91e31e916f992171b9418cb47d283a56e61f311581d66266cb
2020-03-30,0.06550835253767552,3,isotropic_constructed_macro_nats_full_precision_v3,0552c7f4701ada91e31e916f992171b9418cb47d283a56e61f311581d66266cb
2020-04-01,0.06663068259016308,3,isotropic_constructed_macro_nats_full_precision_v3,0552c7f4701ada91e31e916f992171b9418cb47d283a56e61f311581d66266cb
2020-04-03,0.06754205146771933,3,isotropic_constructed_macro_nats_full_precision_v3,0552c7f4701ada91e31e916f992171b9418cb47d283a56e61f311581d66266cb
2020-04-07,0.08561503475222049,3,isotropic_constructed_macro_nats_full_precision_v3,0552c7f4701ada91e31e916f992171b9418cb47d283a56e61f311581d66266cb
2020-04-09,0.08892672687307007,3,isotropic_constructed_macro_nats_full_precision_v3,0552c7f4701ada91e31e916f992171b9418cb47d283a56e61f311581d66266cb
2020-04-14,0.09354072978655521,3,isotropic_constructed_macro_nats_full_precision_v3,0552c7f4701ada91e31e916f992171b9418cb47d283a56e61f311581d66266cb
2020-04-16,0.09377920148039452,3,isotropic_constructed_macro_nats_full_precision_v3,0552c7f4701ada91e31e916f992171b9418cb47d283a56e61f311581d66266cb
2020-04-20,0.09205394585298533,3,isotropic_constructed_macro_nats_full_precision_v3,0552c7f4701ada91e31e916f992171b9418cb47d283a56e61f311581d66266cb
2020-04-22,0.09047005657424188,3,isotropic_constructed_macro_nats_full_precision_v3,0552c7f4701ada91e31e916f992171b9418cb47d283a56e61f311581d66266cb
2020-04-24,0.09192869996461514,3,isotropic_constructed_macro_nats_full_precision_v3,0552c7f4701ada91e31e916f992171b9418cb47d283a56e61f311581d66266cb
2020-04-28,0.08923478708316161,3,isotropic_constructed_macro_nats_full_precision_v3,0552c7f4701ada91e31e916f992171b9418cb47d283a56e61f311581d66266cb
2020-04-30,0.0909174522176605,2,isotropic_constructed_macro_nats_full_precision_v3,0552c7f4701ada91e31e916f992171b9418cb47d283a56e61f311581d66266cb
2020-05-04,0.09308102400064022,2,isotropic_constructed_macro_nats_full_precision_v3,0552c7f4701ada91e31e916f992171b9418cb47d283a56e61f311581d66266cb
2020-05-06,0.09962387316635535,2,isotropic_constructed_macro_nats_full_precision_v3,0552c7f4701ada91e31e916f992171b9418cb47d283a56e61f311581d66266cb
2020-05-08,0.10239671755392774,3,isotropic_constructed_macro_nats_full_precision_v3,0552c7f4701ada91e31e916f992171b9418cb47d283a56e61f311581d66266cb
2020-05-12,0.10142909539135302,3,isotropic_constructed_macro_nats_full_precision_v3,0552c7f4701ada91e31e916f992171b9418cb47d283a56e61f311581d66266cb
2020-05-14,0.10211417568341723,3,isotropic_constructed_macro_nats_full_precision_v3,0552c7f4701ada91e31e916f992171b9418cb47d283a56e61f311581d66266cb
2020-05-18,0.10745474104418139,3,isotropic_constructed_macro_nats_full_precision_v3,0552c7f4701ada91e31e916f992171b9418cb47d283a56e61f311581d66266cb
2020-05-20,0.11271958337521881,3,isotropic_constructed_macro_nats_full_precision_v3,0552c7f4701ada91e31e916f992171b9418cb47d283a56e61f311581d66266cb
2020-05-22,0.11295048104401992,3,isotropic_constructed_macro_nats_full_precision_v3,0552c7f4701ada91e31e916f992171b9418cb47d283a56e61f311581d66266cb
2020-05-27,0.11727882676014614,3,isotropic_constructed_macro_nats_full_precision_v3,0552c7f4701ada91e31e916f992171b9418cb47d283a56e61f311581d66266cb
2020-05-29,0.11593503921923905,3,isotropic_constructed_macro_nats_full_precision_v3,0552c7f4701ada91e31e916f992171b9418cb47d283a56e61f311581d66266cb
2020-06-02,0.1156345712871733,3,isotropic_constructed_macro_nats_full_precision_v3,0552c7f4701ada91e31e916f992171b9418cb47d283a56e61f311581d66266cb
2020-06-04,0.11703414736656867,3,isotropic_constructed_macro_nats_full_precision_v3,0552c7f4701ada91e31e916f992171b9418cb47d283a56e61f311581d66266cb
2020-06-08,0.10806377309258246,3,isotropic_constructed_macro_nats_full_precision_v3,0552c7f4701ada91e31e916f992171b9418cb47d283a56e61f311581d66266cb
2020-06-10,0.10997845195568273,3,isotropic_constructed_macro_nats_full_precision_v3,0552c7f4701ada91e31e916f992171b9418cb47d283a56e61f311581d66266cb
2020-06-12,0.11119965876685733,3,isotropic_constructed_macro_nats_full_precision_v3,0552c7f4701ada91e31e916f992171b9418cb47d283a56e61f311581d66266cb
2020-06-16,0.11468301983179535,3,isotropic_constructed_macro_nats_full_precision_v3,0552c7f4701ada91e31e916f992171b9418cb47d283a56e61f311581d66266cb
2020-06-18,0.11036256656647497,3,isotropic_constructed_macro_nats_full_precision_v3,0552c7f4701ada91e31e916f992171b9418cb47d283a56e61f311581d66266cb
2020-06-22,0.11074388014742771,3,isotropic_constructed_macro_nats_full_precision_v3,0552c7f4701ada91e31e916f992171b9418cb47d283a56e61f311581d66266cb
2020-06-24,0.11052994687186968,3,isotropic_constructed_macro_nats_full_precision_v3,0552c7f4701ada91e31e916f992171b9418cb47d283a56e61f311581d66266cb
2020-06-26,0.10817300786247927,3,isotropic_constructed_macro_nats_full_precision_v3,0552c7f4701ada91e31e916f992171b9418cb47d283a56e61f311581d66266cb
2020-06-30,0.10864865285831513,3,isotropic_constructed_macro_nats_full_precision_v3,0552c7f4701ada91e31e916f992171b9418cb47d283a56e61f311581d66266cb
2020-07-02,0.11329239512087844,3,isotropic_constructed_macro_nats_full_precision_v3,0552c7f4701ada91e31e916f992171b9418cb47d283a56e61f311581d66266cb
2020-07-07,0.11499207631892218,3,isotropic_constructed_macro_nats_full_precision_v3,0552c7f4701ada91e31e916f992171b9418cb47d283a56e61f311581d66266cb
2020-07-09,0.11790057667215306,3,isotropic_constructed_macro_nats_full_precision_v3,0552c7f4701ada91e31e916f992171b9418cb47d283a56e61f311581d66266cb
2020-07-13,0.1110636208973717,3,isotropic_constructed_macro_nats_full_precision_v3,0552c7f4701ada91e31e916f992171b9418cb47d283a56e61f311581d66266cb
2020-07-15,0.11101989649347091,3,isotropic_constructed_macro_nats_full_precision_v3,0552c7f4701ada91e31e916f992171b9418cb47d283a56e61f311581d66266cb
2020-07-17,0.11500350759904816,3,isotropic_constructed_macro_nats_full_precision_v3,0552c7f4701ada91e31e916f992171b9418cb47d283a56e61f311581d66266cb
2020-07-21,0.11381645503740463,3,isotropic_constructed_macro_nats_full_precision_v3,0552c7f4701ada91e31e916f992171b9418cb47d283a56e61f311581d66266cb
2020-07-23,0.11585939155792126,3,isotropic_constructed_macro_nats_full_precision_v3,0552c7f4701ada91e31e916f992171b9418cb47d283a56e61f311581d66266cb
2020-07-27,0.11114565817433093,3,isotropic_constructed_macro_nats_full_precision_v3,0552c7f4701ada91e31e916f992171b9418cb47d283a56e61f311581d66266cb
2020-07-29,0.10522203134451355,3,isotropic_constructed_macro_nats_full_precision_v3,0552c7f4701ada91e31e916f992171b9418cb47d283a56e61f311581d66266cb
2020-07-31,0.0896019329399986,3,isotropic_constructed_macro_nats_full_precision_v3,0552c7f4701ada91e31e916f992171b9418cb47d283a56e61f311581d66266cb
2020-08-04,0.07996113681346947,3,isotropic_constructed_macro_nats_full_precision_v3,0552c7f4701ada91e31e916f992171b9418cb47d283a56e61f311581d66266cb
2020-08-06,0.07549127181552298,3,isotropic_constructed_macro_nats_full_precision_v3,0552c7f4701ada91e31e916f992171b9418cb47d283a56e61f311581d66266cb
2020-08-10,0.07336398791401978,3,isotropic_constructed_macro_nats_full_precision_v3,0552c7f4701ada91e31e916f992171b9418cb47d283a56e61f311581d66266cb
2020-08-12,0.07180850189496675,3,isotropic_constructed_macro_nats_full_precision_v3,0552c7f4701ada91e31e916f992171b9418cb47d283a56e61f311581d66266cb
2020-08-14,0.07375976478496872,3,isotropic_constructed_macro_nats_full_precision_v3,0552c7f4701ada91e31e916f992171b9418cb47d283a56e61f311581d66266cb
2020-08-18,0.07586496257705612,3,isotropic_constructed_macro_nats_full_precision_v3,0552c7f4701ada91e31e916f992171b9418cb47d283a56e61f311581d66266cb
2020-08-20,0.07860545390302105,3,isotropic_constructed_macro_nats_full_precision_v3,0552c7f4701ada91e31e916f992171b9418cb47d283a56e61f311581d66266cb
2020-08-24,0.07390539652206532,3,isotropic_constructed_macro_nats_full_precision_v3,0552c7f4701ada91e31e916f992171b9418cb47d283a56e61f311581d66266cb
2020-08-26,0.06914567965832105,3,isotropic_constructed_macro_nats_full_precision_v3,0552c7f4701ada91e31e916f992171b9418cb47d283a56e61f311581d66266cb
2020-08-28,0.06588261888522985,3,isotropic_constructed_macro_nats_full_precision_v3,0552c7f4701ada91e31e916f992171b9418cb47d283a56e61f311581d66266cb
2020-09-01,0.06861415178364526,3,isotropic_constructed_macro_nats_full_precision_v3,0552c7f4701ada91e31e916f992171b9418cb47d283a56e61f311581d66266cb
2020-09-03,0.06982965936099815,3,isotropic_constructed_macro_nats_full_precision_v3,0552c7f4701ada91e31e916f992171b9418cb47d283a56e61f311581d66266cb
2020-09-08,0.07073230457035772,3,isotropic_constructed_macro_nats_full_precision_v3,0552c7f4701ada91e31e916f992171b9418cb47d283a56e61f311581d66266cb
2020-09-10,0.07422323052606974,3,isotropic_constructed_macro_nats_full_precision_v3,0552c7f4701ada91e31e916f992171b9418cb47d283a56e61f311581d66266cb
2020-09-14,0.07311697683406304,3,isotropic_constructed_macro_nats_full_precision_v3,0552c7f4701ada91e31e916f992171b9418cb47d283a56e61f311581d66266cb
2020-09-16,0.07196463392437286,3,isotropic_constructed_macro_nats_full_precision_v3,0552c7f4701ada91e31e916f992171b9418cb47d283a56e61f311581d66266cb
2020-09-18,0.07362254672343149,3,isotropic_constructed_macro_nats_full_precision_v3,0552c7f4701ada91e31e916f992171b9418cb47d283a56e61f311581d66266cb
2020-09-22,0.07159197688978787,3,isotropic_constructed_macro_nats_full_precision_v3,0552c7f4701ada91e31e916f992171b9418cb47d283a56e61f311581d66266cb
2020-09-24,0.07763656596901425,3,isotropic_constructed_macro_nats_full_precision_v3,0552c7f4701ada91e31e916f992171b9418cb47d283a56e61f311581d66266cb
2020-09-28,0.08282476204449894,3,isotropic_constructed_macro_nats_full_precision_v3,0552c7f4701ada91e31e916f992171b9418cb47d283a56e61f311581d66266cb
2020-09-30,0.08452798924238132,3,isotropic_constructed_macro_nats_full_precision_v3,0552c7f4701ada91e31e916f992171b9418cb47d283a56e61f311581d66266cb
2020-10-02,0.08424731123178593,3,isotropic_constructed_macro_nats_full_precision_v3,0552c7f4701ada91e31e916f992171b9418cb47d283a56e61f311581d66266cb
2020-10-06,0.08165314291554406,3,isotropic_constructed_macro_nats_full_precision_v3,0552c7f4701ada91e31e916f992171b9418cb47d283a56e61f311581d66266cb
2020-10-08,0.08247813181760374,3,isotropic_constructed_macro_nats_full_precision_v3,0552c7f4701ada91e31e916f992171b9418cb47d283a56e61f311581d66266cb
2020-10-12,0.08302121591311835,3,isotropic_constructed_macro_nats_full_precision_v3,0552c7f4701ada91e31e916f992171b9418cb47d283a56e61f311581d66266cb
2020-10-14,0.08286766873285256,3,isotropic_constructed_macro_nats_full_precision_v3,0552c7f4701ada91e31e916f992171b9418cb47d283a56e61f311581d66266cb
2020-10-16,0.08109903772497055,3,isotropic_constructed_macro_nats_full_precision_v3,0552c7f4701ada91e31e916f992171b9418cb47d283a56e61f311581d66266cb
2020-10-20,0.07868260777139006,3,isotropic_constructed_macro_nats_full_precision_v3,0552c7f4701ada91e31e916f992171b9418cb47d283a56e61f311581d66266cb
2020-10-22,0.07634176888785499,3,isotropic_constructed_macro_nats_full_precision_v3,0552c7f4701ada91e31e916f992171b9418cb47d283a56e61f311581d66266cb
2020-10-26,0.07672238041734093,3,isotropic_constructed_macro_nats_full_precision_v3,0552c7f4701ada91e31e916f992171b9418cb47d283a56e61f311581d66266cb
2020-10-28,0.07862818882566931,3,isotropic_constructed_macro_nats_full_precision_v3,0552c7f4701ada91e31e916f992171b9418cb47d283a56e61f311581d66266cb
2020-10-30,0.08470439597252977,3,isotropic_constructed_macro_nats_full_precision_v3,0552c7f4701ada91e31e916f992171b9418cb47d283a56e61f311581d66266cb
2020-11-03,0.08723229257309531,3,isotropic_constructed_macro_nats_full_precision_v3,0552c7f4701ada91e31e916f992171b9418cb47d283a56e61f311581d66266cb
2020-11-05,0.08454973402451776,3,isotropic_constructed_macro_nats_full_precision_v3,0552c7f4701ada91e31e916f992171b9418cb47d283a56e61f311581d66266cb
2020-11-09,0.08912442011084161,3,isotropic_constructed_macro_nats_full_precision_v3,0552c7f4701ada91e31e916f992171b9418cb47d283a56e61f311581d66266cb
2020-11-11,0.08696841181349638,3,isotropic_constructed_macro_nats_full_precision_v3,0552c7f4701ada91e31e916f992171b9418cb47d283a56e61f311581d66266cb
2020-11-13,0.08674129065637122,3,isotropic_constructed_macro_nats_full_precision_v3,0552c7f4701ada91e31e916f992171b9418cb47d283a56e61f311581d66266cb
2020-11-17,0.0953187736622958,3,isotropic_constructed_macro_nats_full_precision_v3,0552c7f4701ada91e31e916f992171b9418cb47d283a56e61f311581d66266cb
2020-11-19,0.09344352085654298,3,isotropic_constructed_macro_nats_full_precision_v3,0552c7f4701ada91e31e916f992171b9418cb47d283a56e61f311581d66266cb
2020-11-23,0.08898264697335942,3,isotropic_constructed_macro_nats_full_precision_v3,0552c7f4701ada91e31e916f992171b9418cb47d283a56e61f311581d66266cb
2020-11-25,0.09063324199685308,3,isotropic_constructed_macro_nats_full_precision_v3,0552c7f4701ada91e31e916f992171b9418cb47d283a56e61f311581d66266cb
2020-11-30,0.09111344814134813,3,isotropic_constructed_macro_nats_full_precision_v3,0552c7f4701ada91e31e916f992171b9418cb47d283a56e61f311581d66266cb
2020-12-02,0.0920533115960757,2,isotropic_constructed_macro_nats_full_precision_v3,0552c7f4701ada91e31e916f992171b9418cb47d283a56e61f311581d66266cb
2020-12-04,0.0908841986534032,2,isotropic_constructed_macro_nats_full_precision_v3,0552c7f4701ada91e31e916f992171b9418cb47d283a56e61f311581d66266cb
2020-12-08,0.0956904605752308,2,isotropic_constructed_macro_nats_full_precision_v3,0552c7f4701ada91e31e916f992171b9418cb47d283a56e61f311581d66266cb
2020-12-10,0.10011477752510878,2,isotropic_constructed_macro_nats_full_precision_v3,0552c7f4701ada91e31e916f992171b9418cb47d283a56e61f311581d66266cb
2020-12-14,0.10304910561387289,2,isotropic_constructed_macro_nats_full_precision_v3,0552c7f4701ada91e31e916f992171b9418cb47d283a56e61f311581d66266cb
2020-12-16,0.10210657283840749,2,isotropic_constructed_macro_nats_full_precision_v3,0552c7f4701ada91e31e916f992171b9418cb47d283a56e61f311581d66266cb
2020-12-18,0.10471185796315534,2,isotropic_constructed_macro_nats_full_precision_v3,0552c7f4701ada91e31e916f992171b9418cb47d283a56e61f311581d66266cb
2020-12-22,0.09812737966043018,2,isotropic_constructed_macro_nats_full_precision_v3,0552c7f4701ada91e31e916f992171b9418cb47d283a56e61f311581d66266cb
2020-12-24,0.09463674538619901,2,isotropic_constructed_macro_nats_full_precision_v3,0552c7f4701ada91e31e916f992171b9418cb47d283a56e61f311581d66266cb
2020-12-29,0.08876197381872142,4,isotropic_constructed_macro_nats_full_precision_v3,0552c7f4701ada91e31e916f992171b9418cb47d283a56e61f311581d66266cb
2020-12-31,0.09375507791744576,4,isotropic_constructed_macro_nats_full_precision_v3,0552c7f4701ada91e31e916f992171b9418cb47d283a56e61f311581d66266cb
2021-01-05,0.0948604633417304,4,isotropic_constructed_macro_nats_full_precision_v3,0552c7f4701ada91e31e916f992171b9418cb47d283a56e61f311581d66266cb
2021-01-07,0.10246807184413645,4,isotropic_constructed_macro_nats_full_precision_v3,0552c7f4701ada91e31e916f992171b9418cb47d283a56e61f311581d66266cb
2021-01-11,0.09668427681850401,4,isotropic_constructed_macro_nats_full_precision_v3,0552c7f4701ada91e31e916f992171b9418cb47d283a56e61f311581d66266cb
2021-01-13,0.09207930900288008,4,isotropic_constructed_macro_nats_full_precision_v3,0552c7f4701ada91e31e916f992171b9418cb47d283a56e61f311581d66266cb
2021-01-15,0.0938561977956337,4,isotropic_constructed_macro_nats_full_precision_v3,0552c7f4701ada91e31e916f992171b9418cb47d283a56e61f311581d66266cb
2021-01-20,0.09084374455220309,4,isotropic_constructed_macro_nats_full_precision_v3,0552c7f4701ada91e31e916f992171b9418cb47d283a56e61f311581d66266cb
2021-01-22,0.09067034936073544,4,isotropic_constructed_macro_nats_full_precision_v3,0552c7f4701ada91e31e916f992171b9418cb47d283a56e61f311581d66266cb
2021-01-26,0.09083472670871906,4,isotropic_constructed_macro_nats_full_precision_v3,0552c7f4701ada91e31e916f992171b9418cb47d283a56e61f311581d66266cb
2021-01-28,0.09561943515577744,4,isotropic_constructed_macro_nats_full_precision_v3,0552c7f4701ada91e31e916f992171b9418cb47d283a56e61f311581d66266cb
2021-02-01,0.09429580847226263,4,isotropic_constructed_macro_nats_full_precision_v3,0552c7f4701ada91e31e916f992171b9418cb47d283a56e61f311581d66266cb
2021-02-03,0.09526204916777606,4,isotropic_constructed_macro_nats_full_precision_v3,0552c7f4701ada91e31e916f992171b9418cb47d283a56e61f311581d66266cb
2021-02-05,0.091891789011137,4,isotropic_constructed_macro_nats_full_precision_v3,0552c7f4701ada91e31e916f992171b9418cb47d283a56e61f311581d66266cb
2021-02-09,0.09349110139567453,3,isotropic_constructed_macro_nats_full_precision_v3,0552c7f4701ada91e31e916f992171b9418cb47d283a56e61f311581d66266cb
2021-02-11,0.09655199926334526,4,isotropic_constructed_macro_nats_full_precision_v3,0552c7f4701ada91e31e916f992171b9418cb47d283a56e61f311581d66266cb
2021-02-16,0.10206183831899125,4,isotropic_constructed_macro_nats_full_precision_v3,0552c7f4701ada91e31e916f992171b9418cb47d283a56e61f311581d66266cb
2021-02-18,0.10388993749639468,4,isotropic_constructed_macro_nats_full_precision_v3,0552c7f4701ada91e31e916f992171b9418cb47d283a56e61f311581d66266cb
2021-02-22,0.09859786884808758,4,isotropic_constructed_macro_nats_full_precision_v3,0552c7f4701ada91e31e916f992171b9418cb47d283a56e61f311581d66266cb
2021-02-24,0.09791922346286715,4,isotropic_constructed_macro_nats_full_precision_v3,0552c7f4701ada91e31e916f992171b9418cb47d283a56e61f311581d66266cb
2021-02-26,0.1018837861052349,4,isotropic_constructed_macro_nats_full_precision_v3,0552c7f4701ada91e31e916f992171b9418cb47d283a56e61f311581d66266cb
2021-03-02,0.1019582815331928,4,isotropic_constructed_macro_nats_full_precision_v3,0552c7f4701ada91e31e916f992171b9418cb47d283a56e61f311581d66266cb
2021-03-04,0.0990382306114034,4,isotropic_constructed_macro_nats_full_precision_v3,0552c7f4701ada91e31e916f992171b9418cb47d283a56e61f311581d66266cb
2021-03-08,0.10243906557809926,4,isotropic_constructed_macro_nats_full_precision_v3,0552c7f4701ada91e31e916f992171b9418cb47d283a56e61f311581d66266cb
2021-03-10,0.10025691145475246,4,isotropic_constructed_macro_nats_full_precision_v3,0552c7f4701ada91e31e916f992171b9418cb47d283a56e61f311581d66266cb
2021-03-12,0.10306358483840991,4,isotropic_constructed_macro_nats_full_precision_v3,0552c7f4701ada91e31e916f992171b9418cb47d283a56e61f311581d66266cb
2021-03-16,0.10746911230188516,4,isotropic_constructed_macro_nats_full_precision_v3,0552c7f4701ada91e31e916f992171b9418cb47d283a56e61f311581d66266cb
2021-03-18,0.10873942580260483,4,isotropic_constructed_macro_nats_full_precision_v3,0552c7f4701ada91e31e916f992171b9418cb47d283a56e61f311581d66266cb
2021-03-22,0.10780489315828419,4,isotropic_constructed_macro_nats_full_precision_v3,0552c7f4701ada91e31e916f992171b9418cb47d283a56e61f311581d66266cb
2021-03-24,0.10638312341915773,4,isotropic_constructed_macro_nats_full_precision_v3,0552c7f4701ada91e31e916f992171b9418cb47d283a56e61f311581d66266cb
2021-03-26,0.11071304417254714,4,isotropic_constructed_macro_nats_full_precision_v3,0552c7f4701ada91e31e916f992171b9418cb47d283a56e61f311581d66266cb
2021-03-30,0.11549206646481706,4,isotropic_constructed_macro_nats_full_precision_v3,0552c7f4701ada91e31e916f992171b9418cb47d283a56e61f311581d66266cb
2021-04-01,0.11743894014320364,4,isotropic_constructed_macro_nats_full_precision_v3,0552c7f4701ada91e31e916f992171b9418cb47d283a56e61f311581d66266cb
2021-04-06,0.11172871733180093,4,isotropic_constructed_macro_nats_full_precision_v3,0552c7f4701ada91e31e916f992171b9418cb47d283a56e61f311581d66266cb
2021-04-08,0.11328535547762116,4,isotropic_constructed_macro_nats_full_precision_v3,0552c7f4701ada91e31e916f992171b9418cb47d283a56e61f311581d66266cb
2021-04-12,0.11603991267822575,4,isotropic_constructed_macro_nats_full_precision_v3,0552c7f4701ada91e31e916f992171b9418cb47d283a56e61f311581d66266cb
2021-04-14,0.1385625521653551,2,isotropic_constructed_macro_nats_full_precision_v3,0552c7f4701ada91e31e916f992171b9418cb47d283a56e61f311581d66266cb
2021-04-16,0.1298851899486842,2,isotropic_constructed_macro_nats_full_precision_v3,0552c7f4701ada91e31e916f992171b9418cb47d283a56e61f311581d66266cb
2021-04-20,0.11535451932722599,2,isotropic_constructed_macro_nats_full_precision_v3,0552c7f4701ada91e31e916f992171b9418cb47d283a56e61f311581d66266cb
2021-04-22,0.12086237738353904,2,isotropic_constructed_macro_nats_full_precision_v3,0552c7f4701ada91e31e916f992171b9418cb47d283a56e61f311581d66266cb
2021-04-26,0.11916384510367344,2,isotropic_constructed_macro_nats_full_precision_v3,0552c7f4701ada91e31e916f992171b9418cb47d283a56e61f311581d66266cb
2021-04-28,0.1340919247002299,2,isotropic_constructed_macro_nats_full_precision_v3,0552c7f4701ada91e31e916f992171b9418cb47d283a56e61f311581d66266cb
2021-04-30,0.13982112880051134,2,isotropic_constructed_macro_nats_full_precision_v3,0552c7f4701ada91e31e916f992171b9418cb47d283a56e61f311581d66266cb
2021-05-04,0.1452390503359815,2,isotropic_constructed_macro_nats_full_precision_v3,0552c7f4701ada91e31e916f992171b9418cb47d283a56e61f311581d66266cb
2021-05-06,0.14111555466423376,2,isotropic_constructed_macro_nats_full_precision_v3,0552c7f4701ada91e31e916f992171b9418cb47d283a56e61f311581d66266cb
2021-05-10,0.1395456977522209,2,isotropic_constructed_macro_nats_full_precision_v3,0552c7f4701ada91e31e916f992171b9418cb47d283a56e61f311581d66266cb
2021-05-12,0.13569345720134554,2,isotropic_constructed_macro_nats_full_precision_v3,0552c7f4701ada91e31e916f992171b9418cb47d283a56e61f311581d66266cb
2021-05-14,0.14089204548582385,2,isotropic_constructed_macro_nats_full_precision_v3,0552c7f4701ada91e31e916f992171b9418cb47d283a56e61f311581d66266cb
2021-05-18,0.1429245007175633,2,isotropic_constructed_macro_nats_full_precision_v3,0552c7f4701ada91e31e916f992171b9418cb47d283a56e61f311581d66266cb
2021-05-20,0.15415162758554632,2,isotropic_constructed_macro_nats_full_precision_v3,0552c7f4701ada91e31e916f992171b9418cb47d283a56e61f311581d66266cb
2021-05-24,0.1596886893051102,2,isotropic_constructed_macro_nats_full_precision_v3,0552c7f4701ada91e31e916f992171b9418cb47d283a56e61f311581d66266cb
2021-05-26,0.15444959790016738,2,isotropic_constructed_macro_nats_full_precision_v3,0552c7f4701ada91e31e916f992171b9418cb47d283a56e61f311581d66266cb
2021-05-28,0.15212295655890784,2,isotropic_constructed_macro_nats_full_precision_v3,0552c7f4701ada91e31e916f992171b9418cb47d283a56e61f311581d66266cb
2021-06-02,0.15032419523573926,2,isotropic_constructed_macro_nats_full_precision_v3,0552c7f4701ada91e31e916f992171b9418cb47d283a56e61f311581d66266cb
2021-06-04,0.14313554490755176,2,isotropic_constructed_macro_nats_full_precision_v3,0552c7f4701ada91e31e916f992171b9418cb47d283a56e61f311581d66266cb
2021-06-08,0.1365008142467775,2,isotropic_constructed_macro_nats_full_precision_v3,0552c7f4701ada91e31e916f992171b9418cb47d283a56e61f311581d66266cb
2021-06-10,0.1220095568424296,2,isotropic_constructed_macro_nats_full_precision_v3,0552c7f4701ada91e31e916f992171b9418cb47d283a56e61f311581d66266cb
2021-06-14,0.1253156341247943,2,isotropic_constructed_macro_nats_full_precision_v3,0552c7f4701ada91e31e916f992171b9418cb47d283a56e61f311581d66266cb
2021-06-16,0.1258804351340337,2,isotropic_constructed_macro_nats_full_precision_v3,0552c7f4701ada91e31e916f992171b9418cb47d283a56e61f311581d66266cb
2021-06-18,0.1260654019852095,2,isotropic_constructed_macro_nats_full_precision_v3,0552c7f4701ada91e31e916f992171b9418cb47d283a56e61f311581d66266cb
2021-06-22,0.1154386699322103,2,isotropic_constructed_macro_nats_full_precision_v3,0552c7f4701ada91e31e916f992171b9418cb47d283a56e61f311581d66266cb
2021-06-24,0.11057904896546908,2,isotropic_constructed_macro_nats_full_precision_v3,0552c7f4701ada91e31e916f992171b9418cb47d283a56e61f311581d66266cb
2021-06-28,0.13233106143862522,2,isotropic_constructed_macro_nats_full_precision_v3,0552c7f4701ada91e31e916f992171b9418cb47d283a56e61f311581d66266cb
2021-06-30,0.13801405679354417,2,isotropic_constructed_macro_nats_full_precision_v3,0552c7f4701ada91e31e916f992171b9418cb47d283a56e61f311581d66266cb
2021-07-02,0.13940394009896967,2,isotropic_constructed_macro_nats_full_precision_v3,0552c7f4701ada91e31e916f992171b9418cb47d283a56e61f311581d66266cb
2021-07-07,0.13206695281114278,2,isotropic_constructed_macro_nats_full_precision_v3,0552c7f4701ada91e31e916f992171b9418cb47d283a56e61f311581d66266cb
2021-07-09,0.12829106887813294,2,isotropic_constructed_macro_nats_full_precision_v3,0552c7f4701ada91e31e916f992171b9418cb47d283a56e61f311581d66266cb
2021-07-13,0.13487331594662272,2,isotropic_constructed_macro_nats_full_precision_v3,0552c7f4701ada91e31e916f992171b9418cb47d283a56e61f311581d66266cb
2021-07-15,0.1364936579609629,2,isotropic_constructed_macro_nats_full_precision_v3,0552c7f4701ada91e31e916f992171b9418cb47d283a56e61f311581d66266cb
2021-07-19,0.1445807893478694,2,isotropic_constructed_macro_nats_full_precision_v3,0552c7f4701ada91e31e916f992171b9418cb47d283a56e61f311581d66266cb
2021-07-21,0.13873792107375432,2,isotropic_constructed_macro_nats_full_precision_v3,0552c7f4701ada91e31e916f992171b9418cb47d283a56e61f311581d66266cb
2021-07-23,0.15586996803376896,2,isotropic_constructed_macro_nats_full_precision_v3,0552c7f4701ada91e31e916f992171b9418cb47d283a56e61f311581d66266cb
2021-07-27,0.1486723136552607,2,isotropic_constructed_macro_nats_full_precision_v3,0552c7f4701ada91e31e916f992171b9418cb47d283a56e61f311581d66266cb
2021-07-29,0.15248637921370936,2,isotropic_constructed_macro_nats_full_precision_v3,0552c7f4701ada91e31e916f992171b9418cb47d283a56e61f311581d66266cb
2021-08-02,0.15244670170034869,2,isotropic_constructed_macro_nats_full_precision_v3,0552c7f4701ada91e31e916f992171b9418cb47d283a56e61f311581d66266cb
2021-08-04,0.15173426532476383,2,isotropic_constructed_macro_nats_full_precision_v3,0552c7f4701ada91e31e916f992171b9418cb47d283a56e61f311581d66266cb
2021-08-06,0.1538811653406972,2,isotropic_constructed_macro_nats_full_precision_v3,0552c7f4701ada91e31e916f992171b9418cb47d283a56e61f311581d66266cb
2021-08-10,0.15985548462284055,2,isotropic_constructed_macro_nats_full_precision_v3,0552c7f4701ada91e31e916f992171b9418cb47d283a56e61f311581d66266cb
2021-08-12,0.15919314630587883,2,isotropic_constructed_macro_nats_full_precision_v3,0552c7f4701ada91e31e916f992171b9418cb47d283a56e61f311581d66266cb
2021-08-16,0.15862186963055963,2,isotropic_constructed_macro_nats_full_precision_v3,0552c7f4701ada91e31e916f992171b9418cb47d283a56e61f311581d66266cb
2021-08-18,0.15904960029262713,2,isotropic_constructed_macro_nats_full_precision_v3,0552c7f4701ada91e31e916f992171b9418cb47d283a56e61f311581d66266cb
2021-08-20,0.14816423511409194,2,isotropic_constructed_macro_nats_full_precision_v3,0552c7f4701ada91e31e916f992171b9418cb47d283a56e61f311581d66266cb
2021-08-24,0.15233787297688273,2,isotropic_constructed_macro_nats_full_precision_v3,0552c7f4701ada91e31e916f992171b9418cb47d283a56e61f311581d66266cb
2021-08-26,0.15801096364237602,2,isotropic_constructed_macro_nats_full_precision_v3,0552c7f4701ada91e31e916f992171b9418cb47d283a56e61f311581d66266cb
2021-08-30,0.14976495653820282,2,isotropic_constructed_macro_nats_full_precision_v3,0552c7f4701ada91e31e916f992171b9418cb47d283a56e61f311581d66266cb
2021-09-01,0.14261349180970975,2,isotropic_constructed_macro_nats_full_precision_v3,0552c7f4701ada91e31e916f992171b9418cb47d283a56e61f311581d66266cb
2021-09-03,0.14136240741246542,2,isotropic_constructed_macro_nats_full_precision_v3,0552c7f4701ada91e31e916f992171b9418cb47d283a56e61f311581d66266cb
2021-09-08,0.14505161854215853,2,isotropic_constructed_macro_nats_full_precision_v3,0552c7f4701ada91e31e916f992171b9418cb47d283a56e61f311581d66266cb
2021-09-10,0.14228309555939128,3,isotropic_constructed_macro_nats_full_precision_v3,0552c7f4701ada91e31e916f992171b9418cb47d283a56e61f311581d66266cb
2021-09-14,0.1426702786467248,3,isotropic_constructed_macro_nats_full_precision_v3,0552c7f4701ada91e31e916f992171b9418cb47d283a56e61f311581d66266cb
2021-09-16,0.14823622425528704,3,isotropic_constructed_macro_nats_full_precision_v3,0552c7f4701ada91e31e916f992171b9418cb47d283a56e61f311581d66266cb
2021-09-20,0.14349142632102715,3,isotropic_constructed_macro_nats_full_precision_v3,0552c7f4701ada91e31e916f992171b9418cb47d283a56e61f311581d66266cb
2021-09-22,0.14732394941183266,3,isotropic_constructed_macro_nats_full_precision_v3,0552c7f4701ada91e31e916f992171b9418cb47d283a56e61f311581d66266cb
2021-09-24,0.15699659640249095,2,isotropic_constructed_macro_nats_full_precision_v3,0552c7f4701ada91e31e916f992171b9418cb47d283a56e61f311581d66266cb
2021-09-28,0.16014750043129986,2,isotropic_constructed_macro_nats_full_precision_v3,0552c7f4701ada91e31e916f992171b9418cb47d283a56e61f311581d66266cb
2021-09-30,0.15759377655154544,2,isotropic_constructed_macro_nats_full_precision_v3,0552c7f4701ada91e31e916f992171b9418cb47d283a56e61f311581d66266cb
2021-10-04,0.15837659927871012,2,isotropic_constructed_macro_nats_full_precision_v3,0552c7f4701ada91e31e916f992171b9418cb47d283a56e61f311581d66266cb
2021-10-06,0.159936518238588,2,isotropic_constructed_macro_nats_full_precision_v3,0552c7f4701ada91e31e916f992171b9418cb47d283a56e61f311581d66266cb
2021-10-08,0.1631659595572702,2,isotropic_constructed_macro_nats_full_precision_v3,0552c7f4701ada91e31e916f992171b9418cb47d283a56e61f311581d66266cb
2021-10-12,0.1634334397783161,2,isotropic_constructed_macro_nats_full_precision_v3,0552c7f4701ada91e31e916f992171b9418cb47d283a56e61f311581d66266cb
2021-10-14,0.1603536287237744,2,isotropic_constructed_macro_nats_full_precision_v3,0552c7f4701ada91e31e916f992171b9418cb47d283a56e61f311581d66266cb
2021-10-18,0.16039662075352534,2,isotropic_constructed_macro_nats_full_precision_v3,0552c7f4701ada91e31e916f992171b9418cb47d283a56e61f311581d66266cb
2021-10-20,0.16387212578877264,2,isotropic_constructed_macro_nats_full_precision_v3,0552c7f4701ada91e31e916f992171b9418cb47d283a56e61f311581d66266cb
2021-10-22,0.15576073067638263,3,isotropic_constructed_macro_nats_full_precision_v3,0552c7f4701ada91e31e916f992171b9418cb47d283a56e61f311581d66266cb
2021-10-26,0.15453768328266856,3,isotropic_constructed_macro_nats_full_precision_v3,0552c7f4701ada91e31e916f992171b9418cb47d283a56e61f311581d66266cb
2021-10-28,0.16159211908871818,3,isotropic_constructed_macro_nats_full_precision_v3,0552c7f4701ada91e31e916f992171b9418cb47d283a56e61f311581d66266cb
2021-11-01,0.16640950294727044,3,isotropic_constructed_macro_nats_full_precision_v3,0552c7f4701ada91e31e916f992171b9418cb47d283a56e61f311581d66266cb
2021-11-03,0.1634382976778647,3,isotropic_constructed_macro_nats_full_precision_v3,0552c7f4701ada91e31e916f992171b9418cb47d283a56e61f311581d66266cb
2021-11-05,0.1690815967377033,3,isotropic_constructed_macro_nats_full_precision_v3,0552c7f4701ada91e31e916f992171b9418cb47d283a56e61f311581d66266cb
2021-11-09,0.16425589162251944,3,isotropic_constructed_macro_nats_full_precision_v3,0552c7f4701ada91e31e916f992171b9418cb47d283a56e61f311581d66266cb
2021-11-11,0.1640278403022053,3,isotropic_constructed_macro_nats_full_precision_v3,0552c7f4701ada91e31e916f992171b9418cb47d283a56e61f311581d66266cb
2021-11-15,0.1647155818154405,3,isotropic_constructed_macro_nats_full_precision_v3,0552c7f4701ada91e31e916f992171b9418cb47d283a56e61f311581d66266cb
2021-11-17,0.16507754538742103,3,isotropic_constructed_macro_nats_full_precision_v3,0552c7f4701ada91e31e916f992171b9418cb47d283a56e61f311581d66266cb
2021-11-19,0.16524353961719715,3,isotropic_constructed_macro_nats_full_precision_v3,0552c7f4701ada91e31e916f992171b9418cb47d283a56e61f311581d66266cb
2021-11-23,0.16779530339788867,2,isotropic_constructed_macro_nats_full_precision_v3,0552c7f4701ada91e31e916f992171b9418cb47d283a56e61f311581d66266cb
2021-11-26,0.1715161946578342,2,isotropic_constructed_macro_nats_full_precision_v3,0552c7f4701ada91e31e916f992171b9418cb47d283a56e61f311581d66266cb
2021-11-30,0.16728529382211899,3,isotropic_constructed_macro_nats_full_precision_v3,0552c7f4701ada91e31e916f992171b9418cb47d283a56e61f311581d66266cb
2021-12-02,0.16972884506264885,3,isotropic_constructed_macro_nats_full_precision_v3,0552c7f4701ada91e31e916f992171b9418cb47d283a56e61f311581d66266cb
2021-12-06,0.17037042625110188,3,isotropic_constructed_macro_nats_full_precision_v3,0552c7f4701ada91e31e916f992171b9418cb47d283a56e61f311581d66266cb
2021-12-08,0.16903325802246755,3,isotropic_constructed_macro_nats_full_precision_v3,0552c7f4701ada91e31e916f992171b9418cb47d283a56e61f311581d66266cb
2021-12-10,0.16951957312246801,3,isotropic_constructed_macro_nats_full_precision_v3,0552c7f4701ada91e31e916f992171b9418cb47d283a56e61f311581d66266cb
2021-12-14,0.16826822035246897,3,isotropic_constructed_macro_nats_full_precision_v3,0552c7f4701ada91e31e916f992171b9418cb47d283a56e61f311581d66266cb
2021-12-16,0.1593460288041142,3,isotropic_constructed_macro_nats_full_precision_v3,0552c7f4701ada91e31e916f992171b9418cb47d283a56e61f311581d66266cb
2021-12-20,0.16060558319909335,3,isotropic_constructed_macro_nats_full_precision_v3,0552c7f4701ada91e31e916f992171b9418cb47d283a56e61f311581d66266cb
2021-12-22,0.16257730620003125,3,isotropic_constructed_macro_nats_full_precision_v3,0552c7f4701ada91e31e916f992171b9418cb47d283a56e61f311581d66266cb
2021-12-27,0.16541368062591305,3,isotropic_constructed_macro_nats_full_precision_v3,0552c7f4701ada91e31e916f992171b9418cb47d283a56e61f311581d66266cb
2021-12-29,0.1645425826774398,3,isotropic_constructed_macro_nats_full_precision_v3,0552c7f4701ada91e31e916f992171b9418cb47d283a56e61f311581d66266cb
2021-12-31,0.16741375979263629,3,isotropic_constructed_macro_nats_full_precision_v3,0552c7f4701ada91e31e916f992171b9418cb47d283a56e61f311581d66266cb
2022-01-04,0.16531849742254795,3,isotropic_constructed_macro_nats_full_precision_v3,0552c7f4701ada91e31e916f992171b9418cb47d283a56e61f311581d66266cb
2022-01-06,0.1647167217396667,3,isotropic_constructed_macro_nats_full_precision_v3,0552c7f4701ada91e31e916f992171b9418cb47d283a56e61f311581d66266cb
2022-01-10,0.16659741699914254,3,isotropic_constructed_macro_nats_full_precision_v3,0552c7f4701ada91e31e916f992171b9418cb47d283a56e61f311581d66266cb
2022-01-12,0.1595393967929522,2,isotropic_constructed_macro_nats_full_precision_v3,0552c7f4701ada91e31e916f992171b9418cb47d283a56e61f311581d66266cb
2022-01-14,0.16326089021804827,2,isotropic_constructed_macro_nats_full_precision_v3,0552c7f4701ada91e31e916f992171b9418cb47d283a56e61f311581d66266cb
2022-01-19,0.16128904035302433,2,isotropic_constructed_macro_nats_full_precision_v3,0552c7f4701ada91e31e916f992171b9418cb47d283a56e61f311581d66266cb
2022-01-21,0.15255699199118833,2,isotropic_constructed_macro_nats_full_precision_v3,0552c7f4701ada91e31e916f992171b9418cb47d283a56e61f311581d66266cb
2022-01-25,0.1595553458735038,2,isotropic_constructed_macro_nats_full_precision_v3,0552c7f4701ada91e31e916f992171b9418cb47d283a56e61f311581d66266cb
2022-01-27,0.16258873210525437,2,isotropic_constructed_macro_nats_full_precision_v3,0552c7f4701ada91e31e916f992171b9418cb47d283a56e61f311581d66266cb
2022-01-31,0.16769080860459565,2,isotropic_constructed_macro_nats_full_precision_v3,0552c7f4701ada91e31e916f992171b9418cb47d283a56e61f311581d66266cb
2022-02-02,0.17097650560685065,2,isotropic_constructed_macro_nats_full_precision_v3,0552c7f4701ada91e31e916f992171b9418cb47d283a56e61f311581d66266cb
2022-02-04,0.18544593531438913,2,isotropic_constructed_macro_nats_full_precision_v3,0552c7f4701ada91e31e916f992171b9418cb47d283a56e61f311581d66266cb
2022-02-08,0.18952608321262038,2,isotropic_constructed_macro_nats_full_precision_v3,0552c7f4701ada91e31e916f992171b9418cb47d283a56e61f311581d66266cb
2022-02-10,0.1879480319090553,2,isotropic_constructed_macro_nats_full_precision_v3,0552c7f4701ada91e31e916f992171b9418cb47d283a56e61f311581d66266cb
2022-02-14,0.18892158697583028,2,isotropic_constructed_macro_nats_full_precision_v3,0552c7f4701ada91e31e916f992171b9418cb47d283a56e61f311581d66266cb
2022-02-16,0.18954842581381287,2,isotropic_constructed_macro_nats_full_precision_v3,0552c7f4701ada91e31e916f992171b9418cb47d283a56e61f311581d66266cb
2022-02-18,0.1830622405400425,2,isotropic_constructed_macro_nats_full_precision_v3,0552c7f4701ada91e31e916f992171b9418cb47d283a56e61f311581d66266cb
2022-02-23,0.18559974146798328,2,isotropic_constructed_macro_nats_full_precision_v3,0552c7f4701ada91e31e916f992171b9418cb47d283a56e61f311581d66266cb
2022-02-25,0.19216576259147128,2,isotropic_constructed_macro_nats_full_precision_v3,0552c7f4701ada91e31e916f992171b9418cb47d283a56e61f311581d66266cb
2022-03-01,0.22582189846203254,2,isotropic_constructed_macro_nats_full_precision_v3,0552c7f4701ada91e31e916f992171b9418cb47d283a56e61f311581d66266cb
2022-03-03,0.20053286449112673,2,isotropic_constructed_macro_nats_full_precision_v3,0552c7f4701ada91e31e916f992171b9418cb47d283a56e61f311581d66266cb
2022-03-07,0.17910911013308278,2,isotropic_constructed_macro_nats_full_precision_v3,0552c7f4701ada91e31e916f992171b9418cb47d283a56e61f311581d66266cb
2022-03-09,0.17791574729869292,2,isotropic_constructed_macro_nats_full_precision_v3,0552c7f4701ada91e31e916f992171b9418cb47d283a56e61f311581d66266cb
2022-03-11,0.15960406410637445,2,isotropic_constructed_macro_nats_full_precision_v3,0552c7f4701ada91e31e916f992171b9418cb47d283a56e61f311581d66266cb
2022-03-15,0.09535941778188779,2,isotropic_constructed_macro_nats_full_precision_v3,0552c7f4701ada91e31e916f992171b9418cb47d283a56e61f311581d66266cb
2022-03-17,0.03132606292963887,7,isotropic_constructed_macro_nats_full_precision_v3,0552c7f4701ada91e31e916f992171b9418cb47d283a56e61f311581d66266cb
2022-03-21,0.06754004099004476,1,isotropic_constructed_macro_nats_full_precision_v3,0552c7f4701ada91e31e916f992171b9418cb47d283a56e61f311581d66266cb
2022-03-23,0.05089333154274578,3,isotropic_constructed_macro_nats_full_precision_v3,0552c7f4701ada91e31e916f992171b9418cb47d283a56e61f311581d66266cb
2022-03-25,0.04659388181900159,3,isotropic_constructed_macro_nats_full_precision_v3,0552c7f4701ada91e31e916f992171b9418cb47d283a56e61f311581d66266cb
2022-03-29,0.05753816508117175,3,isotropic_constructed_macro_nats_full_precision_v3,0552c7f4701ada91e31e916f992171b9418cb47d283a56e61f311581d66266cb
2022-03-31,0.04591244114741997,3,isotropic_constructed_macro_nats_full_precision_v3,0552c7f4701ada91e31e916f992171b9418cb47d283a56e61f311581d66266cb
2022-04-04,0.033653878634690194,8,isotropic_constructed_macro_nats_full_precision_v3,0552c7f4701ada91e31e916f992171b9418cb47d283a56e61f311581d66266cb
2022-04-06,0.04399676290019473,1,isotropic_constructed_macro_nats_full_precision_v3,0552c7f4701ada91e31e916f992171b9418cb47d283a56e61f311581d66266cb
2022-04-08,0.06527768972112712,1,isotropic_constructed_macro_nats_full_precision_v3,0552c7f4701ada91e31e916f992171b9418cb47d283a56e61f311581d66266cb
2022-04-12,0.05456047191324617,1,isotropic_constructed_macro_nats_full_precision_v3,0552c7f4701ada91e31e916f992171b9418cb47d283a56e61f311581d66266cb
2022-04-14,0.0496673835721765,5,isotropic_constructed_macro_nats_full_precision_v3,0552c7f4701ada91e31e916f992171b9418cb47d283a56e61f311581d66266cb
2022-04-19,0.04266337406276791,5,isotropic_constructed_macro_nats_full_precision_v3,0552c7f4701ada91e31e916f992171b9418cb47d283a56e61f311581d66266cb
2022-04-21,0.04716158890619724,3,isotropic_constructed_macro_nats_full_precision_v3,0552c7f4701ada91e31e916f992171b9418cb47d283a56e61f311581d66266cb
2022-04-25,0.04173567832994085,3,isotropic_constructed_macro_nats_full_precision_v3,0552c7f4701ada91e31e916f992171b9418cb47d283a56e61f311581d66266cb
2022-04-27,0.04734910925140496,2,isotropic_constructed_macro_nats_full_precision_v3,0552c7f4701ada91e31e916f992171b9418cb47d283a56e61f311581d66266cb
2022-04-29,0.04308665165735957,2,isotropic_constructed_macro_nats_full_precision_v3,0552c7f4701ada91e31e916f992171b9418cb47d283a56e61f311581d66266cb
2022-05-03,0.04515320694443403,2,isotropic_constructed_macro_nats_full_precision_v3,0552c7f4701ada91e31e916f992171b9418cb47d283a56e61f311581d66266cb
2022-05-05,0.03885749173559804,2,isotropic_constructed_macro_nats_full_precision_v3,0552c7f4701ada91e31e916f992171b9418cb47d283a56e61f311581d66266cb
2022-05-09,0.03845777859824437,6,isotropic_constructed_macro_nats_full_precision_v3,0552c7f4701ada91e31e916f992171b9418cb47d283a56e61f311581d66266cb
2022-05-11,0.0367637783454563,6,isotropic_constructed_macro_nats_full_precision_v3,0552c7f4701ada91e31e916f992171b9418cb47d283a56e61f311581d66266cb
2022-05-13,0.03702361794449705,6,isotropic_constructed_macro_nats_full_precision_v3,0552c7f4701ada91e31e916f992171b9418cb47d283a56e61f311581d66266cb
2022-05-17,0.03943830427333583,2,isotropic_constructed_macro_nats_full_precision_v3,0552c7f4701ada91e31e916f992171b9418cb47d283a56e61f311581d66266cb
2022-05-19,0.044823989981178515,2,isotropic_constructed_macro_nats_full_precision_v3,0552c7f4701ada91e31e916f992171b9418cb47d283a56e61f311581d66266cb
2022-05-23,0.04949233601582262,2,isotropic_constructed_macro_nats_full_precision_v3,0552c7f4701ada91e31e916f992171b9418cb47d283a56e61f311581d66266cb
2022-05-25,0.042953320687405434,2,isotropic_constructed_macro_nats_full_precision_v3,0552c7f4701ada91e31e916f992171b9418cb47d283a56e61f311581d66266cb
2022-05-27,0.04551665450230029,2,isotropic_constructed_macro_nats_full_precision_v3,0552c7f4701ada91e31e916f992171b9418cb47d283a56e61f311581d66266cb
2022-06-01,0.039785881666328037,2,isotropic_constructed_macro_nats_full_precision_v3,0552c7f4701ada91e31e916f992171b9418cb47d283a56e61f311581d66266cb
2022-06-03,0.02821201236799358,3,isotropic_constructed_macro_nats_full_precision_v3,0552c7f4701ada91e31e916f992171b9418cb47d283a56e61f311581d66266cb
2022-06-07,0.02562260958822573,5,isotropic_constructed_macro_nats_full_precision_v3,0552c7f4701ada91e31e916f992171b9418cb47d283a56e61f311581d66266cb
2022-06-09,0.02419004216516877,3,isotropic_constructed_macro_nats_full_precision_v3,0552c7f4701ada91e31e916f992171b9418cb47d283a56e61f311581d66266cb
2022-06-13,0.027304278324362725,3,isotropic_constructed_macro_nats_full_precision_v3,0552c7f4701ada91e31e916f992171b9418cb47d283a56e61f311581d66266cb
2022-06-15,0.027771198311695146,5,isotropic_constructed_macro_nats_full_precision_v3,0552c7f4701ada91e31e916f992171b9418cb47d283a56e61f311581d66266cb
2022-06-17,0.030810625570065635,3,isotropic_constructed_macro_nats_full_precision_v3,0552c7f4701ada91e31e916f992171b9418cb47d283a56e61f311581d66266cb
2022-06-22,0.030403640361614977,5,isotropic_constructed_macro_nats_full_precision_v3,0552c7f4701ada91e31e916f992171b9418cb47d283a56e61f311581d66266cb
2022-06-24,0.029097420495614784,5,isotropic_constructed_macro_nats_full_precision_v3,0552c7f4701ada91e31e916f992171b9418cb47d283a56e61f311581d66266cb
2022-06-28,0.027611748912985012,5,isotropic_constructed_macro_nats_full_precision_v3,0552c7f4701ada91e31e916f992171b9418cb47d283a56e61f311581d66266cb
2022-06-30,0.02549076954627292,5,isotropic_constructed_macro_nats_full_precision_v3,0552c7f4701ada91e31e916f992171b9418cb47d283a56e61f311581d66266cb
2022-07-05,0.04678458764829158,1,isotropic_constructed_macro_nats_full_precision_v3,0552c7f4701ada91e31e916f992171b9418cb47d283a56e61f311581d66266cb
2022-07-07,0.045141812010765156,1,isotropic_constructed_macro_nats_full_precision_v3,0552c7f4701ada91e31e916f992171b9418cb47d283a56e61f311581d66266cb
2022-07-11,0.04367393061804338,1,isotropic_constructed_macro_nats_full_precision_v3,0552c7f4701ada91e31e916f992171b9418cb47d283a56e61f311581d66266cb
2022-07-13,0.05615567350995274,1,isotropic_constructed_macro_nats_full_precision_v3,0552c7f4701ada91e31e916f992171b9418cb47d283a56e61f311581d66266cb
2022-07-15,0.05642365393377092,1,isotropic_constructed_macro_nats_full_precision_v3,0552c7f4701ada91e31e916f992171b9418cb47d283a56e61f311581d66266cb
2022-07-19,0.049620483646995166,1,isotropic_constructed_macro_nats_full_precision_v3,0552c7f4701ada91e31e916f992171b9418cb47d283a56e61f311581d66266cb
2022-07-21,0.037562604179444514,1,isotropic_constructed_macro_nats_full_precision_v3,0552c7f4701ada91e31e916f992171b9418cb47d283a56e61f311581d66266cb
2022-07-25,0.022113307144478907,1,isotropic_constructed_macro_nats_full_precision_v3,0552c7f4701ada91e31e916f992171b9418cb47d283a56e61f311581d66266cb
2022-07-27,0.028106328830346916,5,isotropic_constructed_macro_nats_full_precision_v3,0552c7f4701ada91e31e916f992171b9418cb47d283a56e61f311581d66266cb
2022-07-29,0.03781973060723699,1,isotropic_constructed_macro_nats_full_precision_v3,0552c7f4701ada91e31e916f992171b9418cb47d283a56e61f311581d66266cb
2022-08-02,0.040730317367494766,1,isotropic_constructed_macro_nats_full_precision_v3,0552c7f4701ada91e31e916f992171b9418cb47d283a56e61f311581d66266cb
2022-08-04,0.03381186126258289,1,isotropic_constructed_macro_nats_full_precision_v3,0552c7f4701ada91e31e916f992171b9418cb47d283a56e61f311581d66266cb
2022-08-08,0.02641585918623844,1,isotropic_constructed_macro_nats_full_precision_v3,0552c7f4701ada91e31e916f992171b9418cb47d283a56e61f311581d66266cb
2022-08-10,0.03799429135387342,1,isotropic_constructed_macro_nats_full_precision_v3,0552c7f4701ada91e31e916f992171b9418cb47d283a56e61f311581d66266cb
2022-08-12,0.03545382524664256,1,isotropic_constructed_macro_nats_full_precision_v3,0552c7f4701ada91e31e916f992171b9418cb47d283a56e61f311581d66266cb
2022-08-16,0.031596758177326184,1,isotropic_constructed_macro_nats_full_precision_v3,0552c7f4701ada91e31e916f992171b9418cb47d283a56e61f311581d66266cb
2022-08-18,0.03830012762296715,1,isotropic_constructed_macro_nats_full_precision_v3,0552c7f4701ada91e31e916f992171b9418cb47d283a56e61f311581d66266cb
2022-08-22,0.050265362145862844,1,isotropic_constructed_macro_nats_full_precision_v3,0552c7f4701ada91e31e916f992171b9418cb47d283a56e61f311581d66266cb
2022-08-24,0.050611778105458305,1,isotropic_constructed_macro_nats_full_precision_v3,0552c7f4701ada91e31e916f992171b9418cb47d283a56e61f311581d66266cb
2022-08-26,0.0508062561120349,1,isotropic_constructed_macro_nats_full_precision_v3,0552c7f4701ada91e31e916f992171b9418cb47d283a56e61f311581d66266cb
2022-08-30,0.047680040262358794,1,isotropic_constructed_macro_nats_full_precision_v3,0552c7f4701ada91e31e916f992171b9418cb47d283a56e61f311581d66266cb
2022-09-01,0.055681082031629,1,isotropic_constructed_macro_nats_full_precision_v3,0552c7f4701ada91e31e916f992171b9418cb47d283a56e61f311581d66266cb
2022-09-06,0.06256477994243378,1,isotropic_constructed_macro_nats_full_precision_v3,0552c7f4701ada91e31e916f992171b9418cb47d283a56e61f311581d66266cb
2022-09-08,0.05754924318402069,1,isotropic_constructed_macro_nats_full_precision_v3,0552c7f4701ada91e31e916f992171b9418cb47d283a56e61f311581d66266cb
2022-09-12,0.04469064022554203,1,isotropic_constructed_macro_nats_full_precision_v3,0552c7f4701ada91e31e916f992171b9418cb47d283a56e61f311581d66266cb
2022-09-14,0.03958534888267824,1,isotropic_constructed_macro_nats_full_precision_v3,0552c7f4701ada91e31e916f992171b9418cb47d283a56e61f311581d66266cb
2022-09-16,0.025467702389331714,3,isotropic_constructed_macro_nats_full_precision_v3,0552c7f4701ada91e31e916f992171b9418cb47d283a56e61f311581d66266cb
2022-09-20,0.027397553942864514,6,isotropic_constructed_macro_nats_full_precision_v3,0552c7f4701ada91e31e916f992171b9418cb47d283a56e61f311581d66266cb
2022-09-22,0.02733964766523886,2,isotropic_constructed_macro_nats_full_precision_v3,0552c7f4701ada91e31e916f992171b9418cb47d283a56e61f311581d66266cb
2022-09-26,0.028647663552541863,3,isotropic_constructed_macro_nats_full_precision_v3,0552c7f4701ada91e31e916f992171b9418cb47d283a56e61f311581d66266cb
2022-09-28,0.03664735785085635,2,isotropic_constructed_macro_nats_full_precision_v3,0552c7f4701ada91e31e916f992171b9418cb47d283a56e61f311581d66266cb
2022-09-30,0.04650596412950811,2,isotropic_constructed_macro_nats_full_precision_v3,0552c7f4701ada91e31e916f992171b9418cb47d283a56e61f311581d66266cb
2022-10-04,0.05214339279599341,2,isotropic_constructed_macro_nats_full_precision_v3,0552c7f4701ada91e31e916f992171b9418cb47d283a56e61f311581d66266cb
2022-10-06,0.050513408137319374,2,isotropic_constructed_macro_nats_full_precision_v3,0552c7f4701ada91e31e916f992171b9418cb47d283a56e61f311581d66266cb
2022-10-10,0.05079435530974828,2,isotropic_constructed_macro_nats_full_precision_v3,0552c7f4701ada91e31e916f992171b9418cb47d283a56e61f311581d66266cb
2022-10-12,0.050871936385905536,2,isotropic_constructed_macro_nats_full_precision_v3,0552c7f4701ada91e31e916f992171b9418cb47d283a56e61f311581d66266cb
2022-10-14,0.03974310540902089,2,isotropic_constructed_macro_nats_full_precision_v3,0552c7f4701ada91e31e916f992171b9418cb47d283a56e61f311581d66266cb
2022-10-18,0.03911661545629955,2,isotropic_constructed_macro_nats_full_precision_v3,0552c7f4701ada91e31e916f992171b9418cb47d283a56e61f311581d66266cb
2022-10-20,0.028361296407979186,9,isotropic_constructed_macro_nats_full_precision_v3,0552c7f4701ada91e31e916f992171b9418cb47d283a56e61f311581d66266cb
2022-10-24,0.03430950233448431,2,isotropic_constructed_macro_nats_full_precision_v3,0552c7f4701ada91e31e916f992171b9418cb47d283a56e61f311581d66266cb
2022-10-26,0.050210094772426106,1,isotropic_constructed_macro_nats_full_precision_v3,0552c7f4701ada91e31e916f992171b9418cb47d283a56e61f311581d66266cb
2022-10-28,0.055652367131324355,1,isotropic_constructed_macro_nats_full_precision_v3,0552c7f4701ada91e31e916f992171b9418cb47d283a56e61f311581d66266cb
2022-11-01,0.07378831425039808,1,isotropic_constructed_macro_nats_full_precision_v3,0552c7f4701ada91e31e916f992171b9418cb47d283a56e61f311581d66266cb
2022-11-03,0.03303422410331992,1,isotropic_constructed_macro_nats_full_precision_v3,0552c7f4701ada91e31e916f992171b9418cb47d283a56e61f311581d66266cb
2022-11-07,0.042450689299222924,1,isotropic_constructed_macro_nats_full_precision_v3,0552c7f4701ada91e31e916f992171b9418cb47d283a56e61f311581d66266cb
2022-11-09,0.03793953970446715,1,isotropic_constructed_macro_nats_full_precision_v3,0552c7f4701ada91e31e916f992171b9418cb47d283a56e61f311581d66266cb
2022-11-11,0.03125381036387953,1,isotropic_constructed_macro_nats_full_precision_v3,0552c7f4701ada91e31e916f992171b9418cb47d283a56e61f311581d66266cb
2022-11-15,0.031243600073492257,1,isotropic_constructed_macro_nats_full_precision_v3,0552c7f4701ada91e31e916f992171b9418cb47d283a56e61f311581d66266cb
2022-11-17,0.027737575067111435,6,isotropic_constructed_macro_nats_full_precision_v3,0552c7f4701ada91e31e916f992171b9418cb47d283a56e61f311581d66266cb
2022-11-21,0.026338240596376274,3,isotropic_constructed_macro_nats_full_precision_v3,0552c7f4701ada91e31e916f992171b9418cb47d283a56e61f311581d66266cb
2022-11-23,0.03051544579982004,6,isotropic_constructed_macro_nats_full_precision_v3,0552c7f4701ada91e31e916f992171b9418cb47d283a56e61f311581d66266cb
2022-11-28,0.028646096754805818,6,isotropic_constructed_macro_nats_full_precision_v3,0552c7f4701ada91e31e916f992171b9418cb47d283a56e61f311581d66266cb
2022-11-30,0.03312063152331532,3,isotropic_constructed_macro_nats_full_precision_v3,0552c7f4701ada91e31e916f992171b9418cb47d283a56e61f311581d66266cb
2022-12-02,0.03449366423052424,3,isotropic_constructed_macro_nats_full_precision_v3,0552c7f4701ada91e31e916f992171b9418cb47d283a56e61f311581d66266cb
2022-12-06,0.03505214632367691,3,isotropic_constructed_macro_nats_full_precision_v3,0552c7f4701ada91e31e916f992171b9418cb47d283a56e61f311581d66266cb
2022-12-08,0.03656062082512292,3,isotropic_constructed_macro_nats_full_precision_v3,0552c7f4701ada91e31e916f992171b9418cb47d283a56e61f311581d66266cb
2022-12-12,0.03577872544494749,1,isotropic_constructed_macro_nats_full_precision_v3,0552c7f4701ada91e31e916f992171b9418cb47d283a56e61f311581d66266cb
2022-12-14,0.030771271090635814,3,isotropic_constructed_macro_nats_full_precision_v3,0552c7f4701ada91e31e916f992171b9418cb47d283a56e61f311581d66266cb
2022-12-16,0.03436312043618414,3,isotropic_constructed_macro_nats_full_precision_v3,0552c7f4701ada91e31e916f992171b9418cb47d283a56e61f311581d66266cb
2022-12-20,0.0347970317401766,3,isotropic_constructed_macro_nats_full_precision_v3,0552c7f4701ada91e31e916f992171b9418cb47d283a56e61f311581d66266cb
2022-12-22,0.033018712177823886,3,isotropic_constructed_macro_nats_full_precision_v3,0552c7f4701ada91e31e916f992171b9418cb47d283a56e61f311581d66266cb
2022-12-27,0.03678303078922861,3,isotropic_constructed_macro_nats_full_precision_v3,0552c7f4701ada91e31e916f992171b9418cb47d283a56e61f311581d66266cb
2022-12-29,0.03824385308432406,3,isotropic_constructed_macro_nats_full_precision_v3,0552c7f4701ada91e31e916f992171b9418cb47d283a56e61f311581d66266cb
2023-01-03,0.040755147411968076,3,isotropic_constructed_macro_nats_full_precision_v3,0552c7f4701ada91e31e916f992171b9418cb47d283a56e61f311581d66266cb
2023-01-05,0.03893611871675754,3,isotropic_constructed_macro_nats_full_precision_v3,0552c7f4701ada91e31e916f992171b9418cb47d283a56e61f311581d66266cb
2023-01-09,0.035971543240825805,3,isotropic_constructed_macro_nats_full_precision_v3,0552c7f4701ada91e31e916f992171b9418cb47d283a56e61f311581d66266cb
2023-01-11,0.03745508888974763,3,isotropic_constructed_macro_nats_full_precision_v3,0552c7f4701ada91e31e916f992171b9418cb47d283a56e61f311581d66266cb
2023-01-13,0.03733738397831369,3,isotropic_constructed_macro_nats_full_precision_v3,0552c7f4701ada91e31e916f992171b9418cb47d283a56e61f311581d66266cb
2023-01-18,0.03665164223984949,3,isotropic_constructed_macro_nats_full_precision_v3,0552c7f4701ada91e31e916f992171b9418cb47d283a56e61f311581d66266cb
2023-01-20,0.03581281132166165,3,isotropic_constructed_macro_nats_full_precision_v3,0552c7f4701ada91e31e916f992171b9418cb47d283a56e61f311581d66266cb
2023-01-24,0.04127031693874651,3,isotropic_constructed_macro_nats_full_precision_v3,0552c7f4701ada91e31e916f992171b9418cb47d283a56e61f311581d66266cb
2023-01-26,0.03727576953797691,3,isotropic_constructed_macro_nats_full_precision_v3,0552c7f4701ada91e31e916f992171b9418cb47d283a56e61f311581d66266cb
2023-01-30,0.035844768653439246,3,isotropic_constructed_macro_nats_full_precision_v3,0552c7f4701ada91e31e916f992171b9418cb47d283a56e61f311581d66266cb
2023-02-01,0.03832758686208907,3,isotropic_constructed_macro_nats_full_precision_v3,0552c7f4701ada91e31e916f992171b9418cb47d283a56e61f311581d66266cb
2023-02-03,0.03153019820182313,6,isotropic_constructed_macro_nats_full_precision_v3,0552c7f4701ada91e31e916f992171b9418cb47d283a56e61f311581d66266cb
2023-02-07,0.0352660041693807,6,isotropic_constructed_macro_nats_full_precision_v3,0552c7f4701ada91e31e916f992171b9418cb47d283a56e61f311581d66266cb
2023-02-09,0.03347288399778232,3,isotropic_constructed_macro_nats_full_precision_v3,0552c7f4701ada91e31e916f992171b9418cb47d283a56e61f311581d66266cb
2023-02-13,0.0330349273372685,6,isotropic_constructed_macro_nats_full_precision_v3,0552c7f4701ada91e31e916f992171b9418cb47d283a56e61f311581d66266cb
2023-02-15,0.036496088448898095,3,isotropic_constructed_macro_nats_full_precision_v3,0552c7f4701ada91e31e916f992171b9418cb47d283a56e61f311581d66266cb
2023-02-17,0.03639502565522836,3,isotropic_constructed_macro_nats_full_precision_v3,0552c7f4701ada91e31e916f992171b9418cb47d283a56e61f311581d66266cb
2023-02-22,0.03966422003158479,3,isotropic_constructed_macro_nats_full_precision_v3,0552c7f4701ada91e31e916f992171b9418cb47d283a56e61f311581d66266cb
2023-02-24,0.045022288728038255,3,isotropic_constructed_macro_nats_full_precision_v3,0552c7f4701ada91e31e916f992171b9418cb47d283a56e61f311581d66266cb
2023-02-28,0.04460704010187417,3,isotropic_constructed_macro_nats_full_precision_v3,0552c7f4701ada91e31e916f992171b9418cb47d283a56e61f311581d66266cb
2023-03-02,0.036356826385909355,3,isotropic_constructed_macro_nats_full_precision_v3,0552c7f4701ada91e31e916f992171b9418cb47d283a56e61f311581d66266cb
2023-03-06,0.032918213608207125,3,isotropic_constructed_macro_nats_full_precision_v3,0552c7f4701ada91e31e916f992171b9418cb47d283a56e61f311581d66266cb
2023-03-08,0.03595593491739527,3,isotropic_constructed_macro_nats_full_precision_v3,0552c7f4701ada91e31e916f992171b9418cb47d283a56e61f311581d66266cb
2023-03-10,0.035698254075061206,3,isotropic_constructed_macro_nats_full_precision_v3,0552c7f4701ada91e31e916f992171b9418cb47d283a56e61f311581d66266cb
2023-03-14,0.03269312768986007,3,isotropic_constructed_macro_nats_full_precision_v3,0552c7f4701ada91e31e916f992171b9418cb47d283a56e61f311581d66266cb
2023-03-16,0.03421005212364475,3,isotropic_constructed_macro_nats_full_precision_v3,0552c7f4701ada91e31e916f992171b9418cb47d283a56e61f311581d66266cb
2023-03-20,0.04485289377615704,3,isotropic_constructed_macro_nats_full_precision_v3,0552c7f4701ada91e31e916f992171b9418cb47d283a56e61f311581d66266cb
2023-03-22,0.03906118035649821,3,isotropic_constructed_macro_nats_full_precision_v3,0552c7f4701ada91e31e916f992171b9418cb47d283a56e61f311581d66266cb
2023-03-24,0.04366991542942967,3,isotropic_constructed_macro_nats_full_precision_v3,0552c7f4701ada91e31e916f992171b9418cb47d283a56e61f311581d66266cb
2023-03-28,0.04689192229043387,3,isotropic_constructed_macro_nats_full_precision_v3,0552c7f4701ada91e31e916f992171b9418cb47d283a56e61f311581d66266cb
2023-03-30,0.04507427660962051,3,isotropic_constructed_macro_nats_full_precision_v3,0552c7f4701ada91e31e916f992171b9418cb47d283a56e61f311581d66266cb
2023-04-03,0.04883707660362877,3,isotropic_constructed_macro_nats_full_precision_v3,0552c7f4701ada91e31e916f992171b9418cb47d283a56e61f311581d66266cb
2023-04-05,0.041010998291420714,3,isotropic_constructed_macro_nats_full_precision_v3,0552c7f4701ada91e31e916f992171b9418cb47d283a56e61f311581d66266cb
2023-04-10,0.03929321323208594,3,isotropic_constructed_macro_nats_full_precision_v3,0552c7f4701ada91e31e916f992171b9418cb47d283a56e61f311581d66266cb
2023-04-12,0.039268188899917664,3,isotropic_constructed_macro_nats_full_precision_v3,0552c7f4701ada91e31e916f992171b9418cb47d283a56e61f311581d66266cb
2023-04-14,0.036209629483279444,3,isotropic_constructed_macro_nats_full_precision_v3,0552c7f4701ada91e31e916f992171b9418cb47d283a56e61f311581d66266cb
2023-04-18,0.0371341102361594,3,isotropic_constructed_macro_nats_full_precision_v3,0552c7f4701ada91e31e916f992171b9418cb47d283a56e61f311581d66266cb
2023-04-20,0.034200818518914024,3,isotropic_constructed_macro_nats_full_precision_v3,0552c7f4701ada91e31e916f992171b9418cb47d283a56e61f311581d66266cb
2023-04-24,0.03700880023312987,2,isotropic_constructed_macro_nats_full_precision_v3,0552c7f4701ada91e31e916f992171b9418cb47d283a56e61f311581d66266cb
2023-04-26,0.031595721940705694,3,isotropic_constructed_macro_nats_full_precision_v3,0552c7f4701ada91e31e916f992171b9418cb47d283a56e61f311581d66266cb
2023-04-28,0.02918922442515553,3,isotropic_constructed_macro_nats_full_precision_v3,0552c7f4701ada91e31e916f992171b9418cb47d283a56e61f311581d66266cb
2023-05-02,0.0297640725343759,3,isotropic_constructed_macro_nats_full_precision_v3,0552c7f4701ada91e31e916f992171b9418cb47d283a56e61f311581d66266cb
2023-05-04,0.02935426505652146,3,isotropic_constructed_macro_nats_full_precision_v3,0552c7f4701ada91e31e916f992171b9418cb47d283a56e61f311581d66266cb
2023-05-08,0.034133611233748994,1,isotropic_constructed_macro_nats_full_precision_v3,0552c7f4701ada91e31e916f992171b9418cb47d283a56e61f311581d66266cb
2023-05-10,0.029324477841141783,3,isotropic_constructed_macro_nats_full_precision_v3,0552c7f4701ada91e31e916f992171b9418cb47d283a56e61f311581d66266cb
2023-05-12,0.029507620309356962,3,isotropic_constructed_macro_nats_full_precision_v3,0552c7f4701ada91e31e916f992171b9418cb47d283a56e61f311581d66266cb
2023-05-16,0.030066950371680314,3,isotropic_constructed_macro_nats_full_precision_v3,0552c7f4701ada91e31e916f992171b9418cb47d283a56e61f311581d66266cb
2023-05-18,0.03126536598586848,3,isotropic_constructed_macro_nats_full_precision_v3,0552c7f4701ada91e31e916f992171b9418cb47d283a56e61f311581d66266cb
2023-05-22,0.03388196541755542,3,isotropic_constructed_macro_nats_full_precision_v3,0552c7f4701ada91e31e916f992171b9418cb47d283a56e61f311581d66266cb
2023-05-24,0.03879348257703429,2,isotropic_constructed_macro_nats_full_precision_v3,0552c7f4701ada91e31e916f992171b9418cb47d283a56e61f311581d66266cb
2023-05-26,0.037112119148784886,2,isotropic_constructed_macro_nats_full_precision_v3,0552c7f4701ada91e31e916f992171b9418cb47d283a56e61f311581d66266cb
2023-05-31,0.038681704745593126,3,isotropic_constructed_macro_nats_full_precision_v3,0552c7f4701ada91e31e916f992171b9418cb47d283a56e61f311581d66266cb
2023-06-02,0.03875571004322609,3,isotropic_constructed_macro_nats_full_precision_v3,0552c7f4701ada91e31e916f992171b9418cb47d283a56e61f311581d66266cb
2023-06-06,0.039704851499058925,3,isotropic_constructed_macro_nats_full_precision_v3,0552c7f4701ada91e31e916f992171b9418cb47d283a56e61f311581d66266cb
2023-06-08,0.03471709177910517,3,isotropic_constructed_macro_nats_full_precision_v3,0552c7f4701ada91e31e916f992171b9418cb47d283a56e61f311581d66266cb
2023-06-12,0.033862865481089466,3,isotropic_constructed_macro_nats_full_precision_v3,0552c7f4701ada91e31e916f992171b9418cb47d283a56e61f311581d66266cb
2023-06-14,0.03762178200649208,3,isotropic_constructed_macro_nats_full_precision_v3,0552c7f4701ada91e31e916f992171b9418cb47d283a56e61f311581d66266cb
2023-06-16,0.036445041847552415,3,isotropic_constructed_macro_nats_full_precision_v3,0552c7f4701ada91e31e916f992171b9418cb47d283a56e61f311581d66266cb
2023-06-21,0.03256141521443964,3,isotropic_constructed_macro_nats_full_precision_v3,0552c7f4701ada91e31e916f992171b9418cb47d283a56e61f311581d66266cb
2023-06-23,0.030949222805467615,3,isotropic_constructed_macro_nats_full_precision_v3,0552c7f4701ada91e31e916f992171b9418cb47d283a56e61f311581d66266cb
2023-06-27,0.027953896171453718,3,isotropic_constructed_macro_nats_full_precision_v3,0552c7f4701ada91e31e916f992171b9418cb47d283a56e61f311581d66266cb
2023-06-29,0.022261564151227375,3,isotropic_constructed_macro_nats_full_precision_v3,0552c7f4701ada91e31e916f992171b9418cb47d283a56e61f311581d66266cb
2023-07-03,0.020499002951121642,3,isotropic_constructed_macro_nats_full_precision_v3,0552c7f4701ada91e31e916f992171b9418cb47d283a56e61f311581d66266cb
2023-07-06,0.02001194330209894,3,isotropic_constructed_macro_nats_full_precision_v3,0552c7f4701ada91e31e916f992171b9418cb47d283a56e61f311581d66266cb
2023-07-10,0.01984676062260711,8,isotropic_constructed_macro_nats_full_precision_v3,0552c7f4701ada91e31e916f992171b9418cb47d283a56e61f311581d66266cb
2023-07-12,0.02072421771739119,8,isotropic_constructed_macro_nats_full_precision_v3,0552c7f4701ada91e31e916f992171b9418cb47d283a56e61f311581d66266cb
2023-07-14,0.023162877336352965,3,isotropic_constructed_macro_nats_full_precision_v3,0552c7f4701ada91e31e916f992171b9418cb47d283a56e61f311581d66266cb
2023-07-18,0.027334059576491154,3,isotropic_constructed_macro_nats_full_precision_v3,0552c7f4701ada91e31e916f992171b9418cb47d283a56e61f311581d66266cb
2023-07-20,0.025613720197354195,3,isotropic_constructed_macro_nats_full_precision_v3,0552c7f4701ada91e31e916f992171b9418cb47d283a56e61f311581d66266cb
2023-07-24,0.024694658539500237,3,isotropic_constructed_macro_nats_full_precision_v3,0552c7f4701ada91e31e916f992171b9418cb47d283a56e61f311581d66266cb
2023-07-26,0.028735876715793883,3,isotropic_constructed_macro_nats_full_precision_v3,0552c7f4701ada91e31e916f992171b9418cb47d283a56e61f311581d66266cb
2023-07-28,0.024359132586703088,3,isotropic_constructed_macro_nats_full_precision_v3,0552c7f4701ada91e31e916f992171b9418cb47d283a56e61f311581d66266cb
2023-08-01,0.021312284720690758,3,isotropic_constructed_macro_nats_full_precision_v3,0552c7f4701ada91e31e916f992171b9418cb47d283a56e61f311581d66266cb
2023-08-03,0.022117346964682358,3,isotropic_constructed_macro_nats_full_precision_v3,0552c7f4701ada91e31e916f992171b9418cb47d283a56e61f311581d66266cb
2023-08-07,0.026456799877560166,3,isotropic_constructed_macro_nats_full_precision_v3,0552c7f4701ada91e31e916f992171b9418cb47d283a56e61f311581d66266cb
2023-08-09,0.02126884972201347,8,isotropic_constructed_macro_nats_full_precision_v3,0552c7f4701ada91e31e916f992171b9418cb47d283a56e61f311581d66266cb
2023-08-11,0.023281270793000408,3,isotropic_constructed_macro_nats_full_precision_v3,0552c7f4701ada91e31e916f992171b9418cb47d283a56e61f311581d66266cb
2023-08-15,0.02376079223682067,8,isotropic_constructed_macro_nats_full_precision_v3,0552c7f4701ada91e31e916f992171b9418cb47d283a56e61f311581d66266cb
2023-08-17,0.023223569458867624,8,isotropic_constructed_macro_nats_full_precision_v3,0552c7f4701ada91e31e916f992171b9418cb47d283a56e61f311581d66266cb
2023-08-21,0.02310842612450982,8,isotropic_constructed_macro_nats_full_precision_v3,0552c7f4701ada91e31e916f992171b9418cb47d283a56e61f311581d66266cb
2023-08-23,0.022765044491895557,8,isotropic_constructed_macro_nats_full_precision_v3,0552c7f4701ada91e31e916f992171b9418cb47d283a56e61f311581d66266cb
2023-08-25,0.023307659303310108,8,isotropic_constructed_macro_nats_full_precision_v3,0552c7f4701ada91e31e916f992171b9418cb47d283a56e61f311581d66266cb
2023-08-29,0.024136157037697538,8,isotropic_constructed_macro_nats_full_precision_v3,0552c7f4701ada91e31e916f992171b9418cb47d283a56e61f311581d66266cb
2023-08-31,0.02499284819528521,3,isotropic_constructed_macro_nats_full_precision_v3,0552c7f4701ada91e31e916f992171b9418cb47d283a56e61f311581d66266cb
2023-09-05,0.02519626674378917,8,isotropic_constructed_macro_nats_full_precision_v3,0552c7f4701ada91e31e916f992171b9418cb47d283a56e61f311581d66266cb
2023-09-07,0.025782231028651265,8,isotropic_constructed_macro_nats_full_precision_v3,0552c7f4701ada91e31e916f992171b9418cb47d283a56e61f311581d66266cb
2023-09-11,0.026512960155629095,8,isotropic_constructed_macro_nats_full_precision_v3,0552c7f4701ada91e31e916f992171b9418cb47d283a56e61f311581d66266cb
2023-09-13,0.02693046951386862,8,isotropic_constructed_macro_nats_full_precision_v3,0552c7f4701ada91e31e916f992171b9418cb47d283a56e61f311581d66266cb
2023-09-15,0.026141470308120716,8,isotropic_constructed_macro_nats_full_precision_v3,0552c7f4701ada91e31e916f992171b9418cb47d283a56e61f311581d66266cb
2023-09-19,0.026381375234567274,8,isotropic_constructed_macro_nats_full_precision_v3,0552c7f4701ada91e31e916f992171b9418cb47d283a56e61f311581d66266cb
2023-09-21,0.026512169023590104,8,isotropic_constructed_macro_nats_full_precision_v3,0552c7f4701ada91e31e916f992171b9418cb47d283a56e61f311581d66266cb
2023-09-25,0.025849881554281855,8,isotropic_constructed_macro_nats_full_precision_v3,0552c7f4701ada91e31e916f992171b9418cb47d283a56e61f311581d66266cb
2023-09-27,0.027217619801446824,8,isotropic_constructed_macro_nats_full_precision_v3,0552c7f4701ada91e31e916f992171b9418cb47d283a56e61f311581d66266cb
2023-09-29,0.027169478470023614,8,isotropic_constructed_macro_nats_full_precision_v3,0552c7f4701ada91e31e916f992171b9418cb47d283a56e61f311581d66266cb
2023-10-03,0.028207942220311706,8,isotropic_constructed_macro_nats_full_precision_v3,0552c7f4701ada91e31e916f992171b9418cb47d283a56e61f311581d66266cb
2023-10-05,0.02726122274595196,8,isotropic_constructed_macro_nats_full_precision_v3,0552c7f4701ada91e31e916f992171b9418cb47d283a56e61f311581d66266cb
2023-10-09,0.027038704973543187,8,isotropic_constructed_macro_nats_full_precision_v3,0552c7f4701ada91e31e916f992171b9418cb47d283a56e61f311581d66266cb
2023-10-11,0.03014070263491314,8,isotropic_constructed_macro_nats_full_precision_v3,0552c7f4701ada91e31e916f992171b9418cb47d283a56e61f311581d66266cb
2023-10-13,0.0332776291540835,4,isotropic_constructed_macro_nats_full_precision_v3,0552c7f4701ada91e31e916f992171b9418cb47d283a56e61f311581d66266cb
2023-10-17,0.03164063472896744,8,isotropic_constructed_macro_nats_full_precision_v3,0552c7f4701ada91e31e916f992171b9418cb47d283a56e61f311581d66266cb
2023-10-19,0.031596509160221706,8,isotropic_constructed_macro_nats_full_precision_v3,0552c7f4701ada91e31e916f992171b9418cb47d283a56e61f311581d66266cb
2023-10-23,0.029624249773197477,8,isotropic_constructed_macro_nats_full_precision_v3,0552c7f4701ada91e31e916f992171b9418cb47d283a56e61f311581d66266cb
2023-10-25,0.030233794640894728,4,isotropic_constructed_macro_nats_full_precision_v3,0552c7f4701ada91e31e916f992171b9418cb47d283a56e61f311581d66266cb
2023-10-27,0.028698398580685416,8,isotropic_constructed_macro_nats_full_precision_v3,0552c7f4701ada91e31e916f992171b9418cb47d283a56e61f311581d66266cb
2023-10-31,0.028312656105179634,8,isotropic_constructed_macro_nats_full_precision_v3,0552c7f4701ada91e31e916f992171b9418cb47d283a56e61f311581d66266cb
2023-11-02,0.028569636978395783,8,isotropic_constructed_macro_nats_full_precision_v3,0552c7f4701ada91e31e916f992171b9418cb47d283a56e61f311581d66266cb
2023-11-06,0.026862895915571748,8,isotropic_constructed_macro_nats_full_precision_v3,0552c7f4701ada91e31e916f992171b9418cb47d283a56e61f311581d66266cb
2023-11-08,0.026950552466768113,8,isotropic_constructed_macro_nats_full_precision_v3,0552c7f4701ada91e31e916f992171b9418cb47d283a56e61f311581d66266cb
2023-11-10,0.025744475177424182,8,isotropic_constructed_macro_nats_full_precision_v3,0552c7f4701ada91e31e916f992171b9418cb47d283a56e61f311581d66266cb
2023-11-14,0.02681230653589039,8,isotropic_constructed_macro_nats_full_precision_v3,0552c7f4701ada91e31e916f992171b9418cb47d283a56e61f311581d66266cb
2023-11-16,0.02704549673628094,8,isotropic_constructed_macro_nats_full_precision_v3,0552c7f4701ada91e31e916f992171b9418cb47d283a56e61f311581d66266cb
2023-11-20,0.02673593723829614,8,isotropic_constructed_macro_nats_full_precision_v3,0552c7f4701ada91e31e916f992171b9418cb47d283a56e61f311581d66266cb
2023-11-22,0.025825278838569214,8,isotropic_constructed_macro_nats_full_precision_v3,0552c7f4701ada91e31e916f992171b9418cb47d283a56e61f311581d66266cb
2023-11-27,0.029443284378168025,8,isotropic_constructed_macro_nats_full_precision_v3,0552c7f4701ada91e31e916f992171b9418cb47d283a56e61f311581d66266cb
2023-11-29,0.029243635220272013,8,isotropic_constructed_macro_nats_full_precision_v3,0552c7f4701ada91e31e916f992171b9418cb47d283a56e61f311581d66266cb
2023-12-01,0.029453750308595747,3,isotropic_constructed_macro_nats_full_precision_v3,0552c7f4701ada91e31e916f992171b9418cb47d283a56e61f311581d66266cb
2023-12-05,0.029492039072102356,3,isotropic_constructed_macro_nats_full_precision_v3,0552c7f4701ada91e31e916f992171b9418cb47d283a56e61f311581d66266cb
2023-12-07,0.026974963984269823,3,isotropic_constructed_macro_nats_full_precision_v3,0552c7f4701ada91e31e916f992171b9418cb47d283a56e61f311581d66266cb
2023-12-11,0.0284683013208945,8,isotropic_constructed_macro_nats_full_precision_v3,0552c7f4701ada91e31e916f992171b9418cb47d283a56e61f311581d66266cb
2023-12-13,0.03191451336605269,3,isotropic_constructed_macro_nats_full_precision_v3,0552c7f4701ada91e31e916f992171b9418cb47d283a56e61f311581d66266cb
2023-12-15,0.033048708176404644,3,isotropic_constructed_macro_nats_full_precision_v3,0552c7f4701ada91e31e916f992171b9418cb47d283a56e61f311581d66266cb
2023-12-19,0.033332830245924566,3,isotropic_constructed_macro_nats_full_precision_v3,0552c7f4701ada91e31e916f992171b9418cb47d283a56e61f311581d66266cb
2023-12-21,0.03479938688818779,3,isotropic_constructed_macro_nats_full_precision_v3,0552c7f4701ada91e31e916f992171b9418cb47d283a56e61f311581d66266cb
2023-12-26,0.03467584413606736,3,isotropic_constructed_macro_nats_full_precision_v3,0552c7f4701ada91e31e916f992171b9418cb47d283a56e61f311581d66266cb
2023-12-28,0.03503974988304392,3,isotropic_constructed_macro_nats_full_precision_v3,0552c7f4701ada91e31e916f992171b9418cb47d283a56e61f311581d66266cb
2024-01-02,0.035162587228069,3,isotropic_constructed_macro_nats_full_precision_v3,0552c7f4701ada91e31e916f992171b9418cb47d283a56e61f311581d66266cb
2024-01-04,0.04270072486313847,3,isotropic_constructed_macro_nats_full_precision_v3,0552c7f4701ada91e31e916f992171b9418cb47d283a56e61f311581d66266cb
2024-01-08,0.044035060881034364,3,isotropic_constructed_macro_nats_full_precision_v3,0552c7f4701ada91e31e916f992171b9418cb47d283a56e61f311581d66266cb
2024-01-10,0.04190665675537749,3,isotropic_constructed_macro_nats_full_precision_v3,0552c7f4701ada91e31e916f992171b9418cb47d283a56e61f311581d66266cb
2024-01-12,0.039433101405336395,3,isotropic_constructed_macro_nats_full_precision_v3,0552c7f4701ada91e31e916f992171b9418cb47d283a56e61f311581d66266cb
2024-01-17,0.03835891488179328,3,isotropic_constructed_macro_nats_full_precision_v3,0552c7f4701ada91e31e916f992171b9418cb47d283a56e61f311581d66266cb
2024-01-19,0.039674281092896745,3,isotropic_constructed_macro_nats_full_precision_v3,0552c7f4701ada91e31e916f992171b9418cb47d283a56e61f311581d66266cb
2024-01-23,0.03900015607887255,3,isotropic_constructed_macro_nats_full_precision_v3,0552c7f4701ada91e31e916f992171b9418cb47d283a56e61f311581d66266cb
2024-01-25,0.04198549549248583,3,isotropic_constructed_macro_nats_full_precision_v3,0552c7f4701ada91e31e916f992171b9418cb47d283a56e61f311581d66266cb
2024-01-29,0.04298558657695502,3,isotropic_constructed_macro_nats_full_precision_v3,0552c7f4701ada91e31e916f992171b9418cb47d283a56e61f311581d66266cb
2024-01-31,0.04359813315443783,3,isotropic_constructed_macro_nats_full_precision_v3,0552c7f4701ada91e31e916f992171b9418cb47d283a56e61f311581d66266cb
2024-02-02,0.04180514958022882,3,isotropic_constructed_macro_nats_full_precision_v3,0552c7f4701ada91e31e916f992171b9418cb47d283a56e61f311581d66266cb
2024-02-06,0.04966711699399659,2,isotropic_constructed_macro_nats_full_precision_v3,0552c7f4701ada91e31e916f992171b9418cb47d283a56e61f311581d66266cb
2024-02-08,0.05173456189078684,2,isotropic_constructed_macro_nats_full_precision_v3,0552c7f4701ada91e31e916f992171b9418cb47d283a56e61f311581d66266cb
2024-02-12,0.05556063340156747,2,isotropic_constructed_macro_nats_full_precision_v3,0552c7f4701ada91e31e916f992171b9418cb47d283a56e61f311581d66266cb
2024-02-14,0.05632435907187468,2,isotropic_constructed_macro_nats_full_precision_v3,0552c7f4701ada91e31e916f992171b9418cb47d283a56e61f311581d66266cb
2024-02-16,0.06201620629094198,2,isotropic_constructed_macro_nats_full_precision_v3,0552c7f4701ada91e31e916f992171b9418cb47d283a56e61f311581d66266cb
2024-02-21,0.05332589959619328,2,isotropic_constructed_macro_nats_full_precision_v3,0552c7f4701ada91e31e916f992171b9418cb47d283a56e61f311581d66266cb
2024-02-23,0.05216464512444959,2,isotropic_constructed_macro_nats_full_precision_v3,0552c7f4701ada91e31e916f992171b9418cb47d283a56e61f311581d66266cb
2024-02-27,0.05371709160169047,3,isotropic_constructed_macro_nats_full_precision_v3,0552c7f4701ada91e31e916f992171b9418cb47d283a56e61f311581d66266cb
2024-02-29,0.05217596434239873,3,isotropic_constructed_macro_nats_full_precision_v3,0552c7f4701ada91e31e916f992171b9418cb47d283a56e61f311581d66266cb
2024-03-04,0.06228872760058491,2,isotropic_constructed_macro_nats_full_precision_v3,0552c7f4701ada91e31e916f992171b9418cb47d283a56e61f311581d66266cb
2024-03-06,0.06315432947619476,2,isotropic_constructed_macro_nats_full_precision_v3,0552c7f4701ada91e31e916f992171b9418cb47d283a56e61f311581d66266cb
2024-03-08,0.06379413403840696,2,isotropic_constructed_macro_nats_full_precision_v3,0552c7f4701ada91e31e916f992171b9418cb47d283a56e61f311581d66266cb
2024-03-12,0.05323816370857498,2,isotropic_constructed_macro_nats_full_precision_v3,0552c7f4701ada91e31e916f992171b9418cb47d283a56e61f311581d66266cb
2024-03-14,0.05228354552069684,2,isotropic_constructed_macro_nats_full_precision_v3,0552c7f4701ada91e31e916f992171b9418cb47d283a56e61f311581d66266cb
2024-03-18,0.05128895052059856,2,isotropic_constructed_macro_nats_full_precision_v3,0552c7f4701ada91e31e916f992171b9418cb47d283a56e61f311581d66266cb
2024-03-20,0.04978104533630111,3,isotropic_constructed_macro_nats_full_precision_v3,0552c7f4701ada91e31e916f992171b9418cb47d283a56e61f311581d66266cb
2024-03-22,0.050237712936495406,3,isotropic_constructed_macro_nats_full_precision_v3,0552c7f4701ada91e31e916f992171b9418cb47d283a56e61f311581d66266cb
2024-03-26,0.04664078393049541,3,isotropic_constructed_macro_nats_full_precision_v3,0552c7f4701ada91e31e916f992171b9418cb47d283a56e61f311581d66266cb
2024-03-28,0.0420597665483592,2,isotropic_constructed_macro_nats_full_precision_v3,0552c7f4701ada91e31e916f992171b9418cb47d283a56e61f311581d66266cb
2024-04-02,0.04104238070508353,3,isotropic_constructed_macro_nats_full_precision_v3,0552c7f4701ada91e31e916f992171b9418cb47d283a56e61f311581d66266cb
2024-04-04,0.04324134702206841,2,isotropic_constructed_macro_nats_full_precision_v3,0552c7f4701ada91e31e916f992171b9418cb47d283a56e61f311581d66266cb
2024-04-08,0.04063465822396607,2,isotropic_constructed_macro_nats_full_precision_v3,0552c7f4701ada91e31e916f992171b9418cb47d283a56e61f311581d66266cb
2024-04-10,0.043606576032020485,2,isotropic_constructed_macro_nats_full_precision_v3,0552c7f4701ada91e31e916f992171b9418cb47d283a56e61f311581d66266cb
2024-04-12,0.03981301612510298,2,isotropic_constructed_macro_nats_full_precision_v3,0552c7f4701ada91e31e916f992171b9418cb47d283a56e61f311581d66266cb
2024-04-16,0.040183505810506816,2,isotropic_constructed_macro_nats_full_precision_v3,0552c7f4701ada91e31e916f992171b9418cb47d283a56e61f311581d66266cb
2024-04-18,0.03574986665291515,2,isotropic_constructed_macro_nats_full_precision_v3,0552c7f4701ada91e31e916f992171b9418cb47d283a56e61f311581d66266cb
2024-04-22,0.03926236855278944,3,isotropic_constructed_macro_nats_full_precision_v3,0552c7f4701ada91e31e916f992171b9418cb47d283a56e61f311581d66266cb
2024-04-24,0.0326827171745976,2,isotropic_constructed_macro_nats_full_precision_v3,0552c7f4701ada91e31e916f992171b9418cb47d283a56e61f311581d66266cb
2024-04-26,0.031029404384227986,2,isotropic_constructed_macro_nats_full_precision_v3,0552c7f4701ada91e31e916f992171b9418cb47d283a56e61f311581d66266cb
2024-04-30,0.03121931288189502,2,isotropic_constructed_macro_nats_full_precision_v3,0552c7f4701ada91e31e916f992171b9418cb47d283a56e61f311581d66266cb
2024-05-02,0.03909588048543521,2,isotropic_constructed_macro_nats_full_precision_v3,0552c7f4701ada91e31e916f992171b9418cb47d283a56e61f311581d66266cb
2024-05-06,0.03453304841749739,2,isotropic_constructed_macro_nats_full_precision_v3,0552c7f4701ada91e31e916f992171b9418cb47d283a56e61f311581d66266cb
2024-05-08,0.04123603663211798,2,isotropic_constructed_macro_nats_full_precision_v3,0552c7f4701ada91e31e916f992171b9418cb47d283a56e61f311581d66266cb
2024-05-10,0.03717746125953513,2,isotropic_constructed_macro_nats_full_precision_v3,0552c7f4701ada91e31e916f992171b9418cb47d283a56e61f311581d66266cb
2024-05-14,0.028859918354990792,2,isotropic_constructed_macro_nats_full_precision_v3,0552c7f4701ada91e31e916f992171b9418cb47d283a56e61f311581d66266cb
2024-05-16,0.03685048194986891,2,isotropic_constructed_macro_nats_full_precision_v3,0552c7f4701ada91e31e916f992171b9418cb47d283a56e61f311581d66266cb
2024-05-20,0.031167246437566833,2,isotropic_constructed_macro_nats_full_precision_v3,0552c7f4701ada91e31e916f992171b9418cb47d283a56e61f311581d66266cb
2024-05-22,0.027292506369101112,2,isotropic_constructed_macro_nats_full_precision_v3,0552c7f4701ada91e31e916f992171b9418cb47d283a56e61f311581d66266cb
2024-05-24,0.02057730404634478,2,isotropic_constructed_macro_nats_full_precision_v3,0552c7f4701ada91e31e916f992171b9418cb47d283a56e61f311581d66266cb
2024-05-29,0.02062324032098927,1,isotropic_constructed_macro_nats_full_precision_v3,0552c7f4701ada91e31e916f992171b9418cb47d283a56e61f311581d66266cb
2024-05-31,0.025964397345971807,1,isotropic_constructed_macro_nats_full_precision_v3,0552c7f4701ada91e31e916f992171b9418cb47d283a56e61f311581d66266cb
2024-06-04,0.03142530879832357,1,isotropic_constructed_macro_nats_full_precision_v3,0552c7f4701ada91e31e916f992171b9418cb47d283a56e61f311581d66266cb
2024-06-06,0.01901498723989281,1,isotropic_constructed_macro_nats_full_precision_v3,0552c7f4701ada91e31e916f992171b9418cb47d283a56e61f311581d66266cb
2024-06-10,0.023650771254738065,1,isotropic_constructed_macro_nats_full_precision_v3,0552c7f4701ada91e31e916f992171b9418cb47d283a56e61f311581d66266cb
2024-06-12,0.035304651850915705,1,isotropic_constructed_macro_nats_full_precision_v3,0552c7f4701ada91e31e916f992171b9418cb47d283a56e61f311581d66266cb
2024-06-14,0.0446905997770162,1,isotropic_constructed_macro_nats_full_precision_v3,0552c7f4701ada91e31e916f992171b9418cb47d283a56e61f311581d66266cb
2024-06-18,0.03446613245856411,1,isotropic_constructed_macro_nats_full_precision_v3,0552c7f4701ada91e31e916f992171b9418cb47d283a56e61f311581d66266cb
2024-06-21,0.023440129073703395,1,isotropic_constructed_macro_nats_full_precision_v3,0552c7f4701ada91e31e916f992171b9418cb47d283a56e61f311581d66266cb
2024-06-25,0.01748678443386134,1,isotropic_constructed_macro_nats_full_precision_v3,0552c7f4701ada91e31e916f992171b9418cb47d283a56e61f311581d66266cb
2024-06-27,0.01385452985633092,8,isotropic_constructed_macro_nats_full_precision_v3,0552c7f4701ada91e31e916f992171b9418cb47d283a56e61f311581d66266cb
2024-07-01,0.011932664073829126,10,isotropic_constructed_macro_nats_full_precision_v3,0552c7f4701ada91e31e916f992171b9418cb47d283a56e61f311581d66266cb
2024-07-03,0.011168272447071817,10,isotropic_constructed_macro_nats_full_precision_v3,0552c7f4701ada91e31e916f992171b9418cb47d283a56e61f311581d66266cb
2024-07-08,0.010432404752197755,10,isotropic_constructed_macro_nats_full_precision_v3,0552c7f4701ada91e31e916f992171b9418cb47d283a56e61f311581d66266cb
2024-07-10,0.012283489841157076,10,isotropic_constructed_macro_nats_full_precision_v3,0552c7f4701ada91e31e916f992171b9418cb47d283a56e61f311581d66266cb
2024-07-12,0.01258510441686577,10,isotropic_constructed_macro_nats_full_precision_v3,0552c7f4701ada91e31e916f992171b9418cb47d283a56e61f311581d66266cb
2024-07-16,0.0133819869457876,10,isotropic_constructed_macro_nats_full_precision_v3,0552c7f4701ada91e31e916f992171b9418cb47d283a56e61f311581d66266cb
2024-07-18,0.013861857681420751,10,isotropic_constructed_macro_nats_full_precision_v3,0552c7f4701ada91e31e916f992171b9418cb47d283a56e61f311581d66266cb
2024-07-22,0.012879467946144044,10,isotropic_constructed_macro_nats_full_precision_v3,0552c7f4701ada91e31e916f992171b9418cb47d283a56e61f311581d66266cb
2024-07-24,0.012607960985454268,10,isotropic_constructed_macro_nats_full_precision_v3,0552c7f4701ada91e31e916f992171b9418cb47d283a56e61f311581d66266cb
2024-07-26,0.014292419817091166,11,isotropic_constructed_macro_nats_full_precision_v3,0552c7f4701ada91e31e916f992171b9418cb47d283a56e61f311581d66266cb
2024-07-30,0.015261240334446487,11,isotropic_constructed_macro_nats_full_precision_v3,0552c7f4701ada91e31e916f992171b9418cb47d283a56e61f311581d66266cb
2024-08-01,0.015044252448987168,11,isotropic_constructed_macro_nats_full_precision_v3,0552c7f4701ada91e31e916f992171b9418cb47d283a56e61f311581d66266cb
2024-08-05,0.015734843939220394,11,isotropic_constructed_macro_nats_full_precision_v3,0552c7f4701ada91e31e916f992171b9418cb47d283a56e61f311581d66266cb
2024-08-07,0.014088649942085599,11,isotropic_constructed_macro_nats_full_precision_v3,0552c7f4701ada91e31e916f992171b9418cb47d283a56e61f311581d66266cb
2024-08-09,0.014558362260764186,11,isotropic_constructed_macro_nats_full_precision_v3,0552c7f4701ada91e31e916f992171b9418cb47d283a56e61f311581d66266cb
2024-08-13,0.014791441826229795,11,isotropic_constructed_macro_nats_full_precision_v3,0552c7f4701ada91e31e916f992171b9418cb47d283a56e61f311581d66266cb
2024-08-15,0.014725632826722651,11,isotropic_constructed_macro_nats_full_precision_v3,0552c7f4701ada91e31e916f992171b9418cb47d283a56e61f311581d66266cb
2024-08-19,0.014961069656678469,11,isotropic_constructed_macro_nats_full_precision_v3,0552c7f4701ada91e31e916f992171b9418cb47d283a56e61f311581d66266cb
2024-08-21,0.015362109576624053,11,isotropic_constructed_macro_nats_full_precision_v3,0552c7f4701ada91e31e916f992171b9418cb47d283a56e61f311581d66266cb
2024-08-23,0.015414321438763118,11,isotropic_constructed_macro_nats_full_precision_v3,0552c7f4701ada91e31e916f992171b9418cb47d283a56e61f311581d66266cb
2024-08-27,0.01460144640628111,11,isotropic_constructed_macro_nats_full_precision_v3,0552c7f4701ada91e31e916f992171b9418cb47d283a56e61f311581d66266cb
2024-08-29,0.014043135290794102,11,isotropic_constructed_macro_nats_full_precision_v3,0552c7f4701ada91e31e916f992171b9418cb47d283a56e61f311581d66266cb
2024-09-03,0.015048982428941676,11,isotropic_constructed_macro_nats_full_precision_v3,0552c7f4701ada91e31e916f992171b9418cb47d283a56e61f311581d66266cb
2024-09-05,0.013604799881219931,11,isotropic_constructed_macro_nats_full_precision_v3,0552c7f4701ada91e31e916f992171b9418cb47d283a56e61f311581d66266cb
2024-09-09,0.01334529350934683,11,isotropic_constructed_macro_nats_full_precision_v3,0552c7f4701ada91e31e916f992171b9418cb47d283a56e61f311581d66266cb
2024-09-11,0.010466407778398149,11,isotropic_constructed_macro_nats_full_precision_v3,0552c7f4701ada91e31e916f992171b9418cb47d283a56e61f311581d66266cb
2024-09-13,0.009850620508980432,11,isotropic_constructed_macro_nats_full_precision_v3,0552c7f4701ada91e31e916f992171b9418cb47d283a56e61f311581d66266cb
2024-09-17,0.009352554975475741,11,isotropic_constructed_macro_nats_full_precision_v3,0552c7f4701ada91e31e916f992171b9418cb47d283a56e61f311581d66266cb
2024-09-19,0.00835677250718167,11,isotropic_constructed_macro_nats_full_precision_v3,0552c7f4701ada91e31e916f992171b9418cb47d283a56e61f311581d66266cb
2024-09-23,0.007355466796814217,11,isotropic_constructed_macro_nats_full_precision_v3,0552c7f4701ada91e31e916f992171b9418cb47d283a56e61f311581d66266cb
2024-09-25,0.007143725894870903,11,isotropic_constructed_macro_nats_full_precision_v3,0552c7f4701ada91e31e916f992171b9418cb47d283a56e61f311581d66266cb
2024-09-27,0.008615308358119245,8,isotropic_constructed_macro_nats_full_precision_v3,0552c7f4701ada91e31e916f992171b9418cb47d283a56e61f311581d66266cb
2024-10-01,0.008143197371367171,8,isotropic_constructed_macro_nats_full_precision_v3,0552c7f4701ada91e31e916f992171b9418cb47d283a56e61f311581d66266cb
2024-10-03,0.007680099355421653,8,isotropic_constructed_macro_nats_full_precision_v3,0552c7f4701ada91e31e916f992171b9418cb47d283a56e61f311581d66266cb
2024-10-07,0.008173046811249661,8,isotropic_constructed_macro_nats_full_precision_v3,0552c7f4701ada91e31e916f992171b9418cb47d283a56e61f311581d66266cb
2024-10-09,0.007203023176565959,11,isotropic_constructed_macro_nats_full_precision_v3,0552c7f4701ada91e31e916f992171b9418cb47d283a56e61f311581d66266cb
2024-10-11,0.00741335697020306,11,isotropic_constructed_macro_nats_full_precision_v3,0552c7f4701ada91e31e916f992171b9418cb47d283a56e61f311581d66266cb
2024-10-15,0.007440146094109271,11,isotropic_constructed_macro_nats_full_precision_v3,0552c7f4701ada91e31e916f992171b9418cb47d283a56e61f311581d66266cb
2024-10-17,0.006915558816384698,11,isotropic_constructed_macro_nats_full_precision_v3,0552c7f4701ada91e31e916f992171b9418cb47d283a56e61f311581d66266cb
2024-10-21,0.007223971482992891,11,isotropic_constructed_macro_nats_full_precision_v3,0552c7f4701ada91e31e916f992171b9418cb47d283a56e61f311581d66266cb
2024-10-23,0.01048089954332513,2,isotropic_constructed_macro_nats_full_precision_v3,0552c7f4701ada91e31e916f992171b9418cb47d283a56e61f311581d66266cb
2024-10-25,0.016062507721397466,2,isotropic_constructed_macro_nats_full_precision_v3,0552c7f4701ada91e31e916f992171b9418cb47d283a56e61f311581d66266cb
2024-10-29,0.018263500970223667,2,isotropic_constructed_macro_nats_full_precision_v3,0552c7f4701ada91e31e916f992171b9418cb47d283a56e61f311581d66266cb
2024-10-31,0.01188128944555486,2,isotropic_constructed_macro_nats_full_precision_v3,0552c7f4701ada91e31e916f992171b9418cb47d283a56e61f311581d66266cb
2024-11-04,0.011117841979925026,2,isotropic_constructed_macro_nats_full_precision_v3,0552c7f4701ada91e31e916f992171b9418cb47d283a56e61f311581d66266cb
2024-11-06,0.008288154588946647,11,isotropic_constructed_macro_nats_full_precision_v3,0552c7f4701ada91e31e916f992171b9418cb47d283a56e61f311581d66266cb
2024-11-08,0.0055931157338241985,11,isotropic_constructed_macro_nats_full_precision_v3,0552c7f4701ada91e31e916f992171b9418cb47d283a56e61f311581d66266cb
2024-11-12,0.006573944792165047,11,isotropic_constructed_macro_nats_full_precision_v3,0552c7f4701ada91e31e916f992171b9418cb47d283a56e61f311581d66266cb
2024-11-14,0.006808305088189609,11,isotropic_constructed_macro_nats_full_precision_v3,0552c7f4701ada91e31e916f992171b9418cb47d283a56e61f311581d66266cb
2024-11-18,0.008008295643933891,11,isotropic_constructed_macro_nats_full_precision_v3,0552c7f4701ada91e31e916f992171b9418cb47d283a56e61f311581d66266cb
2024-11-20,0.0070691088362052415,11,isotropic_constructed_macro_nats_full_precision_v3,0552c7f4701ada91e31e916f992171b9418cb47d283a56e61f311581d66266cb
2024-11-22,0.0063174698421717065,11,isotropic_constructed_macro_nats_full_precision_v3,0552c7f4701ada91e31e916f992171b9418cb47d283a56e61f311581d66266cb
2024-11-26,0.005879733650768493,11,isotropic_constructed_macro_nats_full_precision_v3,0552c7f4701ada91e31e916f992171b9418cb47d283a56e61f311581d66266cb
2024-11-29,0.006758479296475869,11,isotropic_constructed_macro_nats_full_precision_v3,0552c7f4701ada91e31e916f992171b9418cb47d283a56e61f311581d66266cb
2024-12-03,0.00735085651427958,11,isotropic_constructed_macro_nats_full_precision_v3,0552c7f4701ada91e31e916f992171b9418cb47d283a56e61f311581d66266cb
2024-12-05,0.00893130770718642,8,isotropic_constructed_macro_nats_full_precision_v3,0552c7f4701ada91e31e916f992171b9418cb47d283a56e61f311581d66266cb
2024-12-09,0.007326279455921923,11,isotropic_constructed_macro_nats_full_precision_v3,0552c7f4701ada91e31e916f992171b9418cb47d283a56e61f311581d66266cb
2024-12-11,0.006553060722821594,11,isotropic_constructed_macro_nats_full_precision_v3,0552c7f4701ada91e31e916f992171b9418cb47d283a56e61f311581d66266cb
2024-12-13,0.006628425102715121,11,isotropic_constructed_macro_nats_full_precision_v3,0552c7f4701ada91e31e916f992171b9418cb47d283a56e61f311581d66266cb
2024-12-17,0.00660233928427624,11,isotropic_constructed_macro_nats_full_precision_v3,0552c7f4701ada91e31e916f992171b9418cb47d283a56e61f311581d66266cb
2024-12-19,0.0059841468312071475,11,isotropic_constructed_macro_nats_full_precision_v3,0552c7f4701ada91e31e916f992171b9418cb47d283a56e61f311581d66266cb
2024-12-23,0.006158690439751827,11,isotropic_constructed_macro_nats_full_precision_v3,0552c7f4701ada91e31e916f992171b9418cb47d283a56e61f311581d66266cb
2024-12-26,0.005461420390647065,11,isotropic_constructed_macro_nats_full_precision_v3,0552c7f4701ada91e31e916f992171b9418cb47d283a56e61f311581d66266cb
2024-12-30,0.005382303777992314,11,isotropic_constructed_macro_nats_full_precision_v3,0552c7f4701ada91e31e916f992171b9418cb47d283a56e61f311581d66266cb
2025-01-02,0.005666537699749445,11,isotropic_constructed_macro_nats_full_precision_v3,0552c7f4701ada91e31e916f992171b9418cb47d283a56e61f311581d66266cb
2025-01-06,0.005076008266084217,11,isotropic_constructed_macro_nats_full_precision_v3,0552c7f4701ada91e31e916f992171b9418cb47d283a56e61f311581d66266cb
2025-01-08,0.004660242519628613,11,isotropic_constructed_macro_nats_full_precision_v3,0552c7f4701ada91e31e916f992171b9418cb47d283a56e61f311581d66266cb
2025-01-13,0.0043148998447971945,14,isotropic_constructed_macro_nats_full_precision_v3,0552c7f4701ada91e31e916f992171b9418cb47d283a56e61f311581d66266cb
2025-01-15,0.0045819008783349185,11,isotropic_constructed_macro_nats_full_precision_v3,0552c7f4701ada91e31e916f992171b9418cb47d283a56e61f311581d66266cb
2025-01-17,0.004844953962317357,13,isotropic_constructed_macro_nats_full_precision_v3,0552c7f4701ada91e31e916f992171b9418cb47d283a56e61f311581d66266cb
2025-01-22,0.0048202418482826415,14,isotropic_constructed_macro_nats_full_precision_v3,0552c7f4701ada91e31e916f992171b9418cb47d283a56e61f311581d66266cb
2025-01-24,0.004931415071658701,11,isotropic_constructed_macro_nats_full_precision_v3,0552c7f4701ada91e31e916f992171b9418cb47d283a56e61f311581d66266cb
2025-01-28,0.005879755309808762,11,isotropic_constructed_macro_nats_full_precision_v3,0552c7f4701ada91e31e916f992171b9418cb47d283a56e61f311581d66266cb
2025-01-30,0.004885679609456829,11,isotropic_constructed_macro_nats_full_precision_v3,0552c7f4701ada91e31e916f992171b9418cb47d283a56e61f311581d66266cb
2025-02-03,0.005734493002901658,11,isotropic_constructed_macro_nats_full_precision_v3,0552c7f4701ada91e31e916f992171b9418cb47d283a56e61f311581d66266cb
2025-02-05,0.0056957213947681565,11,isotropic_constructed_macro_nats_full_precision_v3,0552c7f4701ada91e31e916f992171b9418cb47d283a56e61f311581d66266cb
2025-02-07,0.00604519327340107,13,isotropic_constructed_macro_nats_full_precision_v3,0552c7f4701ada91e31e916f992171b9418cb47d283a56e61f311581d66266cb
2025-02-11,0.006747851337679113,13,isotropic_constructed_macro_nats_full_precision_v3,0552c7f4701ada91e31e916f992171b9418cb47d283a56e61f311581d66266cb
2025-02-13,0.0059591615891764,13,isotropic_constructed_macro_nats_full_precision_v3,0552c7f4701ada91e31e916f992171b9418cb47d283a56e61f311581d66266cb
2025-02-18,0.005952985497365934,13,isotropic_constructed_macro_nats_full_precision_v3,0552c7f4701ada91e31e916f992171b9418cb47d283a56e61f311581d66266cb
2025-02-20,0.006106503669981181,13,isotropic_constructed_macro_nats_full_precision_v3,0552c7f4701ada91e31e916f992171b9418cb47d283a56e61f311581d66266cb
2025-02-24,0.00620565397901713,13,isotropic_constructed_macro_nats_full_precision_v3,0552c7f4701ada91e31e916f992171b9418cb47d283a56e61f311581d66266cb
2025-02-26,0.007477208009689616,13,isotropic_constructed_macro_nats_full_precision_v3,0552c7f4701ada91e31e916f992171b9418cb47d283a56e61f311581d66266cb
2025-02-28,0.0066328554481890276,13,isotropic_constructed_macro_nats_full_precision_v3,0552c7f4701ada91e31e916f992171b9418cb47d283a56e61f311581d66266cb
2025-03-04,0.006371086732379731,13,isotropic_constructed_macro_nats_full_precision_v3,0552c7f4701ada91e31e916f992171b9418cb47d283a56e61f311581d66266cb
2025-03-06,0.005715267952132598,13,isotropic_constructed_macro_nats_full_precision_v3,0552c7f4701ada91e31e916f992171b9418cb47d283a56e61f311581d66266cb
2025-03-10,0.0034313411527465212,18,isotropic_constructed_macro_nats_full_precision_v3,0552c7f4701ada91e31e916f992171b9418cb47d283a56e61f311581d66266cb
2025-03-12,0.003901550680118396,14,isotropic_constructed_macro_nats_full_precision_v3,0552c7f4701ada91e31e916f992171b9418cb47d283a56e61f311581d66266cb
2025-03-14,0.0036551497760309998,21,isotropic_constructed_macro_nats_full_precision_v3,0552c7f4701ada91e31e916f992171b9418cb47d283a56e61f311581d66266cb
2025-03-18,0.0035021857186877947,21,isotropic_constructed_macro_nats_full_precision_v3,0552c7f4701ada91e31e916f992171b9418cb47d283a56e61f311581d66266cb
2025-03-20,0.003355458782948517,21,isotropic_constructed_macro_nats_full_precision_v3,0552c7f4701ada91e31e916f992171b9418cb47d283a56e61f311581d66266cb
2025-03-24,0.003626052009731831,21,isotropic_constructed_macro_nats_full_precision_v3,0552c7f4701ada91e31e916f992171b9418cb47d283a56e61f311581d66266cb
2025-03-26,0.0038576695534734695,14,isotropic_constructed_macro_nats_full_precision_v3,0552c7f4701ada91e31e916f992171b9418cb47d283a56e61f311581d66266cb
2025-03-28,0.003885805177330462,21,isotropic_constructed_macro_nats_full_precision_v3,0552c7f4701ada91e31e916f992171b9418cb47d283a56e61f311581d66266cb
2025-04-01,0.003969788349784377,21,isotropic_constructed_macro_nats_full_precision_v3,0552c7f4701ada91e31e916f992171b9418cb47d283a56e61f311581d66266cb
2025-04-03,0.004580977495777211,13,isotropic_constructed_macro_nats_full_precision_v3,0552c7f4701ada91e31e916f992171b9418cb47d283a56e61f311581d66266cb
2025-04-07,0.00500046545512222,13,isotropic_constructed_macro_nats_full_precision_v3,0552c7f4701ada91e31e916f992171b9418cb47d283a56e61f311581d66266cb
2025-04-09,0.01599302694402252,2,isotropic_constructed_macro_nats_full_precision_v3,0552c7f4701ada91e31e916f992171b9418cb47d283a56e61f311581d66266cb
2025-04-11,0.018878647154089323,2,isotropic_constructed_macro_nats_full_precision_v3,0552c7f4701ada91e31e916f992171b9418cb47d283a56e61f311581d66266cb
2025-04-15,0.017043744459683076,2,isotropic_constructed_macro_nats_full_precision_v3,0552c7f4701ada91e31e916f992171b9418cb47d283a56e61f311581d66266cb
2025-04-17,0.01854243709676376,2,isotropic_constructed_macro_nats_full_precision_v3,0552c7f4701ada91e31e916f992171b9418cb47d283a56e61f311581d66266cb
2025-04-22,0.017630793517757107,2,isotropic_constructed_macro_nats_full_precision_v3,0552c7f4701ada91e31e916f992171b9418cb47d283a56e61f311581d66266cb
2025-04-24,0.019198465699331105,2,isotropic_constructed_macro_nats_full_precision_v3,0552c7f4701ada91e31e916f992171b9418cb47d283a56e61f311581d66266cb
2025-04-28,0.020208234005229524,2,isotropic_constructed_macro_nats_full_precision_v3,0552c7f4701ada91e31e916f992171b9418cb47d283a56e61f311581d66266cb
2025-04-30,0.023530788500557405,2,isotropic_constructed_macro_nats_full_precision_v3,0552c7f4701ada91e31e916f992171b9418cb47d283a56e61f311581d66266cb
2025-05-02,0.024427962470739098,2,isotropic_constructed_macro_nats_full_precision_v3,0552c7f4701ada91e31e916f992171b9418cb47d283a56e61f311581d66266cb
2025-05-06,0.021937516495221722,2,isotropic_constructed_macro_nats_full_precision_v3,0552c7f4701ada91e31e916f992171b9418cb47d283a56e61f311581d66266cb
2025-05-08,0.019950781135003835,2,isotropic_constructed_macro_nats_full_precision_v3,0552c7f4701ada91e31e916f992171b9418cb47d283a56e61f311581d66266cb
2025-05-12,0.018761799872165363,2,isotropic_constructed_macro_nats_full_precision_v3,0552c7f4701ada91e31e916f992171b9418cb47d283a56e61f311581d66266cb
2025-05-14,0.01977672178514863,2,isotropic_constructed_macro_nats_full_precision_v3,0552c7f4701ada91e31e916f992171b9418cb47d283a56e61f311581d66266cb
2025-05-16,0.015173259429844009,2,isotropic_constructed_macro_nats_full_precision_v3,0552c7f4701ada91e31e916f992171b9418cb47d283a56e61f311581d66266cb
2025-05-20,0.014508461027584414,2,isotropic_constructed_macro_nats_full_precision_v3,0552c7f4701ada91e31e916f992171b9418cb47d283a56e61f311581d66266cb
2025-05-22,0.014453704975174494,2,isotropic_constructed_macro_nats_full_precision_v3,0552c7f4701ada91e31e916f992171b9418cb47d283a56e61f311581d66266cb
2025-05-27,0.014291510961886307,2,isotropic_constructed_macro_nats_full_precision_v3,0552c7f4701ada91e31e916f992171b9418cb47d283a56e61f311581d66266cb
2025-05-29,0.017248340740672198,2,isotropic_constructed_macro_nats_full_precision_v3,0552c7f4701ada91e31e916f992171b9418cb47d283a56e61f311581d66266cb
2025-06-02,0.016539097063014964,2,isotropic_constructed_macro_nats_full_precision_v3,0552c7f4701ada91e31e916f992171b9418cb47d283a56e61f311581d66266cb
2025-06-04,0.01976209599232289,2,isotropic_constructed_macro_nats_full_precision_v3,0552c7f4701ada91e31e916f992171b9418cb47d283a56e61f311581d66266cb
2025-06-06,0.01867185477868638,2,isotropic_constructed_macro_nats_full_precision_v3,0552c7f4701ada91e31e916f992171b9418cb47d283a56e61f311581d66266cb
2025-06-10,0.017602166218680833,2,isotropic_constructed_macro_nats_full_precision_v3,0552c7f4701ada91e31e916f992171b9418cb47d283a56e61f311581d66266cb
2025-06-12,0.017201997639256207,2,isotropic_constructed_macro_nats_full_precision_v3,0552c7f4701ada91e31e916f992171b9418cb47d283a56e61f311581d66266cb
2025-06-16,0.01590913499447879,2,isotropic_constructed_macro_nats_full_precision_v3,0552c7f4701ada91e31e916f992171b9418cb47d283a56e61f311581d66266cb
2025-06-18,0.016350901903325325,2,isotropic_constructed_macro_nats_full_precision_v3,0552c7f4701ada91e31e916f992171b9418cb47d283a56e61f311581d66266cb
2025-06-23,0.016239858700839764,2,isotropic_constructed_macro_nats_full_precision_v3,0552c7f4701ada91e31e916f992171b9418cb47d283a56e61f311581d66266cb
2025-06-25,0.01671545827416878,2,isotropic_constructed_macro_nats_full_precision_v3,0552c7f4701ada91e31e916f992171b9418cb47d283a56e61f311581d66266cb
2025-06-27,0.016295527223052747,2,isotropic_constructed_macro_nats_full_precision_v3,0552c7f4701ada91e31e916f992171b9418cb47d283a56e61f311581d66266cb
2025-07-01,0.016133498854138277,2,isotropic_constructed_macro_nats_full_precision_v3,0552c7f4701ada91e31e916f992171b9418cb47d283a56e61f311581d66266cb
2025-07-03,0.01693509001838258,2,isotropic_constructed_macro_nats_full_precision_v3,0552c7f4701ada91e31e916f992171b9418cb47d283a56e61f311581d66266cb
2025-07-08,0.015031281417044087,2,isotropic_constructed_macro_nats_full_precision_v3,0552c7f4701ada91e31e916f992171b9418cb47d283a56e61f311581d66266cb
2025-07-10,0.013257468493999149,2,isotropic_constructed_macro_nats_full_precision_v3,0552c7f4701ada91e31e916f992171b9418cb47d283a56e61f311581d66266cb
2025-07-14,0.014376288221702421,2,isotropic_constructed_macro_nats_full_precision_v3,0552c7f4701ada91e31e916f992171b9418cb47d283a56e61f311581d66266cb
2025-07-16,0.015976435275465425,2,isotropic_constructed_macro_nats_full_precision_v3,0552c7f4701ada91e31e916f992171b9418cb47d283a56e61f311581d66266cb
2025-07-18,0.015082150245646693,2,isotropic_constructed_macro_nats_full_precision_v3,0552c7f4701ada91e31e916f992171b9418cb47d283a56e61f311581d66266cb
2025-07-22,0.015035703505166018,2,isotropic_constructed_macro_nats_full_precision_v3,0552c7f4701ada91e31e916f992171b9418cb47d283a56e61f311581d66266cb
2025-07-24,0.013609260605224216,2,isotropic_constructed_macro_nats_full_precision_v3,0552c7f4701ada91e31e916f992171b9418cb47d283a56e61f311581d66266cb
2025-07-28,0.011672085798159475,2,isotropic_constructed_macro_nats_full_precision_v3,0552c7f4701ada91e31e916f992171b9418cb47d283a56e61f311581d66266cb
2025-07-30,0.013153573240711286,2,isotropic_constructed_macro_nats_full_precision_v3,0552c7f4701ada91e31e916f992171b9418cb47d283a56e61f311581d66266cb
2025-08-01,0.018287864216864236,1,isotropic_constructed_macro_nats_full_precision_v3,0552c7f4701ada91e31e916f992171b9418cb47d283a56e61f311581d66266cb
2025-08-05,0.012427771152632043,10,isotropic_constructed_macro_nats_full_precision_v3,0552c7f4701ada91e31e916f992171b9418cb47d283a56e61f311581d66266cb
2025-08-07,0.010703952882344228,10,isotropic_constructed_macro_nats_full_precision_v3,0552c7f4701ada91e31e916f992171b9418cb47d283a56e61f311581d66266cb
2025-08-11,0.010015354090859116,14,isotropic_constructed_macro_nats_full_precision_v3,0552c7f4701ada91e31e916f992171b9418cb47d283a56e61f311581d66266cb
2025-08-13,0.009608562425566444,14,isotropic_constructed_macro_nats_full_precision_v3,0552c7f4701ada91e31e916f992171b9418cb47d283a56e61f311581d66266cb
2025-08-15,0.010361948878227875,8,isotropic_constructed_macro_nats_full_precision_v3,0552c7f4701ada91e31e916f992171b9418cb47d283a56e61f311581d66266cb
2025-08-19,0.010108866827351196,8,isotropic_constructed_macro_nats_full_precision_v3,0552c7f4701ada91e31e916f992171b9418cb47d283a56e61f311581d66266cb
2025-08-21,0.01019197454043444,8,isotropic_constructed_macro_nats_full_precision_v3,0552c7f4701ada91e31e916f992171b9418cb47d283a56e61f311581d66266cb
2025-08-25,0.010348308655931567,8,isotropic_constructed_macro_nats_full_precision_v3,0552c7f4701ada91e31e916f992171b9418cb47d283a56e61f311581d66266cb
2025-08-27,0.010377397992188148,8,isotropic_constructed_macro_nats_full_precision_v3,0552c7f4701ada91e31e916f992171b9418cb47d283a56e61f311581d66266cb
2025-08-29,0.010318972488210204,8,isotropic_constructed_macro_nats_full_precision_v3,0552c7f4701ada91e31e916f992171b9418cb47d283a56e61f311581d66266cb
2025-09-03,0.010772118453458705,8,isotropic_constructed_macro_nats_full_precision_v3,0552c7f4701ada91e31e916f992171b9418cb47d283a56e61f311581d66266cb
2025-09-05,0.0113052643397797,8,isotropic_constructed_macro_nats_full_precision_v3,0552c7f4701ada91e31e916f992171b9418cb47d283a56e61f311581d66266cb
2025-09-09,0.011410805401091476,8,isotropic_constructed_macro_nats_full_precision_v3,0552c7f4701ada91e31e916f992171b9418cb47d283a56e61f311581d66266cb
2025-09-11,0.013420527171450716,8,isotropic_constructed_macro_nats_full_precision_v3,0552c7f4701ada91e31e916f992171b9418cb47d283a56e61f311581d66266cb
2025-09-15,0.01280163481607429,8,isotropic_constructed_macro_nats_full_precision_v3,0552c7f4701ada91e31e916f992171b9418cb47d283a56e61f311581d66266cb
2025-09-17,0.011559531778504467,8,isotropic_constructed_macro_nats_full_precision_v3,0552c7f4701ada91e31e916f992171b9418cb47d283a56e61f311581d66266cb
2025-09-19,0.01116768237523473,8,isotropic_constructed_macro_nats_full_precision_v3,0552c7f4701ada91e31e916f992171b9418cb47d283a56e61f311581d66266cb
2025-09-23,0.010899399261277351,8,isotropic_constructed_macro_nats_full_precision_v3,0552c7f4701ada91e31e916f992171b9418cb47d283a56e61f311581d66266cb
2025-09-25,0.0106082342284625,8,isotropic_constructed_macro_nats_full_precision_v3,0552c7f4701ada91e31e916f992171b9418cb47d283a56e61f311581d66266cb
2025-09-29,0.010495468438078838,8,isotropic_constructed_macro_nats_full_precision_v3,0552c7f4701ada91e31e916f992171b9418cb47d283a56e61f311581d66266cb
2025-10-01,0.010021453001515232,8,isotropic_constructed_macro_nats_full_precision_v3,0552c7f4701ada91e31e916f992171b9418cb47d283a56e61f311581d66266cb
2025-10-03,0.01018742550643334,8,isotropic_constructed_macro_nats_full_precision_v3,0552c7f4701ada91e31e916f992171b9418cb47d283a56e61f311581d66266cb
2025-10-07,0.01075601717885881,8,isotropic_constructed_macro_nats_full_precision_v3,0552c7f4701ada91e31e916f992171b9418cb47d283a56e61f311581d66266cb
2025-10-09,0.010801639957896354,8,isotropic_constructed_macro_nats_full_precision_v3,0552c7f4701ada91e31e916f992171b9418cb47d283a56e61f311581d66266cb
2025-10-13,0.011828263751875429,8,isotropic_constructed_macro_nats_full_precision_v3,0552c7f4701ada91e31e916f992171b9418cb47d283a56e61f311581d66266cb
2025-10-15,0.011648336793904451,8,isotropic_constructed_macro_nats_full_precision_v3,0552c7f4701ada91e31e916f992171b9418cb47d283a56e61f311581d66266cb
2025-10-17,0.011895075074746471,8,isotropic_constructed_macro_nats_full_precision_v3,0552c7f4701ada91e31e916f992171b9418cb47d283a56e61f311581d66266cb
2025-10-21,0.010707178888448493,8,isotropic_constructed_macro_nats_full_precision_v3,0552c7f4701ada91e31e916f992171b9418cb47d283a56e61f311581d66266cb
2025-10-23,0.010081701546713513,14,isotropic_constructed_macro_nats_full_precision_v3,0552c7f4701ada91e31e916f992171b9418cb47d283a56e61f311581d66266cb
2025-10-27,0.009600619744043415,8,isotropic_constructed_macro_nats_full_precision_v3,0552c7f4701ada91e31e916f992171b9418cb47d283a56e61f311581d66266cb
2025-10-29,0.012272854798466543,8,isotropic_constructed_macro_nats_full_precision_v3,0552c7f4701ada91e31e916f992171b9418cb47d283a56e61f311581d66266cb
2025-10-31,0.012411689418050938,8,isotropic_constructed_macro_nats_full_precision_v3,0552c7f4701ada91e31e916f992171b9418cb47d283a56e61f311581d66266cb
2025-11-04,0.012726878727892438,8,isotropic_constructed_macro_nats_full_precision_v3,0552c7f4701ada91e31e916f992171b9418cb47d283a56e61f311581d66266cb
2025-11-06,0.012010511088347602,8,isotropic_constructed_macro_nats_full_precision_v3,0552c7f4701ada91e31e916f992171b9418cb47d283a56e61f311581d66266cb
2025-11-10,0.012423555423330748,8,isotropic_constructed_macro_nats_full_precision_v3,0552c7f4701ada91e31e916f992171b9418cb47d283a56e61f311581d66266cb
2025-11-12,0.012746321702219454,8,isotropic_constructed_macro_nats_full_precision_v3,0552c7f4701ada91e31e916f992171b9418cb47d283a56e61f311581d66266cb
2025-11-14,0.012035242988011362,8,isotropic_constructed_macro_nats_full_precision_v3,0552c7f4701ada91e31e916f992171b9418cb47d283a56e61f311581d66266cb
2025-11-18,0.01256208793621158,8,isotropic_constructed_macro_nats_full_precision_v3,0552c7f4701ada91e31e916f992171b9418cb47d283a56e61f311581d66266cb
2025-11-20,0.012668198366376754,8,isotropic_constructed_macro_nats_full_precision_v3,0552c7f4701ada91e31e916f992171b9418cb47d283a56e61f311581d66266cb
2025-11-24,0.013439762505181821,8,isotropic_constructed_macro_nats_full_precision_v3,0552c7f4701ada91e31e916f992171b9418cb47d283a56e61f311581d66266cb
2025-11-26,0.012925880314739818,8,isotropic_constructed_macro_nats_full_precision_v3,0552c7f4701ada91e31e916f992171b9418cb47d283a56e61f311581d66266cb
2025-12-01,0.013604162655241225,8,isotropic_constructed_macro_nats_full_precision_v3,0552c7f4701ada91e31e916f992171b9418cb47d283a56e61f311581d66266cb
2025-12-03,0.013541329089507434,8,isotropic_constructed_macro_nats_full_precision_v3,0552c7f4701ada91e31e916f992171b9418cb47d283a56e61f311581d66266cb
2025-12-05,0.012686813690658681,8,isotropic_constructed_macro_nats_full_precision_v3,0552c7f4701ada91e31e916f992171b9418cb47d283a56e61f311581d66266cb
2025-12-09,0.01282086481557769,8,isotropic_constructed_macro_nats_full_precision_v3,0552c7f4701ada91e31e916f992171b9418cb47d283a56e61f311581d66266cb
2025-12-11,0.012858111401575376,8,isotropic_constructed_macro_nats_full_precision_v3,0552c7f4701ada91e31e916f992171b9418cb47d283a56e61f311581d66266cb
2025-12-15,0.012692937443977807,8,isotropic_constructed_macro_nats_full_precision_v3,0552c7f4701ada91e31e916f992171b9418cb47d283a56e61f311581d66266cb
2025-12-17,0.013194257482654535,8,isotropic_constructed_macro_nats_full_precision_v3,0552c7f4701ada91e31e916f992171b9418cb47d283a56e61f311581d66266cb
2025-12-19,0.01266976081582586,8,isotropic_constructed_macro_nats_full_precision_v3,0552c7f4701ada91e31e916f992171b9418cb47d283a56e61f311581d66266cb
2025-12-23,0.012753766142310198,8,isotropic_constructed_macro_nats_full_precision_v3,0552c7f4701ada91e31e916f992171b9418cb47d283a56e61f311581d66266cb
2025-12-26,0.01310052333348087,8,isotropic_constructed_macro_nats_full_precision_v3,0552c7f4701ada91e31e916f992171b9418cb47d283a56e61f311581d66266cb
2025-12-30,0.012851612151018384,8,isotropic_constructed_macro_nats_full_precision_v3,0552c7f4701ada91e31e916f992171b9418cb47d283a56e61f311581d66266cb
2026-01-02,0.013902137307762297,8,isotropic_constructed_macro_nats_full_precision_v3,0552c7f4701ada91e31e916f992171b9418cb47d283a56e61f311581d66266cb
2026-01-06,0.01351195512830318,8,isotropic_constructed_macro_nats_full_precision_v3,0552c7f4701ada91e31e916f992171b9418cb47d283a56e61f311581d66266cb
2026-01-08,0.013643284658701071,8,isotropic_constructed_macro_nats_full_precision_v3,0552c7f4701ada91e31e916f992171b9418cb47d283a56e61f311581d66266cb
2026-01-12,0.013001656562803984,8,isotropic_constructed_macro_nats_full_precision_v3,0552c7f4701ada91e31e916f992171b9418cb47d283a56e61f311581d66266cb
2026-01-14,0.013025118838373949,8,isotropic_constructed_macro_nats_full_precision_v3,0552c7f4701ada91e31e916f992171b9418cb47d283a56e61f311581d66266cb
2026-01-16,0.01215699030671994,8,isotropic_constructed_macro_nats_full_precision_v3,0552c7f4701ada91e31e916f992171b9418cb47d283a56e61f311581d66266cb
2026-01-21,0.009919175654305112,14,isotropic_constructed_macro_nats_full_precision_v3,0552c7f4701ada91e31e916f992171b9418cb47d283a56e61f311581d66266cb
2026-01-23,0.009031764594612177,14,isotropic_constructed_macro_nats_full_precision_v3,0552c7f4701ada91e31e916f992171b9418cb47d283a56e61f311581d66266cb
2026-01-27,0.008364388561372019,14,isotropic_constructed_macro_nats_full_precision_v3,0552c7f4701ada91e31e916f992171b9418cb47d283a56e61f311581d66266cb
2026-01-29,0.008956821025926348,8,isotropic_constructed_macro_nats_full_precision_v3,0552c7f4701ada91e31e916f992171b9418cb47d283a56e61f311581d66266cb
2026-02-02,0.007134874322343873,14,isotropic_constructed_macro_nats_full_precision_v3,0552c7f4701ada91e31e916f992171b9418cb47d283a56e61f311581d66266cb
2026-02-04,0.0069887556903786285,14,isotropic_constructed_macro_nats_full_precision_v3,0552c7f4701ada91e31e916f992171b9418cb47d283a56e61f311581d66266cb
2026-02-06,0.006044470063189672,14,isotropic_constructed_macro_nats_full_precision_v3,0552c7f4701ada91e31e916f992171b9418cb47d283a56e61f311581d66266cb
2026-02-10,0.006612029337110498,14,isotropic_constructed_macro_nats_full_precision_v3,0552c7f4701ada91e31e916f992171b9418cb47d283a56e61f311581d66266cb
2026-02-12,0.005907914004354184,14,isotropic_constructed_macro_nats_full_precision_v3,0552c7f4701ada91e31e916f992171b9418cb47d283a56e61f311581d66266cb
2026-02-17,0.005320347573320325,14,isotropic_constructed_macro_nats_full_precision_v3,0552c7f4701ada91e31e916f992171b9418cb47d283a56e61f311581d66266cb
2026-02-19,0.00441095790750818,13,isotropic_constructed_macro_nats_full_precision_v3,0552c7f4701ada91e31e916f992171b9418cb47d283a56e61f311581d66266cb
2026-02-23,0.004886710861493289,14,isotropic_constructed_macro_nats_full_precision_v3,0552c7f4701ada91e31e916f992171b9418cb47d283a56e61f311581d66266cb
2026-02-25,0.004715957019290937,14,isotropic_constructed_macro_nats_full_precision_v3,0552c7f4701ada91e31e916f992171b9418cb47d283a56e61f311581d66266cb
2026-02-27,0.004910499260389563,14,isotropic_constructed_macro_nats_full_precision_v3,0552c7f4701ada91e31e916f992171b9418cb47d283a56e61f311581d66266cb
2026-03-03,0.005629614860180862,14,isotropic_constructed_macro_nats_full_precision_v3,0552c7f4701ada91e31e916f992171b9418cb47d283a56e61f311581d66266cb
2026-03-05,0.005356230863883531,14,isotropic_constructed_macro_nats_full_precision_v3,0552c7f4701ada91e31e916f992171b9418cb47d283a56e61f311581d66266cb
2026-03-09,0.0043234751309693675,14,isotropic_constructed_macro_nats_full_precision_v3,0552c7f4701ada91e31e916f992171b9418cb47d283a56e61f311581d66266cb
2026-03-11,0.004603682272622429,14,isotropic_constructed_macro_nats_full_precision_v3,0552c7f4701ada91e31e916f992171b9418cb47d283a56e61f311581d66266cb
2026-03-13,0.004466345978624102,14,isotropic_constructed_macro_nats_full_precision_v3,0552c7f4701ada91e31e916f992171b9418cb47d283a56e61f311581d66266cb
2026-03-17,0.0043638251970509676,14,isotropic_constructed_macro_nats_full_precision_v3,0552c7f4701ada91e31e916f992171b9418cb47d283a56e61f311581d66266cb
2026-03-19,0.005509491361096748,5,isotropic_constructed_macro_nats_full_precision_v3,0552c7f4701ada91e31e916f992171b9418cb47d283a56e61f311581d66266cb
2026-03-23,0.004509639150438373,14,isotropic_constructed_macro_nats_full_precision_v3,0552c7f4701ada91e31e916f992171b9418cb47d283a56e61f311581d66266cb
2026-03-25,0.004902470420510716,3,isotropic_constructed_macro_nats_full_precision_v3,0552c7f4701ada91e31e916f992171b9418cb47d283a56e61f311581d66266cb
2026-03-27,0.004851559994187821,3,isotropic_constructed_macro_nats_full_precision_v3,0552c7f4701ada91e31e916f992171b9418cb47d283a56e61f311581d66266cb
2026-03-31,0.005649464264144886,3,isotropic_constructed_macro_nats_full_precision_v3,0552c7f4701ada91e31e916f992171b9418cb47d283a56e61f311581d66266cb
2026-04-02,0.005254239579628242,3,isotropic_constructed_macro_nats_full_precision_v3,0552c7f4701ada91e31e916f992171b9418cb47d283a56e61f311581d66266cb
2026-04-07,0.005246130988791245,3,isotropic_constructed_macro_nats_full_precision_v3,0552c7f4701ada91e31e916f992171b9418cb47d283a56e61f311581d66266cb
2026-04-09,0.0036435882763627345,21,isotropic_constructed_macro_nats_full_precision_v3,0552c7f4701ada91e31e916f992171b9418cb47d283a56e61f311581d66266cb
2026-04-13,0.003927547578723885,3,isotropic_constructed_macro_nats_full_precision_v3,0552c7f4701ada91e31e916f992171b9418cb47d283a56e61f311581d66266cb
2026-04-15,0.0038038131637195896,14,isotropic_constructed_macro_nats_full_precision_v3,0552c7f4701ada91e31e916f992171b9418cb47d283a56e61f311581d66266cb
2026-04-17,0.004928815871167676,1,isotropic_constructed_macro_nats_full_precision_v3,0552c7f4701ada91e31e916f992171b9418cb47d283a56e61f311581d66266cb
2026-04-21,0.0035262757168104397,14,isotropic_constructed_macro_nats_full_precision_v3,0552c7f4701ada91e31e916f992171b9418cb47d283a56e61f311581d66266cb
2026-04-23,0.004115322658331408,5,isotropic_constructed_macro_nats_full_precision_v3,0552c7f4701ada91e31e916f992171b9418cb47d283a56e61f311581d66266cb
2026-04-27,0.004722573007926438,5,isotropic_constructed_macro_nats_full_precision_v3,0552c7f4701ada91e31e916f992171b9418cb47d283a56e61f311581d66266cb
2026-04-29,0.004362996279440527,5,isotropic_constructed_macro_nats_full_precision_v3,0552c7f4701ada91e31e916f992171b9418cb47d283a56e61f311581d66266cb
2026-05-01,0.00336685390526726,2,isotropic_constructed_macro_nats_full_precision_v3,0552c7f4701ada91e31e916f992171b9418cb47d283a56e61f311581d66266cb
2026-05-05,0.003583731618491147,14,isotropic_constructed_macro_nats_full_precision_v3,0552c7f4701ada91e31e916f992171b9418cb47d283a56e61f311581d66266cb
2026-05-07,0.0031931468356801024,14,isotropic_constructed_macro_nats_full_precision_v3,0552c7f4701ada91e31e916f992171b9418cb47d283a56e61f311581d66266cb
2026-05-11,0.003586099910780717,13,isotropic_constructed_macro_nats_full_precision_v3,0552c7f4701ada91e31e916f992171b9418cb47d283a56e61f311581d66266cb
2026-05-13,0.00373931863869556,13,isotropic_constructed_macro_nats_full_precision_v3,0552c7f4701ada91e31e916f992171b9418cb47d283a56e61f311581d66266cb
2026-05-15,0.0037045249795674487,14,isotropic_constructed_macro_nats_full_precision_v3,0552c7f4701ada91e31e916f992171b9418cb47d283a56e61f311581d66266cb
2026-05-19,0.003918071604273418,14,isotropic_constructed_macro_nats_full_precision_v3,0552c7f4701ada91e31e916f992171b9418cb47d283a56e61f311581d66266cb
2026-05-21,0.0035054182230160533,14,isotropic_constructed_macro_nats_full_precision_v3,0552c7f4701ada91e31e916f992171b9418cb47d283a56e61f311581d66266cb
2026-05-26,0.003594088281955704,14,isotropic_constructed_macro_nats_full_precision_v3,0552c7f4701ada91e31e916f992171b9418cb47d283a56e61f311581d66266cb
2026-05-28,0.003967633192113566,14,isotropic_constructed_macro_nats_full_precision_v3,0552c7f4701ada91e31e916f992171b9418cb47d283a56e61f311581d66266cb
2026-06-01,0.004434637450439996,14,isotropic_constructed_macro_nats_full_precision_v3,0552c7f4701ada91e31e916f992171b9418cb47d283a56e61f311581d66266cb
2026-06-03,0.004839599538408242,14,isotropic_constructed_macro_nats_full_precision_v3,0552c7f4701ada91e31e916f992171b9418cb47d283a56e61f311581d66266cb
2026-06-05,0.00541806498698693,13,isotropic_constructed_macro_nats_full_precision_v3,0552c7f4701ada91e31e916f992171b9418cb47d283a56e61f311581d66266cb
2026-06-09,0.005068567443513659,13,isotropic_constructed_macro_nats_full_precision_v3,0552c7f4701ada91e31e916f992171b9418cb47d283a56e61f311581d66266cb
2026-06-11,0.005982289205300216,13,isotropic_constructed_macro_nats_full_precision_v3,0552c7f4701ada91e31e916f992171b9418cb47d283a56e61f311581d66266cb
2026-06-15,0.005907650291284525,13,isotropic_constructed_macro_nats_full_precision_v3,0552c7f4701ada91e31e916f992171b9418cb47d283a56e61f311581d66266cb
2026-06-17,0.00519736033468958,14,isotropic_constructed_macro_nats_full_precision_v3,0552c7f4701ada91e31e916f992171b9418cb47d283a56e61f311581d66266cb
2026-06-22,0.004987435946542815,13,isotropic_constructed_macro_nats_full_precision_v3,0552c7f4701ada91e31e916f992171b9418cb47d283a56e61f311581d66266cb
2026-06-24,0.004451450478608093,13,isotropic_constructed_macro_nats_full_precision_v3,0552c7f4701ada91e31e916f992171b9418cb47d283a56e61f311581d66266cb
2026-06-26,0.004956371251281413,8,isotropic_constructed_macro_nats_full_precision_v3,0552c7f4701ada91e31e916f992171b9418cb47d283a56e61f311581d66266cb
2026-06-30,0.004887241714061477,14,isotropic_constructed_macro_nats_full_precision_v3,0552c7f4701ada91e31e916f992171b9418cb47d283a56e61f311581d66266cb
