Date,cefi,estimator_spec,estimator_sha256
1993-12-13,0.33359619646035016,isotropic_constructed_macro_nats_full_precision_v3,0552c7f4701ada91e31e916f992171b9418cb47d283a56e61f311581d66266cb
1993-12-15,0.4134062435915123,isotropic_constructed_macro_nats_full_precision_v3,0552c7f4701ada91e31e916f992171b9418cb47d283a56e61f311581d66266cb
1993-12-17,0.41570317263300066,isotropic_constructed_macro_nats_full_precision_v3,0552c7f4701ada91e31e916f992171b9418cb47d283a56e61f311581d66266cb
1993-12-21,0.32238971990952586,isotropic_constructed_macro_nats_full_precision_v3,0552c7f4701ada91e31e916f992171b9418cb47d283a56e61f311581d66266cb
1993-12-23,0.41745376463913936,isotropic_constructed_macro_nats_full_precision_v3,0552c7f4701ada91e31e916f992171b9418cb47d283a56e61f311581d66266cb
1993-12-28,0.30567064515680104,isotropic_constructed_macro_nats_full_precision_v3,0552c7f4701ada91e31e916f992171b9418cb47d283a56e61f311581d66266cb
1993-12-30,0.411252087143418,isotropic_constructed_macro_nats_full_precision_v3,0552c7f4701ada91e31e916f992171b9418cb47d283a56e61f311581d66266cb
1994-01-03,0.4175888544753087,isotropic_constructed_macro_nats_full_precision_v3,0552c7f4701ada91e31e916f992171b9418cb47d283a56e61f311581d66266cb
1994-01-05,0.42431536413435744,isotropic_constructed_macro_nats_full_precision_v3,0552c7f4701ada91e31e916f992171b9418cb47d283a56e61f311581d66266cb
1994-01-07,0.32063398154770695,isotropic_constructed_macro_nats_full_precision_v3,0552c7f4701ada91e31e916f992171b9418cb47d283a56e61f311581d66266cb
1994-01-11,0.42342637925710647,isotropic_constructed_macro_nats_full_precision_v3,0552c7f4701ada91e31e916f992171b9418cb47d283a56e61f311581d66266cb
1994-01-13,0.4009217913033158,isotropic_constructed_macro_nats_full_precision_v3,0552c7f4701ada91e31e916f992171b9418cb47d283a56e61f311581d66266cb
1994-01-17,0.4205430925008595,isotropic_constructed_macro_nats_full_precision_v3,0552c7f4701ada91e31e916f992171b9418cb47d283a56e61f311581d66266cb
1994-01-19,0.41182864266152175,isotropic_constructed_macro_nats_full_precision_v3,0552c7f4701ada91e31e916f992171b9418cb47d283a56e61f311581d66266cb
1994-01-21,0.4165798698483563,isotropic_constructed_macro_nats_full_precision_v3,0552c7f4701ada91e31e916f992171b9418cb47d283a56e61f311581d66266cb
1994-01-25,0.3165355050767843,isotropic_constructed_macro_nats_full_precision_v3,0552c7f4701ada91e31e916f992171b9418cb47d283a56e61f311581d66266cb
1994-01-27,0.4209503050594316,isotropic_constructed_macro_nats_full_precision_v3,0552c7f4701ada91e31e916f992171b9418cb47d283a56e61f311581d66266cb
1994-01-31,0.40499807048377956,isotropic_constructed_macro_nats_full_precision_v3,0552c7f4701ada91e31e916f992171b9418cb47d283a56e61f311581d66266cb
1994-02-02,0.4038753307189999,isotropic_constructed_macro_nats_full_precision_v3,0552c7f4701ada91e31e916f992171b9418cb47d283a56e61f311581d66266cb
1994-02-04,0.38016748839423914,isotropic_constructed_macro_nats_full_precision_v3,0552c7f4701ada91e31e916f992171b9418cb47d283a56e61f311581d66266cb
1994-02-08,0.4024524063884568,isotropic_constructed_macro_nats_full_precision_v3,0552c7f4701ada91e31e916f992171b9418cb47d283a56e61f311581d66266cb
1994-02-10,0.39259787542229235,isotropic_constructed_macro_nats_full_precision_v3,0552c7f4701ada91e31e916f992171b9418cb47d283a56e61f311581d66266cb
1994-02-14,0.3835161854625917,isotropic_constructed_macro_nats_full_precision_v3,0552c7f4701ada91e31e916f992171b9418cb47d283a56e61f311581d66266cb
1994-02-16,0.3857985511946921,isotropic_constructed_macro_nats_full_precision_v3,0552c7f4701ada91e31e916f992171b9418cb47d283a56e61f311581d66266cb
1994-02-18,0.381791513875476,isotropic_constructed_macro_nats_full_precision_v3,0552c7f4701ada91e31e916f992171b9418cb47d283a56e61f311581d66266cb
1994-02-23,0.3606234258413495,isotropic_constructed_macro_nats_full_precision_v3,0552c7f4701ada91e31e916f992171b9418cb47d283a56e61f311581d66266cb
1994-02-25,0.3604905783919665,isotropic_constructed_macro_nats_full_precision_v3,0552c7f4701ada91e31e916f992171b9418cb47d283a56e61f311581d66266cb
1994-03-01,0.356426249424114,isotropic_constructed_macro_nats_full_precision_v3,0552c7f4701ada91e31e916f992171b9418cb47d283a56e61f311581d66266cb
1994-03-03,0.3534801487852925,isotropic_constructed_macro_nats_full_precision_v3,0552c7f4701ada91e31e916f992171b9418cb47d283a56e61f311581d66266cb
1994-03-07,0.3595366721936531,isotropic_constructed_macro_nats_full_precision_v3,0552c7f4701ada91e31e916f992171b9418cb47d283a56e61f311581d66266cb
1994-03-09,0.3510020312704297,isotropic_constructed_macro_nats_full_precision_v3,0552c7f4701ada91e31e916f992171b9418cb47d283a56e61f311581d66266cb
1994-03-11,0.35202114976568044,isotropic_constructed_macro_nats_full_precision_v3,0552c7f4701ada91e31e916f992171b9418cb47d283a56e61f311581d66266cb
1994-03-15,0.3564290861497357,isotropic_constructed_macro_nats_full_precision_v3,0552c7f4701ada91e31e916f992171b9418cb47d283a56e61f311581d66266cb
1994-03-17,0.3558602837423912,isotropic_constructed_macro_nats_full_precision_v3,0552c7f4701ada91e31e916f992171b9418cb47d283a56e61f311581d66266cb
1994-03-21,0.35238047190491095,isotropic_constructed_macro_nats_full_precision_v3,0552c7f4701ada91e31e916f992171b9418cb47d283a56e61f311581d66266cb
1994-03-23,0.34618211358552264,isotropic_constructed_macro_nats_full_precision_v3,0552c7f4701ada91e31e916f992171b9418cb47d283a56e61f311581d66266cb
1994-03-25,0.3490404150555214,isotropic_constructed_macro_nats_full_precision_v3,0552c7f4701ada91e31e916f992171b9418cb47d283a56e61f311581d66266cb
1994-03-29,0.33185641396854065,isotropic_constructed_macro_nats_full_precision_v3,0552c7f4701ada91e31e916f992171b9418cb47d283a56e61f311581d66266cb
1994-03-31,0.33917908722544576,isotropic_constructed_macro_nats_full_precision_v3,0552c7f4701ada91e31e916f992171b9418cb47d283a56e61f311581d66266cb
1994-04-05,0.32984476458258005,isotropic_constructed_macro_nats_full_precision_v3,0552c7f4701ada91e31e916f992171b9418cb47d283a56e61f311581d66266cb
1994-04-07,0.3335206361076284,isotropic_constructed_macro_nats_full_precision_v3,0552c7f4701ada91e31e916f992171b9418cb47d283a56e61f311581d66266cb
1994-04-11,0.326531571946892,isotropic_constructed_macro_nats_full_precision_v3,0552c7f4701ada91e31e916f992171b9418cb47d283a56e61f311581d66266cb
1994-04-13,0.332088293162176,isotropic_constructed_macro_nats_full_precision_v3,0552c7f4701ada91e31e916f992171b9418cb47d283a56e61f311581d66266cb
1994-04-15,0.32802578565736096,isotropic_constructed_macro_nats_full_precision_v3,0552c7f4701ada91e31e916f992171b9418cb47d283a56e61f311581d66266cb
1994-04-19,0.3195330266175266,isotropic_constructed_macro_nats_full_precision_v3,0552c7f4701ada91e31e916f992171b9418cb47d283a56e61f311581d66266cb
1994-04-21,0.29967343080836484,isotropic_constructed_macro_nats_full_precision_v3,0552c7f4701ada91e31e916f992171b9418cb47d283a56e61f311581d66266cb
1994-04-25,0.2841356919829988,isotropic_constructed_macro_nats_full_precision_v3,0552c7f4701ada91e31e916f992171b9418cb47d283a56e61f311581d66266cb
1994-04-28,0.2803307805817583,isotropic_constructed_macro_nats_full_precision_v3,0552c7f4701ada91e31e916f992171b9418cb47d283a56e61f311581d66266cb
1994-05-02,0.2681273015283907,isotropic_constructed_macro_nats_full_precision_v3,0552c7f4701ada91e31e916f992171b9418cb47d283a56e61f311581d66266cb
1994-05-04,0.2624853279440372,isotropic_constructed_macro_nats_full_precision_v3,0552c7f4701ada91e31e916f992171b9418cb47d283a56e61f311581d66266cb
1994-05-06,0.27194038290918404,isotropic_constructed_macro_nats_full_precision_v3,0552c7f4701ada91e31e916f992171b9418cb47d283a56e61f311581d66266cb
1994-05-10,0.31719254513019923,isotropic_constructed_macro_nats_full_precision_v3,0552c7f4701ada91e31e916f992171b9418cb47d283a56e61f311581d66266cb
1994-05-12,0.323798547369064,isotropic_constructed_macro_nats_full_precision_v3,0552c7f4701ada91e31e916f992171b9418cb47d283a56e61f311581d66266cb
1994-05-16,0.315915961712638,isotropic_constructed_macro_nats_full_precision_v3,0552c7f4701ada91e31e916f992171b9418cb47d283a56e61f311581d66266cb
1994-05-18,0.3143194787254737,isotropic_constructed_macro_nats_full_precision_v3,0552c7f4701ada91e31e916f992171b9418cb47d283a56e61f311581d66266cb
1994-05-20,0.31246638145738215,isotropic_constructed_macro_nats_full_precision_v3,0552c7f4701ada91e31e916f992171b9418cb47d283a56e61f311581d66266cb
1994-05-24,0.31191882370655466,isotropic_constructed_macro_nats_full_precision_v3,0552c7f4701ada91e31e916f992171b9418cb47d283a56e61f311581d66266cb
1994-05-26,0.32054965657942885,isotropic_constructed_macro_nats_full_precision_v3,0552c7f4701ada91e31e916f992171b9418cb47d283a56e61f311581d66266cb
1994-05-31,0.3186828402467421,isotropic_constructed_macro_nats_full_precision_v3,0552c7f4701ada91e31e916f992171b9418cb47d283a56e61f311581d66266cb
1994-06-02,0.31366518766185275,isotropic_constructed_macro_nats_full_precision_v3,0552c7f4701ada91e31e916f992171b9418cb47d283a56e61f311581d66266cb
1994-06-06,0.3117853484550854,isotropic_constructed_macro_nats_full_precision_v3,0552c7f4701ada91e31e916f992171b9418cb47d283a56e61f311581d66266cb
1994-06-08,0.30739792312918807,isotropic_constructed_macro_nats_full_precision_v3,0552c7f4701ada91e31e916f992171b9418cb47d283a56e61f311581d66266cb
1994-06-10,0.3089345771852788,isotropic_constructed_macro_nats_full_precision_v3,0552c7f4701ada91e31e916f992171b9418cb47d283a56e61f311581d66266cb
1994-06-14,0.313989567891725,isotropic_constructed_macro_nats_full_precision_v3,0552c7f4701ada91e31e916f992171b9418cb47d283a56e61f311581d66266cb
1994-06-16,0.31451524504641604,isotropic_constructed_macro_nats_full_precision_v3,0552c7f4701ada91e31e916f992171b9418cb47d283a56e61f311581d66266cb
1994-06-20,0.32028202729010496,isotropic_constructed_macro_nats_full_precision_v3,0552c7f4701ada91e31e916f992171b9418cb47d283a56e61f311581d66266cb
1994-06-22,0.3172869336654934,isotropic_constructed_macro_nats_full_precision_v3,0552c7f4701ada91e31e916f992171b9418cb47d283a56e61f311581d66266cb
1994-06-24,0.3223122006170654,isotropic_constructed_macro_nats_full_precision_v3,0552c7f4701ada91e31e916f992171b9418cb47d283a56e61f311581d66266cb
1994-06-28,0.32391566519735693,isotropic_constructed_macro_nats_full_precision_v3,0552c7f4701ada91e31e916f992171b9418cb47d283a56e61f311581d66266cb
1994-06-30,0.3257926507298289,isotropic_constructed_macro_nats_full_precision_v3,0552c7f4701ada91e31e916f992171b9418cb47d283a56e61f311581d66266cb
1994-07-05,0.32514384084871006,isotropic_constructed_macro_nats_full_precision_v3,0552c7f4701ada91e31e916f992171b9418cb47d283a56e61f311581d66266cb
1994-07-07,0.32194256976705005,isotropic_constructed_macro_nats_full_precision_v3,0552c7f4701ada91e31e916f992171b9418cb47d283a56e61f311581d66266cb
1994-07-11,0.3134219605900209,isotropic_constructed_macro_nats_full_precision_v3,0552c7f4701ada91e31e916f992171b9418cb47d283a56e61f311581d66266cb
1994-07-13,0.3054930710472993,isotropic_constructed_macro_nats_full_precision_v3,0552c7f4701ada91e31e916f992171b9418cb47d283a56e61f311581d66266cb
1994-07-15,0.3050297596827754,isotropic_constructed_macro_nats_full_precision_v3,0552c7f4701ada91e31e916f992171b9418cb47d283a56e61f311581d66266cb
1994-07-19,0.29260641448076363,isotropic_constructed_macro_nats_full_precision_v3,0552c7f4701ada91e31e916f992171b9418cb47d283a56e61f311581d66266cb
1994-07-21,0.2817373234949794,isotropic_constructed_macro_nats_full_precision_v3,0552c7f4701ada91e31e916f992171b9418cb47d283a56e61f311581d66266cb
1994-07-25,0.2815748381950671,isotropic_constructed_macro_nats_full_precision_v3,0552c7f4701ada91e31e916f992171b9418cb47d283a56e61f311581d66266cb
1994-07-27,0.2809966282742008,isotropic_constructed_macro_nats_full_precision_v3,0552c7f4701ada91e31e916f992171b9418cb47d283a56e61f311581d66266cb
1994-07-29,0.2865633822793153,isotropic_constructed_macro_nats_full_precision_v3,0552c7f4701ada91e31e916f992171b9418cb47d283a56e61f311581d66266cb
1994-08-02,0.3053728046057011,isotropic_constructed_macro_nats_full_precision_v3,0552c7f4701ada91e31e916f992171b9418cb47d283a56e61f311581d66266cb
1994-08-04,0.3016223884197079,isotropic_constructed_macro_nats_full_precision_v3,0552c7f4701ada91e31e916f992171b9418cb47d283a56e61f311581d66266cb
1994-08-08,0.28983333301169095,isotropic_constructed_macro_nats_full_precision_v3,0552c7f4701ada91e31e916f992171b9418cb47d283a56e61f311581d66266cb
1994-08-10,0.2911130949054217,isotropic_constructed_macro_nats_full_precision_v3,0552c7f4701ada91e31e916f992171b9418cb47d283a56e61f311581d66266cb
1994-08-12,0.2924340530142711,isotropic_constructed_macro_nats_full_precision_v3,0552c7f4701ada91e31e916f992171b9418cb47d283a56e61f311581d66266cb
1994-08-16,0.28685202168747986,isotropic_constructed_macro_nats_full_precision_v3,0552c7f4701ada91e31e916f992171b9418cb47d283a56e61f311581d66266cb
1994-08-18,0.27509400122334204,isotropic_constructed_macro_nats_full_precision_v3,0552c7f4701ada91e31e916f992171b9418cb47d283a56e61f311581d66266cb
1994-08-22,0.27226020264704665,isotropic_constructed_macro_nats_full_precision_v3,0552c7f4701ada91e31e916f992171b9418cb47d283a56e61f311581d66266cb
1994-08-24,0.27179587937454414,isotropic_constructed_macro_nats_full_precision_v3,0552c7f4701ada91e31e916f992171b9418cb47d283a56e61f311581d66266cb
1994-08-26,0.27016921671555233,isotropic_constructed_macro_nats_full_precision_v3,0552c7f4701ada91e31e916f992171b9418cb47d283a56e61f311581d66266cb
1994-08-30,0.27091000351134825,isotropic_constructed_macro_nats_full_precision_v3,0552c7f4701ada91e31e916f992171b9418cb47d283a56e61f311581d66266cb
1994-09-01,0.26982440494164633,isotropic_constructed_macro_nats_full_precision_v3,0552c7f4701ada91e31e916f992171b9418cb47d283a56e61f311581d66266cb
1994-09-06,0.27111604407071266,isotropic_constructed_macro_nats_full_precision_v3,0552c7f4701ada91e31e916f992171b9418cb47d283a56e61f311581d66266cb
1994-09-08,0.2672213088131846,isotropic_constructed_macro_nats_full_precision_v3,0552c7f4701ada91e31e916f992171b9418cb47d283a56e61f311581d66266cb
1994-09-12,0.2705041682306593,isotropic_constructed_macro_nats_full_precision_v3,0552c7f4701ada91e31e916f992171b9418cb47d283a56e61f311581d66266cb
1994-09-14,0.2754926934265719,isotropic_constructed_macro_nats_full_precision_v3,0552c7f4701ada91e31e916f992171b9418cb47d283a56e61f311581d66266cb
1994-09-16,0.27055600993934126,isotropic_constructed_macro_nats_full_precision_v3,0552c7f4701ada91e31e916f992171b9418cb47d283a56e61f311581d66266cb
1994-09-20,0.2639888930098644,isotropic_constructed_macro_nats_full_precision_v3,0552c7f4701ada91e31e916f992171b9418cb47d283a56e61f311581d66266cb
1994-09-22,0.25996993746902136,isotropic_constructed_macro_nats_full_precision_v3,0552c7f4701ada91e31e916f992171b9418cb47d283a56e61f311581d66266cb
1994-09-26,0.25115627918997074,isotropic_constructed_macro_nats_full_precision_v3,0552c7f4701ada91e31e916f992171b9418cb47d283a56e61f311581d66266cb
1994-09-28,0.2511054874199379,isotropic_constructed_macro_nats_full_precision_v3,0552c7f4701ada91e31e916f992171b9418cb47d283a56e61f311581d66266cb
1994-09-30,0.25591144546632305,isotropic_constructed_macro_nats_full_precision_v3,0552c7f4701ada91e31e916f992171b9418cb47d283a56e61f311581d66266cb
1994-10-04,0.2570750367692785,isotropic_constructed_macro_nats_full_precision_v3,0552c7f4701ada91e31e916f992171b9418cb47d283a56e61f311581d66266cb
1994-10-06,0.253839229430759,isotropic_constructed_macro_nats_full_precision_v3,0552c7f4701ada91e31e916f992171b9418cb47d283a56e61f311581d66266cb
1994-10-10,0.2529027156186371,isotropic_constructed_macro_nats_full_precision_v3,0552c7f4701ada91e31e916f992171b9418cb47d283a56e61f311581d66266cb
1994-10-12,0.2561192065775107,isotropic_constructed_macro_nats_full_precision_v3,0552c7f4701ada91e31e916f992171b9418cb47d283a56e61f311581d66266cb
1994-10-14,0.2511190556714693,isotropic_constructed_macro_nats_full_precision_v3,0552c7f4701ada91e31e916f992171b9418cb47d283a56e61f311581d66266cb
1994-10-18,0.2477569942046332,isotropic_constructed_macro_nats_full_precision_v3,0552c7f4701ada91e31e916f992171b9418cb47d283a56e61f311581d66266cb
1994-10-20,0.24774463364600763,isotropic_constructed_macro_nats_full_precision_v3,0552c7f4701ada91e31e916f992171b9418cb47d283a56e61f311581d66266cb
1994-10-24,0.24681504843177376,isotropic_constructed_macro_nats_full_precision_v3,0552c7f4701ada91e31e916f992171b9418cb47d283a56e61f311581d66266cb
1994-10-26,0.23874808829080021,isotropic_constructed_macro_nats_full_precision_v3,0552c7f4701ada91e31e916f992171b9418cb47d283a56e61f311581d66266cb
1994-10-28,0.23495828123900236,isotropic_constructed_macro_nats_full_precision_v3,0552c7f4701ada91e31e916f992171b9418cb47d283a56e61f311581d66266cb
1994-11-01,0.2398777647547189,isotropic_constructed_macro_nats_full_precision_v3,0552c7f4701ada91e31e916f992171b9418cb47d283a56e61f311581d66266cb
1994-11-03,0.23995801248853282,isotropic_constructed_macro_nats_full_precision_v3,0552c7f4701ada91e31e916f992171b9418cb47d283a56e61f311581d66266cb
1994-11-07,0.24059657648888505,isotropic_constructed_macro_nats_full_precision_v3,0552c7f4701ada91e31e916f992171b9418cb47d283a56e61f311581d66266cb
1994-11-09,0.24018572691688883,isotropic_constructed_macro_nats_full_precision_v3,0552c7f4701ada91e31e916f992171b9418cb47d283a56e61f311581d66266cb
1994-11-11,0.23932331384123487,isotropic_constructed_macro_nats_full_precision_v3,0552c7f4701ada91e31e916f992171b9418cb47d283a56e61f311581d66266cb
1994-11-15,0.23962173866822145,isotropic_constructed_macro_nats_full_precision_v3,0552c7f4701ada91e31e916f992171b9418cb47d283a56e61f311581d66266cb
1994-11-17,0.23748068583183252,isotropic_constructed_macro_nats_full_precision_v3,0552c7f4701ada91e31e916f992171b9418cb47d283a56e61f311581d66266cb
1994-11-21,0.23628254327369835,isotropic_constructed_macro_nats_full_precision_v3,0552c7f4701ada91e31e916f992171b9418cb47d283a56e61f311581d66266cb
1994-11-23,0.24929136074775246,isotropic_constructed_macro_nats_full_precision_v3,0552c7f4701ada91e31e916f992171b9418cb47d283a56e61f311581d66266cb
1994-11-28,0.24114490068635142,isotropic_constructed_macro_nats_full_precision_v3,0552c7f4701ada91e31e916f992171b9418cb47d283a56e61f311581d66266cb
1994-11-30,0.24244752099911657,isotropic_constructed_macro_nats_full_precision_v3,0552c7f4701ada91e31e916f992171b9418cb47d283a56e61f311581d66266cb
1994-12-02,0.24155111926335807,isotropic_constructed_macro_nats_full_precision_v3,0552c7f4701ada91e31e916f992171b9418cb47d283a56e61f311581d66266cb
1994-12-06,0.2442773008822109,isotropic_constructed_macro_nats_full_precision_v3,0552c7f4701ada91e31e916f992171b9418cb47d283a56e61f311581d66266cb
1994-12-08,0.24831445796654747,isotropic_constructed_macro_nats_full_precision_v3,0552c7f4701ada91e31e916f992171b9418cb47d283a56e61f311581d66266cb
1994-12-12,0.2401378544701756,isotropic_constructed_macro_nats_full_precision_v3,0552c7f4701ada91e31e916f992171b9418cb47d283a56e61f311581d66266cb
1994-12-14,0.24260075827347732,isotropic_constructed_macro_nats_full_precision_v3,0552c7f4701ada91e31e916f992171b9418cb47d283a56e61f311581d66266cb
1994-12-16,0.2437561540413902,isotropic_constructed_macro_nats_full_precision_v3,0552c7f4701ada91e31e916f992171b9418cb47d283a56e61f311581d66266cb
1994-12-20,0.24224047102610974,isotropic_constructed_macro_nats_full_precision_v3,0552c7f4701ada91e31e916f992171b9418cb47d283a56e61f311581d66266cb
1994-12-22,0.24318235003953473,isotropic_constructed_macro_nats_full_precision_v3,0552c7f4701ada91e31e916f992171b9418cb47d283a56e61f311581d66266cb
1994-12-27,0.24465914986720214,isotropic_constructed_macro_nats_full_precision_v3,0552c7f4701ada91e31e916f992171b9418cb47d283a56e61f311581d66266cb
1994-12-29,0.2545655963698469,isotropic_constructed_macro_nats_full_precision_v3,0552c7f4701ada91e31e916f992171b9418cb47d283a56e61f311581d66266cb
1995-01-03,0.23432333803392313,isotropic_constructed_macro_nats_full_precision_v3,0552c7f4701ada91e31e916f992171b9418cb47d283a56e61f311581d66266cb
1995-01-05,0.2496408676714193,isotropic_constructed_macro_nats_full_precision_v3,0552c7f4701ada91e31e916f992171b9418cb47d283a56e61f311581d66266cb
1995-01-09,0.25269289477591983,isotropic_constructed_macro_nats_full_precision_v3,0552c7f4701ada91e31e916f992171b9418cb47d283a56e61f311581d66266cb
1995-01-11,0.25789814971883623,isotropic_constructed_macro_nats_full_precision_v3,0552c7f4701ada91e31e916f992171b9418cb47d283a56e61f311581d66266cb
1995-01-13,0.24096578990786052,isotropic_constructed_macro_nats_full_precision_v3,0552c7f4701ada91e31e916f992171b9418cb47d283a56e61f311581d66266cb
1995-01-17,0.2287382181209539,isotropic_constructed_macro_nats_full_precision_v3,0552c7f4701ada91e31e916f992171b9418cb47d283a56e61f311581d66266cb
1995-01-19,0.23831746805405576,isotropic_constructed_macro_nats_full_precision_v3,0552c7f4701ada91e31e916f992171b9418cb47d283a56e61f311581d66266cb
1995-01-23,0.24749674257671697,isotropic_constructed_macro_nats_full_precision_v3,0552c7f4701ada91e31e916f992171b9418cb47d283a56e61f311581d66266cb
1995-01-25,0.24646255471171574,isotropic_constructed_macro_nats_full_precision_v3,0552c7f4701ada91e31e916f992171b9418cb47d283a56e61f311581d66266cb
1995-01-27,0.2472579590467665,isotropic_constructed_macro_nats_full_precision_v3,0552c7f4701ada91e31e916f992171b9418cb47d283a56e61f311581d66266cb
1995-01-31,0.2465636583649178,isotropic_constructed_macro_nats_full_precision_v3,0552c7f4701ada91e31e916f992171b9418cb47d283a56e61f311581d66266cb
1995-02-02,0.24355449011046099,isotropic_constructed_macro_nats_full_precision_v3,0552c7f4701ada91e31e916f992171b9418cb47d283a56e61f311581d66266cb
1995-02-06,0.2383578550824597,isotropic_constructed_macro_nats_full_precision_v3,0552c7f4701ada91e31e916f992171b9418cb47d283a56e61f311581d66266cb
1995-02-08,0.23763490836979753,isotropic_constructed_macro_nats_full_precision_v3,0552c7f4701ada91e31e916f992171b9418cb47d283a56e61f311581d66266cb
1995-02-10,0.23645470546366376,isotropic_constructed_macro_nats_full_precision_v3,0552c7f4701ada91e31e916f992171b9418cb47d283a56e61f311581d66266cb
1995-02-14,0.23372882695405378,isotropic_constructed_macro_nats_full_precision_v3,0552c7f4701ada91e31e916f992171b9418cb47d283a56e61f311581d66266cb
1995-02-16,0.2311683877272897,isotropic_constructed_macro_nats_full_precision_v3,0552c7f4701ada91e31e916f992171b9418cb47d283a56e61f311581d66266cb
1995-02-21,0.23533414322715002,isotropic_constructed_macro_nats_full_precision_v3,0552c7f4701ada91e31e916f992171b9418cb47d283a56e61f311581d66266cb
1995-02-23,0.23739206142823394,isotropic_constructed_macro_nats_full_precision_v3,0552c7f4701ada91e31e916f992171b9418cb47d283a56e61f311581d66266cb
1995-02-27,0.23588529185770432,isotropic_constructed_macro_nats_full_precision_v3,0552c7f4701ada91e31e916f992171b9418cb47d283a56e61f311581d66266cb
1995-03-01,0.23437924458606552,isotropic_constructed_macro_nats_full_precision_v3,0552c7f4701ada91e31e916f992171b9418cb47d283a56e61f311581d66266cb
1995-03-03,0.22930358604504295,isotropic_constructed_macro_nats_full_precision_v3,0552c7f4701ada91e31e916f992171b9418cb47d283a56e61f311581d66266cb
1995-03-07,0.22108800913666288,isotropic_constructed_macro_nats_full_precision_v3,0552c7f4701ada91e31e916f992171b9418cb47d283a56e61f311581d66266cb
1995-03-09,0.22009558027631354,isotropic_constructed_macro_nats_full_precision_v3,0552c7f4701ada91e31e916f992171b9418cb47d283a56e61f311581d66266cb
1995-03-13,0.2200382861323107,isotropic_constructed_macro_nats_full_precision_v3,0552c7f4701ada91e31e916f992171b9418cb47d283a56e61f311581d66266cb
1995-03-15,0.21818448453808453,isotropic_constructed_macro_nats_full_precision_v3,0552c7f4701ada91e31e916f992171b9418cb47d283a56e61f311581d66266cb
1995-03-17,0.21756628556150115,isotropic_constructed_macro_nats_full_precision_v3,0552c7f4701ada91e31e916f992171b9418cb47d283a56e61f311581d66266cb
1995-03-21,0.2185194565855784,isotropic_constructed_macro_nats_full_precision_v3,0552c7f4701ada91e31e916f992171b9418cb47d283a56e61f311581d66266cb
1995-03-23,0.22646834447946512,isotropic_constructed_macro_nats_full_precision_v3,0552c7f4701ada91e31e916f992171b9418cb47d283a56e61f311581d66266cb
1995-03-27,0.23615567200645285,isotropic_constructed_macro_nats_full_precision_v3,0552c7f4701ada91e31e916f992171b9418cb47d283a56e61f311581d66266cb
1995-03-29,0.23274063389296942,isotropic_constructed_macro_nats_full_precision_v3,0552c7f4701ada91e31e916f992171b9418cb47d283a56e61f311581d66266cb
1995-03-31,0.23897461624511424,isotropic_constructed_macro_nats_full_precision_v3,0552c7f4701ada91e31e916f992171b9418cb47d283a56e61f311581d66266cb
1995-04-04,0.23749018986948417,isotropic_constructed_macro_nats_full_precision_v3,0552c7f4701ada91e31e916f992171b9418cb47d283a56e61f311581d66266cb
1995-04-06,0.23543494785986857,isotropic_constructed_macro_nats_full_precision_v3,0552c7f4701ada91e31e916f992171b9418cb47d283a56e61f311581d66266cb
1995-04-10,0.2329076108565607,isotropic_constructed_macro_nats_full_precision_v3,0552c7f4701ada91e31e916f992171b9418cb47d283a56e61f311581d66266cb
1995-04-12,0.23139383446700137,isotropic_constructed_macro_nats_full_precision_v3,0552c7f4701ada91e31e916f992171b9418cb47d283a56e61f311581d66266cb
1995-04-17,0.23512055718471608,isotropic_constructed_macro_nats_full_precision_v3,0552c7f4701ada91e31e916f992171b9418cb47d283a56e61f311581d66266cb
1995-04-19,0.23818689291184753,isotropic_constructed_macro_nats_full_precision_v3,0552c7f4701ada91e31e916f992171b9418cb47d283a56e61f311581d66266cb
1995-04-21,0.23967011674791106,isotropic_constructed_macro_nats_full_precision_v3,0552c7f4701ada91e31e916f992171b9418cb47d283a56e61f311581d66266cb
1995-04-25,0.23615714955284056,isotropic_constructed_macro_nats_full_precision_v3,0552c7f4701ada91e31e916f992171b9418cb47d283a56e61f311581d66266cb
1995-04-27,0.2349007437465485,isotropic_constructed_macro_nats_full_precision_v3,0552c7f4701ada91e31e916f992171b9418cb47d283a56e61f311581d66266cb
1995-05-01,0.22923585119414985,isotropic_constructed_macro_nats_full_precision_v3,0552c7f4701ada91e31e916f992171b9418cb47d283a56e61f311581d66266cb
1995-05-03,0.23239227201130308,isotropic_constructed_macro_nats_full_precision_v3,0552c7f4701ada91e31e916f992171b9418cb47d283a56e61f311581d66266cb
1995-05-05,0.23722780457622178,isotropic_constructed_macro_nats_full_precision_v3,0552c7f4701ada91e31e916f992171b9418cb47d283a56e61f311581d66266cb
1995-05-09,0.24781688993234163,isotropic_constructed_macro_nats_full_precision_v3,0552c7f4701ada91e31e916f992171b9418cb47d283a56e61f311581d66266cb
1995-05-11,0.24315521593554615,isotropic_constructed_macro_nats_full_precision_v3,0552c7f4701ada91e31e916f992171b9418cb47d283a56e61f311581d66266cb
1995-05-15,0.23867865274290323,isotropic_constructed_macro_nats_full_precision_v3,0552c7f4701ada91e31e916f992171b9418cb47d283a56e61f311581d66266cb
1995-05-17,0.24357454554099214,isotropic_constructed_macro_nats_full_precision_v3,0552c7f4701ada91e31e916f992171b9418cb47d283a56e61f311581d66266cb
1995-05-19,0.24256485335693068,isotropic_constructed_macro_nats_full_precision_v3,0552c7f4701ada91e31e916f992171b9418cb47d283a56e61f311581d66266cb
1995-05-23,0.2402751462187469,isotropic_constructed_macro_nats_full_precision_v3,0552c7f4701ada91e31e916f992171b9418cb47d283a56e61f311581d66266cb
1995-05-25,0.23345446925004049,isotropic_constructed_macro_nats_full_precision_v3,0552c7f4701ada91e31e916f992171b9418cb47d283a56e61f311581d66266cb
1995-05-30,0.22479075292401546,isotropic_constructed_macro_nats_full_precision_v3,0552c7f4701ada91e31e916f992171b9418cb47d283a56e61f311581d66266cb
1995-06-01,0.22410887797385037,isotropic_constructed_macro_nats_full_precision_v3,0552c7f4701ada91e31e916f992171b9418cb47d283a56e61f311581d66266cb
1995-06-05,0.2210304311311661,isotropic_constructed_macro_nats_full_precision_v3,0552c7f4701ada91e31e916f992171b9418cb47d283a56e61f311581d66266cb
1995-06-07,0.22894150160101306,isotropic_constructed_macro_nats_full_precision_v3,0552c7f4701ada91e31e916f992171b9418cb47d283a56e61f311581d66266cb
1995-06-09,0.23394777563233712,isotropic_constructed_macro_nats_full_precision_v3,0552c7f4701ada91e31e916f992171b9418cb47d283a56e61f311581d66266cb
1995-06-13,0.22702970933630612,isotropic_constructed_macro_nats_full_precision_v3,0552c7f4701ada91e31e916f992171b9418cb47d283a56e61f311581d66266cb
1995-06-15,0.22015542558240941,isotropic_constructed_macro_nats_full_precision_v3,0552c7f4701ada91e31e916f992171b9418cb47d283a56e61f311581d66266cb
1995-06-19,0.21814076262251483,isotropic_constructed_macro_nats_full_precision_v3,0552c7f4701ada91e31e916f992171b9418cb47d283a56e61f311581d66266cb
1995-06-21,0.22145252455747333,isotropic_constructed_macro_nats_full_precision_v3,0552c7f4701ada91e31e916f992171b9418cb47d283a56e61f311581d66266cb
1995-06-23,0.2226568021278163,isotropic_constructed_macro_nats_full_precision_v3,0552c7f4701ada91e31e916f992171b9418cb47d283a56e61f311581d66266cb
1995-06-27,0.21923682192394867,isotropic_constructed_macro_nats_full_precision_v3,0552c7f4701ada91e31e916f992171b9418cb47d283a56e61f311581d66266cb
1995-06-29,0.22045078736388452,isotropic_constructed_macro_nats_full_precision_v3,0552c7f4701ada91e31e916f992171b9418cb47d283a56e61f311581d66266cb
1995-07-03,0.2196847514271224,isotropic_constructed_macro_nats_full_precision_v3,0552c7f4701ada91e31e916f992171b9418cb47d283a56e61f311581d66266cb
1995-07-06,0.21752977754167258,isotropic_constructed_macro_nats_full_precision_v3,0552c7f4701ada91e31e916f992171b9418cb47d283a56e61f311581d66266cb
1995-07-10,0.21689030190704034,isotropic_constructed_macro_nats_full_precision_v3,0552c7f4701ada91e31e916f992171b9418cb47d283a56e61f311581d66266cb
1995-07-12,0.21588289162870175,isotropic_constructed_macro_nats_full_precision_v3,0552c7f4701ada91e31e916f992171b9418cb47d283a56e61f311581d66266cb
1995-07-14,0.21750430119900138,isotropic_constructed_macro_nats_full_precision_v3,0552c7f4701ada91e31e916f992171b9418cb47d283a56e61f311581d66266cb
1995-07-18,0.21581053120693613,isotropic_constructed_macro_nats_full_precision_v3,0552c7f4701ada91e31e916f992171b9418cb47d283a56e61f311581d66266cb
1995-07-20,0.21813547014335957,isotropic_constructed_macro_nats_full_precision_v3,0552c7f4701ada91e31e916f992171b9418cb47d283a56e61f311581d66266cb
1995-07-24,0.21999478279681733,isotropic_constructed_macro_nats_full_precision_v3,0552c7f4701ada91e31e916f992171b9418cb47d283a56e61f311581d66266cb
1995-07-26,0.20255319597416968,isotropic_constructed_macro_nats_full_precision_v3,0552c7f4701ada91e31e916f992171b9418cb47d283a56e61f311581d66266cb
1995-07-28,0.19874186483211864,isotropic_constructed_macro_nats_full_precision_v3,0552c7f4701ada91e31e916f992171b9418cb47d283a56e61f311581d66266cb
1995-08-01,0.19946500076739487,isotropic_constructed_macro_nats_full_precision_v3,0552c7f4701ada91e31e916f992171b9418cb47d283a56e61f311581d66266cb
1995-08-03,0.18331630540242916,isotropic_constructed_macro_nats_full_precision_v3,0552c7f4701ada91e31e916f992171b9418cb47d283a56e61f311581d66266cb
1995-08-07,0.1660237882165384,isotropic_constructed_macro_nats_full_precision_v3,0552c7f4701ada91e31e916f992171b9418cb47d283a56e61f311581d66266cb
1995-08-09,0.1698916750087101,isotropic_constructed_macro_nats_full_precision_v3,0552c7f4701ada91e31e916f992171b9418cb47d283a56e61f311581d66266cb
1995-08-11,0.16544686787192908,isotropic_constructed_macro_nats_full_precision_v3,0552c7f4701ada91e31e916f992171b9418cb47d283a56e61f311581d66266cb
1995-08-15,0.16668502504353266,isotropic_constructed_macro_nats_full_precision_v3,0552c7f4701ada91e31e916f992171b9418cb47d283a56e61f311581d66266cb
1995-08-17,0.16684094728707677,isotropic_constructed_macro_nats_full_precision_v3,0552c7f4701ada91e31e916f992171b9418cb47d283a56e61f311581d66266cb
1995-08-21,0.16142958882235792,isotropic_constructed_macro_nats_full_precision_v3,0552c7f4701ada91e31e916f992171b9418cb47d283a56e61f311581d66266cb
1995-08-23,0.1575475186897996,isotropic_constructed_macro_nats_full_precision_v3,0552c7f4701ada91e31e916f992171b9418cb47d283a56e61f311581d66266cb
1995-08-25,0.16216430424021927,isotropic_constructed_macro_nats_full_precision_v3,0552c7f4701ada91e31e916f992171b9418cb47d283a56e61f311581d66266cb
1995-08-29,0.16477467227443637,isotropic_constructed_macro_nats_full_precision_v3,0552c7f4701ada91e31e916f992171b9418cb47d283a56e61f311581d66266cb
1995-08-31,0.16321778405733778,isotropic_constructed_macro_nats_full_precision_v3,0552c7f4701ada91e31e916f992171b9418cb47d283a56e61f311581d66266cb
1995-09-05,0.16579481229039708,isotropic_constructed_macro_nats_full_precision_v3,0552c7f4701ada91e31e916f992171b9418cb47d283a56e61f311581d66266cb
1995-09-07,0.17097101561317796,isotropic_constructed_macro_nats_full_precision_v3,0552c7f4701ada91e31e916f992171b9418cb47d283a56e61f311581d66266cb
1995-09-11,0.16358826227777074,isotropic_constructed_macro_nats_full_precision_v3,0552c7f4701ada91e31e916f992171b9418cb47d283a56e61f311581d66266cb
1995-09-13,0.16662066751016708,isotropic_constructed_macro_nats_full_precision_v3,0552c7f4701ada91e31e916f992171b9418cb47d283a56e61f311581d66266cb
1995-09-15,0.1744658912337786,isotropic_constructed_macro_nats_full_precision_v3,0552c7f4701ada91e31e916f992171b9418cb47d283a56e61f311581d66266cb
1995-09-19,0.14017187988830013,isotropic_constructed_macro_nats_full_precision_v3,0552c7f4701ada91e31e916f992171b9418cb47d283a56e61f311581d66266cb
1995-09-21,0.13946018973529561,isotropic_constructed_macro_nats_full_precision_v3,0552c7f4701ada91e31e916f992171b9418cb47d283a56e61f311581d66266cb
1995-09-25,0.13775912342668656,isotropic_constructed_macro_nats_full_precision_v3,0552c7f4701ada91e31e916f992171b9418cb47d283a56e61f311581d66266cb
1995-09-27,0.1429406792423192,isotropic_constructed_macro_nats_full_precision_v3,0552c7f4701ada91e31e916f992171b9418cb47d283a56e61f311581d66266cb
1995-09-29,0.1502055069942927,isotropic_constructed_macro_nats_full_precision_v3,0552c7f4701ada91e31e916f992171b9418cb47d283a56e61f311581d66266cb
1995-10-03,0.1538165713351459,isotropic_constructed_macro_nats_full_precision_v3,0552c7f4701ada91e31e916f992171b9418cb47d283a56e61f311581d66266cb
1995-10-05,0.15356591734003344,isotropic_constructed_macro_nats_full_precision_v3,0552c7f4701ada91e31e916f992171b9418cb47d283a56e61f311581d66266cb
1995-10-09,0.1529049962245097,isotropic_constructed_macro_nats_full_precision_v3,0552c7f4701ada91e31e916f992171b9418cb47d283a56e61f311581d66266cb
1995-10-11,0.15292177271475899,isotropic_constructed_macro_nats_full_precision_v3,0552c7f4701ada91e31e916f992171b9418cb47d283a56e61f311581d66266cb
1995-10-13,0.1469323761805183,isotropic_constructed_macro_nats_full_precision_v3,0552c7f4701ada91e31e916f992171b9418cb47d283a56e61f311581d66266cb
1995-10-17,0.14906260912154484,isotropic_constructed_macro_nats_full_precision_v3,0552c7f4701ada91e31e916f992171b9418cb47d283a56e61f311581d66266cb
1995-10-19,0.14423587168470947,isotropic_constructed_macro_nats_full_precision_v3,0552c7f4701ada91e31e916f992171b9418cb47d283a56e61f311581d66266cb
1995-10-23,0.14861015144210513,isotropic_constructed_macro_nats_full_precision_v3,0552c7f4701ada91e31e916f992171b9418cb47d283a56e61f311581d66266cb
1995-10-25,0.1517132692603078,isotropic_constructed_macro_nats_full_precision_v3,0552c7f4701ada91e31e916f992171b9418cb47d283a56e61f311581d66266cb
1995-10-27,0.1465039160229109,isotropic_constructed_macro_nats_full_precision_v3,0552c7f4701ada91e31e916f992171b9418cb47d283a56e61f311581d66266cb
1995-10-31,0.13681269117290645,isotropic_constructed_macro_nats_full_precision_v3,0552c7f4701ada91e31e916f992171b9418cb47d283a56e61f311581d66266cb
1995-11-02,0.12729837018826817,isotropic_constructed_macro_nats_full_precision_v3,0552c7f4701ada91e31e916f992171b9418cb47d283a56e61f311581d66266cb
1995-11-06,0.12929344118819053,isotropic_constructed_macro_nats_full_precision_v3,0552c7f4701ada91e31e916f992171b9418cb47d283a56e61f311581d66266cb
1995-11-08,0.12867915064077512,isotropic_constructed_macro_nats_full_precision_v3,0552c7f4701ada91e31e916f992171b9418cb47d283a56e61f311581d66266cb
1995-11-10,0.12898237151277037,isotropic_constructed_macro_nats_full_precision_v3,0552c7f4701ada91e31e916f992171b9418cb47d283a56e61f311581d66266cb
1995-11-14,0.1302387829003843,isotropic_constructed_macro_nats_full_precision_v3,0552c7f4701ada91e31e916f992171b9418cb47d283a56e61f311581d66266cb
1995-11-16,0.12989893280069484,isotropic_constructed_macro_nats_full_precision_v3,0552c7f4701ada91e31e916f992171b9418cb47d283a56e61f311581d66266cb
1995-11-20,0.13223522400919208,isotropic_constructed_macro_nats_full_precision_v3,0552c7f4701ada91e31e916f992171b9418cb47d283a56e61f311581d66266cb
1995-11-22,0.13241613739293773,isotropic_constructed_macro_nats_full_precision_v3,0552c7f4701ada91e31e916f992171b9418cb47d283a56e61f311581d66266cb
1995-11-27,0.13108893663746954,isotropic_constructed_macro_nats_full_precision_v3,0552c7f4701ada91e31e916f992171b9418cb47d283a56e61f311581d66266cb
1995-11-29,0.12334474082967149,isotropic_constructed_macro_nats_full_precision_v3,0552c7f4701ada91e31e916f992171b9418cb47d283a56e61f311581d66266cb
1995-12-01,0.11843992044391195,isotropic_constructed_macro_nats_full_precision_v3,0552c7f4701ada91e31e916f992171b9418cb47d283a56e61f311581d66266cb
1995-12-05,0.11456136732522613,isotropic_constructed_macro_nats_full_precision_v3,0552c7f4701ada91e31e916f992171b9418cb47d283a56e61f311581d66266cb
1995-12-07,0.11991148569642013,isotropic_constructed_macro_nats_full_precision_v3,0552c7f4701ada91e31e916f992171b9418cb47d283a56e61f311581d66266cb
1995-12-11,0.11812612081430149,isotropic_constructed_macro_nats_full_precision_v3,0552c7f4701ada91e31e916f992171b9418cb47d283a56e61f311581d66266cb
1995-12-13,0.12328332501850241,isotropic_constructed_macro_nats_full_precision_v3,0552c7f4701ada91e31e916f992171b9418cb47d283a56e61f311581d66266cb
1995-12-15,0.12455134630760684,isotropic_constructed_macro_nats_full_precision_v3,0552c7f4701ada91e31e916f992171b9418cb47d283a56e61f311581d66266cb
1995-12-19,0.12728482762798687,isotropic_constructed_macro_nats_full_precision_v3,0552c7f4701ada91e31e916f992171b9418cb47d283a56e61f311581d66266cb
1995-12-21,0.12804773982880627,isotropic_constructed_macro_nats_full_precision_v3,0552c7f4701ada91e31e916f992171b9418cb47d283a56e61f311581d66266cb
1995-12-26,0.12795083966421583,isotropic_constructed_macro_nats_full_precision_v3,0552c7f4701ada91e31e916f992171b9418cb47d283a56e61f311581d66266cb
1995-12-28,0.11995443677880206,isotropic_constructed_macro_nats_full_precision_v3,0552c7f4701ada91e31e916f992171b9418cb47d283a56e61f311581d66266cb
1996-01-02,0.11616519552326364,isotropic_constructed_macro_nats_full_precision_v3,0552c7f4701ada91e31e916f992171b9418cb47d283a56e61f311581d66266cb
1996-01-04,0.11571025902178961,isotropic_constructed_macro_nats_full_precision_v3,0552c7f4701ada91e31e916f992171b9418cb47d283a56e61f311581d66266cb
1996-01-08,0.11999100821511632,isotropic_constructed_macro_nats_full_precision_v3,0552c7f4701ada91e31e916f992171b9418cb47d283a56e61f311581d66266cb
1996-01-10,0.12070077476950859,isotropic_constructed_macro_nats_full_precision_v3,0552c7f4701ada91e31e916f992171b9418cb47d283a56e61f311581d66266cb
1996-01-12,0.11660509077607202,isotropic_constructed_macro_nats_full_precision_v3,0552c7f4701ada91e31e916f992171b9418cb47d283a56e61f311581d66266cb
1996-01-16,0.12018324222597195,isotropic_constructed_macro_nats_full_precision_v3,0552c7f4701ada91e31e916f992171b9418cb47d283a56e61f311581d66266cb
1996-01-18,0.11790880445814983,isotropic_constructed_macro_nats_full_precision_v3,0552c7f4701ada91e31e916f992171b9418cb47d283a56e61f311581d66266cb
1996-01-22,0.11779233425930406,isotropic_constructed_macro_nats_full_precision_v3,0552c7f4701ada91e31e916f992171b9418cb47d283a56e61f311581d66266cb
1996-01-24,0.11729605390041165,isotropic_constructed_macro_nats_full_precision_v3,0552c7f4701ada91e31e916f992171b9418cb47d283a56e61f311581d66266cb
1996-01-26,0.1193533782986132,isotropic_constructed_macro_nats_full_precision_v3,0552c7f4701ada91e31e916f992171b9418cb47d283a56e61f311581d66266cb
1996-01-30,0.11738751531423955,isotropic_constructed_macro_nats_full_precision_v3,0552c7f4701ada91e31e916f992171b9418cb47d283a56e61f311581d66266cb
1996-02-01,0.1186645956686861,isotropic_constructed_macro_nats_full_precision_v3,0552c7f4701ada91e31e916f992171b9418cb47d283a56e61f311581d66266cb
1996-02-05,0.11379046137566551,isotropic_constructed_macro_nats_full_precision_v3,0552c7f4701ada91e31e916f992171b9418cb47d283a56e61f311581d66266cb
1996-02-07,0.11925841362047353,isotropic_constructed_macro_nats_full_precision_v3,0552c7f4701ada91e31e916f992171b9418cb47d283a56e61f311581d66266cb
1996-02-09,0.1151312438781364,isotropic_constructed_macro_nats_full_precision_v3,0552c7f4701ada91e31e916f992171b9418cb47d283a56e61f311581d66266cb
1996-02-13,0.11395459123084588,isotropic_constructed_macro_nats_full_precision_v3,0552c7f4701ada91e31e916f992171b9418cb47d283a56e61f311581d66266cb
1996-02-15,0.11769931038498509,isotropic_constructed_macro_nats_full_precision_v3,0552c7f4701ada91e31e916f992171b9418cb47d283a56e61f311581d66266cb
1996-02-20,0.11773786314149486,isotropic_constructed_macro_nats_full_precision_v3,0552c7f4701ada91e31e916f992171b9418cb47d283a56e61f311581d66266cb
1996-02-22,0.12143022055495928,isotropic_constructed_macro_nats_full_precision_v3,0552c7f4701ada91e31e916f992171b9418cb47d283a56e61f311581d66266cb
1996-02-26,0.11892418221733295,isotropic_constructed_macro_nats_full_precision_v3,0552c7f4701ada91e31e916f992171b9418cb47d283a56e61f311581d66266cb
1996-02-28,0.12182942892792833,isotropic_constructed_macro_nats_full_precision_v3,0552c7f4701ada91e31e916f992171b9418cb47d283a56e61f311581d66266cb
1996-03-01,0.12068929179576268,isotropic_constructed_macro_nats_full_precision_v3,0552c7f4701ada91e31e916f992171b9418cb47d283a56e61f311581d66266cb
1996-03-05,0.11693494006330957,isotropic_constructed_macro_nats_full_precision_v3,0552c7f4701ada91e31e916f992171b9418cb47d283a56e61f311581d66266cb
1996-03-07,0.12299853620899638,isotropic_constructed_macro_nats_full_precision_v3,0552c7f4701ada91e31e916f992171b9418cb47d283a56e61f311581d66266cb
1996-03-11,0.12773171426963134,isotropic_constructed_macro_nats_full_precision_v3,0552c7f4701ada91e31e916f992171b9418cb47d283a56e61f311581d66266cb
1996-03-13,0.12358414769156424,isotropic_constructed_macro_nats_full_precision_v3,0552c7f4701ada91e31e916f992171b9418cb47d283a56e61f311581d66266cb
1996-03-15,0.12444671919934827,isotropic_constructed_macro_nats_full_precision_v3,0552c7f4701ada91e31e916f992171b9418cb47d283a56e61f311581d66266cb
1996-03-19,0.11825439940488641,isotropic_constructed_macro_nats_full_precision_v3,0552c7f4701ada91e31e916f992171b9418cb47d283a56e61f311581d66266cb
1996-03-21,0.11663787753404525,isotropic_constructed_macro_nats_full_precision_v3,0552c7f4701ada91e31e916f992171b9418cb47d283a56e61f311581d66266cb
1996-03-25,0.11326060218254591,isotropic_constructed_macro_nats_full_precision_v3,0552c7f4701ada91e31e916f992171b9418cb47d283a56e61f311581d66266cb
1996-03-27,0.11265325615666963,isotropic_constructed_macro_nats_full_precision_v3,0552c7f4701ada91e31e916f992171b9418cb47d283a56e61f311581d66266cb
1996-03-29,0.11038430224590864,isotropic_constructed_macro_nats_full_precision_v3,0552c7f4701ada91e31e916f992171b9418cb47d283a56e61f311581d66266cb
1996-04-02,0.11469948540926182,isotropic_constructed_macro_nats_full_precision_v3,0552c7f4701ada91e31e916f992171b9418cb47d283a56e61f311581d66266cb
1996-04-04,0.11344754825044158,isotropic_constructed_macro_nats_full_precision_v3,0552c7f4701ada91e31e916f992171b9418cb47d283a56e61f311581d66266cb
1996-04-09,0.10286145012330336,isotropic_constructed_macro_nats_full_precision_v3,0552c7f4701ada91e31e916f992171b9418cb47d283a56e61f311581d66266cb
1996-04-11,0.09705333795509302,isotropic_constructed_macro_nats_full_precision_v3,0552c7f4701ada91e31e916f992171b9418cb47d283a56e61f311581d66266cb
1996-04-15,0.09437893442683633,isotropic_constructed_macro_nats_full_precision_v3,0552c7f4701ada91e31e916f992171b9418cb47d283a56e61f311581d66266cb
1996-04-17,0.09674105713689958,isotropic_constructed_macro_nats_full_precision_v3,0552c7f4701ada91e31e916f992171b9418cb47d283a56e61f311581d66266cb
1996-04-19,0.10846380787032028,isotropic_constructed_macro_nats_full_precision_v3,0552c7f4701ada91e31e916f992171b9418cb47d283a56e61f311581d66266cb
1996-04-23,0.10540734431247435,isotropic_constructed_macro_nats_full_precision_v3,0552c7f4701ada91e31e916f992171b9418cb47d283a56e61f311581d66266cb
1996-04-25,0.104681519676517,isotropic_constructed_macro_nats_full_precision_v3,0552c7f4701ada91e31e916f992171b9418cb47d283a56e61f311581d66266cb
1996-04-29,0.10368508532159418,isotropic_constructed_macro_nats_full_precision_v3,0552c7f4701ada91e31e916f992171b9418cb47d283a56e61f311581d66266cb
1996-05-01,0.10557446351166504,isotropic_constructed_macro_nats_full_precision_v3,0552c7f4701ada91e31e916f992171b9418cb47d283a56e61f311581d66266cb
1996-05-03,0.10112632698994002,isotropic_constructed_macro_nats_full_precision_v3,0552c7f4701ada91e31e916f992171b9418cb47d283a56e61f311581d66266cb
1996-05-07,0.10348507190877534,isotropic_constructed_macro_nats_full_precision_v3,0552c7f4701ada91e31e916f992171b9418cb47d283a56e61f311581d66266cb
1996-05-09,0.1055829999449332,isotropic_constructed_macro_nats_full_precision_v3,0552c7f4701ada91e31e916f992171b9418cb47d283a56e61f311581d66266cb
1996-05-13,0.11066686087993881,isotropic_constructed_macro_nats_full_precision_v3,0552c7f4701ada91e31e916f992171b9418cb47d283a56e61f311581d66266cb
1996-05-15,0.11056546458170864,isotropic_constructed_macro_nats_full_precision_v3,0552c7f4701ada91e31e916f992171b9418cb47d283a56e61f311581d66266cb
1996-05-17,0.11087188502753935,isotropic_constructed_macro_nats_full_precision_v3,0552c7f4701ada91e31e916f992171b9418cb47d283a56e61f311581d66266cb
1996-05-21,0.1092046181784496,isotropic_constructed_macro_nats_full_precision_v3,0552c7f4701ada91e31e916f992171b9418cb47d283a56e61f311581d66266cb
1996-05-23,0.10795973162599187,isotropic_constructed_macro_nats_full_precision_v3,0552c7f4701ada91e31e916f992171b9418cb47d283a56e61f311581d66266cb
1996-05-28,0.10566541690404913,isotropic_constructed_macro_nats_full_precision_v3,0552c7f4701ada91e31e916f992171b9418cb47d283a56e61f311581d66266cb
1996-05-30,0.1037499687108643,isotropic_constructed_macro_nats_full_precision_v3,0552c7f4701ada91e31e916f992171b9418cb47d283a56e61f311581d66266cb
1996-06-03,0.09919797712160511,isotropic_constructed_macro_nats_full_precision_v3,0552c7f4701ada91e31e916f992171b9418cb47d283a56e61f311581d66266cb
1996-06-05,0.0994195627747508,isotropic_constructed_macro_nats_full_precision_v3,0552c7f4701ada91e31e916f992171b9418cb47d283a56e61f311581d66266cb
1996-06-07,0.09291939304626146,isotropic_constructed_macro_nats_full_precision_v3,0552c7f4701ada91e31e916f992171b9418cb47d283a56e61f311581d66266cb
1996-06-11,0.08523770457260671,isotropic_constructed_macro_nats_full_precision_v3,0552c7f4701ada91e31e916f992171b9418cb47d283a56e61f311581d66266cb
1996-06-13,0.08080274438764737,isotropic_constructed_macro_nats_full_precision_v3,0552c7f4701ada91e31e916f992171b9418cb47d283a56e61f311581d66266cb
1996-06-17,0.07946824675159866,isotropic_constructed_macro_nats_full_precision_v3,0552c7f4701ada91e31e916f992171b9418cb47d283a56e61f311581d66266cb
1996-06-19,0.0804626093208416,isotropic_constructed_macro_nats_full_precision_v3,0552c7f4701ada91e31e916f992171b9418cb47d283a56e61f311581d66266cb
1996-06-21,0.08413517795119763,isotropic_constructed_macro_nats_full_precision_v3,0552c7f4701ada91e31e916f992171b9418cb47d283a56e61f311581d66266cb
1996-06-25,0.08399537331292463,isotropic_constructed_macro_nats_full_precision_v3,0552c7f4701ada91e31e916f992171b9418cb47d283a56e61f311581d66266cb
1996-06-27,0.08401459842557019,isotropic_constructed_macro_nats_full_precision_v3,0552c7f4701ada91e31e916f992171b9418cb47d283a56e61f311581d66266cb
1996-07-01,0.08779902513432483,isotropic_constructed_macro_nats_full_precision_v3,0552c7f4701ada91e31e916f992171b9418cb47d283a56e61f311581d66266cb
1996-07-03,0.09327301793086615,isotropic_constructed_macro_nats_full_precision_v3,0552c7f4701ada91e31e916f992171b9418cb47d283a56e61f311581d66266cb
1996-07-08,0.08136237350775115,isotropic_constructed_macro_nats_full_precision_v3,0552c7f4701ada91e31e916f992171b9418cb47d283a56e61f311581d66266cb
1996-07-10,0.0830685770078573,isotropic_constructed_macro_nats_full_precision_v3,0552c7f4701ada91e31e916f992171b9418cb47d283a56e61f311581d66266cb
1996-07-12,0.08554318160335962,isotropic_constructed_macro_nats_full_precision_v3,0552c7f4701ada91e31e916f992171b9418cb47d283a56e61f311581d66266cb
1996-07-16,0.08045801078037614,isotropic_constructed_macro_nats_full_precision_v3,0552c7f4701ada91e31e916f992171b9418cb47d283a56e61f311581d66266cb
1996-07-18,0.0819380849901765,isotropic_constructed_macro_nats_full_precision_v3,0552c7f4701ada91e31e916f992171b9418cb47d283a56e61f311581d66266cb
1996-07-22,0.0839255943166588,isotropic_constructed_macro_nats_full_precision_v3,0552c7f4701ada91e31e916f992171b9418cb47d283a56e61f311581d66266cb
1996-07-24,0.08553403970599843,isotropic_constructed_macro_nats_full_precision_v3,0552c7f4701ada91e31e916f992171b9418cb47d283a56e61f311581d66266cb
1996-07-26,0.08620739305323527,isotropic_constructed_macro_nats_full_precision_v3,0552c7f4701ada91e31e916f992171b9418cb47d283a56e61f311581d66266cb
1996-07-30,0.08811850892258999,isotropic_constructed_macro_nats_full_precision_v3,0552c7f4701ada91e31e916f992171b9418cb47d283a56e61f311581d66266cb
1996-08-01,0.08867379195141674,isotropic_constructed_macro_nats_full_precision_v3,0552c7f4701ada91e31e916f992171b9418cb47d283a56e61f311581d66266cb
1996-08-05,0.09070490616067103,isotropic_constructed_macro_nats_full_precision_v3,0552c7f4701ada91e31e916f992171b9418cb47d283a56e61f311581d66266cb
1996-08-07,0.08572641916707008,isotropic_constructed_macro_nats_full_precision_v3,0552c7f4701ada91e31e916f992171b9418cb47d283a56e61f311581d66266cb
1996-08-09,0.08613298411699481,isotropic_constructed_macro_nats_full_precision_v3,0552c7f4701ada91e31e916f992171b9418cb47d283a56e61f311581d66266cb
1996-08-13,0.08341954216766947,isotropic_constructed_macro_nats_full_precision_v3,0552c7f4701ada91e31e916f992171b9418cb47d283a56e61f311581d66266cb
1996-08-15,0.08457339204131771,isotropic_constructed_macro_nats_full_precision_v3,0552c7f4701ada91e31e916f992171b9418cb47d283a56e61f311581d66266cb
1996-08-19,0.08512110791699547,isotropic_constructed_macro_nats_full_precision_v3,0552c7f4701ada91e31e916f992171b9418cb47d283a56e61f311581d66266cb
1996-08-21,0.08739834659448349,isotropic_constructed_macro_nats_full_precision_v3,0552c7f4701ada91e31e916f992171b9418cb47d283a56e61f311581d66266cb
1996-08-23,0.08624228849818406,isotropic_constructed_macro_nats_full_precision_v3,0552c7f4701ada91e31e916f992171b9418cb47d283a56e61f311581d66266cb
1996-08-27,0.08746686730690474,isotropic_constructed_macro_nats_full_precision_v3,0552c7f4701ada91e31e916f992171b9418cb47d283a56e61f311581d66266cb
1996-08-29,0.08633274087811321,isotropic_constructed_macro_nats_full_precision_v3,0552c7f4701ada91e31e916f992171b9418cb47d283a56e61f311581d66266cb
1996-09-03,0.08831305201901186,isotropic_constructed_macro_nats_full_precision_v3,0552c7f4701ada91e31e916f992171b9418cb47d283a56e61f311581d66266cb
1996-09-05,0.08610212176664014,isotropic_constructed_macro_nats_full_precision_v3,0552c7f4701ada91e31e916f992171b9418cb47d283a56e61f311581d66266cb
1996-09-09,0.08772877407122029,isotropic_constructed_macro_nats_full_precision_v3,0552c7f4701ada91e31e916f992171b9418cb47d283a56e61f311581d66266cb
1996-09-11,0.08813879029593845,isotropic_constructed_macro_nats_full_precision_v3,0552c7f4701ada91e31e916f992171b9418cb47d283a56e61f311581d66266cb
1996-09-13,0.08856786096228907,isotropic_constructed_macro_nats_full_precision_v3,0552c7f4701ada91e31e916f992171b9418cb47d283a56e61f311581d66266cb
1996-09-17,0.09037490200423932,isotropic_constructed_macro_nats_full_precision_v3,0552c7f4701ada91e31e916f992171b9418cb47d283a56e61f311581d66266cb
1996-09-19,0.08948039766228148,isotropic_constructed_macro_nats_full_precision_v3,0552c7f4701ada91e31e916f992171b9418cb47d283a56e61f311581d66266cb
1996-09-23,0.09116182410682364,isotropic_constructed_macro_nats_full_precision_v3,0552c7f4701ada91e31e916f992171b9418cb47d283a56e61f311581d66266cb
1996-09-25,0.09297301599931375,isotropic_constructed_macro_nats_full_precision_v3,0552c7f4701ada91e31e916f992171b9418cb47d283a56e61f311581d66266cb
1996-09-27,0.09349992390604456,isotropic_constructed_macro_nats_full_precision_v3,0552c7f4701ada91e31e916f992171b9418cb47d283a56e61f311581d66266cb
1996-10-01,0.09123227432241533,isotropic_constructed_macro_nats_full_precision_v3,0552c7f4701ada91e31e916f992171b9418cb47d283a56e61f311581d66266cb
1996-10-03,0.0887847252929952,isotropic_constructed_macro_nats_full_precision_v3,0552c7f4701ada91e31e916f992171b9418cb47d283a56e61f311581d66266cb
1996-10-07,0.08744377298254609,isotropic_constructed_macro_nats_full_precision_v3,0552c7f4701ada91e31e916f992171b9418cb47d283a56e61f311581d66266cb
1996-10-09,0.09066147437011007,isotropic_constructed_macro_nats_full_precision_v3,0552c7f4701ada91e31e916f992171b9418cb47d283a56e61f311581d66266cb
1996-10-11,0.08852414319781877,isotropic_constructed_macro_nats_full_precision_v3,0552c7f4701ada91e31e916f992171b9418cb47d283a56e61f311581d66266cb
1996-10-15,0.08646725133427567,isotropic_constructed_macro_nats_full_precision_v3,0552c7f4701ada91e31e916f992171b9418cb47d283a56e61f311581d66266cb
1996-10-17,0.0899474248134131,isotropic_constructed_macro_nats_full_precision_v3,0552c7f4701ada91e31e916f992171b9418cb47d283a56e61f311581d66266cb
1996-10-21,0.09006200545857054,isotropic_constructed_macro_nats_full_precision_v3,0552c7f4701ada91e31e916f992171b9418cb47d283a56e61f311581d66266cb
1996-10-23,0.08728101585336828,isotropic_constructed_macro_nats_full_precision_v3,0552c7f4701ada91e31e916f992171b9418cb47d283a56e61f311581d66266cb
1996-10-25,0.08650832984495262,isotropic_constructed_macro_nats_full_precision_v3,0552c7f4701ada91e31e916f992171b9418cb47d283a56e61f311581d66266cb
1996-10-29,0.08776699095046461,isotropic_constructed_macro_nats_full_precision_v3,0552c7f4701ada91e31e916f992171b9418cb47d283a56e61f311581d66266cb
1996-10-31,0.08865711352671261,isotropic_constructed_macro_nats_full_precision_v3,0552c7f4701ada91e31e916f992171b9418cb47d283a56e61f311581d66266cb
1996-11-04,0.0892176810486078,isotropic_constructed_macro_nats_full_precision_v3,0552c7f4701ada91e31e916f992171b9418cb47d283a56e61f311581d66266cb
1996-11-06,0.08942356883759016,isotropic_constructed_macro_nats_full_precision_v3,0552c7f4701ada91e31e916f992171b9418cb47d283a56e61f311581d66266cb
1996-11-08,0.08771503806197127,isotropic_constructed_macro_nats_full_precision_v3,0552c7f4701ada91e31e916f992171b9418cb47d283a56e61f311581d66266cb
1996-11-12,0.08836878044351959,isotropic_constructed_macro_nats_full_precision_v3,0552c7f4701ada91e31e916f992171b9418cb47d283a56e61f311581d66266cb
1996-11-14,0.09011337790910125,isotropic_constructed_macro_nats_full_precision_v3,0552c7f4701ada91e31e916f992171b9418cb47d283a56e61f311581d66266cb
1996-11-18,0.09294654960460018,isotropic_constructed_macro_nats_full_precision_v3,0552c7f4701ada91e31e916f992171b9418cb47d283a56e61f311581d66266cb
1996-11-20,0.09033571550919663,isotropic_constructed_macro_nats_full_precision_v3,0552c7f4701ada91e31e916f992171b9418cb47d283a56e61f311581d66266cb
1996-11-22,0.09132878213801732,isotropic_constructed_macro_nats_full_precision_v3,0552c7f4701ada91e31e916f992171b9418cb47d283a56e61f311581d66266cb
1996-11-26,0.0811910180374733,isotropic_constructed_macro_nats_full_precision_v3,0552c7f4701ada91e31e916f992171b9418cb47d283a56e61f311581d66266cb
1996-11-29,0.08083259371921615,isotropic_constructed_macro_nats_full_precision_v3,0552c7f4701ada91e31e916f992171b9418cb47d283a56e61f311581d66266cb
1996-12-03,0.07993328829153909,isotropic_constructed_macro_nats_full_precision_v3,0552c7f4701ada91e31e916f992171b9418cb47d283a56e61f311581d66266cb
1996-12-05,0.07838826867869172,isotropic_constructed_macro_nats_full_precision_v3,0552c7f4701ada91e31e916f992171b9418cb47d283a56e61f311581d66266cb
1996-12-09,0.08045934143537388,isotropic_constructed_macro_nats_full_precision_v3,0552c7f4701ada91e31e916f992171b9418cb47d283a56e61f311581d66266cb
1996-12-11,0.08247209820749687,isotropic_constructed_macro_nats_full_precision_v3,0552c7f4701ada91e31e916f992171b9418cb47d283a56e61f311581d66266cb
1996-12-13,0.07896883661116713,isotropic_constructed_macro_nats_full_precision_v3,0552c7f4701ada91e31e916f992171b9418cb47d283a56e61f311581d66266cb
1996-12-17,0.08002203934664648,isotropic_constructed_macro_nats_full_precision_v3,0552c7f4701ada91e31e916f992171b9418cb47d283a56e61f311581d66266cb
1996-12-19,0.08011319327035421,isotropic_constructed_macro_nats_full_precision_v3,0552c7f4701ada91e31e916f992171b9418cb47d283a56e61f311581d66266cb
1996-12-23,0.08212633764828106,isotropic_constructed_macro_nats_full_precision_v3,0552c7f4701ada91e31e916f992171b9418cb47d283a56e61f311581d66266cb
1996-12-26,0.08211155685923206,isotropic_constructed_macro_nats_full_precision_v3,0552c7f4701ada91e31e916f992171b9418cb47d283a56e61f311581d66266cb
1996-12-30,0.07942813218230463,isotropic_constructed_macro_nats_full_precision_v3,0552c7f4701ada91e31e916f992171b9418cb47d283a56e61f311581d66266cb
1997-01-02,0.07747444029462595,isotropic_constructed_macro_nats_full_precision_v3,0552c7f4701ada91e31e916f992171b9418cb47d283a56e61f311581d66266cb
1997-01-06,0.08061800222680009,isotropic_constructed_macro_nats_full_precision_v3,0552c7f4701ada91e31e916f992171b9418cb47d283a56e61f311581d66266cb
1997-01-08,0.0802994829558991,isotropic_constructed_macro_nats_full_precision_v3,0552c7f4701ada91e31e916f992171b9418cb47d283a56e61f311581d66266cb
1997-01-10,0.07666793037383843,isotropic_constructed_macro_nats_full_precision_v3,0552c7f4701ada91e31e916f992171b9418cb47d283a56e61f311581d66266cb
1997-01-14,0.0740296946843897,isotropic_constructed_macro_nats_full_precision_v3,0552c7f4701ada91e31e916f992171b9418cb47d283a56e61f311581d66266cb
1997-01-16,0.07251511431491461,isotropic_constructed_macro_nats_full_precision_v3,0552c7f4701ada91e31e916f992171b9418cb47d283a56e61f311581d66266cb
1997-01-20,0.07980745113651484,isotropic_constructed_macro_nats_full_precision_v3,0552c7f4701ada91e31e916f992171b9418cb47d283a56e61f311581d66266cb
1997-01-22,0.07576378541829663,isotropic_constructed_macro_nats_full_precision_v3,0552c7f4701ada91e31e916f992171b9418cb47d283a56e61f311581d66266cb
1997-01-24,0.07660352834926283,isotropic_constructed_macro_nats_full_precision_v3,0552c7f4701ada91e31e916f992171b9418cb47d283a56e61f311581d66266cb
1997-01-28,0.07529037131950697,isotropic_constructed_macro_nats_full_precision_v3,0552c7f4701ada91e31e916f992171b9418cb47d283a56e61f311581d66266cb
1997-01-30,0.0678258629637778,isotropic_constructed_macro_nats_full_precision_v3,0552c7f4701ada91e31e916f992171b9418cb47d283a56e61f311581d66266cb
1997-02-03,0.05798192601738279,isotropic_constructed_macro_nats_full_precision_v3,0552c7f4701ada91e31e916f992171b9418cb47d283a56e61f311581d66266cb
1997-02-05,0.06508229507239065,isotropic_constructed_macro_nats_full_precision_v3,0552c7f4701ada91e31e916f992171b9418cb47d283a56e61f311581d66266cb
1997-02-07,0.06537021178327786,isotropic_constructed_macro_nats_full_precision_v3,0552c7f4701ada91e31e916f992171b9418cb47d283a56e61f311581d66266cb
1997-02-11,0.06925166814648935,isotropic_constructed_macro_nats_full_precision_v3,0552c7f4701ada91e31e916f992171b9418cb47d283a56e61f311581d66266cb
1997-02-13,0.0711857193436688,isotropic_constructed_macro_nats_full_precision_v3,0552c7f4701ada91e31e916f992171b9418cb47d283a56e61f311581d66266cb
1997-02-18,0.07525331239428101,isotropic_constructed_macro_nats_full_precision_v3,0552c7f4701ada91e31e916f992171b9418cb47d283a56e61f311581d66266cb
1997-02-20,0.07248284101883508,isotropic_constructed_macro_nats_full_precision_v3,0552c7f4701ada91e31e916f992171b9418cb47d283a56e61f311581d66266cb
1997-02-24,0.07241077805546516,isotropic_constructed_macro_nats_full_precision_v3,0552c7f4701ada91e31e916f992171b9418cb47d283a56e61f311581d66266cb
1997-02-26,0.07367599519127956,isotropic_constructed_macro_nats_full_precision_v3,0552c7f4701ada91e31e916f992171b9418cb47d283a56e61f311581d66266cb
1997-02-28,0.07465939828759147,isotropic_constructed_macro_nats_full_precision_v3,0552c7f4701ada91e31e916f992171b9418cb47d283a56e61f311581d66266cb
1997-03-04,0.07514960131038541,isotropic_constructed_macro_nats_full_precision_v3,0552c7f4701ada91e31e916f992171b9418cb47d283a56e61f311581d66266cb
1997-03-06,0.07341837788048604,isotropic_constructed_macro_nats_full_precision_v3,0552c7f4701ada91e31e916f992171b9418cb47d283a56e61f311581d66266cb
1997-03-10,0.06910769849107302,isotropic_constructed_macro_nats_full_precision_v3,0552c7f4701ada91e31e916f992171b9418cb47d283a56e61f311581d66266cb
1997-03-12,0.07076321857933152,isotropic_constructed_macro_nats_full_precision_v3,0552c7f4701ada91e31e916f992171b9418cb47d283a56e61f311581d66266cb
1997-03-14,0.06763954428510033,isotropic_constructed_macro_nats_full_precision_v3,0552c7f4701ada91e31e916f992171b9418cb47d283a56e61f311581d66266cb
1997-03-18,0.06496238377969293,isotropic_constructed_macro_nats_full_precision_v3,0552c7f4701ada91e31e916f992171b9418cb47d283a56e61f311581d66266cb
1997-03-20,0.06283956977887944,isotropic_constructed_macro_nats_full_precision_v3,0552c7f4701ada91e31e916f992171b9418cb47d283a56e61f311581d66266cb
1997-03-24,0.058419216472038585,isotropic_constructed_macro_nats_full_precision_v3,0552c7f4701ada91e31e916f992171b9418cb47d283a56e61f311581d66266cb
1997-03-26,0.04950059220400617,isotropic_constructed_macro_nats_full_precision_v3,0552c7f4701ada91e31e916f992171b9418cb47d283a56e61f311581d66266cb
1997-03-31,0.04824257882776688,isotropic_constructed_macro_nats_full_precision_v3,0552c7f4701ada91e31e916f992171b9418cb47d283a56e61f311581d66266cb
1997-04-02,0.04741766607277498,isotropic_constructed_macro_nats_full_precision_v3,0552c7f4701ada91e31e916f992171b9418cb47d283a56e61f311581d66266cb
1997-04-04,0.047904544850709975,isotropic_constructed_macro_nats_full_precision_v3,0552c7f4701ada91e31e916f992171b9418cb47d283a56e61f311581d66266cb
1997-04-08,0.04602030228128188,isotropic_constructed_macro_nats_full_precision_v3,0552c7f4701ada91e31e916f992171b9418cb47d283a56e61f311581d66266cb
1997-04-10,0.04614596429529823,isotropic_constructed_macro_nats_full_precision_v3,0552c7f4701ada91e31e916f992171b9418cb47d283a56e61f311581d66266cb
1997-04-14,0.047823737397742205,isotropic_constructed_macro_nats_full_precision_v3,0552c7f4701ada91e31e916f992171b9418cb47d283a56e61f311581d66266cb
1997-04-16,0.053700256000381336,isotropic_constructed_macro_nats_full_precision_v3,0552c7f4701ada91e31e916f992171b9418cb47d283a56e61f311581d66266cb
1997-04-18,0.051445254008306185,isotropic_constructed_macro_nats_full_precision_v3,0552c7f4701ada91e31e916f992171b9418cb47d283a56e61f311581d66266cb
1997-04-22,0.0503573431277316,isotropic_constructed_macro_nats_full_precision_v3,0552c7f4701ada91e31e916f992171b9418cb47d283a56e61f311581d66266cb
1997-04-24,0.04944687235467059,isotropic_constructed_macro_nats_full_precision_v3,0552c7f4701ada91e31e916f992171b9418cb47d283a56e61f311581d66266cb
1997-04-28,0.04959799843162098,isotropic_constructed_macro_nats_full_precision_v3,0552c7f4701ada91e31e916f992171b9418cb47d283a56e61f311581d66266cb
1997-04-30,0.048057069008503706,isotropic_constructed_macro_nats_full_precision_v3,0552c7f4701ada91e31e916f992171b9418cb47d283a56e61f311581d66266cb
1997-05-02,0.04219244556308474,isotropic_constructed_macro_nats_full_precision_v3,0552c7f4701ada91e31e916f992171b9418cb47d283a56e61f311581d66266cb
1997-05-06,0.044189829529188526,isotropic_constructed_macro_nats_full_precision_v3,0552c7f4701ada91e31e916f992171b9418cb47d283a56e61f311581d66266cb
1997-05-08,0.04033992798027976,isotropic_constructed_macro_nats_full_precision_v3,0552c7f4701ada91e31e916f992171b9418cb47d283a56e61f311581d66266cb
1997-05-12,0.04057898834600397,isotropic_constructed_macro_nats_full_precision_v3,0552c7f4701ada91e31e916f992171b9418cb47d283a56e61f311581d66266cb
1997-05-14,0.04101104529495754,isotropic_constructed_macro_nats_full_precision_v3,0552c7f4701ada91e31e916f992171b9418cb47d283a56e61f311581d66266cb
1997-05-16,0.04134825944281767,isotropic_constructed_macro_nats_full_precision_v3,0552c7f4701ada91e31e916f992171b9418cb47d283a56e61f311581d66266cb
1997-05-20,0.0402863238894175,isotropic_constructed_macro_nats_full_precision_v3,0552c7f4701ada91e31e916f992171b9418cb47d283a56e61f311581d66266cb
1997-05-22,0.039057172332599005,isotropic_constructed_macro_nats_full_precision_v3,0552c7f4701ada91e31e916f992171b9418cb47d283a56e61f311581d66266cb
1997-05-27,0.038292204531294755,isotropic_constructed_macro_nats_full_precision_v3,0552c7f4701ada91e31e916f992171b9418cb47d283a56e61f311581d66266cb
1997-05-29,0.040076840397539296,isotropic_constructed_macro_nats_full_precision_v3,0552c7f4701ada91e31e916f992171b9418cb47d283a56e61f311581d66266cb
1997-06-02,0.046433348413504244,isotropic_constructed_macro_nats_full_precision_v3,0552c7f4701ada91e31e916f992171b9418cb47d283a56e61f311581d66266cb
1997-06-04,0.053888542556387385,isotropic_constructed_macro_nats_full_precision_v3,0552c7f4701ada91e31e916f992171b9418cb47d283a56e61f311581d66266cb
1997-06-06,0.053141636270245186,isotropic_constructed_macro_nats_full_precision_v3,0552c7f4701ada91e31e916f992171b9418cb47d283a56e61f311581d66266cb
1997-06-10,0.05418214028537639,isotropic_constructed_macro_nats_full_precision_v3,0552c7f4701ada91e31e916f992171b9418cb47d283a56e61f311581d66266cb
1997-06-12,0.055817757798135165,isotropic_constructed_macro_nats_full_precision_v3,0552c7f4701ada91e31e916f992171b9418cb47d283a56e61f311581d66266cb
1997-06-16,0.058290011219359825,isotropic_constructed_macro_nats_full_precision_v3,0552c7f4701ada91e31e916f992171b9418cb47d283a56e61f311581d66266cb
1997-06-18,0.057998127610805916,isotropic_constructed_macro_nats_full_precision_v3,0552c7f4701ada91e31e916f992171b9418cb47d283a56e61f311581d66266cb
1997-06-20,0.05733878354815149,isotropic_constructed_macro_nats_full_precision_v3,0552c7f4701ada91e31e916f992171b9418cb47d283a56e61f311581d66266cb
1997-06-24,0.05647638509678857,isotropic_constructed_macro_nats_full_precision_v3,0552c7f4701ada91e31e916f992171b9418cb47d283a56e61f311581d66266cb
1997-06-26,0.053181269235750867,isotropic_constructed_macro_nats_full_precision_v3,0552c7f4701ada91e31e916f992171b9418cb47d283a56e61f311581d66266cb
1997-06-30,0.053573192712207826,isotropic_constructed_macro_nats_full_precision_v3,0552c7f4701ada91e31e916f992171b9418cb47d283a56e61f311581d66266cb
1997-07-02,0.05754695796633763,isotropic_constructed_macro_nats_full_precision_v3,0552c7f4701ada91e31e916f992171b9418cb47d283a56e61f311581d66266cb
1997-07-07,0.05865889156682064,isotropic_constructed_macro_nats_full_precision_v3,0552c7f4701ada91e31e916f992171b9418cb47d283a56e61f311581d66266cb
1997-07-09,0.05660153500846707,isotropic_constructed_macro_nats_full_precision_v3,0552c7f4701ada91e31e916f992171b9418cb47d283a56e61f311581d66266cb
1997-07-11,0.05462668245630482,isotropic_constructed_macro_nats_full_precision_v3,0552c7f4701ada91e31e916f992171b9418cb47d283a56e61f311581d66266cb
1997-07-15,0.05389858082986383,isotropic_constructed_macro_nats_full_precision_v3,0552c7f4701ada91e31e916f992171b9418cb47d283a56e61f311581d66266cb
1997-07-17,0.050633836417439626,isotropic_constructed_macro_nats_full_precision_v3,0552c7f4701ada91e31e916f992171b9418cb47d283a56e61f311581d66266cb
1997-07-21,0.05216563568756882,isotropic_constructed_macro_nats_full_precision_v3,0552c7f4701ada91e31e916f992171b9418cb47d283a56e61f311581d66266cb
1997-07-23,0.05350489496725401,isotropic_constructed_macro_nats_full_precision_v3,0552c7f4701ada91e31e916f992171b9418cb47d283a56e61f311581d66266cb
1997-07-25,0.04892504822558123,isotropic_constructed_macro_nats_full_precision_v3,0552c7f4701ada91e31e916f992171b9418cb47d283a56e61f311581d66266cb
1997-07-29,0.04863188630361831,isotropic_constructed_macro_nats_full_precision_v3,0552c7f4701ada91e31e916f992171b9418cb47d283a56e61f311581d66266cb
1997-07-31,0.04523638847842086,isotropic_constructed_macro_nats_full_precision_v3,0552c7f4701ada91e31e916f992171b9418cb47d283a56e61f311581d66266cb
1997-08-04,0.04363470351359329,isotropic_constructed_macro_nats_full_precision_v3,0552c7f4701ada91e31e916f992171b9418cb47d283a56e61f311581d66266cb
1997-08-06,0.041851092620391606,isotropic_constructed_macro_nats_full_precision_v3,0552c7f4701ada91e31e916f992171b9418cb47d283a56e61f311581d66266cb
1997-08-08,0.04505802422376105,isotropic_constructed_macro_nats_full_precision_v3,0552c7f4701ada91e31e916f992171b9418cb47d283a56e61f311581d66266cb
1997-08-12,0.045909158836555566,isotropic_constructed_macro_nats_full_precision_v3,0552c7f4701ada91e31e916f992171b9418cb47d283a56e61f311581d66266cb
1997-08-14,0.04452278994547096,isotropic_constructed_macro_nats_full_precision_v3,0552c7f4701ada91e31e916f992171b9418cb47d283a56e61f311581d66266cb
1997-08-18,0.044152608668456855,isotropic_constructed_macro_nats_full_precision_v3,0552c7f4701ada91e31e916f992171b9418cb47d283a56e61f311581d66266cb
1997-08-20,0.04512636881035957,isotropic_constructed_macro_nats_full_precision_v3,0552c7f4701ada91e31e916f992171b9418cb47d283a56e61f311581d66266cb
1997-08-22,0.043627895728678465,isotropic_constructed_macro_nats_full_precision_v3,0552c7f4701ada91e31e916f992171b9418cb47d283a56e61f311581d66266cb
1997-08-26,0.043408621915113105,isotropic_constructed_macro_nats_full_precision_v3,0552c7f4701ada91e31e916f992171b9418cb47d283a56e61f311581d66266cb
1997-08-28,0.043385200545561275,isotropic_constructed_macro_nats_full_precision_v3,0552c7f4701ada91e31e916f992171b9418cb47d283a56e61f311581d66266cb
1997-09-02,0.04361200270885656,isotropic_constructed_macro_nats_full_precision_v3,0552c7f4701ada91e31e916f992171b9418cb47d283a56e61f311581d66266cb
1997-09-04,0.04606764045896637,isotropic_constructed_macro_nats_full_precision_v3,0552c7f4701ada91e31e916f992171b9418cb47d283a56e61f311581d66266cb
1997-09-08,0.04170779484878858,isotropic_constructed_macro_nats_full_precision_v3,0552c7f4701ada91e31e916f992171b9418cb47d283a56e61f311581d66266cb
1997-09-10,0.043852317240136246,isotropic_constructed_macro_nats_full_precision_v3,0552c7f4701ada91e31e916f992171b9418cb47d283a56e61f311581d66266cb
1997-09-12,0.042546160625354545,isotropic_constructed_macro_nats_full_precision_v3,0552c7f4701ada91e31e916f992171b9418cb47d283a56e61f311581d66266cb
1997-09-16,0.04297169270547911,isotropic_constructed_macro_nats_full_precision_v3,0552c7f4701ada91e31e916f992171b9418cb47d283a56e61f311581d66266cb
1997-09-18,0.0426416843020031,isotropic_constructed_macro_nats_full_precision_v3,0552c7f4701ada91e31e916f992171b9418cb47d283a56e61f311581d66266cb
1997-09-22,0.04348223461573622,isotropic_constructed_macro_nats_full_precision_v3,0552c7f4701ada91e31e916f992171b9418cb47d283a56e61f311581d66266cb
1997-09-24,0.04372623572089586,isotropic_constructed_macro_nats_full_precision_v3,0552c7f4701ada91e31e916f992171b9418cb47d283a56e61f311581d66266cb
1997-09-26,0.04124794154458578,isotropic_constructed_macro_nats_full_precision_v3,0552c7f4701ada91e31e916f992171b9418cb47d283a56e61f311581d66266cb
1997-09-30,0.04019334621098926,isotropic_constructed_macro_nats_full_precision_v3,0552c7f4701ada91e31e916f992171b9418cb47d283a56e61f311581d66266cb
1997-10-02,0.03916079627970509,isotropic_constructed_macro_nats_full_precision_v3,0552c7f4701ada91e31e916f992171b9418cb47d283a56e61f311581d66266cb
1997-10-06,0.037371566414481444,isotropic_constructed_macro_nats_full_precision_v3,0552c7f4701ada91e31e916f992171b9418cb47d283a56e61f311581d66266cb
1997-10-08,0.03914900850995705,isotropic_constructed_macro_nats_full_precision_v3,0552c7f4701ada91e31e916f992171b9418cb47d283a56e61f311581d66266cb
1997-10-10,0.03837430863948518,isotropic_constructed_macro_nats_full_precision_v3,0552c7f4701ada91e31e916f992171b9418cb47d283a56e61f311581d66266cb
1997-10-14,0.03851371311272983,isotropic_constructed_macro_nats_full_precision_v3,0552c7f4701ada91e31e916f992171b9418cb47d283a56e61f311581d66266cb
1997-10-16,0.03607871331349273,isotropic_constructed_macro_nats_full_precision_v3,0552c7f4701ada91e31e916f992171b9418cb47d283a56e61f311581d66266cb
1997-10-20,0.0358952974640139,isotropic_constructed_macro_nats_full_precision_v3,0552c7f4701ada91e31e916f992171b9418cb47d283a56e61f311581d66266cb
1997-10-22,0.03338999685635299,isotropic_constructed_macro_nats_full_precision_v3,0552c7f4701ada91e31e916f992171b9418cb47d283a56e61f311581d66266cb
1997-10-24,0.033202337132495964,isotropic_constructed_macro_nats_full_precision_v3,0552c7f4701ada91e31e916f992171b9418cb47d283a56e61f311581d66266cb
1997-10-28,0.03455269561050803,isotropic_constructed_macro_nats_full_precision_v3,0552c7f4701ada91e31e916f992171b9418cb47d283a56e61f311581d66266cb
1997-10-30,0.03609116739105325,isotropic_constructed_macro_nats_full_precision_v3,0552c7f4701ada91e31e916f992171b9418cb47d283a56e61f311581d66266cb
1997-11-03,0.034498932756544975,isotropic_constructed_macro_nats_full_precision_v3,0552c7f4701ada91e31e916f992171b9418cb47d283a56e61f311581d66266cb
1997-11-05,0.03778227719680978,isotropic_constructed_macro_nats_full_precision_v3,0552c7f4701ada91e31e916f992171b9418cb47d283a56e61f311581d66266cb
1997-11-07,0.03604776790807182,isotropic_constructed_macro_nats_full_precision_v3,0552c7f4701ada91e31e916f992171b9418cb47d283a56e61f311581d66266cb
1997-11-11,0.03484414354276347,isotropic_constructed_macro_nats_full_precision_v3,0552c7f4701ada91e31e916f992171b9418cb47d283a56e61f311581d66266cb
1997-11-13,0.03309628937494971,isotropic_constructed_macro_nats_full_precision_v3,0552c7f4701ada91e31e916f992171b9418cb47d283a56e61f311581d66266cb
1997-11-17,0.039793208031088004,isotropic_constructed_macro_nats_full_precision_v3,0552c7f4701ada91e31e916f992171b9418cb47d283a56e61f311581d66266cb
1997-11-19,0.04199288621311309,isotropic_constructed_macro_nats_full_precision_v3,0552c7f4701ada91e31e916f992171b9418cb47d283a56e61f311581d66266cb
1997-11-21,0.042350263226905105,isotropic_constructed_macro_nats_full_precision_v3,0552c7f4701ada91e31e916f992171b9418cb47d283a56e61f311581d66266cb
1997-11-25,0.041466584051972316,isotropic_constructed_macro_nats_full_precision_v3,0552c7f4701ada91e31e916f992171b9418cb47d283a56e61f311581d66266cb
1997-11-28,0.04007957009956768,isotropic_constructed_macro_nats_full_precision_v3,0552c7f4701ada91e31e916f992171b9418cb47d283a56e61f311581d66266cb
1997-12-02,0.038461811372067056,isotropic_constructed_macro_nats_full_precision_v3,0552c7f4701ada91e31e916f992171b9418cb47d283a56e61f311581d66266cb
1997-12-04,0.0440128543942605,isotropic_constructed_macro_nats_full_precision_v3,0552c7f4701ada91e31e916f992171b9418cb47d283a56e61f311581d66266cb
1997-12-08,0.04706168370364405,isotropic_constructed_macro_nats_full_precision_v3,0552c7f4701ada91e31e916f992171b9418cb47d283a56e61f311581d66266cb
1997-12-10,0.05089301657309987,isotropic_constructed_macro_nats_full_precision_v3,0552c7f4701ada91e31e916f992171b9418cb47d283a56e61f311581d66266cb
1997-12-12,0.0488335862221702,isotropic_constructed_macro_nats_full_precision_v3,0552c7f4701ada91e31e916f992171b9418cb47d283a56e61f311581d66266cb
1997-12-16,0.056882350607595986,isotropic_constructed_macro_nats_full_precision_v3,0552c7f4701ada91e31e916f992171b9418cb47d283a56e61f311581d66266cb
1997-12-18,0.045825679370556566,isotropic_constructed_macro_nats_full_precision_v3,0552c7f4701ada91e31e916f992171b9418cb47d283a56e61f311581d66266cb
1997-12-22,0.040328130229838874,isotropic_constructed_macro_nats_full_precision_v3,0552c7f4701ada91e31e916f992171b9418cb47d283a56e61f311581d66266cb
1997-12-24,0.0502176992950575,isotropic_constructed_macro_nats_full_precision_v3,0552c7f4701ada91e31e916f992171b9418cb47d283a56e61f311581d66266cb
1997-12-29,0.04987407980803239,isotropic_constructed_macro_nats_full_precision_v3,0552c7f4701ada91e31e916f992171b9418cb47d283a56e61f311581d66266cb
1997-12-31,0.04881312853810489,isotropic_constructed_macro_nats_full_precision_v3,0552c7f4701ada91e31e916f992171b9418cb47d283a56e61f311581d66266cb
1998-01-05,0.04280727309903991,isotropic_constructed_macro_nats_full_precision_v3,0552c7f4701ada91e31e916f992171b9418cb47d283a56e61f311581d66266cb
1998-01-07,0.04967966070662708,isotropic_constructed_macro_nats_full_precision_v3,0552c7f4701ada91e31e916f992171b9418cb47d283a56e61f311581d66266cb
1998-01-09,0.04873913918269075,isotropic_constructed_macro_nats_full_precision_v3,0552c7f4701ada91e31e916f992171b9418cb47d283a56e61f311581d66266cb
1998-01-13,0.050308388646504554,isotropic_constructed_macro_nats_full_precision_v3,0552c7f4701ada91e31e916f992171b9418cb47d283a56e61f311581d66266cb
1998-01-15,0.052172506993735546,isotropic_constructed_macro_nats_full_precision_v3,0552c7f4701ada91e31e916f992171b9418cb47d283a56e61f311581d66266cb
1998-01-20,0.06996648054093739,isotropic_constructed_macro_nats_full_precision_v3,0552c7f4701ada91e31e916f992171b9418cb47d283a56e61f311581d66266cb
1998-01-22,0.04960945207259264,isotropic_constructed_macro_nats_full_precision_v3,0552c7f4701ada91e31e916f992171b9418cb47d283a56e61f311581d66266cb
1998-01-26,0.05368877368910212,isotropic_constructed_macro_nats_full_precision_v3,0552c7f4701ada91e31e916f992171b9418cb47d283a56e61f311581d66266cb
1998-01-28,0.06315303276803513,isotropic_constructed_macro_nats_full_precision_v3,0552c7f4701ada91e31e916f992171b9418cb47d283a56e61f311581d66266cb
1998-01-30,0.06927417805973685,isotropic_constructed_macro_nats_full_precision_v3,0552c7f4701ada91e31e916f992171b9418cb47d283a56e61f311581d66266cb
1998-02-03,0.06603566786167843,isotropic_constructed_macro_nats_full_precision_v3,0552c7f4701ada91e31e916f992171b9418cb47d283a56e61f311581d66266cb
1998-02-05,0.0745955796215131,isotropic_constructed_macro_nats_full_precision_v3,0552c7f4701ada91e31e916f992171b9418cb47d283a56e61f311581d66266cb
1998-02-09,0.0835685519814561,isotropic_constructed_macro_nats_full_precision_v3,0552c7f4701ada91e31e916f992171b9418cb47d283a56e61f311581d66266cb
1998-02-11,0.08183843845924965,isotropic_constructed_macro_nats_full_precision_v3,0552c7f4701ada91e31e916f992171b9418cb47d283a56e61f311581d66266cb
1998-02-13,0.07579859669836585,isotropic_constructed_macro_nats_full_precision_v3,0552c7f4701ada91e31e916f992171b9418cb47d283a56e61f311581d66266cb
1998-02-18,0.07791357937058727,isotropic_constructed_macro_nats_full_precision_v3,0552c7f4701ada91e31e916f992171b9418cb47d283a56e61f311581d66266cb
1998-02-20,0.08927139593519832,isotropic_constructed_macro_nats_full_precision_v3,0552c7f4701ada91e31e916f992171b9418cb47d283a56e61f311581d66266cb
1998-02-24,0.08687241959272747,isotropic_constructed_macro_nats_full_precision_v3,0552c7f4701ada91e31e916f992171b9418cb47d283a56e61f311581d66266cb
1998-02-26,0.09329059264011987,isotropic_constructed_macro_nats_full_precision_v3,0552c7f4701ada91e31e916f992171b9418cb47d283a56e61f311581d66266cb
1998-03-02,0.08439534493379484,isotropic_constructed_macro_nats_full_precision_v3,0552c7f4701ada91e31e916f992171b9418cb47d283a56e61f311581d66266cb
1998-03-04,0.08982127741255462,isotropic_constructed_macro_nats_full_precision_v3,0552c7f4701ada91e31e916f992171b9418cb47d283a56e61f311581d66266cb
1998-03-06,0.0987262524422027,isotropic_constructed_macro_nats_full_precision_v3,0552c7f4701ada91e31e916f992171b9418cb47d283a56e61f311581d66266cb
1998-03-10,0.10630394311689481,isotropic_constructed_macro_nats_full_precision_v3,0552c7f4701ada91e31e916f992171b9418cb47d283a56e61f311581d66266cb
1998-03-12,0.11108669876444074,isotropic_constructed_macro_nats_full_precision_v3,0552c7f4701ada91e31e916f992171b9418cb47d283a56e61f311581d66266cb
1998-03-16,0.10897982358855937,isotropic_constructed_macro_nats_full_precision_v3,0552c7f4701ada91e31e916f992171b9418cb47d283a56e61f311581d66266cb
1998-03-18,0.11347359920528094,isotropic_constructed_macro_nats_full_precision_v3,0552c7f4701ada91e31e916f992171b9418cb47d283a56e61f311581d66266cb
1998-03-20,0.10246714044803186,isotropic_constructed_macro_nats_full_precision_v3,0552c7f4701ada91e31e916f992171b9418cb47d283a56e61f311581d66266cb
1998-03-24,0.08750226751988972,isotropic_constructed_macro_nats_full_precision_v3,0552c7f4701ada91e31e916f992171b9418cb47d283a56e61f311581d66266cb
1998-03-26,0.0810793997357612,isotropic_constructed_macro_nats_full_precision_v3,0552c7f4701ada91e31e916f992171b9418cb47d283a56e61f311581d66266cb
1998-03-30,0.08195389330843496,isotropic_constructed_macro_nats_full_precision_v3,0552c7f4701ada91e31e916f992171b9418cb47d283a56e61f311581d66266cb
1998-04-01,0.06935376661003356,isotropic_constructed_macro_nats_full_precision_v3,0552c7f4701ada91e31e916f992171b9418cb47d283a56e61f311581d66266cb
1998-04-03,0.06135595159607217,isotropic_constructed_macro_nats_full_precision_v3,0552c7f4701ada91e31e916f992171b9418cb47d283a56e61f311581d66266cb
1998-04-07,0.08070730712356759,isotropic_constructed_macro_nats_full_precision_v3,0552c7f4701ada91e31e916f992171b9418cb47d283a56e61f311581d66266cb
1998-04-09,0.09989249317633905,isotropic_constructed_macro_nats_full_precision_v3,0552c7f4701ada91e31e916f992171b9418cb47d283a56e61f311581d66266cb
1998-04-14,0.09776823138578863,isotropic_constructed_macro_nats_full_precision_v3,0552c7f4701ada91e31e916f992171b9418cb47d283a56e61f311581d66266cb
1998-04-16,0.10652839009220211,isotropic_constructed_macro_nats_full_precision_v3,0552c7f4701ada91e31e916f992171b9418cb47d283a56e61f311581d66266cb
1998-04-20,0.10116341969407702,isotropic_constructed_macro_nats_full_precision_v3,0552c7f4701ada91e31e916f992171b9418cb47d283a56e61f311581d66266cb
1998-04-22,0.10735400659624961,isotropic_constructed_macro_nats_full_precision_v3,0552c7f4701ada91e31e916f992171b9418cb47d283a56e61f311581d66266cb
1998-04-24,0.088579042816549,isotropic_constructed_macro_nats_full_precision_v3,0552c7f4701ada91e31e916f992171b9418cb47d283a56e61f311581d66266cb
1998-04-28,0.1040543972314182,isotropic_constructed_macro_nats_full_precision_v3,0552c7f4701ada91e31e916f992171b9418cb47d283a56e61f311581d66266cb
1998-04-30,0.1023044109101295,isotropic_constructed_macro_nats_full_precision_v3,0552c7f4701ada91e31e916f992171b9418cb47d283a56e61f311581d66266cb
1998-05-04,0.10792189140385045,isotropic_constructed_macro_nats_full_precision_v3,0552c7f4701ada91e31e916f992171b9418cb47d283a56e61f311581d66266cb
1998-05-06,0.10817047513527361,isotropic_constructed_macro_nats_full_precision_v3,0552c7f4701ada91e31e916f992171b9418cb47d283a56e61f311581d66266cb
1998-05-08,0.10757968059700881,isotropic_constructed_macro_nats_full_precision_v3,0552c7f4701ada91e31e916f992171b9418cb47d283a56e61f311581d66266cb
1998-05-12,0.1127954890076996,isotropic_constructed_macro_nats_full_precision_v3,0552c7f4701ada91e31e916f992171b9418cb47d283a56e61f311581d66266cb
1998-05-14,0.12085751146774175,isotropic_constructed_macro_nats_full_precision_v3,0552c7f4701ada91e31e916f992171b9418cb47d283a56e61f311581d66266cb
1998-05-18,0.12269665740661158,isotropic_constructed_macro_nats_full_precision_v3,0552c7f4701ada91e31e916f992171b9418cb47d283a56e61f311581d66266cb
1998-05-20,0.13999565560948463,isotropic_constructed_macro_nats_full_precision_v3,0552c7f4701ada91e31e916f992171b9418cb47d283a56e61f311581d66266cb
1998-05-22,0.13841564114571708,isotropic_constructed_macro_nats_full_precision_v3,0552c7f4701ada91e31e916f992171b9418cb47d283a56e61f311581d66266cb
1998-05-27,0.14128610628878413,isotropic_constructed_macro_nats_full_precision_v3,0552c7f4701ada91e31e916f992171b9418cb47d283a56e61f311581d66266cb
1998-05-29,0.14809701964098068,isotropic_constructed_macro_nats_full_precision_v3,0552c7f4701ada91e31e916f992171b9418cb47d283a56e61f311581d66266cb
1998-06-02,0.1432131016719601,isotropic_constructed_macro_nats_full_precision_v3,0552c7f4701ada91e31e916f992171b9418cb47d283a56e61f311581d66266cb
1998-06-04,0.13852404456852224,isotropic_constructed_macro_nats_full_precision_v3,0552c7f4701ada91e31e916f992171b9418cb47d283a56e61f311581d66266cb
1998-06-08,0.14881463837906636,isotropic_constructed_macro_nats_full_precision_v3,0552c7f4701ada91e31e916f992171b9418cb47d283a56e61f311581d66266cb
1998-06-10,0.14834772045163103,isotropic_constructed_macro_nats_full_precision_v3,0552c7f4701ada91e31e916f992171b9418cb47d283a56e61f311581d66266cb
1998-06-12,0.150721690478441,isotropic_constructed_macro_nats_full_precision_v3,0552c7f4701ada91e31e916f992171b9418cb47d283a56e61f311581d66266cb
1998-06-16,0.15218349496681433,isotropic_constructed_macro_nats_full_precision_v3,0552c7f4701ada91e31e916f992171b9418cb47d283a56e61f311581d66266cb
1998-06-18,0.15181668302474277,isotropic_constructed_macro_nats_full_precision_v3,0552c7f4701ada91e31e916f992171b9418cb47d283a56e61f311581d66266cb
1998-06-22,0.1550966405312063,isotropic_constructed_macro_nats_full_precision_v3,0552c7f4701ada91e31e916f992171b9418cb47d283a56e61f311581d66266cb
1998-06-24,0.16991776556468038,isotropic_constructed_macro_nats_full_precision_v3,0552c7f4701ada91e31e916f992171b9418cb47d283a56e61f311581d66266cb
1998-06-26,0.16769689047829814,isotropic_constructed_macro_nats_full_precision_v3,0552c7f4701ada91e31e916f992171b9418cb47d283a56e61f311581d66266cb
1998-06-30,0.17040025128023634,isotropic_constructed_macro_nats_full_precision_v3,0552c7f4701ada91e31e916f992171b9418cb47d283a56e61f311581d66266cb
1998-07-02,0.1733537203463186,isotropic_constructed_macro_nats_full_precision_v3,0552c7f4701ada91e31e916f992171b9418cb47d283a56e61f311581d66266cb
1998-07-07,0.1777665872103573,isotropic_constructed_macro_nats_full_precision_v3,0552c7f4701ada91e31e916f992171b9418cb47d283a56e61f311581d66266cb
1998-07-09,0.18039065596823511,isotropic_constructed_macro_nats_full_precision_v3,0552c7f4701ada91e31e916f992171b9418cb47d283a56e61f311581d66266cb
1998-07-13,0.18362692324022056,isotropic_constructed_macro_nats_full_precision_v3,0552c7f4701ada91e31e916f992171b9418cb47d283a56e61f311581d66266cb
1998-07-15,0.1709147229106737,isotropic_constructed_macro_nats_full_precision_v3,0552c7f4701ada91e31e916f992171b9418cb47d283a56e61f311581d66266cb
1998-07-17,0.17257649771308853,isotropic_constructed_macro_nats_full_precision_v3,0552c7f4701ada91e31e916f992171b9418cb47d283a56e61f311581d66266cb
1998-07-21,0.1724115541951741,isotropic_constructed_macro_nats_full_precision_v3,0552c7f4701ada91e31e916f992171b9418cb47d283a56e61f311581d66266cb
1998-07-23,0.17471099161843978,isotropic_constructed_macro_nats_full_precision_v3,0552c7f4701ada91e31e916f992171b9418cb47d283a56e61f311581d66266cb
1998-07-27,0.17906609856768735,isotropic_constructed_macro_nats_full_precision_v3,0552c7f4701ada91e31e916f992171b9418cb47d283a56e61f311581d66266cb
1998-07-29,0.18118339625488075,isotropic_constructed_macro_nats_full_precision_v3,0552c7f4701ada91e31e916f992171b9418cb47d283a56e61f311581d66266cb
1998-07-31,0.1823961030160584,isotropic_constructed_macro_nats_full_precision_v3,0552c7f4701ada91e31e916f992171b9418cb47d283a56e61f311581d66266cb
1998-08-04,0.17922091305607396,isotropic_constructed_macro_nats_full_precision_v3,0552c7f4701ada91e31e916f992171b9418cb47d283a56e61f311581d66266cb
1998-08-06,0.17902577036285822,isotropic_constructed_macro_nats_full_precision_v3,0552c7f4701ada91e31e916f992171b9418cb47d283a56e61f311581d66266cb
1998-08-10,0.17207234315141473,isotropic_constructed_macro_nats_full_precision_v3,0552c7f4701ada91e31e916f992171b9418cb47d283a56e61f311581d66266cb
1998-08-12,0.17215767279610739,isotropic_constructed_macro_nats_full_precision_v3,0552c7f4701ada91e31e916f992171b9418cb47d283a56e61f311581d66266cb
1998-08-14,0.172478097900446,isotropic_constructed_macro_nats_full_precision_v3,0552c7f4701ada91e31e916f992171b9418cb47d283a56e61f311581d66266cb
1998-08-18,0.16602963147652328,isotropic_constructed_macro_nats_full_precision_v3,0552c7f4701ada91e31e916f992171b9418cb47d283a56e61f311581d66266cb
1998-08-20,0.16166743722548194,isotropic_constructed_macro_nats_full_precision_v3,0552c7f4701ada91e31e916f992171b9418cb47d283a56e61f311581d66266cb
1998-08-24,0.1426297466389343,isotropic_constructed_macro_nats_full_precision_v3,0552c7f4701ada91e31e916f992171b9418cb47d283a56e61f311581d66266cb
1998-08-26,0.1259033917687482,isotropic_constructed_macro_nats_full_precision_v3,0552c7f4701ada91e31e916f992171b9418cb47d283a56e61f311581d66266cb
1998-08-28,0.14170796585841922,isotropic_constructed_macro_nats_full_precision_v3,0552c7f4701ada91e31e916f992171b9418cb47d283a56e61f311581d66266cb
1998-09-01,0.13767397366744927,isotropic_constructed_macro_nats_full_precision_v3,0552c7f4701ada91e31e916f992171b9418cb47d283a56e61f311581d66266cb
1998-09-03,0.1310028607031283,isotropic_constructed_macro_nats_full_precision_v3,0552c7f4701ada91e31e916f992171b9418cb47d283a56e61f311581d66266cb
1998-09-08,0.10950100406561993,isotropic_constructed_macro_nats_full_precision_v3,0552c7f4701ada91e31e916f992171b9418cb47d283a56e61f311581d66266cb
1998-09-10,0.10303234073557194,isotropic_constructed_macro_nats_full_precision_v3,0552c7f4701ada91e31e916f992171b9418cb47d283a56e61f311581d66266cb
1998-09-14,0.09115943871176337,isotropic_constructed_macro_nats_full_precision_v3,0552c7f4701ada91e31e916f992171b9418cb47d283a56e61f311581d66266cb
1998-09-16,0.09507235198104513,isotropic_constructed_macro_nats_full_precision_v3,0552c7f4701ada91e31e916f992171b9418cb47d283a56e61f311581d66266cb
1998-09-18,0.11129928536457025,isotropic_constructed_macro_nats_full_precision_v3,0552c7f4701ada91e31e916f992171b9418cb47d283a56e61f311581d66266cb
1998-09-22,0.10711220187839328,isotropic_constructed_macro_nats_full_precision_v3,0552c7f4701ada91e31e916f992171b9418cb47d283a56e61f311581d66266cb
1998-09-24,0.11862704506218383,isotropic_constructed_macro_nats_full_precision_v3,0552c7f4701ada91e31e916f992171b9418cb47d283a56e61f311581d66266cb
1998-09-28,0.11995021339609592,isotropic_constructed_macro_nats_full_precision_v3,0552c7f4701ada91e31e916f992171b9418cb47d283a56e61f311581d66266cb
1998-09-30,0.13067138423820043,isotropic_constructed_macro_nats_full_precision_v3,0552c7f4701ada91e31e916f992171b9418cb47d283a56e61f311581d66266cb
1998-10-02,0.15465062509776462,isotropic_constructed_macro_nats_full_precision_v3,0552c7f4701ada91e31e916f992171b9418cb47d283a56e61f311581d66266cb
1998-10-06,0.1563933306192076,isotropic_constructed_macro_nats_full_precision_v3,0552c7f4701ada91e31e916f992171b9418cb47d283a56e61f311581d66266cb
1998-10-08,0.16768885457951638,isotropic_constructed_macro_nats_full_precision_v3,0552c7f4701ada91e31e916f992171b9418cb47d283a56e61f311581d66266cb
1998-10-12,0.19372147797220265,isotropic_constructed_macro_nats_full_precision_v3,0552c7f4701ada91e31e916f992171b9418cb47d283a56e61f311581d66266cb
1998-10-14,0.1552814737003711,isotropic_constructed_macro_nats_full_precision_v3,0552c7f4701ada91e31e916f992171b9418cb47d283a56e61f311581d66266cb
1998-10-16,0.1094330531204685,isotropic_constructed_macro_nats_full_precision_v3,0552c7f4701ada91e31e916f992171b9418cb47d283a56e61f311581d66266cb
1998-10-20,0.1267811299392998,isotropic_constructed_macro_nats_full_precision_v3,0552c7f4701ada91e31e916f992171b9418cb47d283a56e61f311581d66266cb
1998-10-22,0.13063142681076206,isotropic_constructed_macro_nats_full_precision_v3,0552c7f4701ada91e31e916f992171b9418cb47d283a56e61f311581d66266cb
1998-10-26,0.12688529380807334,isotropic_constructed_macro_nats_full_precision_v3,0552c7f4701ada91e31e916f992171b9418cb47d283a56e61f311581d66266cb
1998-10-28,0.12943509888712074,isotropic_constructed_macro_nats_full_precision_v3,0552c7f4701ada91e31e916f992171b9418cb47d283a56e61f311581d66266cb
1998-10-30,0.12204009095843411,isotropic_constructed_macro_nats_full_precision_v3,0552c7f4701ada91e31e916f992171b9418cb47d283a56e61f311581d66266cb
1998-11-03,0.12350331926615155,isotropic_constructed_macro_nats_full_precision_v3,0552c7f4701ada91e31e916f992171b9418cb47d283a56e61f311581d66266cb
1998-11-05,0.12257193559803271,isotropic_constructed_macro_nats_full_precision_v3,0552c7f4701ada91e31e916f992171b9418cb47d283a56e61f311581d66266cb
1998-11-09,0.11692120524285267,isotropic_constructed_macro_nats_full_precision_v3,0552c7f4701ada91e31e916f992171b9418cb47d283a56e61f311581d66266cb
1998-11-11,0.10310451396298574,isotropic_constructed_macro_nats_full_precision_v3,0552c7f4701ada91e31e916f992171b9418cb47d283a56e61f311581d66266cb
1998-11-13,0.08229271976595118,isotropic_constructed_macro_nats_full_precision_v3,0552c7f4701ada91e31e916f992171b9418cb47d283a56e61f311581d66266cb
1998-11-17,0.0801093813284485,isotropic_constructed_macro_nats_full_precision_v3,0552c7f4701ada91e31e916f992171b9418cb47d283a56e61f311581d66266cb
1998-11-19,0.07903119451371658,isotropic_constructed_macro_nats_full_precision_v3,0552c7f4701ada91e31e916f992171b9418cb47d283a56e61f311581d66266cb
1998-11-23,0.07475846453583568,isotropic_constructed_macro_nats_full_precision_v3,0552c7f4701ada91e31e916f992171b9418cb47d283a56e61f311581d66266cb
1998-11-25,0.06592163641717139,isotropic_constructed_macro_nats_full_precision_v3,0552c7f4701ada91e31e916f992171b9418cb47d283a56e61f311581d66266cb
1998-11-30,0.0704230891705271,isotropic_constructed_macro_nats_full_precision_v3,0552c7f4701ada91e31e916f992171b9418cb47d283a56e61f311581d66266cb
1998-12-02,0.062102989141255546,isotropic_constructed_macro_nats_full_precision_v3,0552c7f4701ada91e31e916f992171b9418cb47d283a56e61f311581d66266cb
1998-12-04,0.05586983183322214,isotropic_constructed_macro_nats_full_precision_v3,0552c7f4701ada91e31e916f992171b9418cb47d283a56e61f311581d66266cb
1998-12-08,0.05363343195325296,isotropic_constructed_macro_nats_full_precision_v3,0552c7f4701ada91e31e916f992171b9418cb47d283a56e61f311581d66266cb
1998-12-10,0.052483230632695305,isotropic_constructed_macro_nats_full_precision_v3,0552c7f4701ada91e31e916f992171b9418cb47d283a56e61f311581d66266cb
1998-12-14,0.05635021569188675,isotropic_constructed_macro_nats_full_precision_v3,0552c7f4701ada91e31e916f992171b9418cb47d283a56e61f311581d66266cb
1998-12-16,0.057526394150643145,isotropic_constructed_macro_nats_full_precision_v3,0552c7f4701ada91e31e916f992171b9418cb47d283a56e61f311581d66266cb
1998-12-18,0.055115949893384544,isotropic_constructed_macro_nats_full_precision_v3,0552c7f4701ada91e31e916f992171b9418cb47d283a56e61f311581d66266cb
1998-12-22,0.054798097129333326,isotropic_constructed_macro_nats_full_precision_v3,0552c7f4701ada91e31e916f992171b9418cb47d283a56e61f311581d66266cb
1998-12-24,0.059141886305782765,isotropic_constructed_macro_nats_full_precision_v3,0552c7f4701ada91e31e916f992171b9418cb47d283a56e61f311581d66266cb
1998-12-29,0.05893302520494294,isotropic_constructed_macro_nats_full_precision_v3,0552c7f4701ada91e31e916f992171b9418cb47d283a56e61f311581d66266cb
1998-12-31,0.05640301921438251,isotropic_constructed_macro_nats_full_precision_v3,0552c7f4701ada91e31e916f992171b9418cb47d283a56e61f311581d66266cb
1999-01-05,0.05128224634973767,isotropic_constructed_macro_nats_full_precision_v3,0552c7f4701ada91e31e916f992171b9418cb47d283a56e61f311581d66266cb
1999-01-07,0.049640228717028376,isotropic_constructed_macro_nats_full_precision_v3,0552c7f4701ada91e31e916f992171b9418cb47d283a56e61f311581d66266cb
1999-01-11,0.0602260208944351,isotropic_constructed_macro_nats_full_precision_v3,0552c7f4701ada91e31e916f992171b9418cb47d283a56e61f311581d66266cb
1999-01-13,0.059339003232890875,isotropic_constructed_macro_nats_full_precision_v3,0552c7f4701ada91e31e916f992171b9418cb47d283a56e61f311581d66266cb
1999-01-15,0.0660998823419714,isotropic_constructed_macro_nats_full_precision_v3,0552c7f4701ada91e31e916f992171b9418cb47d283a56e61f311581d66266cb
1999-01-20,0.07290733797616286,isotropic_constructed_macro_nats_full_precision_v3,0552c7f4701ada91e31e916f992171b9418cb47d283a56e61f311581d66266cb
1999-01-22,0.06121458798571833,isotropic_constructed_macro_nats_full_precision_v3,0552c7f4701ada91e31e916f992171b9418cb47d283a56e61f311581d66266cb
1999-01-26,0.0590284775924039,isotropic_constructed_macro_nats_full_precision_v3,0552c7f4701ada91e31e916f992171b9418cb47d283a56e61f311581d66266cb
1999-01-28,0.07163052508023657,isotropic_constructed_macro_nats_full_precision_v3,0552c7f4701ada91e31e916f992171b9418cb47d283a56e61f311581d66266cb
1999-02-01,0.08166331277532303,isotropic_constructed_macro_nats_full_precision_v3,0552c7f4701ada91e31e916f992171b9418cb47d283a56e61f311581d66266cb
1999-02-03,0.08252421758498266,isotropic_constructed_macro_nats_full_precision_v3,0552c7f4701ada91e31e916f992171b9418cb47d283a56e61f311581d66266cb
1999-02-05,0.07854332890108277,isotropic_constructed_macro_nats_full_precision_v3,0552c7f4701ada91e31e916f992171b9418cb47d283a56e61f311581d66266cb
1999-02-09,0.07901683952233109,isotropic_constructed_macro_nats_full_precision_v3,0552c7f4701ada91e31e916f992171b9418cb47d283a56e61f311581d66266cb
1999-02-11,0.07936836211248596,isotropic_constructed_macro_nats_full_precision_v3,0552c7f4701ada91e31e916f992171b9418cb47d283a56e61f311581d66266cb
1999-02-16,0.08267055954554609,isotropic_constructed_macro_nats_full_precision_v3,0552c7f4701ada91e31e916f992171b9418cb47d283a56e61f311581d66266cb
1999-02-18,0.08358330989606433,isotropic_constructed_macro_nats_full_precision_v3,0552c7f4701ada91e31e916f992171b9418cb47d283a56e61f311581d66266cb
1999-02-22,0.08357981486058925,isotropic_constructed_macro_nats_full_precision_v3,0552c7f4701ada91e31e916f992171b9418cb47d283a56e61f311581d66266cb
1999-02-24,0.07827826702017102,isotropic_constructed_macro_nats_full_precision_v3,0552c7f4701ada91e31e916f992171b9418cb47d283a56e61f311581d66266cb
1999-02-26,0.08046256035871278,isotropic_constructed_macro_nats_full_precision_v3,0552c7f4701ada91e31e916f992171b9418cb47d283a56e61f311581d66266cb
1999-03-02,0.07982900052365476,isotropic_constructed_macro_nats_full_precision_v3,0552c7f4701ada91e31e916f992171b9418cb47d283a56e61f311581d66266cb
1999-03-04,0.084874821224246,isotropic_constructed_macro_nats_full_precision_v3,0552c7f4701ada91e31e916f992171b9418cb47d283a56e61f311581d66266cb
1999-03-08,0.08391801991450377,isotropic_constructed_macro_nats_full_precision_v3,0552c7f4701ada91e31e916f992171b9418cb47d283a56e61f311581d66266cb
1999-03-10,0.0864978611230816,isotropic_constructed_macro_nats_full_precision_v3,0552c7f4701ada91e31e916f992171b9418cb47d283a56e61f311581d66266cb
1999-03-12,0.08377388856125183,isotropic_constructed_macro_nats_full_precision_v3,0552c7f4701ada91e31e916f992171b9418cb47d283a56e61f311581d66266cb
1999-03-16,0.06458032197670202,isotropic_constructed_macro_nats_full_precision_v3,0552c7f4701ada91e31e916f992171b9418cb47d283a56e61f311581d66266cb
1999-03-18,0.06555969264842396,isotropic_constructed_macro_nats_full_precision_v3,0552c7f4701ada91e31e916f992171b9418cb47d283a56e61f311581d66266cb
1999-03-22,0.06360485672060327,isotropic_constructed_macro_nats_full_precision_v3,0552c7f4701ada91e31e916f992171b9418cb47d283a56e61f311581d66266cb
1999-03-24,0.06120709941108278,isotropic_constructed_macro_nats_full_precision_v3,0552c7f4701ada91e31e916f992171b9418cb47d283a56e61f311581d66266cb
1999-03-26,0.037041367265469805,isotropic_constructed_macro_nats_full_precision_v3,0552c7f4701ada91e31e916f992171b9418cb47d283a56e61f311581d66266cb
1999-03-30,0.03893947192926882,isotropic_constructed_macro_nats_full_precision_v3,0552c7f4701ada91e31e916f992171b9418cb47d283a56e61f311581d66266cb
1999-04-01,0.03839893269886474,isotropic_constructed_macro_nats_full_precision_v3,0552c7f4701ada91e31e916f992171b9418cb47d283a56e61f311581d66266cb
1999-04-06,0.034965321510349034,isotropic_constructed_macro_nats_full_precision_v3,0552c7f4701ada91e31e916f992171b9418cb47d283a56e61f311581d66266cb
1999-04-08,0.03130496379116675,isotropic_constructed_macro_nats_full_precision_v3,0552c7f4701ada91e31e916f992171b9418cb47d283a56e61f311581d66266cb
1999-04-12,0.02895856358278763,isotropic_constructed_macro_nats_full_precision_v3,0552c7f4701ada91e31e916f992171b9418cb47d283a56e61f311581d66266cb
1999-04-14,0.032482282848249805,isotropic_constructed_macro_nats_full_precision_v3,0552c7f4701ada91e31e916f992171b9418cb47d283a56e61f311581d66266cb
1999-04-16,0.04720701174778702,isotropic_constructed_macro_nats_full_precision_v3,0552c7f4701ada91e31e916f992171b9418cb47d283a56e61f311581d66266cb
1999-04-20,0.050109233797015776,isotropic_constructed_macro_nats_full_precision_v3,0552c7f4701ada91e31e916f992171b9418cb47d283a56e61f311581d66266cb
1999-04-22,0.05136694763137507,isotropic_constructed_macro_nats_full_precision_v3,0552c7f4701ada91e31e916f992171b9418cb47d283a56e61f311581d66266cb
1999-04-26,0.0630193278335696,isotropic_constructed_macro_nats_full_precision_v3,0552c7f4701ada91e31e916f992171b9418cb47d283a56e61f311581d66266cb
1999-04-28,0.06340784765319143,isotropic_constructed_macro_nats_full_precision_v3,0552c7f4701ada91e31e916f992171b9418cb47d283a56e61f311581d66266cb
1999-04-30,0.06099877150881999,isotropic_constructed_macro_nats_full_precision_v3,0552c7f4701ada91e31e916f992171b9418cb47d283a56e61f311581d66266cb
1999-05-04,0.07099046698068676,isotropic_constructed_macro_nats_full_precision_v3,0552c7f4701ada91e31e916f992171b9418cb47d283a56e61f311581d66266cb
1999-05-06,0.06602544484586836,isotropic_constructed_macro_nats_full_precision_v3,0552c7f4701ada91e31e916f992171b9418cb47d283a56e61f311581d66266cb
1999-05-10,0.06508133122086217,isotropic_constructed_macro_nats_full_precision_v3,0552c7f4701ada91e31e916f992171b9418cb47d283a56e61f311581d66266cb
1999-05-12,0.07373798587169329,isotropic_constructed_macro_nats_full_precision_v3,0552c7f4701ada91e31e916f992171b9418cb47d283a56e61f311581d66266cb
1999-05-14,0.06799470829875254,isotropic_constructed_macro_nats_full_precision_v3,0552c7f4701ada91e31e916f992171b9418cb47d283a56e61f311581d66266cb
1999-05-18,0.06667379084371668,isotropic_constructed_macro_nats_full_precision_v3,0552c7f4701ada91e31e916f992171b9418cb47d283a56e61f311581d66266cb
1999-05-20,0.07003200127854506,isotropic_constructed_macro_nats_full_precision_v3,0552c7f4701ada91e31e916f992171b9418cb47d283a56e61f311581d66266cb
1999-05-24,0.07366811944860133,isotropic_constructed_macro_nats_full_precision_v3,0552c7f4701ada91e31e916f992171b9418cb47d283a56e61f311581d66266cb
1999-05-26,0.07149571808692627,isotropic_constructed_macro_nats_full_precision_v3,0552c7f4701ada91e31e916f992171b9418cb47d283a56e61f311581d66266cb
1999-05-28,0.07168300096883448,isotropic_constructed_macro_nats_full_precision_v3,0552c7f4701ada91e31e916f992171b9418cb47d283a56e61f311581d66266cb
1999-06-02,0.07328664867735302,isotropic_constructed_macro_nats_full_precision_v3,0552c7f4701ada91e31e916f992171b9418cb47d283a56e61f311581d66266cb
1999-06-04,0.06607163336371796,isotropic_constructed_macro_nats_full_precision_v3,0552c7f4701ada91e31e916f992171b9418cb47d283a56e61f311581d66266cb
1999-06-08,0.06804776418222899,isotropic_constructed_macro_nats_full_precision_v3,0552c7f4701ada91e31e916f992171b9418cb47d283a56e61f311581d66266cb
1999-06-10,0.06829987426286888,isotropic_constructed_macro_nats_full_precision_v3,0552c7f4701ada91e31e916f992171b9418cb47d283a56e61f311581d66266cb
1999-06-14,0.07353423492714768,isotropic_constructed_macro_nats_full_precision_v3,0552c7f4701ada91e31e916f992171b9418cb47d283a56e61f311581d66266cb
1999-06-16,0.06903559877221561,isotropic_constructed_macro_nats_full_precision_v3,0552c7f4701ada91e31e916f992171b9418cb47d283a56e61f311581d66266cb
1999-06-18,0.06929963905598638,isotropic_constructed_macro_nats_full_precision_v3,0552c7f4701ada91e31e916f992171b9418cb47d283a56e61f311581d66266cb
1999-06-22,0.07008719304895503,isotropic_constructed_macro_nats_full_precision_v3,0552c7f4701ada91e31e916f992171b9418cb47d283a56e61f311581d66266cb
1999-06-24,0.07219517593125276,isotropic_constructed_macro_nats_full_precision_v3,0552c7f4701ada91e31e916f992171b9418cb47d283a56e61f311581d66266cb
1999-06-28,0.07132873740634486,isotropic_constructed_macro_nats_full_precision_v3,0552c7f4701ada91e31e916f992171b9418cb47d283a56e61f311581d66266cb
1999-06-30,0.06970494706826068,isotropic_constructed_macro_nats_full_precision_v3,0552c7f4701ada91e31e916f992171b9418cb47d283a56e61f311581d66266cb
1999-07-02,0.06005585183196374,isotropic_constructed_macro_nats_full_precision_v3,0552c7f4701ada91e31e916f992171b9418cb47d283a56e61f311581d66266cb
1999-07-07,0.04764267299543133,isotropic_constructed_macro_nats_full_precision_v3,0552c7f4701ada91e31e916f992171b9418cb47d283a56e61f311581d66266cb
1999-07-09,0.04868643575766379,isotropic_constructed_macro_nats_full_precision_v3,0552c7f4701ada91e31e916f992171b9418cb47d283a56e61f311581d66266cb
1999-07-13,0.045477381423884355,isotropic_constructed_macro_nats_full_precision_v3,0552c7f4701ada91e31e916f992171b9418cb47d283a56e61f311581d66266cb
1999-07-15,0.04409028921762684,isotropic_constructed_macro_nats_full_precision_v3,0552c7f4701ada91e31e916f992171b9418cb47d283a56e61f311581d66266cb
1999-07-19,0.04173071642431084,isotropic_constructed_macro_nats_full_precision_v3,0552c7f4701ada91e31e916f992171b9418cb47d283a56e61f311581d66266cb
1999-07-21,0.043666382879482005,isotropic_constructed_macro_nats_full_precision_v3,0552c7f4701ada91e31e916f992171b9418cb47d283a56e61f311581d66266cb
1999-07-23,0.04410426737328954,isotropic_constructed_macro_nats_full_precision_v3,0552c7f4701ada91e31e916f992171b9418cb47d283a56e61f311581d66266cb
1999-07-27,0.04336221814880936,isotropic_constructed_macro_nats_full_precision_v3,0552c7f4701ada91e31e916f992171b9418cb47d283a56e61f311581d66266cb
1999-07-29,0.03928785662616956,isotropic_constructed_macro_nats_full_precision_v3,0552c7f4701ada91e31e916f992171b9418cb47d283a56e61f311581d66266cb
1999-08-02,0.03995052658064052,isotropic_constructed_macro_nats_full_precision_v3,0552c7f4701ada91e31e916f992171b9418cb47d283a56e61f311581d66266cb
1999-08-04,0.047957610346127305,isotropic_constructed_macro_nats_full_precision_v3,0552c7f4701ada91e31e916f992171b9418cb47d283a56e61f311581d66266cb
1999-08-06,0.04888936604692269,isotropic_constructed_macro_nats_full_precision_v3,0552c7f4701ada91e31e916f992171b9418cb47d283a56e61f311581d66266cb
1999-08-10,0.05069242273884769,isotropic_constructed_macro_nats_full_precision_v3,0552c7f4701ada91e31e916f992171b9418cb47d283a56e61f311581d66266cb
1999-08-12,0.05473789810923542,isotropic_constructed_macro_nats_full_precision_v3,0552c7f4701ada91e31e916f992171b9418cb47d283a56e61f311581d66266cb
1999-08-16,0.0631369668410788,isotropic_constructed_macro_nats_full_precision_v3,0552c7f4701ada91e31e916f992171b9418cb47d283a56e61f311581d66266cb
1999-08-18,0.06423387207661027,isotropic_constructed_macro_nats_full_precision_v3,0552c7f4701ada91e31e916f992171b9418cb47d283a56e61f311581d66266cb
1999-08-20,0.06296163380837647,isotropic_constructed_macro_nats_full_precision_v3,0552c7f4701ada91e31e916f992171b9418cb47d283a56e61f311581d66266cb
1999-08-24,0.059867077994994786,isotropic_constructed_macro_nats_full_precision_v3,0552c7f4701ada91e31e916f992171b9418cb47d283a56e61f311581d66266cb
1999-08-26,0.0645807265528033,isotropic_constructed_macro_nats_full_precision_v3,0552c7f4701ada91e31e916f992171b9418cb47d283a56e61f311581d66266cb
1999-08-30,0.06632113653989305,isotropic_constructed_macro_nats_full_precision_v3,0552c7f4701ada91e31e916f992171b9418cb47d283a56e61f311581d66266cb
1999-09-01,0.06565114023852459,isotropic_constructed_macro_nats_full_precision_v3,0552c7f4701ada91e31e916f992171b9418cb47d283a56e61f311581d66266cb
1999-09-03,0.06617625228564807,isotropic_constructed_macro_nats_full_precision_v3,0552c7f4701ada91e31e916f992171b9418cb47d283a56e61f311581d66266cb
1999-09-08,0.06791917034532109,isotropic_constructed_macro_nats_full_precision_v3,0552c7f4701ada91e31e916f992171b9418cb47d283a56e61f311581d66266cb
1999-09-10,0.06282269345198715,isotropic_constructed_macro_nats_full_precision_v3,0552c7f4701ada91e31e916f992171b9418cb47d283a56e61f311581d66266cb
1999-09-14,0.05980733815538908,isotropic_constructed_macro_nats_full_precision_v3,0552c7f4701ada91e31e916f992171b9418cb47d283a56e61f311581d66266cb
1999-09-16,0.05929872813548544,isotropic_constructed_macro_nats_full_precision_v3,0552c7f4701ada91e31e916f992171b9418cb47d283a56e61f311581d66266cb
1999-09-20,0.060585639921629963,isotropic_constructed_macro_nats_full_precision_v3,0552c7f4701ada91e31e916f992171b9418cb47d283a56e61f311581d66266cb
1999-09-22,0.06141973808106277,isotropic_constructed_macro_nats_full_precision_v3,0552c7f4701ada91e31e916f992171b9418cb47d283a56e61f311581d66266cb
1999-09-24,0.06342495704300456,isotropic_constructed_macro_nats_full_precision_v3,0552c7f4701ada91e31e916f992171b9418cb47d283a56e61f311581d66266cb
1999-09-28,0.06487652459760647,isotropic_constructed_macro_nats_full_precision_v3,0552c7f4701ada91e31e916f992171b9418cb47d283a56e61f311581d66266cb
1999-09-30,0.05777424065060277,isotropic_constructed_macro_nats_full_precision_v3,0552c7f4701ada91e31e916f992171b9418cb47d283a56e61f311581d66266cb
1999-10-04,0.05781077735933564,isotropic_constructed_macro_nats_full_precision_v3,0552c7f4701ada91e31e916f992171b9418cb47d283a56e61f311581d66266cb
1999-10-06,0.056385416658958395,isotropic_constructed_macro_nats_full_precision_v3,0552c7f4701ada91e31e916f992171b9418cb47d283a56e61f311581d66266cb
1999-10-08,0.07691386672286017,isotropic_constructed_macro_nats_full_precision_v3,0552c7f4701ada91e31e916f992171b9418cb47d283a56e61f311581d66266cb
1999-10-12,0.07598739565661863,isotropic_constructed_macro_nats_full_precision_v3,0552c7f4701ada91e31e916f992171b9418cb47d283a56e61f311581d66266cb
1999-10-14,0.07227960884889241,isotropic_constructed_macro_nats_full_precision_v3,0552c7f4701ada91e31e916f992171b9418cb47d283a56e61f311581d66266cb
1999-10-18,0.0715454997624865,isotropic_constructed_macro_nats_full_precision_v3,0552c7f4701ada91e31e916f992171b9418cb47d283a56e61f311581d66266cb
1999-10-20,0.07828551622931397,isotropic_constructed_macro_nats_full_precision_v3,0552c7f4701ada91e31e916f992171b9418cb47d283a56e61f311581d66266cb
1999-10-22,0.08280346990482493,isotropic_constructed_macro_nats_full_precision_v3,0552c7f4701ada91e31e916f992171b9418cb47d283a56e61f311581d66266cb
1999-10-26,0.07920257783816857,isotropic_constructed_macro_nats_full_precision_v3,0552c7f4701ada91e31e916f992171b9418cb47d283a56e61f311581d66266cb
1999-10-28,0.07070648611571465,isotropic_constructed_macro_nats_full_precision_v3,0552c7f4701ada91e31e916f992171b9418cb47d283a56e61f311581d66266cb
1999-11-01,0.07373738602983941,isotropic_constructed_macro_nats_full_precision_v3,0552c7f4701ada91e31e916f992171b9418cb47d283a56e61f311581d66266cb
1999-11-03,0.08104894999554192,isotropic_constructed_macro_nats_full_precision_v3,0552c7f4701ada91e31e916f992171b9418cb47d283a56e61f311581d66266cb
1999-11-05,0.06545877435373999,isotropic_constructed_macro_nats_full_precision_v3,0552c7f4701ada91e31e916f992171b9418cb47d283a56e61f311581d66266cb
1999-11-09,0.06433612995323781,isotropic_constructed_macro_nats_full_precision_v3,0552c7f4701ada91e31e916f992171b9418cb47d283a56e61f311581d66266cb
1999-11-11,0.06505360868132434,isotropic_constructed_macro_nats_full_precision_v3,0552c7f4701ada91e31e916f992171b9418cb47d283a56e61f311581d66266cb
1999-11-15,0.0580782718336853,isotropic_constructed_macro_nats_full_precision_v3,0552c7f4701ada91e31e916f992171b9418cb47d283a56e61f311581d66266cb
1999-11-17,0.05825918111421184,isotropic_constructed_macro_nats_full_precision_v3,0552c7f4701ada91e31e916f992171b9418cb47d283a56e61f311581d66266cb
1999-11-19,0.059515686760596334,isotropic_constructed_macro_nats_full_precision_v3,0552c7f4701ada91e31e916f992171b9418cb47d283a56e61f311581d66266cb
1999-11-23,0.0674621410592529,isotropic_constructed_macro_nats_full_precision_v3,0552c7f4701ada91e31e916f992171b9418cb47d283a56e61f311581d66266cb
1999-11-26,0.0667930063696754,isotropic_constructed_macro_nats_full_precision_v3,0552c7f4701ada91e31e916f992171b9418cb47d283a56e61f311581d66266cb
1999-11-30,0.0564954711745423,isotropic_constructed_macro_nats_full_precision_v3,0552c7f4701ada91e31e916f992171b9418cb47d283a56e61f311581d66266cb
1999-12-02,0.05509823295832632,isotropic_constructed_macro_nats_full_precision_v3,0552c7f4701ada91e31e916f992171b9418cb47d283a56e61f311581d66266cb
1999-12-06,0.05585769401063849,isotropic_constructed_macro_nats_full_precision_v3,0552c7f4701ada91e31e916f992171b9418cb47d283a56e61f311581d66266cb
1999-12-08,0.05699016553851853,isotropic_constructed_macro_nats_full_precision_v3,0552c7f4701ada91e31e916f992171b9418cb47d283a56e61f311581d66266cb
1999-12-10,0.05880438265905841,isotropic_constructed_macro_nats_full_precision_v3,0552c7f4701ada91e31e916f992171b9418cb47d283a56e61f311581d66266cb
1999-12-14,0.05902206053211234,isotropic_constructed_macro_nats_full_precision_v3,0552c7f4701ada91e31e916f992171b9418cb47d283a56e61f311581d66266cb
1999-12-16,0.05872599222305522,isotropic_constructed_macro_nats_full_precision_v3,0552c7f4701ada91e31e916f992171b9418cb47d283a56e61f311581d66266cb
1999-12-20,0.06084197509136213,isotropic_constructed_macro_nats_full_precision_v3,0552c7f4701ada91e31e916f992171b9418cb47d283a56e61f311581d66266cb
1999-12-22,0.059334612774065515,isotropic_constructed_macro_nats_full_precision_v3,0552c7f4701ada91e31e916f992171b9418cb47d283a56e61f311581d66266cb
1999-12-27,0.058735537690151496,isotropic_constructed_macro_nats_full_precision_v3,0552c7f4701ada91e31e916f992171b9418cb47d283a56e61f311581d66266cb
1999-12-29,0.059760943946840395,isotropic_constructed_macro_nats_full_precision_v3,0552c7f4701ada91e31e916f992171b9418cb47d283a56e61f311581d66266cb
1999-12-31,0.059545731921103656,isotropic_constructed_macro_nats_full_precision_v3,0552c7f4701ada91e31e916f992171b9418cb47d283a56e61f311581d66266cb
2000-01-04,0.05690838697205797,isotropic_constructed_macro_nats_full_precision_v3,0552c7f4701ada91e31e916f992171b9418cb47d283a56e61f311581d66266cb
2000-01-06,0.06486396618124288,isotropic_constructed_macro_nats_full_precision_v3,0552c7f4701ada91e31e916f992171b9418cb47d283a56e61f311581d66266cb
2000-01-10,0.0461989520781169,isotropic_constructed_macro_nats_full_precision_v3,0552c7f4701ada91e31e916f992171b9418cb47d283a56e61f311581d66266cb
2000-01-12,0.04661206773457825,isotropic_constructed_macro_nats_full_precision_v3,0552c7f4701ada91e31e916f992171b9418cb47d283a56e61f311581d66266cb
2000-01-14,0.04090427133550362,isotropic_constructed_macro_nats_full_precision_v3,0552c7f4701ada91e31e916f992171b9418cb47d283a56e61f311581d66266cb
2000-01-19,0.03851601411006626,isotropic_constructed_macro_nats_full_precision_v3,0552c7f4701ada91e31e916f992171b9418cb47d283a56e61f311581d66266cb
2000-01-21,0.06931184601331938,isotropic_constructed_macro_nats_full_precision_v3,0552c7f4701ada91e31e916f992171b9418cb47d283a56e61f311581d66266cb
2000-01-25,0.06615958257306899,isotropic_constructed_macro_nats_full_precision_v3,0552c7f4701ada91e31e916f992171b9418cb47d283a56e61f311581d66266cb
2000-01-27,0.07072280163906838,isotropic_constructed_macro_nats_full_precision_v3,0552c7f4701ada91e31e916f992171b9418cb47d283a56e61f311581d66266cb
2000-01-31,0.053384939737395665,isotropic_constructed_macro_nats_full_precision_v3,0552c7f4701ada91e31e916f992171b9418cb47d283a56e61f311581d66266cb
2000-02-02,0.03757946303178711,isotropic_constructed_macro_nats_full_precision_v3,0552c7f4701ada91e31e916f992171b9418cb47d283a56e61f311581d66266cb
2000-02-04,0.029613984497833812,isotropic_constructed_macro_nats_full_precision_v3,0552c7f4701ada91e31e916f992171b9418cb47d283a56e61f311581d66266cb
2000-02-08,0.023113025850806795,isotropic_constructed_macro_nats_full_precision_v3,0552c7f4701ada91e31e916f992171b9418cb47d283a56e61f311581d66266cb
2000-02-10,0.03376984730546913,isotropic_constructed_macro_nats_full_precision_v3,0552c7f4701ada91e31e916f992171b9418cb47d283a56e61f311581d66266cb
2000-02-14,0.030492599727210093,isotropic_constructed_macro_nats_full_precision_v3,0552c7f4701ada91e31e916f992171b9418cb47d283a56e61f311581d66266cb
2000-02-16,0.023908829470554893,isotropic_constructed_macro_nats_full_precision_v3,0552c7f4701ada91e31e916f992171b9418cb47d283a56e61f311581d66266cb
2000-02-18,0.026767980703818195,isotropic_constructed_macro_nats_full_precision_v3,0552c7f4701ada91e31e916f992171b9418cb47d283a56e61f311581d66266cb
2000-02-23,0.03063306551626213,isotropic_constructed_macro_nats_full_precision_v3,0552c7f4701ada91e31e916f992171b9418cb47d283a56e61f311581d66266cb
2000-02-25,0.030082029158039994,isotropic_constructed_macro_nats_full_precision_v3,0552c7f4701ada91e31e916f992171b9418cb47d283a56e61f311581d66266cb
2000-02-29,0.0323030024921902,isotropic_constructed_macro_nats_full_precision_v3,0552c7f4701ada91e31e916f992171b9418cb47d283a56e61f311581d66266cb
2000-03-02,0.03155189428817795,isotropic_constructed_macro_nats_full_precision_v3,0552c7f4701ada91e31e916f992171b9418cb47d283a56e61f311581d66266cb
2000-03-06,0.03587147158414995,isotropic_constructed_macro_nats_full_precision_v3,0552c7f4701ada91e31e916f992171b9418cb47d283a56e61f311581d66266cb
2000-03-08,0.047813762009380714,isotropic_constructed_macro_nats_full_precision_v3,0552c7f4701ada91e31e916f992171b9418cb47d283a56e61f311581d66266cb
2000-03-10,0.05101915105006079,isotropic_constructed_macro_nats_full_precision_v3,0552c7f4701ada91e31e916f992171b9418cb47d283a56e61f311581d66266cb
2000-03-14,0.05225213138086182,isotropic_constructed_macro_nats_full_precision_v3,0552c7f4701ada91e31e916f992171b9418cb47d283a56e61f311581d66266cb
2000-03-16,0.056260612146597624,isotropic_constructed_macro_nats_full_precision_v3,0552c7f4701ada91e31e916f992171b9418cb47d283a56e61f311581d66266cb
2000-03-20,0.04880026297985077,isotropic_constructed_macro_nats_full_precision_v3,0552c7f4701ada91e31e916f992171b9418cb47d283a56e61f311581d66266cb
2000-03-22,0.049532495344792926,isotropic_constructed_macro_nats_full_precision_v3,0552c7f4701ada91e31e916f992171b9418cb47d283a56e61f311581d66266cb
2000-03-24,0.0527536866784373,isotropic_constructed_macro_nats_full_precision_v3,0552c7f4701ada91e31e916f992171b9418cb47d283a56e61f311581d66266cb
2000-03-28,0.03188703750831863,isotropic_constructed_macro_nats_full_precision_v3,0552c7f4701ada91e31e916f992171b9418cb47d283a56e61f311581d66266cb
2000-03-30,0.02807064638011454,isotropic_constructed_macro_nats_full_precision_v3,0552c7f4701ada91e31e916f992171b9418cb47d283a56e61f311581d66266cb
2000-04-03,0.030296325751749245,isotropic_constructed_macro_nats_full_precision_v3,0552c7f4701ada91e31e916f992171b9418cb47d283a56e61f311581d66266cb
2000-04-05,0.03834544136430236,isotropic_constructed_macro_nats_full_precision_v3,0552c7f4701ada91e31e916f992171b9418cb47d283a56e61f311581d66266cb
2000-04-07,0.04085689324170676,isotropic_constructed_macro_nats_full_precision_v3,0552c7f4701ada91e31e916f992171b9418cb47d283a56e61f311581d66266cb
2000-04-11,0.04477539565818087,isotropic_constructed_macro_nats_full_precision_v3,0552c7f4701ada91e31e916f992171b9418cb47d283a56e61f311581d66266cb
2000-04-13,0.053934188592005466,isotropic_constructed_macro_nats_full_precision_v3,0552c7f4701ada91e31e916f992171b9418cb47d283a56e61f311581d66266cb
2000-04-17,0.05855034252146124,isotropic_constructed_macro_nats_full_precision_v3,0552c7f4701ada91e31e916f992171b9418cb47d283a56e61f311581d66266cb
2000-04-19,0.06319669853108417,isotropic_constructed_macro_nats_full_precision_v3,0552c7f4701ada91e31e916f992171b9418cb47d283a56e61f311581d66266cb
2000-04-24,0.06652555878967008,isotropic_constructed_macro_nats_full_precision_v3,0552c7f4701ada91e31e916f992171b9418cb47d283a56e61f311581d66266cb
2000-04-26,0.05961242472761441,isotropic_constructed_macro_nats_full_precision_v3,0552c7f4701ada91e31e916f992171b9418cb47d283a56e61f311581d66266cb
2000-04-28,0.06015850064238888,isotropic_constructed_macro_nats_full_precision_v3,0552c7f4701ada91e31e916f992171b9418cb47d283a56e61f311581d66266cb
2000-05-02,0.05641152831241658,isotropic_constructed_macro_nats_full_precision_v3,0552c7f4701ada91e31e916f992171b9418cb47d283a56e61f311581d66266cb
2000-05-04,0.05582609272900191,isotropic_constructed_macro_nats_full_precision_v3,0552c7f4701ada91e31e916f992171b9418cb47d283a56e61f311581d66266cb
2000-05-08,0.05919983610228681,isotropic_constructed_macro_nats_full_precision_v3,0552c7f4701ada91e31e916f992171b9418cb47d283a56e61f311581d66266cb
2000-05-10,0.058879536605834434,isotropic_constructed_macro_nats_full_precision_v3,0552c7f4701ada91e31e916f992171b9418cb47d283a56e61f311581d66266cb
2000-05-12,0.05899951687817383,isotropic_constructed_macro_nats_full_precision_v3,0552c7f4701ada91e31e916f992171b9418cb47d283a56e61f311581d66266cb
2000-05-16,0.059556119770142954,isotropic_constructed_macro_nats_full_precision_v3,0552c7f4701ada91e31e916f992171b9418cb47d283a56e61f311581d66266cb
2000-05-18,0.06236612660843312,isotropic_constructed_macro_nats_full_precision_v3,0552c7f4701ada91e31e916f992171b9418cb47d283a56e61f311581d66266cb
2000-05-22,0.06163970701484289,isotropic_constructed_macro_nats_full_precision_v3,0552c7f4701ada91e31e916f992171b9418cb47d283a56e61f311581d66266cb
2000-05-24,0.05928062907036821,isotropic_constructed_macro_nats_full_precision_v3,0552c7f4701ada91e31e916f992171b9418cb47d283a56e61f311581d66266cb
2000-05-26,0.05663487610102913,isotropic_constructed_macro_nats_full_precision_v3,0552c7f4701ada91e31e916f992171b9418cb47d283a56e61f311581d66266cb
2000-05-31,0.05821958903132972,isotropic_constructed_macro_nats_full_precision_v3,0552c7f4701ada91e31e916f992171b9418cb47d283a56e61f311581d66266cb
2000-06-02,0.05720461188486241,isotropic_constructed_macro_nats_full_precision_v3,0552c7f4701ada91e31e916f992171b9418cb47d283a56e61f311581d66266cb
2000-06-06,0.05882027368130853,isotropic_constructed_macro_nats_full_precision_v3,0552c7f4701ada91e31e916f992171b9418cb47d283a56e61f311581d66266cb
2000-06-08,0.05787607584284467,isotropic_constructed_macro_nats_full_precision_v3,0552c7f4701ada91e31e916f992171b9418cb47d283a56e61f311581d66266cb
2000-06-12,0.055228454252508996,isotropic_constructed_macro_nats_full_precision_v3,0552c7f4701ada91e31e916f992171b9418cb47d283a56e61f311581d66266cb
2000-06-14,0.053964260544628925,isotropic_constructed_macro_nats_full_precision_v3,0552c7f4701ada91e31e916f992171b9418cb47d283a56e61f311581d66266cb
2000-06-16,0.054753232136520086,isotropic_constructed_macro_nats_full_precision_v3,0552c7f4701ada91e31e916f992171b9418cb47d283a56e61f311581d66266cb
2000-06-20,0.053587045084285134,isotropic_constructed_macro_nats_full_precision_v3,0552c7f4701ada91e31e916f992171b9418cb47d283a56e61f311581d66266cb
2000-06-22,0.0525781223023344,isotropic_constructed_macro_nats_full_precision_v3,0552c7f4701ada91e31e916f992171b9418cb47d283a56e61f311581d66266cb
2000-06-26,0.05173377695711777,isotropic_constructed_macro_nats_full_precision_v3,0552c7f4701ada91e31e916f992171b9418cb47d283a56e61f311581d66266cb
2000-06-28,0.05540207889120788,isotropic_constructed_macro_nats_full_precision_v3,0552c7f4701ada91e31e916f992171b9418cb47d283a56e61f311581d66266cb
2000-06-30,0.05609332651964133,isotropic_constructed_macro_nats_full_precision_v3,0552c7f4701ada91e31e916f992171b9418cb47d283a56e61f311581d66266cb
2000-07-05,0.05368128473073419,isotropic_constructed_macro_nats_full_precision_v3,0552c7f4701ada91e31e916f992171b9418cb47d283a56e61f311581d66266cb
2000-07-07,0.051032490722327836,isotropic_constructed_macro_nats_full_precision_v3,0552c7f4701ada91e31e916f992171b9418cb47d283a56e61f311581d66266cb
2000-07-11,0.051934496473338726,isotropic_constructed_macro_nats_full_precision_v3,0552c7f4701ada91e31e916f992171b9418cb47d283a56e61f311581d66266cb
2000-07-13,0.05175056594640175,isotropic_constructed_macro_nats_full_precision_v3,0552c7f4701ada91e31e916f992171b9418cb47d283a56e61f311581d66266cb
2000-07-17,0.048510177042863714,isotropic_constructed_macro_nats_full_precision_v3,0552c7f4701ada91e31e916f992171b9418cb47d283a56e61f311581d66266cb
2000-07-19,0.05220486078499001,isotropic_constructed_macro_nats_full_precision_v3,0552c7f4701ada91e31e916f992171b9418cb47d283a56e61f311581d66266cb
2000-07-21,0.049520500471396986,isotropic_constructed_macro_nats_full_precision_v3,0552c7f4701ada91e31e916f992171b9418cb47d283a56e61f311581d66266cb
2000-07-25,0.04872573202284537,isotropic_constructed_macro_nats_full_precision_v3,0552c7f4701ada91e31e916f992171b9418cb47d283a56e61f311581d66266cb
2000-07-27,0.04671810994241893,isotropic_constructed_macro_nats_full_precision_v3,0552c7f4701ada91e31e916f992171b9418cb47d283a56e61f311581d66266cb
2000-07-31,0.04692564012765045,isotropic_constructed_macro_nats_full_precision_v3,0552c7f4701ada91e31e916f992171b9418cb47d283a56e61f311581d66266cb
2000-08-02,0.046709804568905125,isotropic_constructed_macro_nats_full_precision_v3,0552c7f4701ada91e31e916f992171b9418cb47d283a56e61f311581d66266cb
2000-08-04,0.04574154004858855,isotropic_constructed_macro_nats_full_precision_v3,0552c7f4701ada91e31e916f992171b9418cb47d283a56e61f311581d66266cb
2000-08-08,0.046289760263831886,isotropic_constructed_macro_nats_full_precision_v3,0552c7f4701ada91e31e916f992171b9418cb47d283a56e61f311581d66266cb
2000-08-10,0.04602349608423566,isotropic_constructed_macro_nats_full_precision_v3,0552c7f4701ada91e31e916f992171b9418cb47d283a56e61f311581d66266cb
2000-08-14,0.047020031266679044,isotropic_constructed_macro_nats_full_precision_v3,0552c7f4701ada91e31e916f992171b9418cb47d283a56e61f311581d66266cb
2000-08-16,0.04569344980355805,isotropic_constructed_macro_nats_full_precision_v3,0552c7f4701ada91e31e916f992171b9418cb47d283a56e61f311581d66266cb
2000-08-18,0.04423922834966754,isotropic_constructed_macro_nats_full_precision_v3,0552c7f4701ada91e31e916f992171b9418cb47d283a56e61f311581d66266cb
2000-08-22,0.04399255097057246,isotropic_constructed_macro_nats_full_precision_v3,0552c7f4701ada91e31e916f992171b9418cb47d283a56e61f311581d66266cb
2000-08-24,0.04391034769378319,isotropic_constructed_macro_nats_full_precision_v3,0552c7f4701ada91e31e916f992171b9418cb47d283a56e61f311581d66266cb
2000-08-28,0.04452054964862076,isotropic_constructed_macro_nats_full_precision_v3,0552c7f4701ada91e31e916f992171b9418cb47d283a56e61f311581d66266cb
2000-08-30,0.04648095708002983,isotropic_constructed_macro_nats_full_precision_v3,0552c7f4701ada91e31e916f992171b9418cb47d283a56e61f311581d66266cb
2000-09-01,0.046560819706704254,isotropic_constructed_macro_nats_full_precision_v3,0552c7f4701ada91e31e916f992171b9418cb47d283a56e61f311581d66266cb
2000-09-06,0.043718586653233985,isotropic_constructed_macro_nats_full_precision_v3,0552c7f4701ada91e31e916f992171b9418cb47d283a56e61f311581d66266cb
2000-09-08,0.042483574817461074,isotropic_constructed_macro_nats_full_precision_v3,0552c7f4701ada91e31e916f992171b9418cb47d283a56e61f311581d66266cb
2000-09-12,0.04246268312874406,isotropic_constructed_macro_nats_full_precision_v3,0552c7f4701ada91e31e916f992171b9418cb47d283a56e61f311581d66266cb
2000-09-14,0.04173386822931857,isotropic_constructed_macro_nats_full_precision_v3,0552c7f4701ada91e31e916f992171b9418cb47d283a56e61f311581d66266cb
2000-09-18,0.042925517290686575,isotropic_constructed_macro_nats_full_precision_v3,0552c7f4701ada91e31e916f992171b9418cb47d283a56e61f311581d66266cb
2000-09-20,0.04400567245970197,isotropic_constructed_macro_nats_full_precision_v3,0552c7f4701ada91e31e916f992171b9418cb47d283a56e61f311581d66266cb
2000-09-22,0.04365029994265571,isotropic_constructed_macro_nats_full_precision_v3,0552c7f4701ada91e31e916f992171b9418cb47d283a56e61f311581d66266cb
2000-09-26,0.04542360969257094,isotropic_constructed_macro_nats_full_precision_v3,0552c7f4701ada91e31e916f992171b9418cb47d283a56e61f311581d66266cb
2000-09-28,0.04185713312499596,isotropic_constructed_macro_nats_full_precision_v3,0552c7f4701ada91e31e916f992171b9418cb47d283a56e61f311581d66266cb
2000-10-02,0.044092586595107494,isotropic_constructed_macro_nats_full_precision_v3,0552c7f4701ada91e31e916f992171b9418cb47d283a56e61f311581d66266cb
2000-10-04,0.041151160824810754,isotropic_constructed_macro_nats_full_precision_v3,0552c7f4701ada91e31e916f992171b9418cb47d283a56e61f311581d66266cb
2000-10-06,0.04073673426236854,isotropic_constructed_macro_nats_full_precision_v3,0552c7f4701ada91e31e916f992171b9418cb47d283a56e61f311581d66266cb
2000-10-10,0.041695388078683365,isotropic_constructed_macro_nats_full_precision_v3,0552c7f4701ada91e31e916f992171b9418cb47d283a56e61f311581d66266cb
2000-10-12,0.041779509246248146,isotropic_constructed_macro_nats_full_precision_v3,0552c7f4701ada91e31e916f992171b9418cb47d283a56e61f311581d66266cb
2000-10-16,0.03903470185626953,isotropic_constructed_macro_nats_full_precision_v3,0552c7f4701ada91e31e916f992171b9418cb47d283a56e61f311581d66266cb
2000-10-18,0.03844531535651433,isotropic_constructed_macro_nats_full_precision_v3,0552c7f4701ada91e31e916f992171b9418cb47d283a56e61f311581d66266cb
2000-10-20,0.04089332350836881,isotropic_constructed_macro_nats_full_precision_v3,0552c7f4701ada91e31e916f992171b9418cb47d283a56e61f311581d66266cb
2000-10-24,0.04197086339668132,isotropic_constructed_macro_nats_full_precision_v3,0552c7f4701ada91e31e916f992171b9418cb47d283a56e61f311581d66266cb
2000-10-26,0.037440704900288196,isotropic_constructed_macro_nats_full_precision_v3,0552c7f4701ada91e31e916f992171b9418cb47d283a56e61f311581d66266cb
2000-10-30,0.03965652624577914,isotropic_constructed_macro_nats_full_precision_v3,0552c7f4701ada91e31e916f992171b9418cb47d283a56e61f311581d66266cb
2000-11-01,0.03963078731441385,isotropic_constructed_macro_nats_full_precision_v3,0552c7f4701ada91e31e916f992171b9418cb47d283a56e61f311581d66266cb
2000-11-03,0.03985507314356967,isotropic_constructed_macro_nats_full_precision_v3,0552c7f4701ada91e31e916f992171b9418cb47d283a56e61f311581d66266cb
2000-11-07,0.04000021778042229,isotropic_constructed_macro_nats_full_precision_v3,0552c7f4701ada91e31e916f992171b9418cb47d283a56e61f311581d66266cb
2000-11-09,0.04145581187811941,isotropic_constructed_macro_nats_full_precision_v3,0552c7f4701ada91e31e916f992171b9418cb47d283a56e61f311581d66266cb
2000-11-13,0.03951392577376751,isotropic_constructed_macro_nats_full_precision_v3,0552c7f4701ada91e31e916f992171b9418cb47d283a56e61f311581d66266cb
2000-11-15,0.03922236299178874,isotropic_constructed_macro_nats_full_precision_v3,0552c7f4701ada91e31e916f992171b9418cb47d283a56e61f311581d66266cb
2000-11-17,0.03981984821067167,isotropic_constructed_macro_nats_full_precision_v3,0552c7f4701ada91e31e916f992171b9418cb47d283a56e61f311581d66266cb
2000-11-21,0.036513590205810326,isotropic_constructed_macro_nats_full_precision_v3,0552c7f4701ada91e31e916f992171b9418cb47d283a56e61f311581d66266cb
2000-11-24,0.04078360362531133,isotropic_constructed_macro_nats_full_precision_v3,0552c7f4701ada91e31e916f992171b9418cb47d283a56e61f311581d66266cb
2000-11-28,0.03933542584916279,isotropic_constructed_macro_nats_full_precision_v3,0552c7f4701ada91e31e916f992171b9418cb47d283a56e61f311581d66266cb
2000-11-30,0.03314230455201681,isotropic_constructed_macro_nats_full_precision_v3,0552c7f4701ada91e31e916f992171b9418cb47d283a56e61f311581d66266cb
2000-12-04,0.03374590721910521,isotropic_constructed_macro_nats_full_precision_v3,0552c7f4701ada91e31e916f992171b9418cb47d283a56e61f311581d66266cb
2000-12-06,0.03404400552577537,isotropic_constructed_macro_nats_full_precision_v3,0552c7f4701ada91e31e916f992171b9418cb47d283a56e61f311581d66266cb
2000-12-08,0.03386081272027824,isotropic_constructed_macro_nats_full_precision_v3,0552c7f4701ada91e31e916f992171b9418cb47d283a56e61f311581d66266cb
2000-12-12,0.03757525880177325,isotropic_constructed_macro_nats_full_precision_v3,0552c7f4701ada91e31e916f992171b9418cb47d283a56e61f311581d66266cb
2000-12-14,0.03670669488031705,isotropic_constructed_macro_nats_full_precision_v3,0552c7f4701ada91e31e916f992171b9418cb47d283a56e61f311581d66266cb
2000-12-18,0.029475452873855917,isotropic_constructed_macro_nats_full_precision_v3,0552c7f4701ada91e31e916f992171b9418cb47d283a56e61f311581d66266cb
2000-12-20,0.030284932732853063,isotropic_constructed_macro_nats_full_precision_v3,0552c7f4701ada91e31e916f992171b9418cb47d283a56e61f311581d66266cb
2000-12-22,0.0302165481132139,isotropic_constructed_macro_nats_full_precision_v3,0552c7f4701ada91e31e916f992171b9418cb47d283a56e61f311581d66266cb
2000-12-27,0.03170922490867884,isotropic_constructed_macro_nats_full_precision_v3,0552c7f4701ada91e31e916f992171b9418cb47d283a56e61f311581d66266cb
2000-12-29,0.03208335152795527,isotropic_constructed_macro_nats_full_precision_v3,0552c7f4701ada91e31e916f992171b9418cb47d283a56e61f311581d66266cb
2001-01-03,0.0372445263792784,isotropic_constructed_macro_nats_full_precision_v3,0552c7f4701ada91e31e916f992171b9418cb47d283a56e61f311581d66266cb
2001-01-05,0.03711222169135031,isotropic_constructed_macro_nats_full_precision_v3,0552c7f4701ada91e31e916f992171b9418cb47d283a56e61f311581d66266cb
2001-01-09,0.03746322077010843,isotropic_constructed_macro_nats_full_precision_v3,0552c7f4701ada91e31e916f992171b9418cb47d283a56e61f311581d66266cb
2001-01-11,0.037346533001664996,isotropic_constructed_macro_nats_full_precision_v3,0552c7f4701ada91e31e916f992171b9418cb47d283a56e61f311581d66266cb
2001-01-16,0.036579732153865285,isotropic_constructed_macro_nats_full_precision_v3,0552c7f4701ada91e31e916f992171b9418cb47d283a56e61f311581d66266cb
2001-01-18,0.03189217495781153,isotropic_constructed_macro_nats_full_precision_v3,0552c7f4701ada91e31e916f992171b9418cb47d283a56e61f311581d66266cb
2001-01-22,0.029802046327850225,isotropic_constructed_macro_nats_full_precision_v3,0552c7f4701ada91e31e916f992171b9418cb47d283a56e61f311581d66266cb
2001-01-24,0.02903350855999586,isotropic_constructed_macro_nats_full_precision_v3,0552c7f4701ada91e31e916f992171b9418cb47d283a56e61f311581d66266cb
2001-01-26,0.024761154558828956,isotropic_constructed_macro_nats_full_precision_v3,0552c7f4701ada91e31e916f992171b9418cb47d283a56e61f311581d66266cb
2001-01-30,0.025229213126896965,isotropic_constructed_macro_nats_full_precision_v3,0552c7f4701ada91e31e916f992171b9418cb47d283a56e61f311581d66266cb
2001-02-01,0.022457537883746305,isotropic_constructed_macro_nats_full_precision_v3,0552c7f4701ada91e31e916f992171b9418cb47d283a56e61f311581d66266cb
2001-02-05,0.02073506665053628,isotropic_constructed_macro_nats_full_precision_v3,0552c7f4701ada91e31e916f992171b9418cb47d283a56e61f311581d66266cb
2001-02-07,0.020652691495462484,isotropic_constructed_macro_nats_full_precision_v3,0552c7f4701ada91e31e916f992171b9418cb47d283a56e61f311581d66266cb
2001-02-09,0.021681296678023897,isotropic_constructed_macro_nats_full_precision_v3,0552c7f4701ada91e31e916f992171b9418cb47d283a56e61f311581d66266cb
2001-02-13,0.020901663491286374,isotropic_constructed_macro_nats_full_precision_v3,0552c7f4701ada91e31e916f992171b9418cb47d283a56e61f311581d66266cb
2001-02-15,0.018579207272009825,isotropic_constructed_macro_nats_full_precision_v3,0552c7f4701ada91e31e916f992171b9418cb47d283a56e61f311581d66266cb
2001-02-20,0.02033656629453423,isotropic_constructed_macro_nats_full_precision_v3,0552c7f4701ada91e31e916f992171b9418cb47d283a56e61f311581d66266cb
2001-02-22,0.02161843079296967,isotropic_constructed_macro_nats_full_precision_v3,0552c7f4701ada91e31e916f992171b9418cb47d283a56e61f311581d66266cb
2001-02-26,0.023763803928263855,isotropic_constructed_macro_nats_full_precision_v3,0552c7f4701ada91e31e916f992171b9418cb47d283a56e61f311581d66266cb
2001-02-28,0.024311263214477206,isotropic_constructed_macro_nats_full_precision_v3,0552c7f4701ada91e31e916f992171b9418cb47d283a56e61f311581d66266cb
2001-03-02,0.023917182682203962,isotropic_constructed_macro_nats_full_precision_v3,0552c7f4701ada91e31e916f992171b9418cb47d283a56e61f311581d66266cb
2001-03-06,0.023562736914406905,isotropic_constructed_macro_nats_full_precision_v3,0552c7f4701ada91e31e916f992171b9418cb47d283a56e61f311581d66266cb
2001-03-08,0.02396632309794265,isotropic_constructed_macro_nats_full_precision_v3,0552c7f4701ada91e31e916f992171b9418cb47d283a56e61f311581d66266cb
2001-03-12,0.02555922025703871,isotropic_constructed_macro_nats_full_precision_v3,0552c7f4701ada91e31e916f992171b9418cb47d283a56e61f311581d66266cb
2001-03-14,0.025342934972577898,isotropic_constructed_macro_nats_full_precision_v3,0552c7f4701ada91e31e916f992171b9418cb47d283a56e61f311581d66266cb
2001-03-16,0.025705897802475036,isotropic_constructed_macro_nats_full_precision_v3,0552c7f4701ada91e31e916f992171b9418cb47d283a56e61f311581d66266cb
2001-03-20,0.023095377915933323,isotropic_constructed_macro_nats_full_precision_v3,0552c7f4701ada91e31e916f992171b9418cb47d283a56e61f311581d66266cb
2001-03-22,0.024862174550582712,isotropic_constructed_macro_nats_full_precision_v3,0552c7f4701ada91e31e916f992171b9418cb47d283a56e61f311581d66266cb
2001-03-26,0.023646284595839492,isotropic_constructed_macro_nats_full_precision_v3,0552c7f4701ada91e31e916f992171b9418cb47d283a56e61f311581d66266cb
2001-03-28,0.019872579294300273,isotropic_constructed_macro_nats_full_precision_v3,0552c7f4701ada91e31e916f992171b9418cb47d283a56e61f311581d66266cb
2001-03-30,0.021268412998441143,isotropic_constructed_macro_nats_full_precision_v3,0552c7f4701ada91e31e916f992171b9418cb47d283a56e61f311581d66266cb
2001-04-03,0.019732354887872346,isotropic_constructed_macro_nats_full_precision_v3,0552c7f4701ada91e31e916f992171b9418cb47d283a56e61f311581d66266cb
2001-04-05,0.01990726447751545,isotropic_constructed_macro_nats_full_precision_v3,0552c7f4701ada91e31e916f992171b9418cb47d283a56e61f311581d66266cb
2001-04-09,0.02071929333120815,isotropic_constructed_macro_nats_full_precision_v3,0552c7f4701ada91e31e916f992171b9418cb47d283a56e61f311581d66266cb
2001-04-11,0.02150053176627556,isotropic_constructed_macro_nats_full_precision_v3,0552c7f4701ada91e31e916f992171b9418cb47d283a56e61f311581d66266cb
2001-04-16,0.022848567414768678,isotropic_constructed_macro_nats_full_precision_v3,0552c7f4701ada91e31e916f992171b9418cb47d283a56e61f311581d66266cb
2001-04-18,0.024066002266050636,isotropic_constructed_macro_nats_full_precision_v3,0552c7f4701ada91e31e916f992171b9418cb47d283a56e61f311581d66266cb
2001-04-20,0.02478934938733808,isotropic_constructed_macro_nats_full_precision_v3,0552c7f4701ada91e31e916f992171b9418cb47d283a56e61f311581d66266cb
2001-04-24,0.02499382944131328,isotropic_constructed_macro_nats_full_precision_v3,0552c7f4701ada91e31e916f992171b9418cb47d283a56e61f311581d66266cb
2001-04-26,0.02483748480231031,isotropic_constructed_macro_nats_full_precision_v3,0552c7f4701ada91e31e916f992171b9418cb47d283a56e61f311581d66266cb
2001-04-30,0.025390983379388853,isotropic_constructed_macro_nats_full_precision_v3,0552c7f4701ada91e31e916f992171b9418cb47d283a56e61f311581d66266cb
2001-05-02,0.025450344004822746,isotropic_constructed_macro_nats_full_precision_v3,0552c7f4701ada91e31e916f992171b9418cb47d283a56e61f311581d66266cb
2001-05-04,0.025939904049822354,isotropic_constructed_macro_nats_full_precision_v3,0552c7f4701ada91e31e916f992171b9418cb47d283a56e61f311581d66266cb
2001-05-08,0.02599830942040645,isotropic_constructed_macro_nats_full_precision_v3,0552c7f4701ada91e31e916f992171b9418cb47d283a56e61f311581d66266cb
2001-05-10,0.025648747172880702,isotropic_constructed_macro_nats_full_precision_v3,0552c7f4701ada91e31e916f992171b9418cb47d283a56e61f311581d66266cb
2001-05-14,0.02688927768646287,isotropic_constructed_macro_nats_full_precision_v3,0552c7f4701ada91e31e916f992171b9418cb47d283a56e61f311581d66266cb
2001-05-16,0.02880659171233356,isotropic_constructed_macro_nats_full_precision_v3,0552c7f4701ada91e31e916f992171b9418cb47d283a56e61f311581d66266cb
2001-05-18,0.025534102448081096,isotropic_constructed_macro_nats_full_precision_v3,0552c7f4701ada91e31e916f992171b9418cb47d283a56e61f311581d66266cb
2001-05-22,0.02397125222825238,isotropic_constructed_macro_nats_full_precision_v3,0552c7f4701ada91e31e916f992171b9418cb47d283a56e61f311581d66266cb
2001-05-24,0.023444462683902607,isotropic_constructed_macro_nats_full_precision_v3,0552c7f4701ada91e31e916f992171b9418cb47d283a56e61f311581d66266cb
2001-05-29,0.023123238057880018,isotropic_constructed_macro_nats_full_precision_v3,0552c7f4701ada91e31e916f992171b9418cb47d283a56e61f311581d66266cb
2001-05-31,0.023133976670931367,isotropic_constructed_macro_nats_full_precision_v3,0552c7f4701ada91e31e916f992171b9418cb47d283a56e61f311581d66266cb
2001-06-04,0.02219246195995729,isotropic_constructed_macro_nats_full_precision_v3,0552c7f4701ada91e31e916f992171b9418cb47d283a56e61f311581d66266cb
2001-06-06,0.023523940175411436,isotropic_constructed_macro_nats_full_precision_v3,0552c7f4701ada91e31e916f992171b9418cb47d283a56e61f311581d66266cb
2001-06-08,0.0223979298775576,isotropic_constructed_macro_nats_full_precision_v3,0552c7f4701ada91e31e916f992171b9418cb47d283a56e61f311581d66266cb
2001-06-12,0.023914166891121975,isotropic_constructed_macro_nats_full_precision_v3,0552c7f4701ada91e31e916f992171b9418cb47d283a56e61f311581d66266cb
2001-06-14,0.024093253625114622,isotropic_constructed_macro_nats_full_precision_v3,0552c7f4701ada91e31e916f992171b9418cb47d283a56e61f311581d66266cb
2001-06-18,0.022496810139033485,isotropic_constructed_macro_nats_full_precision_v3,0552c7f4701ada91e31e916f992171b9418cb47d283a56e61f311581d66266cb
2001-06-20,0.023635928148050066,isotropic_constructed_macro_nats_full_precision_v3,0552c7f4701ada91e31e916f992171b9418cb47d283a56e61f311581d66266cb
2001-06-22,0.023655574125692164,isotropic_constructed_macro_nats_full_precision_v3,0552c7f4701ada91e31e916f992171b9418cb47d283a56e61f311581d66266cb
2001-06-26,0.023997013487812177,isotropic_constructed_macro_nats_full_precision_v3,0552c7f4701ada91e31e916f992171b9418cb47d283a56e61f311581d66266cb
2001-06-28,0.023808165618291112,isotropic_constructed_macro_nats_full_precision_v3,0552c7f4701ada91e31e916f992171b9418cb47d283a56e61f311581d66266cb
2001-07-02,0.023147578622041816,isotropic_constructed_macro_nats_full_precision_v3,0552c7f4701ada91e31e916f992171b9418cb47d283a56e61f311581d66266cb
2001-07-05,0.022392012749493047,isotropic_constructed_macro_nats_full_precision_v3,0552c7f4701ada91e31e916f992171b9418cb47d283a56e61f311581d66266cb
2001-07-09,0.022601698933828733,isotropic_constructed_macro_nats_full_precision_v3,0552c7f4701ada91e31e916f992171b9418cb47d283a56e61f311581d66266cb
2001-07-11,0.019399509537221242,isotropic_constructed_macro_nats_full_precision_v3,0552c7f4701ada91e31e916f992171b9418cb47d283a56e61f311581d66266cb
2001-07-13,0.020097854123448868,isotropic_constructed_macro_nats_full_precision_v3,0552c7f4701ada91e31e916f992171b9418cb47d283a56e61f311581d66266cb
2001-07-17,0.018424697102142,isotropic_constructed_macro_nats_full_precision_v3,0552c7f4701ada91e31e916f992171b9418cb47d283a56e61f311581d66266cb
2001-07-19,0.017444628834984925,isotropic_constructed_macro_nats_full_precision_v3,0552c7f4701ada91e31e916f992171b9418cb47d283a56e61f311581d66266cb
2001-07-23,0.017600382750730302,isotropic_constructed_macro_nats_full_precision_v3,0552c7f4701ada91e31e916f992171b9418cb47d283a56e61f311581d66266cb
2001-07-25,0.01731975397693617,isotropic_constructed_macro_nats_full_precision_v3,0552c7f4701ada91e31e916f992171b9418cb47d283a56e61f311581d66266cb
2001-07-27,0.01644260881748856,isotropic_constructed_macro_nats_full_precision_v3,0552c7f4701ada91e31e916f992171b9418cb47d283a56e61f311581d66266cb
2001-07-31,0.01650810033008948,isotropic_constructed_macro_nats_full_precision_v3,0552c7f4701ada91e31e916f992171b9418cb47d283a56e61f311581d66266cb
2001-08-02,0.01702915358322074,isotropic_constructed_macro_nats_full_precision_v3,0552c7f4701ada91e31e916f992171b9418cb47d283a56e61f311581d66266cb
2001-08-06,0.017164732763688538,isotropic_constructed_macro_nats_full_precision_v3,0552c7f4701ada91e31e916f992171b9418cb47d283a56e61f311581d66266cb
2001-08-08,0.017193087671107006,isotropic_constructed_macro_nats_full_precision_v3,0552c7f4701ada91e31e916f992171b9418cb47d283a56e61f311581d66266cb
2001-08-10,0.017205377652073,isotropic_constructed_macro_nats_full_precision_v3,0552c7f4701ada91e31e916f992171b9418cb47d283a56e61f311581d66266cb
2001-08-14,0.01697680684851864,isotropic_constructed_macro_nats_full_precision_v3,0552c7f4701ada91e31e916f992171b9418cb47d283a56e61f311581d66266cb
2001-08-16,0.016949818998040357,isotropic_constructed_macro_nats_full_precision_v3,0552c7f4701ada91e31e916f992171b9418cb47d283a56e61f311581d66266cb
2001-08-20,0.01710735181269645,isotropic_constructed_macro_nats_full_precision_v3,0552c7f4701ada91e31e916f992171b9418cb47d283a56e61f311581d66266cb
2001-08-22,0.01713790938916035,isotropic_constructed_macro_nats_full_precision_v3,0552c7f4701ada91e31e916f992171b9418cb47d283a56e61f311581d66266cb
2001-08-24,0.017118687615820714,isotropic_constructed_macro_nats_full_precision_v3,0552c7f4701ada91e31e916f992171b9418cb47d283a56e61f311581d66266cb
2001-08-28,0.017192858599106846,isotropic_constructed_macro_nats_full_precision_v3,0552c7f4701ada91e31e916f992171b9418cb47d283a56e61f311581d66266cb
2001-08-30,0.017326244055696008,isotropic_constructed_macro_nats_full_precision_v3,0552c7f4701ada91e31e916f992171b9418cb47d283a56e61f311581d66266cb
2001-09-04,0.017407200311035348,isotropic_constructed_macro_nats_full_precision_v3,0552c7f4701ada91e31e916f992171b9418cb47d283a56e61f311581d66266cb
2001-09-06,0.017187664968599206,isotropic_constructed_macro_nats_full_precision_v3,0552c7f4701ada91e31e916f992171b9418cb47d283a56e61f311581d66266cb
2001-09-10,0.017188205659657597,isotropic_constructed_macro_nats_full_precision_v3,0552c7f4701ada91e31e916f992171b9418cb47d283a56e61f311581d66266cb
2001-09-18,0.017974131969558015,isotropic_constructed_macro_nats_full_precision_v3,0552c7f4701ada91e31e916f992171b9418cb47d283a56e61f311581d66266cb
2001-09-20,0.019089991196636014,isotropic_constructed_macro_nats_full_precision_v3,0552c7f4701ada91e31e916f992171b9418cb47d283a56e61f311581d66266cb
2001-09-24,0.020469402384335797,isotropic_constructed_macro_nats_full_precision_v3,0552c7f4701ada91e31e916f992171b9418cb47d283a56e61f311581d66266cb
2001-09-26,0.02254557069429239,isotropic_constructed_macro_nats_full_precision_v3,0552c7f4701ada91e31e916f992171b9418cb47d283a56e61f311581d66266cb
2001-09-28,0.0212045671475457,isotropic_constructed_macro_nats_full_precision_v3,0552c7f4701ada91e31e916f992171b9418cb47d283a56e61f311581d66266cb
2001-10-02,0.022631263305009718,isotropic_constructed_macro_nats_full_precision_v3,0552c7f4701ada91e31e916f992171b9418cb47d283a56e61f311581d66266cb
2001-10-04,0.023604165320901524,isotropic_constructed_macro_nats_full_precision_v3,0552c7f4701ada91e31e916f992171b9418cb47d283a56e61f311581d66266cb
2001-10-08,0.023522041707755403,isotropic_constructed_macro_nats_full_precision_v3,0552c7f4701ada91e31e916f992171b9418cb47d283a56e61f311581d66266cb
2001-10-10,0.02355153005656708,isotropic_constructed_macro_nats_full_precision_v3,0552c7f4701ada91e31e916f992171b9418cb47d283a56e61f311581d66266cb
2001-10-12,0.024213006429006846,isotropic_constructed_macro_nats_full_precision_v3,0552c7f4701ada91e31e916f992171b9418cb47d283a56e61f311581d66266cb
2001-10-16,0.024156488961002857,isotropic_constructed_macro_nats_full_precision_v3,0552c7f4701ada91e31e916f992171b9418cb47d283a56e61f311581d66266cb
2001-10-18,0.025587235620947273,isotropic_constructed_macro_nats_full_precision_v3,0552c7f4701ada91e31e916f992171b9418cb47d283a56e61f311581d66266cb
2001-10-22,0.029019940291748605,isotropic_constructed_macro_nats_full_precision_v3,0552c7f4701ada91e31e916f992171b9418cb47d283a56e61f311581d66266cb
2001-10-24,0.028988541184948716,isotropic_constructed_macro_nats_full_precision_v3,0552c7f4701ada91e31e916f992171b9418cb47d283a56e61f311581d66266cb
2001-10-26,0.02799377820700523,isotropic_constructed_macro_nats_full_precision_v3,0552c7f4701ada91e31e916f992171b9418cb47d283a56e61f311581d66266cb
2001-10-30,0.027915714568957375,isotropic_constructed_macro_nats_full_precision_v3,0552c7f4701ada91e31e916f992171b9418cb47d283a56e61f311581d66266cb
2001-11-01,0.030394287746683922,isotropic_constructed_macro_nats_full_precision_v3,0552c7f4701ada91e31e916f992171b9418cb47d283a56e61f311581d66266cb
2001-11-05,0.031597982621021835,isotropic_constructed_macro_nats_full_precision_v3,0552c7f4701ada91e31e916f992171b9418cb47d283a56e61f311581d66266cb
2001-11-07,0.03162207632219562,isotropic_constructed_macro_nats_full_precision_v3,0552c7f4701ada91e31e916f992171b9418cb47d283a56e61f311581d66266cb
2001-11-09,0.03150785643576495,isotropic_constructed_macro_nats_full_precision_v3,0552c7f4701ada91e31e916f992171b9418cb47d283a56e61f311581d66266cb
2001-11-13,0.031432403804502226,isotropic_constructed_macro_nats_full_precision_v3,0552c7f4701ada91e31e916f992171b9418cb47d283a56e61f311581d66266cb
2001-11-15,0.030002298632519235,isotropic_constructed_macro_nats_full_precision_v3,0552c7f4701ada91e31e916f992171b9418cb47d283a56e61f311581d66266cb
2001-11-19,0.030449051361724357,isotropic_constructed_macro_nats_full_precision_v3,0552c7f4701ada91e31e916f992171b9418cb47d283a56e61f311581d66266cb
2001-11-21,0.031224197058122863,isotropic_constructed_macro_nats_full_precision_v3,0552c7f4701ada91e31e916f992171b9418cb47d283a56e61f311581d66266cb
2001-11-26,0.03219987553853099,isotropic_constructed_macro_nats_full_precision_v3,0552c7f4701ada91e31e916f992171b9418cb47d283a56e61f311581d66266cb
2001-11-28,0.032443778647673345,isotropic_constructed_macro_nats_full_precision_v3,0552c7f4701ada91e31e916f992171b9418cb47d283a56e61f311581d66266cb
2001-11-30,0.032132576341056776,isotropic_constructed_macro_nats_full_precision_v3,0552c7f4701ada91e31e916f992171b9418cb47d283a56e61f311581d66266cb
2001-12-04,0.032353092710407455,isotropic_constructed_macro_nats_full_precision_v3,0552c7f4701ada91e31e916f992171b9418cb47d283a56e61f311581d66266cb
2001-12-06,0.032000063920987164,isotropic_constructed_macro_nats_full_precision_v3,0552c7f4701ada91e31e916f992171b9418cb47d283a56e61f311581d66266cb
2001-12-10,0.03335859628511492,isotropic_constructed_macro_nats_full_precision_v3,0552c7f4701ada91e31e916f992171b9418cb47d283a56e61f311581d66266cb
2001-12-12,0.03313088471713238,isotropic_constructed_macro_nats_full_precision_v3,0552c7f4701ada91e31e916f992171b9418cb47d283a56e61f311581d66266cb
2001-12-14,0.033174204513455645,isotropic_constructed_macro_nats_full_precision_v3,0552c7f4701ada91e31e916f992171b9418cb47d283a56e61f311581d66266cb
2001-12-18,0.032338401591929515,isotropic_constructed_macro_nats_full_precision_v3,0552c7f4701ada91e31e916f992171b9418cb47d283a56e61f311581d66266cb
2001-12-20,0.03306093066513196,isotropic_constructed_macro_nats_full_precision_v3,0552c7f4701ada91e31e916f992171b9418cb47d283a56e61f311581d66266cb
2001-12-24,0.033545893445091936,isotropic_constructed_macro_nats_full_precision_v3,0552c7f4701ada91e31e916f992171b9418cb47d283a56e61f311581d66266cb
2001-12-27,0.033315292993319666,isotropic_constructed_macro_nats_full_precision_v3,0552c7f4701ada91e31e916f992171b9418cb47d283a56e61f311581d66266cb
2001-12-31,0.03306260742998361,isotropic_constructed_macro_nats_full_precision_v3,0552c7f4701ada91e31e916f992171b9418cb47d283a56e61f311581d66266cb
2002-01-03,0.033389590163527195,isotropic_constructed_macro_nats_full_precision_v3,0552c7f4701ada91e31e916f992171b9418cb47d283a56e61f311581d66266cb
2002-01-07,0.034011157470770326,isotropic_constructed_macro_nats_full_precision_v3,0552c7f4701ada91e31e916f992171b9418cb47d283a56e61f311581d66266cb
2002-01-09,0.03431267561689542,isotropic_constructed_macro_nats_full_precision_v3,0552c7f4701ada91e31e916f992171b9418cb47d283a56e61f311581d66266cb
2002-01-11,0.03390358370347617,isotropic_constructed_macro_nats_full_precision_v3,0552c7f4701ada91e31e916f992171b9418cb47d283a56e61f311581d66266cb
2002-01-15,0.03459581936432367,isotropic_constructed_macro_nats_full_precision_v3,0552c7f4701ada91e31e916f992171b9418cb47d283a56e61f311581d66266cb
2002-01-17,0.034522844130897914,isotropic_constructed_macro_nats_full_precision_v3,0552c7f4701ada91e31e916f992171b9418cb47d283a56e61f311581d66266cb
2002-01-22,0.03407574109906962,isotropic_constructed_macro_nats_full_precision_v3,0552c7f4701ada91e31e916f992171b9418cb47d283a56e61f311581d66266cb
2002-01-24,0.03269539457099111,isotropic_constructed_macro_nats_full_precision_v3,0552c7f4701ada91e31e916f992171b9418cb47d283a56e61f311581d66266cb
2002-01-28,0.032591793065454996,isotropic_constructed_macro_nats_full_precision_v3,0552c7f4701ada91e31e916f992171b9418cb47d283a56e61f311581d66266cb
2002-01-30,0.032511369891190016,isotropic_constructed_macro_nats_full_precision_v3,0552c7f4701ada91e31e916f992171b9418cb47d283a56e61f311581d66266cb
2002-02-01,0.033756850551636096,isotropic_constructed_macro_nats_full_precision_v3,0552c7f4701ada91e31e916f992171b9418cb47d283a56e61f311581d66266cb
2002-02-05,0.03450222577136396,isotropic_constructed_macro_nats_full_precision_v3,0552c7f4701ada91e31e916f992171b9418cb47d283a56e61f311581d66266cb
2002-02-07,0.034529901713907074,isotropic_constructed_macro_nats_full_precision_v3,0552c7f4701ada91e31e916f992171b9418cb47d283a56e61f311581d66266cb
2002-02-11,0.03354404674457617,isotropic_constructed_macro_nats_full_precision_v3,0552c7f4701ada91e31e916f992171b9418cb47d283a56e61f311581d66266cb
2002-02-13,0.033163778523078224,isotropic_constructed_macro_nats_full_precision_v3,0552c7f4701ada91e31e916f992171b9418cb47d283a56e61f311581d66266cb
2002-02-15,0.03407733307509181,isotropic_constructed_macro_nats_full_precision_v3,0552c7f4701ada91e31e916f992171b9418cb47d283a56e61f311581d66266cb
2002-02-20,0.03379716811826192,isotropic_constructed_macro_nats_full_precision_v3,0552c7f4701ada91e31e916f992171b9418cb47d283a56e61f311581d66266cb
2002-02-22,0.03427103968348509,isotropic_constructed_macro_nats_full_precision_v3,0552c7f4701ada91e31e916f992171b9418cb47d283a56e61f311581d66266cb
2002-02-26,0.034649480610169064,isotropic_constructed_macro_nats_full_precision_v3,0552c7f4701ada91e31e916f992171b9418cb47d283a56e61f311581d66266cb
2002-02-28,0.03459897000409206,isotropic_constructed_macro_nats_full_precision_v3,0552c7f4701ada91e31e916f992171b9418cb47d283a56e61f311581d66266cb
2002-03-04,0.03513516876421848,isotropic_constructed_macro_nats_full_precision_v3,0552c7f4701ada91e31e916f992171b9418cb47d283a56e61f311581d66266cb
2002-03-06,0.03445694495466054,isotropic_constructed_macro_nats_full_precision_v3,0552c7f4701ada91e31e916f992171b9418cb47d283a56e61f311581d66266cb
2002-03-08,0.034439515906530715,isotropic_constructed_macro_nats_full_precision_v3,0552c7f4701ada91e31e916f992171b9418cb47d283a56e61f311581d66266cb
2002-03-12,0.03396767719677076,isotropic_constructed_macro_nats_full_precision_v3,0552c7f4701ada91e31e916f992171b9418cb47d283a56e61f311581d66266cb
2002-03-14,0.03485519643286873,isotropic_constructed_macro_nats_full_precision_v3,0552c7f4701ada91e31e916f992171b9418cb47d283a56e61f311581d66266cb
2002-03-18,0.03541959270129394,isotropic_constructed_macro_nats_full_precision_v3,0552c7f4701ada91e31e916f992171b9418cb47d283a56e61f311581d66266cb
2002-03-20,0.03584286559648409,isotropic_constructed_macro_nats_full_precision_v3,0552c7f4701ada91e31e916f992171b9418cb47d283a56e61f311581d66266cb
2002-03-22,0.03581629910782726,isotropic_constructed_macro_nats_full_precision_v3,0552c7f4701ada91e31e916f992171b9418cb47d283a56e61f311581d66266cb
2002-03-26,0.03425389010808892,isotropic_constructed_macro_nats_full_precision_v3,0552c7f4701ada91e31e916f992171b9418cb47d283a56e61f311581d66266cb
2002-03-28,0.0346385488662546,isotropic_constructed_macro_nats_full_precision_v3,0552c7f4701ada91e31e916f992171b9418cb47d283a56e61f311581d66266cb
2002-04-02,0.03594606773021453,isotropic_constructed_macro_nats_full_precision_v3,0552c7f4701ada91e31e916f992171b9418cb47d283a56e61f311581d66266cb
2002-04-04,0.03608929976312716,isotropic_constructed_macro_nats_full_precision_v3,0552c7f4701ada91e31e916f992171b9418cb47d283a56e61f311581d66266cb
2002-04-08,0.034581572697801495,isotropic_constructed_macro_nats_full_precision_v3,0552c7f4701ada91e31e916f992171b9418cb47d283a56e61f311581d66266cb
2002-04-10,0.0348189304915806,isotropic_constructed_macro_nats_full_precision_v3,0552c7f4701ada91e31e916f992171b9418cb47d283a56e61f311581d66266cb
2002-04-12,0.03353026828949955,isotropic_constructed_macro_nats_full_precision_v3,0552c7f4701ada91e31e916f992171b9418cb47d283a56e61f311581d66266cb
2002-04-16,0.03307894329598966,isotropic_constructed_macro_nats_full_precision_v3,0552c7f4701ada91e31e916f992171b9418cb47d283a56e61f311581d66266cb
2002-04-18,0.03147359421346157,isotropic_constructed_macro_nats_full_precision_v3,0552c7f4701ada91e31e916f992171b9418cb47d283a56e61f311581d66266cb
2002-04-22,0.03187481123215848,isotropic_constructed_macro_nats_full_precision_v3,0552c7f4701ada91e31e916f992171b9418cb47d283a56e61f311581d66266cb
2002-04-24,0.031217306352338277,isotropic_constructed_macro_nats_full_precision_v3,0552c7f4701ada91e31e916f992171b9418cb47d283a56e61f311581d66266cb
2002-04-26,0.03149885101042891,isotropic_constructed_macro_nats_full_precision_v3,0552c7f4701ada91e31e916f992171b9418cb47d283a56e61f311581d66266cb
2002-04-30,0.03208279919934244,isotropic_constructed_macro_nats_full_precision_v3,0552c7f4701ada91e31e916f992171b9418cb47d283a56e61f311581d66266cb
2002-05-02,0.03228160599175496,isotropic_constructed_macro_nats_full_precision_v3,0552c7f4701ada91e31e916f992171b9418cb47d283a56e61f311581d66266cb
2002-05-06,0.030745954866144724,isotropic_constructed_macro_nats_full_precision_v3,0552c7f4701ada91e31e916f992171b9418cb47d283a56e61f311581d66266cb
2002-05-08,0.03147799192339052,isotropic_constructed_macro_nats_full_precision_v3,0552c7f4701ada91e31e916f992171b9418cb47d283a56e61f311581d66266cb
2002-05-10,0.029985777399206145,isotropic_constructed_macro_nats_full_precision_v3,0552c7f4701ada91e31e916f992171b9418cb47d283a56e61f311581d66266cb
2002-05-14,0.030332995344119713,isotropic_constructed_macro_nats_full_precision_v3,0552c7f4701ada91e31e916f992171b9418cb47d283a56e61f311581d66266cb
2002-05-16,0.03068610589622764,isotropic_constructed_macro_nats_full_precision_v3,0552c7f4701ada91e31e916f992171b9418cb47d283a56e61f311581d66266cb
2002-05-20,0.03094324036414199,isotropic_constructed_macro_nats_full_precision_v3,0552c7f4701ada91e31e916f992171b9418cb47d283a56e61f311581d66266cb
2002-05-22,0.031085636092696947,isotropic_constructed_macro_nats_full_precision_v3,0552c7f4701ada91e31e916f992171b9418cb47d283a56e61f311581d66266cb
2002-05-24,0.03073726618641702,isotropic_constructed_macro_nats_full_precision_v3,0552c7f4701ada91e31e916f992171b9418cb47d283a56e61f311581d66266cb
2002-05-29,0.031162920778404296,isotropic_constructed_macro_nats_full_precision_v3,0552c7f4701ada91e31e916f992171b9418cb47d283a56e61f311581d66266cb
2002-05-31,0.03218518713639232,isotropic_constructed_macro_nats_full_precision_v3,0552c7f4701ada91e31e916f992171b9418cb47d283a56e61f311581d66266cb
2002-06-04,0.03154275721805189,isotropic_constructed_macro_nats_full_precision_v3,0552c7f4701ada91e31e916f992171b9418cb47d283a56e61f311581d66266cb
2002-06-06,0.031204318184893977,isotropic_constructed_macro_nats_full_precision_v3,0552c7f4701ada91e31e916f992171b9418cb47d283a56e61f311581d66266cb
2002-06-10,0.029830725753321956,isotropic_constructed_macro_nats_full_precision_v3,0552c7f4701ada91e31e916f992171b9418cb47d283a56e61f311581d66266cb
2002-06-12,0.0304770147270221,isotropic_constructed_macro_nats_full_precision_v3,0552c7f4701ada91e31e916f992171b9418cb47d283a56e61f311581d66266cb
2002-06-14,0.030849935592497484,isotropic_constructed_macro_nats_full_precision_v3,0552c7f4701ada91e31e916f992171b9418cb47d283a56e61f311581d66266cb
2002-06-18,0.029677260198156696,isotropic_constructed_macro_nats_full_precision_v3,0552c7f4701ada91e31e916f992171b9418cb47d283a56e61f311581d66266cb
2002-06-20,0.03160251903532855,isotropic_constructed_macro_nats_full_precision_v3,0552c7f4701ada91e31e916f992171b9418cb47d283a56e61f311581d66266cb
2002-06-24,0.030590155849784036,isotropic_constructed_macro_nats_full_precision_v3,0552c7f4701ada91e31e916f992171b9418cb47d283a56e61f311581d66266cb
2002-06-26,0.030320063841926273,isotropic_constructed_macro_nats_full_precision_v3,0552c7f4701ada91e31e916f992171b9418cb47d283a56e61f311581d66266cb
2002-06-28,0.029646259811953846,isotropic_constructed_macro_nats_full_precision_v3,0552c7f4701ada91e31e916f992171b9418cb47d283a56e61f311581d66266cb
2002-07-02,0.03132808841229497,isotropic_constructed_macro_nats_full_precision_v3,0552c7f4701ada91e31e916f992171b9418cb47d283a56e61f311581d66266cb
2002-07-05,0.03173814700363238,isotropic_constructed_macro_nats_full_precision_v3,0552c7f4701ada91e31e916f992171b9418cb47d283a56e61f311581d66266cb
2002-07-09,0.031219622643136803,isotropic_constructed_macro_nats_full_precision_v3,0552c7f4701ada91e31e916f992171b9418cb47d283a56e61f311581d66266cb
2002-07-11,0.030927346874470865,isotropic_constructed_macro_nats_full_precision_v3,0552c7f4701ada91e31e916f992171b9418cb47d283a56e61f311581d66266cb
2002-07-15,0.031108817229897313,isotropic_constructed_macro_nats_full_precision_v3,0552c7f4701ada91e31e916f992171b9418cb47d283a56e61f311581d66266cb
2002-07-17,0.03193194931848602,isotropic_constructed_macro_nats_full_precision_v3,0552c7f4701ada91e31e916f992171b9418cb47d283a56e61f311581d66266cb
2002-07-19,0.031092877300006212,isotropic_constructed_macro_nats_full_precision_v3,0552c7f4701ada91e31e916f992171b9418cb47d283a56e61f311581d66266cb
2002-07-23,0.029340141295203695,isotropic_constructed_macro_nats_full_precision_v3,0552c7f4701ada91e31e916f992171b9418cb47d283a56e61f311581d66266cb
2002-07-25,0.03062041267533111,isotropic_constructed_macro_nats_full_precision_v3,0552c7f4701ada91e31e916f992171b9418cb47d283a56e61f311581d66266cb
2002-07-29,0.03193857669961169,isotropic_constructed_macro_nats_full_precision_v3,0552c7f4701ada91e31e916f992171b9418cb47d283a56e61f311581d66266cb
2002-07-31,0.03526897657943522,isotropic_constructed_macro_nats_full_precision_v3,0552c7f4701ada91e31e916f992171b9418cb47d283a56e61f311581d66266cb
2002-08-02,0.03423297158623928,isotropic_constructed_macro_nats_full_precision_v3,0552c7f4701ada91e31e916f992171b9418cb47d283a56e61f311581d66266cb
2002-08-06,0.032357350219488386,isotropic_constructed_macro_nats_full_precision_v3,0552c7f4701ada91e31e916f992171b9418cb47d283a56e61f311581d66266cb
2002-08-08,0.031774531269348275,isotropic_constructed_macro_nats_full_precision_v3,0552c7f4701ada91e31e916f992171b9418cb47d283a56e61f311581d66266cb
2002-08-12,0.031266072970490194,isotropic_constructed_macro_nats_full_precision_v3,0552c7f4701ada91e31e916f992171b9418cb47d283a56e61f311581d66266cb
2002-08-14,0.031878812487692317,isotropic_constructed_macro_nats_full_precision_v3,0552c7f4701ada91e31e916f992171b9418cb47d283a56e61f311581d66266cb
2002-08-16,0.03069313505196713,isotropic_constructed_macro_nats_full_precision_v3,0552c7f4701ada91e31e916f992171b9418cb47d283a56e61f311581d66266cb
2002-08-20,0.0319671007500863,isotropic_constructed_macro_nats_full_precision_v3,0552c7f4701ada91e31e916f992171b9418cb47d283a56e61f311581d66266cb
2002-08-22,0.03309443099391889,isotropic_constructed_macro_nats_full_precision_v3,0552c7f4701ada91e31e916f992171b9418cb47d283a56e61f311581d66266cb
2002-08-26,0.032271189478047545,isotropic_constructed_macro_nats_full_precision_v3,0552c7f4701ada91e31e916f992171b9418cb47d283a56e61f311581d66266cb
2002-08-28,0.032574376999647235,isotropic_constructed_macro_nats_full_precision_v3,0552c7f4701ada91e31e916f992171b9418cb47d283a56e61f311581d66266cb
2002-08-30,0.031523685118057296,isotropic_constructed_macro_nats_full_precision_v3,0552c7f4701ada91e31e916f992171b9418cb47d283a56e61f311581d66266cb
2002-09-04,0.03200270342334157,isotropic_constructed_macro_nats_full_precision_v3,0552c7f4701ada91e31e916f992171b9418cb47d283a56e61f311581d66266cb
2002-09-06,0.031621226641588854,isotropic_constructed_macro_nats_full_precision_v3,0552c7f4701ada91e31e916f992171b9418cb47d283a56e61f311581d66266cb
2002-09-10,0.031337722930283245,isotropic_constructed_macro_nats_full_precision_v3,0552c7f4701ada91e31e916f992171b9418cb47d283a56e61f311581d66266cb
2002-09-12,0.03160676492187804,isotropic_constructed_macro_nats_full_precision_v3,0552c7f4701ada91e31e916f992171b9418cb47d283a56e61f311581d66266cb
2002-09-16,0.03252107133215981,isotropic_constructed_macro_nats_full_precision_v3,0552c7f4701ada91e31e916f992171b9418cb47d283a56e61f311581d66266cb
2002-09-18,0.030487037532990265,isotropic_constructed_macro_nats_full_precision_v3,0552c7f4701ada91e31e916f992171b9418cb47d283a56e61f311581d66266cb
2002-09-20,0.03141052142230786,isotropic_constructed_macro_nats_full_precision_v3,0552c7f4701ada91e31e916f992171b9418cb47d283a56e61f311581d66266cb
2002-09-24,0.030470541380770766,isotropic_constructed_macro_nats_full_precision_v3,0552c7f4701ada91e31e916f992171b9418cb47d283a56e61f311581d66266cb
2002-09-26,0.031134128037525834,isotropic_constructed_macro_nats_full_precision_v3,0552c7f4701ada91e31e916f992171b9418cb47d283a56e61f311581d66266cb
2002-09-30,0.02959631355884168,isotropic_constructed_macro_nats_full_precision_v3,0552c7f4701ada91e31e916f992171b9418cb47d283a56e61f311581d66266cb
2002-10-02,0.026100686619223268,isotropic_constructed_macro_nats_full_precision_v3,0552c7f4701ada91e31e916f992171b9418cb47d283a56e61f311581d66266cb
2002-10-04,0.026647818207223388,isotropic_constructed_macro_nats_full_precision_v3,0552c7f4701ada91e31e916f992171b9418cb47d283a56e61f311581d66266cb
2002-10-08,0.02351495600095342,isotropic_constructed_macro_nats_full_precision_v3,0552c7f4701ada91e31e916f992171b9418cb47d283a56e61f311581d66266cb
2002-10-10,0.025947172539083962,isotropic_constructed_macro_nats_full_precision_v3,0552c7f4701ada91e31e916f992171b9418cb47d283a56e61f311581d66266cb
2002-10-14,0.027197207267362702,isotropic_constructed_macro_nats_full_precision_v3,0552c7f4701ada91e31e916f992171b9418cb47d283a56e61f311581d66266cb
2002-10-16,0.028927275435624948,isotropic_constructed_macro_nats_full_precision_v3,0552c7f4701ada91e31e916f992171b9418cb47d283a56e61f311581d66266cb
2002-10-18,0.02864384580128304,isotropic_constructed_macro_nats_full_precision_v3,0552c7f4701ada91e31e916f992171b9418cb47d283a56e61f311581d66266cb
2002-10-22,0.027087891130362723,isotropic_constructed_macro_nats_full_precision_v3,0552c7f4701ada91e31e916f992171b9418cb47d283a56e61f311581d66266cb
2002-10-24,0.02835701927458558,isotropic_constructed_macro_nats_full_precision_v3,0552c7f4701ada91e31e916f992171b9418cb47d283a56e61f311581d66266cb
2002-10-28,0.026776606096310114,isotropic_constructed_macro_nats_full_precision_v3,0552c7f4701ada91e31e916f992171b9418cb47d283a56e61f311581d66266cb
2002-10-30,0.027068039514805874,isotropic_constructed_macro_nats_full_precision_v3,0552c7f4701ada91e31e916f992171b9418cb47d283a56e61f311581d66266cb
2002-11-01,0.027222664567896376,isotropic_constructed_macro_nats_full_precision_v3,0552c7f4701ada91e31e916f992171b9418cb47d283a56e61f311581d66266cb
2002-11-05,0.023194736368914205,isotropic_constructed_macro_nats_full_precision_v3,0552c7f4701ada91e31e916f992171b9418cb47d283a56e61f311581d66266cb
2002-11-07,0.022745065514365587,isotropic_constructed_macro_nats_full_precision_v3,0552c7f4701ada91e31e916f992171b9418cb47d283a56e61f311581d66266cb
2002-11-11,0.023584732620100364,isotropic_constructed_macro_nats_full_precision_v3,0552c7f4701ada91e31e916f992171b9418cb47d283a56e61f311581d66266cb
2002-11-13,0.02313102551736273,isotropic_constructed_macro_nats_full_precision_v3,0552c7f4701ada91e31e916f992171b9418cb47d283a56e61f311581d66266cb
2002-11-15,0.024587785116463104,isotropic_constructed_macro_nats_full_precision_v3,0552c7f4701ada91e31e916f992171b9418cb47d283a56e61f311581d66266cb
2002-11-19,0.024461578646988495,isotropic_constructed_macro_nats_full_precision_v3,0552c7f4701ada91e31e916f992171b9418cb47d283a56e61f311581d66266cb
2002-11-21,0.023957536939858318,isotropic_constructed_macro_nats_full_precision_v3,0552c7f4701ada91e31e916f992171b9418cb47d283a56e61f311581d66266cb
2002-11-25,0.025012140470033008,isotropic_constructed_macro_nats_full_precision_v3,0552c7f4701ada91e31e916f992171b9418cb47d283a56e61f311581d66266cb
2002-11-27,0.02410736833963275,isotropic_constructed_macro_nats_full_precision_v3,0552c7f4701ada91e31e916f992171b9418cb47d283a56e61f311581d66266cb
2002-12-02,0.02443227679938431,isotropic_constructed_macro_nats_full_precision_v3,0552c7f4701ada91e31e916f992171b9418cb47d283a56e61f311581d66266cb
2002-12-04,0.025940221996300514,isotropic_constructed_macro_nats_full_precision_v3,0552c7f4701ada91e31e916f992171b9418cb47d283a56e61f311581d66266cb
2002-12-06,0.024945088726054478,isotropic_constructed_macro_nats_full_precision_v3,0552c7f4701ada91e31e916f992171b9418cb47d283a56e61f311581d66266cb
2002-12-10,0.025334330834045696,isotropic_constructed_macro_nats_full_precision_v3,0552c7f4701ada91e31e916f992171b9418cb47d283a56e61f311581d66266cb
2002-12-12,0.024733496065980513,isotropic_constructed_macro_nats_full_precision_v3,0552c7f4701ada91e31e916f992171b9418cb47d283a56e61f311581d66266cb
2002-12-16,0.02492097840778508,isotropic_constructed_macro_nats_full_precision_v3,0552c7f4701ada91e31e916f992171b9418cb47d283a56e61f311581d66266cb
2002-12-18,0.024634624622968927,isotropic_constructed_macro_nats_full_precision_v3,0552c7f4701ada91e31e916f992171b9418cb47d283a56e61f311581d66266cb
2002-12-20,0.024822953111973682,isotropic_constructed_macro_nats_full_precision_v3,0552c7f4701ada91e31e916f992171b9418cb47d283a56e61f311581d66266cb
2002-12-24,0.025369218395220376,isotropic_constructed_macro_nats_full_precision_v3,0552c7f4701ada91e31e916f992171b9418cb47d283a56e61f311581d66266cb
2002-12-27,0.02705832656059428,isotropic_constructed_macro_nats_full_precision_v3,0552c7f4701ada91e31e916f992171b9418cb47d283a56e61f311581d66266cb
2002-12-31,0.02732077539760204,isotropic_constructed_macro_nats_full_precision_v3,0552c7f4701ada91e31e916f992171b9418cb47d283a56e61f311581d66266cb
2003-01-03,0.02716736195355042,isotropic_constructed_macro_nats_full_precision_v3,0552c7f4701ada91e31e916f992171b9418cb47d283a56e61f311581d66266cb
2003-01-07,0.027622249685004138,isotropic_constructed_macro_nats_full_precision_v3,0552c7f4701ada91e31e916f992171b9418cb47d283a56e61f311581d66266cb
2003-01-09,0.026073111869565332,isotropic_constructed_macro_nats_full_precision_v3,0552c7f4701ada91e31e916f992171b9418cb47d283a56e61f311581d66266cb
2003-01-13,0.02609723082369228,isotropic_constructed_macro_nats_full_precision_v3,0552c7f4701ada91e31e916f992171b9418cb47d283a56e61f311581d66266cb
2003-01-15,0.024337505843180555,isotropic_constructed_macro_nats_full_precision_v3,0552c7f4701ada91e31e916f992171b9418cb47d283a56e61f311581d66266cb
2003-01-17,0.0245350384284728,isotropic_constructed_macro_nats_full_precision_v3,0552c7f4701ada91e31e916f992171b9418cb47d283a56e61f311581d66266cb
2003-01-22,0.02494459571090648,isotropic_constructed_macro_nats_full_precision_v3,0552c7f4701ada91e31e916f992171b9418cb47d283a56e61f311581d66266cb
2003-01-24,0.02497364826782148,isotropic_constructed_macro_nats_full_precision_v3,0552c7f4701ada91e31e916f992171b9418cb47d283a56e61f311581d66266cb
2003-01-28,0.024937457274916607,isotropic_constructed_macro_nats_full_precision_v3,0552c7f4701ada91e31e916f992171b9418cb47d283a56e61f311581d66266cb
2003-01-30,0.02503673975096312,isotropic_constructed_macro_nats_full_precision_v3,0552c7f4701ada91e31e916f992171b9418cb47d283a56e61f311581d66266cb
2003-02-03,0.025514080743863826,isotropic_constructed_macro_nats_full_precision_v3,0552c7f4701ada91e31e916f992171b9418cb47d283a56e61f311581d66266cb
2003-02-05,0.02608869026505497,isotropic_constructed_macro_nats_full_precision_v3,0552c7f4701ada91e31e916f992171b9418cb47d283a56e61f311581d66266cb
2003-02-07,0.026021157826670797,isotropic_constructed_macro_nats_full_precision_v3,0552c7f4701ada91e31e916f992171b9418cb47d283a56e61f311581d66266cb
2003-02-11,0.02565140219841358,isotropic_constructed_macro_nats_full_precision_v3,0552c7f4701ada91e31e916f992171b9418cb47d283a56e61f311581d66266cb
2003-02-13,0.02482354171584511,isotropic_constructed_macro_nats_full_precision_v3,0552c7f4701ada91e31e916f992171b9418cb47d283a56e61f311581d66266cb
2003-02-18,0.024652259285941842,isotropic_constructed_macro_nats_full_precision_v3,0552c7f4701ada91e31e916f992171b9418cb47d283a56e61f311581d66266cb
2003-02-20,0.024846901704457795,isotropic_constructed_macro_nats_full_precision_v3,0552c7f4701ada91e31e916f992171b9418cb47d283a56e61f311581d66266cb
2003-02-24,0.024595160705666905,isotropic_constructed_macro_nats_full_precision_v3,0552c7f4701ada91e31e916f992171b9418cb47d283a56e61f311581d66266cb
2003-02-26,0.02438322790046274,isotropic_constructed_macro_nats_full_precision_v3,0552c7f4701ada91e31e916f992171b9418cb47d283a56e61f311581d66266cb
2003-02-28,0.02429294893763914,isotropic_constructed_macro_nats_full_precision_v3,0552c7f4701ada91e31e916f992171b9418cb47d283a56e61f311581d66266cb
2003-03-04,0.02716751549820042,isotropic_constructed_macro_nats_full_precision_v3,0552c7f4701ada91e31e916f992171b9418cb47d283a56e61f311581d66266cb
2003-03-06,0.0296720202862686,isotropic_constructed_macro_nats_full_precision_v3,0552c7f4701ada91e31e916f992171b9418cb47d283a56e61f311581d66266cb
2003-03-10,0.03065831274078678,isotropic_constructed_macro_nats_full_precision_v3,0552c7f4701ada91e31e916f992171b9418cb47d283a56e61f311581d66266cb
2003-03-12,0.0303611135688462,isotropic_constructed_macro_nats_full_precision_v3,0552c7f4701ada91e31e916f992171b9418cb47d283a56e61f311581d66266cb
2003-03-14,0.030993504045841468,isotropic_constructed_macro_nats_full_precision_v3,0552c7f4701ada91e31e916f992171b9418cb47d283a56e61f311581d66266cb
2003-03-18,0.03269251176156806,isotropic_constructed_macro_nats_full_precision_v3,0552c7f4701ada91e31e916f992171b9418cb47d283a56e61f311581d66266cb
2003-03-20,0.03327383855729617,isotropic_constructed_macro_nats_full_precision_v3,0552c7f4701ada91e31e916f992171b9418cb47d283a56e61f311581d66266cb
2003-03-24,0.03325770991960949,isotropic_constructed_macro_nats_full_precision_v3,0552c7f4701ada91e31e916f992171b9418cb47d283a56e61f311581d66266cb
2003-03-26,0.033159158274990296,isotropic_constructed_macro_nats_full_precision_v3,0552c7f4701ada91e31e916f992171b9418cb47d283a56e61f311581d66266cb
2003-03-28,0.03178315070427787,isotropic_constructed_macro_nats_full_precision_v3,0552c7f4701ada91e31e916f992171b9418cb47d283a56e61f311581d66266cb
2003-04-01,0.032131928326220145,isotropic_constructed_macro_nats_full_precision_v3,0552c7f4701ada91e31e916f992171b9418cb47d283a56e61f311581d66266cb
2003-04-03,0.03186968455691529,isotropic_constructed_macro_nats_full_precision_v3,0552c7f4701ada91e31e916f992171b9418cb47d283a56e61f311581d66266cb
2003-04-07,0.03295248790576982,isotropic_constructed_macro_nats_full_precision_v3,0552c7f4701ada91e31e916f992171b9418cb47d283a56e61f311581d66266cb
2003-04-09,0.03372715899994573,isotropic_constructed_macro_nats_full_precision_v3,0552c7f4701ada91e31e916f992171b9418cb47d283a56e61f311581d66266cb
2003-04-11,0.033510941101343644,isotropic_constructed_macro_nats_full_precision_v3,0552c7f4701ada91e31e916f992171b9418cb47d283a56e61f311581d66266cb
2003-04-15,0.032847777123723,isotropic_constructed_macro_nats_full_precision_v3,0552c7f4701ada91e31e916f992171b9418cb47d283a56e61f311581d66266cb
2003-04-17,0.030976380741021714,isotropic_constructed_macro_nats_full_precision_v3,0552c7f4701ada91e31e916f992171b9418cb47d283a56e61f311581d66266cb
2003-04-22,0.032075059286888676,isotropic_constructed_macro_nats_full_precision_v3,0552c7f4701ada91e31e916f992171b9418cb47d283a56e61f311581d66266cb
2003-04-24,0.032236406870598464,isotropic_constructed_macro_nats_full_precision_v3,0552c7f4701ada91e31e916f992171b9418cb47d283a56e61f311581d66266cb
2003-04-28,0.030918053047751096,isotropic_constructed_macro_nats_full_precision_v3,0552c7f4701ada91e31e916f992171b9418cb47d283a56e61f311581d66266cb
2003-04-30,0.031693030936216476,isotropic_constructed_macro_nats_full_precision_v3,0552c7f4701ada91e31e916f992171b9418cb47d283a56e61f311581d66266cb
2003-05-02,0.031841832596866716,isotropic_constructed_macro_nats_full_precision_v3,0552c7f4701ada91e31e916f992171b9418cb47d283a56e61f311581d66266cb
2003-05-06,0.03187887131904871,isotropic_constructed_macro_nats_full_precision_v3,0552c7f4701ada91e31e916f992171b9418cb47d283a56e61f311581d66266cb
2003-05-08,0.03090137962631522,isotropic_constructed_macro_nats_full_precision_v3,0552c7f4701ada91e31e916f992171b9418cb47d283a56e61f311581d66266cb
2003-05-12,0.031533578207988515,isotropic_constructed_macro_nats_full_precision_v3,0552c7f4701ada91e31e916f992171b9418cb47d283a56e61f311581d66266cb
2003-05-14,0.031217287476710827,isotropic_constructed_macro_nats_full_precision_v3,0552c7f4701ada91e31e916f992171b9418cb47d283a56e61f311581d66266cb
2003-05-16,0.033119459938257614,isotropic_constructed_macro_nats_full_precision_v3,0552c7f4701ada91e31e916f992171b9418cb47d283a56e61f311581d66266cb
2003-05-20,0.0332464878267647,isotropic_constructed_macro_nats_full_precision_v3,0552c7f4701ada91e31e916f992171b9418cb47d283a56e61f311581d66266cb
2003-05-22,0.032408885551661076,isotropic_constructed_macro_nats_full_precision_v3,0552c7f4701ada91e31e916f992171b9418cb47d283a56e61f311581d66266cb
2003-05-27,0.03279612060825308,isotropic_constructed_macro_nats_full_precision_v3,0552c7f4701ada91e31e916f992171b9418cb47d283a56e61f311581d66266cb
2003-05-29,0.0333521962279125,isotropic_constructed_macro_nats_full_precision_v3,0552c7f4701ada91e31e916f992171b9418cb47d283a56e61f311581d66266cb
2003-06-02,0.03267096074177095,isotropic_constructed_macro_nats_full_precision_v3,0552c7f4701ada91e31e916f992171b9418cb47d283a56e61f311581d66266cb
2003-06-04,0.03133793551791495,isotropic_constructed_macro_nats_full_precision_v3,0552c7f4701ada91e31e916f992171b9418cb47d283a56e61f311581d66266cb
2003-06-06,0.02977212907255105,isotropic_constructed_macro_nats_full_precision_v3,0552c7f4701ada91e31e916f992171b9418cb47d283a56e61f311581d66266cb
2003-06-10,0.029787211088277726,isotropic_constructed_macro_nats_full_precision_v3,0552c7f4701ada91e31e916f992171b9418cb47d283a56e61f311581d66266cb
2003-06-12,0.029926463286084372,isotropic_constructed_macro_nats_full_precision_v3,0552c7f4701ada91e31e916f992171b9418cb47d283a56e61f311581d66266cb
2003-06-16,0.03447281609866367,isotropic_constructed_macro_nats_full_precision_v3,0552c7f4701ada91e31e916f992171b9418cb47d283a56e61f311581d66266cb
2003-06-18,0.03346561453115798,isotropic_constructed_macro_nats_full_precision_v3,0552c7f4701ada91e31e916f992171b9418cb47d283a56e61f311581d66266cb
2003-06-20,0.03405031191487294,isotropic_constructed_macro_nats_full_precision_v3,0552c7f4701ada91e31e916f992171b9418cb47d283a56e61f311581d66266cb
2003-06-24,0.03599226090236828,isotropic_constructed_macro_nats_full_precision_v3,0552c7f4701ada91e31e916f992171b9418cb47d283a56e61f311581d66266cb
2003-06-26,0.03389315475642286,isotropic_constructed_macro_nats_full_precision_v3,0552c7f4701ada91e31e916f992171b9418cb47d283a56e61f311581d66266cb
2003-06-30,0.03394628192477392,isotropic_constructed_macro_nats_full_precision_v3,0552c7f4701ada91e31e916f992171b9418cb47d283a56e61f311581d66266cb
2003-07-02,0.034391147327495375,isotropic_constructed_macro_nats_full_precision_v3,0552c7f4701ada91e31e916f992171b9418cb47d283a56e61f311581d66266cb
2003-07-07,0.03450381534120263,isotropic_constructed_macro_nats_full_precision_v3,0552c7f4701ada91e31e916f992171b9418cb47d283a56e61f311581d66266cb
2003-07-09,0.035240978031054006,isotropic_constructed_macro_nats_full_precision_v3,0552c7f4701ada91e31e916f992171b9418cb47d283a56e61f311581d66266cb
2003-07-11,0.03478087019907672,isotropic_constructed_macro_nats_full_precision_v3,0552c7f4701ada91e31e916f992171b9418cb47d283a56e61f311581d66266cb
2003-07-15,0.041265035518241316,isotropic_constructed_macro_nats_full_precision_v3,0552c7f4701ada91e31e916f992171b9418cb47d283a56e61f311581d66266cb
2003-07-17,0.0471433204766394,isotropic_constructed_macro_nats_full_precision_v3,0552c7f4701ada91e31e916f992171b9418cb47d283a56e61f311581d66266cb
2003-07-21,0.04911538121539655,isotropic_constructed_macro_nats_full_precision_v3,0552c7f4701ada91e31e916f992171b9418cb47d283a56e61f311581d66266cb
2003-07-23,0.04625921876075789,isotropic_constructed_macro_nats_full_precision_v3,0552c7f4701ada91e31e916f992171b9418cb47d283a56e61f311581d66266cb
2003-07-25,0.04556906652453503,isotropic_constructed_macro_nats_full_precision_v3,0552c7f4701ada91e31e916f992171b9418cb47d283a56e61f311581d66266cb
2003-07-29,0.044675209003202696,isotropic_constructed_macro_nats_full_precision_v3,0552c7f4701ada91e31e916f992171b9418cb47d283a56e61f311581d66266cb
2003-07-31,0.04557453771212584,isotropic_constructed_macro_nats_full_precision_v3,0552c7f4701ada91e31e916f992171b9418cb47d283a56e61f311581d66266cb
2003-08-04,0.04325702549864452,isotropic_constructed_macro_nats_full_precision_v3,0552c7f4701ada91e31e916f992171b9418cb47d283a56e61f311581d66266cb
2003-08-06,0.04231227736567919,isotropic_constructed_macro_nats_full_precision_v3,0552c7f4701ada91e31e916f992171b9418cb47d283a56e61f311581d66266cb
2003-08-08,0.04273946537855344,isotropic_constructed_macro_nats_full_precision_v3,0552c7f4701ada91e31e916f992171b9418cb47d283a56e61f311581d66266cb
2003-08-12,0.04264632482738856,isotropic_constructed_macro_nats_full_precision_v3,0552c7f4701ada91e31e916f992171b9418cb47d283a56e61f311581d66266cb
2003-08-14,0.04206859315772593,isotropic_constructed_macro_nats_full_precision_v3,0552c7f4701ada91e31e916f992171b9418cb47d283a56e61f311581d66266cb
2003-08-18,0.04285081412984179,isotropic_constructed_macro_nats_full_precision_v3,0552c7f4701ada91e31e916f992171b9418cb47d283a56e61f311581d66266cb
2003-08-20,0.0418884973024463,isotropic_constructed_macro_nats_full_precision_v3,0552c7f4701ada91e31e916f992171b9418cb47d283a56e61f311581d66266cb
2003-08-22,0.04199421452248106,isotropic_constructed_macro_nats_full_precision_v3,0552c7f4701ada91e31e916f992171b9418cb47d283a56e61f311581d66266cb
2003-08-26,0.03918650207546376,isotropic_constructed_macro_nats_full_precision_v3,0552c7f4701ada91e31e916f992171b9418cb47d283a56e61f311581d66266cb
2003-08-28,0.03787242227659397,isotropic_constructed_macro_nats_full_precision_v3,0552c7f4701ada91e31e916f992171b9418cb47d283a56e61f311581d66266cb
2003-09-02,0.040044192760724864,isotropic_constructed_macro_nats_full_precision_v3,0552c7f4701ada91e31e916f992171b9418cb47d283a56e61f311581d66266cb
2003-09-04,0.0414839238427651,isotropic_constructed_macro_nats_full_precision_v3,0552c7f4701ada91e31e916f992171b9418cb47d283a56e61f311581d66266cb
2003-09-08,0.04123553466462605,isotropic_constructed_macro_nats_full_precision_v3,0552c7f4701ada91e31e916f992171b9418cb47d283a56e61f311581d66266cb
2003-09-10,0.03942905680276046,isotropic_constructed_macro_nats_full_precision_v3,0552c7f4701ada91e31e916f992171b9418cb47d283a56e61f311581d66266cb
2003-09-12,0.03891599241928094,isotropic_constructed_macro_nats_full_precision_v3,0552c7f4701ada91e31e916f992171b9418cb47d283a56e61f311581d66266cb
2003-09-16,0.04015407775520649,isotropic_constructed_macro_nats_full_precision_v3,0552c7f4701ada91e31e916f992171b9418cb47d283a56e61f311581d66266cb
2003-09-18,0.03792164583228104,isotropic_constructed_macro_nats_full_precision_v3,0552c7f4701ada91e31e916f992171b9418cb47d283a56e61f311581d66266cb
2003-09-22,0.04025717178904706,isotropic_constructed_macro_nats_full_precision_v3,0552c7f4701ada91e31e916f992171b9418cb47d283a56e61f311581d66266cb
2003-09-24,0.03986937273412146,isotropic_constructed_macro_nats_full_precision_v3,0552c7f4701ada91e31e916f992171b9418cb47d283a56e61f311581d66266cb
2003-09-26,0.042992540675393556,isotropic_constructed_macro_nats_full_precision_v3,0552c7f4701ada91e31e916f992171b9418cb47d283a56e61f311581d66266cb
2003-09-30,0.03857062230093551,isotropic_constructed_macro_nats_full_precision_v3,0552c7f4701ada91e31e916f992171b9418cb47d283a56e61f311581d66266cb
2003-10-02,0.03861134458201759,isotropic_constructed_macro_nats_full_precision_v3,0552c7f4701ada91e31e916f992171b9418cb47d283a56e61f311581d66266cb
2003-10-06,0.04503336357721455,isotropic_constructed_macro_nats_full_precision_v3,0552c7f4701ada91e31e916f992171b9418cb47d283a56e61f311581d66266cb
2003-10-08,0.04542448980623644,isotropic_constructed_macro_nats_full_precision_v3,0552c7f4701ada91e31e916f992171b9418cb47d283a56e61f311581d66266cb
2003-10-10,0.04918993880799061,isotropic_constructed_macro_nats_full_precision_v3,0552c7f4701ada91e31e916f992171b9418cb47d283a56e61f311581d66266cb
2003-10-14,0.05043702562078339,isotropic_constructed_macro_nats_full_precision_v3,0552c7f4701ada91e31e916f992171b9418cb47d283a56e61f311581d66266cb
2003-10-16,0.04972982267847055,isotropic_constructed_macro_nats_full_precision_v3,0552c7f4701ada91e31e916f992171b9418cb47d283a56e61f311581d66266cb
2003-10-20,0.050721205911393355,isotropic_constructed_macro_nats_full_precision_v3,0552c7f4701ada91e31e916f992171b9418cb47d283a56e61f311581d66266cb
2003-10-22,0.04548640208459022,isotropic_constructed_macro_nats_full_precision_v3,0552c7f4701ada91e31e916f992171b9418cb47d283a56e61f311581d66266cb
2003-10-24,0.043477059097488654,isotropic_constructed_macro_nats_full_precision_v3,0552c7f4701ada91e31e916f992171b9418cb47d283a56e61f311581d66266cb
2003-10-28,0.04713376626000816,isotropic_constructed_macro_nats_full_precision_v3,0552c7f4701ada91e31e916f992171b9418cb47d283a56e61f311581d66266cb
2003-10-30,0.0426841204587286,isotropic_constructed_macro_nats_full_precision_v3,0552c7f4701ada91e31e916f992171b9418cb47d283a56e61f311581d66266cb
2003-11-03,0.047448510806821886,isotropic_constructed_macro_nats_full_precision_v3,0552c7f4701ada91e31e916f992171b9418cb47d283a56e61f311581d66266cb
2003-11-05,0.044277992014415804,isotropic_constructed_macro_nats_full_precision_v3,0552c7f4701ada91e31e916f992171b9418cb47d283a56e61f311581d66266cb
2003-11-07,0.04250909496028642,isotropic_constructed_macro_nats_full_precision_v3,0552c7f4701ada91e31e916f992171b9418cb47d283a56e61f311581d66266cb
2003-11-11,0.042323905706454334,isotropic_constructed_macro_nats_full_precision_v3,0552c7f4701ada91e31e916f992171b9418cb47d283a56e61f311581d66266cb
2003-11-13,0.03884228550779856,isotropic_constructed_macro_nats_full_precision_v3,0552c7f4701ada91e31e916f992171b9418cb47d283a56e61f311581d66266cb
2003-11-17,0.04710952087328893,isotropic_constructed_macro_nats_full_precision_v3,0552c7f4701ada91e31e916f992171b9418cb47d283a56e61f311581d66266cb
2003-11-19,0.04547318402983151,isotropic_constructed_macro_nats_full_precision_v3,0552c7f4701ada91e31e916f992171b9418cb47d283a56e61f311581d66266cb
2003-11-21,0.0473223384924155,isotropic_constructed_macro_nats_full_precision_v3,0552c7f4701ada91e31e916f992171b9418cb47d283a56e61f311581d66266cb
2003-11-25,0.04769174628267171,isotropic_constructed_macro_nats_full_precision_v3,0552c7f4701ada91e31e916f992171b9418cb47d283a56e61f311581d66266cb
2003-11-28,0.049005955048421035,isotropic_constructed_macro_nats_full_precision_v3,0552c7f4701ada91e31e916f992171b9418cb47d283a56e61f311581d66266cb
2003-12-02,0.04689353180441766,isotropic_constructed_macro_nats_full_precision_v3,0552c7f4701ada91e31e916f992171b9418cb47d283a56e61f311581d66266cb
2003-12-04,0.045479432619400004,isotropic_constructed_macro_nats_full_precision_v3,0552c7f4701ada91e31e916f992171b9418cb47d283a56e61f311581d66266cb
2003-12-08,0.04999903187282963,isotropic_constructed_macro_nats_full_precision_v3,0552c7f4701ada91e31e916f992171b9418cb47d283a56e61f311581d66266cb
2003-12-10,0.04500778521608334,isotropic_constructed_macro_nats_full_precision_v3,0552c7f4701ada91e31e916f992171b9418cb47d283a56e61f311581d66266cb
2003-12-12,0.046123792280830564,isotropic_constructed_macro_nats_full_precision_v3,0552c7f4701ada91e31e916f992171b9418cb47d283a56e61f311581d66266cb
2003-12-16,0.04463710655565721,isotropic_constructed_macro_nats_full_precision_v3,0552c7f4701ada91e31e916f992171b9418cb47d283a56e61f311581d66266cb
2003-12-18,0.0447407047004664,isotropic_constructed_macro_nats_full_precision_v3,0552c7f4701ada91e31e916f992171b9418cb47d283a56e61f311581d66266cb
2003-12-22,0.04573276684977348,isotropic_constructed_macro_nats_full_precision_v3,0552c7f4701ada91e31e916f992171b9418cb47d283a56e61f311581d66266cb
2003-12-24,0.04299065426288162,isotropic_constructed_macro_nats_full_precision_v3,0552c7f4701ada91e31e916f992171b9418cb47d283a56e61f311581d66266cb
2003-12-29,0.03955436949476336,isotropic_constructed_macro_nats_full_precision_v3,0552c7f4701ada91e31e916f992171b9418cb47d283a56e61f311581d66266cb
2003-12-31,0.042813652844128094,isotropic_constructed_macro_nats_full_precision_v3,0552c7f4701ada91e31e916f992171b9418cb47d283a56e61f311581d66266cb
2004-01-05,0.03836741662346732,isotropic_constructed_macro_nats_full_precision_v3,0552c7f4701ada91e31e916f992171b9418cb47d283a56e61f311581d66266cb
2004-01-07,0.038629750783317776,isotropic_constructed_macro_nats_full_precision_v3,0552c7f4701ada91e31e916f992171b9418cb47d283a56e61f311581d66266cb
2004-01-09,0.05025755797685706,isotropic_constructed_macro_nats_full_precision_v3,0552c7f4701ada91e31e916f992171b9418cb47d283a56e61f311581d66266cb
2004-01-13,0.05003491646885809,isotropic_constructed_macro_nats_full_precision_v3,0552c7f4701ada91e31e916f992171b9418cb47d283a56e61f311581d66266cb
2004-01-15,0.04476552991914365,isotropic_constructed_macro_nats_full_precision_v3,0552c7f4701ada91e31e916f992171b9418cb47d283a56e61f311581d66266cb
2004-01-20,0.04666134032109899,isotropic_constructed_macro_nats_full_precision_v3,0552c7f4701ada91e31e916f992171b9418cb47d283a56e61f311581d66266cb
2004-01-22,0.046083241229186334,isotropic_constructed_macro_nats_full_precision_v3,0552c7f4701ada91e31e916f992171b9418cb47d283a56e61f311581d66266cb
2004-01-26,0.04362344578085005,isotropic_constructed_macro_nats_full_precision_v3,0552c7f4701ada91e31e916f992171b9418cb47d283a56e61f311581d66266cb
2004-01-28,0.044728951425639235,isotropic_constructed_macro_nats_full_precision_v3,0552c7f4701ada91e31e916f992171b9418cb47d283a56e61f311581d66266cb
2004-01-30,0.044003177644307334,isotropic_constructed_macro_nats_full_precision_v3,0552c7f4701ada91e31e916f992171b9418cb47d283a56e61f311581d66266cb
2004-02-03,0.0446305710871029,isotropic_constructed_macro_nats_full_precision_v3,0552c7f4701ada91e31e916f992171b9418cb47d283a56e61f311581d66266cb
2004-02-05,0.04298788963432258,isotropic_constructed_macro_nats_full_precision_v3,0552c7f4701ada91e31e916f992171b9418cb47d283a56e61f311581d66266cb
2004-02-09,0.043901263236567206,isotropic_constructed_macro_nats_full_precision_v3,0552c7f4701ada91e31e916f992171b9418cb47d283a56e61f311581d66266cb
2004-02-11,0.041979139765639314,isotropic_constructed_macro_nats_full_precision_v3,0552c7f4701ada91e31e916f992171b9418cb47d283a56e61f311581d66266cb
2004-02-13,0.040264431884037916,isotropic_constructed_macro_nats_full_precision_v3,0552c7f4701ada91e31e916f992171b9418cb47d283a56e61f311581d66266cb
2004-02-18,0.042176150970451576,isotropic_constructed_macro_nats_full_precision_v3,0552c7f4701ada91e31e916f992171b9418cb47d283a56e61f311581d66266cb
2004-02-20,0.04113525907050039,isotropic_constructed_macro_nats_full_precision_v3,0552c7f4701ada91e31e916f992171b9418cb47d283a56e61f311581d66266cb
2004-02-24,0.03884213244519964,isotropic_constructed_macro_nats_full_precision_v3,0552c7f4701ada91e31e916f992171b9418cb47d283a56e61f311581d66266cb
2004-02-26,0.038903570687550196,isotropic_constructed_macro_nats_full_precision_v3,0552c7f4701ada91e31e916f992171b9418cb47d283a56e61f311581d66266cb
2004-03-01,0.04971737966697193,isotropic_constructed_macro_nats_full_precision_v3,0552c7f4701ada91e31e916f992171b9418cb47d283a56e61f311581d66266cb
2004-03-03,0.03251684095147808,isotropic_constructed_macro_nats_full_precision_v3,0552c7f4701ada91e31e916f992171b9418cb47d283a56e61f311581d66266cb
2004-03-05,0.032352325649002006,isotropic_constructed_macro_nats_full_precision_v3,0552c7f4701ada91e31e916f992171b9418cb47d283a56e61f311581d66266cb
2004-03-09,0.03206275434762655,isotropic_constructed_macro_nats_full_precision_v3,0552c7f4701ada91e31e916f992171b9418cb47d283a56e61f311581d66266cb
2004-03-11,0.031175250164717686,isotropic_constructed_macro_nats_full_precision_v3,0552c7f4701ada91e31e916f992171b9418cb47d283a56e61f311581d66266cb
2004-03-15,0.03413416382131303,isotropic_constructed_macro_nats_full_precision_v3,0552c7f4701ada91e31e916f992171b9418cb47d283a56e61f311581d66266cb
2004-03-17,0.034215405249757094,isotropic_constructed_macro_nats_full_precision_v3,0552c7f4701ada91e31e916f992171b9418cb47d283a56e61f311581d66266cb
2004-03-19,0.03344030162044376,isotropic_constructed_macro_nats_full_precision_v3,0552c7f4701ada91e31e916f992171b9418cb47d283a56e61f311581d66266cb
2004-03-23,0.03406713112954124,isotropic_constructed_macro_nats_full_precision_v3,0552c7f4701ada91e31e916f992171b9418cb47d283a56e61f311581d66266cb
2004-03-25,0.03653127924393201,isotropic_constructed_macro_nats_full_precision_v3,0552c7f4701ada91e31e916f992171b9418cb47d283a56e61f311581d66266cb
2004-03-29,0.032128567500107896,isotropic_constructed_macro_nats_full_precision_v3,0552c7f4701ada91e31e916f992171b9418cb47d283a56e61f311581d66266cb
2004-03-31,0.037517822460343575,isotropic_constructed_macro_nats_full_precision_v3,0552c7f4701ada91e31e916f992171b9418cb47d283a56e61f311581d66266cb
2004-04-02,0.03629928306750993,isotropic_constructed_macro_nats_full_precision_v3,0552c7f4701ada91e31e916f992171b9418cb47d283a56e61f311581d66266cb
2004-04-06,0.03538651597675675,isotropic_constructed_macro_nats_full_precision_v3,0552c7f4701ada91e31e916f992171b9418cb47d283a56e61f311581d66266cb
2004-04-08,0.07776930662799338,isotropic_constructed_macro_nats_full_precision_v3,0552c7f4701ada91e31e916f992171b9418cb47d283a56e61f311581d66266cb
2004-04-13,0.0715046839459152,isotropic_constructed_macro_nats_full_precision_v3,0552c7f4701ada91e31e916f992171b9418cb47d283a56e61f311581d66266cb
2004-04-15,0.07704351718949407,isotropic_constructed_macro_nats_full_precision_v3,0552c7f4701ada91e31e916f992171b9418cb47d283a56e61f311581d66266cb
2004-04-19,0.07052750793128801,isotropic_constructed_macro_nats_full_precision_v3,0552c7f4701ada91e31e916f992171b9418cb47d283a56e61f311581d66266cb
2004-04-21,0.0641955894940247,isotropic_constructed_macro_nats_full_precision_v3,0552c7f4701ada91e31e916f992171b9418cb47d283a56e61f311581d66266cb
2004-04-23,0.06526671104450556,isotropic_constructed_macro_nats_full_precision_v3,0552c7f4701ada91e31e916f992171b9418cb47d283a56e61f311581d66266cb
2004-04-27,0.07677774075451496,isotropic_constructed_macro_nats_full_precision_v3,0552c7f4701ada91e31e916f992171b9418cb47d283a56e61f311581d66266cb
2004-04-29,0.10444193926326702,isotropic_constructed_macro_nats_full_precision_v3,0552c7f4701ada91e31e916f992171b9418cb47d283a56e61f311581d66266cb
2004-05-03,0.10815986020969734,isotropic_constructed_macro_nats_full_precision_v3,0552c7f4701ada91e31e916f992171b9418cb47d283a56e61f311581d66266cb
2004-05-05,0.10162887117822095,isotropic_constructed_macro_nats_full_precision_v3,0552c7f4701ada91e31e916f992171b9418cb47d283a56e61f311581d66266cb
2004-05-07,0.10519518174023788,isotropic_constructed_macro_nats_full_precision_v3,0552c7f4701ada91e31e916f992171b9418cb47d283a56e61f311581d66266cb
2004-05-11,0.10441172353484447,isotropic_constructed_macro_nats_full_precision_v3,0552c7f4701ada91e31e916f992171b9418cb47d283a56e61f311581d66266cb
2004-05-13,0.09174569920608876,isotropic_constructed_macro_nats_full_precision_v3,0552c7f4701ada91e31e916f992171b9418cb47d283a56e61f311581d66266cb
2004-05-17,0.09022377569957657,isotropic_constructed_macro_nats_full_precision_v3,0552c7f4701ada91e31e916f992171b9418cb47d283a56e61f311581d66266cb
2004-05-19,0.09702196320941325,isotropic_constructed_macro_nats_full_precision_v3,0552c7f4701ada91e31e916f992171b9418cb47d283a56e61f311581d66266cb
2004-05-21,0.09042431993205077,isotropic_constructed_macro_nats_full_precision_v3,0552c7f4701ada91e31e916f992171b9418cb47d283a56e61f311581d66266cb
2004-05-25,0.08970685365039532,isotropic_constructed_macro_nats_full_precision_v3,0552c7f4701ada91e31e916f992171b9418cb47d283a56e61f311581d66266cb
2004-05-27,0.10688333338970264,isotropic_constructed_macro_nats_full_precision_v3,0552c7f4701ada91e31e916f992171b9418cb47d283a56e61f311581d66266cb
2004-06-01,0.10259889386062977,isotropic_constructed_macro_nats_full_precision_v3,0552c7f4701ada91e31e916f992171b9418cb47d283a56e61f311581d66266cb
2004-06-03,0.11111798885872405,isotropic_constructed_macro_nats_full_precision_v3,0552c7f4701ada91e31e916f992171b9418cb47d283a56e61f311581d66266cb
2004-06-07,0.10628647500678301,isotropic_constructed_macro_nats_full_precision_v3,0552c7f4701ada91e31e916f992171b9418cb47d283a56e61f311581d66266cb
2004-06-09,0.1078975005107568,isotropic_constructed_macro_nats_full_precision_v3,0552c7f4701ada91e31e916f992171b9418cb47d283a56e61f311581d66266cb
2004-06-14,0.11204180746898812,isotropic_constructed_macro_nats_full_precision_v3,0552c7f4701ada91e31e916f992171b9418cb47d283a56e61f311581d66266cb
2004-06-16,0.10970112090611958,isotropic_constructed_macro_nats_full_precision_v3,0552c7f4701ada91e31e916f992171b9418cb47d283a56e61f311581d66266cb
2004-06-18,0.11522910674631894,isotropic_constructed_macro_nats_full_precision_v3,0552c7f4701ada91e31e916f992171b9418cb47d283a56e61f311581d66266cb
2004-06-22,0.12081921913484753,isotropic_constructed_macro_nats_full_precision_v3,0552c7f4701ada91e31e916f992171b9418cb47d283a56e61f311581d66266cb
2004-06-24,0.11814962643982986,isotropic_constructed_macro_nats_full_precision_v3,0552c7f4701ada91e31e916f992171b9418cb47d283a56e61f311581d66266cb
2004-06-28,0.10703478231600272,isotropic_constructed_macro_nats_full_precision_v3,0552c7f4701ada91e31e916f992171b9418cb47d283a56e61f311581d66266cb
2004-06-30,0.10777453929138557,isotropic_constructed_macro_nats_full_precision_v3,0552c7f4701ada91e31e916f992171b9418cb47d283a56e61f311581d66266cb
2004-07-02,0.10492739732377145,isotropic_constructed_macro_nats_full_precision_v3,0552c7f4701ada91e31e916f992171b9418cb47d283a56e61f311581d66266cb
2004-07-07,0.10548816774702481,isotropic_constructed_macro_nats_full_precision_v3,0552c7f4701ada91e31e916f992171b9418cb47d283a56e61f311581d66266cb
2004-07-09,0.10133252962550833,isotropic_constructed_macro_nats_full_precision_v3,0552c7f4701ada91e31e916f992171b9418cb47d283a56e61f311581d66266cb
2004-07-13,0.07848577965872566,isotropic_constructed_macro_nats_full_precision_v3,0552c7f4701ada91e31e916f992171b9418cb47d283a56e61f311581d66266cb
2004-07-15,0.09750417157649333,isotropic_constructed_macro_nats_full_precision_v3,0552c7f4701ada91e31e916f992171b9418cb47d283a56e61f311581d66266cb
2004-07-19,0.09810099687382519,isotropic_constructed_macro_nats_full_precision_v3,0552c7f4701ada91e31e916f992171b9418cb47d283a56e61f311581d66266cb
2004-07-21,0.07747416183616368,isotropic_constructed_macro_nats_full_precision_v3,0552c7f4701ada91e31e916f992171b9418cb47d283a56e61f311581d66266cb
2004-07-23,0.08021644743426061,isotropic_constructed_macro_nats_full_precision_v3,0552c7f4701ada91e31e916f992171b9418cb47d283a56e61f311581d66266cb
2004-07-27,0.07887762482454548,isotropic_constructed_macro_nats_full_precision_v3,0552c7f4701ada91e31e916f992171b9418cb47d283a56e61f311581d66266cb
2004-07-29,0.07656070094555018,isotropic_constructed_macro_nats_full_precision_v3,0552c7f4701ada91e31e916f992171b9418cb47d283a56e61f311581d66266cb
2004-08-02,0.08644157115932855,isotropic_constructed_macro_nats_full_precision_v3,0552c7f4701ada91e31e916f992171b9418cb47d283a56e61f311581d66266cb
2004-08-04,0.08832918420375861,isotropic_constructed_macro_nats_full_precision_v3,0552c7f4701ada91e31e916f992171b9418cb47d283a56e61f311581d66266cb
2004-08-06,0.08650581436921391,isotropic_constructed_macro_nats_full_precision_v3,0552c7f4701ada91e31e916f992171b9418cb47d283a56e61f311581d66266cb
2004-08-10,0.08483115083655282,isotropic_constructed_macro_nats_full_precision_v3,0552c7f4701ada91e31e916f992171b9418cb47d283a56e61f311581d66266cb
2004-08-12,0.09004024608389419,isotropic_constructed_macro_nats_full_precision_v3,0552c7f4701ada91e31e916f992171b9418cb47d283a56e61f311581d66266cb
2004-08-16,0.08104487874747708,isotropic_constructed_macro_nats_full_precision_v3,0552c7f4701ada91e31e916f992171b9418cb47d283a56e61f311581d66266cb
2004-08-18,0.09512118279907575,isotropic_constructed_macro_nats_full_precision_v3,0552c7f4701ada91e31e916f992171b9418cb47d283a56e61f311581d66266cb
2004-08-20,0.09741193469721884,isotropic_constructed_macro_nats_full_precision_v3,0552c7f4701ada91e31e916f992171b9418cb47d283a56e61f311581d66266cb
2004-08-24,0.0944183265436184,isotropic_constructed_macro_nats_full_precision_v3,0552c7f4701ada91e31e916f992171b9418cb47d283a56e61f311581d66266cb
2004-08-26,0.10473491820072252,isotropic_constructed_macro_nats_full_precision_v3,0552c7f4701ada91e31e916f992171b9418cb47d283a56e61f311581d66266cb
2004-08-30,0.10366394382023619,isotropic_constructed_macro_nats_full_precision_v3,0552c7f4701ada91e31e916f992171b9418cb47d283a56e61f311581d66266cb
2004-09-01,0.12050648501993871,isotropic_constructed_macro_nats_full_precision_v3,0552c7f4701ada91e31e916f992171b9418cb47d283a56e61f311581d66266cb
2004-09-03,0.12619978636687712,isotropic_constructed_macro_nats_full_precision_v3,0552c7f4701ada91e31e916f992171b9418cb47d283a56e61f311581d66266cb
2004-09-08,0.1354909590023663,isotropic_constructed_macro_nats_full_precision_v3,0552c7f4701ada91e31e916f992171b9418cb47d283a56e61f311581d66266cb
2004-09-10,0.14559781019998858,isotropic_constructed_macro_nats_full_precision_v3,0552c7f4701ada91e31e916f992171b9418cb47d283a56e61f311581d66266cb
2004-09-14,0.13973043807146107,isotropic_constructed_macro_nats_full_precision_v3,0552c7f4701ada91e31e916f992171b9418cb47d283a56e61f311581d66266cb
2004-09-16,0.13137312728887232,isotropic_constructed_macro_nats_full_precision_v3,0552c7f4701ada91e31e916f992171b9418cb47d283a56e61f311581d66266cb
2004-09-20,0.10191965107019213,isotropic_constructed_macro_nats_full_precision_v3,0552c7f4701ada91e31e916f992171b9418cb47d283a56e61f311581d66266cb
2004-09-22,0.11957502546696587,isotropic_constructed_macro_nats_full_precision_v3,0552c7f4701ada91e31e916f992171b9418cb47d283a56e61f311581d66266cb
2004-09-24,0.12415604649192602,isotropic_constructed_macro_nats_full_precision_v3,0552c7f4701ada91e31e916f992171b9418cb47d283a56e61f311581d66266cb
2004-09-28,0.1323729560020792,isotropic_constructed_macro_nats_full_precision_v3,0552c7f4701ada91e31e916f992171b9418cb47d283a56e61f311581d66266cb
2004-09-30,0.12163570655277003,isotropic_constructed_macro_nats_full_precision_v3,0552c7f4701ada91e31e916f992171b9418cb47d283a56e61f311581d66266cb
2004-10-04,0.11169909934759356,isotropic_constructed_macro_nats_full_precision_v3,0552c7f4701ada91e31e916f992171b9418cb47d283a56e61f311581d66266cb
2004-10-06,0.11280917938058029,isotropic_constructed_macro_nats_full_precision_v3,0552c7f4701ada91e31e916f992171b9418cb47d283a56e61f311581d66266cb
2004-10-08,0.11575234686078423,isotropic_constructed_macro_nats_full_precision_v3,0552c7f4701ada91e31e916f992171b9418cb47d283a56e61f311581d66266cb
2004-10-12,0.1061624834268855,isotropic_constructed_macro_nats_full_precision_v3,0552c7f4701ada91e31e916f992171b9418cb47d283a56e61f311581d66266cb
2004-10-14,0.09103896152951574,isotropic_constructed_macro_nats_full_precision_v3,0552c7f4701ada91e31e916f992171b9418cb47d283a56e61f311581d66266cb
2004-10-18,0.1192951317427014,isotropic_constructed_macro_nats_full_precision_v3,0552c7f4701ada91e31e916f992171b9418cb47d283a56e61f311581d66266cb
2004-10-20,0.12136166698189221,isotropic_constructed_macro_nats_full_precision_v3,0552c7f4701ada91e31e916f992171b9418cb47d283a56e61f311581d66266cb
2004-10-22,0.10817426710139534,isotropic_constructed_macro_nats_full_precision_v3,0552c7f4701ada91e31e916f992171b9418cb47d283a56e61f311581d66266cb
2004-10-26,0.09757703336468768,isotropic_constructed_macro_nats_full_precision_v3,0552c7f4701ada91e31e916f992171b9418cb47d283a56e61f311581d66266cb
2004-10-28,0.09439188801400658,isotropic_constructed_macro_nats_full_precision_v3,0552c7f4701ada91e31e916f992171b9418cb47d283a56e61f311581d66266cb
2004-11-01,0.0959694978642607,isotropic_constructed_macro_nats_full_precision_v3,0552c7f4701ada91e31e916f992171b9418cb47d283a56e61f311581d66266cb
2004-11-03,0.09656517317368074,isotropic_constructed_macro_nats_full_precision_v3,0552c7f4701ada91e31e916f992171b9418cb47d283a56e61f311581d66266cb
2004-11-05,0.09774448040670289,isotropic_constructed_macro_nats_full_precision_v3,0552c7f4701ada91e31e916f992171b9418cb47d283a56e61f311581d66266cb
2004-11-09,0.0855390244778287,isotropic_constructed_macro_nats_full_precision_v3,0552c7f4701ada91e31e916f992171b9418cb47d283a56e61f311581d66266cb
2004-11-11,0.07313731892806874,isotropic_constructed_macro_nats_full_precision_v3,0552c7f4701ada91e31e916f992171b9418cb47d283a56e61f311581d66266cb
2004-11-15,0.07250944157875155,isotropic_constructed_macro_nats_full_precision_v3,0552c7f4701ada91e31e916f992171b9418cb47d283a56e61f311581d66266cb
2004-11-17,0.07519709908197321,isotropic_constructed_macro_nats_full_precision_v3,0552c7f4701ada91e31e916f992171b9418cb47d283a56e61f311581d66266cb
2004-11-19,0.07721129181365291,isotropic_constructed_macro_nats_full_precision_v3,0552c7f4701ada91e31e916f992171b9418cb47d283a56e61f311581d66266cb
2004-11-23,0.07373744759518329,isotropic_constructed_macro_nats_full_precision_v3,0552c7f4701ada91e31e916f992171b9418cb47d283a56e61f311581d66266cb
2004-11-26,0.07370437918395674,isotropic_constructed_macro_nats_full_precision_v3,0552c7f4701ada91e31e916f992171b9418cb47d283a56e61f311581d66266cb
2004-11-30,0.07325234467496955,isotropic_constructed_macro_nats_full_precision_v3,0552c7f4701ada91e31e916f992171b9418cb47d283a56e61f311581d66266cb
2004-12-02,0.06395916740368043,isotropic_constructed_macro_nats_full_precision_v3,0552c7f4701ada91e31e916f992171b9418cb47d283a56e61f311581d66266cb
2004-12-06,0.07204512415191923,isotropic_constructed_macro_nats_full_precision_v3,0552c7f4701ada91e31e916f992171b9418cb47d283a56e61f311581d66266cb
2004-12-08,0.08410120188555811,isotropic_constructed_macro_nats_full_precision_v3,0552c7f4701ada91e31e916f992171b9418cb47d283a56e61f311581d66266cb
2004-12-10,0.07550163184669169,isotropic_constructed_macro_nats_full_precision_v3,0552c7f4701ada91e31e916f992171b9418cb47d283a56e61f311581d66266cb
2004-12-14,0.06791563681782478,isotropic_constructed_macro_nats_full_precision_v3,0552c7f4701ada91e31e916f992171b9418cb47d283a56e61f311581d66266cb
2004-12-16,0.06586722879967913,isotropic_constructed_macro_nats_full_precision_v3,0552c7f4701ada91e31e916f992171b9418cb47d283a56e61f311581d66266cb
2004-12-20,0.0657818969828945,isotropic_constructed_macro_nats_full_precision_v3,0552c7f4701ada91e31e916f992171b9418cb47d283a56e61f311581d66266cb
2004-12-22,0.07494329454918626,isotropic_constructed_macro_nats_full_precision_v3,0552c7f4701ada91e31e916f992171b9418cb47d283a56e61f311581d66266cb
2004-12-27,0.0779082704756485,isotropic_constructed_macro_nats_full_precision_v3,0552c7f4701ada91e31e916f992171b9418cb47d283a56e61f311581d66266cb
2004-12-29,0.09239940243392451,isotropic_constructed_macro_nats_full_precision_v3,0552c7f4701ada91e31e916f992171b9418cb47d283a56e61f311581d66266cb
2004-12-31,0.09252431464060293,isotropic_constructed_macro_nats_full_precision_v3,0552c7f4701ada91e31e916f992171b9418cb47d283a56e61f311581d66266cb
2005-01-04,0.06722582292471024,isotropic_constructed_macro_nats_full_precision_v3,0552c7f4701ada91e31e916f992171b9418cb47d283a56e61f311581d66266cb
2005-01-06,0.07644041887489265,isotropic_constructed_macro_nats_full_precision_v3,0552c7f4701ada91e31e916f992171b9418cb47d283a56e61f311581d66266cb
2005-01-10,0.07374579297654572,isotropic_constructed_macro_nats_full_precision_v3,0552c7f4701ada91e31e916f992171b9418cb47d283a56e61f311581d66266cb
2005-01-12,0.06310110652105667,isotropic_constructed_macro_nats_full_precision_v3,0552c7f4701ada91e31e916f992171b9418cb47d283a56e61f311581d66266cb
2005-01-14,0.06305516953525334,isotropic_constructed_macro_nats_full_precision_v3,0552c7f4701ada91e31e916f992171b9418cb47d283a56e61f311581d66266cb
2005-01-19,0.06175217686851606,isotropic_constructed_macro_nats_full_precision_v3,0552c7f4701ada91e31e916f992171b9418cb47d283a56e61f311581d66266cb
2005-01-21,0.06179905049097835,isotropic_constructed_macro_nats_full_precision_v3,0552c7f4701ada91e31e916f992171b9418cb47d283a56e61f311581d66266cb
2005-01-25,0.07217256637360307,isotropic_constructed_macro_nats_full_precision_v3,0552c7f4701ada91e31e916f992171b9418cb47d283a56e61f311581d66266cb
2005-01-27,0.060647093062120544,isotropic_constructed_macro_nats_full_precision_v3,0552c7f4701ada91e31e916f992171b9418cb47d283a56e61f311581d66266cb
2005-01-31,0.06543303917422556,isotropic_constructed_macro_nats_full_precision_v3,0552c7f4701ada91e31e916f992171b9418cb47d283a56e61f311581d66266cb
2005-02-02,0.06461733080797376,isotropic_constructed_macro_nats_full_precision_v3,0552c7f4701ada91e31e916f992171b9418cb47d283a56e61f311581d66266cb
2005-02-04,0.06589052637952904,isotropic_constructed_macro_nats_full_precision_v3,0552c7f4701ada91e31e916f992171b9418cb47d283a56e61f311581d66266cb
2005-02-08,0.06495563882045541,isotropic_constructed_macro_nats_full_precision_v3,0552c7f4701ada91e31e916f992171b9418cb47d283a56e61f311581d66266cb
2005-02-10,0.058182794350523426,isotropic_constructed_macro_nats_full_precision_v3,0552c7f4701ada91e31e916f992171b9418cb47d283a56e61f311581d66266cb
2005-02-14,0.08891587285954253,isotropic_constructed_macro_nats_full_precision_v3,0552c7f4701ada91e31e916f992171b9418cb47d283a56e61f311581d66266cb
2005-02-16,0.08700631821661886,isotropic_constructed_macro_nats_full_precision_v3,0552c7f4701ada91e31e916f992171b9418cb47d283a56e61f311581d66266cb
2005-02-18,0.0834364608513279,isotropic_constructed_macro_nats_full_precision_v3,0552c7f4701ada91e31e916f992171b9418cb47d283a56e61f311581d66266cb
2005-02-23,0.08221657840004072,isotropic_constructed_macro_nats_full_precision_v3,0552c7f4701ada91e31e916f992171b9418cb47d283a56e61f311581d66266cb
2005-02-25,0.07362900567933757,isotropic_constructed_macro_nats_full_precision_v3,0552c7f4701ada91e31e916f992171b9418cb47d283a56e61f311581d66266cb
2005-03-01,0.07090878917365563,isotropic_constructed_macro_nats_full_precision_v3,0552c7f4701ada91e31e916f992171b9418cb47d283a56e61f311581d66266cb
2005-03-03,0.07053119333035873,isotropic_constructed_macro_nats_full_precision_v3,0552c7f4701ada91e31e916f992171b9418cb47d283a56e61f311581d66266cb
2005-03-07,0.074108435458692,isotropic_constructed_macro_nats_full_precision_v3,0552c7f4701ada91e31e916f992171b9418cb47d283a56e61f311581d66266cb
2005-03-09,0.06094578346932143,isotropic_constructed_macro_nats_full_precision_v3,0552c7f4701ada91e31e916f992171b9418cb47d283a56e61f311581d66266cb
2005-03-11,0.0544957446970315,isotropic_constructed_macro_nats_full_precision_v3,0552c7f4701ada91e31e916f992171b9418cb47d283a56e61f311581d66266cb
2005-03-15,0.05827868798844023,isotropic_constructed_macro_nats_full_precision_v3,0552c7f4701ada91e31e916f992171b9418cb47d283a56e61f311581d66266cb
2005-03-17,0.05847919997494841,isotropic_constructed_macro_nats_full_precision_v3,0552c7f4701ada91e31e916f992171b9418cb47d283a56e61f311581d66266cb
2005-03-21,0.060759101749945366,isotropic_constructed_macro_nats_full_precision_v3,0552c7f4701ada91e31e916f992171b9418cb47d283a56e61f311581d66266cb
2005-03-23,0.054411119481107426,isotropic_constructed_macro_nats_full_precision_v3,0552c7f4701ada91e31e916f992171b9418cb47d283a56e61f311581d66266cb
2005-03-28,0.06334360034769801,isotropic_constructed_macro_nats_full_precision_v3,0552c7f4701ada91e31e916f992171b9418cb47d283a56e61f311581d66266cb
2005-03-30,0.052702788325326405,isotropic_constructed_macro_nats_full_precision_v3,0552c7f4701ada91e31e916f992171b9418cb47d283a56e61f311581d66266cb
2005-04-01,0.044207493631645056,isotropic_constructed_macro_nats_full_precision_v3,0552c7f4701ada91e31e916f992171b9418cb47d283a56e61f311581d66266cb
2005-04-05,0.04833174888514523,isotropic_constructed_macro_nats_full_precision_v3,0552c7f4701ada91e31e916f992171b9418cb47d283a56e61f311581d66266cb
2005-04-07,0.05375868482578969,isotropic_constructed_macro_nats_full_precision_v3,0552c7f4701ada91e31e916f992171b9418cb47d283a56e61f311581d66266cb
2005-04-11,0.052863689050418924,isotropic_constructed_macro_nats_full_precision_v3,0552c7f4701ada91e31e916f992171b9418cb47d283a56e61f311581d66266cb
2005-04-13,0.054401407272883395,isotropic_constructed_macro_nats_full_precision_v3,0552c7f4701ada91e31e916f992171b9418cb47d283a56e61f311581d66266cb
2005-04-15,0.054703178810437875,isotropic_constructed_macro_nats_full_precision_v3,0552c7f4701ada91e31e916f992171b9418cb47d283a56e61f311581d66266cb
2005-04-19,0.054395410188707596,isotropic_constructed_macro_nats_full_precision_v3,0552c7f4701ada91e31e916f992171b9418cb47d283a56e61f311581d66266cb
2005-04-21,0.05161602764979929,isotropic_constructed_macro_nats_full_precision_v3,0552c7f4701ada91e31e916f992171b9418cb47d283a56e61f311581d66266cb
2005-04-25,0.05428904879837877,isotropic_constructed_macro_nats_full_precision_v3,0552c7f4701ada91e31e916f992171b9418cb47d283a56e61f311581d66266cb
2005-04-27,0.05762139744519938,isotropic_constructed_macro_nats_full_precision_v3,0552c7f4701ada91e31e916f992171b9418cb47d283a56e61f311581d66266cb
2005-04-29,0.054975489414229514,isotropic_constructed_macro_nats_full_precision_v3,0552c7f4701ada91e31e916f992171b9418cb47d283a56e61f311581d66266cb
2005-05-03,0.05384089888430767,isotropic_constructed_macro_nats_full_precision_v3,0552c7f4701ada91e31e916f992171b9418cb47d283a56e61f311581d66266cb
2005-05-05,0.05463607310655204,isotropic_constructed_macro_nats_full_precision_v3,0552c7f4701ada91e31e916f992171b9418cb47d283a56e61f311581d66266cb
2005-05-09,0.06130606546097066,isotropic_constructed_macro_nats_full_precision_v3,0552c7f4701ada91e31e916f992171b9418cb47d283a56e61f311581d66266cb
2005-05-11,0.05847111143022242,isotropic_constructed_macro_nats_full_precision_v3,0552c7f4701ada91e31e916f992171b9418cb47d283a56e61f311581d66266cb
2005-05-13,0.06049305616030669,isotropic_constructed_macro_nats_full_precision_v3,0552c7f4701ada91e31e916f992171b9418cb47d283a56e61f311581d66266cb
2005-05-17,0.058058684032079796,isotropic_constructed_macro_nats_full_precision_v3,0552c7f4701ada91e31e916f992171b9418cb47d283a56e61f311581d66266cb
2005-05-19,0.061008936723904825,isotropic_constructed_macro_nats_full_precision_v3,0552c7f4701ada91e31e916f992171b9418cb47d283a56e61f311581d66266cb
2005-05-23,0.060940504108746046,isotropic_constructed_macro_nats_full_precision_v3,0552c7f4701ada91e31e916f992171b9418cb47d283a56e61f311581d66266cb
2005-05-25,0.05914157336658013,isotropic_constructed_macro_nats_full_precision_v3,0552c7f4701ada91e31e916f992171b9418cb47d283a56e61f311581d66266cb
2005-05-27,0.0624137598879269,isotropic_constructed_macro_nats_full_precision_v3,0552c7f4701ada91e31e916f992171b9418cb47d283a56e61f311581d66266cb
2005-06-01,0.061830512394917256,isotropic_constructed_macro_nats_full_precision_v3,0552c7f4701ada91e31e916f992171b9418cb47d283a56e61f311581d66266cb
2005-06-03,0.0658349577697617,isotropic_constructed_macro_nats_full_precision_v3,0552c7f4701ada91e31e916f992171b9418cb47d283a56e61f311581d66266cb
2005-06-07,0.06545202478847838,isotropic_constructed_macro_nats_full_precision_v3,0552c7f4701ada91e31e916f992171b9418cb47d283a56e61f311581d66266cb
2005-06-09,0.06459215132781003,isotropic_constructed_macro_nats_full_precision_v3,0552c7f4701ada91e31e916f992171b9418cb47d283a56e61f311581d66266cb
2005-06-13,0.06535171949835096,isotropic_constructed_macro_nats_full_precision_v3,0552c7f4701ada91e31e916f992171b9418cb47d283a56e61f311581d66266cb
2005-06-15,0.06808916366722131,isotropic_constructed_macro_nats_full_precision_v3,0552c7f4701ada91e31e916f992171b9418cb47d283a56e61f311581d66266cb
2005-06-17,0.06554102026895604,isotropic_constructed_macro_nats_full_precision_v3,0552c7f4701ada91e31e916f992171b9418cb47d283a56e61f311581d66266cb
2005-06-21,0.06628597714287043,isotropic_constructed_macro_nats_full_precision_v3,0552c7f4701ada91e31e916f992171b9418cb47d283a56e61f311581d66266cb
2005-06-23,0.06660878472778209,isotropic_constructed_macro_nats_full_precision_v3,0552c7f4701ada91e31e916f992171b9418cb47d283a56e61f311581d66266cb
2005-06-27,0.06990557050686637,isotropic_constructed_macro_nats_full_precision_v3,0552c7f4701ada91e31e916f992171b9418cb47d283a56e61f311581d66266cb
2005-06-29,0.07006485913218856,isotropic_constructed_macro_nats_full_precision_v3,0552c7f4701ada91e31e916f992171b9418cb47d283a56e61f311581d66266cb
2005-07-01,0.0698498944368289,isotropic_constructed_macro_nats_full_precision_v3,0552c7f4701ada91e31e916f992171b9418cb47d283a56e61f311581d66266cb
2005-07-06,0.07059425168544778,isotropic_constructed_macro_nats_full_precision_v3,0552c7f4701ada91e31e916f992171b9418cb47d283a56e61f311581d66266cb
2005-07-08,0.07051135185841323,isotropic_constructed_macro_nats_full_precision_v3,0552c7f4701ada91e31e916f992171b9418cb47d283a56e61f311581d66266cb
2005-07-12,0.07309857284327255,isotropic_constructed_macro_nats_full_precision_v3,0552c7f4701ada91e31e916f992171b9418cb47d283a56e61f311581d66266cb
2005-07-14,0.07635900604947056,isotropic_constructed_macro_nats_full_precision_v3,0552c7f4701ada91e31e916f992171b9418cb47d283a56e61f311581d66266cb
2005-07-18,0.07378230750696595,isotropic_constructed_macro_nats_full_precision_v3,0552c7f4701ada91e31e916f992171b9418cb47d283a56e61f311581d66266cb
2005-07-20,0.07561432637000128,isotropic_constructed_macro_nats_full_precision_v3,0552c7f4701ada91e31e916f992171b9418cb47d283a56e61f311581d66266cb
2005-07-22,0.09859529996236382,isotropic_constructed_macro_nats_full_precision_v3,0552c7f4701ada91e31e916f992171b9418cb47d283a56e61f311581d66266cb
2005-07-26,0.09786957618705294,isotropic_constructed_macro_nats_full_precision_v3,0552c7f4701ada91e31e916f992171b9418cb47d283a56e61f311581d66266cb
2005-07-28,0.10661335126360498,isotropic_constructed_macro_nats_full_precision_v3,0552c7f4701ada91e31e916f992171b9418cb47d283a56e61f311581d66266cb
2005-08-01,0.10383291418588361,isotropic_constructed_macro_nats_full_precision_v3,0552c7f4701ada91e31e916f992171b9418cb47d283a56e61f311581d66266cb
2005-08-03,0.11062248054499643,isotropic_constructed_macro_nats_full_precision_v3,0552c7f4701ada91e31e916f992171b9418cb47d283a56e61f311581d66266cb
2005-08-05,0.10645494326649198,isotropic_constructed_macro_nats_full_precision_v3,0552c7f4701ada91e31e916f992171b9418cb47d283a56e61f311581d66266cb
2005-08-09,0.11689259284570674,isotropic_constructed_macro_nats_full_precision_v3,0552c7f4701ada91e31e916f992171b9418cb47d283a56e61f311581d66266cb
2005-08-11,0.12049219549771267,isotropic_constructed_macro_nats_full_precision_v3,0552c7f4701ada91e31e916f992171b9418cb47d283a56e61f311581d66266cb
2005-08-15,0.11917359284383486,isotropic_constructed_macro_nats_full_precision_v3,0552c7f4701ada91e31e916f992171b9418cb47d283a56e61f311581d66266cb
2005-08-17,0.12033129849106008,isotropic_constructed_macro_nats_full_precision_v3,0552c7f4701ada91e31e916f992171b9418cb47d283a56e61f311581d66266cb
2005-08-19,0.12390685302200755,isotropic_constructed_macro_nats_full_precision_v3,0552c7f4701ada91e31e916f992171b9418cb47d283a56e61f311581d66266cb
2005-08-23,0.11920179309454,isotropic_constructed_macro_nats_full_precision_v3,0552c7f4701ada91e31e916f992171b9418cb47d283a56e61f311581d66266cb
2005-08-25,0.10599695730911556,isotropic_constructed_macro_nats_full_precision_v3,0552c7f4701ada91e31e916f992171b9418cb47d283a56e61f311581d66266cb
2005-08-29,0.10391050471210962,isotropic_constructed_macro_nats_full_precision_v3,0552c7f4701ada91e31e916f992171b9418cb47d283a56e61f311581d66266cb
2005-08-31,0.11025307840946136,isotropic_constructed_macro_nats_full_precision_v3,0552c7f4701ada91e31e916f992171b9418cb47d283a56e61f311581d66266cb
2005-09-02,0.10430969182495003,isotropic_constructed_macro_nats_full_precision_v3,0552c7f4701ada91e31e916f992171b9418cb47d283a56e61f311581d66266cb
2005-09-07,0.11375290157861102,isotropic_constructed_macro_nats_full_precision_v3,0552c7f4701ada91e31e916f992171b9418cb47d283a56e61f311581d66266cb
2005-09-09,0.07802786956359534,isotropic_constructed_macro_nats_full_precision_v3,0552c7f4701ada91e31e916f992171b9418cb47d283a56e61f311581d66266cb
2005-09-13,0.08582770688741069,isotropic_constructed_macro_nats_full_precision_v3,0552c7f4701ada91e31e916f992171b9418cb47d283a56e61f311581d66266cb
2005-09-15,0.08593097163632801,isotropic_constructed_macro_nats_full_precision_v3,0552c7f4701ada91e31e916f992171b9418cb47d283a56e61f311581d66266cb
2005-09-19,0.08303147165224563,isotropic_constructed_macro_nats_full_precision_v3,0552c7f4701ada91e31e916f992171b9418cb47d283a56e61f311581d66266cb
2005-09-21,0.08372843000625613,isotropic_constructed_macro_nats_full_precision_v3,0552c7f4701ada91e31e916f992171b9418cb47d283a56e61f311581d66266cb
2005-09-23,0.08571973118247851,isotropic_constructed_macro_nats_full_precision_v3,0552c7f4701ada91e31e916f992171b9418cb47d283a56e61f311581d66266cb
2005-09-27,0.07641314430329907,isotropic_constructed_macro_nats_full_precision_v3,0552c7f4701ada91e31e916f992171b9418cb47d283a56e61f311581d66266cb
2005-09-29,0.07731127141930152,isotropic_constructed_macro_nats_full_precision_v3,0552c7f4701ada91e31e916f992171b9418cb47d283a56e61f311581d66266cb
2005-10-03,0.08314201145999457,isotropic_constructed_macro_nats_full_precision_v3,0552c7f4701ada91e31e916f992171b9418cb47d283a56e61f311581d66266cb
2005-10-05,0.08778966376880373,isotropic_constructed_macro_nats_full_precision_v3,0552c7f4701ada91e31e916f992171b9418cb47d283a56e61f311581d66266cb
2005-10-07,0.07881822985307138,isotropic_constructed_macro_nats_full_precision_v3,0552c7f4701ada91e31e916f992171b9418cb47d283a56e61f311581d66266cb
2005-10-11,0.08669188787085454,isotropic_constructed_macro_nats_full_precision_v3,0552c7f4701ada91e31e916f992171b9418cb47d283a56e61f311581d66266cb
2005-10-13,0.09034335554489512,isotropic_constructed_macro_nats_full_precision_v3,0552c7f4701ada91e31e916f992171b9418cb47d283a56e61f311581d66266cb
2005-10-17,0.07963663138568501,isotropic_constructed_macro_nats_full_precision_v3,0552c7f4701ada91e31e916f992171b9418cb47d283a56e61f311581d66266cb
2005-10-19,0.07468754874940563,isotropic_constructed_macro_nats_full_precision_v3,0552c7f4701ada91e31e916f992171b9418cb47d283a56e61f311581d66266cb
2005-10-21,0.07848129420882172,isotropic_constructed_macro_nats_full_precision_v3,0552c7f4701ada91e31e916f992171b9418cb47d283a56e61f311581d66266cb
2005-10-25,0.07725458956562783,isotropic_constructed_macro_nats_full_precision_v3,0552c7f4701ada91e31e916f992171b9418cb47d283a56e61f311581d66266cb
2005-10-27,0.07984026031647218,isotropic_constructed_macro_nats_full_precision_v3,0552c7f4701ada91e31e916f992171b9418cb47d283a56e61f311581d66266cb
2005-10-31,0.07927960584414423,isotropic_constructed_macro_nats_full_precision_v3,0552c7f4701ada91e31e916f992171b9418cb47d283a56e61f311581d66266cb
2005-11-02,0.07799725989209219,isotropic_constructed_macro_nats_full_precision_v3,0552c7f4701ada91e31e916f992171b9418cb47d283a56e61f311581d66266cb
2005-11-04,0.07279946965688104,isotropic_constructed_macro_nats_full_precision_v3,0552c7f4701ada91e31e916f992171b9418cb47d283a56e61f311581d66266cb
2005-11-08,0.0757491778119815,isotropic_constructed_macro_nats_full_precision_v3,0552c7f4701ada91e31e916f992171b9418cb47d283a56e61f311581d66266cb
2005-11-10,0.07570647886065404,isotropic_constructed_macro_nats_full_precision_v3,0552c7f4701ada91e31e916f992171b9418cb47d283a56e61f311581d66266cb
2005-11-14,0.07307322089880515,isotropic_constructed_macro_nats_full_precision_v3,0552c7f4701ada91e31e916f992171b9418cb47d283a56e61f311581d66266cb
2005-11-16,0.08281851631317186,isotropic_constructed_macro_nats_full_precision_v3,0552c7f4701ada91e31e916f992171b9418cb47d283a56e61f311581d66266cb
2005-11-18,0.08692711426436314,isotropic_constructed_macro_nats_full_precision_v3,0552c7f4701ada91e31e916f992171b9418cb47d283a56e61f311581d66266cb
2005-11-22,0.08380603305155059,isotropic_constructed_macro_nats_full_precision_v3,0552c7f4701ada91e31e916f992171b9418cb47d283a56e61f311581d66266cb
2005-11-25,0.0923193128679733,isotropic_constructed_macro_nats_full_precision_v3,0552c7f4701ada91e31e916f992171b9418cb47d283a56e61f311581d66266cb
2005-11-29,0.09220221978158841,isotropic_constructed_macro_nats_full_precision_v3,0552c7f4701ada91e31e916f992171b9418cb47d283a56e61f311581d66266cb
2005-12-01,0.0916121580128321,isotropic_constructed_macro_nats_full_precision_v3,0552c7f4701ada91e31e916f992171b9418cb47d283a56e61f311581d66266cb
2005-12-05,0.08744536973753482,isotropic_constructed_macro_nats_full_precision_v3,0552c7f4701ada91e31e916f992171b9418cb47d283a56e61f311581d66266cb
2005-12-07,0.08241138299521278,isotropic_constructed_macro_nats_full_precision_v3,0552c7f4701ada91e31e916f992171b9418cb47d283a56e61f311581d66266cb
2005-12-09,0.08177404781431766,isotropic_constructed_macro_nats_full_precision_v3,0552c7f4701ada91e31e916f992171b9418cb47d283a56e61f311581d66266cb
2005-12-13,0.0789245478493345,isotropic_constructed_macro_nats_full_precision_v3,0552c7f4701ada91e31e916f992171b9418cb47d283a56e61f311581d66266cb
2005-12-15,0.07840390756443044,isotropic_constructed_macro_nats_full_precision_v3,0552c7f4701ada91e31e916f992171b9418cb47d283a56e61f311581d66266cb
2005-12-19,0.07486092998467839,isotropic_constructed_macro_nats_full_precision_v3,0552c7f4701ada91e31e916f992171b9418cb47d283a56e61f311581d66266cb
2005-12-21,0.07418918734233569,isotropic_constructed_macro_nats_full_precision_v3,0552c7f4701ada91e31e916f992171b9418cb47d283a56e61f311581d66266cb
2005-12-23,0.07509886039001082,isotropic_constructed_macro_nats_full_precision_v3,0552c7f4701ada91e31e916f992171b9418cb47d283a56e61f311581d66266cb
2005-12-28,0.07518971763863422,isotropic_constructed_macro_nats_full_precision_v3,0552c7f4701ada91e31e916f992171b9418cb47d283a56e61f311581d66266cb
2005-12-30,0.07433892273058748,isotropic_constructed_macro_nats_full_precision_v3,0552c7f4701ada91e31e916f992171b9418cb47d283a56e61f311581d66266cb
2006-01-04,0.07330874082841378,isotropic_constructed_macro_nats_full_precision_v3,0552c7f4701ada91e31e916f992171b9418cb47d283a56e61f311581d66266cb
2006-01-06,0.0729529515655635,isotropic_constructed_macro_nats_full_precision_v3,0552c7f4701ada91e31e916f992171b9418cb47d283a56e61f311581d66266cb
2006-01-10,0.07430685066308793,isotropic_constructed_macro_nats_full_precision_v3,0552c7f4701ada91e31e916f992171b9418cb47d283a56e61f311581d66266cb
2006-01-12,0.07758119366117847,isotropic_constructed_macro_nats_full_precision_v3,0552c7f4701ada91e31e916f992171b9418cb47d283a56e61f311581d66266cb
2006-01-17,0.07740635267035323,isotropic_constructed_macro_nats_full_precision_v3,0552c7f4701ada91e31e916f992171b9418cb47d283a56e61f311581d66266cb
2006-01-19,0.07749218026999015,isotropic_constructed_macro_nats_full_precision_v3,0552c7f4701ada91e31e916f992171b9418cb47d283a56e61f311581d66266cb
2006-01-23,0.07643890921299376,isotropic_constructed_macro_nats_full_precision_v3,0552c7f4701ada91e31e916f992171b9418cb47d283a56e61f311581d66266cb
2006-01-25,0.07761061692275491,isotropic_constructed_macro_nats_full_precision_v3,0552c7f4701ada91e31e916f992171b9418cb47d283a56e61f311581d66266cb
2006-01-27,0.07901262528902837,isotropic_constructed_macro_nats_full_precision_v3,0552c7f4701ada91e31e916f992171b9418cb47d283a56e61f311581d66266cb
2006-01-31,0.07797723066293501,isotropic_constructed_macro_nats_full_precision_v3,0552c7f4701ada91e31e916f992171b9418cb47d283a56e61f311581d66266cb
2006-02-02,0.07973944516160962,isotropic_constructed_macro_nats_full_precision_v3,0552c7f4701ada91e31e916f992171b9418cb47d283a56e61f311581d66266cb
2006-02-06,0.07853548550235256,isotropic_constructed_macro_nats_full_precision_v3,0552c7f4701ada91e31e916f992171b9418cb47d283a56e61f311581d66266cb
2006-02-08,0.07778754680185127,isotropic_constructed_macro_nats_full_precision_v3,0552c7f4701ada91e31e916f992171b9418cb47d283a56e61f311581d66266cb
2006-02-10,0.07776021435015347,isotropic_constructed_macro_nats_full_precision_v3,0552c7f4701ada91e31e916f992171b9418cb47d283a56e61f311581d66266cb
2006-02-14,0.07998592687836983,isotropic_constructed_macro_nats_full_precision_v3,0552c7f4701ada91e31e916f992171b9418cb47d283a56e61f311581d66266cb
2006-02-16,0.07917660664151124,isotropic_constructed_macro_nats_full_precision_v3,0552c7f4701ada91e31e916f992171b9418cb47d283a56e61f311581d66266cb
2006-02-21,0.07439018541901436,isotropic_constructed_macro_nats_full_precision_v3,0552c7f4701ada91e31e916f992171b9418cb47d283a56e61f311581d66266cb
2006-02-23,0.07025655925919251,isotropic_constructed_macro_nats_full_precision_v3,0552c7f4701ada91e31e916f992171b9418cb47d283a56e61f311581d66266cb
2006-02-27,0.06819966271577223,isotropic_constructed_macro_nats_full_precision_v3,0552c7f4701ada91e31e916f992171b9418cb47d283a56e61f311581d66266cb
2006-03-01,0.06848194585875375,isotropic_constructed_macro_nats_full_precision_v3,0552c7f4701ada91e31e916f992171b9418cb47d283a56e61f311581d66266cb
2006-03-03,0.06865816354964842,isotropic_constructed_macro_nats_full_precision_v3,0552c7f4701ada91e31e916f992171b9418cb47d283a56e61f311581d66266cb
2006-03-07,0.06788619883644144,isotropic_constructed_macro_nats_full_precision_v3,0552c7f4701ada91e31e916f992171b9418cb47d283a56e61f311581d66266cb
2006-03-09,0.06693162127270777,isotropic_constructed_macro_nats_full_precision_v3,0552c7f4701ada91e31e916f992171b9418cb47d283a56e61f311581d66266cb
2006-03-13,0.06613027572318722,isotropic_constructed_macro_nats_full_precision_v3,0552c7f4701ada91e31e916f992171b9418cb47d283a56e61f311581d66266cb
2006-03-15,0.06472773126637292,isotropic_constructed_macro_nats_full_precision_v3,0552c7f4701ada91e31e916f992171b9418cb47d283a56e61f311581d66266cb
2006-03-17,0.06440353008928514,isotropic_constructed_macro_nats_full_precision_v3,0552c7f4701ada91e31e916f992171b9418cb47d283a56e61f311581d66266cb
2006-03-21,0.06738475399309199,isotropic_constructed_macro_nats_full_precision_v3,0552c7f4701ada91e31e916f992171b9418cb47d283a56e61f311581d66266cb
2006-03-23,0.06689595129530819,isotropic_constructed_macro_nats_full_precision_v3,0552c7f4701ada91e31e916f992171b9418cb47d283a56e61f311581d66266cb
2006-03-27,0.06708255035094718,isotropic_constructed_macro_nats_full_precision_v3,0552c7f4701ada91e31e916f992171b9418cb47d283a56e61f311581d66266cb
2006-03-29,0.06816724696627603,isotropic_constructed_macro_nats_full_precision_v3,0552c7f4701ada91e31e916f992171b9418cb47d283a56e61f311581d66266cb
2006-03-31,0.06740745232771381,isotropic_constructed_macro_nats_full_precision_v3,0552c7f4701ada91e31e916f992171b9418cb47d283a56e61f311581d66266cb
2006-04-04,0.0661257337463874,isotropic_constructed_macro_nats_full_precision_v3,0552c7f4701ada91e31e916f992171b9418cb47d283a56e61f311581d66266cb
2006-04-06,0.06203933254091805,isotropic_constructed_macro_nats_full_precision_v3,0552c7f4701ada91e31e916f992171b9418cb47d283a56e61f311581d66266cb
2006-04-10,0.06443278058953854,isotropic_constructed_macro_nats_full_precision_v3,0552c7f4701ada91e31e916f992171b9418cb47d283a56e61f311581d66266cb
2006-04-12,0.06378751244343069,isotropic_constructed_macro_nats_full_precision_v3,0552c7f4701ada91e31e916f992171b9418cb47d283a56e61f311581d66266cb
2006-04-17,0.059295193519249945,isotropic_constructed_macro_nats_full_precision_v3,0552c7f4701ada91e31e916f992171b9418cb47d283a56e61f311581d66266cb
2006-04-19,0.06050274555447957,isotropic_constructed_macro_nats_full_precision_v3,0552c7f4701ada91e31e916f992171b9418cb47d283a56e61f311581d66266cb
2006-04-21,0.06378361559481031,isotropic_constructed_macro_nats_full_precision_v3,0552c7f4701ada91e31e916f992171b9418cb47d283a56e61f311581d66266cb
2006-04-25,0.062188917301762986,isotropic_constructed_macro_nats_full_precision_v3,0552c7f4701ada91e31e916f992171b9418cb47d283a56e61f311581d66266cb
2006-04-27,0.06363501899500174,isotropic_constructed_macro_nats_full_precision_v3,0552c7f4701ada91e31e916f992171b9418cb47d283a56e61f311581d66266cb
2006-05-01,0.05631928606313022,isotropic_constructed_macro_nats_full_precision_v3,0552c7f4701ada91e31e916f992171b9418cb47d283a56e61f311581d66266cb
2006-05-03,0.0554237062494997,isotropic_constructed_macro_nats_full_precision_v3,0552c7f4701ada91e31e916f992171b9418cb47d283a56e61f311581d66266cb
2006-05-05,0.05539730798076027,isotropic_constructed_macro_nats_full_precision_v3,0552c7f4701ada91e31e916f992171b9418cb47d283a56e61f311581d66266cb
2006-05-09,0.05975178615867177,isotropic_constructed_macro_nats_full_precision_v3,0552c7f4701ada91e31e916f992171b9418cb47d283a56e61f311581d66266cb
2006-05-11,0.06607371336375885,isotropic_constructed_macro_nats_full_precision_v3,0552c7f4701ada91e31e916f992171b9418cb47d283a56e61f311581d66266cb
2006-05-15,0.06468424093214224,isotropic_constructed_macro_nats_full_precision_v3,0552c7f4701ada91e31e916f992171b9418cb47d283a56e61f311581d66266cb
2006-05-17,0.06458968903366599,isotropic_constructed_macro_nats_full_precision_v3,0552c7f4701ada91e31e916f992171b9418cb47d283a56e61f311581d66266cb
2006-05-19,0.06085588877126037,isotropic_constructed_macro_nats_full_precision_v3,0552c7f4701ada91e31e916f992171b9418cb47d283a56e61f311581d66266cb
2006-05-23,0.056447470703137395,isotropic_constructed_macro_nats_full_precision_v3,0552c7f4701ada91e31e916f992171b9418cb47d283a56e61f311581d66266cb
2006-05-25,0.06551091057478634,isotropic_constructed_macro_nats_full_precision_v3,0552c7f4701ada91e31e916f992171b9418cb47d283a56e61f311581d66266cb
2006-05-30,0.0588567753415101,isotropic_constructed_macro_nats_full_precision_v3,0552c7f4701ada91e31e916f992171b9418cb47d283a56e61f311581d66266cb
2006-06-01,0.05696888972156752,isotropic_constructed_macro_nats_full_precision_v3,0552c7f4701ada91e31e916f992171b9418cb47d283a56e61f311581d66266cb
2006-06-05,0.06407039221324945,isotropic_constructed_macro_nats_full_precision_v3,0552c7f4701ada91e31e916f992171b9418cb47d283a56e61f311581d66266cb
2006-06-07,0.07111187256570399,isotropic_constructed_macro_nats_full_precision_v3,0552c7f4701ada91e31e916f992171b9418cb47d283a56e61f311581d66266cb
2006-06-09,0.07003563789941575,isotropic_constructed_macro_nats_full_precision_v3,0552c7f4701ada91e31e916f992171b9418cb47d283a56e61f311581d66266cb
2006-06-13,0.08360417638193773,isotropic_constructed_macro_nats_full_precision_v3,0552c7f4701ada91e31e916f992171b9418cb47d283a56e61f311581d66266cb
2006-06-15,0.11187164588056125,isotropic_constructed_macro_nats_full_precision_v3,0552c7f4701ada91e31e916f992171b9418cb47d283a56e61f311581d66266cb
2006-06-19,0.0977060958473641,isotropic_constructed_macro_nats_full_precision_v3,0552c7f4701ada91e31e916f992171b9418cb47d283a56e61f311581d66266cb
2006-06-21,0.09230318077927807,isotropic_constructed_macro_nats_full_precision_v3,0552c7f4701ada91e31e916f992171b9418cb47d283a56e61f311581d66266cb
2006-06-23,0.0982234214363365,isotropic_constructed_macro_nats_full_precision_v3,0552c7f4701ada91e31e916f992171b9418cb47d283a56e61f311581d66266cb
2006-06-27,0.10359840416103398,isotropic_constructed_macro_nats_full_precision_v3,0552c7f4701ada91e31e916f992171b9418cb47d283a56e61f311581d66266cb
2006-06-29,0.10231053367545744,isotropic_constructed_macro_nats_full_precision_v3,0552c7f4701ada91e31e916f992171b9418cb47d283a56e61f311581d66266cb
2006-07-03,0.10222844392964679,isotropic_constructed_macro_nats_full_precision_v3,0552c7f4701ada91e31e916f992171b9418cb47d283a56e61f311581d66266cb
2006-07-06,0.10404937875644844,isotropic_constructed_macro_nats_full_precision_v3,0552c7f4701ada91e31e916f992171b9418cb47d283a56e61f311581d66266cb
2006-07-10,0.09304669208858307,isotropic_constructed_macro_nats_full_precision_v3,0552c7f4701ada91e31e916f992171b9418cb47d283a56e61f311581d66266cb
2006-07-12,0.07772227466414611,isotropic_constructed_macro_nats_full_precision_v3,0552c7f4701ada91e31e916f992171b9418cb47d283a56e61f311581d66266cb
2006-07-14,0.07061206058049443,isotropic_constructed_macro_nats_full_precision_v3,0552c7f4701ada91e31e916f992171b9418cb47d283a56e61f311581d66266cb
2006-07-18,0.055086599700190544,isotropic_constructed_macro_nats_full_precision_v3,0552c7f4701ada91e31e916f992171b9418cb47d283a56e61f311581d66266cb
2006-07-20,0.0534782465149103,isotropic_constructed_macro_nats_full_precision_v3,0552c7f4701ada91e31e916f992171b9418cb47d283a56e61f311581d66266cb
2006-07-24,0.05518920558056657,isotropic_constructed_macro_nats_full_precision_v3,0552c7f4701ada91e31e916f992171b9418cb47d283a56e61f311581d66266cb
2006-07-26,0.08598071473151728,isotropic_constructed_macro_nats_full_precision_v3,0552c7f4701ada91e31e916f992171b9418cb47d283a56e61f311581d66266cb
2006-07-28,0.08728660376755173,isotropic_constructed_macro_nats_full_precision_v3,0552c7f4701ada91e31e916f992171b9418cb47d283a56e61f311581d66266cb
2006-08-01,0.09922006183388715,isotropic_constructed_macro_nats_full_precision_v3,0552c7f4701ada91e31e916f992171b9418cb47d283a56e61f311581d66266cb
2006-08-03,0.10466167426854488,isotropic_constructed_macro_nats_full_precision_v3,0552c7f4701ada91e31e916f992171b9418cb47d283a56e61f311581d66266cb
2006-08-07,0.10368008639592953,isotropic_constructed_macro_nats_full_precision_v3,0552c7f4701ada91e31e916f992171b9418cb47d283a56e61f311581d66266cb
2006-08-09,0.1073785253269906,isotropic_constructed_macro_nats_full_precision_v3,0552c7f4701ada91e31e916f992171b9418cb47d283a56e61f311581d66266cb
2006-08-11,0.11388343754480867,isotropic_constructed_macro_nats_full_precision_v3,0552c7f4701ada91e31e916f992171b9418cb47d283a56e61f311581d66266cb
2006-08-15,0.11696345256184386,isotropic_constructed_macro_nats_full_precision_v3,0552c7f4701ada91e31e916f992171b9418cb47d283a56e61f311581d66266cb
2006-08-17,0.10809747489566365,isotropic_constructed_macro_nats_full_precision_v3,0552c7f4701ada91e31e916f992171b9418cb47d283a56e61f311581d66266cb
2006-08-21,0.1102901143962597,isotropic_constructed_macro_nats_full_precision_v3,0552c7f4701ada91e31e916f992171b9418cb47d283a56e61f311581d66266cb
2006-08-23,0.0979934500183127,isotropic_constructed_macro_nats_full_precision_v3,0552c7f4701ada91e31e916f992171b9418cb47d283a56e61f311581d66266cb
2006-08-25,0.09294673949376857,isotropic_constructed_macro_nats_full_precision_v3,0552c7f4701ada91e31e916f992171b9418cb47d283a56e61f311581d66266cb
2006-08-29,0.08554425212002931,isotropic_constructed_macro_nats_full_precision_v3,0552c7f4701ada91e31e916f992171b9418cb47d283a56e61f311581d66266cb
2006-08-31,0.09016831321103976,isotropic_constructed_macro_nats_full_precision_v3,0552c7f4701ada91e31e916f992171b9418cb47d283a56e61f311581d66266cb
2006-09-05,0.09504416269149178,isotropic_constructed_macro_nats_full_precision_v3,0552c7f4701ada91e31e916f992171b9418cb47d283a56e61f311581d66266cb
2006-09-07,0.09383923032807957,isotropic_constructed_macro_nats_full_precision_v3,0552c7f4701ada91e31e916f992171b9418cb47d283a56e61f311581d66266cb
2006-09-11,0.0936975234334342,isotropic_constructed_macro_nats_full_precision_v3,0552c7f4701ada91e31e916f992171b9418cb47d283a56e61f311581d66266cb
2006-09-13,0.08791896085093083,isotropic_constructed_macro_nats_full_precision_v3,0552c7f4701ada91e31e916f992171b9418cb47d283a56e61f311581d66266cb
2006-09-15,0.08397838555006688,isotropic_constructed_macro_nats_full_precision_v3,0552c7f4701ada91e31e916f992171b9418cb47d283a56e61f311581d66266cb
2006-09-19,0.09149294934190658,isotropic_constructed_macro_nats_full_precision_v3,0552c7f4701ada91e31e916f992171b9418cb47d283a56e61f311581d66266cb
2006-09-21,0.06859533337214216,isotropic_constructed_macro_nats_full_precision_v3,0552c7f4701ada91e31e916f992171b9418cb47d283a56e61f311581d66266cb
2006-09-25,0.05927848212042601,isotropic_constructed_macro_nats_full_precision_v3,0552c7f4701ada91e31e916f992171b9418cb47d283a56e61f311581d66266cb
2006-09-27,0.0657379746478537,isotropic_constructed_macro_nats_full_precision_v3,0552c7f4701ada91e31e916f992171b9418cb47d283a56e61f311581d66266cb
2006-09-29,0.05277222792773552,isotropic_constructed_macro_nats_full_precision_v3,0552c7f4701ada91e31e916f992171b9418cb47d283a56e61f311581d66266cb
2006-10-03,0.04874399911479349,isotropic_constructed_macro_nats_full_precision_v3,0552c7f4701ada91e31e916f992171b9418cb47d283a56e61f311581d66266cb
2006-10-05,0.03814361119831021,isotropic_constructed_macro_nats_full_precision_v3,0552c7f4701ada91e31e916f992171b9418cb47d283a56e61f311581d66266cb
2006-10-09,0.04075281628145616,isotropic_constructed_macro_nats_full_precision_v3,0552c7f4701ada91e31e916f992171b9418cb47d283a56e61f311581d66266cb
2006-10-11,0.04287162408465424,isotropic_constructed_macro_nats_full_precision_v3,0552c7f4701ada91e31e916f992171b9418cb47d283a56e61f311581d66266cb
2006-10-13,0.047570631485502335,isotropic_constructed_macro_nats_full_precision_v3,0552c7f4701ada91e31e916f992171b9418cb47d283a56e61f311581d66266cb
2006-10-17,0.02956009211730244,isotropic_constructed_macro_nats_full_precision_v3,0552c7f4701ada91e31e916f992171b9418cb47d283a56e61f311581d66266cb
2006-10-19,0.0404417258166872,isotropic_constructed_macro_nats_full_precision_v3,0552c7f4701ada91e31e916f992171b9418cb47d283a56e61f311581d66266cb
2006-10-23,0.032193124076863935,isotropic_constructed_macro_nats_full_precision_v3,0552c7f4701ada91e31e916f992171b9418cb47d283a56e61f311581d66266cb
2006-10-25,0.028124098816019488,isotropic_constructed_macro_nats_full_precision_v3,0552c7f4701ada91e31e916f992171b9418cb47d283a56e61f311581d66266cb
2006-10-27,0.03351406777578311,isotropic_constructed_macro_nats_full_precision_v3,0552c7f4701ada91e31e916f992171b9418cb47d283a56e61f311581d66266cb
2006-10-31,0.03982791349623026,isotropic_constructed_macro_nats_full_precision_v3,0552c7f4701ada91e31e916f992171b9418cb47d283a56e61f311581d66266cb
2006-11-02,0.03356524355456661,isotropic_constructed_macro_nats_full_precision_v3,0552c7f4701ada91e31e916f992171b9418cb47d283a56e61f311581d66266cb
2006-11-06,0.026544898742844283,isotropic_constructed_macro_nats_full_precision_v3,0552c7f4701ada91e31e916f992171b9418cb47d283a56e61f311581d66266cb
2006-11-08,0.030285940670924272,isotropic_constructed_macro_nats_full_precision_v3,0552c7f4701ada91e31e916f992171b9418cb47d283a56e61f311581d66266cb
2006-11-10,0.03245552686791822,isotropic_constructed_macro_nats_full_precision_v3,0552c7f4701ada91e31e916f992171b9418cb47d283a56e61f311581d66266cb
2006-11-14,0.028954275186575923,isotropic_constructed_macro_nats_full_precision_v3,0552c7f4701ada91e31e916f992171b9418cb47d283a56e61f311581d66266cb
2006-11-16,0.029766474383023336,isotropic_constructed_macro_nats_full_precision_v3,0552c7f4701ada91e31e916f992171b9418cb47d283a56e61f311581d66266cb
2006-11-20,0.031881691923228844,isotropic_constructed_macro_nats_full_precision_v3,0552c7f4701ada91e31e916f992171b9418cb47d283a56e61f311581d66266cb
2006-11-22,0.048313551705987834,isotropic_constructed_macro_nats_full_precision_v3,0552c7f4701ada91e31e916f992171b9418cb47d283a56e61f311581d66266cb
2006-11-27,0.04779615140268252,isotropic_constructed_macro_nats_full_precision_v3,0552c7f4701ada91e31e916f992171b9418cb47d283a56e61f311581d66266cb
2006-11-29,0.046240703008812944,isotropic_constructed_macro_nats_full_precision_v3,0552c7f4701ada91e31e916f992171b9418cb47d283a56e61f311581d66266cb
2006-12-01,0.04546468618535619,isotropic_constructed_macro_nats_full_precision_v3,0552c7f4701ada91e31e916f992171b9418cb47d283a56e61f311581d66266cb
2006-12-05,0.034660085274848026,isotropic_constructed_macro_nats_full_precision_v3,0552c7f4701ada91e31e916f992171b9418cb47d283a56e61f311581d66266cb
2006-12-07,0.048926768300536716,isotropic_constructed_macro_nats_full_precision_v3,0552c7f4701ada91e31e916f992171b9418cb47d283a56e61f311581d66266cb
2006-12-11,0.048072066416102704,isotropic_constructed_macro_nats_full_precision_v3,0552c7f4701ada91e31e916f992171b9418cb47d283a56e61f311581d66266cb
2006-12-13,0.04764104184522479,isotropic_constructed_macro_nats_full_precision_v3,0552c7f4701ada91e31e916f992171b9418cb47d283a56e61f311581d66266cb
2006-12-15,0.05065994970399146,isotropic_constructed_macro_nats_full_precision_v3,0552c7f4701ada91e31e916f992171b9418cb47d283a56e61f311581d66266cb
2006-12-19,0.05059588527458138,isotropic_constructed_macro_nats_full_precision_v3,0552c7f4701ada91e31e916f992171b9418cb47d283a56e61f311581d66266cb
2006-12-21,0.08223142473819489,isotropic_constructed_macro_nats_full_precision_v3,0552c7f4701ada91e31e916f992171b9418cb47d283a56e61f311581d66266cb
2006-12-26,0.09191931680078683,isotropic_constructed_macro_nats_full_precision_v3,0552c7f4701ada91e31e916f992171b9418cb47d283a56e61f311581d66266cb
2006-12-28,0.09113841393803603,isotropic_constructed_macro_nats_full_precision_v3,0552c7f4701ada91e31e916f992171b9418cb47d283a56e61f311581d66266cb
2007-01-03,0.08983337484386922,isotropic_constructed_macro_nats_full_precision_v3,0552c7f4701ada91e31e916f992171b9418cb47d283a56e61f311581d66266cb
2007-01-05,0.09105635740589241,isotropic_constructed_macro_nats_full_precision_v3,0552c7f4701ada91e31e916f992171b9418cb47d283a56e61f311581d66266cb
2007-01-09,0.09313751650412427,isotropic_constructed_macro_nats_full_precision_v3,0552c7f4701ada91e31e916f992171b9418cb47d283a56e61f311581d66266cb
2007-01-11,0.08755412874317905,isotropic_constructed_macro_nats_full_precision_v3,0552c7f4701ada91e31e916f992171b9418cb47d283a56e61f311581d66266cb
2007-01-16,0.07068969767179502,isotropic_constructed_macro_nats_full_precision_v3,0552c7f4701ada91e31e916f992171b9418cb47d283a56e61f311581d66266cb
2007-01-18,0.06524818161946229,isotropic_constructed_macro_nats_full_precision_v3,0552c7f4701ada91e31e916f992171b9418cb47d283a56e61f311581d66266cb
2007-01-22,0.07916456624980833,isotropic_constructed_macro_nats_full_precision_v3,0552c7f4701ada91e31e916f992171b9418cb47d283a56e61f311581d66266cb
2007-01-24,0.08197627717543862,isotropic_constructed_macro_nats_full_precision_v3,0552c7f4701ada91e31e916f992171b9418cb47d283a56e61f311581d66266cb
2007-01-26,0.07588108959743133,isotropic_constructed_macro_nats_full_precision_v3,0552c7f4701ada91e31e916f992171b9418cb47d283a56e61f311581d66266cb
2007-01-30,0.07903496286786449,isotropic_constructed_macro_nats_full_precision_v3,0552c7f4701ada91e31e916f992171b9418cb47d283a56e61f311581d66266cb
2007-02-01,0.07641859869756888,isotropic_constructed_macro_nats_full_precision_v3,0552c7f4701ada91e31e916f992171b9418cb47d283a56e61f311581d66266cb
2007-02-05,0.07832846256363796,isotropic_constructed_macro_nats_full_precision_v3,0552c7f4701ada91e31e916f992171b9418cb47d283a56e61f311581d66266cb
2007-02-07,0.07892941704579494,isotropic_constructed_macro_nats_full_precision_v3,0552c7f4701ada91e31e916f992171b9418cb47d283a56e61f311581d66266cb
2007-02-09,0.07770874939699096,isotropic_constructed_macro_nats_full_precision_v3,0552c7f4701ada91e31e916f992171b9418cb47d283a56e61f311581d66266cb
2007-02-13,0.07511975223885407,isotropic_constructed_macro_nats_full_precision_v3,0552c7f4701ada91e31e916f992171b9418cb47d283a56e61f311581d66266cb
2007-02-15,0.07851171950692522,isotropic_constructed_macro_nats_full_precision_v3,0552c7f4701ada91e31e916f992171b9418cb47d283a56e61f311581d66266cb
2007-02-20,0.06051670611989764,isotropic_constructed_macro_nats_full_precision_v3,0552c7f4701ada91e31e916f992171b9418cb47d283a56e61f311581d66266cb
2007-02-22,0.061987242330857895,isotropic_constructed_macro_nats_full_precision_v3,0552c7f4701ada91e31e916f992171b9418cb47d283a56e61f311581d66266cb
2007-02-26,0.06126333615975289,isotropic_constructed_macro_nats_full_precision_v3,0552c7f4701ada91e31e916f992171b9418cb47d283a56e61f311581d66266cb
2007-02-28,0.04000465301258126,isotropic_constructed_macro_nats_full_precision_v3,0552c7f4701ada91e31e916f992171b9418cb47d283a56e61f311581d66266cb
2007-03-02,0.04379108079930229,isotropic_constructed_macro_nats_full_precision_v3,0552c7f4701ada91e31e916f992171b9418cb47d283a56e61f311581d66266cb
2007-03-06,0.04298341701723682,isotropic_constructed_macro_nats_full_precision_v3,0552c7f4701ada91e31e916f992171b9418cb47d283a56e61f311581d66266cb
2007-03-08,0.041717735516982546,isotropic_constructed_macro_nats_full_precision_v3,0552c7f4701ada91e31e916f992171b9418cb47d283a56e61f311581d66266cb
2007-03-12,0.04073839823027488,isotropic_constructed_macro_nats_full_precision_v3,0552c7f4701ada91e31e916f992171b9418cb47d283a56e61f311581d66266cb
2007-03-14,0.043914758987048746,isotropic_constructed_macro_nats_full_precision_v3,0552c7f4701ada91e31e916f992171b9418cb47d283a56e61f311581d66266cb
2007-03-16,0.04379382846836108,isotropic_constructed_macro_nats_full_precision_v3,0552c7f4701ada91e31e916f992171b9418cb47d283a56e61f311581d66266cb
2007-03-20,0.043869107693179046,isotropic_constructed_macro_nats_full_precision_v3,0552c7f4701ada91e31e916f992171b9418cb47d283a56e61f311581d66266cb
2007-03-22,0.04127225696288257,isotropic_constructed_macro_nats_full_precision_v3,0552c7f4701ada91e31e916f992171b9418cb47d283a56e61f311581d66266cb
2007-03-26,0.03992365856004737,isotropic_constructed_macro_nats_full_precision_v3,0552c7f4701ada91e31e916f992171b9418cb47d283a56e61f311581d66266cb
2007-03-28,0.03926586028002177,isotropic_constructed_macro_nats_full_precision_v3,0552c7f4701ada91e31e916f992171b9418cb47d283a56e61f311581d66266cb
2007-03-30,0.03803503830555641,isotropic_constructed_macro_nats_full_precision_v3,0552c7f4701ada91e31e916f992171b9418cb47d283a56e61f311581d66266cb
2007-04-03,0.041882517945620285,isotropic_constructed_macro_nats_full_precision_v3,0552c7f4701ada91e31e916f992171b9418cb47d283a56e61f311581d66266cb
2007-04-05,0.04079625732852493,isotropic_constructed_macro_nats_full_precision_v3,0552c7f4701ada91e31e916f992171b9418cb47d283a56e61f311581d66266cb
2007-04-10,0.040597019320988775,isotropic_constructed_macro_nats_full_precision_v3,0552c7f4701ada91e31e916f992171b9418cb47d283a56e61f311581d66266cb
2007-04-12,0.0415758193201355,isotropic_constructed_macro_nats_full_precision_v3,0552c7f4701ada91e31e916f992171b9418cb47d283a56e61f311581d66266cb
2007-04-16,0.040613033647354274,isotropic_constructed_macro_nats_full_precision_v3,0552c7f4701ada91e31e916f992171b9418cb47d283a56e61f311581d66266cb
2007-04-18,0.04432342790005196,isotropic_constructed_macro_nats_full_precision_v3,0552c7f4701ada91e31e916f992171b9418cb47d283a56e61f311581d66266cb
2007-04-20,0.03845010627290678,isotropic_constructed_macro_nats_full_precision_v3,0552c7f4701ada91e31e916f992171b9418cb47d283a56e61f311581d66266cb
2007-04-24,0.03772384063335413,isotropic_constructed_macro_nats_full_precision_v3,0552c7f4701ada91e31e916f992171b9418cb47d283a56e61f311581d66266cb
2007-04-26,0.03618716279232691,isotropic_constructed_macro_nats_full_precision_v3,0552c7f4701ada91e31e916f992171b9418cb47d283a56e61f311581d66266cb
2007-04-30,0.03237252946844134,isotropic_constructed_macro_nats_full_precision_v3,0552c7f4701ada91e31e916f992171b9418cb47d283a56e61f311581d66266cb
2007-05-02,0.029791469688175934,isotropic_constructed_macro_nats_full_precision_v3,0552c7f4701ada91e31e916f992171b9418cb47d283a56e61f311581d66266cb
2007-05-04,0.030147641589921476,isotropic_constructed_macro_nats_full_precision_v3,0552c7f4701ada91e31e916f992171b9418cb47d283a56e61f311581d66266cb
2007-05-08,0.02759448513425014,isotropic_constructed_macro_nats_full_precision_v3,0552c7f4701ada91e31e916f992171b9418cb47d283a56e61f311581d66266cb
2007-05-10,0.024643333342233356,isotropic_constructed_macro_nats_full_precision_v3,0552c7f4701ada91e31e916f992171b9418cb47d283a56e61f311581d66266cb
2007-05-14,0.02732345978195566,isotropic_constructed_macro_nats_full_precision_v3,0552c7f4701ada91e31e916f992171b9418cb47d283a56e61f311581d66266cb
2007-05-16,0.027562343726172556,isotropic_constructed_macro_nats_full_precision_v3,0552c7f4701ada91e31e916f992171b9418cb47d283a56e61f311581d66266cb
2007-05-18,0.026592773921132934,isotropic_constructed_macro_nats_full_precision_v3,0552c7f4701ada91e31e916f992171b9418cb47d283a56e61f311581d66266cb
2007-05-22,0.025716071303145682,isotropic_constructed_macro_nats_full_precision_v3,0552c7f4701ada91e31e916f992171b9418cb47d283a56e61f311581d66266cb
2007-05-24,0.026643336510185855,isotropic_constructed_macro_nats_full_precision_v3,0552c7f4701ada91e31e916f992171b9418cb47d283a56e61f311581d66266cb
2007-05-29,0.024141775242211366,isotropic_constructed_macro_nats_full_precision_v3,0552c7f4701ada91e31e916f992171b9418cb47d283a56e61f311581d66266cb
2007-05-31,0.021776174128705847,isotropic_constructed_macro_nats_full_precision_v3,0552c7f4701ada91e31e916f992171b9418cb47d283a56e61f311581d66266cb
2007-06-04,0.020823524872022853,isotropic_constructed_macro_nats_full_precision_v3,0552c7f4701ada91e31e916f992171b9418cb47d283a56e61f311581d66266cb
2007-06-06,0.028074635994568803,isotropic_constructed_macro_nats_full_precision_v3,0552c7f4701ada91e31e916f992171b9418cb47d283a56e61f311581d66266cb
2007-06-08,0.023926737987275473,isotropic_constructed_macro_nats_full_precision_v3,0552c7f4701ada91e31e916f992171b9418cb47d283a56e61f311581d66266cb
2007-06-12,0.033549535124399205,isotropic_constructed_macro_nats_full_precision_v3,0552c7f4701ada91e31e916f992171b9418cb47d283a56e61f311581d66266cb
2007-06-14,0.029818301801592464,isotropic_constructed_macro_nats_full_precision_v3,0552c7f4701ada91e31e916f992171b9418cb47d283a56e61f311581d66266cb
2007-06-18,0.03353381838906663,isotropic_constructed_macro_nats_full_precision_v3,0552c7f4701ada91e31e916f992171b9418cb47d283a56e61f311581d66266cb
2007-06-20,0.03347611315120022,isotropic_constructed_macro_nats_full_precision_v3,0552c7f4701ada91e31e916f992171b9418cb47d283a56e61f311581d66266cb
2007-06-22,0.0451665460880933,isotropic_constructed_macro_nats_full_precision_v3,0552c7f4701ada91e31e916f992171b9418cb47d283a56e61f311581d66266cb
2007-06-26,0.04048158198675077,isotropic_constructed_macro_nats_full_precision_v3,0552c7f4701ada91e31e916f992171b9418cb47d283a56e61f311581d66266cb
2007-06-28,0.02786518616092154,isotropic_constructed_macro_nats_full_precision_v3,0552c7f4701ada91e31e916f992171b9418cb47d283a56e61f311581d66266cb
2007-07-02,0.04095346384155682,isotropic_constructed_macro_nats_full_precision_v3,0552c7f4701ada91e31e916f992171b9418cb47d283a56e61f311581d66266cb
2007-07-05,0.04727348593242772,isotropic_constructed_macro_nats_full_precision_v3,0552c7f4701ada91e31e916f992171b9418cb47d283a56e61f311581d66266cb
2007-07-09,0.04450474428515505,isotropic_constructed_macro_nats_full_precision_v3,0552c7f4701ada91e31e916f992171b9418cb47d283a56e61f311581d66266cb
2007-07-11,0.043433272813072854,isotropic_constructed_macro_nats_full_precision_v3,0552c7f4701ada91e31e916f992171b9418cb47d283a56e61f311581d66266cb
2007-07-13,0.04781913119140958,isotropic_constructed_macro_nats_full_precision_v3,0552c7f4701ada91e31e916f992171b9418cb47d283a56e61f311581d66266cb
2007-07-17,0.04734825866575623,isotropic_constructed_macro_nats_full_precision_v3,0552c7f4701ada91e31e916f992171b9418cb47d283a56e61f311581d66266cb
2007-07-19,0.04939278738488759,isotropic_constructed_macro_nats_full_precision_v3,0552c7f4701ada91e31e916f992171b9418cb47d283a56e61f311581d66266cb
2007-07-23,0.041191114115447236,isotropic_constructed_macro_nats_full_precision_v3,0552c7f4701ada91e31e916f992171b9418cb47d283a56e61f311581d66266cb
2007-07-25,0.03402146838408318,isotropic_constructed_macro_nats_full_precision_v3,0552c7f4701ada91e31e916f992171b9418cb47d283a56e61f311581d66266cb
2007-07-27,0.04632390561578639,isotropic_constructed_macro_nats_full_precision_v3,0552c7f4701ada91e31e916f992171b9418cb47d283a56e61f311581d66266cb
2007-07-31,0.04601719490400681,isotropic_constructed_macro_nats_full_precision_v3,0552c7f4701ada91e31e916f992171b9418cb47d283a56e61f311581d66266cb
2007-08-02,0.04176628049387349,isotropic_constructed_macro_nats_full_precision_v3,0552c7f4701ada91e31e916f992171b9418cb47d283a56e61f311581d66266cb
2007-08-06,0.03765700211805505,isotropic_constructed_macro_nats_full_precision_v3,0552c7f4701ada91e31e916f992171b9418cb47d283a56e61f311581d66266cb
2007-08-08,0.03162348612923983,isotropic_constructed_macro_nats_full_precision_v3,0552c7f4701ada91e31e916f992171b9418cb47d283a56e61f311581d66266cb
2007-08-10,0.039067836859654176,isotropic_constructed_macro_nats_full_precision_v3,0552c7f4701ada91e31e916f992171b9418cb47d283a56e61f311581d66266cb
2007-08-14,0.03256703411362724,isotropic_constructed_macro_nats_full_precision_v3,0552c7f4701ada91e31e916f992171b9418cb47d283a56e61f311581d66266cb
2007-08-16,0.045191765675869175,isotropic_constructed_macro_nats_full_precision_v3,0552c7f4701ada91e31e916f992171b9418cb47d283a56e61f311581d66266cb
2007-08-20,0.03517722546650551,isotropic_constructed_macro_nats_full_precision_v3,0552c7f4701ada91e31e916f992171b9418cb47d283a56e61f311581d66266cb
2007-08-22,0.03671367258887748,isotropic_constructed_macro_nats_full_precision_v3,0552c7f4701ada91e31e916f992171b9418cb47d283a56e61f311581d66266cb
2007-08-24,0.036571940493272365,isotropic_constructed_macro_nats_full_precision_v3,0552c7f4701ada91e31e916f992171b9418cb47d283a56e61f311581d66266cb
2007-08-28,0.035779174858375035,isotropic_constructed_macro_nats_full_precision_v3,0552c7f4701ada91e31e916f992171b9418cb47d283a56e61f311581d66266cb
2007-08-30,0.03542493597271086,isotropic_constructed_macro_nats_full_precision_v3,0552c7f4701ada91e31e916f992171b9418cb47d283a56e61f311581d66266cb
2007-09-04,0.0352109899096026,isotropic_constructed_macro_nats_full_precision_v3,0552c7f4701ada91e31e916f992171b9418cb47d283a56e61f311581d66266cb
2007-09-06,0.0356507244618212,isotropic_constructed_macro_nats_full_precision_v3,0552c7f4701ada91e31e916f992171b9418cb47d283a56e61f311581d66266cb
2007-09-10,0.03609395667948927,isotropic_constructed_macro_nats_full_precision_v3,0552c7f4701ada91e31e916f992171b9418cb47d283a56e61f311581d66266cb
2007-09-12,0.03683246799735543,isotropic_constructed_macro_nats_full_precision_v3,0552c7f4701ada91e31e916f992171b9418cb47d283a56e61f311581d66266cb
2007-09-14,0.03838451681764071,isotropic_constructed_macro_nats_full_precision_v3,0552c7f4701ada91e31e916f992171b9418cb47d283a56e61f311581d66266cb
2007-09-18,0.03838968946039904,isotropic_constructed_macro_nats_full_precision_v3,0552c7f4701ada91e31e916f992171b9418cb47d283a56e61f311581d66266cb
2007-09-20,0.03780895379830844,isotropic_constructed_macro_nats_full_precision_v3,0552c7f4701ada91e31e916f992171b9418cb47d283a56e61f311581d66266cb
2007-09-24,0.03818457299114614,isotropic_constructed_macro_nats_full_precision_v3,0552c7f4701ada91e31e916f992171b9418cb47d283a56e61f311581d66266cb
2007-09-26,0.03754099557855166,isotropic_constructed_macro_nats_full_precision_v3,0552c7f4701ada91e31e916f992171b9418cb47d283a56e61f311581d66266cb
2007-09-28,0.03883568233695249,isotropic_constructed_macro_nats_full_precision_v3,0552c7f4701ada91e31e916f992171b9418cb47d283a56e61f311581d66266cb
2007-10-02,0.04043567468258641,isotropic_constructed_macro_nats_full_precision_v3,0552c7f4701ada91e31e916f992171b9418cb47d283a56e61f311581d66266cb
2007-10-04,0.038539358330957674,isotropic_constructed_macro_nats_full_precision_v3,0552c7f4701ada91e31e916f992171b9418cb47d283a56e61f311581d66266cb
2007-10-08,0.04030406840628588,isotropic_constructed_macro_nats_full_precision_v3,0552c7f4701ada91e31e916f992171b9418cb47d283a56e61f311581d66266cb
2007-10-10,0.04140107628233665,isotropic_constructed_macro_nats_full_precision_v3,0552c7f4701ada91e31e916f992171b9418cb47d283a56e61f311581d66266cb
2007-10-12,0.04285403102140582,isotropic_constructed_macro_nats_full_precision_v3,0552c7f4701ada91e31e916f992171b9418cb47d283a56e61f311581d66266cb
2007-10-16,0.04583784091383425,isotropic_constructed_macro_nats_full_precision_v3,0552c7f4701ada91e31e916f992171b9418cb47d283a56e61f311581d66266cb
2007-10-18,0.043602135482374405,isotropic_constructed_macro_nats_full_precision_v3,0552c7f4701ada91e31e916f992171b9418cb47d283a56e61f311581d66266cb
2007-10-22,0.04689033676435604,isotropic_constructed_macro_nats_full_precision_v3,0552c7f4701ada91e31e916f992171b9418cb47d283a56e61f311581d66266cb
2007-10-24,0.0450159235577928,isotropic_constructed_macro_nats_full_precision_v3,0552c7f4701ada91e31e916f992171b9418cb47d283a56e61f311581d66266cb
2007-10-26,0.04432472622711904,isotropic_constructed_macro_nats_full_precision_v3,0552c7f4701ada91e31e916f992171b9418cb47d283a56e61f311581d66266cb
2007-10-30,0.04421171986396408,isotropic_constructed_macro_nats_full_precision_v3,0552c7f4701ada91e31e916f992171b9418cb47d283a56e61f311581d66266cb
2007-11-01,0.04509812641992876,isotropic_constructed_macro_nats_full_precision_v3,0552c7f4701ada91e31e916f992171b9418cb47d283a56e61f311581d66266cb
2007-11-05,0.04557686991706003,isotropic_constructed_macro_nats_full_precision_v3,0552c7f4701ada91e31e916f992171b9418cb47d283a56e61f311581d66266cb
2007-11-07,0.04835317959480606,isotropic_constructed_macro_nats_full_precision_v3,0552c7f4701ada91e31e916f992171b9418cb47d283a56e61f311581d66266cb
2007-11-09,0.04826941476561569,isotropic_constructed_macro_nats_full_precision_v3,0552c7f4701ada91e31e916f992171b9418cb47d283a56e61f311581d66266cb
2007-11-13,0.07162019427144521,isotropic_constructed_macro_nats_full_precision_v3,0552c7f4701ada91e31e916f992171b9418cb47d283a56e61f311581d66266cb
2007-11-15,0.051947631894018784,isotropic_constructed_macro_nats_full_precision_v3,0552c7f4701ada91e31e916f992171b9418cb47d283a56e61f311581d66266cb
2007-11-19,0.0524894114875553,isotropic_constructed_macro_nats_full_precision_v3,0552c7f4701ada91e31e916f992171b9418cb47d283a56e61f311581d66266cb
2007-11-21,0.05215714178779911,isotropic_constructed_macro_nats_full_precision_v3,0552c7f4701ada91e31e916f992171b9418cb47d283a56e61f311581d66266cb
2007-11-26,0.05178431559439954,isotropic_constructed_macro_nats_full_precision_v3,0552c7f4701ada91e31e916f992171b9418cb47d283a56e61f311581d66266cb
2007-11-28,0.04927108558012587,isotropic_constructed_macro_nats_full_precision_v3,0552c7f4701ada91e31e916f992171b9418cb47d283a56e61f311581d66266cb
2007-11-30,0.0481503025460763,isotropic_constructed_macro_nats_full_precision_v3,0552c7f4701ada91e31e916f992171b9418cb47d283a56e61f311581d66266cb
2007-12-04,0.049574510776443745,isotropic_constructed_macro_nats_full_precision_v3,0552c7f4701ada91e31e916f992171b9418cb47d283a56e61f311581d66266cb
2007-12-06,0.048504248449840304,isotropic_constructed_macro_nats_full_precision_v3,0552c7f4701ada91e31e916f992171b9418cb47d283a56e61f311581d66266cb
2007-12-10,0.04902516876764576,isotropic_constructed_macro_nats_full_precision_v3,0552c7f4701ada91e31e916f992171b9418cb47d283a56e61f311581d66266cb
2007-12-12,0.04962732595236902,isotropic_constructed_macro_nats_full_precision_v3,0552c7f4701ada91e31e916f992171b9418cb47d283a56e61f311581d66266cb
2007-12-14,0.04877770326345636,isotropic_constructed_macro_nats_full_precision_v3,0552c7f4701ada91e31e916f992171b9418cb47d283a56e61f311581d66266cb
2007-12-18,0.04928937248063789,isotropic_constructed_macro_nats_full_precision_v3,0552c7f4701ada91e31e916f992171b9418cb47d283a56e61f311581d66266cb
2007-12-20,0.05101008657793192,isotropic_constructed_macro_nats_full_precision_v3,0552c7f4701ada91e31e916f992171b9418cb47d283a56e61f311581d66266cb
2007-12-24,0.04996727085265462,isotropic_constructed_macro_nats_full_precision_v3,0552c7f4701ada91e31e916f992171b9418cb47d283a56e61f311581d66266cb
2007-12-27,0.04891080366430672,isotropic_constructed_macro_nats_full_precision_v3,0552c7f4701ada91e31e916f992171b9418cb47d283a56e61f311581d66266cb
2007-12-31,0.050823612580574704,isotropic_constructed_macro_nats_full_precision_v3,0552c7f4701ada91e31e916f992171b9418cb47d283a56e61f311581d66266cb
2008-01-03,0.050291567351361754,isotropic_constructed_macro_nats_full_precision_v3,0552c7f4701ada91e31e916f992171b9418cb47d283a56e61f311581d66266cb
2008-01-07,0.09714043851054045,isotropic_constructed_macro_nats_full_precision_v3,0552c7f4701ada91e31e916f992171b9418cb47d283a56e61f311581d66266cb
2008-01-09,0.1278917963439671,isotropic_constructed_macro_nats_full_precision_v3,0552c7f4701ada91e31e916f992171b9418cb47d283a56e61f311581d66266cb
2008-01-11,0.11990884708171734,isotropic_constructed_macro_nats_full_precision_v3,0552c7f4701ada91e31e916f992171b9418cb47d283a56e61f311581d66266cb
2008-01-15,0.125302791616683,isotropic_constructed_macro_nats_full_precision_v3,0552c7f4701ada91e31e916f992171b9418cb47d283a56e61f311581d66266cb
2008-01-17,0.13395984431702157,isotropic_constructed_macro_nats_full_precision_v3,0552c7f4701ada91e31e916f992171b9418cb47d283a56e61f311581d66266cb
2008-01-22,0.15243587999585947,isotropic_constructed_macro_nats_full_precision_v3,0552c7f4701ada91e31e916f992171b9418cb47d283a56e61f311581d66266cb
2008-01-24,0.1534701099994092,isotropic_constructed_macro_nats_full_precision_v3,0552c7f4701ada91e31e916f992171b9418cb47d283a56e61f311581d66266cb
2008-01-28,0.1578852352686648,isotropic_constructed_macro_nats_full_precision_v3,0552c7f4701ada91e31e916f992171b9418cb47d283a56e61f311581d66266cb
2008-01-30,0.15495450915774772,isotropic_constructed_macro_nats_full_precision_v3,0552c7f4701ada91e31e916f992171b9418cb47d283a56e61f311581d66266cb
2008-02-01,0.16169970691811664,isotropic_constructed_macro_nats_full_precision_v3,0552c7f4701ada91e31e916f992171b9418cb47d283a56e61f311581d66266cb
2008-02-05,0.14218372359727677,isotropic_constructed_macro_nats_full_precision_v3,0552c7f4701ada91e31e916f992171b9418cb47d283a56e61f311581d66266cb
2008-02-07,0.13408654946611076,isotropic_constructed_macro_nats_full_precision_v3,0552c7f4701ada91e31e916f992171b9418cb47d283a56e61f311581d66266cb
2008-02-11,0.13583299918171665,isotropic_constructed_macro_nats_full_precision_v3,0552c7f4701ada91e31e916f992171b9418cb47d283a56e61f311581d66266cb
2008-02-13,0.13334269456783615,isotropic_constructed_macro_nats_full_precision_v3,0552c7f4701ada91e31e916f992171b9418cb47d283a56e61f311581d66266cb
2008-02-15,0.13155145895914416,isotropic_constructed_macro_nats_full_precision_v3,0552c7f4701ada91e31e916f992171b9418cb47d283a56e61f311581d66266cb
2008-02-20,0.13123659221647688,isotropic_constructed_macro_nats_full_precision_v3,0552c7f4701ada91e31e916f992171b9418cb47d283a56e61f311581d66266cb
2008-02-22,0.1279252582798736,isotropic_constructed_macro_nats_full_precision_v3,0552c7f4701ada91e31e916f992171b9418cb47d283a56e61f311581d66266cb
2008-02-26,0.12290623440421981,isotropic_constructed_macro_nats_full_precision_v3,0552c7f4701ada91e31e916f992171b9418cb47d283a56e61f311581d66266cb
2008-02-28,0.10062671764069649,isotropic_constructed_macro_nats_full_precision_v3,0552c7f4701ada91e31e916f992171b9418cb47d283a56e61f311581d66266cb
2008-03-03,0.10199062218009593,isotropic_constructed_macro_nats_full_precision_v3,0552c7f4701ada91e31e916f992171b9418cb47d283a56e61f311581d66266cb
2008-03-05,0.0993263040498272,isotropic_constructed_macro_nats_full_precision_v3,0552c7f4701ada91e31e916f992171b9418cb47d283a56e61f311581d66266cb
2008-03-07,0.1037566450465975,isotropic_constructed_macro_nats_full_precision_v3,0552c7f4701ada91e31e916f992171b9418cb47d283a56e61f311581d66266cb
2008-03-11,0.1042302199121457,isotropic_constructed_macro_nats_full_precision_v3,0552c7f4701ada91e31e916f992171b9418cb47d283a56e61f311581d66266cb
2008-03-13,0.10845614570598616,isotropic_constructed_macro_nats_full_precision_v3,0552c7f4701ada91e31e916f992171b9418cb47d283a56e61f311581d66266cb
2008-03-17,0.10508016573112394,isotropic_constructed_macro_nats_full_precision_v3,0552c7f4701ada91e31e916f992171b9418cb47d283a56e61f311581d66266cb
2008-03-19,0.11414708182327053,isotropic_constructed_macro_nats_full_precision_v3,0552c7f4701ada91e31e916f992171b9418cb47d283a56e61f311581d66266cb
2008-03-24,0.1059157847805731,isotropic_constructed_macro_nats_full_precision_v3,0552c7f4701ada91e31e916f992171b9418cb47d283a56e61f311581d66266cb
2008-03-26,0.11166034041658322,isotropic_constructed_macro_nats_full_precision_v3,0552c7f4701ada91e31e916f992171b9418cb47d283a56e61f311581d66266cb
2008-03-28,0.11215621204026345,isotropic_constructed_macro_nats_full_precision_v3,0552c7f4701ada91e31e916f992171b9418cb47d283a56e61f311581d66266cb
2008-04-01,0.12246226778747663,isotropic_constructed_macro_nats_full_precision_v3,0552c7f4701ada91e31e916f992171b9418cb47d283a56e61f311581d66266cb
2008-04-03,0.11379418703680103,isotropic_constructed_macro_nats_full_precision_v3,0552c7f4701ada91e31e916f992171b9418cb47d283a56e61f311581d66266cb
2008-04-07,0.11508994175463758,isotropic_constructed_macro_nats_full_precision_v3,0552c7f4701ada91e31e916f992171b9418cb47d283a56e61f311581d66266cb
2008-04-09,0.12115801307172548,isotropic_constructed_macro_nats_full_precision_v3,0552c7f4701ada91e31e916f992171b9418cb47d283a56e61f311581d66266cb
2008-04-11,0.13499235153473244,isotropic_constructed_macro_nats_full_precision_v3,0552c7f4701ada91e31e916f992171b9418cb47d283a56e61f311581d66266cb
2008-04-15,0.13891487249589013,isotropic_constructed_macro_nats_full_precision_v3,0552c7f4701ada91e31e916f992171b9418cb47d283a56e61f311581d66266cb
2008-04-17,0.13683461365781047,isotropic_constructed_macro_nats_full_precision_v3,0552c7f4701ada91e31e916f992171b9418cb47d283a56e61f311581d66266cb
2008-04-21,0.1393490766117735,isotropic_constructed_macro_nats_full_precision_v3,0552c7f4701ada91e31e916f992171b9418cb47d283a56e61f311581d66266cb
2008-04-23,0.13986048834685955,isotropic_constructed_macro_nats_full_precision_v3,0552c7f4701ada91e31e916f992171b9418cb47d283a56e61f311581d66266cb
2008-04-25,0.13594128069110506,isotropic_constructed_macro_nats_full_precision_v3,0552c7f4701ada91e31e916f992171b9418cb47d283a56e61f311581d66266cb
2008-04-29,0.13078353965480663,isotropic_constructed_macro_nats_full_precision_v3,0552c7f4701ada91e31e916f992171b9418cb47d283a56e61f311581d66266cb
2008-05-01,0.12063062201875632,isotropic_constructed_macro_nats_full_precision_v3,0552c7f4701ada91e31e916f992171b9418cb47d283a56e61f311581d66266cb
2008-05-05,0.11934270922527321,isotropic_constructed_macro_nats_full_precision_v3,0552c7f4701ada91e31e916f992171b9418cb47d283a56e61f311581d66266cb
2008-05-07,0.1185341192008739,isotropic_constructed_macro_nats_full_precision_v3,0552c7f4701ada91e31e916f992171b9418cb47d283a56e61f311581d66266cb
2008-05-09,0.11863817087821454,isotropic_constructed_macro_nats_full_precision_v3,0552c7f4701ada91e31e916f992171b9418cb47d283a56e61f311581d66266cb
2008-05-13,0.11732531099366153,isotropic_constructed_macro_nats_full_precision_v3,0552c7f4701ada91e31e916f992171b9418cb47d283a56e61f311581d66266cb
2008-05-15,0.11608440732646237,isotropic_constructed_macro_nats_full_precision_v3,0552c7f4701ada91e31e916f992171b9418cb47d283a56e61f311581d66266cb
2008-05-19,0.12310755073314758,isotropic_constructed_macro_nats_full_precision_v3,0552c7f4701ada91e31e916f992171b9418cb47d283a56e61f311581d66266cb
2008-05-21,0.12101760360741445,isotropic_constructed_macro_nats_full_precision_v3,0552c7f4701ada91e31e916f992171b9418cb47d283a56e61f311581d66266cb
2008-05-23,0.12153013825907415,isotropic_constructed_macro_nats_full_precision_v3,0552c7f4701ada91e31e916f992171b9418cb47d283a56e61f311581d66266cb
2008-05-28,0.11954773895471274,isotropic_constructed_macro_nats_full_precision_v3,0552c7f4701ada91e31e916f992171b9418cb47d283a56e61f311581d66266cb
2008-05-30,0.11872665056292048,isotropic_constructed_macro_nats_full_precision_v3,0552c7f4701ada91e31e916f992171b9418cb47d283a56e61f311581d66266cb
2008-06-03,0.1186396931625012,isotropic_constructed_macro_nats_full_precision_v3,0552c7f4701ada91e31e916f992171b9418cb47d283a56e61f311581d66266cb
2008-06-05,0.120790604787579,isotropic_constructed_macro_nats_full_precision_v3,0552c7f4701ada91e31e916f992171b9418cb47d283a56e61f311581d66266cb
2008-06-09,0.12314950986744275,isotropic_constructed_macro_nats_full_precision_v3,0552c7f4701ada91e31e916f992171b9418cb47d283a56e61f311581d66266cb
2008-06-11,0.11938825731967413,isotropic_constructed_macro_nats_full_precision_v3,0552c7f4701ada91e31e916f992171b9418cb47d283a56e61f311581d66266cb
2008-06-13,0.1116045615837568,isotropic_constructed_macro_nats_full_precision_v3,0552c7f4701ada91e31e916f992171b9418cb47d283a56e61f311581d66266cb
2008-06-17,0.11300653552284316,isotropic_constructed_macro_nats_full_precision_v3,0552c7f4701ada91e31e916f992171b9418cb47d283a56e61f311581d66266cb
2008-06-19,0.11026728921413884,isotropic_constructed_macro_nats_full_precision_v3,0552c7f4701ada91e31e916f992171b9418cb47d283a56e61f311581d66266cb
2008-06-23,0.10490701552120167,isotropic_constructed_macro_nats_full_precision_v3,0552c7f4701ada91e31e916f992171b9418cb47d283a56e61f311581d66266cb
2008-06-25,0.10282438099037178,isotropic_constructed_macro_nats_full_precision_v3,0552c7f4701ada91e31e916f992171b9418cb47d283a56e61f311581d66266cb
2008-06-27,0.10984699981161353,isotropic_constructed_macro_nats_full_precision_v3,0552c7f4701ada91e31e916f992171b9418cb47d283a56e61f311581d66266cb
2008-07-01,0.11422156027374501,isotropic_constructed_macro_nats_full_precision_v3,0552c7f4701ada91e31e916f992171b9418cb47d283a56e61f311581d66266cb
2008-07-03,0.12085519515997892,isotropic_constructed_macro_nats_full_precision_v3,0552c7f4701ada91e31e916f992171b9418cb47d283a56e61f311581d66266cb
2008-07-08,0.12352037503728598,isotropic_constructed_macro_nats_full_precision_v3,0552c7f4701ada91e31e916f992171b9418cb47d283a56e61f311581d66266cb
2008-07-10,0.11709534529884648,isotropic_constructed_macro_nats_full_precision_v3,0552c7f4701ada91e31e916f992171b9418cb47d283a56e61f311581d66266cb
2008-07-14,0.11608292759029103,isotropic_constructed_macro_nats_full_precision_v3,0552c7f4701ada91e31e916f992171b9418cb47d283a56e61f311581d66266cb
2008-07-16,0.09472819420189112,isotropic_constructed_macro_nats_full_precision_v3,0552c7f4701ada91e31e916f992171b9418cb47d283a56e61f311581d66266cb
2008-07-18,0.08328556896972585,isotropic_constructed_macro_nats_full_precision_v3,0552c7f4701ada91e31e916f992171b9418cb47d283a56e61f311581d66266cb
2008-07-22,0.0863785283113962,isotropic_constructed_macro_nats_full_precision_v3,0552c7f4701ada91e31e916f992171b9418cb47d283a56e61f311581d66266cb
2008-07-24,0.06316790841103123,isotropic_constructed_macro_nats_full_precision_v3,0552c7f4701ada91e31e916f992171b9418cb47d283a56e61f311581d66266cb
2008-07-28,0.0715568443800987,isotropic_constructed_macro_nats_full_precision_v3,0552c7f4701ada91e31e916f992171b9418cb47d283a56e61f311581d66266cb
2008-07-30,0.054070191730483094,isotropic_constructed_macro_nats_full_precision_v3,0552c7f4701ada91e31e916f992171b9418cb47d283a56e61f311581d66266cb
2008-08-01,0.04962520757218053,isotropic_constructed_macro_nats_full_precision_v3,0552c7f4701ada91e31e916f992171b9418cb47d283a56e61f311581d66266cb
2008-08-05,0.04854048802526585,isotropic_constructed_macro_nats_full_precision_v3,0552c7f4701ada91e31e916f992171b9418cb47d283a56e61f311581d66266cb
2008-08-07,0.04375386383327058,isotropic_constructed_macro_nats_full_precision_v3,0552c7f4701ada91e31e916f992171b9418cb47d283a56e61f311581d66266cb
2008-08-11,0.0504428159898902,isotropic_constructed_macro_nats_full_precision_v3,0552c7f4701ada91e31e916f992171b9418cb47d283a56e61f311581d66266cb
2008-08-13,0.042016119759706955,isotropic_constructed_macro_nats_full_precision_v3,0552c7f4701ada91e31e916f992171b9418cb47d283a56e61f311581d66266cb
2008-08-15,0.03728504928760715,isotropic_constructed_macro_nats_full_precision_v3,0552c7f4701ada91e31e916f992171b9418cb47d283a56e61f311581d66266cb
2008-08-19,0.032919168105460736,isotropic_constructed_macro_nats_full_precision_v3,0552c7f4701ada91e31e916f992171b9418cb47d283a56e61f311581d66266cb
2008-08-21,0.034533652523261196,isotropic_constructed_macro_nats_full_precision_v3,0552c7f4701ada91e31e916f992171b9418cb47d283a56e61f311581d66266cb
2008-08-25,0.03467491316429937,isotropic_constructed_macro_nats_full_precision_v3,0552c7f4701ada91e31e916f992171b9418cb47d283a56e61f311581d66266cb
2008-08-27,0.035468108445967775,isotropic_constructed_macro_nats_full_precision_v3,0552c7f4701ada91e31e916f992171b9418cb47d283a56e61f311581d66266cb
2008-08-29,0.03159469751966704,isotropic_constructed_macro_nats_full_precision_v3,0552c7f4701ada91e31e916f992171b9418cb47d283a56e61f311581d66266cb
2008-09-03,0.032321072153416466,isotropic_constructed_macro_nats_full_precision_v3,0552c7f4701ada91e31e916f992171b9418cb47d283a56e61f311581d66266cb
2008-09-05,0.03387399813184555,isotropic_constructed_macro_nats_full_precision_v3,0552c7f4701ada91e31e916f992171b9418cb47d283a56e61f311581d66266cb
2008-09-09,0.03895457540060422,isotropic_constructed_macro_nats_full_precision_v3,0552c7f4701ada91e31e916f992171b9418cb47d283a56e61f311581d66266cb
2008-09-11,0.03799563613124779,isotropic_constructed_macro_nats_full_precision_v3,0552c7f4701ada91e31e916f992171b9418cb47d283a56e61f311581d66266cb
2008-09-15,0.04930520571593491,isotropic_constructed_macro_nats_full_precision_v3,0552c7f4701ada91e31e916f992171b9418cb47d283a56e61f311581d66266cb
2008-09-17,0.035850798650980495,isotropic_constructed_macro_nats_full_precision_v3,0552c7f4701ada91e31e916f992171b9418cb47d283a56e61f311581d66266cb
2008-09-19,0.07781393263438059,isotropic_constructed_macro_nats_full_precision_v3,0552c7f4701ada91e31e916f992171b9418cb47d283a56e61f311581d66266cb
2008-09-23,0.044090850726292055,isotropic_constructed_macro_nats_full_precision_v3,0552c7f4701ada91e31e916f992171b9418cb47d283a56e61f311581d66266cb
2008-09-25,0.05398250379099091,isotropic_constructed_macro_nats_full_precision_v3,0552c7f4701ada91e31e916f992171b9418cb47d283a56e61f311581d66266cb
2008-09-29,0.06551287853541167,isotropic_constructed_macro_nats_full_precision_v3,0552c7f4701ada91e31e916f992171b9418cb47d283a56e61f311581d66266cb
2008-10-01,0.07271608991892453,isotropic_constructed_macro_nats_full_precision_v3,0552c7f4701ada91e31e916f992171b9418cb47d283a56e61f311581d66266cb
2008-10-03,0.0783454524595049,isotropic_constructed_macro_nats_full_precision_v3,0552c7f4701ada91e31e916f992171b9418cb47d283a56e61f311581d66266cb
2008-10-07,0.08081751492478677,isotropic_constructed_macro_nats_full_precision_v3,0552c7f4701ada91e31e916f992171b9418cb47d283a56e61f311581d66266cb
2008-10-09,0.05974718635745499,isotropic_constructed_macro_nats_full_precision_v3,0552c7f4701ada91e31e916f992171b9418cb47d283a56e61f311581d66266cb
2008-10-13,0.12198854601363483,isotropic_constructed_macro_nats_full_precision_v3,0552c7f4701ada91e31e916f992171b9418cb47d283a56e61f311581d66266cb
2008-10-15,0.12859597534575778,isotropic_constructed_macro_nats_full_precision_v3,0552c7f4701ada91e31e916f992171b9418cb47d283a56e61f311581d66266cb
2008-10-17,0.13116512303678746,isotropic_constructed_macro_nats_full_precision_v3,0552c7f4701ada91e31e916f992171b9418cb47d283a56e61f311581d66266cb
2008-10-21,0.14397830457435645,isotropic_constructed_macro_nats_full_precision_v3,0552c7f4701ada91e31e916f992171b9418cb47d283a56e61f311581d66266cb
2008-10-23,0.1950245686061337,isotropic_constructed_macro_nats_full_precision_v3,0552c7f4701ada91e31e916f992171b9418cb47d283a56e61f311581d66266cb
2008-10-27,0.23011605395298046,isotropic_constructed_macro_nats_full_precision_v3,0552c7f4701ada91e31e916f992171b9418cb47d283a56e61f311581d66266cb
2008-10-29,0.19523166696305552,isotropic_constructed_macro_nats_full_precision_v3,0552c7f4701ada91e31e916f992171b9418cb47d283a56e61f311581d66266cb
2008-10-31,0.1842797933982047,isotropic_constructed_macro_nats_full_precision_v3,0552c7f4701ada91e31e916f992171b9418cb47d283a56e61f311581d66266cb
2008-11-04,0.17955987409727825,isotropic_constructed_macro_nats_full_precision_v3,0552c7f4701ada91e31e916f992171b9418cb47d283a56e61f311581d66266cb
2008-11-06,0.17506133927537615,isotropic_constructed_macro_nats_full_precision_v3,0552c7f4701ada91e31e916f992171b9418cb47d283a56e61f311581d66266cb
2008-11-10,0.17140125880947532,isotropic_constructed_macro_nats_full_precision_v3,0552c7f4701ada91e31e916f992171b9418cb47d283a56e61f311581d66266cb
2008-11-12,0.1906066914959314,isotropic_constructed_macro_nats_full_precision_v3,0552c7f4701ada91e31e916f992171b9418cb47d283a56e61f311581d66266cb
2008-11-14,0.17918845796773694,isotropic_constructed_macro_nats_full_precision_v3,0552c7f4701ada91e31e916f992171b9418cb47d283a56e61f311581d66266cb
2008-11-18,0.16301914077620025,isotropic_constructed_macro_nats_full_precision_v3,0552c7f4701ada91e31e916f992171b9418cb47d283a56e61f311581d66266cb
2008-11-20,0.18441000210886915,isotropic_constructed_macro_nats_full_precision_v3,0552c7f4701ada91e31e916f992171b9418cb47d283a56e61f311581d66266cb
2008-11-24,0.20881382778903915,isotropic_constructed_macro_nats_full_precision_v3,0552c7f4701ada91e31e916f992171b9418cb47d283a56e61f311581d66266cb
2008-11-26,0.2217068348274734,isotropic_constructed_macro_nats_full_precision_v3,0552c7f4701ada91e31e916f992171b9418cb47d283a56e61f311581d66266cb
2008-12-01,0.19247516259415995,isotropic_constructed_macro_nats_full_precision_v3,0552c7f4701ada91e31e916f992171b9418cb47d283a56e61f311581d66266cb
2008-12-03,0.20218084299584968,isotropic_constructed_macro_nats_full_precision_v3,0552c7f4701ada91e31e916f992171b9418cb47d283a56e61f311581d66266cb
2008-12-05,0.21864158557510915,isotropic_constructed_macro_nats_full_precision_v3,0552c7f4701ada91e31e916f992171b9418cb47d283a56e61f311581d66266cb
2008-12-09,0.21335703937617612,isotropic_constructed_macro_nats_full_precision_v3,0552c7f4701ada91e31e916f992171b9418cb47d283a56e61f311581d66266cb
2008-12-11,0.22749397241671754,isotropic_constructed_macro_nats_full_precision_v3,0552c7f4701ada91e31e916f992171b9418cb47d283a56e61f311581d66266cb
2008-12-15,0.22360734510428462,isotropic_constructed_macro_nats_full_precision_v3,0552c7f4701ada91e31e916f992171b9418cb47d283a56e61f311581d66266cb
2008-12-17,0.2152064024346748,isotropic_constructed_macro_nats_full_precision_v3,0552c7f4701ada91e31e916f992171b9418cb47d283a56e61f311581d66266cb
2008-12-19,0.2236552533811525,isotropic_constructed_macro_nats_full_precision_v3,0552c7f4701ada91e31e916f992171b9418cb47d283a56e61f311581d66266cb
2008-12-23,0.2161069612784998,isotropic_constructed_macro_nats_full_precision_v3,0552c7f4701ada91e31e916f992171b9418cb47d283a56e61f311581d66266cb
2008-12-26,0.21449344965064968,isotropic_constructed_macro_nats_full_precision_v3,0552c7f4701ada91e31e916f992171b9418cb47d283a56e61f311581d66266cb
2008-12-30,0.21393588934670826,isotropic_constructed_macro_nats_full_precision_v3,0552c7f4701ada91e31e916f992171b9418cb47d283a56e61f311581d66266cb
2009-01-02,0.20742403535147158,isotropic_constructed_macro_nats_full_precision_v3,0552c7f4701ada91e31e916f992171b9418cb47d283a56e61f311581d66266cb
2009-01-06,0.22142894737205007,isotropic_constructed_macro_nats_full_precision_v3,0552c7f4701ada91e31e916f992171b9418cb47d283a56e61f311581d66266cb
2009-01-08,0.21472952834397868,isotropic_constructed_macro_nats_full_precision_v3,0552c7f4701ada91e31e916f992171b9418cb47d283a56e61f311581d66266cb
2009-01-12,0.22189749491850175,isotropic_constructed_macro_nats_full_precision_v3,0552c7f4701ada91e31e916f992171b9418cb47d283a56e61f311581d66266cb
2009-01-14,0.2249376656848441,isotropic_constructed_macro_nats_full_precision_v3,0552c7f4701ada91e31e916f992171b9418cb47d283a56e61f311581d66266cb
2009-01-16,0.2237023037146217,isotropic_constructed_macro_nats_full_precision_v3,0552c7f4701ada91e31e916f992171b9418cb47d283a56e61f311581d66266cb
2009-01-21,0.2102864036552059,isotropic_constructed_macro_nats_full_precision_v3,0552c7f4701ada91e31e916f992171b9418cb47d283a56e61f311581d66266cb
2009-01-23,0.2222435780863782,isotropic_constructed_macro_nats_full_precision_v3,0552c7f4701ada91e31e916f992171b9418cb47d283a56e61f311581d66266cb
2009-01-27,0.20042561318774357,isotropic_constructed_macro_nats_full_precision_v3,0552c7f4701ada91e31e916f992171b9418cb47d283a56e61f311581d66266cb
2009-01-29,0.19756063871465945,isotropic_constructed_macro_nats_full_precision_v3,0552c7f4701ada91e31e916f992171b9418cb47d283a56e61f311581d66266cb
2009-02-02,0.19924312002575723,isotropic_constructed_macro_nats_full_precision_v3,0552c7f4701ada91e31e916f992171b9418cb47d283a56e61f311581d66266cb
2009-02-04,0.20268129093435663,isotropic_constructed_macro_nats_full_precision_v3,0552c7f4701ada91e31e916f992171b9418cb47d283a56e61f311581d66266cb
2009-02-06,0.2020160275660541,isotropic_constructed_macro_nats_full_precision_v3,0552c7f4701ada91e31e916f992171b9418cb47d283a56e61f311581d66266cb
2009-02-10,0.2054816744489172,isotropic_constructed_macro_nats_full_precision_v3,0552c7f4701ada91e31e916f992171b9418cb47d283a56e61f311581d66266cb
2009-02-12,0.20585498100982594,isotropic_constructed_macro_nats_full_precision_v3,0552c7f4701ada91e31e916f992171b9418cb47d283a56e61f311581d66266cb
2009-02-17,0.20403251585587606,isotropic_constructed_macro_nats_full_precision_v3,0552c7f4701ada91e31e916f992171b9418cb47d283a56e61f311581d66266cb
2009-02-19,0.2014631261541167,isotropic_constructed_macro_nats_full_precision_v3,0552c7f4701ada91e31e916f992171b9418cb47d283a56e61f311581d66266cb
2009-02-23,0.20108699600741728,isotropic_constructed_macro_nats_full_precision_v3,0552c7f4701ada91e31e916f992171b9418cb47d283a56e61f311581d66266cb
2009-02-25,0.19656391991294567,isotropic_constructed_macro_nats_full_precision_v3,0552c7f4701ada91e31e916f992171b9418cb47d283a56e61f311581d66266cb
2009-02-27,0.19648359289645925,isotropic_constructed_macro_nats_full_precision_v3,0552c7f4701ada91e31e916f992171b9418cb47d283a56e61f311581d66266cb
2009-03-03,0.1776939460598485,isotropic_constructed_macro_nats_full_precision_v3,0552c7f4701ada91e31e916f992171b9418cb47d283a56e61f311581d66266cb
2009-03-05,0.18567165396926302,isotropic_constructed_macro_nats_full_precision_v3,0552c7f4701ada91e31e916f992171b9418cb47d283a56e61f311581d66266cb
2009-03-09,0.1797687239093793,isotropic_constructed_macro_nats_full_precision_v3,0552c7f4701ada91e31e916f992171b9418cb47d283a56e61f311581d66266cb
2009-03-11,0.18381162442851248,isotropic_constructed_macro_nats_full_precision_v3,0552c7f4701ada91e31e916f992171b9418cb47d283a56e61f311581d66266cb
2009-03-13,0.18755690484309162,isotropic_constructed_macro_nats_full_precision_v3,0552c7f4701ada91e31e916f992171b9418cb47d283a56e61f311581d66266cb
2009-03-17,0.18881754800155312,isotropic_constructed_macro_nats_full_precision_v3,0552c7f4701ada91e31e916f992171b9418cb47d283a56e61f311581d66266cb
2009-03-19,0.1956307983361052,isotropic_constructed_macro_nats_full_precision_v3,0552c7f4701ada91e31e916f992171b9418cb47d283a56e61f311581d66266cb
2009-03-23,0.18774038309093655,isotropic_constructed_macro_nats_full_precision_v3,0552c7f4701ada91e31e916f992171b9418cb47d283a56e61f311581d66266cb
2009-03-25,0.1945244469840133,isotropic_constructed_macro_nats_full_precision_v3,0552c7f4701ada91e31e916f992171b9418cb47d283a56e61f311581d66266cb
2009-03-27,0.19478637094335483,isotropic_constructed_macro_nats_full_precision_v3,0552c7f4701ada91e31e916f992171b9418cb47d283a56e61f311581d66266cb
2009-03-31,0.19858958119800854,isotropic_constructed_macro_nats_full_precision_v3,0552c7f4701ada91e31e916f992171b9418cb47d283a56e61f311581d66266cb
2009-04-02,0.19543940465176704,isotropic_constructed_macro_nats_full_precision_v3,0552c7f4701ada91e31e916f992171b9418cb47d283a56e61f311581d66266cb
2009-04-06,0.19676602558757358,isotropic_constructed_macro_nats_full_precision_v3,0552c7f4701ada91e31e916f992171b9418cb47d283a56e61f311581d66266cb
2009-04-08,0.1973618956148815,isotropic_constructed_macro_nats_full_precision_v3,0552c7f4701ada91e31e916f992171b9418cb47d283a56e61f311581d66266cb
2009-04-13,0.19957968314244248,isotropic_constructed_macro_nats_full_precision_v3,0552c7f4701ada91e31e916f992171b9418cb47d283a56e61f311581d66266cb
2009-04-15,0.20098881742953334,isotropic_constructed_macro_nats_full_precision_v3,0552c7f4701ada91e31e916f992171b9418cb47d283a56e61f311581d66266cb
2009-04-17,0.20276703927253012,isotropic_constructed_macro_nats_full_precision_v3,0552c7f4701ada91e31e916f992171b9418cb47d283a56e61f311581d66266cb
2009-04-21,0.2013658685230619,isotropic_constructed_macro_nats_full_precision_v3,0552c7f4701ada91e31e916f992171b9418cb47d283a56e61f311581d66266cb
2009-04-23,0.2022369351158538,isotropic_constructed_macro_nats_full_precision_v3,0552c7f4701ada91e31e916f992171b9418cb47d283a56e61f311581d66266cb
2009-04-27,0.2046841353588702,isotropic_constructed_macro_nats_full_precision_v3,0552c7f4701ada91e31e916f992171b9418cb47d283a56e61f311581d66266cb
2009-04-29,0.20760189097471785,isotropic_constructed_macro_nats_full_precision_v3,0552c7f4701ada91e31e916f992171b9418cb47d283a56e61f311581d66266cb
2009-05-01,0.2115384073043618,isotropic_constructed_macro_nats_full_precision_v3,0552c7f4701ada91e31e916f992171b9418cb47d283a56e61f311581d66266cb
2009-05-05,0.20446234378935227,isotropic_constructed_macro_nats_full_precision_v3,0552c7f4701ada91e31e916f992171b9418cb47d283a56e61f311581d66266cb
2009-05-07,0.21085420377604816,isotropic_constructed_macro_nats_full_precision_v3,0552c7f4701ada91e31e916f992171b9418cb47d283a56e61f311581d66266cb
2009-05-11,0.20252506021442784,isotropic_constructed_macro_nats_full_precision_v3,0552c7f4701ada91e31e916f992171b9418cb47d283a56e61f311581d66266cb
2009-05-13,0.2057539145913156,isotropic_constructed_macro_nats_full_precision_v3,0552c7f4701ada91e31e916f992171b9418cb47d283a56e61f311581d66266cb
2009-05-15,0.19884165608422777,isotropic_constructed_macro_nats_full_precision_v3,0552c7f4701ada91e31e916f992171b9418cb47d283a56e61f311581d66266cb
2009-05-19,0.20240829448105704,isotropic_constructed_macro_nats_full_precision_v3,0552c7f4701ada91e31e916f992171b9418cb47d283a56e61f311581d66266cb
2009-05-21,0.20339167315912038,isotropic_constructed_macro_nats_full_precision_v3,0552c7f4701ada91e31e916f992171b9418cb47d283a56e61f311581d66266cb
2009-05-26,0.20512290514280332,isotropic_constructed_macro_nats_full_precision_v3,0552c7f4701ada91e31e916f992171b9418cb47d283a56e61f311581d66266cb
2009-05-28,0.20553791486066614,isotropic_constructed_macro_nats_full_precision_v3,0552c7f4701ada91e31e916f992171b9418cb47d283a56e61f311581d66266cb
2009-06-01,0.20004044859799971,isotropic_constructed_macro_nats_full_precision_v3,0552c7f4701ada91e31e916f992171b9418cb47d283a56e61f311581d66266cb
2009-06-03,0.1933413191680943,isotropic_constructed_macro_nats_full_precision_v3,0552c7f4701ada91e31e916f992171b9418cb47d283a56e61f311581d66266cb
2009-06-05,0.18989246951555033,isotropic_constructed_macro_nats_full_precision_v3,0552c7f4701ada91e31e916f992171b9418cb47d283a56e61f311581d66266cb
2009-06-09,0.18919877281947362,isotropic_constructed_macro_nats_full_precision_v3,0552c7f4701ada91e31e916f992171b9418cb47d283a56e61f311581d66266cb
2009-06-11,0.19012654905894746,isotropic_constructed_macro_nats_full_precision_v3,0552c7f4701ada91e31e916f992171b9418cb47d283a56e61f311581d66266cb
2009-06-15,0.18920715658207168,isotropic_constructed_macro_nats_full_precision_v3,0552c7f4701ada91e31e916f992171b9418cb47d283a56e61f311581d66266cb
2009-06-17,0.18615997003686846,isotropic_constructed_macro_nats_full_precision_v3,0552c7f4701ada91e31e916f992171b9418cb47d283a56e61f311581d66266cb
2009-06-19,0.18156164938911287,isotropic_constructed_macro_nats_full_precision_v3,0552c7f4701ada91e31e916f992171b9418cb47d283a56e61f311581d66266cb
2009-06-23,0.18531392712704076,isotropic_constructed_macro_nats_full_precision_v3,0552c7f4701ada91e31e916f992171b9418cb47d283a56e61f311581d66266cb
2009-06-25,0.18447326896065216,isotropic_constructed_macro_nats_full_precision_v3,0552c7f4701ada91e31e916f992171b9418cb47d283a56e61f311581d66266cb
2009-06-29,0.18421373362225915,isotropic_constructed_macro_nats_full_precision_v3,0552c7f4701ada91e31e916f992171b9418cb47d283a56e61f311581d66266cb
2009-07-01,0.17832575538399265,isotropic_constructed_macro_nats_full_precision_v3,0552c7f4701ada91e31e916f992171b9418cb47d283a56e61f311581d66266cb
2009-07-06,0.171825576579596,isotropic_constructed_macro_nats_full_precision_v3,0552c7f4701ada91e31e916f992171b9418cb47d283a56e61f311581d66266cb
2009-07-08,0.1709553896415112,isotropic_constructed_macro_nats_full_precision_v3,0552c7f4701ada91e31e916f992171b9418cb47d283a56e61f311581d66266cb
2009-07-10,0.17108569776507365,isotropic_constructed_macro_nats_full_precision_v3,0552c7f4701ada91e31e916f992171b9418cb47d283a56e61f311581d66266cb
2009-07-14,0.16925863703417826,isotropic_constructed_macro_nats_full_precision_v3,0552c7f4701ada91e31e916f992171b9418cb47d283a56e61f311581d66266cb
2009-07-16,0.17027334061102697,isotropic_constructed_macro_nats_full_precision_v3,0552c7f4701ada91e31e916f992171b9418cb47d283a56e61f311581d66266cb
2009-07-20,0.16929137254601467,isotropic_constructed_macro_nats_full_precision_v3,0552c7f4701ada91e31e916f992171b9418cb47d283a56e61f311581d66266cb
2009-07-22,0.1684718921351442,isotropic_constructed_macro_nats_full_precision_v3,0552c7f4701ada91e31e916f992171b9418cb47d283a56e61f311581d66266cb
2009-07-24,0.1731623293226439,isotropic_constructed_macro_nats_full_precision_v3,0552c7f4701ada91e31e916f992171b9418cb47d283a56e61f311581d66266cb
2009-07-28,0.16945786367214702,isotropic_constructed_macro_nats_full_precision_v3,0552c7f4701ada91e31e916f992171b9418cb47d283a56e61f311581d66266cb
2009-07-30,0.17072860399053424,isotropic_constructed_macro_nats_full_precision_v3,0552c7f4701ada91e31e916f992171b9418cb47d283a56e61f311581d66266cb
2009-08-03,0.16603449800651252,isotropic_constructed_macro_nats_full_precision_v3,0552c7f4701ada91e31e916f992171b9418cb47d283a56e61f311581d66266cb
2009-08-05,0.16821156562449252,isotropic_constructed_macro_nats_full_precision_v3,0552c7f4701ada91e31e916f992171b9418cb47d283a56e61f311581d66266cb
2009-08-07,0.16958348582798896,isotropic_constructed_macro_nats_full_precision_v3,0552c7f4701ada91e31e916f992171b9418cb47d283a56e61f311581d66266cb
2009-08-11,0.1675580504888619,isotropic_constructed_macro_nats_full_precision_v3,0552c7f4701ada91e31e916f992171b9418cb47d283a56e61f311581d66266cb
2009-08-13,0.17010557579261887,isotropic_constructed_macro_nats_full_precision_v3,0552c7f4701ada91e31e916f992171b9418cb47d283a56e61f311581d66266cb
2009-08-17,0.16879754509539316,isotropic_constructed_macro_nats_full_precision_v3,0552c7f4701ada91e31e916f992171b9418cb47d283a56e61f311581d66266cb
2009-08-19,0.1678984959710605,isotropic_constructed_macro_nats_full_precision_v3,0552c7f4701ada91e31e916f992171b9418cb47d283a56e61f311581d66266cb
2009-08-21,0.16865789159293526,isotropic_constructed_macro_nats_full_precision_v3,0552c7f4701ada91e31e916f992171b9418cb47d283a56e61f311581d66266cb
2009-08-25,0.16697180444506243,isotropic_constructed_macro_nats_full_precision_v3,0552c7f4701ada91e31e916f992171b9418cb47d283a56e61f311581d66266cb
2009-08-27,0.16801465889816367,isotropic_constructed_macro_nats_full_precision_v3,0552c7f4701ada91e31e916f992171b9418cb47d283a56e61f311581d66266cb
2009-08-31,0.168714292028494,isotropic_constructed_macro_nats_full_precision_v3,0552c7f4701ada91e31e916f992171b9418cb47d283a56e61f311581d66266cb
2009-09-02,0.16837115047650783,isotropic_constructed_macro_nats_full_precision_v3,0552c7f4701ada91e31e916f992171b9418cb47d283a56e61f311581d66266cb
2009-09-04,0.16564221530427872,isotropic_constructed_macro_nats_full_precision_v3,0552c7f4701ada91e31e916f992171b9418cb47d283a56e61f311581d66266cb
2009-09-09,0.1667466179115891,isotropic_constructed_macro_nats_full_precision_v3,0552c7f4701ada91e31e916f992171b9418cb47d283a56e61f311581d66266cb
2009-09-11,0.16397959291996853,isotropic_constructed_macro_nats_full_precision_v3,0552c7f4701ada91e31e916f992171b9418cb47d283a56e61f311581d66266cb
2009-09-15,0.16603006592142078,isotropic_constructed_macro_nats_full_precision_v3,0552c7f4701ada91e31e916f992171b9418cb47d283a56e61f311581d66266cb
2009-09-17,0.16466169815843995,isotropic_constructed_macro_nats_full_precision_v3,0552c7f4701ada91e31e916f992171b9418cb47d283a56e61f311581d66266cb
2009-09-21,0.16288666567491308,isotropic_constructed_macro_nats_full_precision_v3,0552c7f4701ada91e31e916f992171b9418cb47d283a56e61f311581d66266cb
2009-09-23,0.16370345591735427,isotropic_constructed_macro_nats_full_precision_v3,0552c7f4701ada91e31e916f992171b9418cb47d283a56e61f311581d66266cb
2009-09-25,0.1621825388987994,isotropic_constructed_macro_nats_full_precision_v3,0552c7f4701ada91e31e916f992171b9418cb47d283a56e61f311581d66266cb
2009-09-29,0.1617212954284927,isotropic_constructed_macro_nats_full_precision_v3,0552c7f4701ada91e31e916f992171b9418cb47d283a56e61f311581d66266cb
2009-10-01,0.15945580474513987,isotropic_constructed_macro_nats_full_precision_v3,0552c7f4701ada91e31e916f992171b9418cb47d283a56e61f311581d66266cb
2009-10-05,0.1614242032003112,isotropic_constructed_macro_nats_full_precision_v3,0552c7f4701ada91e31e916f992171b9418cb47d283a56e61f311581d66266cb
2009-10-07,0.15660272031218314,isotropic_constructed_macro_nats_full_precision_v3,0552c7f4701ada91e31e916f992171b9418cb47d283a56e61f311581d66266cb
2009-10-09,0.15609369464447337,isotropic_constructed_macro_nats_full_precision_v3,0552c7f4701ada91e31e916f992171b9418cb47d283a56e61f311581d66266cb
2009-10-13,0.15307694051267498,isotropic_constructed_macro_nats_full_precision_v3,0552c7f4701ada91e31e916f992171b9418cb47d283a56e61f311581d66266cb
2009-10-15,0.15614591150780724,isotropic_constructed_macro_nats_full_precision_v3,0552c7f4701ada91e31e916f992171b9418cb47d283a56e61f311581d66266cb
2009-10-19,0.15550252140443277,isotropic_constructed_macro_nats_full_precision_v3,0552c7f4701ada91e31e916f992171b9418cb47d283a56e61f311581d66266cb
2009-10-21,0.15452208191698702,isotropic_constructed_macro_nats_full_precision_v3,0552c7f4701ada91e31e916f992171b9418cb47d283a56e61f311581d66266cb
2009-10-23,0.15649762017808536,isotropic_constructed_macro_nats_full_precision_v3,0552c7f4701ada91e31e916f992171b9418cb47d283a56e61f311581d66266cb
2009-10-27,0.15266372899741562,isotropic_constructed_macro_nats_full_precision_v3,0552c7f4701ada91e31e916f992171b9418cb47d283a56e61f311581d66266cb
2009-10-29,0.15410054337356138,isotropic_constructed_macro_nats_full_precision_v3,0552c7f4701ada91e31e916f992171b9418cb47d283a56e61f311581d66266cb
2009-11-02,0.15930744366531988,isotropic_constructed_macro_nats_full_precision_v3,0552c7f4701ada91e31e916f992171b9418cb47d283a56e61f311581d66266cb
2009-11-04,0.158142648028272,isotropic_constructed_macro_nats_full_precision_v3,0552c7f4701ada91e31e916f992171b9418cb47d283a56e61f311581d66266cb
2009-11-06,0.158078547066171,isotropic_constructed_macro_nats_full_precision_v3,0552c7f4701ada91e31e916f992171b9418cb47d283a56e61f311581d66266cb
2009-11-10,0.15703550923376208,isotropic_constructed_macro_nats_full_precision_v3,0552c7f4701ada91e31e916f992171b9418cb47d283a56e61f311581d66266cb
2009-11-12,0.15600530591918463,isotropic_constructed_macro_nats_full_precision_v3,0552c7f4701ada91e31e916f992171b9418cb47d283a56e61f311581d66266cb
2009-11-16,0.1559178194956498,isotropic_constructed_macro_nats_full_precision_v3,0552c7f4701ada91e31e916f992171b9418cb47d283a56e61f311581d66266cb
2009-11-18,0.1509358099666772,isotropic_constructed_macro_nats_full_precision_v3,0552c7f4701ada91e31e916f992171b9418cb47d283a56e61f311581d66266cb
2009-11-20,0.15212963386232942,isotropic_constructed_macro_nats_full_precision_v3,0552c7f4701ada91e31e916f992171b9418cb47d283a56e61f311581d66266cb
2009-11-24,0.15230497845489543,isotropic_constructed_macro_nats_full_precision_v3,0552c7f4701ada91e31e916f992171b9418cb47d283a56e61f311581d66266cb
2009-11-27,0.15232484878958769,isotropic_constructed_macro_nats_full_precision_v3,0552c7f4701ada91e31e916f992171b9418cb47d283a56e61f311581d66266cb
2009-12-01,0.15264048706835365,isotropic_constructed_macro_nats_full_precision_v3,0552c7f4701ada91e31e916f992171b9418cb47d283a56e61f311581d66266cb
2009-12-03,0.1500583498909015,isotropic_constructed_macro_nats_full_precision_v3,0552c7f4701ada91e31e916f992171b9418cb47d283a56e61f311581d66266cb
2009-12-07,0.15199217139313825,isotropic_constructed_macro_nats_full_precision_v3,0552c7f4701ada91e31e916f992171b9418cb47d283a56e61f311581d66266cb
2009-12-09,0.1547925958771323,isotropic_constructed_macro_nats_full_precision_v3,0552c7f4701ada91e31e916f992171b9418cb47d283a56e61f311581d66266cb
2009-12-11,0.1555049231172706,isotropic_constructed_macro_nats_full_precision_v3,0552c7f4701ada91e31e916f992171b9418cb47d283a56e61f311581d66266cb
2009-12-15,0.1552118185590377,isotropic_constructed_macro_nats_full_precision_v3,0552c7f4701ada91e31e916f992171b9418cb47d283a56e61f311581d66266cb
2009-12-17,0.15486103291792783,isotropic_constructed_macro_nats_full_precision_v3,0552c7f4701ada91e31e916f992171b9418cb47d283a56e61f311581d66266cb
2009-12-21,0.15515886367652315,isotropic_constructed_macro_nats_full_precision_v3,0552c7f4701ada91e31e916f992171b9418cb47d283a56e61f311581d66266cb
2009-12-23,0.15461104247166518,isotropic_constructed_macro_nats_full_precision_v3,0552c7f4701ada91e31e916f992171b9418cb47d283a56e61f311581d66266cb
2009-12-28,0.15897033272838446,isotropic_constructed_macro_nats_full_precision_v3,0552c7f4701ada91e31e916f992171b9418cb47d283a56e61f311581d66266cb
2009-12-30,0.15645867705766403,isotropic_constructed_macro_nats_full_precision_v3,0552c7f4701ada91e31e916f992171b9418cb47d283a56e61f311581d66266cb
2010-01-04,0.15499926855953952,isotropic_constructed_macro_nats_full_precision_v3,0552c7f4701ada91e31e916f992171b9418cb47d283a56e61f311581d66266cb
2010-01-06,0.15416333227157109,isotropic_constructed_macro_nats_full_precision_v3,0552c7f4701ada91e31e916f992171b9418cb47d283a56e61f311581d66266cb
2010-01-08,0.15232447566457935,isotropic_constructed_macro_nats_full_precision_v3,0552c7f4701ada91e31e916f992171b9418cb47d283a56e61f311581d66266cb
2010-01-12,0.15452149506220733,isotropic_constructed_macro_nats_full_precision_v3,0552c7f4701ada91e31e916f992171b9418cb47d283a56e61f311581d66266cb
2010-01-14,0.15656064217273094,isotropic_constructed_macro_nats_full_precision_v3,0552c7f4701ada91e31e916f992171b9418cb47d283a56e61f311581d66266cb
2010-01-19,0.1580703566526305,isotropic_constructed_macro_nats_full_precision_v3,0552c7f4701ada91e31e916f992171b9418cb47d283a56e61f311581d66266cb
2010-01-21,0.16037193253384388,isotropic_constructed_macro_nats_full_precision_v3,0552c7f4701ada91e31e916f992171b9418cb47d283a56e61f311581d66266cb
2010-01-25,0.15934394348861028,isotropic_constructed_macro_nats_full_precision_v3,0552c7f4701ada91e31e916f992171b9418cb47d283a56e61f311581d66266cb
2010-01-27,0.15430808401883167,isotropic_constructed_macro_nats_full_precision_v3,0552c7f4701ada91e31e916f992171b9418cb47d283a56e61f311581d66266cb
2010-01-29,0.15975408460754809,isotropic_constructed_macro_nats_full_precision_v3,0552c7f4701ada91e31e916f992171b9418cb47d283a56e61f311581d66266cb
2010-02-02,0.15019169947843997,isotropic_constructed_macro_nats_full_precision_v3,0552c7f4701ada91e31e916f992171b9418cb47d283a56e61f311581d66266cb
2010-02-04,0.14799224123101168,isotropic_constructed_macro_nats_full_precision_v3,0552c7f4701ada91e31e916f992171b9418cb47d283a56e61f311581d66266cb
2010-02-08,0.1455685131713594,isotropic_constructed_macro_nats_full_precision_v3,0552c7f4701ada91e31e916f992171b9418cb47d283a56e61f311581d66266cb
2010-02-10,0.14489311332562274,isotropic_constructed_macro_nats_full_precision_v3,0552c7f4701ada91e31e916f992171b9418cb47d283a56e61f311581d66266cb
2010-02-12,0.1468054771949689,isotropic_constructed_macro_nats_full_precision_v3,0552c7f4701ada91e31e916f992171b9418cb47d283a56e61f311581d66266cb
2010-02-17,0.14616286804163586,isotropic_constructed_macro_nats_full_precision_v3,0552c7f4701ada91e31e916f992171b9418cb47d283a56e61f311581d66266cb
2010-02-19,0.14415965820557944,isotropic_constructed_macro_nats_full_precision_v3,0552c7f4701ada91e31e916f992171b9418cb47d283a56e61f311581d66266cb
2010-02-23,0.14719216429088094,isotropic_constructed_macro_nats_full_precision_v3,0552c7f4701ada91e31e916f992171b9418cb47d283a56e61f311581d66266cb
2010-02-25,0.15547169252537607,isotropic_constructed_macro_nats_full_precision_v3,0552c7f4701ada91e31e916f992171b9418cb47d283a56e61f311581d66266cb
2010-03-01,0.14823174766077477,isotropic_constructed_macro_nats_full_precision_v3,0552c7f4701ada91e31e916f992171b9418cb47d283a56e61f311581d66266cb
2010-03-03,0.1481110693468087,isotropic_constructed_macro_nats_full_precision_v3,0552c7f4701ada91e31e916f992171b9418cb47d283a56e61f311581d66266cb
2010-03-05,0.1483540056036804,isotropic_constructed_macro_nats_full_precision_v3,0552c7f4701ada91e31e916f992171b9418cb47d283a56e61f311581d66266cb
2010-03-09,0.15379263741942845,isotropic_constructed_macro_nats_full_precision_v3,0552c7f4701ada91e31e916f992171b9418cb47d283a56e61f311581d66266cb
2010-03-11,0.15510837848940884,isotropic_constructed_macro_nats_full_precision_v3,0552c7f4701ada91e31e916f992171b9418cb47d283a56e61f311581d66266cb
2010-03-15,0.16479330016333193,isotropic_constructed_macro_nats_full_precision_v3,0552c7f4701ada91e31e916f992171b9418cb47d283a56e61f311581d66266cb
2010-03-17,0.154986682542568,isotropic_constructed_macro_nats_full_precision_v3,0552c7f4701ada91e31e916f992171b9418cb47d283a56e61f311581d66266cb
2010-03-19,0.155370557860284,isotropic_constructed_macro_nats_full_precision_v3,0552c7f4701ada91e31e916f992171b9418cb47d283a56e61f311581d66266cb
2010-03-23,0.17229509764235484,isotropic_constructed_macro_nats_full_precision_v3,0552c7f4701ada91e31e916f992171b9418cb47d283a56e61f311581d66266cb
2010-03-25,0.15877374064456545,isotropic_constructed_macro_nats_full_precision_v3,0552c7f4701ada91e31e916f992171b9418cb47d283a56e61f311581d66266cb
2010-03-29,0.1570247189942003,isotropic_constructed_macro_nats_full_precision_v3,0552c7f4701ada91e31e916f992171b9418cb47d283a56e61f311581d66266cb
2010-03-31,0.15751469191463094,isotropic_constructed_macro_nats_full_precision_v3,0552c7f4701ada91e31e916f992171b9418cb47d283a56e61f311581d66266cb
2010-04-05,0.1570036101023721,isotropic_constructed_macro_nats_full_precision_v3,0552c7f4701ada91e31e916f992171b9418cb47d283a56e61f311581d66266cb
2010-04-07,0.1580165806592491,isotropic_constructed_macro_nats_full_precision_v3,0552c7f4701ada91e31e916f992171b9418cb47d283a56e61f311581d66266cb
2010-04-09,0.1600885972181627,isotropic_constructed_macro_nats_full_precision_v3,0552c7f4701ada91e31e916f992171b9418cb47d283a56e61f311581d66266cb
2010-04-13,0.16520498633612474,isotropic_constructed_macro_nats_full_precision_v3,0552c7f4701ada91e31e916f992171b9418cb47d283a56e61f311581d66266cb
2010-04-15,0.16322907463902112,isotropic_constructed_macro_nats_full_precision_v3,0552c7f4701ada91e31e916f992171b9418cb47d283a56e61f311581d66266cb
2010-04-19,0.1658211250230797,isotropic_constructed_macro_nats_full_precision_v3,0552c7f4701ada91e31e916f992171b9418cb47d283a56e61f311581d66266cb
2010-04-21,0.16705350974508448,isotropic_constructed_macro_nats_full_precision_v3,0552c7f4701ada91e31e916f992171b9418cb47d283a56e61f311581d66266cb
2010-04-23,0.1659354039608073,isotropic_constructed_macro_nats_full_precision_v3,0552c7f4701ada91e31e916f992171b9418cb47d283a56e61f311581d66266cb
2010-04-27,0.17397239514727983,isotropic_constructed_macro_nats_full_precision_v3,0552c7f4701ada91e31e916f992171b9418cb47d283a56e61f311581d66266cb
2010-04-29,0.18229053745750548,isotropic_constructed_macro_nats_full_precision_v3,0552c7f4701ada91e31e916f992171b9418cb47d283a56e61f311581d66266cb
2010-05-03,0.1739862675000402,isotropic_constructed_macro_nats_full_precision_v3,0552c7f4701ada91e31e916f992171b9418cb47d283a56e61f311581d66266cb
2010-05-05,0.1772480753828249,isotropic_constructed_macro_nats_full_precision_v3,0552c7f4701ada91e31e916f992171b9418cb47d283a56e61f311581d66266cb
2010-05-07,0.1838565806678779,isotropic_constructed_macro_nats_full_precision_v3,0552c7f4701ada91e31e916f992171b9418cb47d283a56e61f311581d66266cb
2010-05-11,0.1719465334970043,isotropic_constructed_macro_nats_full_precision_v3,0552c7f4701ada91e31e916f992171b9418cb47d283a56e61f311581d66266cb
2010-05-13,0.17576541676627566,isotropic_constructed_macro_nats_full_precision_v3,0552c7f4701ada91e31e916f992171b9418cb47d283a56e61f311581d66266cb
2010-05-17,0.1791630967755447,isotropic_constructed_macro_nats_full_precision_v3,0552c7f4701ada91e31e916f992171b9418cb47d283a56e61f311581d66266cb
2010-05-19,0.17911686964496512,isotropic_constructed_macro_nats_full_precision_v3,0552c7f4701ada91e31e916f992171b9418cb47d283a56e61f311581d66266cb
2010-05-21,0.18793812988369907,isotropic_constructed_macro_nats_full_precision_v3,0552c7f4701ada91e31e916f992171b9418cb47d283a56e61f311581d66266cb
2010-05-25,0.17810348738218723,isotropic_constructed_macro_nats_full_precision_v3,0552c7f4701ada91e31e916f992171b9418cb47d283a56e61f311581d66266cb
2010-05-27,0.17540220850345262,isotropic_constructed_macro_nats_full_precision_v3,0552c7f4701ada91e31e916f992171b9418cb47d283a56e61f311581d66266cb
2010-06-01,0.17843510817420966,isotropic_constructed_macro_nats_full_precision_v3,0552c7f4701ada91e31e916f992171b9418cb47d283a56e61f311581d66266cb
2010-06-03,0.18727094323206142,isotropic_constructed_macro_nats_full_precision_v3,0552c7f4701ada91e31e916f992171b9418cb47d283a56e61f311581d66266cb
2010-06-07,0.18415805366695637,isotropic_constructed_macro_nats_full_precision_v3,0552c7f4701ada91e31e916f992171b9418cb47d283a56e61f311581d66266cb
2010-06-09,0.18689423407415712,isotropic_constructed_macro_nats_full_precision_v3,0552c7f4701ada91e31e916f992171b9418cb47d283a56e61f311581d66266cb
2010-06-11,0.1872745123621834,isotropic_constructed_macro_nats_full_precision_v3,0552c7f4701ada91e31e916f992171b9418cb47d283a56e61f311581d66266cb
2010-06-15,0.1843876271256282,isotropic_constructed_macro_nats_full_precision_v3,0552c7f4701ada91e31e916f992171b9418cb47d283a56e61f311581d66266cb
2010-06-17,0.18195545023698834,isotropic_constructed_macro_nats_full_precision_v3,0552c7f4701ada91e31e916f992171b9418cb47d283a56e61f311581d66266cb
2010-06-21,0.16990476625193984,isotropic_constructed_macro_nats_full_precision_v3,0552c7f4701ada91e31e916f992171b9418cb47d283a56e61f311581d66266cb
2010-06-23,0.17156104437676198,isotropic_constructed_macro_nats_full_precision_v3,0552c7f4701ada91e31e916f992171b9418cb47d283a56e61f311581d66266cb
2010-06-25,0.16867580303912652,isotropic_constructed_macro_nats_full_precision_v3,0552c7f4701ada91e31e916f992171b9418cb47d283a56e61f311581d66266cb
2010-06-29,0.16860303346956554,isotropic_constructed_macro_nats_full_precision_v3,0552c7f4701ada91e31e916f992171b9418cb47d283a56e61f311581d66266cb
2010-07-01,0.16908686677759716,isotropic_constructed_macro_nats_full_precision_v3,0552c7f4701ada91e31e916f992171b9418cb47d283a56e61f311581d66266cb
2010-07-06,0.17008173815667232,isotropic_constructed_macro_nats_full_precision_v3,0552c7f4701ada91e31e916f992171b9418cb47d283a56e61f311581d66266cb
2010-07-08,0.16713462852096903,isotropic_constructed_macro_nats_full_precision_v3,0552c7f4701ada91e31e916f992171b9418cb47d283a56e61f311581d66266cb
2010-07-12,0.16850024997338262,isotropic_constructed_macro_nats_full_precision_v3,0552c7f4701ada91e31e916f992171b9418cb47d283a56e61f311581d66266cb
2010-07-14,0.17006744303982996,isotropic_constructed_macro_nats_full_precision_v3,0552c7f4701ada91e31e916f992171b9418cb47d283a56e61f311581d66266cb
2010-07-16,0.16991796600568634,isotropic_constructed_macro_nats_full_precision_v3,0552c7f4701ada91e31e916f992171b9418cb47d283a56e61f311581d66266cb
2010-07-20,0.17133682277610987,isotropic_constructed_macro_nats_full_precision_v3,0552c7f4701ada91e31e916f992171b9418cb47d283a56e61f311581d66266cb
2010-07-22,0.1683883336380162,isotropic_constructed_macro_nats_full_precision_v3,0552c7f4701ada91e31e916f992171b9418cb47d283a56e61f311581d66266cb
2010-07-26,0.17262884302271497,isotropic_constructed_macro_nats_full_precision_v3,0552c7f4701ada91e31e916f992171b9418cb47d283a56e61f311581d66266cb
2010-07-28,0.17558842122238627,isotropic_constructed_macro_nats_full_precision_v3,0552c7f4701ada91e31e916f992171b9418cb47d283a56e61f311581d66266cb
2010-07-30,0.1747566923643711,isotropic_constructed_macro_nats_full_precision_v3,0552c7f4701ada91e31e916f992171b9418cb47d283a56e61f311581d66266cb
2010-08-03,0.17782080902303682,isotropic_constructed_macro_nats_full_precision_v3,0552c7f4701ada91e31e916f992171b9418cb47d283a56e61f311581d66266cb
2010-08-05,0.17164118867961017,isotropic_constructed_macro_nats_full_precision_v3,0552c7f4701ada91e31e916f992171b9418cb47d283a56e61f311581d66266cb
2010-08-09,0.17231507557987627,isotropic_constructed_macro_nats_full_precision_v3,0552c7f4701ada91e31e916f992171b9418cb47d283a56e61f311581d66266cb
2010-08-11,0.17543610218971986,isotropic_constructed_macro_nats_full_precision_v3,0552c7f4701ada91e31e916f992171b9418cb47d283a56e61f311581d66266cb
2010-08-13,0.17525662511440612,isotropic_constructed_macro_nats_full_precision_v3,0552c7f4701ada91e31e916f992171b9418cb47d283a56e61f311581d66266cb
2010-08-17,0.17514854263050453,isotropic_constructed_macro_nats_full_precision_v3,0552c7f4701ada91e31e916f992171b9418cb47d283a56e61f311581d66266cb
2010-08-19,0.17597427590196316,isotropic_constructed_macro_nats_full_precision_v3,0552c7f4701ada91e31e916f992171b9418cb47d283a56e61f311581d66266cb
2010-08-23,0.17184140759518066,isotropic_constructed_macro_nats_full_precision_v3,0552c7f4701ada91e31e916f992171b9418cb47d283a56e61f311581d66266cb
2010-08-25,0.17254882609663594,isotropic_constructed_macro_nats_full_precision_v3,0552c7f4701ada91e31e916f992171b9418cb47d283a56e61f311581d66266cb
2010-08-27,0.171283584813089,isotropic_constructed_macro_nats_full_precision_v3,0552c7f4701ada91e31e916f992171b9418cb47d283a56e61f311581d66266cb
2010-08-31,0.1682716063127403,isotropic_constructed_macro_nats_full_precision_v3,0552c7f4701ada91e31e916f992171b9418cb47d283a56e61f311581d66266cb
2010-09-02,0.1667330394119451,isotropic_constructed_macro_nats_full_precision_v3,0552c7f4701ada91e31e916f992171b9418cb47d283a56e61f311581d66266cb
2010-09-07,0.16682535183184916,isotropic_constructed_macro_nats_full_precision_v3,0552c7f4701ada91e31e916f992171b9418cb47d283a56e61f311581d66266cb
2010-09-09,0.16349675603229108,isotropic_constructed_macro_nats_full_precision_v3,0552c7f4701ada91e31e916f992171b9418cb47d283a56e61f311581d66266cb
2010-09-13,0.16371021504940036,isotropic_constructed_macro_nats_full_precision_v3,0552c7f4701ada91e31e916f992171b9418cb47d283a56e61f311581d66266cb
2010-09-15,0.17267691329840643,isotropic_constructed_macro_nats_full_precision_v3,0552c7f4701ada91e31e916f992171b9418cb47d283a56e61f311581d66266cb
2010-09-17,0.16321207820396383,isotropic_constructed_macro_nats_full_precision_v3,0552c7f4701ada91e31e916f992171b9418cb47d283a56e61f311581d66266cb
2010-09-21,0.16197392341683528,isotropic_constructed_macro_nats_full_precision_v3,0552c7f4701ada91e31e916f992171b9418cb47d283a56e61f311581d66266cb
2010-09-23,0.1663656996133727,isotropic_constructed_macro_nats_full_precision_v3,0552c7f4701ada91e31e916f992171b9418cb47d283a56e61f311581d66266cb
2010-09-27,0.1711009677274764,isotropic_constructed_macro_nats_full_precision_v3,0552c7f4701ada91e31e916f992171b9418cb47d283a56e61f311581d66266cb
2010-09-29,0.17258112821088867,isotropic_constructed_macro_nats_full_precision_v3,0552c7f4701ada91e31e916f992171b9418cb47d283a56e61f311581d66266cb
2010-10-01,0.18338843704993468,isotropic_constructed_macro_nats_full_precision_v3,0552c7f4701ada91e31e916f992171b9418cb47d283a56e61f311581d66266cb
2010-10-05,0.17500783133976341,isotropic_constructed_macro_nats_full_precision_v3,0552c7f4701ada91e31e916f992171b9418cb47d283a56e61f311581d66266cb
2010-10-07,0.17342080159750872,isotropic_constructed_macro_nats_full_precision_v3,0552c7f4701ada91e31e916f992171b9418cb47d283a56e61f311581d66266cb
2010-10-11,0.17564717250270748,isotropic_constructed_macro_nats_full_precision_v3,0552c7f4701ada91e31e916f992171b9418cb47d283a56e61f311581d66266cb
2010-10-13,0.1794228184298684,isotropic_constructed_macro_nats_full_precision_v3,0552c7f4701ada91e31e916f992171b9418cb47d283a56e61f311581d66266cb
2010-10-15,0.18062496163886768,isotropic_constructed_macro_nats_full_precision_v3,0552c7f4701ada91e31e916f992171b9418cb47d283a56e61f311581d66266cb
2010-10-19,0.18202156402280784,isotropic_constructed_macro_nats_full_precision_v3,0552c7f4701ada91e31e916f992171b9418cb47d283a56e61f311581d66266cb
2010-10-21,0.18207004762543236,isotropic_constructed_macro_nats_full_precision_v3,0552c7f4701ada91e31e916f992171b9418cb47d283a56e61f311581d66266cb
2010-10-25,0.18489307473987077,isotropic_constructed_macro_nats_full_precision_v3,0552c7f4701ada91e31e916f992171b9418cb47d283a56e61f311581d66266cb
2010-10-27,0.1846142469892463,isotropic_constructed_macro_nats_full_precision_v3,0552c7f4701ada91e31e916f992171b9418cb47d283a56e61f311581d66266cb
2010-10-29,0.18855132638450545,isotropic_constructed_macro_nats_full_precision_v3,0552c7f4701ada91e31e916f992171b9418cb47d283a56e61f311581d66266cb
2010-11-02,0.1933667176989582,isotropic_constructed_macro_nats_full_precision_v3,0552c7f4701ada91e31e916f992171b9418cb47d283a56e61f311581d66266cb
2010-11-04,0.19487232895108514,isotropic_constructed_macro_nats_full_precision_v3,0552c7f4701ada91e31e916f992171b9418cb47d283a56e61f311581d66266cb
2010-11-08,0.1933501491566553,isotropic_constructed_macro_nats_full_precision_v3,0552c7f4701ada91e31e916f992171b9418cb47d283a56e61f311581d66266cb
2010-11-10,0.19241678586335004,isotropic_constructed_macro_nats_full_precision_v3,0552c7f4701ada91e31e916f992171b9418cb47d283a56e61f311581d66266cb
2010-11-12,0.19372448604631726,isotropic_constructed_macro_nats_full_precision_v3,0552c7f4701ada91e31e916f992171b9418cb47d283a56e61f311581d66266cb
2010-11-16,0.19225848146738556,isotropic_constructed_macro_nats_full_precision_v3,0552c7f4701ada91e31e916f992171b9418cb47d283a56e61f311581d66266cb
2010-11-18,0.18473508272828212,isotropic_constructed_macro_nats_full_precision_v3,0552c7f4701ada91e31e916f992171b9418cb47d283a56e61f311581d66266cb
2010-11-22,0.18304073969275633,isotropic_constructed_macro_nats_full_precision_v3,0552c7f4701ada91e31e916f992171b9418cb47d283a56e61f311581d66266cb
2010-11-24,0.18027008926609317,isotropic_constructed_macro_nats_full_precision_v3,0552c7f4701ada91e31e916f992171b9418cb47d283a56e61f311581d66266cb
2010-11-29,0.17779088860747894,isotropic_constructed_macro_nats_full_precision_v3,0552c7f4701ada91e31e916f992171b9418cb47d283a56e61f311581d66266cb
2010-12-01,0.17921674097246912,isotropic_constructed_macro_nats_full_precision_v3,0552c7f4701ada91e31e916f992171b9418cb47d283a56e61f311581d66266cb
2010-12-03,0.1755614199470409,isotropic_constructed_macro_nats_full_precision_v3,0552c7f4701ada91e31e916f992171b9418cb47d283a56e61f311581d66266cb
2010-12-07,0.17544207480540913,isotropic_constructed_macro_nats_full_precision_v3,0552c7f4701ada91e31e916f992171b9418cb47d283a56e61f311581d66266cb
2010-12-09,0.17480037366274861,isotropic_constructed_macro_nats_full_precision_v3,0552c7f4701ada91e31e916f992171b9418cb47d283a56e61f311581d66266cb
2010-12-13,0.17414629163605627,isotropic_constructed_macro_nats_full_precision_v3,0552c7f4701ada91e31e916f992171b9418cb47d283a56e61f311581d66266cb
2010-12-15,0.1732154059634476,isotropic_constructed_macro_nats_full_precision_v3,0552c7f4701ada91e31e916f992171b9418cb47d283a56e61f311581d66266cb
2010-12-17,0.17109068244595302,isotropic_constructed_macro_nats_full_precision_v3,0552c7f4701ada91e31e916f992171b9418cb47d283a56e61f311581d66266cb
2010-12-21,0.17923464297689762,isotropic_constructed_macro_nats_full_precision_v3,0552c7f4701ada91e31e916f992171b9418cb47d283a56e61f311581d66266cb
2010-12-23,0.17300058797864595,isotropic_constructed_macro_nats_full_precision_v3,0552c7f4701ada91e31e916f992171b9418cb47d283a56e61f311581d66266cb
2010-12-28,0.17651736698899215,isotropic_constructed_macro_nats_full_precision_v3,0552c7f4701ada91e31e916f992171b9418cb47d283a56e61f311581d66266cb
2010-12-30,0.1753199637041639,isotropic_constructed_macro_nats_full_precision_v3,0552c7f4701ada91e31e916f992171b9418cb47d283a56e61f311581d66266cb
2011-01-03,0.17201548598409624,isotropic_constructed_macro_nats_full_precision_v3,0552c7f4701ada91e31e916f992171b9418cb47d283a56e61f311581d66266cb
2011-01-05,0.1714989563405164,isotropic_constructed_macro_nats_full_precision_v3,0552c7f4701ada91e31e916f992171b9418cb47d283a56e61f311581d66266cb
2011-01-07,0.16946356461834083,isotropic_constructed_macro_nats_full_precision_v3,0552c7f4701ada91e31e916f992171b9418cb47d283a56e61f311581d66266cb
2011-01-11,0.16905588685851428,isotropic_constructed_macro_nats_full_precision_v3,0552c7f4701ada91e31e916f992171b9418cb47d283a56e61f311581d66266cb
2011-01-13,0.1692572107314639,isotropic_constructed_macro_nats_full_precision_v3,0552c7f4701ada91e31e916f992171b9418cb47d283a56e61f311581d66266cb
2011-01-18,0.16881291569078646,isotropic_constructed_macro_nats_full_precision_v3,0552c7f4701ada91e31e916f992171b9418cb47d283a56e61f311581d66266cb
2011-01-20,0.16951460690733822,isotropic_constructed_macro_nats_full_precision_v3,0552c7f4701ada91e31e916f992171b9418cb47d283a56e61f311581d66266cb
2011-01-24,0.16902209292426984,isotropic_constructed_macro_nats_full_precision_v3,0552c7f4701ada91e31e916f992171b9418cb47d283a56e61f311581d66266cb
2011-01-26,0.16806746250081672,isotropic_constructed_macro_nats_full_precision_v3,0552c7f4701ada91e31e916f992171b9418cb47d283a56e61f311581d66266cb
2011-01-28,0.16895559395088802,isotropic_constructed_macro_nats_full_precision_v3,0552c7f4701ada91e31e916f992171b9418cb47d283a56e61f311581d66266cb
2011-02-01,0.16604597182103567,isotropic_constructed_macro_nats_full_precision_v3,0552c7f4701ada91e31e916f992171b9418cb47d283a56e61f311581d66266cb
2011-02-03,0.1654582508232746,isotropic_constructed_macro_nats_full_precision_v3,0552c7f4701ada91e31e916f992171b9418cb47d283a56e61f311581d66266cb
2011-02-07,0.16659736744215847,isotropic_constructed_macro_nats_full_precision_v3,0552c7f4701ada91e31e916f992171b9418cb47d283a56e61f311581d66266cb
2011-02-09,0.16771060234412422,isotropic_constructed_macro_nats_full_precision_v3,0552c7f4701ada91e31e916f992171b9418cb47d283a56e61f311581d66266cb
2011-02-11,0.16800728944630366,isotropic_constructed_macro_nats_full_precision_v3,0552c7f4701ada91e31e916f992171b9418cb47d283a56e61f311581d66266cb
2011-02-15,0.16709715259708002,isotropic_constructed_macro_nats_full_precision_v3,0552c7f4701ada91e31e916f992171b9418cb47d283a56e61f311581d66266cb
2011-02-17,0.16583491408869477,isotropic_constructed_macro_nats_full_precision_v3,0552c7f4701ada91e31e916f992171b9418cb47d283a56e61f311581d66266cb
2011-02-22,0.16343856927810457,isotropic_constructed_macro_nats_full_precision_v3,0552c7f4701ada91e31e916f992171b9418cb47d283a56e61f311581d66266cb
2011-02-24,0.16760840392982326,isotropic_constructed_macro_nats_full_precision_v3,0552c7f4701ada91e31e916f992171b9418cb47d283a56e61f311581d66266cb
2011-02-28,0.16987517967619456,isotropic_constructed_macro_nats_full_precision_v3,0552c7f4701ada91e31e916f992171b9418cb47d283a56e61f311581d66266cb
2011-03-02,0.16934939737649818,isotropic_constructed_macro_nats_full_precision_v3,0552c7f4701ada91e31e916f992171b9418cb47d283a56e61f311581d66266cb
2011-03-04,0.16877463027638673,isotropic_constructed_macro_nats_full_precision_v3,0552c7f4701ada91e31e916f992171b9418cb47d283a56e61f311581d66266cb
2011-03-08,0.16897928700594586,isotropic_constructed_macro_nats_full_precision_v3,0552c7f4701ada91e31e916f992171b9418cb47d283a56e61f311581d66266cb
2011-03-10,0.17302339720889381,isotropic_constructed_macro_nats_full_precision_v3,0552c7f4701ada91e31e916f992171b9418cb47d283a56e61f311581d66266cb
2011-03-14,0.1720781525955897,isotropic_constructed_macro_nats_full_precision_v3,0552c7f4701ada91e31e916f992171b9418cb47d283a56e61f311581d66266cb
2011-03-16,0.17253311076195055,isotropic_constructed_macro_nats_full_precision_v3,0552c7f4701ada91e31e916f992171b9418cb47d283a56e61f311581d66266cb
2011-03-18,0.1708405646030858,isotropic_constructed_macro_nats_full_precision_v3,0552c7f4701ada91e31e916f992171b9418cb47d283a56e61f311581d66266cb
2011-03-22,0.1706953230885671,isotropic_constructed_macro_nats_full_precision_v3,0552c7f4701ada91e31e916f992171b9418cb47d283a56e61f311581d66266cb
2011-03-24,0.16819407362922487,isotropic_constructed_macro_nats_full_precision_v3,0552c7f4701ada91e31e916f992171b9418cb47d283a56e61f311581d66266cb
2011-03-28,0.16941332933794642,isotropic_constructed_macro_nats_full_precision_v3,0552c7f4701ada91e31e916f992171b9418cb47d283a56e61f311581d66266cb
2011-03-30,0.17035758461729966,isotropic_constructed_macro_nats_full_precision_v3,0552c7f4701ada91e31e916f992171b9418cb47d283a56e61f311581d66266cb
2011-04-01,0.1674127006478856,isotropic_constructed_macro_nats_full_precision_v3,0552c7f4701ada91e31e916f992171b9418cb47d283a56e61f311581d66266cb
2011-04-05,0.1657765871785044,isotropic_constructed_macro_nats_full_precision_v3,0552c7f4701ada91e31e916f992171b9418cb47d283a56e61f311581d66266cb
2011-04-07,0.15837174601810036,isotropic_constructed_macro_nats_full_precision_v3,0552c7f4701ada91e31e916f992171b9418cb47d283a56e61f311581d66266cb
2011-04-11,0.15995275196438807,isotropic_constructed_macro_nats_full_precision_v3,0552c7f4701ada91e31e916f992171b9418cb47d283a56e61f311581d66266cb
2011-04-13,0.16876019598328135,isotropic_constructed_macro_nats_full_precision_v3,0552c7f4701ada91e31e916f992171b9418cb47d283a56e61f311581d66266cb
2011-04-15,0.16971592910376165,isotropic_constructed_macro_nats_full_precision_v3,0552c7f4701ada91e31e916f992171b9418cb47d283a56e61f311581d66266cb
2011-04-19,0.16866010084131514,isotropic_constructed_macro_nats_full_precision_v3,0552c7f4701ada91e31e916f992171b9418cb47d283a56e61f311581d66266cb
2011-04-21,0.16828292897210523,isotropic_constructed_macro_nats_full_precision_v3,0552c7f4701ada91e31e916f992171b9418cb47d283a56e61f311581d66266cb
2011-04-26,0.16714747792602047,isotropic_constructed_macro_nats_full_precision_v3,0552c7f4701ada91e31e916f992171b9418cb47d283a56e61f311581d66266cb
2011-04-28,0.16638420504368373,isotropic_constructed_macro_nats_full_precision_v3,0552c7f4701ada91e31e916f992171b9418cb47d283a56e61f311581d66266cb
2011-05-02,0.16697513184873264,isotropic_constructed_macro_nats_full_precision_v3,0552c7f4701ada91e31e916f992171b9418cb47d283a56e61f311581d66266cb
2011-05-04,0.1656968974891428,isotropic_constructed_macro_nats_full_precision_v3,0552c7f4701ada91e31e916f992171b9418cb47d283a56e61f311581d66266cb
2011-05-06,0.16560251701236836,isotropic_constructed_macro_nats_full_precision_v3,0552c7f4701ada91e31e916f992171b9418cb47d283a56e61f311581d66266cb
2011-05-10,0.16664975801750387,isotropic_constructed_macro_nats_full_precision_v3,0552c7f4701ada91e31e916f992171b9418cb47d283a56e61f311581d66266cb
2011-05-12,0.16384685080247519,isotropic_constructed_macro_nats_full_precision_v3,0552c7f4701ada91e31e916f992171b9418cb47d283a56e61f311581d66266cb
2011-05-16,0.161029497401145,isotropic_constructed_macro_nats_full_precision_v3,0552c7f4701ada91e31e916f992171b9418cb47d283a56e61f311581d66266cb
2011-05-18,0.16104426922674286,isotropic_constructed_macro_nats_full_precision_v3,0552c7f4701ada91e31e916f992171b9418cb47d283a56e61f311581d66266cb
2011-05-20,0.15954387018192168,isotropic_constructed_macro_nats_full_precision_v3,0552c7f4701ada91e31e916f992171b9418cb47d283a56e61f311581d66266cb
2011-05-24,0.15990983363779537,isotropic_constructed_macro_nats_full_precision_v3,0552c7f4701ada91e31e916f992171b9418cb47d283a56e61f311581d66266cb
2011-05-26,0.1588279481516622,isotropic_constructed_macro_nats_full_precision_v3,0552c7f4701ada91e31e916f992171b9418cb47d283a56e61f311581d66266cb
2011-05-31,0.1601367767732017,isotropic_constructed_macro_nats_full_precision_v3,0552c7f4701ada91e31e916f992171b9418cb47d283a56e61f311581d66266cb
2011-06-02,0.16151366479263116,isotropic_constructed_macro_nats_full_precision_v3,0552c7f4701ada91e31e916f992171b9418cb47d283a56e61f311581d66266cb
2011-06-06,0.16221067770356234,isotropic_constructed_macro_nats_full_precision_v3,0552c7f4701ada91e31e916f992171b9418cb47d283a56e61f311581d66266cb
2011-06-08,0.16446121955296072,isotropic_constructed_macro_nats_full_precision_v3,0552c7f4701ada91e31e916f992171b9418cb47d283a56e61f311581d66266cb
2011-06-10,0.1642030260572959,isotropic_constructed_macro_nats_full_precision_v3,0552c7f4701ada91e31e916f992171b9418cb47d283a56e61f311581d66266cb
2011-06-14,0.16613016360092628,isotropic_constructed_macro_nats_full_precision_v3,0552c7f4701ada91e31e916f992171b9418cb47d283a56e61f311581d66266cb
2011-06-16,0.16490378725327776,isotropic_constructed_macro_nats_full_precision_v3,0552c7f4701ada91e31e916f992171b9418cb47d283a56e61f311581d66266cb
2011-06-20,0.16448026062475754,isotropic_constructed_macro_nats_full_precision_v3,0552c7f4701ada91e31e916f992171b9418cb47d283a56e61f311581d66266cb
2011-06-22,0.1650509170265072,isotropic_constructed_macro_nats_full_precision_v3,0552c7f4701ada91e31e916f992171b9418cb47d283a56e61f311581d66266cb
2011-06-24,0.16429724399367818,isotropic_constructed_macro_nats_full_precision_v3,0552c7f4701ada91e31e916f992171b9418cb47d283a56e61f311581d66266cb
2011-06-28,0.16166873246498728,isotropic_constructed_macro_nats_full_precision_v3,0552c7f4701ada91e31e916f992171b9418cb47d283a56e61f311581d66266cb
2011-06-30,0.16744306645194756,isotropic_constructed_macro_nats_full_precision_v3,0552c7f4701ada91e31e916f992171b9418cb47d283a56e61f311581d66266cb
2011-07-05,0.166339411427501,isotropic_constructed_macro_nats_full_precision_v3,0552c7f4701ada91e31e916f992171b9418cb47d283a56e61f311581d66266cb
2011-07-07,0.1712689652827998,isotropic_constructed_macro_nats_full_precision_v3,0552c7f4701ada91e31e916f992171b9418cb47d283a56e61f311581d66266cb
2011-07-11,0.1729961005205794,isotropic_constructed_macro_nats_full_precision_v3,0552c7f4701ada91e31e916f992171b9418cb47d283a56e61f311581d66266cb
2011-07-13,0.17608811573078673,isotropic_constructed_macro_nats_full_precision_v3,0552c7f4701ada91e31e916f992171b9418cb47d283a56e61f311581d66266cb
2011-07-15,0.17705356043347062,isotropic_constructed_macro_nats_full_precision_v3,0552c7f4701ada91e31e916f992171b9418cb47d283a56e61f311581d66266cb
2011-07-19,0.17908387707053144,isotropic_constructed_macro_nats_full_precision_v3,0552c7f4701ada91e31e916f992171b9418cb47d283a56e61f311581d66266cb
2011-07-21,0.18045994480737282,isotropic_constructed_macro_nats_full_precision_v3,0552c7f4701ada91e31e916f992171b9418cb47d283a56e61f311581d66266cb
2011-07-25,0.17262930568902937,isotropic_constructed_macro_nats_full_precision_v3,0552c7f4701ada91e31e916f992171b9418cb47d283a56e61f311581d66266cb
2011-07-27,0.17117537423949353,isotropic_constructed_macro_nats_full_precision_v3,0552c7f4701ada91e31e916f992171b9418cb47d283a56e61f311581d66266cb
2011-07-29,0.1722654150030234,isotropic_constructed_macro_nats_full_precision_v3,0552c7f4701ada91e31e916f992171b9418cb47d283a56e61f311581d66266cb
2011-08-02,0.173628926848547,isotropic_constructed_macro_nats_full_precision_v3,0552c7f4701ada91e31e916f992171b9418cb47d283a56e61f311581d66266cb
2011-08-04,0.17944902256784087,isotropic_constructed_macro_nats_full_precision_v3,0552c7f4701ada91e31e916f992171b9418cb47d283a56e61f311581d66266cb
2011-08-08,0.17706730304300347,isotropic_constructed_macro_nats_full_precision_v3,0552c7f4701ada91e31e916f992171b9418cb47d283a56e61f311581d66266cb
2011-08-10,0.18213773953536136,isotropic_constructed_macro_nats_full_precision_v3,0552c7f4701ada91e31e916f992171b9418cb47d283a56e61f311581d66266cb
2011-08-12,0.191231939481064,isotropic_constructed_macro_nats_full_precision_v3,0552c7f4701ada91e31e916f992171b9418cb47d283a56e61f311581d66266cb
2011-08-16,0.18304382050938378,isotropic_constructed_macro_nats_full_precision_v3,0552c7f4701ada91e31e916f992171b9418cb47d283a56e61f311581d66266cb
2011-08-18,0.18183560396206566,isotropic_constructed_macro_nats_full_precision_v3,0552c7f4701ada91e31e916f992171b9418cb47d283a56e61f311581d66266cb
2011-08-22,0.1776353642663672,isotropic_constructed_macro_nats_full_precision_v3,0552c7f4701ada91e31e916f992171b9418cb47d283a56e61f311581d66266cb
2011-08-24,0.17174735794294338,isotropic_constructed_macro_nats_full_precision_v3,0552c7f4701ada91e31e916f992171b9418cb47d283a56e61f311581d66266cb
2011-08-26,0.1728958811810464,isotropic_constructed_macro_nats_full_precision_v3,0552c7f4701ada91e31e916f992171b9418cb47d283a56e61f311581d66266cb
2011-08-30,0.17319337041021535,isotropic_constructed_macro_nats_full_precision_v3,0552c7f4701ada91e31e916f992171b9418cb47d283a56e61f311581d66266cb
2011-09-01,0.1702214516678072,isotropic_constructed_macro_nats_full_precision_v3,0552c7f4701ada91e31e916f992171b9418cb47d283a56e61f311581d66266cb
2011-09-06,0.16783192369654992,isotropic_constructed_macro_nats_full_precision_v3,0552c7f4701ada91e31e916f992171b9418cb47d283a56e61f311581d66266cb
2011-09-08,0.17225910911258804,isotropic_constructed_macro_nats_full_precision_v3,0552c7f4701ada91e31e916f992171b9418cb47d283a56e61f311581d66266cb
2011-09-12,0.16761266531702124,isotropic_constructed_macro_nats_full_precision_v3,0552c7f4701ada91e31e916f992171b9418cb47d283a56e61f311581d66266cb
2011-09-14,0.17149023990653067,isotropic_constructed_macro_nats_full_precision_v3,0552c7f4701ada91e31e916f992171b9418cb47d283a56e61f311581d66266cb
2011-09-16,0.17121000565564337,isotropic_constructed_macro_nats_full_precision_v3,0552c7f4701ada91e31e916f992171b9418cb47d283a56e61f311581d66266cb
2011-09-20,0.17379091662730928,isotropic_constructed_macro_nats_full_precision_v3,0552c7f4701ada91e31e916f992171b9418cb47d283a56e61f311581d66266cb
2011-09-22,0.16606592128938968,isotropic_constructed_macro_nats_full_precision_v3,0552c7f4701ada91e31e916f992171b9418cb47d283a56e61f311581d66266cb
2011-09-26,0.16223046532609295,isotropic_constructed_macro_nats_full_precision_v3,0552c7f4701ada91e31e916f992171b9418cb47d283a56e61f311581d66266cb
2011-09-28,0.16189504612731073,isotropic_constructed_macro_nats_full_precision_v3,0552c7f4701ada91e31e916f992171b9418cb47d283a56e61f311581d66266cb
2011-09-30,0.1593153686436677,isotropic_constructed_macro_nats_full_precision_v3,0552c7f4701ada91e31e916f992171b9418cb47d283a56e61f311581d66266cb
2011-10-04,0.1652529644525729,isotropic_constructed_macro_nats_full_precision_v3,0552c7f4701ada91e31e916f992171b9418cb47d283a56e61f311581d66266cb
2011-10-06,0.16786344577496545,isotropic_constructed_macro_nats_full_precision_v3,0552c7f4701ada91e31e916f992171b9418cb47d283a56e61f311581d66266cb
2011-10-10,0.16327796071129738,isotropic_constructed_macro_nats_full_precision_v3,0552c7f4701ada91e31e916f992171b9418cb47d283a56e61f311581d66266cb
2011-10-12,0.15878925791129325,isotropic_constructed_macro_nats_full_precision_v3,0552c7f4701ada91e31e916f992171b9418cb47d283a56e61f311581d66266cb
2011-10-14,0.17014858930105317,isotropic_constructed_macro_nats_full_precision_v3,0552c7f4701ada91e31e916f992171b9418cb47d283a56e61f311581d66266cb
2011-10-18,0.2060280004148316,isotropic_constructed_macro_nats_full_precision_v3,0552c7f4701ada91e31e916f992171b9418cb47d283a56e61f311581d66266cb
2011-10-20,0.17478421603841887,isotropic_constructed_macro_nats_full_precision_v3,0552c7f4701ada91e31e916f992171b9418cb47d283a56e61f311581d66266cb
2011-10-24,0.17705889128379065,isotropic_constructed_macro_nats_full_precision_v3,0552c7f4701ada91e31e916f992171b9418cb47d283a56e61f311581d66266cb
2011-10-26,0.17738800081539113,isotropic_constructed_macro_nats_full_precision_v3,0552c7f4701ada91e31e916f992171b9418cb47d283a56e61f311581d66266cb
2011-10-28,0.17048277630586864,isotropic_constructed_macro_nats_full_precision_v3,0552c7f4701ada91e31e916f992171b9418cb47d283a56e61f311581d66266cb
2011-11-01,0.1707356882037931,isotropic_constructed_macro_nats_full_precision_v3,0552c7f4701ada91e31e916f992171b9418cb47d283a56e61f311581d66266cb
2011-11-03,0.17701165540559874,isotropic_constructed_macro_nats_full_precision_v3,0552c7f4701ada91e31e916f992171b9418cb47d283a56e61f311581d66266cb
2011-11-07,0.18206698409428732,isotropic_constructed_macro_nats_full_precision_v3,0552c7f4701ada91e31e916f992171b9418cb47d283a56e61f311581d66266cb
2011-11-09,0.18816559712168163,isotropic_constructed_macro_nats_full_precision_v3,0552c7f4701ada91e31e916f992171b9418cb47d283a56e61f311581d66266cb
2011-11-11,0.18424364034292448,isotropic_constructed_macro_nats_full_precision_v3,0552c7f4701ada91e31e916f992171b9418cb47d283a56e61f311581d66266cb
2011-11-15,0.1836867884813748,isotropic_constructed_macro_nats_full_precision_v3,0552c7f4701ada91e31e916f992171b9418cb47d283a56e61f311581d66266cb
2011-11-17,0.18040670881481116,isotropic_constructed_macro_nats_full_precision_v3,0552c7f4701ada91e31e916f992171b9418cb47d283a56e61f311581d66266cb
2011-11-21,0.17674544807974968,isotropic_constructed_macro_nats_full_precision_v3,0552c7f4701ada91e31e916f992171b9418cb47d283a56e61f311581d66266cb
2011-11-23,0.16585879093145112,isotropic_constructed_macro_nats_full_precision_v3,0552c7f4701ada91e31e916f992171b9418cb47d283a56e61f311581d66266cb
2011-11-28,0.16262271301231598,isotropic_constructed_macro_nats_full_precision_v3,0552c7f4701ada91e31e916f992171b9418cb47d283a56e61f311581d66266cb
2011-11-30,0.16873459639840452,isotropic_constructed_macro_nats_full_precision_v3,0552c7f4701ada91e31e916f992171b9418cb47d283a56e61f311581d66266cb
2011-12-02,0.16934412850089378,isotropic_constructed_macro_nats_full_precision_v3,0552c7f4701ada91e31e916f992171b9418cb47d283a56e61f311581d66266cb
2011-12-06,0.16606422694065331,isotropic_constructed_macro_nats_full_precision_v3,0552c7f4701ada91e31e916f992171b9418cb47d283a56e61f311581d66266cb
2011-12-08,0.1900007923841091,isotropic_constructed_macro_nats_full_precision_v3,0552c7f4701ada91e31e916f992171b9418cb47d283a56e61f311581d66266cb
2011-12-12,0.16853530486434753,isotropic_constructed_macro_nats_full_precision_v3,0552c7f4701ada91e31e916f992171b9418cb47d283a56e61f311581d66266cb
2011-12-14,0.1748056436488536,isotropic_constructed_macro_nats_full_precision_v3,0552c7f4701ada91e31e916f992171b9418cb47d283a56e61f311581d66266cb
2011-12-16,0.1970228644762578,isotropic_constructed_macro_nats_full_precision_v3,0552c7f4701ada91e31e916f992171b9418cb47d283a56e61f311581d66266cb
2011-12-20,0.16418539293433648,isotropic_constructed_macro_nats_full_precision_v3,0552c7f4701ada91e31e916f992171b9418cb47d283a56e61f311581d66266cb
2011-12-22,0.17475511882609007,isotropic_constructed_macro_nats_full_precision_v3,0552c7f4701ada91e31e916f992171b9418cb47d283a56e61f311581d66266cb
2011-12-27,0.1643649049062462,isotropic_constructed_macro_nats_full_precision_v3,0552c7f4701ada91e31e916f992171b9418cb47d283a56e61f311581d66266cb
2011-12-29,0.17716098903324837,isotropic_constructed_macro_nats_full_precision_v3,0552c7f4701ada91e31e916f992171b9418cb47d283a56e61f311581d66266cb
2012-01-03,0.17882823444984824,isotropic_constructed_macro_nats_full_precision_v3,0552c7f4701ada91e31e916f992171b9418cb47d283a56e61f311581d66266cb
2012-01-05,0.17359994599042275,isotropic_constructed_macro_nats_full_precision_v3,0552c7f4701ada91e31e916f992171b9418cb47d283a56e61f311581d66266cb
2012-01-09,0.15655328893343112,isotropic_constructed_macro_nats_full_precision_v3,0552c7f4701ada91e31e916f992171b9418cb47d283a56e61f311581d66266cb
2012-01-11,0.16816539167596195,isotropic_constructed_macro_nats_full_precision_v3,0552c7f4701ada91e31e916f992171b9418cb47d283a56e61f311581d66266cb
2012-01-13,0.1886645958509832,isotropic_constructed_macro_nats_full_precision_v3,0552c7f4701ada91e31e916f992171b9418cb47d283a56e61f311581d66266cb
2012-01-18,0.1610949997447411,isotropic_constructed_macro_nats_full_precision_v3,0552c7f4701ada91e31e916f992171b9418cb47d283a56e61f311581d66266cb
2012-01-20,0.17057245026482712,isotropic_constructed_macro_nats_full_precision_v3,0552c7f4701ada91e31e916f992171b9418cb47d283a56e61f311581d66266cb
2012-01-24,0.170642734279809,isotropic_constructed_macro_nats_full_precision_v3,0552c7f4701ada91e31e916f992171b9418cb47d283a56e61f311581d66266cb
2012-01-26,0.16697228867903716,isotropic_constructed_macro_nats_full_precision_v3,0552c7f4701ada91e31e916f992171b9418cb47d283a56e61f311581d66266cb
2012-01-30,0.17953544202500454,isotropic_constructed_macro_nats_full_precision_v3,0552c7f4701ada91e31e916f992171b9418cb47d283a56e61f311581d66266cb
2012-02-01,0.17293025924015606,isotropic_constructed_macro_nats_full_precision_v3,0552c7f4701ada91e31e916f992171b9418cb47d283a56e61f311581d66266cb
2012-02-03,0.19232884095643557,isotropic_constructed_macro_nats_full_precision_v3,0552c7f4701ada91e31e916f992171b9418cb47d283a56e61f311581d66266cb
2012-02-07,0.17166010226387668,isotropic_constructed_macro_nats_full_precision_v3,0552c7f4701ada91e31e916f992171b9418cb47d283a56e61f311581d66266cb
2012-02-09,0.187783923879339,isotropic_constructed_macro_nats_full_precision_v3,0552c7f4701ada91e31e916f992171b9418cb47d283a56e61f311581d66266cb
2012-02-13,0.16772521697628212,isotropic_constructed_macro_nats_full_precision_v3,0552c7f4701ada91e31e916f992171b9418cb47d283a56e61f311581d66266cb
2012-02-15,0.1613277865765151,isotropic_constructed_macro_nats_full_precision_v3,0552c7f4701ada91e31e916f992171b9418cb47d283a56e61f311581d66266cb
2012-02-17,0.1689640451123772,isotropic_constructed_macro_nats_full_precision_v3,0552c7f4701ada91e31e916f992171b9418cb47d283a56e61f311581d66266cb
2012-02-22,0.1627494157658418,isotropic_constructed_macro_nats_full_precision_v3,0552c7f4701ada91e31e916f992171b9418cb47d283a56e61f311581d66266cb
2012-02-24,0.18130256837384007,isotropic_constructed_macro_nats_full_precision_v3,0552c7f4701ada91e31e916f992171b9418cb47d283a56e61f311581d66266cb
2012-02-28,0.198596771423563,isotropic_constructed_macro_nats_full_precision_v3,0552c7f4701ada91e31e916f992171b9418cb47d283a56e61f311581d66266cb
2012-03-01,0.1640148647175129,isotropic_constructed_macro_nats_full_precision_v3,0552c7f4701ada91e31e916f992171b9418cb47d283a56e61f311581d66266cb
2012-03-05,0.1648027478425485,isotropic_constructed_macro_nats_full_precision_v3,0552c7f4701ada91e31e916f992171b9418cb47d283a56e61f311581d66266cb
2012-03-07,0.1713181570767738,isotropic_constructed_macro_nats_full_precision_v3,0552c7f4701ada91e31e916f992171b9418cb47d283a56e61f311581d66266cb
2012-03-09,0.17669292690244948,isotropic_constructed_macro_nats_full_precision_v3,0552c7f4701ada91e31e916f992171b9418cb47d283a56e61f311581d66266cb
2012-03-13,0.17740221725525349,isotropic_constructed_macro_nats_full_precision_v3,0552c7f4701ada91e31e916f992171b9418cb47d283a56e61f311581d66266cb
2012-03-15,0.18281140180813416,isotropic_constructed_macro_nats_full_precision_v3,0552c7f4701ada91e31e916f992171b9418cb47d283a56e61f311581d66266cb
2012-03-19,0.17875057461123664,isotropic_constructed_macro_nats_full_precision_v3,0552c7f4701ada91e31e916f992171b9418cb47d283a56e61f311581d66266cb
2012-03-21,0.17262872314266015,isotropic_constructed_macro_nats_full_precision_v3,0552c7f4701ada91e31e916f992171b9418cb47d283a56e61f311581d66266cb
2012-03-23,0.17927803863753672,isotropic_constructed_macro_nats_full_precision_v3,0552c7f4701ada91e31e916f992171b9418cb47d283a56e61f311581d66266cb
2012-03-27,0.17904045078586278,isotropic_constructed_macro_nats_full_precision_v3,0552c7f4701ada91e31e916f992171b9418cb47d283a56e61f311581d66266cb
2012-03-29,0.1724688501597205,isotropic_constructed_macro_nats_full_precision_v3,0552c7f4701ada91e31e916f992171b9418cb47d283a56e61f311581d66266cb
2012-04-02,0.17279363167620546,isotropic_constructed_macro_nats_full_precision_v3,0552c7f4701ada91e31e916f992171b9418cb47d283a56e61f311581d66266cb
2012-04-04,0.21261639461360585,isotropic_constructed_macro_nats_full_precision_v3,0552c7f4701ada91e31e916f992171b9418cb47d283a56e61f311581d66266cb
2012-04-09,0.17257473342952354,isotropic_constructed_macro_nats_full_precision_v3,0552c7f4701ada91e31e916f992171b9418cb47d283a56e61f311581d66266cb
2012-04-11,0.17043704320962974,isotropic_constructed_macro_nats_full_precision_v3,0552c7f4701ada91e31e916f992171b9418cb47d283a56e61f311581d66266cb
2012-04-13,0.1793011280159642,isotropic_constructed_macro_nats_full_precision_v3,0552c7f4701ada91e31e916f992171b9418cb47d283a56e61f311581d66266cb
2012-04-17,0.20576523230228685,isotropic_constructed_macro_nats_full_precision_v3,0552c7f4701ada91e31e916f992171b9418cb47d283a56e61f311581d66266cb
2012-04-19,0.17917452809090537,isotropic_constructed_macro_nats_full_precision_v3,0552c7f4701ada91e31e916f992171b9418cb47d283a56e61f311581d66266cb
2012-04-23,0.17141021010812926,isotropic_constructed_macro_nats_full_precision_v3,0552c7f4701ada91e31e916f992171b9418cb47d283a56e61f311581d66266cb
2012-04-25,0.16934357960883517,isotropic_constructed_macro_nats_full_precision_v3,0552c7f4701ada91e31e916f992171b9418cb47d283a56e61f311581d66266cb
2012-04-27,0.1655085000530264,isotropic_constructed_macro_nats_full_precision_v3,0552c7f4701ada91e31e916f992171b9418cb47d283a56e61f311581d66266cb
2012-05-01,0.1885303125342535,isotropic_constructed_macro_nats_full_precision_v3,0552c7f4701ada91e31e916f992171b9418cb47d283a56e61f311581d66266cb
2012-05-03,0.20214437159142604,isotropic_constructed_macro_nats_full_precision_v3,0552c7f4701ada91e31e916f992171b9418cb47d283a56e61f311581d66266cb
2012-05-07,0.17429636921709696,isotropic_constructed_macro_nats_full_precision_v3,0552c7f4701ada91e31e916f992171b9418cb47d283a56e61f311581d66266cb
2012-05-09,0.17950629090542006,isotropic_constructed_macro_nats_full_precision_v3,0552c7f4701ada91e31e916f992171b9418cb47d283a56e61f311581d66266cb
2012-05-11,0.16621494039878318,isotropic_constructed_macro_nats_full_precision_v3,0552c7f4701ada91e31e916f992171b9418cb47d283a56e61f311581d66266cb
2012-05-15,0.1633985619268129,isotropic_constructed_macro_nats_full_precision_v3,0552c7f4701ada91e31e916f992171b9418cb47d283a56e61f311581d66266cb
2012-05-17,0.16597433182547655,isotropic_constructed_macro_nats_full_precision_v3,0552c7f4701ada91e31e916f992171b9418cb47d283a56e61f311581d66266cb
2012-05-21,0.1884799722118927,isotropic_constructed_macro_nats_full_precision_v3,0552c7f4701ada91e31e916f992171b9418cb47d283a56e61f311581d66266cb
2012-05-23,0.1546102153583431,isotropic_constructed_macro_nats_full_precision_v3,0552c7f4701ada91e31e916f992171b9418cb47d283a56e61f311581d66266cb
2012-05-25,0.16074617464785876,isotropic_constructed_macro_nats_full_precision_v3,0552c7f4701ada91e31e916f992171b9418cb47d283a56e61f311581d66266cb
2012-05-30,0.18736349754790324,isotropic_constructed_macro_nats_full_precision_v3,0552c7f4701ada91e31e916f992171b9418cb47d283a56e61f311581d66266cb
2012-06-01,0.16991311324375835,isotropic_constructed_macro_nats_full_precision_v3,0552c7f4701ada91e31e916f992171b9418cb47d283a56e61f311581d66266cb
2012-06-05,0.16493562423469707,isotropic_constructed_macro_nats_full_precision_v3,0552c7f4701ada91e31e916f992171b9418cb47d283a56e61f311581d66266cb
2012-06-07,0.16940977795845757,isotropic_constructed_macro_nats_full_precision_v3,0552c7f4701ada91e31e916f992171b9418cb47d283a56e61f311581d66266cb
2012-06-11,0.1712494110180663,isotropic_constructed_macro_nats_full_precision_v3,0552c7f4701ada91e31e916f992171b9418cb47d283a56e61f311581d66266cb
2012-06-13,0.19448266754451277,isotropic_constructed_macro_nats_full_precision_v3,0552c7f4701ada91e31e916f992171b9418cb47d283a56e61f311581d66266cb
2012-06-15,0.1693148955197095,isotropic_constructed_macro_nats_full_precision_v3,0552c7f4701ada91e31e916f992171b9418cb47d283a56e61f311581d66266cb
2012-06-19,0.20351696503286973,isotropic_constructed_macro_nats_full_precision_v3,0552c7f4701ada91e31e916f992171b9418cb47d283a56e61f311581d66266cb
2012-06-21,0.18236084113635354,isotropic_constructed_macro_nats_full_precision_v3,0552c7f4701ada91e31e916f992171b9418cb47d283a56e61f311581d66266cb
2012-06-25,0.21421170489474417,isotropic_constructed_macro_nats_full_precision_v3,0552c7f4701ada91e31e916f992171b9418cb47d283a56e61f311581d66266cb
2012-06-27,0.20347861984906074,isotropic_constructed_macro_nats_full_precision_v3,0552c7f4701ada91e31e916f992171b9418cb47d283a56e61f311581d66266cb
2012-06-29,0.23024747224585884,isotropic_constructed_macro_nats_full_precision_v3,0552c7f4701ada91e31e916f992171b9418cb47d283a56e61f311581d66266cb
2012-07-03,0.20002463956612282,isotropic_constructed_macro_nats_full_precision_v3,0552c7f4701ada91e31e916f992171b9418cb47d283a56e61f311581d66266cb
2012-07-06,0.20091482921464465,isotropic_constructed_macro_nats_full_precision_v3,0552c7f4701ada91e31e916f992171b9418cb47d283a56e61f311581d66266cb
2012-07-10,0.20974549480238908,isotropic_constructed_macro_nats_full_precision_v3,0552c7f4701ada91e31e916f992171b9418cb47d283a56e61f311581d66266cb
2012-07-12,0.21439927586136426,isotropic_constructed_macro_nats_full_precision_v3,0552c7f4701ada91e31e916f992171b9418cb47d283a56e61f311581d66266cb
2012-07-16,0.23948882328772475,isotropic_constructed_macro_nats_full_precision_v3,0552c7f4701ada91e31e916f992171b9418cb47d283a56e61f311581d66266cb
2012-07-18,0.19708581608651746,isotropic_constructed_macro_nats_full_precision_v3,0552c7f4701ada91e31e916f992171b9418cb47d283a56e61f311581d66266cb
2012-07-20,0.1893061108909987,isotropic_constructed_macro_nats_full_precision_v3,0552c7f4701ada91e31e916f992171b9418cb47d283a56e61f311581d66266cb
2012-07-24,0.23546997200853048,isotropic_constructed_macro_nats_full_precision_v3,0552c7f4701ada91e31e916f992171b9418cb47d283a56e61f311581d66266cb
2012-07-26,0.1731268438614851,isotropic_constructed_macro_nats_full_precision_v3,0552c7f4701ada91e31e916f992171b9418cb47d283a56e61f311581d66266cb
2012-07-30,0.17617770831903262,isotropic_constructed_macro_nats_full_precision_v3,0552c7f4701ada91e31e916f992171b9418cb47d283a56e61f311581d66266cb
2012-08-01,0.18976326783369768,isotropic_constructed_macro_nats_full_precision_v3,0552c7f4701ada91e31e916f992171b9418cb47d283a56e61f311581d66266cb
2012-08-03,0.19234766655213,isotropic_constructed_macro_nats_full_precision_v3,0552c7f4701ada91e31e916f992171b9418cb47d283a56e61f311581d66266cb
2012-08-07,0.22447029388679382,isotropic_constructed_macro_nats_full_precision_v3,0552c7f4701ada91e31e916f992171b9418cb47d283a56e61f311581d66266cb
2012-08-09,0.16137696350650046,isotropic_constructed_macro_nats_full_precision_v3,0552c7f4701ada91e31e916f992171b9418cb47d283a56e61f311581d66266cb
2012-08-13,0.2056269510567568,isotropic_constructed_macro_nats_full_precision_v3,0552c7f4701ada91e31e916f992171b9418cb47d283a56e61f311581d66266cb
2012-08-15,0.1708915496890686,isotropic_constructed_macro_nats_full_precision_v3,0552c7f4701ada91e31e916f992171b9418cb47d283a56e61f311581d66266cb
2012-08-17,0.2057732345688022,isotropic_constructed_macro_nats_full_precision_v3,0552c7f4701ada91e31e916f992171b9418cb47d283a56e61f311581d66266cb
2012-08-21,0.2424133481074573,isotropic_constructed_macro_nats_full_precision_v3,0552c7f4701ada91e31e916f992171b9418cb47d283a56e61f311581d66266cb
2012-08-23,0.18361368018017887,isotropic_constructed_macro_nats_full_precision_v3,0552c7f4701ada91e31e916f992171b9418cb47d283a56e61f311581d66266cb
2012-08-27,0.1796766078191994,isotropic_constructed_macro_nats_full_precision_v3,0552c7f4701ada91e31e916f992171b9418cb47d283a56e61f311581d66266cb
2012-08-29,0.2127278325939738,isotropic_constructed_macro_nats_full_precision_v3,0552c7f4701ada91e31e916f992171b9418cb47d283a56e61f311581d66266cb
2012-08-31,0.20874342678001453,isotropic_constructed_macro_nats_full_precision_v3,0552c7f4701ada91e31e916f992171b9418cb47d283a56e61f311581d66266cb
2012-09-05,0.20600659913879932,isotropic_constructed_macro_nats_full_precision_v3,0552c7f4701ada91e31e916f992171b9418cb47d283a56e61f311581d66266cb
2012-09-07,0.2071228812326714,isotropic_constructed_macro_nats_full_precision_v3,0552c7f4701ada91e31e916f992171b9418cb47d283a56e61f311581d66266cb
2012-09-11,0.2010032022477139,isotropic_constructed_macro_nats_full_precision_v3,0552c7f4701ada91e31e916f992171b9418cb47d283a56e61f311581d66266cb
2012-09-13,0.17757932630547882,isotropic_constructed_macro_nats_full_precision_v3,0552c7f4701ada91e31e916f992171b9418cb47d283a56e61f311581d66266cb
2012-09-17,0.20948613768375648,isotropic_constructed_macro_nats_full_precision_v3,0552c7f4701ada91e31e916f992171b9418cb47d283a56e61f311581d66266cb
2012-09-19,0.21108798264847173,isotropic_constructed_macro_nats_full_precision_v3,0552c7f4701ada91e31e916f992171b9418cb47d283a56e61f311581d66266cb
2012-09-21,0.2186068177789559,isotropic_constructed_macro_nats_full_precision_v3,0552c7f4701ada91e31e916f992171b9418cb47d283a56e61f311581d66266cb
2012-09-25,0.19204249664330644,isotropic_constructed_macro_nats_full_precision_v3,0552c7f4701ada91e31e916f992171b9418cb47d283a56e61f311581d66266cb
2012-09-27,0.18797355605949514,isotropic_constructed_macro_nats_full_precision_v3,0552c7f4701ada91e31e916f992171b9418cb47d283a56e61f311581d66266cb
2012-10-01,0.2090677634523591,isotropic_constructed_macro_nats_full_precision_v3,0552c7f4701ada91e31e916f992171b9418cb47d283a56e61f311581d66266cb
2012-10-03,0.22256040622510861,isotropic_constructed_macro_nats_full_precision_v3,0552c7f4701ada91e31e916f992171b9418cb47d283a56e61f311581d66266cb
2012-10-05,0.1825031212700964,isotropic_constructed_macro_nats_full_precision_v3,0552c7f4701ada91e31e916f992171b9418cb47d283a56e61f311581d66266cb
2012-10-09,0.2389709597283733,isotropic_constructed_macro_nats_full_precision_v3,0552c7f4701ada91e31e916f992171b9418cb47d283a56e61f311581d66266cb
2012-10-11,0.2614467086506964,isotropic_constructed_macro_nats_full_precision_v3,0552c7f4701ada91e31e916f992171b9418cb47d283a56e61f311581d66266cb
2012-10-15,0.2207988092236878,isotropic_constructed_macro_nats_full_precision_v3,0552c7f4701ada91e31e916f992171b9418cb47d283a56e61f311581d66266cb
2012-10-17,0.19448918807647358,isotropic_constructed_macro_nats_full_precision_v3,0552c7f4701ada91e31e916f992171b9418cb47d283a56e61f311581d66266cb
2012-10-19,0.14038472761883347,isotropic_constructed_macro_nats_full_precision_v3,0552c7f4701ada91e31e916f992171b9418cb47d283a56e61f311581d66266cb
2012-10-23,0.19256954179176441,isotropic_constructed_macro_nats_full_precision_v3,0552c7f4701ada91e31e916f992171b9418cb47d283a56e61f311581d66266cb
2012-10-25,0.19649379296792535,isotropic_constructed_macro_nats_full_precision_v3,0552c7f4701ada91e31e916f992171b9418cb47d283a56e61f311581d66266cb
2012-10-31,0.20184103200029668,isotropic_constructed_macro_nats_full_precision_v3,0552c7f4701ada91e31e916f992171b9418cb47d283a56e61f311581d66266cb
2012-11-02,0.19979799481340704,isotropic_constructed_macro_nats_full_precision_v3,0552c7f4701ada91e31e916f992171b9418cb47d283a56e61f311581d66266cb
2012-11-06,0.20697118513649487,isotropic_constructed_macro_nats_full_precision_v3,0552c7f4701ada91e31e916f992171b9418cb47d283a56e61f311581d66266cb
2012-11-08,0.2004815146653901,isotropic_constructed_macro_nats_full_precision_v3,0552c7f4701ada91e31e916f992171b9418cb47d283a56e61f311581d66266cb
2012-11-12,0.16710843540463075,isotropic_constructed_macro_nats_full_precision_v3,0552c7f4701ada91e31e916f992171b9418cb47d283a56e61f311581d66266cb
2012-11-14,0.17502814553428536,isotropic_constructed_macro_nats_full_precision_v3,0552c7f4701ada91e31e916f992171b9418cb47d283a56e61f311581d66266cb
2012-11-16,0.20137093157033453,isotropic_constructed_macro_nats_full_precision_v3,0552c7f4701ada91e31e916f992171b9418cb47d283a56e61f311581d66266cb
2012-11-20,0.1886178214932705,isotropic_constructed_macro_nats_full_precision_v3,0552c7f4701ada91e31e916f992171b9418cb47d283a56e61f311581d66266cb
2012-11-23,0.1729545719408357,isotropic_constructed_macro_nats_full_precision_v3,0552c7f4701ada91e31e916f992171b9418cb47d283a56e61f311581d66266cb
2012-11-27,0.1821430347764398,isotropic_constructed_macro_nats_full_precision_v3,0552c7f4701ada91e31e916f992171b9418cb47d283a56e61f311581d66266cb
2012-11-29,0.21351679892133563,isotropic_constructed_macro_nats_full_precision_v3,0552c7f4701ada91e31e916f992171b9418cb47d283a56e61f311581d66266cb
2012-12-03,0.16685203258931777,isotropic_constructed_macro_nats_full_precision_v3,0552c7f4701ada91e31e916f992171b9418cb47d283a56e61f311581d66266cb
2012-12-05,0.1770778673965907,isotropic_constructed_macro_nats_full_precision_v3,0552c7f4701ada91e31e916f992171b9418cb47d283a56e61f311581d66266cb
2012-12-07,0.19303416606818255,isotropic_constructed_macro_nats_full_precision_v3,0552c7f4701ada91e31e916f992171b9418cb47d283a56e61f311581d66266cb
2012-12-11,0.17520664126447,isotropic_constructed_macro_nats_full_precision_v3,0552c7f4701ada91e31e916f992171b9418cb47d283a56e61f311581d66266cb
2012-12-13,0.18290441798844395,isotropic_constructed_macro_nats_full_precision_v3,0552c7f4701ada91e31e916f992171b9418cb47d283a56e61f311581d66266cb
2012-12-17,0.1850665052761835,isotropic_constructed_macro_nats_full_precision_v3,0552c7f4701ada91e31e916f992171b9418cb47d283a56e61f311581d66266cb
2012-12-19,0.187565497594585,isotropic_constructed_macro_nats_full_precision_v3,0552c7f4701ada91e31e916f992171b9418cb47d283a56e61f311581d66266cb
2012-12-21,0.1838020646987556,isotropic_constructed_macro_nats_full_precision_v3,0552c7f4701ada91e31e916f992171b9418cb47d283a56e61f311581d66266cb
2012-12-26,0.18369549026787535,isotropic_constructed_macro_nats_full_precision_v3,0552c7f4701ada91e31e916f992171b9418cb47d283a56e61f311581d66266cb
2012-12-28,0.19511391125590888,isotropic_constructed_macro_nats_full_precision_v3,0552c7f4701ada91e31e916f992171b9418cb47d283a56e61f311581d66266cb
2013-01-02,0.17887599191630155,isotropic_constructed_macro_nats_full_precision_v3,0552c7f4701ada91e31e916f992171b9418cb47d283a56e61f311581d66266cb
2013-01-04,0.1869904840411494,isotropic_constructed_macro_nats_full_precision_v3,0552c7f4701ada91e31e916f992171b9418cb47d283a56e61f311581d66266cb
2013-01-08,0.17453208204876133,isotropic_constructed_macro_nats_full_precision_v3,0552c7f4701ada91e31e916f992171b9418cb47d283a56e61f311581d66266cb
2013-01-10,0.17520237823193827,isotropic_constructed_macro_nats_full_precision_v3,0552c7f4701ada91e31e916f992171b9418cb47d283a56e61f311581d66266cb
2013-01-14,0.18234234748356043,isotropic_constructed_macro_nats_full_precision_v3,0552c7f4701ada91e31e916f992171b9418cb47d283a56e61f311581d66266cb
2013-01-16,0.2083138620873815,isotropic_constructed_macro_nats_full_precision_v3,0552c7f4701ada91e31e916f992171b9418cb47d283a56e61f311581d66266cb
2013-01-18,0.20127855222453034,isotropic_constructed_macro_nats_full_precision_v3,0552c7f4701ada91e31e916f992171b9418cb47d283a56e61f311581d66266cb
2013-01-23,0.20195151855183652,isotropic_constructed_macro_nats_full_precision_v3,0552c7f4701ada91e31e916f992171b9418cb47d283a56e61f311581d66266cb
2013-01-25,0.21506625900346327,isotropic_constructed_macro_nats_full_precision_v3,0552c7f4701ada91e31e916f992171b9418cb47d283a56e61f311581d66266cb
2013-01-29,0.2091014146946779,isotropic_constructed_macro_nats_full_precision_v3,0552c7f4701ada91e31e916f992171b9418cb47d283a56e61f311581d66266cb
2013-01-31,0.20655112095838574,isotropic_constructed_macro_nats_full_precision_v3,0552c7f4701ada91e31e916f992171b9418cb47d283a56e61f311581d66266cb
2013-02-04,0.2049696415878325,isotropic_constructed_macro_nats_full_precision_v3,0552c7f4701ada91e31e916f992171b9418cb47d283a56e61f311581d66266cb
2013-02-06,0.19898072443414982,isotropic_constructed_macro_nats_full_precision_v3,0552c7f4701ada91e31e916f992171b9418cb47d283a56e61f311581d66266cb
2013-02-08,0.20440855321442003,isotropic_constructed_macro_nats_full_precision_v3,0552c7f4701ada91e31e916f992171b9418cb47d283a56e61f311581d66266cb
2013-02-12,0.21770050927819676,isotropic_constructed_macro_nats_full_precision_v3,0552c7f4701ada91e31e916f992171b9418cb47d283a56e61f311581d66266cb
2013-02-14,0.2103631318078176,isotropic_constructed_macro_nats_full_precision_v3,0552c7f4701ada91e31e916f992171b9418cb47d283a56e61f311581d66266cb
2013-02-19,0.20970446622176458,isotropic_constructed_macro_nats_full_precision_v3,0552c7f4701ada91e31e916f992171b9418cb47d283a56e61f311581d66266cb
2013-02-21,0.2051273516177665,isotropic_constructed_macro_nats_full_precision_v3,0552c7f4701ada91e31e916f992171b9418cb47d283a56e61f311581d66266cb
2013-02-25,0.2115795565045781,isotropic_constructed_macro_nats_full_precision_v3,0552c7f4701ada91e31e916f992171b9418cb47d283a56e61f311581d66266cb
2013-02-27,0.21777272756830487,isotropic_constructed_macro_nats_full_precision_v3,0552c7f4701ada91e31e916f992171b9418cb47d283a56e61f311581d66266cb
2013-03-01,0.1858897116201256,isotropic_constructed_macro_nats_full_precision_v3,0552c7f4701ada91e31e916f992171b9418cb47d283a56e61f311581d66266cb
2013-03-05,0.17744910979242987,isotropic_constructed_macro_nats_full_precision_v3,0552c7f4701ada91e31e916f992171b9418cb47d283a56e61f311581d66266cb
2013-03-07,0.22983275403409842,isotropic_constructed_macro_nats_full_precision_v3,0552c7f4701ada91e31e916f992171b9418cb47d283a56e61f311581d66266cb
2013-03-11,0.22054112519653762,isotropic_constructed_macro_nats_full_precision_v3,0552c7f4701ada91e31e916f992171b9418cb47d283a56e61f311581d66266cb
2013-03-13,0.20255864217273736,isotropic_constructed_macro_nats_full_precision_v3,0552c7f4701ada91e31e916f992171b9418cb47d283a56e61f311581d66266cb
2013-03-15,0.17892412008693317,isotropic_constructed_macro_nats_full_precision_v3,0552c7f4701ada91e31e916f992171b9418cb47d283a56e61f311581d66266cb
2013-03-19,0.1862523356683661,isotropic_constructed_macro_nats_full_precision_v3,0552c7f4701ada91e31e916f992171b9418cb47d283a56e61f311581d66266cb
2013-03-21,0.19307864807688974,isotropic_constructed_macro_nats_full_precision_v3,0552c7f4701ada91e31e916f992171b9418cb47d283a56e61f311581d66266cb
2013-03-25,0.1850914516695364,isotropic_constructed_macro_nats_full_precision_v3,0552c7f4701ada91e31e916f992171b9418cb47d283a56e61f311581d66266cb
2013-03-27,0.18755740787526248,isotropic_constructed_macro_nats_full_precision_v3,0552c7f4701ada91e31e916f992171b9418cb47d283a56e61f311581d66266cb
2013-04-01,0.19345642363313498,isotropic_constructed_macro_nats_full_precision_v3,0552c7f4701ada91e31e916f992171b9418cb47d283a56e61f311581d66266cb
2013-04-03,0.21627597457477718,isotropic_constructed_macro_nats_full_precision_v3,0552c7f4701ada91e31e916f992171b9418cb47d283a56e61f311581d66266cb
2013-04-05,0.2034754888625177,isotropic_constructed_macro_nats_full_precision_v3,0552c7f4701ada91e31e916f992171b9418cb47d283a56e61f311581d66266cb
2013-04-09,0.21687751074203365,isotropic_constructed_macro_nats_full_precision_v3,0552c7f4701ada91e31e916f992171b9418cb47d283a56e61f311581d66266cb
2013-04-11,0.21039378549642435,isotropic_constructed_macro_nats_full_precision_v3,0552c7f4701ada91e31e916f992171b9418cb47d283a56e61f311581d66266cb
2013-04-15,0.21023650776443006,isotropic_constructed_macro_nats_full_precision_v3,0552c7f4701ada91e31e916f992171b9418cb47d283a56e61f311581d66266cb
2013-04-17,0.20535410196485296,isotropic_constructed_macro_nats_full_precision_v3,0552c7f4701ada91e31e916f992171b9418cb47d283a56e61f311581d66266cb
2013-04-19,0.22504670276626873,isotropic_constructed_macro_nats_full_precision_v3,0552c7f4701ada91e31e916f992171b9418cb47d283a56e61f311581d66266cb
2013-04-23,0.22586450773360128,isotropic_constructed_macro_nats_full_precision_v3,0552c7f4701ada91e31e916f992171b9418cb47d283a56e61f311581d66266cb
2013-04-25,0.21975632908372655,isotropic_constructed_macro_nats_full_precision_v3,0552c7f4701ada91e31e916f992171b9418cb47d283a56e61f311581d66266cb
2013-04-29,0.19417342366365264,isotropic_constructed_macro_nats_full_precision_v3,0552c7f4701ada91e31e916f992171b9418cb47d283a56e61f311581d66266cb
2013-05-01,0.1928028594140016,isotropic_constructed_macro_nats_full_precision_v3,0552c7f4701ada91e31e916f992171b9418cb47d283a56e61f311581d66266cb
2013-05-03,0.1831065604731487,isotropic_constructed_macro_nats_full_precision_v3,0552c7f4701ada91e31e916f992171b9418cb47d283a56e61f311581d66266cb
2013-05-07,0.17997310334975972,isotropic_constructed_macro_nats_full_precision_v3,0552c7f4701ada91e31e916f992171b9418cb47d283a56e61f311581d66266cb
2013-05-09,0.18582090092710307,isotropic_constructed_macro_nats_full_precision_v3,0552c7f4701ada91e31e916f992171b9418cb47d283a56e61f311581d66266cb
2013-05-13,0.1788489153209726,isotropic_constructed_macro_nats_full_precision_v3,0552c7f4701ada91e31e916f992171b9418cb47d283a56e61f311581d66266cb
2013-05-15,0.17467229259605108,isotropic_constructed_macro_nats_full_precision_v3,0552c7f4701ada91e31e916f992171b9418cb47d283a56e61f311581d66266cb
2013-05-17,0.17130033211939774,isotropic_constructed_macro_nats_full_precision_v3,0552c7f4701ada91e31e916f992171b9418cb47d283a56e61f311581d66266cb
2013-05-21,0.13566621494245085,isotropic_constructed_macro_nats_full_precision_v3,0552c7f4701ada91e31e916f992171b9418cb47d283a56e61f311581d66266cb
2013-05-23,0.14579294426229078,isotropic_constructed_macro_nats_full_precision_v3,0552c7f4701ada91e31e916f992171b9418cb47d283a56e61f311581d66266cb
2013-05-28,0.1370242918794378,isotropic_constructed_macro_nats_full_precision_v3,0552c7f4701ada91e31e916f992171b9418cb47d283a56e61f311581d66266cb
2013-05-30,0.13812731302563896,isotropic_constructed_macro_nats_full_precision_v3,0552c7f4701ada91e31e916f992171b9418cb47d283a56e61f311581d66266cb
2013-06-03,0.14318296138485168,isotropic_constructed_macro_nats_full_precision_v3,0552c7f4701ada91e31e916f992171b9418cb47d283a56e61f311581d66266cb
2013-06-05,0.17526897392145493,isotropic_constructed_macro_nats_full_precision_v3,0552c7f4701ada91e31e916f992171b9418cb47d283a56e61f311581d66266cb
2013-06-07,0.18096935051698584,isotropic_constructed_macro_nats_full_precision_v3,0552c7f4701ada91e31e916f992171b9418cb47d283a56e61f311581d66266cb
2013-06-11,0.17544971318658859,isotropic_constructed_macro_nats_full_precision_v3,0552c7f4701ada91e31e916f992171b9418cb47d283a56e61f311581d66266cb
2013-06-13,0.17398039214507938,isotropic_constructed_macro_nats_full_precision_v3,0552c7f4701ada91e31e916f992171b9418cb47d283a56e61f311581d66266cb
2013-06-17,0.16774353156632166,isotropic_constructed_macro_nats_full_precision_v3,0552c7f4701ada91e31e916f992171b9418cb47d283a56e61f311581d66266cb
2013-06-19,0.17170661937384585,isotropic_constructed_macro_nats_full_precision_v3,0552c7f4701ada91e31e916f992171b9418cb47d283a56e61f311581d66266cb
2013-06-21,0.16379498634844983,isotropic_constructed_macro_nats_full_precision_v3,0552c7f4701ada91e31e916f992171b9418cb47d283a56e61f311581d66266cb
2013-06-25,0.16463086848052733,isotropic_constructed_macro_nats_full_precision_v3,0552c7f4701ada91e31e916f992171b9418cb47d283a56e61f311581d66266cb
2013-06-27,0.16230372821321365,isotropic_constructed_macro_nats_full_precision_v3,0552c7f4701ada91e31e916f992171b9418cb47d283a56e61f311581d66266cb
2013-07-01,0.16400153428346928,isotropic_constructed_macro_nats_full_precision_v3,0552c7f4701ada91e31e916f992171b9418cb47d283a56e61f311581d66266cb
2013-07-03,0.16563300650687718,isotropic_constructed_macro_nats_full_precision_v3,0552c7f4701ada91e31e916f992171b9418cb47d283a56e61f311581d66266cb
2013-07-08,0.16774477848652314,isotropic_constructed_macro_nats_full_precision_v3,0552c7f4701ada91e31e916f992171b9418cb47d283a56e61f311581d66266cb
2013-07-10,0.1645230451309284,isotropic_constructed_macro_nats_full_precision_v3,0552c7f4701ada91e31e916f992171b9418cb47d283a56e61f311581d66266cb
2013-07-12,0.17001846607909285,isotropic_constructed_macro_nats_full_precision_v3,0552c7f4701ada91e31e916f992171b9418cb47d283a56e61f311581d66266cb
2013-07-16,0.16400716022994982,isotropic_constructed_macro_nats_full_precision_v3,0552c7f4701ada91e31e916f992171b9418cb47d283a56e61f311581d66266cb
2013-07-18,0.13042233564001815,isotropic_constructed_macro_nats_full_precision_v3,0552c7f4701ada91e31e916f992171b9418cb47d283a56e61f311581d66266cb
2013-07-22,0.16558531192500886,isotropic_constructed_macro_nats_full_precision_v3,0552c7f4701ada91e31e916f992171b9418cb47d283a56e61f311581d66266cb
2013-07-24,0.16702278033997237,isotropic_constructed_macro_nats_full_precision_v3,0552c7f4701ada91e31e916f992171b9418cb47d283a56e61f311581d66266cb
2013-07-26,0.1713946338320731,isotropic_constructed_macro_nats_full_precision_v3,0552c7f4701ada91e31e916f992171b9418cb47d283a56e61f311581d66266cb
2013-07-30,0.16712133444262833,isotropic_constructed_macro_nats_full_precision_v3,0552c7f4701ada91e31e916f992171b9418cb47d283a56e61f311581d66266cb
2013-08-01,0.16878053070280896,isotropic_constructed_macro_nats_full_precision_v3,0552c7f4701ada91e31e916f992171b9418cb47d283a56e61f311581d66266cb
2013-08-05,0.1680625237359089,isotropic_constructed_macro_nats_full_precision_v3,0552c7f4701ada91e31e916f992171b9418cb47d283a56e61f311581d66266cb
2013-08-07,0.17150693252117702,isotropic_constructed_macro_nats_full_precision_v3,0552c7f4701ada91e31e916f992171b9418cb47d283a56e61f311581d66266cb
2013-08-09,0.17049393487365078,isotropic_constructed_macro_nats_full_precision_v3,0552c7f4701ada91e31e916f992171b9418cb47d283a56e61f311581d66266cb
2013-08-13,0.1652472525501482,isotropic_constructed_macro_nats_full_precision_v3,0552c7f4701ada91e31e916f992171b9418cb47d283a56e61f311581d66266cb
2013-08-15,0.16134744260711392,isotropic_constructed_macro_nats_full_precision_v3,0552c7f4701ada91e31e916f992171b9418cb47d283a56e61f311581d66266cb
2013-08-19,0.16441849798979224,isotropic_constructed_macro_nats_full_precision_v3,0552c7f4701ada91e31e916f992171b9418cb47d283a56e61f311581d66266cb
2013-08-21,0.15248837329761522,isotropic_constructed_macro_nats_full_precision_v3,0552c7f4701ada91e31e916f992171b9418cb47d283a56e61f311581d66266cb
2013-08-23,0.1516827365970044,isotropic_constructed_macro_nats_full_precision_v3,0552c7f4701ada91e31e916f992171b9418cb47d283a56e61f311581d66266cb
2013-08-27,0.16020060170977052,isotropic_constructed_macro_nats_full_precision_v3,0552c7f4701ada91e31e916f992171b9418cb47d283a56e61f311581d66266cb
2013-08-29,0.1552681739629667,isotropic_constructed_macro_nats_full_precision_v3,0552c7f4701ada91e31e916f992171b9418cb47d283a56e61f311581d66266cb
2013-09-03,0.15909750711932247,isotropic_constructed_macro_nats_full_precision_v3,0552c7f4701ada91e31e916f992171b9418cb47d283a56e61f311581d66266cb
2013-09-05,0.1628431897595639,isotropic_constructed_macro_nats_full_precision_v3,0552c7f4701ada91e31e916f992171b9418cb47d283a56e61f311581d66266cb
2013-09-09,0.14835605216785175,isotropic_constructed_macro_nats_full_precision_v3,0552c7f4701ada91e31e916f992171b9418cb47d283a56e61f311581d66266cb
2013-09-11,0.14579928331206074,isotropic_constructed_macro_nats_full_precision_v3,0552c7f4701ada91e31e916f992171b9418cb47d283a56e61f311581d66266cb
2013-09-13,0.11619534042119527,isotropic_constructed_macro_nats_full_precision_v3,0552c7f4701ada91e31e916f992171b9418cb47d283a56e61f311581d66266cb
2013-09-17,0.14628756033031382,isotropic_constructed_macro_nats_full_precision_v3,0552c7f4701ada91e31e916f992171b9418cb47d283a56e61f311581d66266cb
2013-09-19,0.17895982106632982,isotropic_constructed_macro_nats_full_precision_v3,0552c7f4701ada91e31e916f992171b9418cb47d283a56e61f311581d66266cb
2013-09-23,0.13571258156934635,isotropic_constructed_macro_nats_full_precision_v3,0552c7f4701ada91e31e916f992171b9418cb47d283a56e61f311581d66266cb
2013-09-25,0.14137031969362562,isotropic_constructed_macro_nats_full_precision_v3,0552c7f4701ada91e31e916f992171b9418cb47d283a56e61f311581d66266cb
2013-09-27,0.13781533733594736,isotropic_constructed_macro_nats_full_precision_v3,0552c7f4701ada91e31e916f992171b9418cb47d283a56e61f311581d66266cb
2013-10-01,0.17078409106305822,isotropic_constructed_macro_nats_full_precision_v3,0552c7f4701ada91e31e916f992171b9418cb47d283a56e61f311581d66266cb
2013-10-03,0.1837972770924649,isotropic_constructed_macro_nats_full_precision_v3,0552c7f4701ada91e31e916f992171b9418cb47d283a56e61f311581d66266cb
2013-10-07,0.16605108351486225,isotropic_constructed_macro_nats_full_precision_v3,0552c7f4701ada91e31e916f992171b9418cb47d283a56e61f311581d66266cb
2013-10-09,0.17419297786350102,isotropic_constructed_macro_nats_full_precision_v3,0552c7f4701ada91e31e916f992171b9418cb47d283a56e61f311581d66266cb
2013-10-11,0.17750575582316888,isotropic_constructed_macro_nats_full_precision_v3,0552c7f4701ada91e31e916f992171b9418cb47d283a56e61f311581d66266cb
2013-10-15,0.1759326468999669,isotropic_constructed_macro_nats_full_precision_v3,0552c7f4701ada91e31e916f992171b9418cb47d283a56e61f311581d66266cb
2013-10-17,0.18199022949499669,isotropic_constructed_macro_nats_full_precision_v3,0552c7f4701ada91e31e916f992171b9418cb47d283a56e61f311581d66266cb
2013-10-21,0.17035502543997688,isotropic_constructed_macro_nats_full_precision_v3,0552c7f4701ada91e31e916f992171b9418cb47d283a56e61f311581d66266cb
2013-10-23,0.16703856428536423,isotropic_constructed_macro_nats_full_precision_v3,0552c7f4701ada91e31e916f992171b9418cb47d283a56e61f311581d66266cb
2013-10-25,0.16100509220333115,isotropic_constructed_macro_nats_full_precision_v3,0552c7f4701ada91e31e916f992171b9418cb47d283a56e61f311581d66266cb
2013-10-29,0.14894185007735727,isotropic_constructed_macro_nats_full_precision_v3,0552c7f4701ada91e31e916f992171b9418cb47d283a56e61f311581d66266cb
2013-10-31,0.16145752377490624,isotropic_constructed_macro_nats_full_precision_v3,0552c7f4701ada91e31e916f992171b9418cb47d283a56e61f311581d66266cb
2013-11-04,0.15965579308053007,isotropic_constructed_macro_nats_full_precision_v3,0552c7f4701ada91e31e916f992171b9418cb47d283a56e61f311581d66266cb
2013-11-06,0.15265884110474376,isotropic_constructed_macro_nats_full_precision_v3,0552c7f4701ada91e31e916f992171b9418cb47d283a56e61f311581d66266cb
2013-11-08,0.15913025712857398,isotropic_constructed_macro_nats_full_precision_v3,0552c7f4701ada91e31e916f992171b9418cb47d283a56e61f311581d66266cb
2013-11-12,0.16156397731838068,isotropic_constructed_macro_nats_full_precision_v3,0552c7f4701ada91e31e916f992171b9418cb47d283a56e61f311581d66266cb
2013-11-14,0.16047390532921108,isotropic_constructed_macro_nats_full_precision_v3,0552c7f4701ada91e31e916f992171b9418cb47d283a56e61f311581d66266cb
2013-11-18,0.156996811180326,isotropic_constructed_macro_nats_full_precision_v3,0552c7f4701ada91e31e916f992171b9418cb47d283a56e61f311581d66266cb
2013-11-20,0.1666480308003166,isotropic_constructed_macro_nats_full_precision_v3,0552c7f4701ada91e31e916f992171b9418cb47d283a56e61f311581d66266cb
2013-11-22,0.17620931094439407,isotropic_constructed_macro_nats_full_precision_v3,0552c7f4701ada91e31e916f992171b9418cb47d283a56e61f311581d66266cb
2013-11-26,0.17359101641560973,isotropic_constructed_macro_nats_full_precision_v3,0552c7f4701ada91e31e916f992171b9418cb47d283a56e61f311581d66266cb
2013-11-29,0.173458457302611,isotropic_constructed_macro_nats_full_precision_v3,0552c7f4701ada91e31e916f992171b9418cb47d283a56e61f311581d66266cb
2013-12-03,0.17578020355336915,isotropic_constructed_macro_nats_full_precision_v3,0552c7f4701ada91e31e916f992171b9418cb47d283a56e61f311581d66266cb
2013-12-05,0.17666359223980213,isotropic_constructed_macro_nats_full_precision_v3,0552c7f4701ada91e31e916f992171b9418cb47d283a56e61f311581d66266cb
2013-12-09,0.17807082208104685,isotropic_constructed_macro_nats_full_precision_v3,0552c7f4701ada91e31e916f992171b9418cb47d283a56e61f311581d66266cb
2013-12-11,0.18067373332660608,isotropic_constructed_macro_nats_full_precision_v3,0552c7f4701ada91e31e916f992171b9418cb47d283a56e61f311581d66266cb
2013-12-13,0.17533878195817126,isotropic_constructed_macro_nats_full_precision_v3,0552c7f4701ada91e31e916f992171b9418cb47d283a56e61f311581d66266cb
2013-12-17,0.1725053924921132,isotropic_constructed_macro_nats_full_precision_v3,0552c7f4701ada91e31e916f992171b9418cb47d283a56e61f311581d66266cb
2013-12-19,0.17258390629308784,isotropic_constructed_macro_nats_full_precision_v3,0552c7f4701ada91e31e916f992171b9418cb47d283a56e61f311581d66266cb
2013-12-23,0.16763347079607888,isotropic_constructed_macro_nats_full_precision_v3,0552c7f4701ada91e31e916f992171b9418cb47d283a56e61f311581d66266cb
2013-12-26,0.16572256717337452,isotropic_constructed_macro_nats_full_precision_v3,0552c7f4701ada91e31e916f992171b9418cb47d283a56e61f311581d66266cb
2013-12-30,0.16513038973449798,isotropic_constructed_macro_nats_full_precision_v3,0552c7f4701ada91e31e916f992171b9418cb47d283a56e61f311581d66266cb
2014-01-02,0.16350028718912982,isotropic_constructed_macro_nats_full_precision_v3,0552c7f4701ada91e31e916f992171b9418cb47d283a56e61f311581d66266cb
2014-01-06,0.16275020489515496,isotropic_constructed_macro_nats_full_precision_v3,0552c7f4701ada91e31e916f992171b9418cb47d283a56e61f311581d66266cb
2014-01-08,0.16227379354705224,isotropic_constructed_macro_nats_full_precision_v3,0552c7f4701ada91e31e916f992171b9418cb47d283a56e61f311581d66266cb
2014-01-10,0.175185617847135,isotropic_constructed_macro_nats_full_precision_v3,0552c7f4701ada91e31e916f992171b9418cb47d283a56e61f311581d66266cb
2014-01-14,0.17495774240287917,isotropic_constructed_macro_nats_full_precision_v3,0552c7f4701ada91e31e916f992171b9418cb47d283a56e61f311581d66266cb
2014-01-16,0.1701609781184315,isotropic_constructed_macro_nats_full_precision_v3,0552c7f4701ada91e31e916f992171b9418cb47d283a56e61f311581d66266cb
2014-01-21,0.16816473265841853,isotropic_constructed_macro_nats_full_precision_v3,0552c7f4701ada91e31e916f992171b9418cb47d283a56e61f311581d66266cb
2014-01-23,0.15905990631079583,isotropic_constructed_macro_nats_full_precision_v3,0552c7f4701ada91e31e916f992171b9418cb47d283a56e61f311581d66266cb
2014-01-27,0.14973713528024823,isotropic_constructed_macro_nats_full_precision_v3,0552c7f4701ada91e31e916f992171b9418cb47d283a56e61f311581d66266cb
2014-01-29,0.1497417130213598,isotropic_constructed_macro_nats_full_precision_v3,0552c7f4701ada91e31e916f992171b9418cb47d283a56e61f311581d66266cb
2014-01-31,0.14974810814230383,isotropic_constructed_macro_nats_full_precision_v3,0552c7f4701ada91e31e916f992171b9418cb47d283a56e61f311581d66266cb
2014-02-04,0.15007827490879883,isotropic_constructed_macro_nats_full_precision_v3,0552c7f4701ada91e31e916f992171b9418cb47d283a56e61f311581d66266cb
2014-02-06,0.14949745973712392,isotropic_constructed_macro_nats_full_precision_v3,0552c7f4701ada91e31e916f992171b9418cb47d283a56e61f311581d66266cb
2014-02-10,0.14960272642449157,isotropic_constructed_macro_nats_full_precision_v3,0552c7f4701ada91e31e916f992171b9418cb47d283a56e61f311581d66266cb
2014-02-12,0.15227132011919065,isotropic_constructed_macro_nats_full_precision_v3,0552c7f4701ada91e31e916f992171b9418cb47d283a56e61f311581d66266cb
2014-02-14,0.15156010432181832,isotropic_constructed_macro_nats_full_precision_v3,0552c7f4701ada91e31e916f992171b9418cb47d283a56e61f311581d66266cb
2014-02-19,0.15219044778066498,isotropic_constructed_macro_nats_full_precision_v3,0552c7f4701ada91e31e916f992171b9418cb47d283a56e61f311581d66266cb
2014-02-21,0.1551975618513986,isotropic_constructed_macro_nats_full_precision_v3,0552c7f4701ada91e31e916f992171b9418cb47d283a56e61f311581d66266cb
2014-02-25,0.15611700729574207,isotropic_constructed_macro_nats_full_precision_v3,0552c7f4701ada91e31e916f992171b9418cb47d283a56e61f311581d66266cb
2014-02-27,0.16814326869808754,isotropic_constructed_macro_nats_full_precision_v3,0552c7f4701ada91e31e916f992171b9418cb47d283a56e61f311581d66266cb
2014-03-03,0.17474078381356345,isotropic_constructed_macro_nats_full_precision_v3,0552c7f4701ada91e31e916f992171b9418cb47d283a56e61f311581d66266cb
2014-03-05,0.1774545161466485,isotropic_constructed_macro_nats_full_precision_v3,0552c7f4701ada91e31e916f992171b9418cb47d283a56e61f311581d66266cb
2014-03-07,0.1814541730206557,isotropic_constructed_macro_nats_full_precision_v3,0552c7f4701ada91e31e916f992171b9418cb47d283a56e61f311581d66266cb
2014-03-11,0.18112965711212076,isotropic_constructed_macro_nats_full_precision_v3,0552c7f4701ada91e31e916f992171b9418cb47d283a56e61f311581d66266cb
2014-03-13,0.17816660524903322,isotropic_constructed_macro_nats_full_precision_v3,0552c7f4701ada91e31e916f992171b9418cb47d283a56e61f311581d66266cb
2014-03-17,0.17767299377930623,isotropic_constructed_macro_nats_full_precision_v3,0552c7f4701ada91e31e916f992171b9418cb47d283a56e61f311581d66266cb
2014-03-19,0.17769202809512846,isotropic_constructed_macro_nats_full_precision_v3,0552c7f4701ada91e31e916f992171b9418cb47d283a56e61f311581d66266cb
2014-03-21,0.16878496634731888,isotropic_constructed_macro_nats_full_precision_v3,0552c7f4701ada91e31e916f992171b9418cb47d283a56e61f311581d66266cb
2014-03-25,0.17279054634682278,isotropic_constructed_macro_nats_full_precision_v3,0552c7f4701ada91e31e916f992171b9418cb47d283a56e61f311581d66266cb
2014-03-27,0.17277719942348402,isotropic_constructed_macro_nats_full_precision_v3,0552c7f4701ada91e31e916f992171b9418cb47d283a56e61f311581d66266cb
2014-03-31,0.1790293071840648,isotropic_constructed_macro_nats_full_precision_v3,0552c7f4701ada91e31e916f992171b9418cb47d283a56e61f311581d66266cb
2014-04-02,0.17262955065182012,isotropic_constructed_macro_nats_full_precision_v3,0552c7f4701ada91e31e916f992171b9418cb47d283a56e61f311581d66266cb
2014-04-04,0.17788647517774575,isotropic_constructed_macro_nats_full_precision_v3,0552c7f4701ada91e31e916f992171b9418cb47d283a56e61f311581d66266cb
2014-04-08,0.17810252890508133,isotropic_constructed_macro_nats_full_precision_v3,0552c7f4701ada91e31e916f992171b9418cb47d283a56e61f311581d66266cb
2014-04-10,0.17230719829471386,isotropic_constructed_macro_nats_full_precision_v3,0552c7f4701ada91e31e916f992171b9418cb47d283a56e61f311581d66266cb
2014-04-14,0.1733094956981115,isotropic_constructed_macro_nats_full_precision_v3,0552c7f4701ada91e31e916f992171b9418cb47d283a56e61f311581d66266cb
2014-04-16,0.17730374239635438,isotropic_constructed_macro_nats_full_precision_v3,0552c7f4701ada91e31e916f992171b9418cb47d283a56e61f311581d66266cb
2014-04-21,0.16137116119149458,isotropic_constructed_macro_nats_full_precision_v3,0552c7f4701ada91e31e916f992171b9418cb47d283a56e61f311581d66266cb
2014-04-23,0.16513459117410634,isotropic_constructed_macro_nats_full_precision_v3,0552c7f4701ada91e31e916f992171b9418cb47d283a56e61f311581d66266cb
2014-04-25,0.16227283369921064,isotropic_constructed_macro_nats_full_precision_v3,0552c7f4701ada91e31e916f992171b9418cb47d283a56e61f311581d66266cb
2014-04-29,0.1598814496295073,isotropic_constructed_macro_nats_full_precision_v3,0552c7f4701ada91e31e916f992171b9418cb47d283a56e61f311581d66266cb
2014-05-01,0.1559526571611023,isotropic_constructed_macro_nats_full_precision_v3,0552c7f4701ada91e31e916f992171b9418cb47d283a56e61f311581d66266cb
2014-05-05,0.15353372190278974,isotropic_constructed_macro_nats_full_precision_v3,0552c7f4701ada91e31e916f992171b9418cb47d283a56e61f311581d66266cb
2014-05-07,0.1559685678183219,isotropic_constructed_macro_nats_full_precision_v3,0552c7f4701ada91e31e916f992171b9418cb47d283a56e61f311581d66266cb
2014-05-09,0.1513679455629437,isotropic_constructed_macro_nats_full_precision_v3,0552c7f4701ada91e31e916f992171b9418cb47d283a56e61f311581d66266cb
2014-05-13,0.13892148750417513,isotropic_constructed_macro_nats_full_precision_v3,0552c7f4701ada91e31e916f992171b9418cb47d283a56e61f311581d66266cb
2014-05-15,0.15428981916060347,isotropic_constructed_macro_nats_full_precision_v3,0552c7f4701ada91e31e916f992171b9418cb47d283a56e61f311581d66266cb
2014-05-19,0.14574637338664448,isotropic_constructed_macro_nats_full_precision_v3,0552c7f4701ada91e31e916f992171b9418cb47d283a56e61f311581d66266cb
2014-05-21,0.14552614371278363,isotropic_constructed_macro_nats_full_precision_v3,0552c7f4701ada91e31e916f992171b9418cb47d283a56e61f311581d66266cb
2014-05-23,0.14535026164263248,isotropic_constructed_macro_nats_full_precision_v3,0552c7f4701ada91e31e916f992171b9418cb47d283a56e61f311581d66266cb
2014-05-28,0.14435894960548917,isotropic_constructed_macro_nats_full_precision_v3,0552c7f4701ada91e31e916f992171b9418cb47d283a56e61f311581d66266cb
2014-05-30,0.14592242986118376,isotropic_constructed_macro_nats_full_precision_v3,0552c7f4701ada91e31e916f992171b9418cb47d283a56e61f311581d66266cb
2014-06-03,0.14207781582593954,isotropic_constructed_macro_nats_full_precision_v3,0552c7f4701ada91e31e916f992171b9418cb47d283a56e61f311581d66266cb
2014-06-05,0.13736137053597308,isotropic_constructed_macro_nats_full_precision_v3,0552c7f4701ada91e31e916f992171b9418cb47d283a56e61f311581d66266cb
2014-06-09,0.1393526949551313,isotropic_constructed_macro_nats_full_precision_v3,0552c7f4701ada91e31e916f992171b9418cb47d283a56e61f311581d66266cb
2014-06-11,0.13980670950318436,isotropic_constructed_macro_nats_full_precision_v3,0552c7f4701ada91e31e916f992171b9418cb47d283a56e61f311581d66266cb
2014-06-13,0.137029807715704,isotropic_constructed_macro_nats_full_precision_v3,0552c7f4701ada91e31e916f992171b9418cb47d283a56e61f311581d66266cb
2014-06-17,0.14561677697465497,isotropic_constructed_macro_nats_full_precision_v3,0552c7f4701ada91e31e916f992171b9418cb47d283a56e61f311581d66266cb
2014-06-19,0.13850318723470623,isotropic_constructed_macro_nats_full_precision_v3,0552c7f4701ada91e31e916f992171b9418cb47d283a56e61f311581d66266cb
2014-06-23,0.1359643962852779,isotropic_constructed_macro_nats_full_precision_v3,0552c7f4701ada91e31e916f992171b9418cb47d283a56e61f311581d66266cb
2014-06-25,0.15185256527714908,isotropic_constructed_macro_nats_full_precision_v3,0552c7f4701ada91e31e916f992171b9418cb47d283a56e61f311581d66266cb
2014-06-27,0.1479698126641023,isotropic_constructed_macro_nats_full_precision_v3,0552c7f4701ada91e31e916f992171b9418cb47d283a56e61f311581d66266cb
2014-07-01,0.15265988712813078,isotropic_constructed_macro_nats_full_precision_v3,0552c7f4701ada91e31e916f992171b9418cb47d283a56e61f311581d66266cb
2014-07-03,0.15269832348606965,isotropic_constructed_macro_nats_full_precision_v3,0552c7f4701ada91e31e916f992171b9418cb47d283a56e61f311581d66266cb
2014-07-08,0.15270386271094671,isotropic_constructed_macro_nats_full_precision_v3,0552c7f4701ada91e31e916f992171b9418cb47d283a56e61f311581d66266cb
2014-07-10,0.15214530717843983,isotropic_constructed_macro_nats_full_precision_v3,0552c7f4701ada91e31e916f992171b9418cb47d283a56e61f311581d66266cb
2014-07-14,0.15807190764984091,isotropic_constructed_macro_nats_full_precision_v3,0552c7f4701ada91e31e916f992171b9418cb47d283a56e61f311581d66266cb
2014-07-16,0.14138361281362394,isotropic_constructed_macro_nats_full_precision_v3,0552c7f4701ada91e31e916f992171b9418cb47d283a56e61f311581d66266cb
2014-07-18,0.14154465702309432,isotropic_constructed_macro_nats_full_precision_v3,0552c7f4701ada91e31e916f992171b9418cb47d283a56e61f311581d66266cb
2014-07-22,0.13934464270847885,isotropic_constructed_macro_nats_full_precision_v3,0552c7f4701ada91e31e916f992171b9418cb47d283a56e61f311581d66266cb
2014-07-24,0.14219012866959935,isotropic_constructed_macro_nats_full_precision_v3,0552c7f4701ada91e31e916f992171b9418cb47d283a56e61f311581d66266cb
2014-07-28,0.1402415227212649,isotropic_constructed_macro_nats_full_precision_v3,0552c7f4701ada91e31e916f992171b9418cb47d283a56e61f311581d66266cb
2014-07-30,0.13688920615965106,isotropic_constructed_macro_nats_full_precision_v3,0552c7f4701ada91e31e916f992171b9418cb47d283a56e61f311581d66266cb
2014-08-01,0.13332201571791688,isotropic_constructed_macro_nats_full_precision_v3,0552c7f4701ada91e31e916f992171b9418cb47d283a56e61f311581d66266cb
2014-08-05,0.12991964644407522,isotropic_constructed_macro_nats_full_precision_v3,0552c7f4701ada91e31e916f992171b9418cb47d283a56e61f311581d66266cb
2014-08-07,0.12905529125760443,isotropic_constructed_macro_nats_full_precision_v3,0552c7f4701ada91e31e916f992171b9418cb47d283a56e61f311581d66266cb
2014-08-11,0.130392686981745,isotropic_constructed_macro_nats_full_precision_v3,0552c7f4701ada91e31e916f992171b9418cb47d283a56e61f311581d66266cb
2014-08-13,0.1316857627339748,isotropic_constructed_macro_nats_full_precision_v3,0552c7f4701ada91e31e916f992171b9418cb47d283a56e61f311581d66266cb
2014-08-15,0.13029083779570766,isotropic_constructed_macro_nats_full_precision_v3,0552c7f4701ada91e31e916f992171b9418cb47d283a56e61f311581d66266cb
2014-08-19,0.12856327324583755,isotropic_constructed_macro_nats_full_precision_v3,0552c7f4701ada91e31e916f992171b9418cb47d283a56e61f311581d66266cb
2014-08-21,0.12946180207647284,isotropic_constructed_macro_nats_full_precision_v3,0552c7f4701ada91e31e916f992171b9418cb47d283a56e61f311581d66266cb
2014-08-25,0.1306946755301973,isotropic_constructed_macro_nats_full_precision_v3,0552c7f4701ada91e31e916f992171b9418cb47d283a56e61f311581d66266cb
2014-08-27,0.12860776402324206,isotropic_constructed_macro_nats_full_precision_v3,0552c7f4701ada91e31e916f992171b9418cb47d283a56e61f311581d66266cb
2014-08-29,0.1259098780920927,isotropic_constructed_macro_nats_full_precision_v3,0552c7f4701ada91e31e916f992171b9418cb47d283a56e61f311581d66266cb
2014-09-03,0.1258312324750398,isotropic_constructed_macro_nats_full_precision_v3,0552c7f4701ada91e31e916f992171b9418cb47d283a56e61f311581d66266cb
2014-09-05,0.13268860310059366,isotropic_constructed_macro_nats_full_precision_v3,0552c7f4701ada91e31e916f992171b9418cb47d283a56e61f311581d66266cb
2014-09-09,0.13331360556480382,isotropic_constructed_macro_nats_full_precision_v3,0552c7f4701ada91e31e916f992171b9418cb47d283a56e61f311581d66266cb
2014-09-11,0.14129119874014276,isotropic_constructed_macro_nats_full_precision_v3,0552c7f4701ada91e31e916f992171b9418cb47d283a56e61f311581d66266cb
2014-09-15,0.1447736305289581,isotropic_constructed_macro_nats_full_precision_v3,0552c7f4701ada91e31e916f992171b9418cb47d283a56e61f311581d66266cb
2014-09-17,0.14429239862323473,isotropic_constructed_macro_nats_full_precision_v3,0552c7f4701ada91e31e916f992171b9418cb47d283a56e61f311581d66266cb
2014-09-19,0.14794788015422727,isotropic_constructed_macro_nats_full_precision_v3,0552c7f4701ada91e31e916f992171b9418cb47d283a56e61f311581d66266cb
2014-09-23,0.15066616422414156,isotropic_constructed_macro_nats_full_precision_v3,0552c7f4701ada91e31e916f992171b9418cb47d283a56e61f311581d66266cb
2014-09-25,0.14978843420558585,isotropic_constructed_macro_nats_full_precision_v3,0552c7f4701ada91e31e916f992171b9418cb47d283a56e61f311581d66266cb
2014-09-29,0.14466276942846046,isotropic_constructed_macro_nats_full_precision_v3,0552c7f4701ada91e31e916f992171b9418cb47d283a56e61f311581d66266cb
2014-10-01,0.1370939147122453,isotropic_constructed_macro_nats_full_precision_v3,0552c7f4701ada91e31e916f992171b9418cb47d283a56e61f311581d66266cb
2014-10-03,0.13702836863266193,isotropic_constructed_macro_nats_full_precision_v3,0552c7f4701ada91e31e916f992171b9418cb47d283a56e61f311581d66266cb
2014-10-07,0.14915917702165454,isotropic_constructed_macro_nats_full_precision_v3,0552c7f4701ada91e31e916f992171b9418cb47d283a56e61f311581d66266cb
2014-10-09,0.1380916732193037,isotropic_constructed_macro_nats_full_precision_v3,0552c7f4701ada91e31e916f992171b9418cb47d283a56e61f311581d66266cb
2014-10-13,0.1361489026987778,isotropic_constructed_macro_nats_full_precision_v3,0552c7f4701ada91e31e916f992171b9418cb47d283a56e61f311581d66266cb
2014-10-15,0.13766606970510326,isotropic_constructed_macro_nats_full_precision_v3,0552c7f4701ada91e31e916f992171b9418cb47d283a56e61f311581d66266cb
2014-10-17,0.12948394402079383,isotropic_constructed_macro_nats_full_precision_v3,0552c7f4701ada91e31e916f992171b9418cb47d283a56e61f311581d66266cb
2014-10-21,0.13071967845012342,isotropic_constructed_macro_nats_full_precision_v3,0552c7f4701ada91e31e916f992171b9418cb47d283a56e61f311581d66266cb
2014-10-23,0.1326124968814682,isotropic_constructed_macro_nats_full_precision_v3,0552c7f4701ada91e31e916f992171b9418cb47d283a56e61f311581d66266cb
2014-10-27,0.1320781765394353,isotropic_constructed_macro_nats_full_precision_v3,0552c7f4701ada91e31e916f992171b9418cb47d283a56e61f311581d66266cb
2014-10-29,0.1334793197941906,isotropic_constructed_macro_nats_full_precision_v3,0552c7f4701ada91e31e916f992171b9418cb47d283a56e61f311581d66266cb
2014-10-31,0.13268838551900922,isotropic_constructed_macro_nats_full_precision_v3,0552c7f4701ada91e31e916f992171b9418cb47d283a56e61f311581d66266cb
2014-11-04,0.13097867550290254,isotropic_constructed_macro_nats_full_precision_v3,0552c7f4701ada91e31e916f992171b9418cb47d283a56e61f311581d66266cb
2014-11-06,0.12294207633724988,isotropic_constructed_macro_nats_full_precision_v3,0552c7f4701ada91e31e916f992171b9418cb47d283a56e61f311581d66266cb
2014-11-10,0.11821545209251028,isotropic_constructed_macro_nats_full_precision_v3,0552c7f4701ada91e31e916f992171b9418cb47d283a56e61f311581d66266cb
2014-11-12,0.11725633110454912,isotropic_constructed_macro_nats_full_precision_v3,0552c7f4701ada91e31e916f992171b9418cb47d283a56e61f311581d66266cb
2014-11-14,0.11615370350081387,isotropic_constructed_macro_nats_full_precision_v3,0552c7f4701ada91e31e916f992171b9418cb47d283a56e61f311581d66266cb
2014-11-18,0.11883145821884446,isotropic_constructed_macro_nats_full_precision_v3,0552c7f4701ada91e31e916f992171b9418cb47d283a56e61f311581d66266cb
2014-11-20,0.11200846051523107,isotropic_constructed_macro_nats_full_precision_v3,0552c7f4701ada91e31e916f992171b9418cb47d283a56e61f311581d66266cb
2014-11-24,0.11115854930262294,isotropic_constructed_macro_nats_full_precision_v3,0552c7f4701ada91e31e916f992171b9418cb47d283a56e61f311581d66266cb
2014-11-26,0.11157084589578166,isotropic_constructed_macro_nats_full_precision_v3,0552c7f4701ada91e31e916f992171b9418cb47d283a56e61f311581d66266cb
2014-12-01,0.09988749297178892,isotropic_constructed_macro_nats_full_precision_v3,0552c7f4701ada91e31e916f992171b9418cb47d283a56e61f311581d66266cb
2014-12-03,0.09645439941572,isotropic_constructed_macro_nats_full_precision_v3,0552c7f4701ada91e31e916f992171b9418cb47d283a56e61f311581d66266cb
2014-12-05,0.09627373789508673,isotropic_constructed_macro_nats_full_precision_v3,0552c7f4701ada91e31e916f992171b9418cb47d283a56e61f311581d66266cb
2014-12-09,0.09549288503286138,isotropic_constructed_macro_nats_full_precision_v3,0552c7f4701ada91e31e916f992171b9418cb47d283a56e61f311581d66266cb
2014-12-11,0.09438246962886604,isotropic_constructed_macro_nats_full_precision_v3,0552c7f4701ada91e31e916f992171b9418cb47d283a56e61f311581d66266cb
2014-12-15,0.09517631929240954,isotropic_constructed_macro_nats_full_precision_v3,0552c7f4701ada91e31e916f992171b9418cb47d283a56e61f311581d66266cb
2014-12-17,0.09813277486746537,isotropic_constructed_macro_nats_full_precision_v3,0552c7f4701ada91e31e916f992171b9418cb47d283a56e61f311581d66266cb
2014-12-19,0.09964601504809363,isotropic_constructed_macro_nats_full_precision_v3,0552c7f4701ada91e31e916f992171b9418cb47d283a56e61f311581d66266cb
2014-12-23,0.0995172603664674,isotropic_constructed_macro_nats_full_precision_v3,0552c7f4701ada91e31e916f992171b9418cb47d283a56e61f311581d66266cb
2014-12-26,0.09939718086322079,isotropic_constructed_macro_nats_full_precision_v3,0552c7f4701ada91e31e916f992171b9418cb47d283a56e61f311581d66266cb
2014-12-30,0.10620792339029,isotropic_constructed_macro_nats_full_precision_v3,0552c7f4701ada91e31e916f992171b9418cb47d283a56e61f311581d66266cb
2015-01-02,0.10107870246615687,isotropic_constructed_macro_nats_full_precision_v3,0552c7f4701ada91e31e916f992171b9418cb47d283a56e61f311581d66266cb
2015-01-06,0.1034755149846734,isotropic_constructed_macro_nats_full_precision_v3,0552c7f4701ada91e31e916f992171b9418cb47d283a56e61f311581d66266cb
2015-01-08,0.10177803267553014,isotropic_constructed_macro_nats_full_precision_v3,0552c7f4701ada91e31e916f992171b9418cb47d283a56e61f311581d66266cb
2015-01-12,0.09753864874381767,isotropic_constructed_macro_nats_full_precision_v3,0552c7f4701ada91e31e916f992171b9418cb47d283a56e61f311581d66266cb
2015-01-14,0.09970786627327057,isotropic_constructed_macro_nats_full_precision_v3,0552c7f4701ada91e31e916f992171b9418cb47d283a56e61f311581d66266cb
2015-01-16,0.10575115495705738,isotropic_constructed_macro_nats_full_precision_v3,0552c7f4701ada91e31e916f992171b9418cb47d283a56e61f311581d66266cb
2015-01-21,0.10240117960020693,isotropic_constructed_macro_nats_full_precision_v3,0552c7f4701ada91e31e916f992171b9418cb47d283a56e61f311581d66266cb
2015-01-23,0.10601336867141904,isotropic_constructed_macro_nats_full_precision_v3,0552c7f4701ada91e31e916f992171b9418cb47d283a56e61f311581d66266cb
2015-01-27,0.10572132403893755,isotropic_constructed_macro_nats_full_precision_v3,0552c7f4701ada91e31e916f992171b9418cb47d283a56e61f311581d66266cb
2015-01-29,0.10064256331890271,isotropic_constructed_macro_nats_full_precision_v3,0552c7f4701ada91e31e916f992171b9418cb47d283a56e61f311581d66266cb
2015-02-02,0.10371117270422446,isotropic_constructed_macro_nats_full_precision_v3,0552c7f4701ada91e31e916f992171b9418cb47d283a56e61f311581d66266cb
2015-02-04,0.10508602151514489,isotropic_constructed_macro_nats_full_precision_v3,0552c7f4701ada91e31e916f992171b9418cb47d283a56e61f311581d66266cb
2015-02-06,0.10900079210320197,isotropic_constructed_macro_nats_full_precision_v3,0552c7f4701ada91e31e916f992171b9418cb47d283a56e61f311581d66266cb
2015-02-10,0.10905651120702668,isotropic_constructed_macro_nats_full_precision_v3,0552c7f4701ada91e31e916f992171b9418cb47d283a56e61f311581d66266cb
2015-02-12,0.10951303752793345,isotropic_constructed_macro_nats_full_precision_v3,0552c7f4701ada91e31e916f992171b9418cb47d283a56e61f311581d66266cb
2015-02-17,0.10932758541827022,isotropic_constructed_macro_nats_full_precision_v3,0552c7f4701ada91e31e916f992171b9418cb47d283a56e61f311581d66266cb
2015-02-19,0.1169309230672423,isotropic_constructed_macro_nats_full_precision_v3,0552c7f4701ada91e31e916f992171b9418cb47d283a56e61f311581d66266cb
2015-02-23,0.11061177453427812,isotropic_constructed_macro_nats_full_precision_v3,0552c7f4701ada91e31e916f992171b9418cb47d283a56e61f311581d66266cb
2015-02-25,0.10664749514387505,isotropic_constructed_macro_nats_full_precision_v3,0552c7f4701ada91e31e916f992171b9418cb47d283a56e61f311581d66266cb
2015-02-27,0.11054752007284277,isotropic_constructed_macro_nats_full_precision_v3,0552c7f4701ada91e31e916f992171b9418cb47d283a56e61f311581d66266cb
2015-03-03,0.10672359000108865,isotropic_constructed_macro_nats_full_precision_v3,0552c7f4701ada91e31e916f992171b9418cb47d283a56e61f311581d66266cb
2015-03-05,0.11264647792931691,isotropic_constructed_macro_nats_full_precision_v3,0552c7f4701ada91e31e916f992171b9418cb47d283a56e61f311581d66266cb
2015-03-09,0.11315144824360471,isotropic_constructed_macro_nats_full_precision_v3,0552c7f4701ada91e31e916f992171b9418cb47d283a56e61f311581d66266cb
2015-03-11,0.12136520383057074,isotropic_constructed_macro_nats_full_precision_v3,0552c7f4701ada91e31e916f992171b9418cb47d283a56e61f311581d66266cb
2015-03-13,0.12691766563825316,isotropic_constructed_macro_nats_full_precision_v3,0552c7f4701ada91e31e916f992171b9418cb47d283a56e61f311581d66266cb
2015-03-17,0.13362406435695948,isotropic_constructed_macro_nats_full_precision_v3,0552c7f4701ada91e31e916f992171b9418cb47d283a56e61f311581d66266cb
2015-03-19,0.12292348564283179,isotropic_constructed_macro_nats_full_precision_v3,0552c7f4701ada91e31e916f992171b9418cb47d283a56e61f311581d66266cb
2015-03-23,0.1209479007913231,isotropic_constructed_macro_nats_full_precision_v3,0552c7f4701ada91e31e916f992171b9418cb47d283a56e61f311581d66266cb
2015-03-25,0.1231052765332891,isotropic_constructed_macro_nats_full_precision_v3,0552c7f4701ada91e31e916f992171b9418cb47d283a56e61f311581d66266cb
2015-03-27,0.11977388286234868,isotropic_constructed_macro_nats_full_precision_v3,0552c7f4701ada91e31e916f992171b9418cb47d283a56e61f311581d66266cb
2015-03-31,0.11750170078475043,isotropic_constructed_macro_nats_full_precision_v3,0552c7f4701ada91e31e916f992171b9418cb47d283a56e61f311581d66266cb
2015-04-02,0.12996344801022097,isotropic_constructed_macro_nats_full_precision_v3,0552c7f4701ada91e31e916f992171b9418cb47d283a56e61f311581d66266cb
2015-04-07,0.12405391746920612,isotropic_constructed_macro_nats_full_precision_v3,0552c7f4701ada91e31e916f992171b9418cb47d283a56e61f311581d66266cb
2015-04-09,0.1284163436255689,isotropic_constructed_macro_nats_full_precision_v3,0552c7f4701ada91e31e916f992171b9418cb47d283a56e61f311581d66266cb
2015-04-13,0.1297732551413554,isotropic_constructed_macro_nats_full_precision_v3,0552c7f4701ada91e31e916f992171b9418cb47d283a56e61f311581d66266cb
2015-04-15,0.1323770728346344,isotropic_constructed_macro_nats_full_precision_v3,0552c7f4701ada91e31e916f992171b9418cb47d283a56e61f311581d66266cb
2015-04-17,0.1405187178887818,isotropic_constructed_macro_nats_full_precision_v3,0552c7f4701ada91e31e916f992171b9418cb47d283a56e61f311581d66266cb
2015-04-21,0.14317693786932678,isotropic_constructed_macro_nats_full_precision_v3,0552c7f4701ada91e31e916f992171b9418cb47d283a56e61f311581d66266cb
2015-04-23,0.14459911050664953,isotropic_constructed_macro_nats_full_precision_v3,0552c7f4701ada91e31e916f992171b9418cb47d283a56e61f311581d66266cb
2015-04-27,0.14461497713757665,isotropic_constructed_macro_nats_full_precision_v3,0552c7f4701ada91e31e916f992171b9418cb47d283a56e61f311581d66266cb
2015-04-29,0.1501708087699895,isotropic_constructed_macro_nats_full_precision_v3,0552c7f4701ada91e31e916f992171b9418cb47d283a56e61f311581d66266cb
2015-05-01,0.14667875017580445,isotropic_constructed_macro_nats_full_precision_v3,0552c7f4701ada91e31e916f992171b9418cb47d283a56e61f311581d66266cb
2015-05-05,0.15565466656189778,isotropic_constructed_macro_nats_full_precision_v3,0552c7f4701ada91e31e916f992171b9418cb47d283a56e61f311581d66266cb
2015-05-07,0.1629061059856889,isotropic_constructed_macro_nats_full_precision_v3,0552c7f4701ada91e31e916f992171b9418cb47d283a56e61f311581d66266cb
2015-05-11,0.16506737964870494,isotropic_constructed_macro_nats_full_precision_v3,0552c7f4701ada91e31e916f992171b9418cb47d283a56e61f311581d66266cb
2015-05-13,0.16634860419491637,isotropic_constructed_macro_nats_full_precision_v3,0552c7f4701ada91e31e916f992171b9418cb47d283a56e61f311581d66266cb
2015-05-15,0.16857508993461529,isotropic_constructed_macro_nats_full_precision_v3,0552c7f4701ada91e31e916f992171b9418cb47d283a56e61f311581d66266cb
2015-05-19,0.16833491859538008,isotropic_constructed_macro_nats_full_precision_v3,0552c7f4701ada91e31e916f992171b9418cb47d283a56e61f311581d66266cb
2015-05-21,0.17064672125951114,isotropic_constructed_macro_nats_full_precision_v3,0552c7f4701ada91e31e916f992171b9418cb47d283a56e61f311581d66266cb
2015-05-26,0.16898480699868135,isotropic_constructed_macro_nats_full_precision_v3,0552c7f4701ada91e31e916f992171b9418cb47d283a56e61f311581d66266cb
2015-05-28,0.16277890407373796,isotropic_constructed_macro_nats_full_precision_v3,0552c7f4701ada91e31e916f992171b9418cb47d283a56e61f311581d66266cb
2015-06-01,0.16197239991105017,isotropic_constructed_macro_nats_full_precision_v3,0552c7f4701ada91e31e916f992171b9418cb47d283a56e61f311581d66266cb
2015-06-03,0.15206395624154734,isotropic_constructed_macro_nats_full_precision_v3,0552c7f4701ada91e31e916f992171b9418cb47d283a56e61f311581d66266cb
2015-06-05,0.1446060304551008,isotropic_constructed_macro_nats_full_precision_v3,0552c7f4701ada91e31e916f992171b9418cb47d283a56e61f311581d66266cb
2015-06-09,0.139036420194662,isotropic_constructed_macro_nats_full_precision_v3,0552c7f4701ada91e31e916f992171b9418cb47d283a56e61f311581d66266cb
2015-06-11,0.13720499636313144,isotropic_constructed_macro_nats_full_precision_v3,0552c7f4701ada91e31e916f992171b9418cb47d283a56e61f311581d66266cb
2015-06-15,0.1328884318790119,isotropic_constructed_macro_nats_full_precision_v3,0552c7f4701ada91e31e916f992171b9418cb47d283a56e61f311581d66266cb
2015-06-17,0.12981332215188635,isotropic_constructed_macro_nats_full_precision_v3,0552c7f4701ada91e31e916f992171b9418cb47d283a56e61f311581d66266cb
2015-06-19,0.12957858283769175,isotropic_constructed_macro_nats_full_precision_v3,0552c7f4701ada91e31e916f992171b9418cb47d283a56e61f311581d66266cb
2015-06-23,0.12871323855448463,isotropic_constructed_macro_nats_full_precision_v3,0552c7f4701ada91e31e916f992171b9418cb47d283a56e61f311581d66266cb
2015-06-25,0.12996964424314872,isotropic_constructed_macro_nats_full_precision_v3,0552c7f4701ada91e31e916f992171b9418cb47d283a56e61f311581d66266cb
2015-06-29,0.13493056370141826,isotropic_constructed_macro_nats_full_precision_v3,0552c7f4701ada91e31e916f992171b9418cb47d283a56e61f311581d66266cb
2015-07-01,0.13678937817255796,isotropic_constructed_macro_nats_full_precision_v3,0552c7f4701ada91e31e916f992171b9418cb47d283a56e61f311581d66266cb
2015-07-06,0.1354063179966784,isotropic_constructed_macro_nats_full_precision_v3,0552c7f4701ada91e31e916f992171b9418cb47d283a56e61f311581d66266cb
2015-07-08,0.13317306485289013,isotropic_constructed_macro_nats_full_precision_v3,0552c7f4701ada91e31e916f992171b9418cb47d283a56e61f311581d66266cb
2015-07-10,0.13376648307867864,isotropic_constructed_macro_nats_full_precision_v3,0552c7f4701ada91e31e916f992171b9418cb47d283a56e61f311581d66266cb
2015-07-14,0.1352736295003787,isotropic_constructed_macro_nats_full_precision_v3,0552c7f4701ada91e31e916f992171b9418cb47d283a56e61f311581d66266cb
2015-07-16,0.1370292174123025,isotropic_constructed_macro_nats_full_precision_v3,0552c7f4701ada91e31e916f992171b9418cb47d283a56e61f311581d66266cb
2015-07-20,0.13578784951803796,isotropic_constructed_macro_nats_full_precision_v3,0552c7f4701ada91e31e916f992171b9418cb47d283a56e61f311581d66266cb
2015-07-22,0.13276881921084488,isotropic_constructed_macro_nats_full_precision_v3,0552c7f4701ada91e31e916f992171b9418cb47d283a56e61f311581d66266cb
2015-07-24,0.14374731294770066,isotropic_constructed_macro_nats_full_precision_v3,0552c7f4701ada91e31e916f992171b9418cb47d283a56e61f311581d66266cb
2015-07-28,0.1325227921220249,isotropic_constructed_macro_nats_full_precision_v3,0552c7f4701ada91e31e916f992171b9418cb47d283a56e61f311581d66266cb
2015-07-30,0.14678596561268237,isotropic_constructed_macro_nats_full_precision_v3,0552c7f4701ada91e31e916f992171b9418cb47d283a56e61f311581d66266cb
2015-08-03,0.09672357255722777,isotropic_constructed_macro_nats_full_precision_v3,0552c7f4701ada91e31e916f992171b9418cb47d283a56e61f311581d66266cb
2015-08-05,0.08583113463488819,isotropic_constructed_macro_nats_full_precision_v3,0552c7f4701ada91e31e916f992171b9418cb47d283a56e61f311581d66266cb
2015-08-07,0.07668800881643824,isotropic_constructed_macro_nats_full_precision_v3,0552c7f4701ada91e31e916f992171b9418cb47d283a56e61f311581d66266cb
2015-08-11,0.07635567365217248,isotropic_constructed_macro_nats_full_precision_v3,0552c7f4701ada91e31e916f992171b9418cb47d283a56e61f311581d66266cb
2015-08-13,0.08059369399806766,isotropic_constructed_macro_nats_full_precision_v3,0552c7f4701ada91e31e916f992171b9418cb47d283a56e61f311581d66266cb
2015-08-17,0.06791079621243169,isotropic_constructed_macro_nats_full_precision_v3,0552c7f4701ada91e31e916f992171b9418cb47d283a56e61f311581d66266cb
2015-08-19,0.07064076666994179,isotropic_constructed_macro_nats_full_precision_v3,0552c7f4701ada91e31e916f992171b9418cb47d283a56e61f311581d66266cb
2015-08-21,0.07225705029215797,isotropic_constructed_macro_nats_full_precision_v3,0552c7f4701ada91e31e916f992171b9418cb47d283a56e61f311581d66266cb
2015-08-25,0.0782103773447826,isotropic_constructed_macro_nats_full_precision_v3,0552c7f4701ada91e31e916f992171b9418cb47d283a56e61f311581d66266cb
2015-08-27,0.07626869644610289,isotropic_constructed_macro_nats_full_precision_v3,0552c7f4701ada91e31e916f992171b9418cb47d283a56e61f311581d66266cb
2015-08-31,0.08188363678348527,isotropic_constructed_macro_nats_full_precision_v3,0552c7f4701ada91e31e916f992171b9418cb47d283a56e61f311581d66266cb
2015-09-02,0.08344031395641852,isotropic_constructed_macro_nats_full_precision_v3,0552c7f4701ada91e31e916f992171b9418cb47d283a56e61f311581d66266cb
2015-09-04,0.0842236539575881,isotropic_constructed_macro_nats_full_precision_v3,0552c7f4701ada91e31e916f992171b9418cb47d283a56e61f311581d66266cb
2015-09-09,0.08299076942212077,isotropic_constructed_macro_nats_full_precision_v3,0552c7f4701ada91e31e916f992171b9418cb47d283a56e61f311581d66266cb
2015-09-11,0.07929828196776184,isotropic_constructed_macro_nats_full_precision_v3,0552c7f4701ada91e31e916f992171b9418cb47d283a56e61f311581d66266cb
2015-09-15,0.07878485875053656,isotropic_constructed_macro_nats_full_precision_v3,0552c7f4701ada91e31e916f992171b9418cb47d283a56e61f311581d66266cb
2015-09-17,0.07560669658196299,isotropic_constructed_macro_nats_full_precision_v3,0552c7f4701ada91e31e916f992171b9418cb47d283a56e61f311581d66266cb
2015-09-21,0.0639995795740897,isotropic_constructed_macro_nats_full_precision_v3,0552c7f4701ada91e31e916f992171b9418cb47d283a56e61f311581d66266cb
2015-09-23,0.07078893914570657,isotropic_constructed_macro_nats_full_precision_v3,0552c7f4701ada91e31e916f992171b9418cb47d283a56e61f311581d66266cb
2015-09-25,0.07261505774926937,isotropic_constructed_macro_nats_full_precision_v3,0552c7f4701ada91e31e916f992171b9418cb47d283a56e61f311581d66266cb
2015-09-29,0.0716096584016261,isotropic_constructed_macro_nats_full_precision_v3,0552c7f4701ada91e31e916f992171b9418cb47d283a56e61f311581d66266cb
2015-10-01,0.06907604199865579,isotropic_constructed_macro_nats_full_precision_v3,0552c7f4701ada91e31e916f992171b9418cb47d283a56e61f311581d66266cb
2015-10-05,0.07158516812031047,isotropic_constructed_macro_nats_full_precision_v3,0552c7f4701ada91e31e916f992171b9418cb47d283a56e61f311581d66266cb
2015-10-07,0.08365480915133763,isotropic_constructed_macro_nats_full_precision_v3,0552c7f4701ada91e31e916f992171b9418cb47d283a56e61f311581d66266cb
2015-10-09,0.08657206535981636,isotropic_constructed_macro_nats_full_precision_v3,0552c7f4701ada91e31e916f992171b9418cb47d283a56e61f311581d66266cb
2015-10-13,0.07415681548594323,isotropic_constructed_macro_nats_full_precision_v3,0552c7f4701ada91e31e916f992171b9418cb47d283a56e61f311581d66266cb
2015-10-15,0.0728002208352803,isotropic_constructed_macro_nats_full_precision_v3,0552c7f4701ada91e31e916f992171b9418cb47d283a56e61f311581d66266cb
2015-10-19,0.07304132110965705,isotropic_constructed_macro_nats_full_precision_v3,0552c7f4701ada91e31e916f992171b9418cb47d283a56e61f311581d66266cb
2015-10-21,0.06912439343542663,isotropic_constructed_macro_nats_full_precision_v3,0552c7f4701ada91e31e916f992171b9418cb47d283a56e61f311581d66266cb
2015-10-23,0.061916544202594126,isotropic_constructed_macro_nats_full_precision_v3,0552c7f4701ada91e31e916f992171b9418cb47d283a56e61f311581d66266cb
2015-10-27,0.0629445420486794,isotropic_constructed_macro_nats_full_precision_v3,0552c7f4701ada91e31e916f992171b9418cb47d283a56e61f311581d66266cb
2015-10-29,0.0617603351948309,isotropic_constructed_macro_nats_full_precision_v3,0552c7f4701ada91e31e916f992171b9418cb47d283a56e61f311581d66266cb
2015-11-02,0.06569596352766473,isotropic_constructed_macro_nats_full_precision_v3,0552c7f4701ada91e31e916f992171b9418cb47d283a56e61f311581d66266cb
2015-11-04,0.06767057456075447,isotropic_constructed_macro_nats_full_precision_v3,0552c7f4701ada91e31e916f992171b9418cb47d283a56e61f311581d66266cb
2015-11-06,0.06798957397251335,isotropic_constructed_macro_nats_full_precision_v3,0552c7f4701ada91e31e916f992171b9418cb47d283a56e61f311581d66266cb
2015-11-10,0.06807413699817082,isotropic_constructed_macro_nats_full_precision_v3,0552c7f4701ada91e31e916f992171b9418cb47d283a56e61f311581d66266cb
2015-11-12,0.06748924967906239,isotropic_constructed_macro_nats_full_precision_v3,0552c7f4701ada91e31e916f992171b9418cb47d283a56e61f311581d66266cb
2015-11-16,0.06475061631591075,isotropic_constructed_macro_nats_full_precision_v3,0552c7f4701ada91e31e916f992171b9418cb47d283a56e61f311581d66266cb
2015-11-18,0.06191521978974315,isotropic_constructed_macro_nats_full_precision_v3,0552c7f4701ada91e31e916f992171b9418cb47d283a56e61f311581d66266cb
2015-11-20,0.05789075366554618,isotropic_constructed_macro_nats_full_precision_v3,0552c7f4701ada91e31e916f992171b9418cb47d283a56e61f311581d66266cb
2015-11-24,0.056645882667785,isotropic_constructed_macro_nats_full_precision_v3,0552c7f4701ada91e31e916f992171b9418cb47d283a56e61f311581d66266cb
2015-11-27,0.05492686900534027,isotropic_constructed_macro_nats_full_precision_v3,0552c7f4701ada91e31e916f992171b9418cb47d283a56e61f311581d66266cb
2015-12-01,0.056800969467333096,isotropic_constructed_macro_nats_full_precision_v3,0552c7f4701ada91e31e916f992171b9418cb47d283a56e61f311581d66266cb
2015-12-03,0.057947234279621326,isotropic_constructed_macro_nats_full_precision_v3,0552c7f4701ada91e31e916f992171b9418cb47d283a56e61f311581d66266cb
2015-12-07,0.06393438474319613,isotropic_constructed_macro_nats_full_precision_v3,0552c7f4701ada91e31e916f992171b9418cb47d283a56e61f311581d66266cb
2015-12-09,0.06594562980684895,isotropic_constructed_macro_nats_full_precision_v3,0552c7f4701ada91e31e916f992171b9418cb47d283a56e61f311581d66266cb
2015-12-11,0.05730736140629063,isotropic_constructed_macro_nats_full_precision_v3,0552c7f4701ada91e31e916f992171b9418cb47d283a56e61f311581d66266cb
2015-12-15,0.05341679398621127,isotropic_constructed_macro_nats_full_precision_v3,0552c7f4701ada91e31e916f992171b9418cb47d283a56e61f311581d66266cb
2015-12-17,0.05642212522381822,isotropic_constructed_macro_nats_full_precision_v3,0552c7f4701ada91e31e916f992171b9418cb47d283a56e61f311581d66266cb
2015-12-21,0.0558581417507817,isotropic_constructed_macro_nats_full_precision_v3,0552c7f4701ada91e31e916f992171b9418cb47d283a56e61f311581d66266cb
2015-12-23,0.056421654529782594,isotropic_constructed_macro_nats_full_precision_v3,0552c7f4701ada91e31e916f992171b9418cb47d283a56e61f311581d66266cb
2015-12-28,0.05938197989005704,isotropic_constructed_macro_nats_full_precision_v3,0552c7f4701ada91e31e916f992171b9418cb47d283a56e61f311581d66266cb
2015-12-30,0.05333569153532096,isotropic_constructed_macro_nats_full_precision_v3,0552c7f4701ada91e31e916f992171b9418cb47d283a56e61f311581d66266cb
2016-01-04,0.056356560324752475,isotropic_constructed_macro_nats_full_precision_v3,0552c7f4701ada91e31e916f992171b9418cb47d283a56e61f311581d66266cb
2016-01-06,0.05682633944354229,isotropic_constructed_macro_nats_full_precision_v3,0552c7f4701ada91e31e916f992171b9418cb47d283a56e61f311581d66266cb
2016-01-08,0.06583843816600563,isotropic_constructed_macro_nats_full_precision_v3,0552c7f4701ada91e31e916f992171b9418cb47d283a56e61f311581d66266cb
2016-01-12,0.07154550962693661,isotropic_constructed_macro_nats_full_precision_v3,0552c7f4701ada91e31e916f992171b9418cb47d283a56e61f311581d66266cb
2016-01-14,0.06765489375731826,isotropic_constructed_macro_nats_full_precision_v3,0552c7f4701ada91e31e916f992171b9418cb47d283a56e61f311581d66266cb
2016-01-19,0.06586443345176125,isotropic_constructed_macro_nats_full_precision_v3,0552c7f4701ada91e31e916f992171b9418cb47d283a56e61f311581d66266cb
2016-01-21,0.07948311229659617,isotropic_constructed_macro_nats_full_precision_v3,0552c7f4701ada91e31e916f992171b9418cb47d283a56e61f311581d66266cb
2016-01-25,0.08611381299548881,isotropic_constructed_macro_nats_full_precision_v3,0552c7f4701ada91e31e916f992171b9418cb47d283a56e61f311581d66266cb
2016-01-27,0.08331841765759702,isotropic_constructed_macro_nats_full_precision_v3,0552c7f4701ada91e31e916f992171b9418cb47d283a56e61f311581d66266cb
2016-01-29,0.08552666419746775,isotropic_constructed_macro_nats_full_precision_v3,0552c7f4701ada91e31e916f992171b9418cb47d283a56e61f311581d66266cb
2016-02-02,0.09594515955470051,isotropic_constructed_macro_nats_full_precision_v3,0552c7f4701ada91e31e916f992171b9418cb47d283a56e61f311581d66266cb
2016-02-04,0.09332904830565412,isotropic_constructed_macro_nats_full_precision_v3,0552c7f4701ada91e31e916f992171b9418cb47d283a56e61f311581d66266cb
2016-02-08,0.09124221355811409,isotropic_constructed_macro_nats_full_precision_v3,0552c7f4701ada91e31e916f992171b9418cb47d283a56e61f311581d66266cb
2016-02-10,0.08786694075898988,isotropic_constructed_macro_nats_full_precision_v3,0552c7f4701ada91e31e916f992171b9418cb47d283a56e61f311581d66266cb
2016-02-12,0.08394271340167661,isotropic_constructed_macro_nats_full_precision_v3,0552c7f4701ada91e31e916f992171b9418cb47d283a56e61f311581d66266cb
2016-02-17,0.08796078803248737,isotropic_constructed_macro_nats_full_precision_v3,0552c7f4701ada91e31e916f992171b9418cb47d283a56e61f311581d66266cb
2016-02-19,0.0874419861359231,isotropic_constructed_macro_nats_full_precision_v3,0552c7f4701ada91e31e916f992171b9418cb47d283a56e61f311581d66266cb
2016-02-23,0.08934997983520128,isotropic_constructed_macro_nats_full_precision_v3,0552c7f4701ada91e31e916f992171b9418cb47d283a56e61f311581d66266cb
2016-02-25,0.08773895651769739,isotropic_constructed_macro_nats_full_precision_v3,0552c7f4701ada91e31e916f992171b9418cb47d283a56e61f311581d66266cb
2016-02-29,0.0859911913304735,isotropic_constructed_macro_nats_full_precision_v3,0552c7f4701ada91e31e916f992171b9418cb47d283a56e61f311581d66266cb
2016-03-02,0.08586940863083967,isotropic_constructed_macro_nats_full_precision_v3,0552c7f4701ada91e31e916f992171b9418cb47d283a56e61f311581d66266cb
2016-03-04,0.07918300473643071,isotropic_constructed_macro_nats_full_precision_v3,0552c7f4701ada91e31e916f992171b9418cb47d283a56e61f311581d66266cb
2016-03-08,0.0814738877863802,isotropic_constructed_macro_nats_full_precision_v3,0552c7f4701ada91e31e916f992171b9418cb47d283a56e61f311581d66266cb
2016-03-10,0.08156166157123555,isotropic_constructed_macro_nats_full_precision_v3,0552c7f4701ada91e31e916f992171b9418cb47d283a56e61f311581d66266cb
2016-03-14,0.08291546024995863,isotropic_constructed_macro_nats_full_precision_v3,0552c7f4701ada91e31e916f992171b9418cb47d283a56e61f311581d66266cb
2016-03-16,0.08259539882790393,isotropic_constructed_macro_nats_full_precision_v3,0552c7f4701ada91e31e916f992171b9418cb47d283a56e61f311581d66266cb
2016-03-18,0.08464760950014871,isotropic_constructed_macro_nats_full_precision_v3,0552c7f4701ada91e31e916f992171b9418cb47d283a56e61f311581d66266cb
2016-03-22,0.08438694764895065,isotropic_constructed_macro_nats_full_precision_v3,0552c7f4701ada91e31e916f992171b9418cb47d283a56e61f311581d66266cb
2016-03-24,0.08749046792582527,isotropic_constructed_macro_nats_full_precision_v3,0552c7f4701ada91e31e916f992171b9418cb47d283a56e61f311581d66266cb
2016-03-29,0.08343901450385154,isotropic_constructed_macro_nats_full_precision_v3,0552c7f4701ada91e31e916f992171b9418cb47d283a56e61f311581d66266cb
2016-03-31,0.08225468665180195,isotropic_constructed_macro_nats_full_precision_v3,0552c7f4701ada91e31e916f992171b9418cb47d283a56e61f311581d66266cb
2016-04-04,0.08608262588394097,isotropic_constructed_macro_nats_full_precision_v3,0552c7f4701ada91e31e916f992171b9418cb47d283a56e61f311581d66266cb
2016-04-06,0.08720538698873428,isotropic_constructed_macro_nats_full_precision_v3,0552c7f4701ada91e31e916f992171b9418cb47d283a56e61f311581d66266cb
2016-04-08,0.08449022160481784,isotropic_constructed_macro_nats_full_precision_v3,0552c7f4701ada91e31e916f992171b9418cb47d283a56e61f311581d66266cb
2016-04-12,0.08022753657555466,isotropic_constructed_macro_nats_full_precision_v3,0552c7f4701ada91e31e916f992171b9418cb47d283a56e61f311581d66266cb
2016-04-14,0.08090233151799377,isotropic_constructed_macro_nats_full_precision_v3,0552c7f4701ada91e31e916f992171b9418cb47d283a56e61f311581d66266cb
2016-04-18,0.07141245141334782,isotropic_constructed_macro_nats_full_precision_v3,0552c7f4701ada91e31e916f992171b9418cb47d283a56e61f311581d66266cb
2016-04-20,0.07312997862383087,isotropic_constructed_macro_nats_full_precision_v3,0552c7f4701ada91e31e916f992171b9418cb47d283a56e61f311581d66266cb
2016-04-22,0.08795392879153201,isotropic_constructed_macro_nats_full_precision_v3,0552c7f4701ada91e31e916f992171b9418cb47d283a56e61f311581d66266cb
2016-04-26,0.08021551862387012,isotropic_constructed_macro_nats_full_precision_v3,0552c7f4701ada91e31e916f992171b9418cb47d283a56e61f311581d66266cb
2016-04-28,0.07625419410387106,isotropic_constructed_macro_nats_full_precision_v3,0552c7f4701ada91e31e916f992171b9418cb47d283a56e61f311581d66266cb
2016-05-02,0.07446743445138934,isotropic_constructed_macro_nats_full_precision_v3,0552c7f4701ada91e31e916f992171b9418cb47d283a56e61f311581d66266cb
2016-05-04,0.07470197347516638,isotropic_constructed_macro_nats_full_precision_v3,0552c7f4701ada91e31e916f992171b9418cb47d283a56e61f311581d66266cb
2016-05-06,0.07497771161146716,isotropic_constructed_macro_nats_full_precision_v3,0552c7f4701ada91e31e916f992171b9418cb47d283a56e61f311581d66266cb
2016-05-10,0.07755277622084596,isotropic_constructed_macro_nats_full_precision_v3,0552c7f4701ada91e31e916f992171b9418cb47d283a56e61f311581d66266cb
2016-05-12,0.07898615170232587,isotropic_constructed_macro_nats_full_precision_v3,0552c7f4701ada91e31e916f992171b9418cb47d283a56e61f311581d66266cb
2016-05-16,0.07999970457126189,isotropic_constructed_macro_nats_full_precision_v3,0552c7f4701ada91e31e916f992171b9418cb47d283a56e61f311581d66266cb
2016-05-18,0.0787299093153198,isotropic_constructed_macro_nats_full_precision_v3,0552c7f4701ada91e31e916f992171b9418cb47d283a56e61f311581d66266cb
2016-05-20,0.07421966150108214,isotropic_constructed_macro_nats_full_precision_v3,0552c7f4701ada91e31e916f992171b9418cb47d283a56e61f311581d66266cb
2016-05-24,0.07253163835181908,isotropic_constructed_macro_nats_full_precision_v3,0552c7f4701ada91e31e916f992171b9418cb47d283a56e61f311581d66266cb
2016-05-26,0.07313784249613905,isotropic_constructed_macro_nats_full_precision_v3,0552c7f4701ada91e31e916f992171b9418cb47d283a56e61f311581d66266cb
2016-05-31,0.07372314813045039,isotropic_constructed_macro_nats_full_precision_v3,0552c7f4701ada91e31e916f992171b9418cb47d283a56e61f311581d66266cb
2016-06-02,0.07656988845293995,isotropic_constructed_macro_nats_full_precision_v3,0552c7f4701ada91e31e916f992171b9418cb47d283a56e61f311581d66266cb
2016-06-06,0.07566048417427637,isotropic_constructed_macro_nats_full_precision_v3,0552c7f4701ada91e31e916f992171b9418cb47d283a56e61f311581d66266cb
2016-06-08,0.07454440859101652,isotropic_constructed_macro_nats_full_precision_v3,0552c7f4701ada91e31e916f992171b9418cb47d283a56e61f311581d66266cb
2016-06-10,0.07504536265995998,isotropic_constructed_macro_nats_full_precision_v3,0552c7f4701ada91e31e916f992171b9418cb47d283a56e61f311581d66266cb
2016-06-14,0.07539425359012053,isotropic_constructed_macro_nats_full_precision_v3,0552c7f4701ada91e31e916f992171b9418cb47d283a56e61f311581d66266cb
2016-06-16,0.07171931057815221,isotropic_constructed_macro_nats_full_precision_v3,0552c7f4701ada91e31e916f992171b9418cb47d283a56e61f311581d66266cb
2016-06-20,0.07207244092961644,isotropic_constructed_macro_nats_full_precision_v3,0552c7f4701ada91e31e916f992171b9418cb47d283a56e61f311581d66266cb
2016-06-22,0.07003177875987822,isotropic_constructed_macro_nats_full_precision_v3,0552c7f4701ada91e31e916f992171b9418cb47d283a56e61f311581d66266cb
2016-06-24,0.07081794498344086,isotropic_constructed_macro_nats_full_precision_v3,0552c7f4701ada91e31e916f992171b9418cb47d283a56e61f311581d66266cb
2016-06-28,0.07561976949600827,isotropic_constructed_macro_nats_full_precision_v3,0552c7f4701ada91e31e916f992171b9418cb47d283a56e61f311581d66266cb
2016-06-30,0.0798347199011158,isotropic_constructed_macro_nats_full_precision_v3,0552c7f4701ada91e31e916f992171b9418cb47d283a56e61f311581d66266cb
2016-07-05,0.08085521946938391,isotropic_constructed_macro_nats_full_precision_v3,0552c7f4701ada91e31e916f992171b9418cb47d283a56e61f311581d66266cb
2016-07-07,0.08203127481560374,isotropic_constructed_macro_nats_full_precision_v3,0552c7f4701ada91e31e916f992171b9418cb47d283a56e61f311581d66266cb
2016-07-11,0.07959346881264912,isotropic_constructed_macro_nats_full_precision_v3,0552c7f4701ada91e31e916f992171b9418cb47d283a56e61f311581d66266cb
2016-07-13,0.08019098603418158,isotropic_constructed_macro_nats_full_precision_v3,0552c7f4701ada91e31e916f992171b9418cb47d283a56e61f311581d66266cb
2016-07-15,0.08394890261152715,isotropic_constructed_macro_nats_full_precision_v3,0552c7f4701ada91e31e916f992171b9418cb47d283a56e61f311581d66266cb
2016-07-19,0.0836625201930244,isotropic_constructed_macro_nats_full_precision_v3,0552c7f4701ada91e31e916f992171b9418cb47d283a56e61f311581d66266cb
2016-07-21,0.07936351802861985,isotropic_constructed_macro_nats_full_precision_v3,0552c7f4701ada91e31e916f992171b9418cb47d283a56e61f311581d66266cb
2016-07-25,0.07493306550340015,isotropic_constructed_macro_nats_full_precision_v3,0552c7f4701ada91e31e916f992171b9418cb47d283a56e61f311581d66266cb
2016-07-27,0.07585708376267834,isotropic_constructed_macro_nats_full_precision_v3,0552c7f4701ada91e31e916f992171b9418cb47d283a56e61f311581d66266cb
2016-07-29,0.07468803726290953,isotropic_constructed_macro_nats_full_precision_v3,0552c7f4701ada91e31e916f992171b9418cb47d283a56e61f311581d66266cb
2016-08-02,0.0753972550105764,isotropic_constructed_macro_nats_full_precision_v3,0552c7f4701ada91e31e916f992171b9418cb47d283a56e61f311581d66266cb
2016-08-04,0.07820050846867115,isotropic_constructed_macro_nats_full_precision_v3,0552c7f4701ada91e31e916f992171b9418cb47d283a56e61f311581d66266cb
2016-08-08,0.07648984900055152,isotropic_constructed_macro_nats_full_precision_v3,0552c7f4701ada91e31e916f992171b9418cb47d283a56e61f311581d66266cb
2016-08-10,0.07376382100245932,isotropic_constructed_macro_nats_full_precision_v3,0552c7f4701ada91e31e916f992171b9418cb47d283a56e61f311581d66266cb
2016-08-12,0.07602152289114343,isotropic_constructed_macro_nats_full_precision_v3,0552c7f4701ada91e31e916f992171b9418cb47d283a56e61f311581d66266cb
2016-08-16,0.07695047688944268,isotropic_constructed_macro_nats_full_precision_v3,0552c7f4701ada91e31e916f992171b9418cb47d283a56e61f311581d66266cb
2016-08-18,0.07682003636918017,isotropic_constructed_macro_nats_full_precision_v3,0552c7f4701ada91e31e916f992171b9418cb47d283a56e61f311581d66266cb
2016-08-22,0.07304461470222284,isotropic_constructed_macro_nats_full_precision_v3,0552c7f4701ada91e31e916f992171b9418cb47d283a56e61f311581d66266cb
2016-08-24,0.07213898566966523,isotropic_constructed_macro_nats_full_precision_v3,0552c7f4701ada91e31e916f992171b9418cb47d283a56e61f311581d66266cb
2016-08-26,0.07403738385445896,isotropic_constructed_macro_nats_full_precision_v3,0552c7f4701ada91e31e916f992171b9418cb47d283a56e61f311581d66266cb
2016-08-30,0.07206539678399426,isotropic_constructed_macro_nats_full_precision_v3,0552c7f4701ada91e31e916f992171b9418cb47d283a56e61f311581d66266cb
2016-09-01,0.07531009757420429,isotropic_constructed_macro_nats_full_precision_v3,0552c7f4701ada91e31e916f992171b9418cb47d283a56e61f311581d66266cb
2016-09-06,0.0702023443366194,isotropic_constructed_macro_nats_full_precision_v3,0552c7f4701ada91e31e916f992171b9418cb47d283a56e61f311581d66266cb
2016-09-08,0.07153041609802564,isotropic_constructed_macro_nats_full_precision_v3,0552c7f4701ada91e31e916f992171b9418cb47d283a56e61f311581d66266cb
2016-09-12,0.07387318007764042,isotropic_constructed_macro_nats_full_precision_v3,0552c7f4701ada91e31e916f992171b9418cb47d283a56e61f311581d66266cb
2016-09-14,0.0753431132529314,isotropic_constructed_macro_nats_full_precision_v3,0552c7f4701ada91e31e916f992171b9418cb47d283a56e61f311581d66266cb
2016-09-16,0.07662904148433038,isotropic_constructed_macro_nats_full_precision_v3,0552c7f4701ada91e31e916f992171b9418cb47d283a56e61f311581d66266cb
2016-09-20,0.07584121175036333,isotropic_constructed_macro_nats_full_precision_v3,0552c7f4701ada91e31e916f992171b9418cb47d283a56e61f311581d66266cb
2016-09-22,0.07477378482692612,isotropic_constructed_macro_nats_full_precision_v3,0552c7f4701ada91e31e916f992171b9418cb47d283a56e61f311581d66266cb
2016-09-26,0.08284582060625047,isotropic_constructed_macro_nats_full_precision_v3,0552c7f4701ada91e31e916f992171b9418cb47d283a56e61f311581d66266cb
2016-09-28,0.08539021897063381,isotropic_constructed_macro_nats_full_precision_v3,0552c7f4701ada91e31e916f992171b9418cb47d283a56e61f311581d66266cb
2016-09-30,0.08674504477805527,isotropic_constructed_macro_nats_full_precision_v3,0552c7f4701ada91e31e916f992171b9418cb47d283a56e61f311581d66266cb
2016-10-04,0.08253361991973135,isotropic_constructed_macro_nats_full_precision_v3,0552c7f4701ada91e31e916f992171b9418cb47d283a56e61f311581d66266cb
2016-10-06,0.08253013156949975,isotropic_constructed_macro_nats_full_precision_v3,0552c7f4701ada91e31e916f992171b9418cb47d283a56e61f311581d66266cb
2016-10-10,0.0818257908174201,isotropic_constructed_macro_nats_full_precision_v3,0552c7f4701ada91e31e916f992171b9418cb47d283a56e61f311581d66266cb
2016-10-12,0.08606405397598073,isotropic_constructed_macro_nats_full_precision_v3,0552c7f4701ada91e31e916f992171b9418cb47d283a56e61f311581d66266cb
2016-10-14,0.08633617088598827,isotropic_constructed_macro_nats_full_precision_v3,0552c7f4701ada91e31e916f992171b9418cb47d283a56e61f311581d66266cb
2016-10-18,0.09319071684169172,isotropic_constructed_macro_nats_full_precision_v3,0552c7f4701ada91e31e916f992171b9418cb47d283a56e61f311581d66266cb
2016-10-20,0.09934872349742048,isotropic_constructed_macro_nats_full_precision_v3,0552c7f4701ada91e31e916f992171b9418cb47d283a56e61f311581d66266cb
2016-10-24,0.0983381371598954,isotropic_constructed_macro_nats_full_precision_v3,0552c7f4701ada91e31e916f992171b9418cb47d283a56e61f311581d66266cb
2016-10-26,0.08727922615349992,isotropic_constructed_macro_nats_full_precision_v3,0552c7f4701ada91e31e916f992171b9418cb47d283a56e61f311581d66266cb
2016-10-28,0.08588060488385013,isotropic_constructed_macro_nats_full_precision_v3,0552c7f4701ada91e31e916f992171b9418cb47d283a56e61f311581d66266cb
2016-11-01,0.07736044805173682,isotropic_constructed_macro_nats_full_precision_v3,0552c7f4701ada91e31e916f992171b9418cb47d283a56e61f311581d66266cb
2016-11-03,0.07810271272527114,isotropic_constructed_macro_nats_full_precision_v3,0552c7f4701ada91e31e916f992171b9418cb47d283a56e61f311581d66266cb
2016-11-07,0.09344334774895131,isotropic_constructed_macro_nats_full_precision_v3,0552c7f4701ada91e31e916f992171b9418cb47d283a56e61f311581d66266cb
2016-11-09,0.09453896831868652,isotropic_constructed_macro_nats_full_precision_v3,0552c7f4701ada91e31e916f992171b9418cb47d283a56e61f311581d66266cb
2016-11-11,0.09049251555572617,isotropic_constructed_macro_nats_full_precision_v3,0552c7f4701ada91e31e916f992171b9418cb47d283a56e61f311581d66266cb
2016-11-15,0.09183178711449838,isotropic_constructed_macro_nats_full_precision_v3,0552c7f4701ada91e31e916f992171b9418cb47d283a56e61f311581d66266cb
2016-11-17,0.08668224798514684,isotropic_constructed_macro_nats_full_precision_v3,0552c7f4701ada91e31e916f992171b9418cb47d283a56e61f311581d66266cb
2016-11-21,0.08338676037019017,isotropic_constructed_macro_nats_full_precision_v3,0552c7f4701ada91e31e916f992171b9418cb47d283a56e61f311581d66266cb
2016-11-23,0.08642802665310564,isotropic_constructed_macro_nats_full_precision_v3,0552c7f4701ada91e31e916f992171b9418cb47d283a56e61f311581d66266cb
2016-11-28,0.08577314632392069,isotropic_constructed_macro_nats_full_precision_v3,0552c7f4701ada91e31e916f992171b9418cb47d283a56e61f311581d66266cb
2016-11-30,0.091202822605169,isotropic_constructed_macro_nats_full_precision_v3,0552c7f4701ada91e31e916f992171b9418cb47d283a56e61f311581d66266cb
2016-12-02,0.07304792831101074,isotropic_constructed_macro_nats_full_precision_v3,0552c7f4701ada91e31e916f992171b9418cb47d283a56e61f311581d66266cb
2016-12-06,0.06749717227056837,isotropic_constructed_macro_nats_full_precision_v3,0552c7f4701ada91e31e916f992171b9418cb47d283a56e61f311581d66266cb
2016-12-08,0.07027885302300022,isotropic_constructed_macro_nats_full_precision_v3,0552c7f4701ada91e31e916f992171b9418cb47d283a56e61f311581d66266cb
2016-12-12,0.0669227777793017,isotropic_constructed_macro_nats_full_precision_v3,0552c7f4701ada91e31e916f992171b9418cb47d283a56e61f311581d66266cb
2016-12-14,0.06751364973176657,isotropic_constructed_macro_nats_full_precision_v3,0552c7f4701ada91e31e916f992171b9418cb47d283a56e61f311581d66266cb
2016-12-16,0.06540240292244116,isotropic_constructed_macro_nats_full_precision_v3,0552c7f4701ada91e31e916f992171b9418cb47d283a56e61f311581d66266cb
2016-12-20,0.07426061336793843,isotropic_constructed_macro_nats_full_precision_v3,0552c7f4701ada91e31e916f992171b9418cb47d283a56e61f311581d66266cb
2016-12-22,0.07427257632696745,isotropic_constructed_macro_nats_full_precision_v3,0552c7f4701ada91e31e916f992171b9418cb47d283a56e61f311581d66266cb
2016-12-27,0.07437022108020676,isotropic_constructed_macro_nats_full_precision_v3,0552c7f4701ada91e31e916f992171b9418cb47d283a56e61f311581d66266cb
2016-12-29,0.07172336354119911,isotropic_constructed_macro_nats_full_precision_v3,0552c7f4701ada91e31e916f992171b9418cb47d283a56e61f311581d66266cb
2017-01-03,0.07064462580018714,isotropic_constructed_macro_nats_full_precision_v3,0552c7f4701ada91e31e916f992171b9418cb47d283a56e61f311581d66266cb
2017-01-05,0.06506678880633542,isotropic_constructed_macro_nats_full_precision_v3,0552c7f4701ada91e31e916f992171b9418cb47d283a56e61f311581d66266cb
2017-01-09,0.061201986947860124,isotropic_constructed_macro_nats_full_precision_v3,0552c7f4701ada91e31e916f992171b9418cb47d283a56e61f311581d66266cb
2017-01-11,0.068801665761974,isotropic_constructed_macro_nats_full_precision_v3,0552c7f4701ada91e31e916f992171b9418cb47d283a56e61f311581d66266cb
2017-01-13,0.07047805396853614,isotropic_constructed_macro_nats_full_precision_v3,0552c7f4701ada91e31e916f992171b9418cb47d283a56e61f311581d66266cb
2017-01-18,0.06299033025663346,isotropic_constructed_macro_nats_full_precision_v3,0552c7f4701ada91e31e916f992171b9418cb47d283a56e61f311581d66266cb
2017-01-20,0.05670874555742529,isotropic_constructed_macro_nats_full_precision_v3,0552c7f4701ada91e31e916f992171b9418cb47d283a56e61f311581d66266cb
2017-01-24,0.053773567412015846,isotropic_constructed_macro_nats_full_precision_v3,0552c7f4701ada91e31e916f992171b9418cb47d283a56e61f311581d66266cb
2017-01-26,0.05216893933814509,isotropic_constructed_macro_nats_full_precision_v3,0552c7f4701ada91e31e916f992171b9418cb47d283a56e61f311581d66266cb
2017-01-30,0.061853050787555944,isotropic_constructed_macro_nats_full_precision_v3,0552c7f4701ada91e31e916f992171b9418cb47d283a56e61f311581d66266cb
2017-02-01,0.062300246906387885,isotropic_constructed_macro_nats_full_precision_v3,0552c7f4701ada91e31e916f992171b9418cb47d283a56e61f311581d66266cb
2017-02-03,0.047326272699455524,isotropic_constructed_macro_nats_full_precision_v3,0552c7f4701ada91e31e916f992171b9418cb47d283a56e61f311581d66266cb
2017-02-07,0.04729213976076553,isotropic_constructed_macro_nats_full_precision_v3,0552c7f4701ada91e31e916f992171b9418cb47d283a56e61f311581d66266cb
2017-02-09,0.0453813896397115,isotropic_constructed_macro_nats_full_precision_v3,0552c7f4701ada91e31e916f992171b9418cb47d283a56e61f311581d66266cb
2017-02-13,0.045848905093014966,isotropic_constructed_macro_nats_full_precision_v3,0552c7f4701ada91e31e916f992171b9418cb47d283a56e61f311581d66266cb
2017-02-15,0.05203200871035797,isotropic_constructed_macro_nats_full_precision_v3,0552c7f4701ada91e31e916f992171b9418cb47d283a56e61f311581d66266cb
2017-02-17,0.058126441525215955,isotropic_constructed_macro_nats_full_precision_v3,0552c7f4701ada91e31e916f992171b9418cb47d283a56e61f311581d66266cb
2017-02-22,0.056852092574399646,isotropic_constructed_macro_nats_full_precision_v3,0552c7f4701ada91e31e916f992171b9418cb47d283a56e61f311581d66266cb
2017-02-24,0.06898638722046015,isotropic_constructed_macro_nats_full_precision_v3,0552c7f4701ada91e31e916f992171b9418cb47d283a56e61f311581d66266cb
2017-02-28,0.0702628216605941,isotropic_constructed_macro_nats_full_precision_v3,0552c7f4701ada91e31e916f992171b9418cb47d283a56e61f311581d66266cb
2017-03-02,0.06843594960438916,isotropic_constructed_macro_nats_full_precision_v3,0552c7f4701ada91e31e916f992171b9418cb47d283a56e61f311581d66266cb
2017-03-06,0.07446463762794053,isotropic_constructed_macro_nats_full_precision_v3,0552c7f4701ada91e31e916f992171b9418cb47d283a56e61f311581d66266cb
2017-03-08,0.07285489418580789,isotropic_constructed_macro_nats_full_precision_v3,0552c7f4701ada91e31e916f992171b9418cb47d283a56e61f311581d66266cb
2017-03-10,0.07595649209121155,isotropic_constructed_macro_nats_full_precision_v3,0552c7f4701ada91e31e916f992171b9418cb47d283a56e61f311581d66266cb
2017-03-14,0.07468326772388997,isotropic_constructed_macro_nats_full_precision_v3,0552c7f4701ada91e31e916f992171b9418cb47d283a56e61f311581d66266cb
2017-03-16,0.0764091883319067,isotropic_constructed_macro_nats_full_precision_v3,0552c7f4701ada91e31e916f992171b9418cb47d283a56e61f311581d66266cb
2017-03-20,0.07817893083308937,isotropic_constructed_macro_nats_full_precision_v3,0552c7f4701ada91e31e916f992171b9418cb47d283a56e61f311581d66266cb
2017-03-22,0.07792029255020735,isotropic_constructed_macro_nats_full_precision_v3,0552c7f4701ada91e31e916f992171b9418cb47d283a56e61f311581d66266cb
2017-03-24,0.07732232937698237,isotropic_constructed_macro_nats_full_precision_v3,0552c7f4701ada91e31e916f992171b9418cb47d283a56e61f311581d66266cb
2017-03-28,0.07833396141380149,isotropic_constructed_macro_nats_full_precision_v3,0552c7f4701ada91e31e916f992171b9418cb47d283a56e61f311581d66266cb
2017-03-30,0.08181860226455615,isotropic_constructed_macro_nats_full_precision_v3,0552c7f4701ada91e31e916f992171b9418cb47d283a56e61f311581d66266cb
2017-04-03,0.08024854346302775,isotropic_constructed_macro_nats_full_precision_v3,0552c7f4701ada91e31e916f992171b9418cb47d283a56e61f311581d66266cb
2017-04-05,0.07900512825794923,isotropic_constructed_macro_nats_full_precision_v3,0552c7f4701ada91e31e916f992171b9418cb47d283a56e61f311581d66266cb
2017-04-07,0.0824233868115907,isotropic_constructed_macro_nats_full_precision_v3,0552c7f4701ada91e31e916f992171b9418cb47d283a56e61f311581d66266cb
2017-04-11,0.08541351532327267,isotropic_constructed_macro_nats_full_precision_v3,0552c7f4701ada91e31e916f992171b9418cb47d283a56e61f311581d66266cb
2017-04-13,0.09461929546342891,isotropic_constructed_macro_nats_full_precision_v3,0552c7f4701ada91e31e916f992171b9418cb47d283a56e61f311581d66266cb
2017-04-18,0.09495937673900053,isotropic_constructed_macro_nats_full_precision_v3,0552c7f4701ada91e31e916f992171b9418cb47d283a56e61f311581d66266cb
2017-04-20,0.09499713793991506,isotropic_constructed_macro_nats_full_precision_v3,0552c7f4701ada91e31e916f992171b9418cb47d283a56e61f311581d66266cb
2017-04-24,0.0896438766344082,isotropic_constructed_macro_nats_full_precision_v3,0552c7f4701ada91e31e916f992171b9418cb47d283a56e61f311581d66266cb
2017-04-26,0.08726072134220703,isotropic_constructed_macro_nats_full_precision_v3,0552c7f4701ada91e31e916f992171b9418cb47d283a56e61f311581d66266cb
2017-04-28,0.0905275473722611,isotropic_constructed_macro_nats_full_precision_v3,0552c7f4701ada91e31e916f992171b9418cb47d283a56e61f311581d66266cb
2017-05-02,0.09242038387159533,isotropic_constructed_macro_nats_full_precision_v3,0552c7f4701ada91e31e916f992171b9418cb47d283a56e61f311581d66266cb
2017-05-04,0.094793292876228,isotropic_constructed_macro_nats_full_precision_v3,0552c7f4701ada91e31e916f992171b9418cb47d283a56e61f311581d66266cb
2017-05-08,0.0979048040718526,isotropic_constructed_macro_nats_full_precision_v3,0552c7f4701ada91e31e916f992171b9418cb47d283a56e61f311581d66266cb
2017-05-10,0.09453946477547923,isotropic_constructed_macro_nats_full_precision_v3,0552c7f4701ada91e31e916f992171b9418cb47d283a56e61f311581d66266cb
2017-05-12,0.0967889008225822,isotropic_constructed_macro_nats_full_precision_v3,0552c7f4701ada91e31e916f992171b9418cb47d283a56e61f311581d66266cb
2017-05-16,0.09552894889724754,isotropic_constructed_macro_nats_full_precision_v3,0552c7f4701ada91e31e916f992171b9418cb47d283a56e61f311581d66266cb
2017-05-18,0.08990156581425056,isotropic_constructed_macro_nats_full_precision_v3,0552c7f4701ada91e31e916f992171b9418cb47d283a56e61f311581d66266cb
2017-05-22,0.08810329181909846,isotropic_constructed_macro_nats_full_precision_v3,0552c7f4701ada91e31e916f992171b9418cb47d283a56e61f311581d66266cb
2017-05-24,0.09001921625419479,isotropic_constructed_macro_nats_full_precision_v3,0552c7f4701ada91e31e916f992171b9418cb47d283a56e61f311581d66266cb
2017-05-26,0.08921487982539175,isotropic_constructed_macro_nats_full_precision_v3,0552c7f4701ada91e31e916f992171b9418cb47d283a56e61f311581d66266cb
2017-05-31,0.08802846121024578,isotropic_constructed_macro_nats_full_precision_v3,0552c7f4701ada91e31e916f992171b9418cb47d283a56e61f311581d66266cb
2017-06-02,0.08240467638381499,isotropic_constructed_macro_nats_full_precision_v3,0552c7f4701ada91e31e916f992171b9418cb47d283a56e61f311581d66266cb
2017-06-06,0.0808320428131631,isotropic_constructed_macro_nats_full_precision_v3,0552c7f4701ada91e31e916f992171b9418cb47d283a56e61f311581d66266cb
2017-06-08,0.08527921183039122,isotropic_constructed_macro_nats_full_precision_v3,0552c7f4701ada91e31e916f992171b9418cb47d283a56e61f311581d66266cb
2017-06-12,0.08516462747090478,isotropic_constructed_macro_nats_full_precision_v3,0552c7f4701ada91e31e916f992171b9418cb47d283a56e61f311581d66266cb
2017-06-14,0.08845759816703531,isotropic_constructed_macro_nats_full_precision_v3,0552c7f4701ada91e31e916f992171b9418cb47d283a56e61f311581d66266cb
2017-06-16,0.09389966913743007,isotropic_constructed_macro_nats_full_precision_v3,0552c7f4701ada91e31e916f992171b9418cb47d283a56e61f311581d66266cb
2017-06-20,0.09291411689175391,isotropic_constructed_macro_nats_full_precision_v3,0552c7f4701ada91e31e916f992171b9418cb47d283a56e61f311581d66266cb
2017-06-22,0.09521220473522785,isotropic_constructed_macro_nats_full_precision_v3,0552c7f4701ada91e31e916f992171b9418cb47d283a56e61f311581d66266cb
2017-06-26,0.0902482293516386,isotropic_constructed_macro_nats_full_precision_v3,0552c7f4701ada91e31e916f992171b9418cb47d283a56e61f311581d66266cb
2017-06-28,0.08612861678175415,isotropic_constructed_macro_nats_full_precision_v3,0552c7f4701ada91e31e916f992171b9418cb47d283a56e61f311581d66266cb
2017-06-30,0.09688166453415838,isotropic_constructed_macro_nats_full_precision_v3,0552c7f4701ada91e31e916f992171b9418cb47d283a56e61f311581d66266cb
2017-07-05,0.09952477028825797,isotropic_constructed_macro_nats_full_precision_v3,0552c7f4701ada91e31e916f992171b9418cb47d283a56e61f311581d66266cb
2017-07-07,0.09706535577079585,isotropic_constructed_macro_nats_full_precision_v3,0552c7f4701ada91e31e916f992171b9418cb47d283a56e61f311581d66266cb
2017-07-11,0.09578089275294595,isotropic_constructed_macro_nats_full_precision_v3,0552c7f4701ada91e31e916f992171b9418cb47d283a56e61f311581d66266cb
2017-07-13,0.09254251250114039,isotropic_constructed_macro_nats_full_precision_v3,0552c7f4701ada91e31e916f992171b9418cb47d283a56e61f311581d66266cb
2017-07-17,0.09255213696301219,isotropic_constructed_macro_nats_full_precision_v3,0552c7f4701ada91e31e916f992171b9418cb47d283a56e61f311581d66266cb
2017-07-19,0.08918424001519594,isotropic_constructed_macro_nats_full_precision_v3,0552c7f4701ada91e31e916f992171b9418cb47d283a56e61f311581d66266cb
2017-07-21,0.08667647895470013,isotropic_constructed_macro_nats_full_precision_v3,0552c7f4701ada91e31e916f992171b9418cb47d283a56e61f311581d66266cb
2017-07-25,0.086998294637259,isotropic_constructed_macro_nats_full_precision_v3,0552c7f4701ada91e31e916f992171b9418cb47d283a56e61f311581d66266cb
2017-07-27,0.08032703380579627,isotropic_constructed_macro_nats_full_precision_v3,0552c7f4701ada91e31e916f992171b9418cb47d283a56e61f311581d66266cb
2017-07-31,0.10394861013054424,isotropic_constructed_macro_nats_full_precision_v3,0552c7f4701ada91e31e916f992171b9418cb47d283a56e61f311581d66266cb
2017-08-02,0.1023791170734043,isotropic_constructed_macro_nats_full_precision_v3,0552c7f4701ada91e31e916f992171b9418cb47d283a56e61f311581d66266cb
2017-08-04,0.10816226944915179,isotropic_constructed_macro_nats_full_precision_v3,0552c7f4701ada91e31e916f992171b9418cb47d283a56e61f311581d66266cb
2017-08-08,0.1050439445825661,isotropic_constructed_macro_nats_full_precision_v3,0552c7f4701ada91e31e916f992171b9418cb47d283a56e61f311581d66266cb
2017-08-10,0.10571532611737317,isotropic_constructed_macro_nats_full_precision_v3,0552c7f4701ada91e31e916f992171b9418cb47d283a56e61f311581d66266cb
2017-08-14,0.10342630880066922,isotropic_constructed_macro_nats_full_precision_v3,0552c7f4701ada91e31e916f992171b9418cb47d283a56e61f311581d66266cb
2017-08-16,0.10230410059914939,isotropic_constructed_macro_nats_full_precision_v3,0552c7f4701ada91e31e916f992171b9418cb47d283a56e61f311581d66266cb
2017-08-18,0.10302532339168351,isotropic_constructed_macro_nats_full_precision_v3,0552c7f4701ada91e31e916f992171b9418cb47d283a56e61f311581d66266cb
2017-08-22,0.10256139583473776,isotropic_constructed_macro_nats_full_precision_v3,0552c7f4701ada91e31e916f992171b9418cb47d283a56e61f311581d66266cb
2017-08-24,0.0978204024319286,isotropic_constructed_macro_nats_full_precision_v3,0552c7f4701ada91e31e916f992171b9418cb47d283a56e61f311581d66266cb
2017-08-28,0.0962511272887338,isotropic_constructed_macro_nats_full_precision_v3,0552c7f4701ada91e31e916f992171b9418cb47d283a56e61f311581d66266cb
2017-08-30,0.09571066591287293,isotropic_constructed_macro_nats_full_precision_v3,0552c7f4701ada91e31e916f992171b9418cb47d283a56e61f311581d66266cb
2017-09-01,0.095499520649386,isotropic_constructed_macro_nats_full_precision_v3,0552c7f4701ada91e31e916f992171b9418cb47d283a56e61f311581d66266cb
2017-09-06,0.09589540800411338,isotropic_constructed_macro_nats_full_precision_v3,0552c7f4701ada91e31e916f992171b9418cb47d283a56e61f311581d66266cb
2017-09-08,0.10417406905472841,isotropic_constructed_macro_nats_full_precision_v3,0552c7f4701ada91e31e916f992171b9418cb47d283a56e61f311581d66266cb
2017-09-12,0.10512991912952045,isotropic_constructed_macro_nats_full_precision_v3,0552c7f4701ada91e31e916f992171b9418cb47d283a56e61f311581d66266cb
2017-09-14,0.1068121540719206,isotropic_constructed_macro_nats_full_precision_v3,0552c7f4701ada91e31e916f992171b9418cb47d283a56e61f311581d66266cb
2017-09-18,0.10691335965306692,isotropic_constructed_macro_nats_full_precision_v3,0552c7f4701ada91e31e916f992171b9418cb47d283a56e61f311581d66266cb
2017-09-20,0.10883587547930992,isotropic_constructed_macro_nats_full_precision_v3,0552c7f4701ada91e31e916f992171b9418cb47d283a56e61f311581d66266cb
2017-09-22,0.10932393866488035,isotropic_constructed_macro_nats_full_precision_v3,0552c7f4701ada91e31e916f992171b9418cb47d283a56e61f311581d66266cb
2017-09-26,0.1105461943972441,isotropic_constructed_macro_nats_full_precision_v3,0552c7f4701ada91e31e916f992171b9418cb47d283a56e61f311581d66266cb
2017-09-28,0.1065557807322462,isotropic_constructed_macro_nats_full_precision_v3,0552c7f4701ada91e31e916f992171b9418cb47d283a56e61f311581d66266cb
2017-10-02,0.10855688471442419,isotropic_constructed_macro_nats_full_precision_v3,0552c7f4701ada91e31e916f992171b9418cb47d283a56e61f311581d66266cb
2017-10-04,0.10766945223639611,isotropic_constructed_macro_nats_full_precision_v3,0552c7f4701ada91e31e916f992171b9418cb47d283a56e61f311581d66266cb
2017-10-06,0.10414427347598743,isotropic_constructed_macro_nats_full_precision_v3,0552c7f4701ada91e31e916f992171b9418cb47d283a56e61f311581d66266cb
2017-10-10,0.10779261918276309,isotropic_constructed_macro_nats_full_precision_v3,0552c7f4701ada91e31e916f992171b9418cb47d283a56e61f311581d66266cb
2017-10-12,0.11879070236259372,isotropic_constructed_macro_nats_full_precision_v3,0552c7f4701ada91e31e916f992171b9418cb47d283a56e61f311581d66266cb
2017-10-16,0.1238983381210757,isotropic_constructed_macro_nats_full_precision_v3,0552c7f4701ada91e31e916f992171b9418cb47d283a56e61f311581d66266cb
2017-10-18,0.1252853494399187,isotropic_constructed_macro_nats_full_precision_v3,0552c7f4701ada91e31e916f992171b9418cb47d283a56e61f311581d66266cb
2017-10-20,0.12543657980856282,isotropic_constructed_macro_nats_full_precision_v3,0552c7f4701ada91e31e916f992171b9418cb47d283a56e61f311581d66266cb
2017-10-24,0.12225566398248429,isotropic_constructed_macro_nats_full_precision_v3,0552c7f4701ada91e31e916f992171b9418cb47d283a56e61f311581d66266cb
2017-10-26,0.13256550358945998,isotropic_constructed_macro_nats_full_precision_v3,0552c7f4701ada91e31e916f992171b9418cb47d283a56e61f311581d66266cb
2017-10-30,0.12952479637922365,isotropic_constructed_macro_nats_full_precision_v3,0552c7f4701ada91e31e916f992171b9418cb47d283a56e61f311581d66266cb
2017-11-01,0.12547193347974184,isotropic_constructed_macro_nats_full_precision_v3,0552c7f4701ada91e31e916f992171b9418cb47d283a56e61f311581d66266cb
2017-11-03,0.11956381370106565,isotropic_constructed_macro_nats_full_precision_v3,0552c7f4701ada91e31e916f992171b9418cb47d283a56e61f311581d66266cb
2017-11-07,0.12591545630736972,isotropic_constructed_macro_nats_full_precision_v3,0552c7f4701ada91e31e916f992171b9418cb47d283a56e61f311581d66266cb
2017-11-09,0.11648790546783315,isotropic_constructed_macro_nats_full_precision_v3,0552c7f4701ada91e31e916f992171b9418cb47d283a56e61f311581d66266cb
2017-11-13,0.12293307047712894,isotropic_constructed_macro_nats_full_precision_v3,0552c7f4701ada91e31e916f992171b9418cb47d283a56e61f311581d66266cb
2017-11-15,0.11831210884985985,isotropic_constructed_macro_nats_full_precision_v3,0552c7f4701ada91e31e916f992171b9418cb47d283a56e61f311581d66266cb
2017-11-17,0.12585951383128063,isotropic_constructed_macro_nats_full_precision_v3,0552c7f4701ada91e31e916f992171b9418cb47d283a56e61f311581d66266cb
2017-11-21,0.13177825780398505,isotropic_constructed_macro_nats_full_precision_v3,0552c7f4701ada91e31e916f992171b9418cb47d283a56e61f311581d66266cb
2017-11-24,0.13041309809602636,isotropic_constructed_macro_nats_full_precision_v3,0552c7f4701ada91e31e916f992171b9418cb47d283a56e61f311581d66266cb
2017-11-28,0.13075515276564192,isotropic_constructed_macro_nats_full_precision_v3,0552c7f4701ada91e31e916f992171b9418cb47d283a56e61f311581d66266cb
2017-11-30,0.11467876010374596,isotropic_constructed_macro_nats_full_precision_v3,0552c7f4701ada91e31e916f992171b9418cb47d283a56e61f311581d66266cb
2017-12-04,0.10609959926745963,isotropic_constructed_macro_nats_full_precision_v3,0552c7f4701ada91e31e916f992171b9418cb47d283a56e61f311581d66266cb
2017-12-06,0.10326176547891439,isotropic_constructed_macro_nats_full_precision_v3,0552c7f4701ada91e31e916f992171b9418cb47d283a56e61f311581d66266cb
2017-12-08,0.10486458897147717,isotropic_constructed_macro_nats_full_precision_v3,0552c7f4701ada91e31e916f992171b9418cb47d283a56e61f311581d66266cb
2017-12-12,0.1039275861267941,isotropic_constructed_macro_nats_full_precision_v3,0552c7f4701ada91e31e916f992171b9418cb47d283a56e61f311581d66266cb
2017-12-14,0.102398188241813,isotropic_constructed_macro_nats_full_precision_v3,0552c7f4701ada91e31e916f992171b9418cb47d283a56e61f311581d66266cb
2017-12-18,0.10176438619729188,isotropic_constructed_macro_nats_full_precision_v3,0552c7f4701ada91e31e916f992171b9418cb47d283a56e61f311581d66266cb
2017-12-20,0.09987131291507806,isotropic_constructed_macro_nats_full_precision_v3,0552c7f4701ada91e31e916f992171b9418cb47d283a56e61f311581d66266cb
2017-12-22,0.10282874316300568,isotropic_constructed_macro_nats_full_precision_v3,0552c7f4701ada91e31e916f992171b9418cb47d283a56e61f311581d66266cb
2017-12-27,0.10084531907968865,isotropic_constructed_macro_nats_full_precision_v3,0552c7f4701ada91e31e916f992171b9418cb47d283a56e61f311581d66266cb
2017-12-29,0.10651101361498583,isotropic_constructed_macro_nats_full_precision_v3,0552c7f4701ada91e31e916f992171b9418cb47d283a56e61f311581d66266cb
2018-01-03,0.10738027146626775,isotropic_constructed_macro_nats_full_precision_v3,0552c7f4701ada91e31e916f992171b9418cb47d283a56e61f311581d66266cb
2018-01-05,0.11424421499993176,isotropic_constructed_macro_nats_full_precision_v3,0552c7f4701ada91e31e916f992171b9418cb47d283a56e61f311581d66266cb
2018-01-09,0.11299004050292201,isotropic_constructed_macro_nats_full_precision_v3,0552c7f4701ada91e31e916f992171b9418cb47d283a56e61f311581d66266cb
2018-01-11,0.11409947850748078,isotropic_constructed_macro_nats_full_precision_v3,0552c7f4701ada91e31e916f992171b9418cb47d283a56e61f311581d66266cb
2018-01-16,0.10685251812670735,isotropic_constructed_macro_nats_full_precision_v3,0552c7f4701ada91e31e916f992171b9418cb47d283a56e61f311581d66266cb
2018-01-18,0.11345668584306363,isotropic_constructed_macro_nats_full_precision_v3,0552c7f4701ada91e31e916f992171b9418cb47d283a56e61f311581d66266cb
2018-01-22,0.12077537119158878,isotropic_constructed_macro_nats_full_precision_v3,0552c7f4701ada91e31e916f992171b9418cb47d283a56e61f311581d66266cb
2018-01-24,0.12171629943133068,isotropic_constructed_macro_nats_full_precision_v3,0552c7f4701ada91e31e916f992171b9418cb47d283a56e61f311581d66266cb
2018-01-26,0.12397261629986793,isotropic_constructed_macro_nats_full_precision_v3,0552c7f4701ada91e31e916f992171b9418cb47d283a56e61f311581d66266cb
2018-01-30,0.1273860186722743,isotropic_constructed_macro_nats_full_precision_v3,0552c7f4701ada91e31e916f992171b9418cb47d283a56e61f311581d66266cb
2018-02-01,0.12434477488036831,isotropic_constructed_macro_nats_full_precision_v3,0552c7f4701ada91e31e916f992171b9418cb47d283a56e61f311581d66266cb
2018-02-05,0.13278711046541386,isotropic_constructed_macro_nats_full_precision_v3,0552c7f4701ada91e31e916f992171b9418cb47d283a56e61f311581d66266cb
2018-02-07,0.13714510917160777,isotropic_constructed_macro_nats_full_precision_v3,0552c7f4701ada91e31e916f992171b9418cb47d283a56e61f311581d66266cb
2018-02-09,0.11872024319051622,isotropic_constructed_macro_nats_full_precision_v3,0552c7f4701ada91e31e916f992171b9418cb47d283a56e61f311581d66266cb
2018-02-13,0.11679332040623797,isotropic_constructed_macro_nats_full_precision_v3,0552c7f4701ada91e31e916f992171b9418cb47d283a56e61f311581d66266cb
2018-02-15,0.11512191266532532,isotropic_constructed_macro_nats_full_precision_v3,0552c7f4701ada91e31e916f992171b9418cb47d283a56e61f311581d66266cb
2018-02-20,0.12003285803961983,isotropic_constructed_macro_nats_full_precision_v3,0552c7f4701ada91e31e916f992171b9418cb47d283a56e61f311581d66266cb
2018-02-22,0.12342660014379288,isotropic_constructed_macro_nats_full_precision_v3,0552c7f4701ada91e31e916f992171b9418cb47d283a56e61f311581d66266cb
2018-02-26,0.1338998977146701,isotropic_constructed_macro_nats_full_precision_v3,0552c7f4701ada91e31e916f992171b9418cb47d283a56e61f311581d66266cb
2018-02-28,0.14043898395140997,isotropic_constructed_macro_nats_full_precision_v3,0552c7f4701ada91e31e916f992171b9418cb47d283a56e61f311581d66266cb
2018-03-02,0.12984806697531984,isotropic_constructed_macro_nats_full_precision_v3,0552c7f4701ada91e31e916f992171b9418cb47d283a56e61f311581d66266cb
2018-03-06,0.13002836338044316,isotropic_constructed_macro_nats_full_precision_v3,0552c7f4701ada91e31e916f992171b9418cb47d283a56e61f311581d66266cb
2018-03-08,0.12998824445576912,isotropic_constructed_macro_nats_full_precision_v3,0552c7f4701ada91e31e916f992171b9418cb47d283a56e61f311581d66266cb
2018-03-12,0.09849290541935118,isotropic_constructed_macro_nats_full_precision_v3,0552c7f4701ada91e31e916f992171b9418cb47d283a56e61f311581d66266cb
2018-03-14,0.09942533366105538,isotropic_constructed_macro_nats_full_precision_v3,0552c7f4701ada91e31e916f992171b9418cb47d283a56e61f311581d66266cb
2018-03-16,0.10041492081812091,isotropic_constructed_macro_nats_full_precision_v3,0552c7f4701ada91e31e916f992171b9418cb47d283a56e61f311581d66266cb
2018-03-20,0.10530476771772251,isotropic_constructed_macro_nats_full_precision_v3,0552c7f4701ada91e31e916f992171b9418cb47d283a56e61f311581d66266cb
2018-03-22,0.11114948542095278,isotropic_constructed_macro_nats_full_precision_v3,0552c7f4701ada91e31e916f992171b9418cb47d283a56e61f311581d66266cb
2018-03-26,0.11156477375750758,isotropic_constructed_macro_nats_full_precision_v3,0552c7f4701ada91e31e916f992171b9418cb47d283a56e61f311581d66266cb
2018-03-28,0.10309644283200446,isotropic_constructed_macro_nats_full_precision_v3,0552c7f4701ada91e31e916f992171b9418cb47d283a56e61f311581d66266cb
2018-04-02,0.10481252768498427,isotropic_constructed_macro_nats_full_precision_v3,0552c7f4701ada91e31e916f992171b9418cb47d283a56e61f311581d66266cb
2018-04-04,0.09587819060073333,isotropic_constructed_macro_nats_full_precision_v3,0552c7f4701ada91e31e916f992171b9418cb47d283a56e61f311581d66266cb
2018-04-06,0.1002131296560697,isotropic_constructed_macro_nats_full_precision_v3,0552c7f4701ada91e31e916f992171b9418cb47d283a56e61f311581d66266cb
2018-04-10,0.09731796714491404,isotropic_constructed_macro_nats_full_precision_v3,0552c7f4701ada91e31e916f992171b9418cb47d283a56e61f311581d66266cb
2018-04-12,0.09777812485658977,isotropic_constructed_macro_nats_full_precision_v3,0552c7f4701ada91e31e916f992171b9418cb47d283a56e61f311581d66266cb
2018-04-16,0.09147137342259383,isotropic_constructed_macro_nats_full_precision_v3,0552c7f4701ada91e31e916f992171b9418cb47d283a56e61f311581d66266cb
2018-04-18,0.08239505565523828,isotropic_constructed_macro_nats_full_precision_v3,0552c7f4701ada91e31e916f992171b9418cb47d283a56e61f311581d66266cb
2018-04-20,0.08356582946962382,isotropic_constructed_macro_nats_full_precision_v3,0552c7f4701ada91e31e916f992171b9418cb47d283a56e61f311581d66266cb
2018-04-24,0.08366864622363875,isotropic_constructed_macro_nats_full_precision_v3,0552c7f4701ada91e31e916f992171b9418cb47d283a56e61f311581d66266cb
2018-04-26,0.08376810127444502,isotropic_constructed_macro_nats_full_precision_v3,0552c7f4701ada91e31e916f992171b9418cb47d283a56e61f311581d66266cb
2018-04-30,0.0942415883641253,isotropic_constructed_macro_nats_full_precision_v3,0552c7f4701ada91e31e916f992171b9418cb47d283a56e61f311581d66266cb
2018-05-02,0.10546052729271398,isotropic_constructed_macro_nats_full_precision_v3,0552c7f4701ada91e31e916f992171b9418cb47d283a56e61f311581d66266cb
2018-05-04,0.09822436319630465,isotropic_constructed_macro_nats_full_precision_v3,0552c7f4701ada91e31e916f992171b9418cb47d283a56e61f311581d66266cb
2018-05-08,0.09635627837884957,isotropic_constructed_macro_nats_full_precision_v3,0552c7f4701ada91e31e916f992171b9418cb47d283a56e61f311581d66266cb
2018-05-10,0.10053219301968212,isotropic_constructed_macro_nats_full_precision_v3,0552c7f4701ada91e31e916f992171b9418cb47d283a56e61f311581d66266cb
2018-05-14,0.10069987204407915,isotropic_constructed_macro_nats_full_precision_v3,0552c7f4701ada91e31e916f992171b9418cb47d283a56e61f311581d66266cb
2018-05-16,0.10024171558502033,isotropic_constructed_macro_nats_full_precision_v3,0552c7f4701ada91e31e916f992171b9418cb47d283a56e61f311581d66266cb
2018-05-18,0.1014201584658536,isotropic_constructed_macro_nats_full_precision_v3,0552c7f4701ada91e31e916f992171b9418cb47d283a56e61f311581d66266cb
2018-05-22,0.10298752537818844,isotropic_constructed_macro_nats_full_precision_v3,0552c7f4701ada91e31e916f992171b9418cb47d283a56e61f311581d66266cb
2018-05-24,0.10301971892534112,isotropic_constructed_macro_nats_full_precision_v3,0552c7f4701ada91e31e916f992171b9418cb47d283a56e61f311581d66266cb
2018-05-29,0.09368776408067567,isotropic_constructed_macro_nats_full_precision_v3,0552c7f4701ada91e31e916f992171b9418cb47d283a56e61f311581d66266cb
2018-05-31,0.09857750446799904,isotropic_constructed_macro_nats_full_precision_v3,0552c7f4701ada91e31e916f992171b9418cb47d283a56e61f311581d66266cb
2018-06-04,0.10218568467228059,isotropic_constructed_macro_nats_full_precision_v3,0552c7f4701ada91e31e916f992171b9418cb47d283a56e61f311581d66266cb
2018-06-06,0.1081101028322206,isotropic_constructed_macro_nats_full_precision_v3,0552c7f4701ada91e31e916f992171b9418cb47d283a56e61f311581d66266cb
2018-06-08,0.09636595861832783,isotropic_constructed_macro_nats_full_precision_v3,0552c7f4701ada91e31e916f992171b9418cb47d283a56e61f311581d66266cb
2018-06-12,0.09053812881733071,isotropic_constructed_macro_nats_full_precision_v3,0552c7f4701ada91e31e916f992171b9418cb47d283a56e61f311581d66266cb
2018-06-14,0.09435157865455572,isotropic_constructed_macro_nats_full_precision_v3,0552c7f4701ada91e31e916f992171b9418cb47d283a56e61f311581d66266cb
2018-06-18,0.09801782905739186,isotropic_constructed_macro_nats_full_precision_v3,0552c7f4701ada91e31e916f992171b9418cb47d283a56e61f311581d66266cb
2018-06-20,0.09468970568696715,isotropic_constructed_macro_nats_full_precision_v3,0552c7f4701ada91e31e916f992171b9418cb47d283a56e61f311581d66266cb
2018-06-22,0.09062314712767758,isotropic_constructed_macro_nats_full_precision_v3,0552c7f4701ada91e31e916f992171b9418cb47d283a56e61f311581d66266cb
2018-06-26,0.09400768778697101,isotropic_constructed_macro_nats_full_precision_v3,0552c7f4701ada91e31e916f992171b9418cb47d283a56e61f311581d66266cb
2018-06-28,0.09582416948595836,isotropic_constructed_macro_nats_full_precision_v3,0552c7f4701ada91e31e916f992171b9418cb47d283a56e61f311581d66266cb
2018-07-02,0.09395128121754025,isotropic_constructed_macro_nats_full_precision_v3,0552c7f4701ada91e31e916f992171b9418cb47d283a56e61f311581d66266cb
2018-07-05,0.10144836569487209,isotropic_constructed_macro_nats_full_precision_v3,0552c7f4701ada91e31e916f992171b9418cb47d283a56e61f311581d66266cb
2018-07-09,0.10271775419260744,isotropic_constructed_macro_nats_full_precision_v3,0552c7f4701ada91e31e916f992171b9418cb47d283a56e61f311581d66266cb
2018-07-11,0.10322222788677368,isotropic_constructed_macro_nats_full_precision_v3,0552c7f4701ada91e31e916f992171b9418cb47d283a56e61f311581d66266cb
2018-07-13,0.10064999239864125,isotropic_constructed_macro_nats_full_precision_v3,0552c7f4701ada91e31e916f992171b9418cb47d283a56e61f311581d66266cb
2018-07-17,0.12126180377247878,isotropic_constructed_macro_nats_full_precision_v3,0552c7f4701ada91e31e916f992171b9418cb47d283a56e61f311581d66266cb
2018-07-19,0.08866571440351112,isotropic_constructed_macro_nats_full_precision_v3,0552c7f4701ada91e31e916f992171b9418cb47d283a56e61f311581d66266cb
2018-07-23,0.08198953944696392,isotropic_constructed_macro_nats_full_precision_v3,0552c7f4701ada91e31e916f992171b9418cb47d283a56e61f311581d66266cb
2018-07-25,0.085266413240727,isotropic_constructed_macro_nats_full_precision_v3,0552c7f4701ada91e31e916f992171b9418cb47d283a56e61f311581d66266cb
2018-07-27,0.10328197878861758,isotropic_constructed_macro_nats_full_precision_v3,0552c7f4701ada91e31e916f992171b9418cb47d283a56e61f311581d66266cb
2018-07-31,0.10779262245981584,isotropic_constructed_macro_nats_full_precision_v3,0552c7f4701ada91e31e916f992171b9418cb47d283a56e61f311581d66266cb
2018-08-02,0.10964286651159653,isotropic_constructed_macro_nats_full_precision_v3,0552c7f4701ada91e31e916f992171b9418cb47d283a56e61f311581d66266cb
2018-08-06,0.11029556914027137,isotropic_constructed_macro_nats_full_precision_v3,0552c7f4701ada91e31e916f992171b9418cb47d283a56e61f311581d66266cb
2018-08-08,0.10463822178268618,isotropic_constructed_macro_nats_full_precision_v3,0552c7f4701ada91e31e916f992171b9418cb47d283a56e61f311581d66266cb
2018-08-10,0.10365903086335025,isotropic_constructed_macro_nats_full_precision_v3,0552c7f4701ada91e31e916f992171b9418cb47d283a56e61f311581d66266cb
2018-08-14,0.10294188346869605,isotropic_constructed_macro_nats_full_precision_v3,0552c7f4701ada91e31e916f992171b9418cb47d283a56e61f311581d66266cb
2018-08-16,0.10131937208062099,isotropic_constructed_macro_nats_full_precision_v3,0552c7f4701ada91e31e916f992171b9418cb47d283a56e61f311581d66266cb
2018-08-20,0.10306768640876988,isotropic_constructed_macro_nats_full_precision_v3,0552c7f4701ada91e31e916f992171b9418cb47d283a56e61f311581d66266cb
2018-08-22,0.10200529955968171,isotropic_constructed_macro_nats_full_precision_v3,0552c7f4701ada91e31e916f992171b9418cb47d283a56e61f311581d66266cb
2018-08-24,0.10153809388634212,isotropic_constructed_macro_nats_full_precision_v3,0552c7f4701ada91e31e916f992171b9418cb47d283a56e61f311581d66266cb
2018-08-28,0.10339283599364274,isotropic_constructed_macro_nats_full_precision_v3,0552c7f4701ada91e31e916f992171b9418cb47d283a56e61f311581d66266cb
2018-08-30,0.10525618758633606,isotropic_constructed_macro_nats_full_precision_v3,0552c7f4701ada91e31e916f992171b9418cb47d283a56e61f311581d66266cb
2018-09-04,0.10411816248284905,isotropic_constructed_macro_nats_full_precision_v3,0552c7f4701ada91e31e916f992171b9418cb47d283a56e61f311581d66266cb
2018-09-06,0.10520326510693223,isotropic_constructed_macro_nats_full_precision_v3,0552c7f4701ada91e31e916f992171b9418cb47d283a56e61f311581d66266cb
2018-09-10,0.10329031985443748,isotropic_constructed_macro_nats_full_precision_v3,0552c7f4701ada91e31e916f992171b9418cb47d283a56e61f311581d66266cb
2018-09-12,0.10441709403984294,isotropic_constructed_macro_nats_full_precision_v3,0552c7f4701ada91e31e916f992171b9418cb47d283a56e61f311581d66266cb
2018-09-14,0.1047090397591037,isotropic_constructed_macro_nats_full_precision_v3,0552c7f4701ada91e31e916f992171b9418cb47d283a56e61f311581d66266cb
2018-09-18,0.10729297020261672,isotropic_constructed_macro_nats_full_precision_v3,0552c7f4701ada91e31e916f992171b9418cb47d283a56e61f311581d66266cb
2018-09-20,0.1024806435069794,isotropic_constructed_macro_nats_full_precision_v3,0552c7f4701ada91e31e916f992171b9418cb47d283a56e61f311581d66266cb
2018-09-24,0.09659841014840549,isotropic_constructed_macro_nats_full_precision_v3,0552c7f4701ada91e31e916f992171b9418cb47d283a56e61f311581d66266cb
2018-09-26,0.09469288320919897,isotropic_constructed_macro_nats_full_precision_v3,0552c7f4701ada91e31e916f992171b9418cb47d283a56e61f311581d66266cb
2018-09-28,0.09188586665842789,isotropic_constructed_macro_nats_full_precision_v3,0552c7f4701ada91e31e916f992171b9418cb47d283a56e61f311581d66266cb
2018-10-02,0.09083750757887206,isotropic_constructed_macro_nats_full_precision_v3,0552c7f4701ada91e31e916f992171b9418cb47d283a56e61f311581d66266cb
2018-10-04,0.08728122728777633,isotropic_constructed_macro_nats_full_precision_v3,0552c7f4701ada91e31e916f992171b9418cb47d283a56e61f311581d66266cb
2018-10-08,0.09300447100938906,isotropic_constructed_macro_nats_full_precision_v3,0552c7f4701ada91e31e916f992171b9418cb47d283a56e61f311581d66266cb
2018-10-10,0.09541774889382833,isotropic_constructed_macro_nats_full_precision_v3,0552c7f4701ada91e31e916f992171b9418cb47d283a56e61f311581d66266cb
2018-10-12,0.0952224350839204,isotropic_constructed_macro_nats_full_precision_v3,0552c7f4701ada91e31e916f992171b9418cb47d283a56e61f311581d66266cb
2018-10-16,0.10056895577303511,isotropic_constructed_macro_nats_full_precision_v3,0552c7f4701ada91e31e916f992171b9418cb47d283a56e61f311581d66266cb
2018-10-18,0.10417615424929465,isotropic_constructed_macro_nats_full_precision_v3,0552c7f4701ada91e31e916f992171b9418cb47d283a56e61f311581d66266cb
2018-10-22,0.10403938003701624,isotropic_constructed_macro_nats_full_precision_v3,0552c7f4701ada91e31e916f992171b9418cb47d283a56e61f311581d66266cb
2018-10-24,0.10873869408563769,isotropic_constructed_macro_nats_full_precision_v3,0552c7f4701ada91e31e916f992171b9418cb47d283a56e61f311581d66266cb
2018-10-26,0.09026099806826189,isotropic_constructed_macro_nats_full_precision_v3,0552c7f4701ada91e31e916f992171b9418cb47d283a56e61f311581d66266cb
2018-10-30,0.09786039512967708,isotropic_constructed_macro_nats_full_precision_v3,0552c7f4701ada91e31e916f992171b9418cb47d283a56e61f311581d66266cb
2018-11-01,0.08934827069588742,isotropic_constructed_macro_nats_full_precision_v3,0552c7f4701ada91e31e916f992171b9418cb47d283a56e61f311581d66266cb
2018-11-05,0.08887617612213555,isotropic_constructed_macro_nats_full_precision_v3,0552c7f4701ada91e31e916f992171b9418cb47d283a56e61f311581d66266cb
2018-11-07,0.09320556072821494,isotropic_constructed_macro_nats_full_precision_v3,0552c7f4701ada91e31e916f992171b9418cb47d283a56e61f311581d66266cb
2018-11-09,0.09159140432558519,isotropic_constructed_macro_nats_full_precision_v3,0552c7f4701ada91e31e916f992171b9418cb47d283a56e61f311581d66266cb
2018-11-13,0.09105684905789128,isotropic_constructed_macro_nats_full_precision_v3,0552c7f4701ada91e31e916f992171b9418cb47d283a56e61f311581d66266cb
2018-11-15,0.09560428364621748,isotropic_constructed_macro_nats_full_precision_v3,0552c7f4701ada91e31e916f992171b9418cb47d283a56e61f311581d66266cb
2018-11-19,0.09413524941053891,isotropic_constructed_macro_nats_full_precision_v3,0552c7f4701ada91e31e916f992171b9418cb47d283a56e61f311581d66266cb
2018-11-21,0.09582335260628862,isotropic_constructed_macro_nats_full_precision_v3,0552c7f4701ada91e31e916f992171b9418cb47d283a56e61f311581d66266cb
2018-11-26,0.08939639455028535,isotropic_constructed_macro_nats_full_precision_v3,0552c7f4701ada91e31e916f992171b9418cb47d283a56e61f311581d66266cb
2018-11-28,0.08742506207266025,isotropic_constructed_macro_nats_full_precision_v3,0552c7f4701ada91e31e916f992171b9418cb47d283a56e61f311581d66266cb
2018-11-30,0.09317199285433114,isotropic_constructed_macro_nats_full_precision_v3,0552c7f4701ada91e31e916f992171b9418cb47d283a56e61f311581d66266cb
2018-12-04,0.08948102651204462,isotropic_constructed_macro_nats_full_precision_v3,0552c7f4701ada91e31e916f992171b9418cb47d283a56e61f311581d66266cb
2018-12-07,0.09847251255540274,isotropic_constructed_macro_nats_full_precision_v3,0552c7f4701ada91e31e916f992171b9418cb47d283a56e61f311581d66266cb
2018-12-11,0.09255960898697348,isotropic_constructed_macro_nats_full_precision_v3,0552c7f4701ada91e31e916f992171b9418cb47d283a56e61f311581d66266cb
2018-12-13,0.09325318897266856,isotropic_constructed_macro_nats_full_precision_v3,0552c7f4701ada91e31e916f992171b9418cb47d283a56e61f311581d66266cb
2018-12-17,0.09248364596837538,isotropic_constructed_macro_nats_full_precision_v3,0552c7f4701ada91e31e916f992171b9418cb47d283a56e61f311581d66266cb
2018-12-19,0.09092380834667697,isotropic_constructed_macro_nats_full_precision_v3,0552c7f4701ada91e31e916f992171b9418cb47d283a56e61f311581d66266cb
2018-12-21,0.07396026010061399,isotropic_constructed_macro_nats_full_precision_v3,0552c7f4701ada91e31e916f992171b9418cb47d283a56e61f311581d66266cb
2018-12-26,0.0711882556068249,isotropic_constructed_macro_nats_full_precision_v3,0552c7f4701ada91e31e916f992171b9418cb47d283a56e61f311581d66266cb
2018-12-28,0.07039135258179433,isotropic_constructed_macro_nats_full_precision_v3,0552c7f4701ada91e31e916f992171b9418cb47d283a56e61f311581d66266cb
2019-01-02,0.0707683165653141,isotropic_constructed_macro_nats_full_precision_v3,0552c7f4701ada91e31e916f992171b9418cb47d283a56e61f311581d66266cb
2019-01-04,0.06558289831316166,isotropic_constructed_macro_nats_full_precision_v3,0552c7f4701ada91e31e916f992171b9418cb47d283a56e61f311581d66266cb
2019-01-08,0.06991914404004967,isotropic_constructed_macro_nats_full_precision_v3,0552c7f4701ada91e31e916f992171b9418cb47d283a56e61f311581d66266cb
2019-01-10,0.07122547882286968,isotropic_constructed_macro_nats_full_precision_v3,0552c7f4701ada91e31e916f992171b9418cb47d283a56e61f311581d66266cb
2019-01-14,0.06825362496348551,isotropic_constructed_macro_nats_full_precision_v3,0552c7f4701ada91e31e916f992171b9418cb47d283a56e61f311581d66266cb
2019-01-16,0.07440839434132158,isotropic_constructed_macro_nats_full_precision_v3,0552c7f4701ada91e31e916f992171b9418cb47d283a56e61f311581d66266cb
2019-01-18,0.07683950002565627,isotropic_constructed_macro_nats_full_precision_v3,0552c7f4701ada91e31e916f992171b9418cb47d283a56e61f311581d66266cb
2019-01-23,0.05939508509160234,isotropic_constructed_macro_nats_full_precision_v3,0552c7f4701ada91e31e916f992171b9418cb47d283a56e61f311581d66266cb
2019-01-25,0.058646931622053936,isotropic_constructed_macro_nats_full_precision_v3,0552c7f4701ada91e31e916f992171b9418cb47d283a56e61f311581d66266cb
2019-01-29,0.05993340580222929,isotropic_constructed_macro_nats_full_precision_v3,0552c7f4701ada91e31e916f992171b9418cb47d283a56e61f311581d66266cb
2019-01-31,0.05691620056484137,isotropic_constructed_macro_nats_full_precision_v3,0552c7f4701ada91e31e916f992171b9418cb47d283a56e61f311581d66266cb
2019-02-04,0.06186402617027126,isotropic_constructed_macro_nats_full_precision_v3,0552c7f4701ada91e31e916f992171b9418cb47d283a56e61f311581d66266cb
2019-02-06,0.06502614494129648,isotropic_constructed_macro_nats_full_precision_v3,0552c7f4701ada91e31e916f992171b9418cb47d283a56e61f311581d66266cb
2019-02-08,0.06987446958240605,isotropic_constructed_macro_nats_full_precision_v3,0552c7f4701ada91e31e916f992171b9418cb47d283a56e61f311581d66266cb
2019-02-12,0.06595156491583533,isotropic_constructed_macro_nats_full_precision_v3,0552c7f4701ada91e31e916f992171b9418cb47d283a56e61f311581d66266cb
2019-02-14,0.06314577190944863,isotropic_constructed_macro_nats_full_precision_v3,0552c7f4701ada91e31e916f992171b9418cb47d283a56e61f311581d66266cb
2019-02-19,0.059386027802697444,isotropic_constructed_macro_nats_full_precision_v3,0552c7f4701ada91e31e916f992171b9418cb47d283a56e61f311581d66266cb
2019-02-21,0.06452217930708617,isotropic_constructed_macro_nats_full_precision_v3,0552c7f4701ada91e31e916f992171b9418cb47d283a56e61f311581d66266cb
2019-02-25,0.06383692976324108,isotropic_constructed_macro_nats_full_precision_v3,0552c7f4701ada91e31e916f992171b9418cb47d283a56e61f311581d66266cb
2019-02-27,0.0626809207695727,isotropic_constructed_macro_nats_full_precision_v3,0552c7f4701ada91e31e916f992171b9418cb47d283a56e61f311581d66266cb
2019-03-01,0.05897485385480472,isotropic_constructed_macro_nats_full_precision_v3,0552c7f4701ada91e31e916f992171b9418cb47d283a56e61f311581d66266cb
2019-03-05,0.05963876400391216,isotropic_constructed_macro_nats_full_precision_v3,0552c7f4701ada91e31e916f992171b9418cb47d283a56e61f311581d66266cb
2019-03-07,0.060677545521076695,isotropic_constructed_macro_nats_full_precision_v3,0552c7f4701ada91e31e916f992171b9418cb47d283a56e61f311581d66266cb
2019-03-11,0.06030548136194659,isotropic_constructed_macro_nats_full_precision_v3,0552c7f4701ada91e31e916f992171b9418cb47d283a56e61f311581d66266cb
2019-03-13,0.05990643096986108,isotropic_constructed_macro_nats_full_precision_v3,0552c7f4701ada91e31e916f992171b9418cb47d283a56e61f311581d66266cb
2019-03-15,0.06254104979774393,isotropic_constructed_macro_nats_full_precision_v3,0552c7f4701ada91e31e916f992171b9418cb47d283a56e61f311581d66266cb
2019-03-19,0.06186348223111929,isotropic_constructed_macro_nats_full_precision_v3,0552c7f4701ada91e31e916f992171b9418cb47d283a56e61f311581d66266cb
2019-03-21,0.061140491942858755,isotropic_constructed_macro_nats_full_precision_v3,0552c7f4701ada91e31e916f992171b9418cb47d283a56e61f311581d66266cb
2019-03-25,0.05925355214819454,isotropic_constructed_macro_nats_full_precision_v3,0552c7f4701ada91e31e916f992171b9418cb47d283a56e61f311581d66266cb
2019-03-27,0.05732176064733778,isotropic_constructed_macro_nats_full_precision_v3,0552c7f4701ada91e31e916f992171b9418cb47d283a56e61f311581d66266cb
2019-03-29,0.055910661264042594,isotropic_constructed_macro_nats_full_precision_v3,0552c7f4701ada91e31e916f992171b9418cb47d283a56e61f311581d66266cb
2019-04-02,0.056492999130240903,isotropic_constructed_macro_nats_full_precision_v3,0552c7f4701ada91e31e916f992171b9418cb47d283a56e61f311581d66266cb
2019-04-04,0.05654415178398971,isotropic_constructed_macro_nats_full_precision_v3,0552c7f4701ada91e31e916f992171b9418cb47d283a56e61f311581d66266cb
2019-04-08,0.05613838218621012,isotropic_constructed_macro_nats_full_precision_v3,0552c7f4701ada91e31e916f992171b9418cb47d283a56e61f311581d66266cb
2019-04-10,0.053318284602473356,isotropic_constructed_macro_nats_full_precision_v3,0552c7f4701ada91e31e916f992171b9418cb47d283a56e61f311581d66266cb
2019-04-12,0.04992334533581329,isotropic_constructed_macro_nats_full_precision_v3,0552c7f4701ada91e31e916f992171b9418cb47d283a56e61f311581d66266cb
2019-04-16,0.051941763306361105,isotropic_constructed_macro_nats_full_precision_v3,0552c7f4701ada91e31e916f992171b9418cb47d283a56e61f311581d66266cb
2019-04-18,0.0510511284253799,isotropic_constructed_macro_nats_full_precision_v3,0552c7f4701ada91e31e916f992171b9418cb47d283a56e61f311581d66266cb
2019-04-23,0.050666419157879436,isotropic_constructed_macro_nats_full_precision_v3,0552c7f4701ada91e31e916f992171b9418cb47d283a56e61f311581d66266cb
2019-04-25,0.04956371414726313,isotropic_constructed_macro_nats_full_precision_v3,0552c7f4701ada91e31e916f992171b9418cb47d283a56e61f311581d66266cb
2019-04-29,0.0484334613341731,isotropic_constructed_macro_nats_full_precision_v3,0552c7f4701ada91e31e916f992171b9418cb47d283a56e61f311581d66266cb
2019-05-01,0.04621058223505005,isotropic_constructed_macro_nats_full_precision_v3,0552c7f4701ada91e31e916f992171b9418cb47d283a56e61f311581d66266cb
2019-05-03,0.047256486378175214,isotropic_constructed_macro_nats_full_precision_v3,0552c7f4701ada91e31e916f992171b9418cb47d283a56e61f311581d66266cb
2019-05-07,0.04765274444772416,isotropic_constructed_macro_nats_full_precision_v3,0552c7f4701ada91e31e916f992171b9418cb47d283a56e61f311581d66266cb
2019-05-09,0.048416670147991836,isotropic_constructed_macro_nats_full_precision_v3,0552c7f4701ada91e31e916f992171b9418cb47d283a56e61f311581d66266cb
2019-05-13,0.04946795065575624,isotropic_constructed_macro_nats_full_precision_v3,0552c7f4701ada91e31e916f992171b9418cb47d283a56e61f311581d66266cb
2019-05-15,0.05114200151302703,isotropic_constructed_macro_nats_full_precision_v3,0552c7f4701ada91e31e916f992171b9418cb47d283a56e61f311581d66266cb
2019-05-17,0.047200353197180606,isotropic_constructed_macro_nats_full_precision_v3,0552c7f4701ada91e31e916f992171b9418cb47d283a56e61f311581d66266cb
2019-05-21,0.04865851740666566,isotropic_constructed_macro_nats_full_precision_v3,0552c7f4701ada91e31e916f992171b9418cb47d283a56e61f311581d66266cb
2019-05-23,0.049929656403907674,isotropic_constructed_macro_nats_full_precision_v3,0552c7f4701ada91e31e916f992171b9418cb47d283a56e61f311581d66266cb
2019-05-28,0.05148158300587381,isotropic_constructed_macro_nats_full_precision_v3,0552c7f4701ada91e31e916f992171b9418cb47d283a56e61f311581d66266cb
2019-05-30,0.046616105980388886,isotropic_constructed_macro_nats_full_precision_v3,0552c7f4701ada91e31e916f992171b9418cb47d283a56e61f311581d66266cb
2019-06-03,0.04417393628178652,isotropic_constructed_macro_nats_full_precision_v3,0552c7f4701ada91e31e916f992171b9418cb47d283a56e61f311581d66266cb
2019-06-05,0.046200891601308774,isotropic_constructed_macro_nats_full_precision_v3,0552c7f4701ada91e31e916f992171b9418cb47d283a56e61f311581d66266cb
2019-06-07,0.044196501785808556,isotropic_constructed_macro_nats_full_precision_v3,0552c7f4701ada91e31e916f992171b9418cb47d283a56e61f311581d66266cb
2019-06-11,0.043237600260136705,isotropic_constructed_macro_nats_full_precision_v3,0552c7f4701ada91e31e916f992171b9418cb47d283a56e61f311581d66266cb
2019-06-13,0.045457764804698306,isotropic_constructed_macro_nats_full_precision_v3,0552c7f4701ada91e31e916f992171b9418cb47d283a56e61f311581d66266cb
2019-06-17,0.047420171853385526,isotropic_constructed_macro_nats_full_precision_v3,0552c7f4701ada91e31e916f992171b9418cb47d283a56e61f311581d66266cb
2019-06-19,0.049121336860081286,isotropic_constructed_macro_nats_full_precision_v3,0552c7f4701ada91e31e916f992171b9418cb47d283a56e61f311581d66266cb
2019-06-21,0.050645765664954115,isotropic_constructed_macro_nats_full_precision_v3,0552c7f4701ada91e31e916f992171b9418cb47d283a56e61f311581d66266cb
2019-06-25,0.05176170731206847,isotropic_constructed_macro_nats_full_precision_v3,0552c7f4701ada91e31e916f992171b9418cb47d283a56e61f311581d66266cb
2019-06-27,0.04840552963771062,isotropic_constructed_macro_nats_full_precision_v3,0552c7f4701ada91e31e916f992171b9418cb47d283a56e61f311581d66266cb
2019-07-01,0.04714540406988908,isotropic_constructed_macro_nats_full_precision_v3,0552c7f4701ada91e31e916f992171b9418cb47d283a56e61f311581d66266cb
2019-07-03,0.048023994920637844,isotropic_constructed_macro_nats_full_precision_v3,0552c7f4701ada91e31e916f992171b9418cb47d283a56e61f311581d66266cb
2019-07-08,0.048639035646024786,isotropic_constructed_macro_nats_full_precision_v3,0552c7f4701ada91e31e916f992171b9418cb47d283a56e61f311581d66266cb
2019-07-10,0.047719774218658514,isotropic_constructed_macro_nats_full_precision_v3,0552c7f4701ada91e31e916f992171b9418cb47d283a56e61f311581d66266cb
2019-07-12,0.045068158856283444,isotropic_constructed_macro_nats_full_precision_v3,0552c7f4701ada91e31e916f992171b9418cb47d283a56e61f311581d66266cb
2019-07-16,0.04239658102319717,isotropic_constructed_macro_nats_full_precision_v3,0552c7f4701ada91e31e916f992171b9418cb47d283a56e61f311581d66266cb
2019-07-18,0.040085107731979736,isotropic_constructed_macro_nats_full_precision_v3,0552c7f4701ada91e31e916f992171b9418cb47d283a56e61f311581d66266cb
2019-07-22,0.04175047945476014,isotropic_constructed_macro_nats_full_precision_v3,0552c7f4701ada91e31e916f992171b9418cb47d283a56e61f311581d66266cb
2019-07-24,0.04011456142621163,isotropic_constructed_macro_nats_full_precision_v3,0552c7f4701ada91e31e916f992171b9418cb47d283a56e61f311581d66266cb
2019-07-26,0.04840150016489937,isotropic_constructed_macro_nats_full_precision_v3,0552c7f4701ada91e31e916f992171b9418cb47d283a56e61f311581d66266cb
2019-07-30,0.05054779674062844,isotropic_constructed_macro_nats_full_precision_v3,0552c7f4701ada91e31e916f992171b9418cb47d283a56e61f311581d66266cb
2019-08-01,0.04561225220316238,isotropic_constructed_macro_nats_full_precision_v3,0552c7f4701ada91e31e916f992171b9418cb47d283a56e61f311581d66266cb
2019-08-05,0.04549214146979612,isotropic_constructed_macro_nats_full_precision_v3,0552c7f4701ada91e31e916f992171b9418cb47d283a56e61f311581d66266cb
2019-08-07,0.042297523158678255,isotropic_constructed_macro_nats_full_precision_v3,0552c7f4701ada91e31e916f992171b9418cb47d283a56e61f311581d66266cb
2019-08-09,0.04274568402012224,isotropic_constructed_macro_nats_full_precision_v3,0552c7f4701ada91e31e916f992171b9418cb47d283a56e61f311581d66266cb
2019-08-13,0.041722680309736165,isotropic_constructed_macro_nats_full_precision_v3,0552c7f4701ada91e31e916f992171b9418cb47d283a56e61f311581d66266cb
2019-08-15,0.04052241400398594,isotropic_constructed_macro_nats_full_precision_v3,0552c7f4701ada91e31e916f992171b9418cb47d283a56e61f311581d66266cb
2019-08-19,0.04236942213931483,isotropic_constructed_macro_nats_full_precision_v3,0552c7f4701ada91e31e916f992171b9418cb47d283a56e61f311581d66266cb
2019-08-21,0.047555294886351795,isotropic_constructed_macro_nats_full_precision_v3,0552c7f4701ada91e31e916f992171b9418cb47d283a56e61f311581d66266cb
2019-08-23,0.04817787316829823,isotropic_constructed_macro_nats_full_precision_v3,0552c7f4701ada91e31e916f992171b9418cb47d283a56e61f311581d66266cb
2019-08-27,0.04882173541132323,isotropic_constructed_macro_nats_full_precision_v3,0552c7f4701ada91e31e916f992171b9418cb47d283a56e61f311581d66266cb
2019-08-29,0.049510324781675885,isotropic_constructed_macro_nats_full_precision_v3,0552c7f4701ada91e31e916f992171b9418cb47d283a56e61f311581d66266cb
2019-09-03,0.04992711354211475,isotropic_constructed_macro_nats_full_precision_v3,0552c7f4701ada91e31e916f992171b9418cb47d283a56e61f311581d66266cb
2019-09-05,0.04838267152675267,isotropic_constructed_macro_nats_full_precision_v3,0552c7f4701ada91e31e916f992171b9418cb47d283a56e61f311581d66266cb
2019-09-09,0.05012498370979063,isotropic_constructed_macro_nats_full_precision_v3,0552c7f4701ada91e31e916f992171b9418cb47d283a56e61f311581d66266cb
2019-09-11,0.051458752278073894,isotropic_constructed_macro_nats_full_precision_v3,0552c7f4701ada91e31e916f992171b9418cb47d283a56e61f311581d66266cb
2019-09-13,0.05077323089976708,isotropic_constructed_macro_nats_full_precision_v3,0552c7f4701ada91e31e916f992171b9418cb47d283a56e61f311581d66266cb
2019-09-17,0.050496530207932835,isotropic_constructed_macro_nats_full_precision_v3,0552c7f4701ada91e31e916f992171b9418cb47d283a56e61f311581d66266cb
2019-09-19,0.04786646837147354,isotropic_constructed_macro_nats_full_precision_v3,0552c7f4701ada91e31e916f992171b9418cb47d283a56e61f311581d66266cb
2019-09-23,0.04985405682553411,isotropic_constructed_macro_nats_full_precision_v3,0552c7f4701ada91e31e916f992171b9418cb47d283a56e61f311581d66266cb
2019-09-25,0.049594927305515055,isotropic_constructed_macro_nats_full_precision_v3,0552c7f4701ada91e31e916f992171b9418cb47d283a56e61f311581d66266cb
2019-09-27,0.049951244160302,isotropic_constructed_macro_nats_full_precision_v3,0552c7f4701ada91e31e916f992171b9418cb47d283a56e61f311581d66266cb
2019-10-01,0.051336107184698554,isotropic_constructed_macro_nats_full_precision_v3,0552c7f4701ada91e31e916f992171b9418cb47d283a56e61f311581d66266cb
2019-10-03,0.051819950111705496,isotropic_constructed_macro_nats_full_precision_v3,0552c7f4701ada91e31e916f992171b9418cb47d283a56e61f311581d66266cb
2019-10-07,0.054545361967375305,isotropic_constructed_macro_nats_full_precision_v3,0552c7f4701ada91e31e916f992171b9418cb47d283a56e61f311581d66266cb
2019-10-09,0.055807937331880456,isotropic_constructed_macro_nats_full_precision_v3,0552c7f4701ada91e31e916f992171b9418cb47d283a56e61f311581d66266cb
2019-10-11,0.05343448478660684,isotropic_constructed_macro_nats_full_precision_v3,0552c7f4701ada91e31e916f992171b9418cb47d283a56e61f311581d66266cb
2019-10-15,0.05425154890047766,isotropic_constructed_macro_nats_full_precision_v3,0552c7f4701ada91e31e916f992171b9418cb47d283a56e61f311581d66266cb
2019-10-17,0.05539488102206462,isotropic_constructed_macro_nats_full_precision_v3,0552c7f4701ada91e31e916f992171b9418cb47d283a56e61f311581d66266cb
2019-10-21,0.050109154545031245,isotropic_constructed_macro_nats_full_precision_v3,0552c7f4701ada91e31e916f992171b9418cb47d283a56e61f311581d66266cb
2019-10-23,0.0495172963968912,isotropic_constructed_macro_nats_full_precision_v3,0552c7f4701ada91e31e916f992171b9418cb47d283a56e61f311581d66266cb
2019-10-25,0.04454270862300143,isotropic_constructed_macro_nats_full_precision_v3,0552c7f4701ada91e31e916f992171b9418cb47d283a56e61f311581d66266cb
2019-10-29,0.042433182434545344,isotropic_constructed_macro_nats_full_precision_v3,0552c7f4701ada91e31e916f992171b9418cb47d283a56e61f311581d66266cb
2019-10-31,0.04568661856516745,isotropic_constructed_macro_nats_full_precision_v3,0552c7f4701ada91e31e916f992171b9418cb47d283a56e61f311581d66266cb
2019-11-04,0.04840845287363843,isotropic_constructed_macro_nats_full_precision_v3,0552c7f4701ada91e31e916f992171b9418cb47d283a56e61f311581d66266cb
2019-11-06,0.04721731191401943,isotropic_constructed_macro_nats_full_precision_v3,0552c7f4701ada91e31e916f992171b9418cb47d283a56e61f311581d66266cb
2019-11-08,0.04424380195329529,isotropic_constructed_macro_nats_full_precision_v3,0552c7f4701ada91e31e916f992171b9418cb47d283a56e61f311581d66266cb
2019-11-12,0.04711219238127548,isotropic_constructed_macro_nats_full_precision_v3,0552c7f4701ada91e31e916f992171b9418cb47d283a56e61f311581d66266cb
2019-11-14,0.04978755239549114,isotropic_constructed_macro_nats_full_precision_v3,0552c7f4701ada91e31e916f992171b9418cb47d283a56e61f311581d66266cb
2019-11-18,0.047419313765569154,isotropic_constructed_macro_nats_full_precision_v3,0552c7f4701ada91e31e916f992171b9418cb47d283a56e61f311581d66266cb
2019-11-20,0.0455162671681337,isotropic_constructed_macro_nats_full_precision_v3,0552c7f4701ada91e31e916f992171b9418cb47d283a56e61f311581d66266cb
2019-11-22,0.04649661767317684,isotropic_constructed_macro_nats_full_precision_v3,0552c7f4701ada91e31e916f992171b9418cb47d283a56e61f311581d66266cb
2019-11-26,0.04258604488361327,isotropic_constructed_macro_nats_full_precision_v3,0552c7f4701ada91e31e916f992171b9418cb47d283a56e61f311581d66266cb
2019-11-29,0.03944941806729467,isotropic_constructed_macro_nats_full_precision_v3,0552c7f4701ada91e31e916f992171b9418cb47d283a56e61f311581d66266cb
2019-12-03,0.039922589877122536,isotropic_constructed_macro_nats_full_precision_v3,0552c7f4701ada91e31e916f992171b9418cb47d283a56e61f311581d66266cb
2019-12-05,0.04002620309809923,isotropic_constructed_macro_nats_full_precision_v3,0552c7f4701ada91e31e916f992171b9418cb47d283a56e61f311581d66266cb
2019-12-09,0.040881800070173585,isotropic_constructed_macro_nats_full_precision_v3,0552c7f4701ada91e31e916f992171b9418cb47d283a56e61f311581d66266cb
2019-12-11,0.04044188988442486,isotropic_constructed_macro_nats_full_precision_v3,0552c7f4701ada91e31e916f992171b9418cb47d283a56e61f311581d66266cb
2019-12-13,0.040230570141309846,isotropic_constructed_macro_nats_full_precision_v3,0552c7f4701ada91e31e916f992171b9418cb47d283a56e61f311581d66266cb
2019-12-17,0.03909913745586878,isotropic_constructed_macro_nats_full_precision_v3,0552c7f4701ada91e31e916f992171b9418cb47d283a56e61f311581d66266cb
2019-12-19,0.03844355040774257,isotropic_constructed_macro_nats_full_precision_v3,0552c7f4701ada91e31e916f992171b9418cb47d283a56e61f311581d66266cb
2019-12-23,0.03853312858067308,isotropic_constructed_macro_nats_full_precision_v3,0552c7f4701ada91e31e916f992171b9418cb47d283a56e61f311581d66266cb
2019-12-26,0.04129362701045618,isotropic_constructed_macro_nats_full_precision_v3,0552c7f4701ada91e31e916f992171b9418cb47d283a56e61f311581d66266cb
2019-12-30,0.03980847355840733,isotropic_constructed_macro_nats_full_precision_v3,0552c7f4701ada91e31e916f992171b9418cb47d283a56e61f311581d66266cb
2020-01-02,0.03795238355542191,isotropic_constructed_macro_nats_full_precision_v3,0552c7f4701ada91e31e916f992171b9418cb47d283a56e61f311581d66266cb
2020-01-06,0.04455359887192181,isotropic_constructed_macro_nats_full_precision_v3,0552c7f4701ada91e31e916f992171b9418cb47d283a56e61f311581d66266cb
2020-01-08,0.04210835053835335,isotropic_constructed_macro_nats_full_precision_v3,0552c7f4701ada91e31e916f992171b9418cb47d283a56e61f311581d66266cb
2020-01-10,0.03670160354377028,isotropic_constructed_macro_nats_full_precision_v3,0552c7f4701ada91e31e916f992171b9418cb47d283a56e61f311581d66266cb
2020-01-14,0.03330067547756339,isotropic_constructed_macro_nats_full_precision_v3,0552c7f4701ada91e31e916f992171b9418cb47d283a56e61f311581d66266cb
2020-01-16,0.03622075888510495,isotropic_constructed_macro_nats_full_precision_v3,0552c7f4701ada91e31e916f992171b9418cb47d283a56e61f311581d66266cb
2020-01-21,0.03376123077410825,isotropic_constructed_macro_nats_full_precision_v3,0552c7f4701ada91e31e916f992171b9418cb47d283a56e61f311581d66266cb
2020-01-23,0.029397161197207103,isotropic_constructed_macro_nats_full_precision_v3,0552c7f4701ada91e31e916f992171b9418cb47d283a56e61f311581d66266cb
2020-01-27,0.032491861661515506,isotropic_constructed_macro_nats_full_precision_v3,0552c7f4701ada91e31e916f992171b9418cb47d283a56e61f311581d66266cb
2020-01-29,0.03671470171831914,isotropic_constructed_macro_nats_full_precision_v3,0552c7f4701ada91e31e916f992171b9418cb47d283a56e61f311581d66266cb
2020-01-31,0.03672953524127867,isotropic_constructed_macro_nats_full_precision_v3,0552c7f4701ada91e31e916f992171b9418cb47d283a56e61f311581d66266cb
2020-02-04,0.03645145439905852,isotropic_constructed_macro_nats_full_precision_v3,0552c7f4701ada91e31e916f992171b9418cb47d283a56e61f311581d66266cb
2020-02-06,0.03721481380506239,isotropic_constructed_macro_nats_full_precision_v3,0552c7f4701ada91e31e916f992171b9418cb47d283a56e61f311581d66266cb
2020-02-10,0.04049043629540659,isotropic_constructed_macro_nats_full_precision_v3,0552c7f4701ada91e31e916f992171b9418cb47d283a56e61f311581d66266cb
2020-02-12,0.03895628714098129,isotropic_constructed_macro_nats_full_precision_v3,0552c7f4701ada91e31e916f992171b9418cb47d283a56e61f311581d66266cb
2020-02-14,0.04078689255193477,isotropic_constructed_macro_nats_full_precision_v3,0552c7f4701ada91e31e916f992171b9418cb47d283a56e61f311581d66266cb
2020-02-19,0.042414713321378625,isotropic_constructed_macro_nats_full_precision_v3,0552c7f4701ada91e31e916f992171b9418cb47d283a56e61f311581d66266cb
2020-02-21,0.0420589243416733,isotropic_constructed_macro_nats_full_precision_v3,0552c7f4701ada91e31e916f992171b9418cb47d283a56e61f311581d66266cb
2020-02-25,0.041043117613524305,isotropic_constructed_macro_nats_full_precision_v3,0552c7f4701ada91e31e916f992171b9418cb47d283a56e61f311581d66266cb
2020-02-27,0.04653977589347,isotropic_constructed_macro_nats_full_precision_v3,0552c7f4701ada91e31e916f992171b9418cb47d283a56e61f311581d66266cb
2020-03-02,0.057255526968859924,isotropic_constructed_macro_nats_full_precision_v3,0552c7f4701ada91e31e916f992171b9418cb47d283a56e61f311581d66266cb
2020-03-04,0.07995354641052016,isotropic_constructed_macro_nats_full_precision_v3,0552c7f4701ada91e31e916f992171b9418cb47d283a56e61f311581d66266cb
2020-03-06,0.0840860247411922,isotropic_constructed_macro_nats_full_precision_v3,0552c7f4701ada91e31e916f992171b9418cb47d283a56e61f311581d66266cb
2020-03-10,0.11152482556253922,isotropic_constructed_macro_nats_full_precision_v3,0552c7f4701ada91e31e916f992171b9418cb47d283a56e61f311581d66266cb
2020-03-12,0.10707390036424957,isotropic_constructed_macro_nats_full_precision_v3,0552c7f4701ada91e31e916f992171b9418cb47d283a56e61f311581d66266cb
2020-03-16,0.24235131436350016,isotropic_constructed_macro_nats_full_precision_v3,0552c7f4701ada91e31e916f992171b9418cb47d283a56e61f311581d66266cb
2020-03-18,0.2672028727615983,isotropic_constructed_macro_nats_full_precision_v3,0552c7f4701ada91e31e916f992171b9418cb47d283a56e61f311581d66266cb
2020-03-20,0.2287876439653792,isotropic_constructed_macro_nats_full_precision_v3,0552c7f4701ada91e31e916f992171b9418cb47d283a56e61f311581d66266cb
2020-03-24,0.18952638462654042,isotropic_constructed_macro_nats_full_precision_v3,0552c7f4701ada91e31e916f992171b9418cb47d283a56e61f311581d66266cb
2020-03-26,0.2170889491428442,isotropic_constructed_macro_nats_full_precision_v3,0552c7f4701ada91e31e916f992171b9418cb47d283a56e61f311581d66266cb
2020-03-30,0.18933015667292813,isotropic_constructed_macro_nats_full_precision_v3,0552c7f4701ada91e31e916f992171b9418cb47d283a56e61f311581d66266cb
2020-04-01,0.19287181165006753,isotropic_constructed_macro_nats_full_precision_v3,0552c7f4701ada91e31e916f992171b9418cb47d283a56e61f311581d66266cb
2020-04-03,0.19066836079196295,isotropic_constructed_macro_nats_full_precision_v3,0552c7f4701ada91e31e916f992171b9418cb47d283a56e61f311581d66266cb
2020-04-07,0.206323103990744,isotropic_constructed_macro_nats_full_precision_v3,0552c7f4701ada91e31e916f992171b9418cb47d283a56e61f311581d66266cb
2020-04-09,0.20250070078336457,isotropic_constructed_macro_nats_full_precision_v3,0552c7f4701ada91e31e916f992171b9418cb47d283a56e61f311581d66266cb
2020-04-14,0.20954427059880554,isotropic_constructed_macro_nats_full_precision_v3,0552c7f4701ada91e31e916f992171b9418cb47d283a56e61f311581d66266cb
2020-04-16,0.20361880359724885,isotropic_constructed_macro_nats_full_precision_v3,0552c7f4701ada91e31e916f992171b9418cb47d283a56e61f311581d66266cb
2020-04-20,0.2139794834341379,isotropic_constructed_macro_nats_full_precision_v3,0552c7f4701ada91e31e916f992171b9418cb47d283a56e61f311581d66266cb
2020-04-22,0.21081026737102823,isotropic_constructed_macro_nats_full_precision_v3,0552c7f4701ada91e31e916f992171b9418cb47d283a56e61f311581d66266cb
2020-04-24,0.199625494759936,isotropic_constructed_macro_nats_full_precision_v3,0552c7f4701ada91e31e916f992171b9418cb47d283a56e61f311581d66266cb
2020-04-28,0.19913543265765657,isotropic_constructed_macro_nats_full_precision_v3,0552c7f4701ada91e31e916f992171b9418cb47d283a56e61f311581d66266cb
2020-04-30,0.2067238068478248,isotropic_constructed_macro_nats_full_precision_v3,0552c7f4701ada91e31e916f992171b9418cb47d283a56e61f311581d66266cb
2020-05-04,0.1995419180781065,isotropic_constructed_macro_nats_full_precision_v3,0552c7f4701ada91e31e916f992171b9418cb47d283a56e61f311581d66266cb
2020-05-06,0.24942132898850994,isotropic_constructed_macro_nats_full_precision_v3,0552c7f4701ada91e31e916f992171b9418cb47d283a56e61f311581d66266cb
2020-05-08,0.2045289004790838,isotropic_constructed_macro_nats_full_precision_v3,0552c7f4701ada91e31e916f992171b9418cb47d283a56e61f311581d66266cb
2020-05-12,0.2045960471672025,isotropic_constructed_macro_nats_full_precision_v3,0552c7f4701ada91e31e916f992171b9418cb47d283a56e61f311581d66266cb
2020-05-14,0.20711253359575868,isotropic_constructed_macro_nats_full_precision_v3,0552c7f4701ada91e31e916f992171b9418cb47d283a56e61f311581d66266cb
2020-05-18,0.21726982728736313,isotropic_constructed_macro_nats_full_precision_v3,0552c7f4701ada91e31e916f992171b9418cb47d283a56e61f311581d66266cb
2020-05-20,0.21811528341599,isotropic_constructed_macro_nats_full_precision_v3,0552c7f4701ada91e31e916f992171b9418cb47d283a56e61f311581d66266cb
2020-05-22,0.21381385777350842,isotropic_constructed_macro_nats_full_precision_v3,0552c7f4701ada91e31e916f992171b9418cb47d283a56e61f311581d66266cb
2020-05-27,0.20996930746908637,isotropic_constructed_macro_nats_full_precision_v3,0552c7f4701ada91e31e916f992171b9418cb47d283a56e61f311581d66266cb
2020-05-29,0.21277434579651017,isotropic_constructed_macro_nats_full_precision_v3,0552c7f4701ada91e31e916f992171b9418cb47d283a56e61f311581d66266cb
2020-06-02,0.20956049011413777,isotropic_constructed_macro_nats_full_precision_v3,0552c7f4701ada91e31e916f992171b9418cb47d283a56e61f311581d66266cb
2020-06-04,0.21110035610692712,isotropic_constructed_macro_nats_full_precision_v3,0552c7f4701ada91e31e916f992171b9418cb47d283a56e61f311581d66266cb
2020-06-08,0.2131249750546975,isotropic_constructed_macro_nats_full_precision_v3,0552c7f4701ada91e31e916f992171b9418cb47d283a56e61f311581d66266cb
2020-06-10,0.21126754132598405,isotropic_constructed_macro_nats_full_precision_v3,0552c7f4701ada91e31e916f992171b9418cb47d283a56e61f311581d66266cb
2020-06-12,0.19975224619863696,isotropic_constructed_macro_nats_full_precision_v3,0552c7f4701ada91e31e916f992171b9418cb47d283a56e61f311581d66266cb
2020-06-16,0.23131097619599816,isotropic_constructed_macro_nats_full_precision_v3,0552c7f4701ada91e31e916f992171b9418cb47d283a56e61f311581d66266cb
2020-06-18,0.2272979736061017,isotropic_constructed_macro_nats_full_precision_v3,0552c7f4701ada91e31e916f992171b9418cb47d283a56e61f311581d66266cb
2020-06-22,0.22571031162788802,isotropic_constructed_macro_nats_full_precision_v3,0552c7f4701ada91e31e916f992171b9418cb47d283a56e61f311581d66266cb
2020-06-24,0.23138450084699153,isotropic_constructed_macro_nats_full_precision_v3,0552c7f4701ada91e31e916f992171b9418cb47d283a56e61f311581d66266cb
2020-06-26,0.23314412693571593,isotropic_constructed_macro_nats_full_precision_v3,0552c7f4701ada91e31e916f992171b9418cb47d283a56e61f311581d66266cb
2020-06-30,0.23366099671187796,isotropic_constructed_macro_nats_full_precision_v3,0552c7f4701ada91e31e916f992171b9418cb47d283a56e61f311581d66266cb
2020-07-02,0.233461475101182,isotropic_constructed_macro_nats_full_precision_v3,0552c7f4701ada91e31e916f992171b9418cb47d283a56e61f311581d66266cb
2020-07-07,0.23135090467456165,isotropic_constructed_macro_nats_full_precision_v3,0552c7f4701ada91e31e916f992171b9418cb47d283a56e61f311581d66266cb
2020-07-09,0.23085433705946712,isotropic_constructed_macro_nats_full_precision_v3,0552c7f4701ada91e31e916f992171b9418cb47d283a56e61f311581d66266cb
2020-07-13,0.22616390313177473,isotropic_constructed_macro_nats_full_precision_v3,0552c7f4701ada91e31e916f992171b9418cb47d283a56e61f311581d66266cb
2020-07-15,0.22203655799036368,isotropic_constructed_macro_nats_full_precision_v3,0552c7f4701ada91e31e916f992171b9418cb47d283a56e61f311581d66266cb
2020-07-17,0.22083270556271786,isotropic_constructed_macro_nats_full_precision_v3,0552c7f4701ada91e31e916f992171b9418cb47d283a56e61f311581d66266cb
2020-07-21,0.22141053111309586,isotropic_constructed_macro_nats_full_precision_v3,0552c7f4701ada91e31e916f992171b9418cb47d283a56e61f311581d66266cb
2020-07-23,0.21581789528884107,isotropic_constructed_macro_nats_full_precision_v3,0552c7f4701ada91e31e916f992171b9418cb47d283a56e61f311581d66266cb
2020-07-27,0.21485418731388653,isotropic_constructed_macro_nats_full_precision_v3,0552c7f4701ada91e31e916f992171b9418cb47d283a56e61f311581d66266cb
2020-07-29,0.18001097814314412,isotropic_constructed_macro_nats_full_precision_v3,0552c7f4701ada91e31e916f992171b9418cb47d283a56e61f311581d66266cb
2020-07-31,0.17287695248101662,isotropic_constructed_macro_nats_full_precision_v3,0552c7f4701ada91e31e916f992171b9418cb47d283a56e61f311581d66266cb
2020-08-04,0.16931462262083036,isotropic_constructed_macro_nats_full_precision_v3,0552c7f4701ada91e31e916f992171b9418cb47d283a56e61f311581d66266cb
2020-08-06,0.17369926528377433,isotropic_constructed_macro_nats_full_precision_v3,0552c7f4701ada91e31e916f992171b9418cb47d283a56e61f311581d66266cb
2020-08-10,0.17016780315474273,isotropic_constructed_macro_nats_full_precision_v3,0552c7f4701ada91e31e916f992171b9418cb47d283a56e61f311581d66266cb
2020-08-12,0.1710122482048984,isotropic_constructed_macro_nats_full_precision_v3,0552c7f4701ada91e31e916f992171b9418cb47d283a56e61f311581d66266cb
2020-08-14,0.16685160083112174,isotropic_constructed_macro_nats_full_precision_v3,0552c7f4701ada91e31e916f992171b9418cb47d283a56e61f311581d66266cb
2020-08-18,0.16837531099735903,isotropic_constructed_macro_nats_full_precision_v3,0552c7f4701ada91e31e916f992171b9418cb47d283a56e61f311581d66266cb
2020-08-20,0.1696749819424279,isotropic_constructed_macro_nats_full_precision_v3,0552c7f4701ada91e31e916f992171b9418cb47d283a56e61f311581d66266cb
2020-08-24,0.1632189636879474,isotropic_constructed_macro_nats_full_precision_v3,0552c7f4701ada91e31e916f992171b9418cb47d283a56e61f311581d66266cb
2020-08-26,0.15754152885056807,isotropic_constructed_macro_nats_full_precision_v3,0552c7f4701ada91e31e916f992171b9418cb47d283a56e61f311581d66266cb
2020-08-28,0.16147969778270777,isotropic_constructed_macro_nats_full_precision_v3,0552c7f4701ada91e31e916f992171b9418cb47d283a56e61f311581d66266cb
2020-09-01,0.16030038794500073,isotropic_constructed_macro_nats_full_precision_v3,0552c7f4701ada91e31e916f992171b9418cb47d283a56e61f311581d66266cb
2020-09-03,0.1576263851422762,isotropic_constructed_macro_nats_full_precision_v3,0552c7f4701ada91e31e916f992171b9418cb47d283a56e61f311581d66266cb
2020-09-08,0.16105892583680853,isotropic_constructed_macro_nats_full_precision_v3,0552c7f4701ada91e31e916f992171b9418cb47d283a56e61f311581d66266cb
2020-09-10,0.1586401055787107,isotropic_constructed_macro_nats_full_precision_v3,0552c7f4701ada91e31e916f992171b9418cb47d283a56e61f311581d66266cb
2020-09-14,0.154882731894866,isotropic_constructed_macro_nats_full_precision_v3,0552c7f4701ada91e31e916f992171b9418cb47d283a56e61f311581d66266cb
2020-09-16,0.15369181156601497,isotropic_constructed_macro_nats_full_precision_v3,0552c7f4701ada91e31e916f992171b9418cb47d283a56e61f311581d66266cb
2020-09-18,0.1576066027533591,isotropic_constructed_macro_nats_full_precision_v3,0552c7f4701ada91e31e916f992171b9418cb47d283a56e61f311581d66266cb
2020-09-22,0.15677816385127483,isotropic_constructed_macro_nats_full_precision_v3,0552c7f4701ada91e31e916f992171b9418cb47d283a56e61f311581d66266cb
2020-09-24,0.15867606570736434,isotropic_constructed_macro_nats_full_precision_v3,0552c7f4701ada91e31e916f992171b9418cb47d283a56e61f311581d66266cb
2020-09-28,0.15604409809564784,isotropic_constructed_macro_nats_full_precision_v3,0552c7f4701ada91e31e916f992171b9418cb47d283a56e61f311581d66266cb
2020-09-30,0.17296337743303347,isotropic_constructed_macro_nats_full_precision_v3,0552c7f4701ada91e31e916f992171b9418cb47d283a56e61f311581d66266cb
2020-10-02,0.16666700687536504,isotropic_constructed_macro_nats_full_precision_v3,0552c7f4701ada91e31e916f992171b9418cb47d283a56e61f311581d66266cb
2020-10-06,0.17439216474302346,isotropic_constructed_macro_nats_full_precision_v3,0552c7f4701ada91e31e916f992171b9418cb47d283a56e61f311581d66266cb
2020-10-08,0.15693309868094757,isotropic_constructed_macro_nats_full_precision_v3,0552c7f4701ada91e31e916f992171b9418cb47d283a56e61f311581d66266cb
2020-10-12,0.15689808242272724,isotropic_constructed_macro_nats_full_precision_v3,0552c7f4701ada91e31e916f992171b9418cb47d283a56e61f311581d66266cb
2020-10-14,0.16149041348223853,isotropic_constructed_macro_nats_full_precision_v3,0552c7f4701ada91e31e916f992171b9418cb47d283a56e61f311581d66266cb
2020-10-16,0.1642466080320909,isotropic_constructed_macro_nats_full_precision_v3,0552c7f4701ada91e31e916f992171b9418cb47d283a56e61f311581d66266cb
2020-10-20,0.16706593586966886,isotropic_constructed_macro_nats_full_precision_v3,0552c7f4701ada91e31e916f992171b9418cb47d283a56e61f311581d66266cb
2020-10-22,0.1740980239109961,isotropic_constructed_macro_nats_full_precision_v3,0552c7f4701ada91e31e916f992171b9418cb47d283a56e61f311581d66266cb
2020-10-26,0.17395488881641497,isotropic_constructed_macro_nats_full_precision_v3,0552c7f4701ada91e31e916f992171b9418cb47d283a56e61f311581d66266cb
2020-10-28,0.17617738011926531,isotropic_constructed_macro_nats_full_precision_v3,0552c7f4701ada91e31e916f992171b9418cb47d283a56e61f311581d66266cb
2020-10-30,0.17157140659509346,isotropic_constructed_macro_nats_full_precision_v3,0552c7f4701ada91e31e916f992171b9418cb47d283a56e61f311581d66266cb
2020-11-03,0.17151716387214574,isotropic_constructed_macro_nats_full_precision_v3,0552c7f4701ada91e31e916f992171b9418cb47d283a56e61f311581d66266cb
2020-11-05,0.17146137812765758,isotropic_constructed_macro_nats_full_precision_v3,0552c7f4701ada91e31e916f992171b9418cb47d283a56e61f311581d66266cb
2020-11-09,0.171997526406728,isotropic_constructed_macro_nats_full_precision_v3,0552c7f4701ada91e31e916f992171b9418cb47d283a56e61f311581d66266cb
2020-11-11,0.17723304792272512,isotropic_constructed_macro_nats_full_precision_v3,0552c7f4701ada91e31e916f992171b9418cb47d283a56e61f311581d66266cb
2020-11-13,0.17804398842478072,isotropic_constructed_macro_nats_full_precision_v3,0552c7f4701ada91e31e916f992171b9418cb47d283a56e61f311581d66266cb
2020-11-17,0.17930867850497412,isotropic_constructed_macro_nats_full_precision_v3,0552c7f4701ada91e31e916f992171b9418cb47d283a56e61f311581d66266cb
2020-11-19,0.1794148226696206,isotropic_constructed_macro_nats_full_precision_v3,0552c7f4701ada91e31e916f992171b9418cb47d283a56e61f311581d66266cb
2020-11-23,0.17822887879477053,isotropic_constructed_macro_nats_full_precision_v3,0552c7f4701ada91e31e916f992171b9418cb47d283a56e61f311581d66266cb
2020-11-25,0.1806964864303873,isotropic_constructed_macro_nats_full_precision_v3,0552c7f4701ada91e31e916f992171b9418cb47d283a56e61f311581d66266cb
2020-11-30,0.18061180790157286,isotropic_constructed_macro_nats_full_precision_v3,0552c7f4701ada91e31e916f992171b9418cb47d283a56e61f311581d66266cb
2020-12-02,0.17521417527195665,isotropic_constructed_macro_nats_full_precision_v3,0552c7f4701ada91e31e916f992171b9418cb47d283a56e61f311581d66266cb
2020-12-04,0.17402738429621747,isotropic_constructed_macro_nats_full_precision_v3,0552c7f4701ada91e31e916f992171b9418cb47d283a56e61f311581d66266cb
2020-12-08,0.1750043021887466,isotropic_constructed_macro_nats_full_precision_v3,0552c7f4701ada91e31e916f992171b9418cb47d283a56e61f311581d66266cb
2020-12-10,0.17360369045418836,isotropic_constructed_macro_nats_full_precision_v3,0552c7f4701ada91e31e916f992171b9418cb47d283a56e61f311581d66266cb
2020-12-14,0.17370975673724812,isotropic_constructed_macro_nats_full_precision_v3,0552c7f4701ada91e31e916f992171b9418cb47d283a56e61f311581d66266cb
2020-12-16,0.1745773252041099,isotropic_constructed_macro_nats_full_precision_v3,0552c7f4701ada91e31e916f992171b9418cb47d283a56e61f311581d66266cb
2020-12-18,0.17544180982596333,isotropic_constructed_macro_nats_full_precision_v3,0552c7f4701ada91e31e916f992171b9418cb47d283a56e61f311581d66266cb
2020-12-22,0.17627320777405053,isotropic_constructed_macro_nats_full_precision_v3,0552c7f4701ada91e31e916f992171b9418cb47d283a56e61f311581d66266cb
2020-12-24,0.17588020827746811,isotropic_constructed_macro_nats_full_precision_v3,0552c7f4701ada91e31e916f992171b9418cb47d283a56e61f311581d66266cb
2020-12-29,0.17546818471567127,isotropic_constructed_macro_nats_full_precision_v3,0552c7f4701ada91e31e916f992171b9418cb47d283a56e61f311581d66266cb
2020-12-31,0.17490614069592672,isotropic_constructed_macro_nats_full_precision_v3,0552c7f4701ada91e31e916f992171b9418cb47d283a56e61f311581d66266cb
2021-01-05,0.1731762861135462,isotropic_constructed_macro_nats_full_precision_v3,0552c7f4701ada91e31e916f992171b9418cb47d283a56e61f311581d66266cb
2021-01-07,0.1765265356684596,isotropic_constructed_macro_nats_full_precision_v3,0552c7f4701ada91e31e916f992171b9418cb47d283a56e61f311581d66266cb
2021-01-11,0.1740959380125069,isotropic_constructed_macro_nats_full_precision_v3,0552c7f4701ada91e31e916f992171b9418cb47d283a56e61f311581d66266cb
2021-01-13,0.17029524522006717,isotropic_constructed_macro_nats_full_precision_v3,0552c7f4701ada91e31e916f992171b9418cb47d283a56e61f311581d66266cb
2021-01-15,0.17059402979776594,isotropic_constructed_macro_nats_full_precision_v3,0552c7f4701ada91e31e916f992171b9418cb47d283a56e61f311581d66266cb
2021-01-20,0.16863929210868428,isotropic_constructed_macro_nats_full_precision_v3,0552c7f4701ada91e31e916f992171b9418cb47d283a56e61f311581d66266cb
2021-01-22,0.1703472959918288,isotropic_constructed_macro_nats_full_precision_v3,0552c7f4701ada91e31e916f992171b9418cb47d283a56e61f311581d66266cb
2021-01-26,0.1712315590006472,isotropic_constructed_macro_nats_full_precision_v3,0552c7f4701ada91e31e916f992171b9418cb47d283a56e61f311581d66266cb
2021-01-28,0.17105679333833826,isotropic_constructed_macro_nats_full_precision_v3,0552c7f4701ada91e31e916f992171b9418cb47d283a56e61f311581d66266cb
2021-02-01,0.17004454865102944,isotropic_constructed_macro_nats_full_precision_v3,0552c7f4701ada91e31e916f992171b9418cb47d283a56e61f311581d66266cb
2021-02-03,0.17254653981156187,isotropic_constructed_macro_nats_full_precision_v3,0552c7f4701ada91e31e916f992171b9418cb47d283a56e61f311581d66266cb
2021-02-05,0.17294513721470844,isotropic_constructed_macro_nats_full_precision_v3,0552c7f4701ada91e31e916f992171b9418cb47d283a56e61f311581d66266cb
2021-02-09,0.1761334054914094,isotropic_constructed_macro_nats_full_precision_v3,0552c7f4701ada91e31e916f992171b9418cb47d283a56e61f311581d66266cb
2021-02-11,0.1757514304804945,isotropic_constructed_macro_nats_full_precision_v3,0552c7f4701ada91e31e916f992171b9418cb47d283a56e61f311581d66266cb
2021-02-16,0.17011546634252578,isotropic_constructed_macro_nats_full_precision_v3,0552c7f4701ada91e31e916f992171b9418cb47d283a56e61f311581d66266cb
2021-02-18,0.1722946357066741,isotropic_constructed_macro_nats_full_precision_v3,0552c7f4701ada91e31e916f992171b9418cb47d283a56e61f311581d66266cb
2021-02-22,0.1702188339081227,isotropic_constructed_macro_nats_full_precision_v3,0552c7f4701ada91e31e916f992171b9418cb47d283a56e61f311581d66266cb
2021-02-24,0.17203810418989463,isotropic_constructed_macro_nats_full_precision_v3,0552c7f4701ada91e31e916f992171b9418cb47d283a56e61f311581d66266cb
2021-02-26,0.17587212569563038,isotropic_constructed_macro_nats_full_precision_v3,0552c7f4701ada91e31e916f992171b9418cb47d283a56e61f311581d66266cb
2021-03-02,0.17708548272781838,isotropic_constructed_macro_nats_full_precision_v3,0552c7f4701ada91e31e916f992171b9418cb47d283a56e61f311581d66266cb
2021-03-04,0.1775456515973063,isotropic_constructed_macro_nats_full_precision_v3,0552c7f4701ada91e31e916f992171b9418cb47d283a56e61f311581d66266cb
2021-03-08,0.17770825449503813,isotropic_constructed_macro_nats_full_precision_v3,0552c7f4701ada91e31e916f992171b9418cb47d283a56e61f311581d66266cb
2021-03-10,0.17668117107549075,isotropic_constructed_macro_nats_full_precision_v3,0552c7f4701ada91e31e916f992171b9418cb47d283a56e61f311581d66266cb
2021-03-12,0.17507347416250998,isotropic_constructed_macro_nats_full_precision_v3,0552c7f4701ada91e31e916f992171b9418cb47d283a56e61f311581d66266cb
2021-03-16,0.17501040278305466,isotropic_constructed_macro_nats_full_precision_v3,0552c7f4701ada91e31e916f992171b9418cb47d283a56e61f311581d66266cb
2021-03-18,0.17421829200449568,isotropic_constructed_macro_nats_full_precision_v3,0552c7f4701ada91e31e916f992171b9418cb47d283a56e61f311581d66266cb
2021-03-22,0.17465970658536623,isotropic_constructed_macro_nats_full_precision_v3,0552c7f4701ada91e31e916f992171b9418cb47d283a56e61f311581d66266cb
2021-03-24,0.17359030226141753,isotropic_constructed_macro_nats_full_precision_v3,0552c7f4701ada91e31e916f992171b9418cb47d283a56e61f311581d66266cb
2021-03-26,0.17556890449091653,isotropic_constructed_macro_nats_full_precision_v3,0552c7f4701ada91e31e916f992171b9418cb47d283a56e61f311581d66266cb
2021-03-30,0.17920351553798,isotropic_constructed_macro_nats_full_precision_v3,0552c7f4701ada91e31e916f992171b9418cb47d283a56e61f311581d66266cb
2021-04-01,0.18196943640365681,isotropic_constructed_macro_nats_full_precision_v3,0552c7f4701ada91e31e916f992171b9418cb47d283a56e61f311581d66266cb
2021-04-06,0.17880883415379684,isotropic_constructed_macro_nats_full_precision_v3,0552c7f4701ada91e31e916f992171b9418cb47d283a56e61f311581d66266cb
2021-04-08,0.1849367482743986,isotropic_constructed_macro_nats_full_precision_v3,0552c7f4701ada91e31e916f992171b9418cb47d283a56e61f311581d66266cb
2021-04-12,0.18590742446440214,isotropic_constructed_macro_nats_full_precision_v3,0552c7f4701ada91e31e916f992171b9418cb47d283a56e61f311581d66266cb
2021-04-14,0.18821438523344453,isotropic_constructed_macro_nats_full_precision_v3,0552c7f4701ada91e31e916f992171b9418cb47d283a56e61f311581d66266cb
2021-04-16,0.18864633871329003,isotropic_constructed_macro_nats_full_precision_v3,0552c7f4701ada91e31e916f992171b9418cb47d283a56e61f311581d66266cb
2021-04-20,0.1857697014034874,isotropic_constructed_macro_nats_full_precision_v3,0552c7f4701ada91e31e916f992171b9418cb47d283a56e61f311581d66266cb
2021-04-22,0.1817657635428386,isotropic_constructed_macro_nats_full_precision_v3,0552c7f4701ada91e31e916f992171b9418cb47d283a56e61f311581d66266cb
2021-04-26,0.18708416394255883,isotropic_constructed_macro_nats_full_precision_v3,0552c7f4701ada91e31e916f992171b9418cb47d283a56e61f311581d66266cb
2021-04-28,0.18806050568668203,isotropic_constructed_macro_nats_full_precision_v3,0552c7f4701ada91e31e916f992171b9418cb47d283a56e61f311581d66266cb
2021-04-30,0.18544154212157493,isotropic_constructed_macro_nats_full_precision_v3,0552c7f4701ada91e31e916f992171b9418cb47d283a56e61f311581d66266cb
2021-05-04,0.18422379114634094,isotropic_constructed_macro_nats_full_precision_v3,0552c7f4701ada91e31e916f992171b9418cb47d283a56e61f311581d66266cb
2021-05-06,0.18511981713541512,isotropic_constructed_macro_nats_full_precision_v3,0552c7f4701ada91e31e916f992171b9418cb47d283a56e61f311581d66266cb
2021-05-10,0.1886953612304468,isotropic_constructed_macro_nats_full_precision_v3,0552c7f4701ada91e31e916f992171b9418cb47d283a56e61f311581d66266cb
2021-05-12,0.18878871150188098,isotropic_constructed_macro_nats_full_precision_v3,0552c7f4701ada91e31e916f992171b9418cb47d283a56e61f311581d66266cb
2021-05-14,0.19144560883980452,isotropic_constructed_macro_nats_full_precision_v3,0552c7f4701ada91e31e916f992171b9418cb47d283a56e61f311581d66266cb
2021-05-18,0.1955344599738052,isotropic_constructed_macro_nats_full_precision_v3,0552c7f4701ada91e31e916f992171b9418cb47d283a56e61f311581d66266cb
2021-05-20,0.20102817678544102,isotropic_constructed_macro_nats_full_precision_v3,0552c7f4701ada91e31e916f992171b9418cb47d283a56e61f311581d66266cb
2021-05-24,0.1995414549129686,isotropic_constructed_macro_nats_full_precision_v3,0552c7f4701ada91e31e916f992171b9418cb47d283a56e61f311581d66266cb
2021-05-26,0.2002978898122554,isotropic_constructed_macro_nats_full_precision_v3,0552c7f4701ada91e31e916f992171b9418cb47d283a56e61f311581d66266cb
2021-05-28,0.20882786830091343,isotropic_constructed_macro_nats_full_precision_v3,0552c7f4701ada91e31e916f992171b9418cb47d283a56e61f311581d66266cb
2021-06-02,0.2071434088313616,isotropic_constructed_macro_nats_full_precision_v3,0552c7f4701ada91e31e916f992171b9418cb47d283a56e61f311581d66266cb
2021-06-04,0.19917686944677573,isotropic_constructed_macro_nats_full_precision_v3,0552c7f4701ada91e31e916f992171b9418cb47d283a56e61f311581d66266cb
2021-06-08,0.20049329894746826,isotropic_constructed_macro_nats_full_precision_v3,0552c7f4701ada91e31e916f992171b9418cb47d283a56e61f311581d66266cb
2021-06-10,0.1983206303537091,isotropic_constructed_macro_nats_full_precision_v3,0552c7f4701ada91e31e916f992171b9418cb47d283a56e61f311581d66266cb
2021-06-14,0.1987238862979882,isotropic_constructed_macro_nats_full_precision_v3,0552c7f4701ada91e31e916f992171b9418cb47d283a56e61f311581d66266cb
2021-06-16,0.19706806801759616,isotropic_constructed_macro_nats_full_precision_v3,0552c7f4701ada91e31e916f992171b9418cb47d283a56e61f311581d66266cb
2021-06-18,0.19774247235544457,isotropic_constructed_macro_nats_full_precision_v3,0552c7f4701ada91e31e916f992171b9418cb47d283a56e61f311581d66266cb
2021-06-22,0.19447469616813262,isotropic_constructed_macro_nats_full_precision_v3,0552c7f4701ada91e31e916f992171b9418cb47d283a56e61f311581d66266cb
2021-06-24,0.19371093158087843,isotropic_constructed_macro_nats_full_precision_v3,0552c7f4701ada91e31e916f992171b9418cb47d283a56e61f311581d66266cb
2021-06-28,0.19608292685592338,isotropic_constructed_macro_nats_full_precision_v3,0552c7f4701ada91e31e916f992171b9418cb47d283a56e61f311581d66266cb
2021-06-30,0.19777796356641547,isotropic_constructed_macro_nats_full_precision_v3,0552c7f4701ada91e31e916f992171b9418cb47d283a56e61f311581d66266cb
2021-07-02,0.1944318627936786,isotropic_constructed_macro_nats_full_precision_v3,0552c7f4701ada91e31e916f992171b9418cb47d283a56e61f311581d66266cb
2021-07-07,0.1942472956858237,isotropic_constructed_macro_nats_full_precision_v3,0552c7f4701ada91e31e916f992171b9418cb47d283a56e61f311581d66266cb
2021-07-09,0.19491857643927873,isotropic_constructed_macro_nats_full_precision_v3,0552c7f4701ada91e31e916f992171b9418cb47d283a56e61f311581d66266cb
2021-07-13,0.19668054751844288,isotropic_constructed_macro_nats_full_precision_v3,0552c7f4701ada91e31e916f992171b9418cb47d283a56e61f311581d66266cb
2021-07-15,0.19570934328587336,isotropic_constructed_macro_nats_full_precision_v3,0552c7f4701ada91e31e916f992171b9418cb47d283a56e61f311581d66266cb
2021-07-19,0.19918899779705168,isotropic_constructed_macro_nats_full_precision_v3,0552c7f4701ada91e31e916f992171b9418cb47d283a56e61f311581d66266cb
2021-07-21,0.2014073428428667,isotropic_constructed_macro_nats_full_precision_v3,0552c7f4701ada91e31e916f992171b9418cb47d283a56e61f311581d66266cb
2021-07-23,0.2029964583666756,isotropic_constructed_macro_nats_full_precision_v3,0552c7f4701ada91e31e916f992171b9418cb47d283a56e61f311581d66266cb
2021-07-27,0.20257438236854874,isotropic_constructed_macro_nats_full_precision_v3,0552c7f4701ada91e31e916f992171b9418cb47d283a56e61f311581d66266cb
2021-07-29,0.20319116870951462,isotropic_constructed_macro_nats_full_precision_v3,0552c7f4701ada91e31e916f992171b9418cb47d283a56e61f311581d66266cb
2021-08-02,0.21159131343768034,isotropic_constructed_macro_nats_full_precision_v3,0552c7f4701ada91e31e916f992171b9418cb47d283a56e61f311581d66266cb
2021-08-04,0.20960838859676792,isotropic_constructed_macro_nats_full_precision_v3,0552c7f4701ada91e31e916f992171b9418cb47d283a56e61f311581d66266cb
2021-08-06,0.2116329686245173,isotropic_constructed_macro_nats_full_precision_v3,0552c7f4701ada91e31e916f992171b9418cb47d283a56e61f311581d66266cb
2021-08-10,0.21230062805615932,isotropic_constructed_macro_nats_full_precision_v3,0552c7f4701ada91e31e916f992171b9418cb47d283a56e61f311581d66266cb
2021-08-12,0.21450839248744438,isotropic_constructed_macro_nats_full_precision_v3,0552c7f4701ada91e31e916f992171b9418cb47d283a56e61f311581d66266cb
2021-08-16,0.20866976352861122,isotropic_constructed_macro_nats_full_precision_v3,0552c7f4701ada91e31e916f992171b9418cb47d283a56e61f311581d66266cb
2021-08-18,0.21029104845457655,isotropic_constructed_macro_nats_full_precision_v3,0552c7f4701ada91e31e916f992171b9418cb47d283a56e61f311581d66266cb
2021-08-20,0.2060585943536092,isotropic_constructed_macro_nats_full_precision_v3,0552c7f4701ada91e31e916f992171b9418cb47d283a56e61f311581d66266cb
2021-08-24,0.20534143773221042,isotropic_constructed_macro_nats_full_precision_v3,0552c7f4701ada91e31e916f992171b9418cb47d283a56e61f311581d66266cb
2021-08-26,0.20770393535747947,isotropic_constructed_macro_nats_full_precision_v3,0552c7f4701ada91e31e916f992171b9418cb47d283a56e61f311581d66266cb
2021-08-30,0.2016657720742213,isotropic_constructed_macro_nats_full_precision_v3,0552c7f4701ada91e31e916f992171b9418cb47d283a56e61f311581d66266cb
2021-09-01,0.20085325815159205,isotropic_constructed_macro_nats_full_precision_v3,0552c7f4701ada91e31e916f992171b9418cb47d283a56e61f311581d66266cb
2021-09-03,0.20367114376773376,isotropic_constructed_macro_nats_full_precision_v3,0552c7f4701ada91e31e916f992171b9418cb47d283a56e61f311581d66266cb
2021-09-08,0.20301804157461056,isotropic_constructed_macro_nats_full_precision_v3,0552c7f4701ada91e31e916f992171b9418cb47d283a56e61f311581d66266cb
2021-09-10,0.19987017405065804,isotropic_constructed_macro_nats_full_precision_v3,0552c7f4701ada91e31e916f992171b9418cb47d283a56e61f311581d66266cb
2021-09-14,0.20058815399217284,isotropic_constructed_macro_nats_full_precision_v3,0552c7f4701ada91e31e916f992171b9418cb47d283a56e61f311581d66266cb
2021-09-16,0.2030517358394355,isotropic_constructed_macro_nats_full_precision_v3,0552c7f4701ada91e31e916f992171b9418cb47d283a56e61f311581d66266cb
2021-09-20,0.20344193881186037,isotropic_constructed_macro_nats_full_precision_v3,0552c7f4701ada91e31e916f992171b9418cb47d283a56e61f311581d66266cb
2021-09-22,0.2098844605030859,isotropic_constructed_macro_nats_full_precision_v3,0552c7f4701ada91e31e916f992171b9418cb47d283a56e61f311581d66266cb
2021-09-24,0.20589400985355114,isotropic_constructed_macro_nats_full_precision_v3,0552c7f4701ada91e31e916f992171b9418cb47d283a56e61f311581d66266cb
2021-09-28,0.2063178933863424,isotropic_constructed_macro_nats_full_precision_v3,0552c7f4701ada91e31e916f992171b9418cb47d283a56e61f311581d66266cb
2021-09-30,0.20361335062324848,isotropic_constructed_macro_nats_full_precision_v3,0552c7f4701ada91e31e916f992171b9418cb47d283a56e61f311581d66266cb
2021-10-04,0.2033237258919519,isotropic_constructed_macro_nats_full_precision_v3,0552c7f4701ada91e31e916f992171b9418cb47d283a56e61f311581d66266cb
2021-10-06,0.20326167881894364,isotropic_constructed_macro_nats_full_precision_v3,0552c7f4701ada91e31e916f992171b9418cb47d283a56e61f311581d66266cb
2021-10-08,0.20178281827348948,isotropic_constructed_macro_nats_full_precision_v3,0552c7f4701ada91e31e916f992171b9418cb47d283a56e61f311581d66266cb
2021-10-12,0.20244464666028766,isotropic_constructed_macro_nats_full_precision_v3,0552c7f4701ada91e31e916f992171b9418cb47d283a56e61f311581d66266cb
2021-10-14,0.20188317251915464,isotropic_constructed_macro_nats_full_precision_v3,0552c7f4701ada91e31e916f992171b9418cb47d283a56e61f311581d66266cb
2021-10-18,0.20891279726417084,isotropic_constructed_macro_nats_full_precision_v3,0552c7f4701ada91e31e916f992171b9418cb47d283a56e61f311581d66266cb
2021-10-20,0.2175251863227789,isotropic_constructed_macro_nats_full_precision_v3,0552c7f4701ada91e31e916f992171b9418cb47d283a56e61f311581d66266cb
2021-10-22,0.22057667449187152,isotropic_constructed_macro_nats_full_precision_v3,0552c7f4701ada91e31e916f992171b9418cb47d283a56e61f311581d66266cb
2021-10-26,0.21782045956777166,isotropic_constructed_macro_nats_full_precision_v3,0552c7f4701ada91e31e916f992171b9418cb47d283a56e61f311581d66266cb
2021-10-28,0.22043460571141865,isotropic_constructed_macro_nats_full_precision_v3,0552c7f4701ada91e31e916f992171b9418cb47d283a56e61f311581d66266cb
2021-11-01,0.21250094640316827,isotropic_constructed_macro_nats_full_precision_v3,0552c7f4701ada91e31e916f992171b9418cb47d283a56e61f311581d66266cb
2021-11-03,0.21144908009509605,isotropic_constructed_macro_nats_full_precision_v3,0552c7f4701ada91e31e916f992171b9418cb47d283a56e61f311581d66266cb
2021-11-05,0.20853408822082897,isotropic_constructed_macro_nats_full_precision_v3,0552c7f4701ada91e31e916f992171b9418cb47d283a56e61f311581d66266cb
2021-11-09,0.2084869739377117,isotropic_constructed_macro_nats_full_precision_v3,0552c7f4701ada91e31e916f992171b9418cb47d283a56e61f311581d66266cb
2021-11-11,0.2147472750499942,isotropic_constructed_macro_nats_full_precision_v3,0552c7f4701ada91e31e916f992171b9418cb47d283a56e61f311581d66266cb
2021-11-15,0.21886058322218294,isotropic_constructed_macro_nats_full_precision_v3,0552c7f4701ada91e31e916f992171b9418cb47d283a56e61f311581d66266cb
2021-11-17,0.2261902610587179,isotropic_constructed_macro_nats_full_precision_v3,0552c7f4701ada91e31e916f992171b9418cb47d283a56e61f311581d66266cb
2021-11-19,0.2326464600356591,isotropic_constructed_macro_nats_full_precision_v3,0552c7f4701ada91e31e916f992171b9418cb47d283a56e61f311581d66266cb
2021-11-23,0.22828379266770385,isotropic_constructed_macro_nats_full_precision_v3,0552c7f4701ada91e31e916f992171b9418cb47d283a56e61f311581d66266cb
2021-11-26,0.22994234513228057,isotropic_constructed_macro_nats_full_precision_v3,0552c7f4701ada91e31e916f992171b9418cb47d283a56e61f311581d66266cb
2021-11-30,0.22437345976305537,isotropic_constructed_macro_nats_full_precision_v3,0552c7f4701ada91e31e916f992171b9418cb47d283a56e61f311581d66266cb
2021-12-02,0.2189963166818965,isotropic_constructed_macro_nats_full_precision_v3,0552c7f4701ada91e31e916f992171b9418cb47d283a56e61f311581d66266cb
2021-12-06,0.22748027324778994,isotropic_constructed_macro_nats_full_precision_v3,0552c7f4701ada91e31e916f992171b9418cb47d283a56e61f311581d66266cb
2021-12-08,0.22508897898503802,isotropic_constructed_macro_nats_full_precision_v3,0552c7f4701ada91e31e916f992171b9418cb47d283a56e61f311581d66266cb
2021-12-10,0.22721192155007178,isotropic_constructed_macro_nats_full_precision_v3,0552c7f4701ada91e31e916f992171b9418cb47d283a56e61f311581d66266cb
2021-12-14,0.2258072492493093,isotropic_constructed_macro_nats_full_precision_v3,0552c7f4701ada91e31e916f992171b9418cb47d283a56e61f311581d66266cb
2021-12-16,0.22812546024503558,isotropic_constructed_macro_nats_full_precision_v3,0552c7f4701ada91e31e916f992171b9418cb47d283a56e61f311581d66266cb
2021-12-20,0.22930401678570558,isotropic_constructed_macro_nats_full_precision_v3,0552c7f4701ada91e31e916f992171b9418cb47d283a56e61f311581d66266cb
2021-12-22,0.23018338156498666,isotropic_constructed_macro_nats_full_precision_v3,0552c7f4701ada91e31e916f992171b9418cb47d283a56e61f311581d66266cb
2021-12-27,0.228114674423474,isotropic_constructed_macro_nats_full_precision_v3,0552c7f4701ada91e31e916f992171b9418cb47d283a56e61f311581d66266cb
2021-12-29,0.2288852459749571,isotropic_constructed_macro_nats_full_precision_v3,0552c7f4701ada91e31e916f992171b9418cb47d283a56e61f311581d66266cb
2021-12-31,0.2313881902412739,isotropic_constructed_macro_nats_full_precision_v3,0552c7f4701ada91e31e916f992171b9418cb47d283a56e61f311581d66266cb
2022-01-04,0.22831465120838673,isotropic_constructed_macro_nats_full_precision_v3,0552c7f4701ada91e31e916f992171b9418cb47d283a56e61f311581d66266cb
2022-01-06,0.23091312072171738,isotropic_constructed_macro_nats_full_precision_v3,0552c7f4701ada91e31e916f992171b9418cb47d283a56e61f311581d66266cb
2022-01-10,0.2311009533057629,isotropic_constructed_macro_nats_full_precision_v3,0552c7f4701ada91e31e916f992171b9418cb47d283a56e61f311581d66266cb
2022-01-12,0.22703268424616982,isotropic_constructed_macro_nats_full_precision_v3,0552c7f4701ada91e31e916f992171b9418cb47d283a56e61f311581d66266cb
2022-01-14,0.22370748941173926,isotropic_constructed_macro_nats_full_precision_v3,0552c7f4701ada91e31e916f992171b9418cb47d283a56e61f311581d66266cb
2022-01-19,0.22241737227697717,isotropic_constructed_macro_nats_full_precision_v3,0552c7f4701ada91e31e916f992171b9418cb47d283a56e61f311581d66266cb
2022-01-21,0.21950737993566302,isotropic_constructed_macro_nats_full_precision_v3,0552c7f4701ada91e31e916f992171b9418cb47d283a56e61f311581d66266cb
2022-01-25,0.21031984919590277,isotropic_constructed_macro_nats_full_precision_v3,0552c7f4701ada91e31e916f992171b9418cb47d283a56e61f311581d66266cb
2022-01-27,0.22386768909640326,isotropic_constructed_macro_nats_full_precision_v3,0552c7f4701ada91e31e916f992171b9418cb47d283a56e61f311581d66266cb
2022-01-31,0.22836523629077768,isotropic_constructed_macro_nats_full_precision_v3,0552c7f4701ada91e31e916f992171b9418cb47d283a56e61f311581d66266cb
2022-02-02,0.22781446769765915,isotropic_constructed_macro_nats_full_precision_v3,0552c7f4701ada91e31e916f992171b9418cb47d283a56e61f311581d66266cb
2022-02-04,0.2183326359612053,isotropic_constructed_macro_nats_full_precision_v3,0552c7f4701ada91e31e916f992171b9418cb47d283a56e61f311581d66266cb
2022-02-08,0.21886852638375034,isotropic_constructed_macro_nats_full_precision_v3,0552c7f4701ada91e31e916f992171b9418cb47d283a56e61f311581d66266cb
2022-02-10,0.21675685373788778,isotropic_constructed_macro_nats_full_precision_v3,0552c7f4701ada91e31e916f992171b9418cb47d283a56e61f311581d66266cb
2022-02-14,0.22134634771245665,isotropic_constructed_macro_nats_full_precision_v3,0552c7f4701ada91e31e916f992171b9418cb47d283a56e61f311581d66266cb
2022-02-16,0.22037975462629994,isotropic_constructed_macro_nats_full_precision_v3,0552c7f4701ada91e31e916f992171b9418cb47d283a56e61f311581d66266cb
2022-02-18,0.2319814550444501,isotropic_constructed_macro_nats_full_precision_v3,0552c7f4701ada91e31e916f992171b9418cb47d283a56e61f311581d66266cb
2022-02-23,0.21666399206213555,isotropic_constructed_macro_nats_full_precision_v3,0552c7f4701ada91e31e916f992171b9418cb47d283a56e61f311581d66266cb
2022-02-25,0.22063251602314124,isotropic_constructed_macro_nats_full_precision_v3,0552c7f4701ada91e31e916f992171b9418cb47d283a56e61f311581d66266cb
2022-03-01,0.2185589051176563,isotropic_constructed_macro_nats_full_precision_v3,0552c7f4701ada91e31e916f992171b9418cb47d283a56e61f311581d66266cb
2022-03-03,0.22126115527247686,isotropic_constructed_macro_nats_full_precision_v3,0552c7f4701ada91e31e916f992171b9418cb47d283a56e61f311581d66266cb
2022-03-07,0.21433309540248605,isotropic_constructed_macro_nats_full_precision_v3,0552c7f4701ada91e31e916f992171b9418cb47d283a56e61f311581d66266cb
2022-03-09,0.23804148016659923,isotropic_constructed_macro_nats_full_precision_v3,0552c7f4701ada91e31e916f992171b9418cb47d283a56e61f311581d66266cb
2022-03-11,0.24582693891273272,isotropic_constructed_macro_nats_full_precision_v3,0552c7f4701ada91e31e916f992171b9418cb47d283a56e61f311581d66266cb
2022-03-15,0.25234424446043924,isotropic_constructed_macro_nats_full_precision_v3,0552c7f4701ada91e31e916f992171b9418cb47d283a56e61f311581d66266cb
2022-03-17,0.25593047747590525,isotropic_constructed_macro_nats_full_precision_v3,0552c7f4701ada91e31e916f992171b9418cb47d283a56e61f311581d66266cb
2022-03-21,0.24787843116808062,isotropic_constructed_macro_nats_full_precision_v3,0552c7f4701ada91e31e916f992171b9418cb47d283a56e61f311581d66266cb
2022-03-23,0.24813443992171488,isotropic_constructed_macro_nats_full_precision_v3,0552c7f4701ada91e31e916f992171b9418cb47d283a56e61f311581d66266cb
2022-03-25,0.24768414730950022,isotropic_constructed_macro_nats_full_precision_v3,0552c7f4701ada91e31e916f992171b9418cb47d283a56e61f311581d66266cb
2022-03-29,0.24278460098761817,isotropic_constructed_macro_nats_full_precision_v3,0552c7f4701ada91e31e916f992171b9418cb47d283a56e61f311581d66266cb
2022-03-31,0.24212085333032823,isotropic_constructed_macro_nats_full_precision_v3,0552c7f4701ada91e31e916f992171b9418cb47d283a56e61f311581d66266cb
2022-04-04,0.24467408687282372,isotropic_constructed_macro_nats_full_precision_v3,0552c7f4701ada91e31e916f992171b9418cb47d283a56e61f311581d66266cb
2022-04-06,0.2504671153725291,isotropic_constructed_macro_nats_full_precision_v3,0552c7f4701ada91e31e916f992171b9418cb47d283a56e61f311581d66266cb
2022-04-08,0.24964494708139667,isotropic_constructed_macro_nats_full_precision_v3,0552c7f4701ada91e31e916f992171b9418cb47d283a56e61f311581d66266cb
2022-04-12,0.2510086030803302,isotropic_constructed_macro_nats_full_precision_v3,0552c7f4701ada91e31e916f992171b9418cb47d283a56e61f311581d66266cb
2022-04-14,0.24381121089416585,isotropic_constructed_macro_nats_full_precision_v3,0552c7f4701ada91e31e916f992171b9418cb47d283a56e61f311581d66266cb
2022-04-19,0.24310147874600097,isotropic_constructed_macro_nats_full_precision_v3,0552c7f4701ada91e31e916f992171b9418cb47d283a56e61f311581d66266cb
2022-04-21,0.2341212470036344,isotropic_constructed_macro_nats_full_precision_v3,0552c7f4701ada91e31e916f992171b9418cb47d283a56e61f311581d66266cb
2022-04-25,0.24128171198469814,isotropic_constructed_macro_nats_full_precision_v3,0552c7f4701ada91e31e916f992171b9418cb47d283a56e61f311581d66266cb
2022-04-27,0.23291653252459615,isotropic_constructed_macro_nats_full_precision_v3,0552c7f4701ada91e31e916f992171b9418cb47d283a56e61f311581d66266cb
2022-04-29,0.2473872159457976,isotropic_constructed_macro_nats_full_precision_v3,0552c7f4701ada91e31e916f992171b9418cb47d283a56e61f311581d66266cb
2022-05-03,0.24552014354815413,isotropic_constructed_macro_nats_full_precision_v3,0552c7f4701ada91e31e916f992171b9418cb47d283a56e61f311581d66266cb
2022-05-05,0.23082035306344317,isotropic_constructed_macro_nats_full_precision_v3,0552c7f4701ada91e31e916f992171b9418cb47d283a56e61f311581d66266cb
2022-05-09,0.23511307042745855,isotropic_constructed_macro_nats_full_precision_v3,0552c7f4701ada91e31e916f992171b9418cb47d283a56e61f311581d66266cb
2022-05-11,0.22987213585959204,isotropic_constructed_macro_nats_full_precision_v3,0552c7f4701ada91e31e916f992171b9418cb47d283a56e61f311581d66266cb
2022-05-13,0.23262839416838207,isotropic_constructed_macro_nats_full_precision_v3,0552c7f4701ada91e31e916f992171b9418cb47d283a56e61f311581d66266cb
2022-05-17,0.23139620957797447,isotropic_constructed_macro_nats_full_precision_v3,0552c7f4701ada91e31e916f992171b9418cb47d283a56e61f311581d66266cb
2022-05-19,0.22778301054779793,isotropic_constructed_macro_nats_full_precision_v3,0552c7f4701ada91e31e916f992171b9418cb47d283a56e61f311581d66266cb
2022-05-23,0.22758744190601715,isotropic_constructed_macro_nats_full_precision_v3,0552c7f4701ada91e31e916f992171b9418cb47d283a56e61f311581d66266cb
2022-05-25,0.22734021192102444,isotropic_constructed_macro_nats_full_precision_v3,0552c7f4701ada91e31e916f992171b9418cb47d283a56e61f311581d66266cb
2022-05-27,0.22713018481043126,isotropic_constructed_macro_nats_full_precision_v3,0552c7f4701ada91e31e916f992171b9418cb47d283a56e61f311581d66266cb
2022-06-01,0.2272461950349447,isotropic_constructed_macro_nats_full_precision_v3,0552c7f4701ada91e31e916f992171b9418cb47d283a56e61f311581d66266cb
2022-06-03,0.23237205669363506,isotropic_constructed_macro_nats_full_precision_v3,0552c7f4701ada91e31e916f992171b9418cb47d283a56e61f311581d66266cb
2022-06-07,0.23094576601220637,isotropic_constructed_macro_nats_full_precision_v3,0552c7f4701ada91e31e916f992171b9418cb47d283a56e61f311581d66266cb
2022-06-09,0.23257148116632892,isotropic_constructed_macro_nats_full_precision_v3,0552c7f4701ada91e31e916f992171b9418cb47d283a56e61f311581d66266cb
2022-06-13,0.24273815538663718,isotropic_constructed_macro_nats_full_precision_v3,0552c7f4701ada91e31e916f992171b9418cb47d283a56e61f311581d66266cb
2022-06-15,0.24694187484359087,isotropic_constructed_macro_nats_full_precision_v3,0552c7f4701ada91e31e916f992171b9418cb47d283a56e61f311581d66266cb
2022-06-17,0.24705860948365477,isotropic_constructed_macro_nats_full_precision_v3,0552c7f4701ada91e31e916f992171b9418cb47d283a56e61f311581d66266cb
2022-06-22,0.24126826743788968,isotropic_constructed_macro_nats_full_precision_v3,0552c7f4701ada91e31e916f992171b9418cb47d283a56e61f311581d66266cb
2022-06-24,0.2475486667380541,isotropic_constructed_macro_nats_full_precision_v3,0552c7f4701ada91e31e916f992171b9418cb47d283a56e61f311581d66266cb
2022-06-28,0.24692581366309685,isotropic_constructed_macro_nats_full_precision_v3,0552c7f4701ada91e31e916f992171b9418cb47d283a56e61f311581d66266cb
2022-06-30,0.24973095442508028,isotropic_constructed_macro_nats_full_precision_v3,0552c7f4701ada91e31e916f992171b9418cb47d283a56e61f311581d66266cb
2022-07-05,0.24145097185144973,isotropic_constructed_macro_nats_full_precision_v3,0552c7f4701ada91e31e916f992171b9418cb47d283a56e61f311581d66266cb
2022-07-07,0.24354296318901897,isotropic_constructed_macro_nats_full_precision_v3,0552c7f4701ada91e31e916f992171b9418cb47d283a56e61f311581d66266cb
2022-07-11,0.2403680211499755,isotropic_constructed_macro_nats_full_precision_v3,0552c7f4701ada91e31e916f992171b9418cb47d283a56e61f311581d66266cb
2022-07-13,0.2430232856924252,isotropic_constructed_macro_nats_full_precision_v3,0552c7f4701ada91e31e916f992171b9418cb47d283a56e61f311581d66266cb
2022-07-15,0.23698043350390663,isotropic_constructed_macro_nats_full_precision_v3,0552c7f4701ada91e31e916f992171b9418cb47d283a56e61f311581d66266cb
2022-07-19,0.23469635506183362,isotropic_constructed_macro_nats_full_precision_v3,0552c7f4701ada91e31e916f992171b9418cb47d283a56e61f311581d66266cb
2022-07-21,0.23456886991454998,isotropic_constructed_macro_nats_full_precision_v3,0552c7f4701ada91e31e916f992171b9418cb47d283a56e61f311581d66266cb
2022-07-25,0.22910806145027263,isotropic_constructed_macro_nats_full_precision_v3,0552c7f4701ada91e31e916f992171b9418cb47d283a56e61f311581d66266cb
2022-07-27,0.23202727599787365,isotropic_constructed_macro_nats_full_precision_v3,0552c7f4701ada91e31e916f992171b9418cb47d283a56e61f311581d66266cb
2022-07-29,0.23805516463123844,isotropic_constructed_macro_nats_full_precision_v3,0552c7f4701ada91e31e916f992171b9418cb47d283a56e61f311581d66266cb
2022-08-02,0.2372930648064709,isotropic_constructed_macro_nats_full_precision_v3,0552c7f4701ada91e31e916f992171b9418cb47d283a56e61f311581d66266cb
2022-08-04,0.2355053873758384,isotropic_constructed_macro_nats_full_precision_v3,0552c7f4701ada91e31e916f992171b9418cb47d283a56e61f311581d66266cb
2022-08-08,0.23929748587132374,isotropic_constructed_macro_nats_full_precision_v3,0552c7f4701ada91e31e916f992171b9418cb47d283a56e61f311581d66266cb
2022-08-10,0.24281334198129584,isotropic_constructed_macro_nats_full_precision_v3,0552c7f4701ada91e31e916f992171b9418cb47d283a56e61f311581d66266cb
2022-08-12,0.23898135746622132,isotropic_constructed_macro_nats_full_precision_v3,0552c7f4701ada91e31e916f992171b9418cb47d283a56e61f311581d66266cb
2022-08-16,0.2353594965887914,isotropic_constructed_macro_nats_full_precision_v3,0552c7f4701ada91e31e916f992171b9418cb47d283a56e61f311581d66266cb
2022-08-18,0.2355273032255793,isotropic_constructed_macro_nats_full_precision_v3,0552c7f4701ada91e31e916f992171b9418cb47d283a56e61f311581d66266cb
2022-08-22,0.23624894448641112,isotropic_constructed_macro_nats_full_precision_v3,0552c7f4701ada91e31e916f992171b9418cb47d283a56e61f311581d66266cb
2022-08-24,0.24603795402947376,isotropic_constructed_macro_nats_full_precision_v3,0552c7f4701ada91e31e916f992171b9418cb47d283a56e61f311581d66266cb
2022-08-26,0.24955540932257397,isotropic_constructed_macro_nats_full_precision_v3,0552c7f4701ada91e31e916f992171b9418cb47d283a56e61f311581d66266cb
2022-08-30,0.2513052367570385,isotropic_constructed_macro_nats_full_precision_v3,0552c7f4701ada91e31e916f992171b9418cb47d283a56e61f311581d66266cb
2022-09-01,0.25250270906092664,isotropic_constructed_macro_nats_full_precision_v3,0552c7f4701ada91e31e916f992171b9418cb47d283a56e61f311581d66266cb
2022-09-06,0.2535107856689035,isotropic_constructed_macro_nats_full_precision_v3,0552c7f4701ada91e31e916f992171b9418cb47d283a56e61f311581d66266cb
2022-09-08,0.25763040708597695,isotropic_constructed_macro_nats_full_precision_v3,0552c7f4701ada91e31e916f992171b9418cb47d283a56e61f311581d66266cb
2022-09-12,0.25539634293623004,isotropic_constructed_macro_nats_full_precision_v3,0552c7f4701ada91e31e916f992171b9418cb47d283a56e61f311581d66266cb
2022-09-14,0.24283465637125118,isotropic_constructed_macro_nats_full_precision_v3,0552c7f4701ada91e31e916f992171b9418cb47d283a56e61f311581d66266cb
2022-09-16,0.2558780555840633,isotropic_constructed_macro_nats_full_precision_v3,0552c7f4701ada91e31e916f992171b9418cb47d283a56e61f311581d66266cb
2022-09-20,0.25455722954808246,isotropic_constructed_macro_nats_full_precision_v3,0552c7f4701ada91e31e916f992171b9418cb47d283a56e61f311581d66266cb
2022-09-22,0.26684615556031116,isotropic_constructed_macro_nats_full_precision_v3,0552c7f4701ada91e31e916f992171b9418cb47d283a56e61f311581d66266cb
2022-09-26,0.2566429635046351,isotropic_constructed_macro_nats_full_precision_v3,0552c7f4701ada91e31e916f992171b9418cb47d283a56e61f311581d66266cb
2022-09-28,0.2558199663831284,isotropic_constructed_macro_nats_full_precision_v3,0552c7f4701ada91e31e916f992171b9418cb47d283a56e61f311581d66266cb
2022-09-30,0.24963678561282474,isotropic_constructed_macro_nats_full_precision_v3,0552c7f4701ada91e31e916f992171b9418cb47d283a56e61f311581d66266cb
2022-10-04,0.2544549628574375,isotropic_constructed_macro_nats_full_precision_v3,0552c7f4701ada91e31e916f992171b9418cb47d283a56e61f311581d66266cb
2022-10-06,0.25018659089552364,isotropic_constructed_macro_nats_full_precision_v3,0552c7f4701ada91e31e916f992171b9418cb47d283a56e61f311581d66266cb
2022-10-10,0.2514448337495872,isotropic_constructed_macro_nats_full_precision_v3,0552c7f4701ada91e31e916f992171b9418cb47d283a56e61f311581d66266cb
2022-10-12,0.2530237783273341,isotropic_constructed_macro_nats_full_precision_v3,0552c7f4701ada91e31e916f992171b9418cb47d283a56e61f311581d66266cb
2022-10-14,0.2589883649065806,isotropic_constructed_macro_nats_full_precision_v3,0552c7f4701ada91e31e916f992171b9418cb47d283a56e61f311581d66266cb
2022-10-18,0.261734339313471,isotropic_constructed_macro_nats_full_precision_v3,0552c7f4701ada91e31e916f992171b9418cb47d283a56e61f311581d66266cb
2022-10-20,0.2482978335417846,isotropic_constructed_macro_nats_full_precision_v3,0552c7f4701ada91e31e916f992171b9418cb47d283a56e61f311581d66266cb
2022-10-24,0.24689368199946127,isotropic_constructed_macro_nats_full_precision_v3,0552c7f4701ada91e31e916f992171b9418cb47d283a56e61f311581d66266cb
2022-10-26,0.24586252830121816,isotropic_constructed_macro_nats_full_precision_v3,0552c7f4701ada91e31e916f992171b9418cb47d283a56e61f311581d66266cb
2022-10-28,0.2429294462091174,isotropic_constructed_macro_nats_full_precision_v3,0552c7f4701ada91e31e916f992171b9418cb47d283a56e61f311581d66266cb
2022-11-01,0.24533233804332025,isotropic_constructed_macro_nats_full_precision_v3,0552c7f4701ada91e31e916f992171b9418cb47d283a56e61f311581d66266cb
2022-11-03,0.24440027916545765,isotropic_constructed_macro_nats_full_precision_v3,0552c7f4701ada91e31e916f992171b9418cb47d283a56e61f311581d66266cb
2022-11-07,0.24542042036067446,isotropic_constructed_macro_nats_full_precision_v3,0552c7f4701ada91e31e916f992171b9418cb47d283a56e61f311581d66266cb
2022-11-09,0.2452877439965486,isotropic_constructed_macro_nats_full_precision_v3,0552c7f4701ada91e31e916f992171b9418cb47d283a56e61f311581d66266cb
2022-11-11,0.25887773525229585,isotropic_constructed_macro_nats_full_precision_v3,0552c7f4701ada91e31e916f992171b9418cb47d283a56e61f311581d66266cb
2022-11-15,0.25969659415008606,isotropic_constructed_macro_nats_full_precision_v3,0552c7f4701ada91e31e916f992171b9418cb47d283a56e61f311581d66266cb
2022-11-17,0.26034789082513254,isotropic_constructed_macro_nats_full_precision_v3,0552c7f4701ada91e31e916f992171b9418cb47d283a56e61f311581d66266cb
2022-11-21,0.2637873463491449,isotropic_constructed_macro_nats_full_precision_v3,0552c7f4701ada91e31e916f992171b9418cb47d283a56e61f311581d66266cb
2022-11-23,0.26307537823539595,isotropic_constructed_macro_nats_full_precision_v3,0552c7f4701ada91e31e916f992171b9418cb47d283a56e61f311581d66266cb
2022-11-28,0.26856410480155524,isotropic_constructed_macro_nats_full_precision_v3,0552c7f4701ada91e31e916f992171b9418cb47d283a56e61f311581d66266cb
2022-11-30,0.2710205653378882,isotropic_constructed_macro_nats_full_precision_v3,0552c7f4701ada91e31e916f992171b9418cb47d283a56e61f311581d66266cb
2022-12-02,0.2691854528675739,isotropic_constructed_macro_nats_full_precision_v3,0552c7f4701ada91e31e916f992171b9418cb47d283a56e61f311581d66266cb
2022-12-06,0.2653623450337054,isotropic_constructed_macro_nats_full_precision_v3,0552c7f4701ada91e31e916f992171b9418cb47d283a56e61f311581d66266cb
2022-12-08,0.25682040789588023,isotropic_constructed_macro_nats_full_precision_v3,0552c7f4701ada91e31e916f992171b9418cb47d283a56e61f311581d66266cb
2022-12-12,0.2560880926926447,isotropic_constructed_macro_nats_full_precision_v3,0552c7f4701ada91e31e916f992171b9418cb47d283a56e61f311581d66266cb
2022-12-14,0.2556144783605989,isotropic_constructed_macro_nats_full_precision_v3,0552c7f4701ada91e31e916f992171b9418cb47d283a56e61f311581d66266cb
2022-12-16,0.25583371234617347,isotropic_constructed_macro_nats_full_precision_v3,0552c7f4701ada91e31e916f992171b9418cb47d283a56e61f311581d66266cb
2022-12-20,0.25566596606167336,isotropic_constructed_macro_nats_full_precision_v3,0552c7f4701ada91e31e916f992171b9418cb47d283a56e61f311581d66266cb
2022-12-22,0.25654066451399227,isotropic_constructed_macro_nats_full_precision_v3,0552c7f4701ada91e31e916f992171b9418cb47d283a56e61f311581d66266cb
2022-12-27,0.2567715854725752,isotropic_constructed_macro_nats_full_precision_v3,0552c7f4701ada91e31e916f992171b9418cb47d283a56e61f311581d66266cb
2022-12-29,0.27017741583639376,isotropic_constructed_macro_nats_full_precision_v3,0552c7f4701ada91e31e916f992171b9418cb47d283a56e61f311581d66266cb
2023-01-03,0.2712391828043037,isotropic_constructed_macro_nats_full_precision_v3,0552c7f4701ada91e31e916f992171b9418cb47d283a56e61f311581d66266cb
2023-01-05,0.27652812900189294,isotropic_constructed_macro_nats_full_precision_v3,0552c7f4701ada91e31e916f992171b9418cb47d283a56e61f311581d66266cb
2023-01-09,0.2737277280438657,isotropic_constructed_macro_nats_full_precision_v3,0552c7f4701ada91e31e916f992171b9418cb47d283a56e61f311581d66266cb
2023-01-11,0.26730852228177204,isotropic_constructed_macro_nats_full_precision_v3,0552c7f4701ada91e31e916f992171b9418cb47d283a56e61f311581d66266cb
2023-01-13,0.27394032703150906,isotropic_constructed_macro_nats_full_precision_v3,0552c7f4701ada91e31e916f992171b9418cb47d283a56e61f311581d66266cb
2023-01-18,0.2743499335307248,isotropic_constructed_macro_nats_full_precision_v3,0552c7f4701ada91e31e916f992171b9418cb47d283a56e61f311581d66266cb
2023-01-20,0.27698814229670266,isotropic_constructed_macro_nats_full_precision_v3,0552c7f4701ada91e31e916f992171b9418cb47d283a56e61f311581d66266cb
2023-01-24,0.2809437594555934,isotropic_constructed_macro_nats_full_precision_v3,0552c7f4701ada91e31e916f992171b9418cb47d283a56e61f311581d66266cb
2023-01-26,0.2673961839944894,isotropic_constructed_macro_nats_full_precision_v3,0552c7f4701ada91e31e916f992171b9418cb47d283a56e61f311581d66266cb
2023-01-30,0.27338868264950117,isotropic_constructed_macro_nats_full_precision_v3,0552c7f4701ada91e31e916f992171b9418cb47d283a56e61f311581d66266cb
2023-02-01,0.2803110769634415,isotropic_constructed_macro_nats_full_precision_v3,0552c7f4701ada91e31e916f992171b9418cb47d283a56e61f311581d66266cb
2023-02-03,0.2814072122561326,isotropic_constructed_macro_nats_full_precision_v3,0552c7f4701ada91e31e916f992171b9418cb47d283a56e61f311581d66266cb
2023-02-07,0.2857908400525172,isotropic_constructed_macro_nats_full_precision_v3,0552c7f4701ada91e31e916f992171b9418cb47d283a56e61f311581d66266cb
2023-02-09,0.28746366887672165,isotropic_constructed_macro_nats_full_precision_v3,0552c7f4701ada91e31e916f992171b9418cb47d283a56e61f311581d66266cb
2023-02-13,0.29659825055124445,isotropic_constructed_macro_nats_full_precision_v3,0552c7f4701ada91e31e916f992171b9418cb47d283a56e61f311581d66266cb
2023-02-15,0.2951240937216894,isotropic_constructed_macro_nats_full_precision_v3,0552c7f4701ada91e31e916f992171b9418cb47d283a56e61f311581d66266cb
2023-02-17,0.29663989535213997,isotropic_constructed_macro_nats_full_precision_v3,0552c7f4701ada91e31e916f992171b9418cb47d283a56e61f311581d66266cb
2023-02-22,0.2945009254647445,isotropic_constructed_macro_nats_full_precision_v3,0552c7f4701ada91e31e916f992171b9418cb47d283a56e61f311581d66266cb
2023-02-24,0.29374762253499,isotropic_constructed_macro_nats_full_precision_v3,0552c7f4701ada91e31e916f992171b9418cb47d283a56e61f311581d66266cb
2023-02-28,0.2940450562468186,isotropic_constructed_macro_nats_full_precision_v3,0552c7f4701ada91e31e916f992171b9418cb47d283a56e61f311581d66266cb
2023-03-02,0.2905290352924704,isotropic_constructed_macro_nats_full_precision_v3,0552c7f4701ada91e31e916f992171b9418cb47d283a56e61f311581d66266cb
2023-03-06,0.2916310846872884,isotropic_constructed_macro_nats_full_precision_v3,0552c7f4701ada91e31e916f992171b9418cb47d283a56e61f311581d66266cb
2023-03-08,0.294023420357547,isotropic_constructed_macro_nats_full_precision_v3,0552c7f4701ada91e31e916f992171b9418cb47d283a56e61f311581d66266cb
2023-03-10,0.3069528599872466,isotropic_constructed_macro_nats_full_precision_v3,0552c7f4701ada91e31e916f992171b9418cb47d283a56e61f311581d66266cb
2023-03-14,0.3114638460863649,isotropic_constructed_macro_nats_full_precision_v3,0552c7f4701ada91e31e916f992171b9418cb47d283a56e61f311581d66266cb
2023-03-16,0.3215429805026551,isotropic_constructed_macro_nats_full_precision_v3,0552c7f4701ada91e31e916f992171b9418cb47d283a56e61f311581d66266cb
2023-03-20,0.3239893293397768,isotropic_constructed_macro_nats_full_precision_v3,0552c7f4701ada91e31e916f992171b9418cb47d283a56e61f311581d66266cb
2023-03-22,0.32625394445753,isotropic_constructed_macro_nats_full_precision_v3,0552c7f4701ada91e31e916f992171b9418cb47d283a56e61f311581d66266cb
2023-03-24,0.3284606803379572,isotropic_constructed_macro_nats_full_precision_v3,0552c7f4701ada91e31e916f992171b9418cb47d283a56e61f311581d66266cb
2023-03-28,0.3283004328658892,isotropic_constructed_macro_nats_full_precision_v3,0552c7f4701ada91e31e916f992171b9418cb47d283a56e61f311581d66266cb
2023-03-30,0.32664836109109624,isotropic_constructed_macro_nats_full_precision_v3,0552c7f4701ada91e31e916f992171b9418cb47d283a56e61f311581d66266cb
2023-04-03,0.32856643092276794,isotropic_constructed_macro_nats_full_precision_v3,0552c7f4701ada91e31e916f992171b9418cb47d283a56e61f311581d66266cb
2023-04-05,0.3226371366031491,isotropic_constructed_macro_nats_full_precision_v3,0552c7f4701ada91e31e916f992171b9418cb47d283a56e61f311581d66266cb
2023-04-10,0.3312117182684469,isotropic_constructed_macro_nats_full_precision_v3,0552c7f4701ada91e31e916f992171b9418cb47d283a56e61f311581d66266cb
2023-04-12,0.33200615104530984,isotropic_constructed_macro_nats_full_precision_v3,0552c7f4701ada91e31e916f992171b9418cb47d283a56e61f311581d66266cb
2023-04-14,0.3277231707943686,isotropic_constructed_macro_nats_full_precision_v3,0552c7f4701ada91e31e916f992171b9418cb47d283a56e61f311581d66266cb
2023-04-18,0.32773101646856484,isotropic_constructed_macro_nats_full_precision_v3,0552c7f4701ada91e31e916f992171b9418cb47d283a56e61f311581d66266cb
2023-04-20,0.32957545187513565,isotropic_constructed_macro_nats_full_precision_v3,0552c7f4701ada91e31e916f992171b9418cb47d283a56e61f311581d66266cb
2023-04-24,0.32975532298990984,isotropic_constructed_macro_nats_full_precision_v3,0552c7f4701ada91e31e916f992171b9418cb47d283a56e61f311581d66266cb
2023-04-26,0.31602505516731805,isotropic_constructed_macro_nats_full_precision_v3,0552c7f4701ada91e31e916f992171b9418cb47d283a56e61f311581d66266cb
2023-04-28,0.3166932503320333,isotropic_constructed_macro_nats_full_precision_v3,0552c7f4701ada91e31e916f992171b9418cb47d283a56e61f311581d66266cb
2023-05-02,0.31796094553337584,isotropic_constructed_macro_nats_full_precision_v3,0552c7f4701ada91e31e916f992171b9418cb47d283a56e61f311581d66266cb
2023-05-04,0.3172127301581892,isotropic_constructed_macro_nats_full_precision_v3,0552c7f4701ada91e31e916f992171b9418cb47d283a56e61f311581d66266cb
2023-05-08,0.319100513028021,isotropic_constructed_macro_nats_full_precision_v3,0552c7f4701ada91e31e916f992171b9418cb47d283a56e61f311581d66266cb
2023-05-10,0.3133508609635804,isotropic_constructed_macro_nats_full_precision_v3,0552c7f4701ada91e31e916f992171b9418cb47d283a56e61f311581d66266cb
2023-05-12,0.31201601162717696,isotropic_constructed_macro_nats_full_precision_v3,0552c7f4701ada91e31e916f992171b9418cb47d283a56e61f311581d66266cb
2023-05-16,0.32105340349007316,isotropic_constructed_macro_nats_full_precision_v3,0552c7f4701ada91e31e916f992171b9418cb47d283a56e61f311581d66266cb
2023-05-18,0.32921116428152664,isotropic_constructed_macro_nats_full_precision_v3,0552c7f4701ada91e31e916f992171b9418cb47d283a56e61f311581d66266cb
2023-05-22,0.34464838746447063,isotropic_constructed_macro_nats_full_precision_v3,0552c7f4701ada91e31e916f992171b9418cb47d283a56e61f311581d66266cb
2023-05-24,0.34646405368362393,isotropic_constructed_macro_nats_full_precision_v3,0552c7f4701ada91e31e916f992171b9418cb47d283a56e61f311581d66266cb
2023-05-26,0.34918064472622923,isotropic_constructed_macro_nats_full_precision_v3,0552c7f4701ada91e31e916f992171b9418cb47d283a56e61f311581d66266cb
2023-05-31,0.3455737368915862,isotropic_constructed_macro_nats_full_precision_v3,0552c7f4701ada91e31e916f992171b9418cb47d283a56e61f311581d66266cb
2023-06-02,0.3410030853980146,isotropic_constructed_macro_nats_full_precision_v3,0552c7f4701ada91e31e916f992171b9418cb47d283a56e61f311581d66266cb
2023-06-06,0.3365527819762043,isotropic_constructed_macro_nats_full_precision_v3,0552c7f4701ada91e31e916f992171b9418cb47d283a56e61f311581d66266cb
2023-06-08,0.3314647613279438,isotropic_constructed_macro_nats_full_precision_v3,0552c7f4701ada91e31e916f992171b9418cb47d283a56e61f311581d66266cb
2023-06-12,0.33133307802529166,isotropic_constructed_macro_nats_full_precision_v3,0552c7f4701ada91e31e916f992171b9418cb47d283a56e61f311581d66266cb
2023-06-14,0.3333572031260788,isotropic_constructed_macro_nats_full_precision_v3,0552c7f4701ada91e31e916f992171b9418cb47d283a56e61f311581d66266cb
2023-06-16,0.33305159933171774,isotropic_constructed_macro_nats_full_precision_v3,0552c7f4701ada91e31e916f992171b9418cb47d283a56e61f311581d66266cb
2023-06-21,0.3319008899505072,isotropic_constructed_macro_nats_full_precision_v3,0552c7f4701ada91e31e916f992171b9418cb47d283a56e61f311581d66266cb
2023-06-23,0.32777587827326554,isotropic_constructed_macro_nats_full_precision_v3,0552c7f4701ada91e31e916f992171b9418cb47d283a56e61f311581d66266cb
2023-06-27,0.32437892901462695,isotropic_constructed_macro_nats_full_precision_v3,0552c7f4701ada91e31e916f992171b9418cb47d283a56e61f311581d66266cb
2023-06-29,0.3199290692633264,isotropic_constructed_macro_nats_full_precision_v3,0552c7f4701ada91e31e916f992171b9418cb47d283a56e61f311581d66266cb
2023-07-03,0.3199094000006162,isotropic_constructed_macro_nats_full_precision_v3,0552c7f4701ada91e31e916f992171b9418cb47d283a56e61f311581d66266cb
2023-07-06,0.3174902222637068,isotropic_constructed_macro_nats_full_precision_v3,0552c7f4701ada91e31e916f992171b9418cb47d283a56e61f311581d66266cb
2023-07-10,0.32216953587192576,isotropic_constructed_macro_nats_full_precision_v3,0552c7f4701ada91e31e916f992171b9418cb47d283a56e61f311581d66266cb
2023-07-12,0.3283905767138339,isotropic_constructed_macro_nats_full_precision_v3,0552c7f4701ada91e31e916f992171b9418cb47d283a56e61f311581d66266cb
2023-07-14,0.3457129562228938,isotropic_constructed_macro_nats_full_precision_v3,0552c7f4701ada91e31e916f992171b9418cb47d283a56e61f311581d66266cb
2023-07-18,0.3300473024501445,isotropic_constructed_macro_nats_full_precision_v3,0552c7f4701ada91e31e916f992171b9418cb47d283a56e61f311581d66266cb
2023-07-20,0.3217997468517385,isotropic_constructed_macro_nats_full_precision_v3,0552c7f4701ada91e31e916f992171b9418cb47d283a56e61f311581d66266cb
2023-07-24,0.31963289424029173,isotropic_constructed_macro_nats_full_precision_v3,0552c7f4701ada91e31e916f992171b9418cb47d283a56e61f311581d66266cb
2023-07-26,0.3212536608053257,isotropic_constructed_macro_nats_full_precision_v3,0552c7f4701ada91e31e916f992171b9418cb47d283a56e61f311581d66266cb
2023-07-28,0.3236460629003166,isotropic_constructed_macro_nats_full_precision_v3,0552c7f4701ada91e31e916f992171b9418cb47d283a56e61f311581d66266cb
2023-08-01,0.32597277539741254,isotropic_constructed_macro_nats_full_precision_v3,0552c7f4701ada91e31e916f992171b9418cb47d283a56e61f311581d66266cb
2023-08-03,0.33074579231297646,isotropic_constructed_macro_nats_full_precision_v3,0552c7f4701ada91e31e916f992171b9418cb47d283a56e61f311581d66266cb
2023-08-07,0.3411761016123009,isotropic_constructed_macro_nats_full_precision_v3,0552c7f4701ada91e31e916f992171b9418cb47d283a56e61f311581d66266cb
2023-08-09,0.3425366812235415,isotropic_constructed_macro_nats_full_precision_v3,0552c7f4701ada91e31e916f992171b9418cb47d283a56e61f311581d66266cb
2023-08-11,0.34425147284584223,isotropic_constructed_macro_nats_full_precision_v3,0552c7f4701ada91e31e916f992171b9418cb47d283a56e61f311581d66266cb
2023-08-15,0.3429218206554987,isotropic_constructed_macro_nats_full_precision_v3,0552c7f4701ada91e31e916f992171b9418cb47d283a56e61f311581d66266cb
2023-08-17,0.34046031749419037,isotropic_constructed_macro_nats_full_precision_v3,0552c7f4701ada91e31e916f992171b9418cb47d283a56e61f311581d66266cb
2023-08-21,0.34123580174910534,isotropic_constructed_macro_nats_full_precision_v3,0552c7f4701ada91e31e916f992171b9418cb47d283a56e61f311581d66266cb
2023-08-23,0.3372149711143341,isotropic_constructed_macro_nats_full_precision_v3,0552c7f4701ada91e31e916f992171b9418cb47d283a56e61f311581d66266cb
2023-08-25,0.3233764910010377,isotropic_constructed_macro_nats_full_precision_v3,0552c7f4701ada91e31e916f992171b9418cb47d283a56e61f311581d66266cb
2023-08-29,0.3365664566448741,isotropic_constructed_macro_nats_full_precision_v3,0552c7f4701ada91e31e916f992171b9418cb47d283a56e61f311581d66266cb
2023-08-31,0.33739352745139917,isotropic_constructed_macro_nats_full_precision_v3,0552c7f4701ada91e31e916f992171b9418cb47d283a56e61f311581d66266cb
2023-09-05,0.3441606495764076,isotropic_constructed_macro_nats_full_precision_v3,0552c7f4701ada91e31e916f992171b9418cb47d283a56e61f311581d66266cb
2023-09-07,0.3466236448008424,isotropic_constructed_macro_nats_full_precision_v3,0552c7f4701ada91e31e916f992171b9418cb47d283a56e61f311581d66266cb
2023-09-11,0.350468877080459,isotropic_constructed_macro_nats_full_precision_v3,0552c7f4701ada91e31e916f992171b9418cb47d283a56e61f311581d66266cb
2023-09-13,0.3509663857393258,isotropic_constructed_macro_nats_full_precision_v3,0552c7f4701ada91e31e916f992171b9418cb47d283a56e61f311581d66266cb
2023-09-15,0.3487787479554942,isotropic_constructed_macro_nats_full_precision_v3,0552c7f4701ada91e31e916f992171b9418cb47d283a56e61f311581d66266cb
2023-09-19,0.34965047851052533,isotropic_constructed_macro_nats_full_precision_v3,0552c7f4701ada91e31e916f992171b9418cb47d283a56e61f311581d66266cb
2023-09-21,0.36517143244714334,isotropic_constructed_macro_nats_full_precision_v3,0552c7f4701ada91e31e916f992171b9418cb47d283a56e61f311581d66266cb
2023-09-25,0.36927574139312447,isotropic_constructed_macro_nats_full_precision_v3,0552c7f4701ada91e31e916f992171b9418cb47d283a56e61f311581d66266cb
2023-09-27,0.36914971020147236,isotropic_constructed_macro_nats_full_precision_v3,0552c7f4701ada91e31e916f992171b9418cb47d283a56e61f311581d66266cb
2023-09-29,0.3726191906749725,isotropic_constructed_macro_nats_full_precision_v3,0552c7f4701ada91e31e916f992171b9418cb47d283a56e61f311581d66266cb
2023-10-03,0.37226007003406086,isotropic_constructed_macro_nats_full_precision_v3,0552c7f4701ada91e31e916f992171b9418cb47d283a56e61f311581d66266cb
2023-10-05,0.3696631718943356,isotropic_constructed_macro_nats_full_precision_v3,0552c7f4701ada91e31e916f992171b9418cb47d283a56e61f311581d66266cb
2023-10-09,0.37265796356267833,isotropic_constructed_macro_nats_full_precision_v3,0552c7f4701ada91e31e916f992171b9418cb47d283a56e61f311581d66266cb
2023-10-11,0.3733589894707004,isotropic_constructed_macro_nats_full_precision_v3,0552c7f4701ada91e31e916f992171b9418cb47d283a56e61f311581d66266cb
2023-10-13,0.37460574265970764,isotropic_constructed_macro_nats_full_precision_v3,0552c7f4701ada91e31e916f992171b9418cb47d283a56e61f311581d66266cb
2023-10-17,0.32163696250044593,isotropic_constructed_macro_nats_full_precision_v3,0552c7f4701ada91e31e916f992171b9418cb47d283a56e61f311581d66266cb
2023-10-19,0.3360501410039091,isotropic_constructed_macro_nats_full_precision_v3,0552c7f4701ada91e31e916f992171b9418cb47d283a56e61f311581d66266cb
2023-10-23,0.3786936483357731,isotropic_constructed_macro_nats_full_precision_v3,0552c7f4701ada91e31e916f992171b9418cb47d283a56e61f311581d66266cb
2023-10-25,0.2871395159965666,isotropic_constructed_macro_nats_full_precision_v3,0552c7f4701ada91e31e916f992171b9418cb47d283a56e61f311581d66266cb
2023-10-27,0.36142342951216155,isotropic_constructed_macro_nats_full_precision_v3,0552c7f4701ada91e31e916f992171b9418cb47d283a56e61f311581d66266cb
2023-10-31,0.29712385613972614,isotropic_constructed_macro_nats_full_precision_v3,0552c7f4701ada91e31e916f992171b9418cb47d283a56e61f311581d66266cb
2023-11-02,0.31183999446573674,isotropic_constructed_macro_nats_full_precision_v3,0552c7f4701ada91e31e916f992171b9418cb47d283a56e61f311581d66266cb
2023-11-06,0.3186358790302402,isotropic_constructed_macro_nats_full_precision_v3,0552c7f4701ada91e31e916f992171b9418cb47d283a56e61f311581d66266cb
2023-11-08,0.3109562202606706,isotropic_constructed_macro_nats_full_precision_v3,0552c7f4701ada91e31e916f992171b9418cb47d283a56e61f311581d66266cb
2023-11-10,0.2992410209954333,isotropic_constructed_macro_nats_full_precision_v3,0552c7f4701ada91e31e916f992171b9418cb47d283a56e61f311581d66266cb
2023-11-14,0.30341826510221936,isotropic_constructed_macro_nats_full_precision_v3,0552c7f4701ada91e31e916f992171b9418cb47d283a56e61f311581d66266cb
2023-11-16,0.3089557948352506,isotropic_constructed_macro_nats_full_precision_v3,0552c7f4701ada91e31e916f992171b9418cb47d283a56e61f311581d66266cb
2023-11-20,0.36148384724724114,isotropic_constructed_macro_nats_full_precision_v3,0552c7f4701ada91e31e916f992171b9418cb47d283a56e61f311581d66266cb
2023-11-22,0.32746384920688854,isotropic_constructed_macro_nats_full_precision_v3,0552c7f4701ada91e31e916f992171b9418cb47d283a56e61f311581d66266cb
2023-11-27,0.31320469513575866,isotropic_constructed_macro_nats_full_precision_v3,0552c7f4701ada91e31e916f992171b9418cb47d283a56e61f311581d66266cb
2023-11-29,0.3758366626224516,isotropic_constructed_macro_nats_full_precision_v3,0552c7f4701ada91e31e916f992171b9418cb47d283a56e61f311581d66266cb
2023-12-01,0.3401607751771917,isotropic_constructed_macro_nats_full_precision_v3,0552c7f4701ada91e31e916f992171b9418cb47d283a56e61f311581d66266cb
2023-12-05,0.3111424740514671,isotropic_constructed_macro_nats_full_precision_v3,0552c7f4701ada91e31e916f992171b9418cb47d283a56e61f311581d66266cb
2023-12-07,0.35371803154840725,isotropic_constructed_macro_nats_full_precision_v3,0552c7f4701ada91e31e916f992171b9418cb47d283a56e61f311581d66266cb
2023-12-11,0.35715506458966567,isotropic_constructed_macro_nats_full_precision_v3,0552c7f4701ada91e31e916f992171b9418cb47d283a56e61f311581d66266cb
2023-12-13,0.3587362414800335,isotropic_constructed_macro_nats_full_precision_v3,0552c7f4701ada91e31e916f992171b9418cb47d283a56e61f311581d66266cb
2023-12-15,0.31099521863604995,isotropic_constructed_macro_nats_full_precision_v3,0552c7f4701ada91e31e916f992171b9418cb47d283a56e61f311581d66266cb
2023-12-19,0.3096652014201954,isotropic_constructed_macro_nats_full_precision_v3,0552c7f4701ada91e31e916f992171b9418cb47d283a56e61f311581d66266cb
2023-12-21,0.3096543772743328,isotropic_constructed_macro_nats_full_precision_v3,0552c7f4701ada91e31e916f992171b9418cb47d283a56e61f311581d66266cb
2023-12-26,0.32187569564466423,isotropic_constructed_macro_nats_full_precision_v3,0552c7f4701ada91e31e916f992171b9418cb47d283a56e61f311581d66266cb
2023-12-28,0.3399628803408208,isotropic_constructed_macro_nats_full_precision_v3,0552c7f4701ada91e31e916f992171b9418cb47d283a56e61f311581d66266cb
2024-01-02,0.3625020573097175,isotropic_constructed_macro_nats_full_precision_v3,0552c7f4701ada91e31e916f992171b9418cb47d283a56e61f311581d66266cb
2024-01-04,0.3394086286843585,isotropic_constructed_macro_nats_full_precision_v3,0552c7f4701ada91e31e916f992171b9418cb47d283a56e61f311581d66266cb
2024-01-08,0.36863091925409497,isotropic_constructed_macro_nats_full_precision_v3,0552c7f4701ada91e31e916f992171b9418cb47d283a56e61f311581d66266cb
2024-01-10,0.3688785116617972,isotropic_constructed_macro_nats_full_precision_v3,0552c7f4701ada91e31e916f992171b9418cb47d283a56e61f311581d66266cb
2024-01-12,0.366294782903699,isotropic_constructed_macro_nats_full_precision_v3,0552c7f4701ada91e31e916f992171b9418cb47d283a56e61f311581d66266cb
2024-01-17,0.36554140790522205,isotropic_constructed_macro_nats_full_precision_v3,0552c7f4701ada91e31e916f992171b9418cb47d283a56e61f311581d66266cb
2024-01-19,0.3684645888636436,isotropic_constructed_macro_nats_full_precision_v3,0552c7f4701ada91e31e916f992171b9418cb47d283a56e61f311581d66266cb
2024-01-23,0.35575025132347166,isotropic_constructed_macro_nats_full_precision_v3,0552c7f4701ada91e31e916f992171b9418cb47d283a56e61f311581d66266cb
2024-01-25,0.3499550943610787,isotropic_constructed_macro_nats_full_precision_v3,0552c7f4701ada91e31e916f992171b9418cb47d283a56e61f311581d66266cb
2024-01-29,0.35137934240945534,isotropic_constructed_macro_nats_full_precision_v3,0552c7f4701ada91e31e916f992171b9418cb47d283a56e61f311581d66266cb
2024-01-31,0.34862046401373326,isotropic_constructed_macro_nats_full_precision_v3,0552c7f4701ada91e31e916f992171b9418cb47d283a56e61f311581d66266cb
2024-02-02,0.34737203734679767,isotropic_constructed_macro_nats_full_precision_v3,0552c7f4701ada91e31e916f992171b9418cb47d283a56e61f311581d66266cb
2024-02-06,0.35072444723255725,isotropic_constructed_macro_nats_full_precision_v3,0552c7f4701ada91e31e916f992171b9418cb47d283a56e61f311581d66266cb
2024-02-08,0.3519519383215554,isotropic_constructed_macro_nats_full_precision_v3,0552c7f4701ada91e31e916f992171b9418cb47d283a56e61f311581d66266cb
2024-02-12,0.3560618047935207,isotropic_constructed_macro_nats_full_precision_v3,0552c7f4701ada91e31e916f992171b9418cb47d283a56e61f311581d66266cb
2024-02-14,0.3561441452559777,isotropic_constructed_macro_nats_full_precision_v3,0552c7f4701ada91e31e916f992171b9418cb47d283a56e61f311581d66266cb
2024-02-16,0.35891634986638893,isotropic_constructed_macro_nats_full_precision_v3,0552c7f4701ada91e31e916f992171b9418cb47d283a56e61f311581d66266cb
2024-02-21,0.353775794552412,isotropic_constructed_macro_nats_full_precision_v3,0552c7f4701ada91e31e916f992171b9418cb47d283a56e61f311581d66266cb
2024-02-23,0.3442372439976221,isotropic_constructed_macro_nats_full_precision_v3,0552c7f4701ada91e31e916f992171b9418cb47d283a56e61f311581d66266cb
2024-02-27,0.3818285507740729,isotropic_constructed_macro_nats_full_precision_v3,0552c7f4701ada91e31e916f992171b9418cb47d283a56e61f311581d66266cb
2024-02-29,0.3783316520483859,isotropic_constructed_macro_nats_full_precision_v3,0552c7f4701ada91e31e916f992171b9418cb47d283a56e61f311581d66266cb
2024-03-04,0.38345045853025594,isotropic_constructed_macro_nats_full_precision_v3,0552c7f4701ada91e31e916f992171b9418cb47d283a56e61f311581d66266cb
2024-03-06,0.38277630991830724,isotropic_constructed_macro_nats_full_precision_v3,0552c7f4701ada91e31e916f992171b9418cb47d283a56e61f311581d66266cb
2024-03-08,0.39332704066546237,isotropic_constructed_macro_nats_full_precision_v3,0552c7f4701ada91e31e916f992171b9418cb47d283a56e61f311581d66266cb
2024-03-12,0.28316938825745863,isotropic_constructed_macro_nats_full_precision_v3,0552c7f4701ada91e31e916f992171b9418cb47d283a56e61f311581d66266cb
2024-03-14,0.2257909566312974,isotropic_constructed_macro_nats_full_precision_v3,0552c7f4701ada91e31e916f992171b9418cb47d283a56e61f311581d66266cb
2024-03-18,0.2618385320696759,isotropic_constructed_macro_nats_full_precision_v3,0552c7f4701ada91e31e916f992171b9418cb47d283a56e61f311581d66266cb
2024-03-20,0.25602071674736065,isotropic_constructed_macro_nats_full_precision_v3,0552c7f4701ada91e31e916f992171b9418cb47d283a56e61f311581d66266cb
2024-03-22,0.22173704709312858,isotropic_constructed_macro_nats_full_precision_v3,0552c7f4701ada91e31e916f992171b9418cb47d283a56e61f311581d66266cb
2024-03-26,0.23700143991430161,isotropic_constructed_macro_nats_full_precision_v3,0552c7f4701ada91e31e916f992171b9418cb47d283a56e61f311581d66266cb
2024-03-28,0.23309842353165322,isotropic_constructed_macro_nats_full_precision_v3,0552c7f4701ada91e31e916f992171b9418cb47d283a56e61f311581d66266cb
2024-04-02,0.2218509691034773,isotropic_constructed_macro_nats_full_precision_v3,0552c7f4701ada91e31e916f992171b9418cb47d283a56e61f311581d66266cb
2024-04-04,0.2366213353006542,isotropic_constructed_macro_nats_full_precision_v3,0552c7f4701ada91e31e916f992171b9418cb47d283a56e61f311581d66266cb
2024-04-08,0.24357562623405957,isotropic_constructed_macro_nats_full_precision_v3,0552c7f4701ada91e31e916f992171b9418cb47d283a56e61f311581d66266cb
2024-04-10,0.23913467470145577,isotropic_constructed_macro_nats_full_precision_v3,0552c7f4701ada91e31e916f992171b9418cb47d283a56e61f311581d66266cb
2024-04-12,0.23805061225593271,isotropic_constructed_macro_nats_full_precision_v3,0552c7f4701ada91e31e916f992171b9418cb47d283a56e61f311581d66266cb
2024-04-16,0.21891585902902505,isotropic_constructed_macro_nats_full_precision_v3,0552c7f4701ada91e31e916f992171b9418cb47d283a56e61f311581d66266cb
2024-04-18,0.20980229677826784,isotropic_constructed_macro_nats_full_precision_v3,0552c7f4701ada91e31e916f992171b9418cb47d283a56e61f311581d66266cb
2024-04-22,0.20986456327416675,isotropic_constructed_macro_nats_full_precision_v3,0552c7f4701ada91e31e916f992171b9418cb47d283a56e61f311581d66266cb
2024-04-24,0.2058772420749586,isotropic_constructed_macro_nats_full_precision_v3,0552c7f4701ada91e31e916f992171b9418cb47d283a56e61f311581d66266cb
2024-04-26,0.20544910371298855,isotropic_constructed_macro_nats_full_precision_v3,0552c7f4701ada91e31e916f992171b9418cb47d283a56e61f311581d66266cb
2024-04-30,0.16787772881053306,isotropic_constructed_macro_nats_full_precision_v3,0552c7f4701ada91e31e916f992171b9418cb47d283a56e61f311581d66266cb
2024-05-02,0.16419698314154818,isotropic_constructed_macro_nats_full_precision_v3,0552c7f4701ada91e31e916f992171b9418cb47d283a56e61f311581d66266cb
2024-05-06,0.16545746741637046,isotropic_constructed_macro_nats_full_precision_v3,0552c7f4701ada91e31e916f992171b9418cb47d283a56e61f311581d66266cb
2024-05-08,0.16340502467792617,isotropic_constructed_macro_nats_full_precision_v3,0552c7f4701ada91e31e916f992171b9418cb47d283a56e61f311581d66266cb
2024-05-10,0.16644836812360755,isotropic_constructed_macro_nats_full_precision_v3,0552c7f4701ada91e31e916f992171b9418cb47d283a56e61f311581d66266cb
2024-05-14,0.15268297171027118,isotropic_constructed_macro_nats_full_precision_v3,0552c7f4701ada91e31e916f992171b9418cb47d283a56e61f311581d66266cb
2024-05-16,0.16462280057714085,isotropic_constructed_macro_nats_full_precision_v3,0552c7f4701ada91e31e916f992171b9418cb47d283a56e61f311581d66266cb
2024-05-20,0.17273743010260662,isotropic_constructed_macro_nats_full_precision_v3,0552c7f4701ada91e31e916f992171b9418cb47d283a56e61f311581d66266cb
2024-05-22,0.16445992910624346,isotropic_constructed_macro_nats_full_precision_v3,0552c7f4701ada91e31e916f992171b9418cb47d283a56e61f311581d66266cb
2024-05-24,0.16833840528751043,isotropic_constructed_macro_nats_full_precision_v3,0552c7f4701ada91e31e916f992171b9418cb47d283a56e61f311581d66266cb
2024-05-29,0.14013580509626297,isotropic_constructed_macro_nats_full_precision_v3,0552c7f4701ada91e31e916f992171b9418cb47d283a56e61f311581d66266cb
2024-05-31,0.143202829113339,isotropic_constructed_macro_nats_full_precision_v3,0552c7f4701ada91e31e916f992171b9418cb47d283a56e61f311581d66266cb
2024-06-04,0.13217881188360014,isotropic_constructed_macro_nats_full_precision_v3,0552c7f4701ada91e31e916f992171b9418cb47d283a56e61f311581d66266cb
2024-06-06,0.12972322787670465,isotropic_constructed_macro_nats_full_precision_v3,0552c7f4701ada91e31e916f992171b9418cb47d283a56e61f311581d66266cb
2024-06-10,0.12991208493061362,isotropic_constructed_macro_nats_full_precision_v3,0552c7f4701ada91e31e916f992171b9418cb47d283a56e61f311581d66266cb
2024-06-12,0.1345676150663646,isotropic_constructed_macro_nats_full_precision_v3,0552c7f4701ada91e31e916f992171b9418cb47d283a56e61f311581d66266cb
2024-06-14,0.13937013357583847,isotropic_constructed_macro_nats_full_precision_v3,0552c7f4701ada91e31e916f992171b9418cb47d283a56e61f311581d66266cb
2024-06-18,0.14652833077644262,isotropic_constructed_macro_nats_full_precision_v3,0552c7f4701ada91e31e916f992171b9418cb47d283a56e61f311581d66266cb
2024-06-21,0.1228884952077113,isotropic_constructed_macro_nats_full_precision_v3,0552c7f4701ada91e31e916f992171b9418cb47d283a56e61f311581d66266cb
2024-06-25,0.11783897884082334,isotropic_constructed_macro_nats_full_precision_v3,0552c7f4701ada91e31e916f992171b9418cb47d283a56e61f311581d66266cb
2024-06-27,0.11588845504373566,isotropic_constructed_macro_nats_full_precision_v3,0552c7f4701ada91e31e916f992171b9418cb47d283a56e61f311581d66266cb
2024-07-01,0.11520140350208745,isotropic_constructed_macro_nats_full_precision_v3,0552c7f4701ada91e31e916f992171b9418cb47d283a56e61f311581d66266cb
2024-07-03,0.10570927657082964,isotropic_constructed_macro_nats_full_precision_v3,0552c7f4701ada91e31e916f992171b9418cb47d283a56e61f311581d66266cb
2024-07-08,0.11546076465017942,isotropic_constructed_macro_nats_full_precision_v3,0552c7f4701ada91e31e916f992171b9418cb47d283a56e61f311581d66266cb
2024-07-10,0.10881063162331704,isotropic_constructed_macro_nats_full_precision_v3,0552c7f4701ada91e31e916f992171b9418cb47d283a56e61f311581d66266cb
2024-07-12,0.10935799407927646,isotropic_constructed_macro_nats_full_precision_v3,0552c7f4701ada91e31e916f992171b9418cb47d283a56e61f311581d66266cb
2024-07-16,0.10667881368427162,isotropic_constructed_macro_nats_full_precision_v3,0552c7f4701ada91e31e916f992171b9418cb47d283a56e61f311581d66266cb
2024-07-18,0.10899074558298665,isotropic_constructed_macro_nats_full_precision_v3,0552c7f4701ada91e31e916f992171b9418cb47d283a56e61f311581d66266cb
2024-07-22,0.11052804175158677,isotropic_constructed_macro_nats_full_precision_v3,0552c7f4701ada91e31e916f992171b9418cb47d283a56e61f311581d66266cb
2024-07-24,0.11650936856689106,isotropic_constructed_macro_nats_full_precision_v3,0552c7f4701ada91e31e916f992171b9418cb47d283a56e61f311581d66266cb
2024-07-26,0.1146746735780089,isotropic_constructed_macro_nats_full_precision_v3,0552c7f4701ada91e31e916f992171b9418cb47d283a56e61f311581d66266cb
2024-07-30,0.12657424341294127,isotropic_constructed_macro_nats_full_precision_v3,0552c7f4701ada91e31e916f992171b9418cb47d283a56e61f311581d66266cb
2024-08-01,0.12021681419315886,isotropic_constructed_macro_nats_full_precision_v3,0552c7f4701ada91e31e916f992171b9418cb47d283a56e61f311581d66266cb
2024-08-05,0.11802330196294501,isotropic_constructed_macro_nats_full_precision_v3,0552c7f4701ada91e31e916f992171b9418cb47d283a56e61f311581d66266cb
2024-08-07,0.11670317675922479,isotropic_constructed_macro_nats_full_precision_v3,0552c7f4701ada91e31e916f992171b9418cb47d283a56e61f311581d66266cb
2024-08-09,0.11160492030483382,isotropic_constructed_macro_nats_full_precision_v3,0552c7f4701ada91e31e916f992171b9418cb47d283a56e61f311581d66266cb
2024-08-13,0.11272901034392421,isotropic_constructed_macro_nats_full_precision_v3,0552c7f4701ada91e31e916f992171b9418cb47d283a56e61f311581d66266cb
2024-08-15,0.11268764204930347,isotropic_constructed_macro_nats_full_precision_v3,0552c7f4701ada91e31e916f992171b9418cb47d283a56e61f311581d66266cb
2024-08-19,0.10492591682675396,isotropic_constructed_macro_nats_full_precision_v3,0552c7f4701ada91e31e916f992171b9418cb47d283a56e61f311581d66266cb
2024-08-21,0.10527562073196553,isotropic_constructed_macro_nats_full_precision_v3,0552c7f4701ada91e31e916f992171b9418cb47d283a56e61f311581d66266cb
2024-08-23,0.10326816525878536,isotropic_constructed_macro_nats_full_precision_v3,0552c7f4701ada91e31e916f992171b9418cb47d283a56e61f311581d66266cb
2024-08-27,0.09812290786736207,isotropic_constructed_macro_nats_full_precision_v3,0552c7f4701ada91e31e916f992171b9418cb47d283a56e61f311581d66266cb
2024-08-29,0.10057721746343044,isotropic_constructed_macro_nats_full_precision_v3,0552c7f4701ada91e31e916f992171b9418cb47d283a56e61f311581d66266cb
2024-09-03,0.11024249742639783,isotropic_constructed_macro_nats_full_precision_v3,0552c7f4701ada91e31e916f992171b9418cb47d283a56e61f311581d66266cb
2024-09-05,0.1107054808676489,isotropic_constructed_macro_nats_full_precision_v3,0552c7f4701ada91e31e916f992171b9418cb47d283a56e61f311581d66266cb
2024-09-09,0.10032520451944844,isotropic_constructed_macro_nats_full_precision_v3,0552c7f4701ada91e31e916f992171b9418cb47d283a56e61f311581d66266cb
2024-09-11,0.09964360889814033,isotropic_constructed_macro_nats_full_precision_v3,0552c7f4701ada91e31e916f992171b9418cb47d283a56e61f311581d66266cb
2024-09-13,0.10034541171990057,isotropic_constructed_macro_nats_full_precision_v3,0552c7f4701ada91e31e916f992171b9418cb47d283a56e61f311581d66266cb
2024-09-17,0.11655222473954414,isotropic_constructed_macro_nats_full_precision_v3,0552c7f4701ada91e31e916f992171b9418cb47d283a56e61f311581d66266cb
2024-09-19,0.11718969334364744,isotropic_constructed_macro_nats_full_precision_v3,0552c7f4701ada91e31e916f992171b9418cb47d283a56e61f311581d66266cb
2024-09-23,0.12098199829840771,isotropic_constructed_macro_nats_full_precision_v3,0552c7f4701ada91e31e916f992171b9418cb47d283a56e61f311581d66266cb
2024-09-25,0.12264487075519805,isotropic_constructed_macro_nats_full_precision_v3,0552c7f4701ada91e31e916f992171b9418cb47d283a56e61f311581d66266cb
2024-09-27,0.12483540785305779,isotropic_constructed_macro_nats_full_precision_v3,0552c7f4701ada91e31e916f992171b9418cb47d283a56e61f311581d66266cb
2024-10-01,0.12509907734655018,isotropic_constructed_macro_nats_full_precision_v3,0552c7f4701ada91e31e916f992171b9418cb47d283a56e61f311581d66266cb
2024-10-03,0.12082451195564013,isotropic_constructed_macro_nats_full_precision_v3,0552c7f4701ada91e31e916f992171b9418cb47d283a56e61f311581d66266cb
2024-10-07,0.11638851874015727,isotropic_constructed_macro_nats_full_precision_v3,0552c7f4701ada91e31e916f992171b9418cb47d283a56e61f311581d66266cb
2024-10-09,0.10833358298934528,isotropic_constructed_macro_nats_full_precision_v3,0552c7f4701ada91e31e916f992171b9418cb47d283a56e61f311581d66266cb
2024-10-11,0.1058780514736295,isotropic_constructed_macro_nats_full_precision_v3,0552c7f4701ada91e31e916f992171b9418cb47d283a56e61f311581d66266cb
2024-10-15,0.10247973797849243,isotropic_constructed_macro_nats_full_precision_v3,0552c7f4701ada91e31e916f992171b9418cb47d283a56e61f311581d66266cb
2024-10-17,0.10272061881474581,isotropic_constructed_macro_nats_full_precision_v3,0552c7f4701ada91e31e916f992171b9418cb47d283a56e61f311581d66266cb
2024-10-21,0.10395704434571632,isotropic_constructed_macro_nats_full_precision_v3,0552c7f4701ada91e31e916f992171b9418cb47d283a56e61f311581d66266cb
2024-10-23,0.11343551050623771,isotropic_constructed_macro_nats_full_precision_v3,0552c7f4701ada91e31e916f992171b9418cb47d283a56e61f311581d66266cb
2024-10-25,0.12290798661793367,isotropic_constructed_macro_nats_full_precision_v3,0552c7f4701ada91e31e916f992171b9418cb47d283a56e61f311581d66266cb
2024-10-29,0.11384078603802716,isotropic_constructed_macro_nats_full_precision_v3,0552c7f4701ada91e31e916f992171b9418cb47d283a56e61f311581d66266cb
2024-10-31,0.0955796660514378,isotropic_constructed_macro_nats_full_precision_v3,0552c7f4701ada91e31e916f992171b9418cb47d283a56e61f311581d66266cb
2024-11-04,0.09168577279727236,isotropic_constructed_macro_nats_full_precision_v3,0552c7f4701ada91e31e916f992171b9418cb47d283a56e61f311581d66266cb
2024-11-06,0.09155829042187959,isotropic_constructed_macro_nats_full_precision_v3,0552c7f4701ada91e31e916f992171b9418cb47d283a56e61f311581d66266cb
2024-11-08,0.11036783519735381,isotropic_constructed_macro_nats_full_precision_v3,0552c7f4701ada91e31e916f992171b9418cb47d283a56e61f311581d66266cb
2024-11-12,0.11339210198530723,isotropic_constructed_macro_nats_full_precision_v3,0552c7f4701ada91e31e916f992171b9418cb47d283a56e61f311581d66266cb
2024-11-14,0.10494619758833584,isotropic_constructed_macro_nats_full_precision_v3,0552c7f4701ada91e31e916f992171b9418cb47d283a56e61f311581d66266cb
2024-11-18,0.1181850140951454,isotropic_constructed_macro_nats_full_precision_v3,0552c7f4701ada91e31e916f992171b9418cb47d283a56e61f311581d66266cb
2024-11-20,0.11502432252323007,isotropic_constructed_macro_nats_full_precision_v3,0552c7f4701ada91e31e916f992171b9418cb47d283a56e61f311581d66266cb
2024-11-22,0.11980875694706714,isotropic_constructed_macro_nats_full_precision_v3,0552c7f4701ada91e31e916f992171b9418cb47d283a56e61f311581d66266cb
2024-11-26,0.11454313436530714,isotropic_constructed_macro_nats_full_precision_v3,0552c7f4701ada91e31e916f992171b9418cb47d283a56e61f311581d66266cb
2024-11-29,0.1135056914659599,isotropic_constructed_macro_nats_full_precision_v3,0552c7f4701ada91e31e916f992171b9418cb47d283a56e61f311581d66266cb
2024-12-03,0.11540651027783001,isotropic_constructed_macro_nats_full_precision_v3,0552c7f4701ada91e31e916f992171b9418cb47d283a56e61f311581d66266cb
2024-12-05,0.12250372561295997,isotropic_constructed_macro_nats_full_precision_v3,0552c7f4701ada91e31e916f992171b9418cb47d283a56e61f311581d66266cb
2024-12-09,0.12118859906678725,isotropic_constructed_macro_nats_full_precision_v3,0552c7f4701ada91e31e916f992171b9418cb47d283a56e61f311581d66266cb
2024-12-11,0.1147063861172807,isotropic_constructed_macro_nats_full_precision_v3,0552c7f4701ada91e31e916f992171b9418cb47d283a56e61f311581d66266cb
2024-12-13,0.11701890270710595,isotropic_constructed_macro_nats_full_precision_v3,0552c7f4701ada91e31e916f992171b9418cb47d283a56e61f311581d66266cb
2024-12-17,0.11460390908488301,isotropic_constructed_macro_nats_full_precision_v3,0552c7f4701ada91e31e916f992171b9418cb47d283a56e61f311581d66266cb
2024-12-19,0.12086368231328007,isotropic_constructed_macro_nats_full_precision_v3,0552c7f4701ada91e31e916f992171b9418cb47d283a56e61f311581d66266cb
2024-12-23,0.12102556832695383,isotropic_constructed_macro_nats_full_precision_v3,0552c7f4701ada91e31e916f992171b9418cb47d283a56e61f311581d66266cb
2024-12-26,0.11216740999800165,isotropic_constructed_macro_nats_full_precision_v3,0552c7f4701ada91e31e916f992171b9418cb47d283a56e61f311581d66266cb
2024-12-30,0.11500443835342508,isotropic_constructed_macro_nats_full_precision_v3,0552c7f4701ada91e31e916f992171b9418cb47d283a56e61f311581d66266cb
2025-01-02,0.11416786900870105,isotropic_constructed_macro_nats_full_precision_v3,0552c7f4701ada91e31e916f992171b9418cb47d283a56e61f311581d66266cb
2025-01-06,0.10868466453194768,isotropic_constructed_macro_nats_full_precision_v3,0552c7f4701ada91e31e916f992171b9418cb47d283a56e61f311581d66266cb
2025-01-08,0.10450725856625281,isotropic_constructed_macro_nats_full_precision_v3,0552c7f4701ada91e31e916f992171b9418cb47d283a56e61f311581d66266cb
2025-01-13,0.10736561752035195,isotropic_constructed_macro_nats_full_precision_v3,0552c7f4701ada91e31e916f992171b9418cb47d283a56e61f311581d66266cb
2025-01-15,0.10985350135702016,isotropic_constructed_macro_nats_full_precision_v3,0552c7f4701ada91e31e916f992171b9418cb47d283a56e61f311581d66266cb
2025-01-17,0.10174133452342277,isotropic_constructed_macro_nats_full_precision_v3,0552c7f4701ada91e31e916f992171b9418cb47d283a56e61f311581d66266cb
2025-01-22,0.09971381340451824,isotropic_constructed_macro_nats_full_precision_v3,0552c7f4701ada91e31e916f992171b9418cb47d283a56e61f311581d66266cb
2025-01-24,0.0953760874215084,isotropic_constructed_macro_nats_full_precision_v3,0552c7f4701ada91e31e916f992171b9418cb47d283a56e61f311581d66266cb
2025-01-28,0.09766566504701632,isotropic_constructed_macro_nats_full_precision_v3,0552c7f4701ada91e31e916f992171b9418cb47d283a56e61f311581d66266cb
2025-01-30,0.08895182859359903,isotropic_constructed_macro_nats_full_precision_v3,0552c7f4701ada91e31e916f992171b9418cb47d283a56e61f311581d66266cb
2025-02-03,0.08413222222213103,isotropic_constructed_macro_nats_full_precision_v3,0552c7f4701ada91e31e916f992171b9418cb47d283a56e61f311581d66266cb
2025-02-05,0.10676476429287493,isotropic_constructed_macro_nats_full_precision_v3,0552c7f4701ada91e31e916f992171b9418cb47d283a56e61f311581d66266cb
2025-02-07,0.11226705417808175,isotropic_constructed_macro_nats_full_precision_v3,0552c7f4701ada91e31e916f992171b9418cb47d283a56e61f311581d66266cb
2025-02-11,0.11732950280360015,isotropic_constructed_macro_nats_full_precision_v3,0552c7f4701ada91e31e916f992171b9418cb47d283a56e61f311581d66266cb
2025-02-13,0.08015367305820084,isotropic_constructed_macro_nats_full_precision_v3,0552c7f4701ada91e31e916f992171b9418cb47d283a56e61f311581d66266cb
2025-02-18,0.07443202358237476,isotropic_constructed_macro_nats_full_precision_v3,0552c7f4701ada91e31e916f992171b9418cb47d283a56e61f311581d66266cb
2025-02-20,0.06786807239114481,isotropic_constructed_macro_nats_full_precision_v3,0552c7f4701ada91e31e916f992171b9418cb47d283a56e61f311581d66266cb
2025-02-24,0.06305234181822943,isotropic_constructed_macro_nats_full_precision_v3,0552c7f4701ada91e31e916f992171b9418cb47d283a56e61f311581d66266cb
2025-02-26,0.06609481047558402,isotropic_constructed_macro_nats_full_precision_v3,0552c7f4701ada91e31e916f992171b9418cb47d283a56e61f311581d66266cb
2025-02-28,0.06624204974797981,isotropic_constructed_macro_nats_full_precision_v3,0552c7f4701ada91e31e916f992171b9418cb47d283a56e61f311581d66266cb
2025-03-04,0.06580527776486171,isotropic_constructed_macro_nats_full_precision_v3,0552c7f4701ada91e31e916f992171b9418cb47d283a56e61f311581d66266cb
2025-03-06,0.06416903411603456,isotropic_constructed_macro_nats_full_precision_v3,0552c7f4701ada91e31e916f992171b9418cb47d283a56e61f311581d66266cb
2025-03-10,0.06512467764790966,isotropic_constructed_macro_nats_full_precision_v3,0552c7f4701ada91e31e916f992171b9418cb47d283a56e61f311581d66266cb
2025-03-12,0.0626874279268644,isotropic_constructed_macro_nats_full_precision_v3,0552c7f4701ada91e31e916f992171b9418cb47d283a56e61f311581d66266cb
2025-03-14,0.06617920610088912,isotropic_constructed_macro_nats_full_precision_v3,0552c7f4701ada91e31e916f992171b9418cb47d283a56e61f311581d66266cb
2025-03-18,0.06763952777555123,isotropic_constructed_macro_nats_full_precision_v3,0552c7f4701ada91e31e916f992171b9418cb47d283a56e61f311581d66266cb
2025-03-20,0.06583649588349866,isotropic_constructed_macro_nats_full_precision_v3,0552c7f4701ada91e31e916f992171b9418cb47d283a56e61f311581d66266cb
2025-03-24,0.06755377627545342,isotropic_constructed_macro_nats_full_precision_v3,0552c7f4701ada91e31e916f992171b9418cb47d283a56e61f311581d66266cb
2025-03-26,0.06792635054612019,isotropic_constructed_macro_nats_full_precision_v3,0552c7f4701ada91e31e916f992171b9418cb47d283a56e61f311581d66266cb
2025-03-28,0.06865708087410247,isotropic_constructed_macro_nats_full_precision_v3,0552c7f4701ada91e31e916f992171b9418cb47d283a56e61f311581d66266cb
2025-04-01,0.06763092502713981,isotropic_constructed_macro_nats_full_precision_v3,0552c7f4701ada91e31e916f992171b9418cb47d283a56e61f311581d66266cb
2025-04-03,0.06850569888769259,isotropic_constructed_macro_nats_full_precision_v3,0552c7f4701ada91e31e916f992171b9418cb47d283a56e61f311581d66266cb
2025-04-07,0.07204918234046484,isotropic_constructed_macro_nats_full_precision_v3,0552c7f4701ada91e31e916f992171b9418cb47d283a56e61f311581d66266cb
2025-04-09,0.07669491449142066,isotropic_constructed_macro_nats_full_precision_v3,0552c7f4701ada91e31e916f992171b9418cb47d283a56e61f311581d66266cb
2025-04-11,0.07557907771865366,isotropic_constructed_macro_nats_full_precision_v3,0552c7f4701ada91e31e916f992171b9418cb47d283a56e61f311581d66266cb
2025-04-15,0.07221720157804423,isotropic_constructed_macro_nats_full_precision_v3,0552c7f4701ada91e31e916f992171b9418cb47d283a56e61f311581d66266cb
2025-04-17,0.0712380053474508,isotropic_constructed_macro_nats_full_precision_v3,0552c7f4701ada91e31e916f992171b9418cb47d283a56e61f311581d66266cb
2025-04-22,0.06908260959486791,isotropic_constructed_macro_nats_full_precision_v3,0552c7f4701ada91e31e916f992171b9418cb47d283a56e61f311581d66266cb
2025-04-24,0.06871622726330753,isotropic_constructed_macro_nats_full_precision_v3,0552c7f4701ada91e31e916f992171b9418cb47d283a56e61f311581d66266cb
2025-04-28,0.06447806716173646,isotropic_constructed_macro_nats_full_precision_v3,0552c7f4701ada91e31e916f992171b9418cb47d283a56e61f311581d66266cb
2025-04-30,0.0675985217387531,isotropic_constructed_macro_nats_full_precision_v3,0552c7f4701ada91e31e916f992171b9418cb47d283a56e61f311581d66266cb
2025-05-02,0.07455376724328323,isotropic_constructed_macro_nats_full_precision_v3,0552c7f4701ada91e31e916f992171b9418cb47d283a56e61f311581d66266cb
2025-05-06,0.08252965583565135,isotropic_constructed_macro_nats_full_precision_v3,0552c7f4701ada91e31e916f992171b9418cb47d283a56e61f311581d66266cb
2025-05-08,0.08555315609314279,isotropic_constructed_macro_nats_full_precision_v3,0552c7f4701ada91e31e916f992171b9418cb47d283a56e61f311581d66266cb
2025-05-12,0.08631596905698444,isotropic_constructed_macro_nats_full_precision_v3,0552c7f4701ada91e31e916f992171b9418cb47d283a56e61f311581d66266cb
2025-05-14,0.08670234937268492,isotropic_constructed_macro_nats_full_precision_v3,0552c7f4701ada91e31e916f992171b9418cb47d283a56e61f311581d66266cb
2025-05-16,0.07949179472425402,isotropic_constructed_macro_nats_full_precision_v3,0552c7f4701ada91e31e916f992171b9418cb47d283a56e61f311581d66266cb
2025-05-20,0.08201518272720112,isotropic_constructed_macro_nats_full_precision_v3,0552c7f4701ada91e31e916f992171b9418cb47d283a56e61f311581d66266cb
2025-05-22,0.08130127763377187,isotropic_constructed_macro_nats_full_precision_v3,0552c7f4701ada91e31e916f992171b9418cb47d283a56e61f311581d66266cb
2025-05-27,0.08198007253600495,isotropic_constructed_macro_nats_full_precision_v3,0552c7f4701ada91e31e916f992171b9418cb47d283a56e61f311581d66266cb
2025-05-29,0.0818392754549168,isotropic_constructed_macro_nats_full_precision_v3,0552c7f4701ada91e31e916f992171b9418cb47d283a56e61f311581d66266cb
2025-06-02,0.08355572087776958,isotropic_constructed_macro_nats_full_precision_v3,0552c7f4701ada91e31e916f992171b9418cb47d283a56e61f311581d66266cb
2025-06-04,0.08566185268608961,isotropic_constructed_macro_nats_full_precision_v3,0552c7f4701ada91e31e916f992171b9418cb47d283a56e61f311581d66266cb
2025-06-06,0.08634365402075002,isotropic_constructed_macro_nats_full_precision_v3,0552c7f4701ada91e31e916f992171b9418cb47d283a56e61f311581d66266cb
2025-06-10,0.08513859707129239,isotropic_constructed_macro_nats_full_precision_v3,0552c7f4701ada91e31e916f992171b9418cb47d283a56e61f311581d66266cb
2025-06-12,0.0837486760165867,isotropic_constructed_macro_nats_full_precision_v3,0552c7f4701ada91e31e916f992171b9418cb47d283a56e61f311581d66266cb
2025-06-16,0.08105685157894645,isotropic_constructed_macro_nats_full_precision_v3,0552c7f4701ada91e31e916f992171b9418cb47d283a56e61f311581d66266cb
2025-06-18,0.07775459700128066,isotropic_constructed_macro_nats_full_precision_v3,0552c7f4701ada91e31e916f992171b9418cb47d283a56e61f311581d66266cb
2025-06-23,0.08124000195101874,isotropic_constructed_macro_nats_full_precision_v3,0552c7f4701ada91e31e916f992171b9418cb47d283a56e61f311581d66266cb
2025-06-25,0.08106898165049627,isotropic_constructed_macro_nats_full_precision_v3,0552c7f4701ada91e31e916f992171b9418cb47d283a56e61f311581d66266cb
2025-06-27,0.08298147298613406,isotropic_constructed_macro_nats_full_precision_v3,0552c7f4701ada91e31e916f992171b9418cb47d283a56e61f311581d66266cb
2025-07-01,0.08530517224294881,isotropic_constructed_macro_nats_full_precision_v3,0552c7f4701ada91e31e916f992171b9418cb47d283a56e61f311581d66266cb
2025-07-03,0.08545493968501278,isotropic_constructed_macro_nats_full_precision_v3,0552c7f4701ada91e31e916f992171b9418cb47d283a56e61f311581d66266cb
2025-07-08,0.08779258993075108,isotropic_constructed_macro_nats_full_precision_v3,0552c7f4701ada91e31e916f992171b9418cb47d283a56e61f311581d66266cb
2025-07-10,0.08903806985020962,isotropic_constructed_macro_nats_full_precision_v3,0552c7f4701ada91e31e916f992171b9418cb47d283a56e61f311581d66266cb
2025-07-14,0.09558546237829013,isotropic_constructed_macro_nats_full_precision_v3,0552c7f4701ada91e31e916f992171b9418cb47d283a56e61f311581d66266cb
2025-07-16,0.09685653213666606,isotropic_constructed_macro_nats_full_precision_v3,0552c7f4701ada91e31e916f992171b9418cb47d283a56e61f311581d66266cb
2025-07-18,0.08885733570802845,isotropic_constructed_macro_nats_full_precision_v3,0552c7f4701ada91e31e916f992171b9418cb47d283a56e61f311581d66266cb
2025-07-22,0.09389145655336867,isotropic_constructed_macro_nats_full_precision_v3,0552c7f4701ada91e31e916f992171b9418cb47d283a56e61f311581d66266cb
2025-07-24,0.09232546772275067,isotropic_constructed_macro_nats_full_precision_v3,0552c7f4701ada91e31e916f992171b9418cb47d283a56e61f311581d66266cb
2025-07-28,0.0924188176147427,isotropic_constructed_macro_nats_full_precision_v3,0552c7f4701ada91e31e916f992171b9418cb47d283a56e61f311581d66266cb
2025-07-30,0.0896668292449995,isotropic_constructed_macro_nats_full_precision_v3,0552c7f4701ada91e31e916f992171b9418cb47d283a56e61f311581d66266cb
2025-08-01,0.088646850308434,isotropic_constructed_macro_nats_full_precision_v3,0552c7f4701ada91e31e916f992171b9418cb47d283a56e61f311581d66266cb
2025-08-05,0.08030833528806305,isotropic_constructed_macro_nats_full_precision_v3,0552c7f4701ada91e31e916f992171b9418cb47d283a56e61f311581d66266cb
2025-08-07,0.07917043287401657,isotropic_constructed_macro_nats_full_precision_v3,0552c7f4701ada91e31e916f992171b9418cb47d283a56e61f311581d66266cb
2025-08-11,0.08449725929372462,isotropic_constructed_macro_nats_full_precision_v3,0552c7f4701ada91e31e916f992171b9418cb47d283a56e61f311581d66266cb
2025-08-13,0.07668208905449507,isotropic_constructed_macro_nats_full_precision_v3,0552c7f4701ada91e31e916f992171b9418cb47d283a56e61f311581d66266cb
2025-08-15,0.06360286576644458,isotropic_constructed_macro_nats_full_precision_v3,0552c7f4701ada91e31e916f992171b9418cb47d283a56e61f311581d66266cb
2025-08-19,0.05676326438237371,isotropic_constructed_macro_nats_full_precision_v3,0552c7f4701ada91e31e916f992171b9418cb47d283a56e61f311581d66266cb
2025-08-21,0.05411200822127196,isotropic_constructed_macro_nats_full_precision_v3,0552c7f4701ada91e31e916f992171b9418cb47d283a56e61f311581d66266cb
2025-08-25,0.0622206200921329,isotropic_constructed_macro_nats_full_precision_v3,0552c7f4701ada91e31e916f992171b9418cb47d283a56e61f311581d66266cb
2025-08-27,0.06453736494731027,isotropic_constructed_macro_nats_full_precision_v3,0552c7f4701ada91e31e916f992171b9418cb47d283a56e61f311581d66266cb
2025-08-29,0.061759071061365786,isotropic_constructed_macro_nats_full_precision_v3,0552c7f4701ada91e31e916f992171b9418cb47d283a56e61f311581d66266cb
2025-09-03,0.061703710774926354,isotropic_constructed_macro_nats_full_precision_v3,0552c7f4701ada91e31e916f992171b9418cb47d283a56e61f311581d66266cb
2025-09-05,0.05469939414008772,isotropic_constructed_macro_nats_full_precision_v3,0552c7f4701ada91e31e916f992171b9418cb47d283a56e61f311581d66266cb
2025-09-09,0.05622829191547793,isotropic_constructed_macro_nats_full_precision_v3,0552c7f4701ada91e31e916f992171b9418cb47d283a56e61f311581d66266cb
2025-09-11,0.05833812477722779,isotropic_constructed_macro_nats_full_precision_v3,0552c7f4701ada91e31e916f992171b9418cb47d283a56e61f311581d66266cb
2025-09-15,0.05269815761071464,isotropic_constructed_macro_nats_full_precision_v3,0552c7f4701ada91e31e916f992171b9418cb47d283a56e61f311581d66266cb
2025-09-17,0.05822057013481986,isotropic_constructed_macro_nats_full_precision_v3,0552c7f4701ada91e31e916f992171b9418cb47d283a56e61f311581d66266cb
2025-09-19,0.060903802084032205,isotropic_constructed_macro_nats_full_precision_v3,0552c7f4701ada91e31e916f992171b9418cb47d283a56e61f311581d66266cb
2025-09-23,0.059419170623907586,isotropic_constructed_macro_nats_full_precision_v3,0552c7f4701ada91e31e916f992171b9418cb47d283a56e61f311581d66266cb
2025-09-25,0.06912465004334939,isotropic_constructed_macro_nats_full_precision_v3,0552c7f4701ada91e31e916f992171b9418cb47d283a56e61f311581d66266cb
2025-09-29,0.06892365902342122,isotropic_constructed_macro_nats_full_precision_v3,0552c7f4701ada91e31e916f992171b9418cb47d283a56e61f311581d66266cb
2025-10-01,0.06983411177487421,isotropic_constructed_macro_nats_full_precision_v3,0552c7f4701ada91e31e916f992171b9418cb47d283a56e61f311581d66266cb
2025-10-03,0.07211299627383388,isotropic_constructed_macro_nats_full_precision_v3,0552c7f4701ada91e31e916f992171b9418cb47d283a56e61f311581d66266cb
2025-10-07,0.06963013314335344,isotropic_constructed_macro_nats_full_precision_v3,0552c7f4701ada91e31e916f992171b9418cb47d283a56e61f311581d66266cb
2025-10-09,0.07919223224176418,isotropic_constructed_macro_nats_full_precision_v3,0552c7f4701ada91e31e916f992171b9418cb47d283a56e61f311581d66266cb
2025-10-13,0.08339988136208554,isotropic_constructed_macro_nats_full_precision_v3,0552c7f4701ada91e31e916f992171b9418cb47d283a56e61f311581d66266cb
2025-10-15,0.07861108860677095,isotropic_constructed_macro_nats_full_precision_v3,0552c7f4701ada91e31e916f992171b9418cb47d283a56e61f311581d66266cb
2025-10-17,0.08321446738212733,isotropic_constructed_macro_nats_full_precision_v3,0552c7f4701ada91e31e916f992171b9418cb47d283a56e61f311581d66266cb
2025-10-21,0.08667544919736236,isotropic_constructed_macro_nats_full_precision_v3,0552c7f4701ada91e31e916f992171b9418cb47d283a56e61f311581d66266cb
2025-10-23,0.0887780084452905,isotropic_constructed_macro_nats_full_precision_v3,0552c7f4701ada91e31e916f992171b9418cb47d283a56e61f311581d66266cb
2025-10-27,0.09044283341499326,isotropic_constructed_macro_nats_full_precision_v3,0552c7f4701ada91e31e916f992171b9418cb47d283a56e61f311581d66266cb
2025-10-29,0.1021038472852414,isotropic_constructed_macro_nats_full_precision_v3,0552c7f4701ada91e31e916f992171b9418cb47d283a56e61f311581d66266cb
2025-10-31,0.09703443975969979,isotropic_constructed_macro_nats_full_precision_v3,0552c7f4701ada91e31e916f992171b9418cb47d283a56e61f311581d66266cb
2025-11-04,0.0927834039659647,isotropic_constructed_macro_nats_full_precision_v3,0552c7f4701ada91e31e916f992171b9418cb47d283a56e61f311581d66266cb
2025-11-06,0.09270451741205861,isotropic_constructed_macro_nats_full_precision_v3,0552c7f4701ada91e31e916f992171b9418cb47d283a56e61f311581d66266cb
2025-11-10,0.09491277106072153,isotropic_constructed_macro_nats_full_precision_v3,0552c7f4701ada91e31e916f992171b9418cb47d283a56e61f311581d66266cb
2025-11-12,0.09306896427487062,isotropic_constructed_macro_nats_full_precision_v3,0552c7f4701ada91e31e916f992171b9418cb47d283a56e61f311581d66266cb
2025-11-14,0.09557309177715426,isotropic_constructed_macro_nats_full_precision_v3,0552c7f4701ada91e31e916f992171b9418cb47d283a56e61f311581d66266cb
2025-11-18,0.09783018979249203,isotropic_constructed_macro_nats_full_precision_v3,0552c7f4701ada91e31e916f992171b9418cb47d283a56e61f311581d66266cb
2025-11-20,0.10333411129505651,isotropic_constructed_macro_nats_full_precision_v3,0552c7f4701ada91e31e916f992171b9418cb47d283a56e61f311581d66266cb
2025-11-24,0.10640799451439627,isotropic_constructed_macro_nats_full_precision_v3,0552c7f4701ada91e31e916f992171b9418cb47d283a56e61f311581d66266cb
2025-11-26,0.10596248210756667,isotropic_constructed_macro_nats_full_precision_v3,0552c7f4701ada91e31e916f992171b9418cb47d283a56e61f311581d66266cb
2025-12-01,0.10199615559243765,isotropic_constructed_macro_nats_full_precision_v3,0552c7f4701ada91e31e916f992171b9418cb47d283a56e61f311581d66266cb
2025-12-03,0.10271778033757002,isotropic_constructed_macro_nats_full_precision_v3,0552c7f4701ada91e31e916f992171b9418cb47d283a56e61f311581d66266cb
2025-12-05,0.10720642745651249,isotropic_constructed_macro_nats_full_precision_v3,0552c7f4701ada91e31e916f992171b9418cb47d283a56e61f311581d66266cb
2025-12-09,0.104101707790618,isotropic_constructed_macro_nats_full_precision_v3,0552c7f4701ada91e31e916f992171b9418cb47d283a56e61f311581d66266cb
2025-12-11,0.10405265510571801,isotropic_constructed_macro_nats_full_precision_v3,0552c7f4701ada91e31e916f992171b9418cb47d283a56e61f311581d66266cb
2025-12-15,0.09863826764503869,isotropic_constructed_macro_nats_full_precision_v3,0552c7f4701ada91e31e916f992171b9418cb47d283a56e61f311581d66266cb
2025-12-17,0.0963315675689693,isotropic_constructed_macro_nats_full_precision_v3,0552c7f4701ada91e31e916f992171b9418cb47d283a56e61f311581d66266cb
2025-12-19,0.09706007358708989,isotropic_constructed_macro_nats_full_precision_v3,0552c7f4701ada91e31e916f992171b9418cb47d283a56e61f311581d66266cb
2025-12-23,0.09890907645840888,isotropic_constructed_macro_nats_full_precision_v3,0552c7f4701ada91e31e916f992171b9418cb47d283a56e61f311581d66266cb
2025-12-26,0.0992190292228802,isotropic_constructed_macro_nats_full_precision_v3,0552c7f4701ada91e31e916f992171b9418cb47d283a56e61f311581d66266cb
2025-12-30,0.09635794833024089,isotropic_constructed_macro_nats_full_precision_v3,0552c7f4701ada91e31e916f992171b9418cb47d283a56e61f311581d66266cb
2026-01-02,0.09483747377255008,isotropic_constructed_macro_nats_full_precision_v3,0552c7f4701ada91e31e916f992171b9418cb47d283a56e61f311581d66266cb
2026-01-06,0.09701647818945905,isotropic_constructed_macro_nats_full_precision_v3,0552c7f4701ada91e31e916f992171b9418cb47d283a56e61f311581d66266cb
2026-01-08,0.09988245042516138,isotropic_constructed_macro_nats_full_precision_v3,0552c7f4701ada91e31e916f992171b9418cb47d283a56e61f311581d66266cb
2026-01-12,0.09872675796468915,isotropic_constructed_macro_nats_full_precision_v3,0552c7f4701ada91e31e916f992171b9418cb47d283a56e61f311581d66266cb
2026-01-14,0.09964874985305562,isotropic_constructed_macro_nats_full_precision_v3,0552c7f4701ada91e31e916f992171b9418cb47d283a56e61f311581d66266cb
2026-01-16,0.0945187307073585,isotropic_constructed_macro_nats_full_precision_v3,0552c7f4701ada91e31e916f992171b9418cb47d283a56e61f311581d66266cb
2026-01-21,0.09310271289753953,isotropic_constructed_macro_nats_full_precision_v3,0552c7f4701ada91e31e916f992171b9418cb47d283a56e61f311581d66266cb
2026-01-23,0.09025442796364563,isotropic_constructed_macro_nats_full_precision_v3,0552c7f4701ada91e31e916f992171b9418cb47d283a56e61f311581d66266cb
2026-01-27,0.08624561168707826,isotropic_constructed_macro_nats_full_precision_v3,0552c7f4701ada91e31e916f992171b9418cb47d283a56e61f311581d66266cb
2026-01-29,0.08504329213320716,isotropic_constructed_macro_nats_full_precision_v3,0552c7f4701ada91e31e916f992171b9418cb47d283a56e61f311581d66266cb
2026-02-02,0.08633715691983443,isotropic_constructed_macro_nats_full_precision_v3,0552c7f4701ada91e31e916f992171b9418cb47d283a56e61f311581d66266cb
2026-02-04,0.08618912846360416,isotropic_constructed_macro_nats_full_precision_v3,0552c7f4701ada91e31e916f992171b9418cb47d283a56e61f311581d66266cb
2026-02-06,0.08407682900000832,isotropic_constructed_macro_nats_full_precision_v3,0552c7f4701ada91e31e916f992171b9418cb47d283a56e61f311581d66266cb
2026-02-10,0.08590873251387106,isotropic_constructed_macro_nats_full_precision_v3,0552c7f4701ada91e31e916f992171b9418cb47d283a56e61f311581d66266cb
2026-02-12,0.08334563576330456,isotropic_constructed_macro_nats_full_precision_v3,0552c7f4701ada91e31e916f992171b9418cb47d283a56e61f311581d66266cb
2026-02-17,0.07468428100079993,isotropic_constructed_macro_nats_full_precision_v3,0552c7f4701ada91e31e916f992171b9418cb47d283a56e61f311581d66266cb
2026-02-19,0.07025893979947266,isotropic_constructed_macro_nats_full_precision_v3,0552c7f4701ada91e31e916f992171b9418cb47d283a56e61f311581d66266cb
2026-02-23,0.07193329623083435,isotropic_constructed_macro_nats_full_precision_v3,0552c7f4701ada91e31e916f992171b9418cb47d283a56e61f311581d66266cb
2026-02-25,0.07035474190922221,isotropic_constructed_macro_nats_full_precision_v3,0552c7f4701ada91e31e916f992171b9418cb47d283a56e61f311581d66266cb
2026-02-27,0.07008624785671333,isotropic_constructed_macro_nats_full_precision_v3,0552c7f4701ada91e31e916f992171b9418cb47d283a56e61f311581d66266cb
2026-03-03,0.07864000409905275,isotropic_constructed_macro_nats_full_precision_v3,0552c7f4701ada91e31e916f992171b9418cb47d283a56e61f311581d66266cb
2026-03-05,0.0724921537384762,isotropic_constructed_macro_nats_full_precision_v3,0552c7f4701ada91e31e916f992171b9418cb47d283a56e61f311581d66266cb
2026-03-09,0.08283860577707969,isotropic_constructed_macro_nats_full_precision_v3,0552c7f4701ada91e31e916f992171b9418cb47d283a56e61f311581d66266cb
2026-03-11,0.0826391508120814,isotropic_constructed_macro_nats_full_precision_v3,0552c7f4701ada91e31e916f992171b9418cb47d283a56e61f311581d66266cb
2026-03-13,0.08650234165668985,isotropic_constructed_macro_nats_full_precision_v3,0552c7f4701ada91e31e916f992171b9418cb47d283a56e61f311581d66266cb
2026-03-17,0.08837208964939704,isotropic_constructed_macro_nats_full_precision_v3,0552c7f4701ada91e31e916f992171b9418cb47d283a56e61f311581d66266cb
2026-03-19,0.09009945741763019,isotropic_constructed_macro_nats_full_precision_v3,0552c7f4701ada91e31e916f992171b9418cb47d283a56e61f311581d66266cb
2026-03-23,0.09095551378071114,isotropic_constructed_macro_nats_full_precision_v3,0552c7f4701ada91e31e916f992171b9418cb47d283a56e61f311581d66266cb
2026-03-25,0.09127932666672045,isotropic_constructed_macro_nats_full_precision_v3,0552c7f4701ada91e31e916f992171b9418cb47d283a56e61f311581d66266cb
2026-03-27,0.08670994692394908,isotropic_constructed_macro_nats_full_precision_v3,0552c7f4701ada91e31e916f992171b9418cb47d283a56e61f311581d66266cb
2026-03-31,0.08401846729277344,isotropic_constructed_macro_nats_full_precision_v3,0552c7f4701ada91e31e916f992171b9418cb47d283a56e61f311581d66266cb
2026-04-02,0.08025452593540822,isotropic_constructed_macro_nats_full_precision_v3,0552c7f4701ada91e31e916f992171b9418cb47d283a56e61f311581d66266cb
2026-04-07,0.07927802463822431,isotropic_constructed_macro_nats_full_precision_v3,0552c7f4701ada91e31e916f992171b9418cb47d283a56e61f311581d66266cb
2026-04-09,0.0862729337790143,isotropic_constructed_macro_nats_full_precision_v3,0552c7f4701ada91e31e916f992171b9418cb47d283a56e61f311581d66266cb
2026-04-13,0.08350352270627397,isotropic_constructed_macro_nats_full_precision_v3,0552c7f4701ada91e31e916f992171b9418cb47d283a56e61f311581d66266cb
2026-04-15,0.08058509846379074,isotropic_constructed_macro_nats_full_precision_v3,0552c7f4701ada91e31e916f992171b9418cb47d283a56e61f311581d66266cb
2026-04-17,0.09375875070662344,isotropic_constructed_macro_nats_full_precision_v3,0552c7f4701ada91e31e916f992171b9418cb47d283a56e61f311581d66266cb
2026-04-21,0.09552905034630062,isotropic_constructed_macro_nats_full_precision_v3,0552c7f4701ada91e31e916f992171b9418cb47d283a56e61f311581d66266cb
2026-04-23,0.09928166475270465,isotropic_constructed_macro_nats_full_precision_v3,0552c7f4701ada91e31e916f992171b9418cb47d283a56e61f311581d66266cb
2026-04-27,0.09872958775542393,isotropic_constructed_macro_nats_full_precision_v3,0552c7f4701ada91e31e916f992171b9418cb47d283a56e61f311581d66266cb
2026-04-29,0.09578978752625893,isotropic_constructed_macro_nats_full_precision_v3,0552c7f4701ada91e31e916f992171b9418cb47d283a56e61f311581d66266cb
2026-05-01,0.10199211000499542,isotropic_constructed_macro_nats_full_precision_v3,0552c7f4701ada91e31e916f992171b9418cb47d283a56e61f311581d66266cb
2026-05-05,0.0921397891365082,isotropic_constructed_macro_nats_full_precision_v3,0552c7f4701ada91e31e916f992171b9418cb47d283a56e61f311581d66266cb
2026-05-07,0.08990480975389421,isotropic_constructed_macro_nats_full_precision_v3,0552c7f4701ada91e31e916f992171b9418cb47d283a56e61f311581d66266cb
2026-05-11,0.08329070129548662,isotropic_constructed_macro_nats_full_precision_v3,0552c7f4701ada91e31e916f992171b9418cb47d283a56e61f311581d66266cb
2026-05-13,0.08294673384493798,isotropic_constructed_macro_nats_full_precision_v3,0552c7f4701ada91e31e916f992171b9418cb47d283a56e61f311581d66266cb
2026-05-15,0.09101262496583473,isotropic_constructed_macro_nats_full_precision_v3,0552c7f4701ada91e31e916f992171b9418cb47d283a56e61f311581d66266cb
2026-05-19,0.09057716393118238,isotropic_constructed_macro_nats_full_precision_v3,0552c7f4701ada91e31e916f992171b9418cb47d283a56e61f311581d66266cb
2026-05-21,0.09257043415177879,isotropic_constructed_macro_nats_full_precision_v3,0552c7f4701ada91e31e916f992171b9418cb47d283a56e61f311581d66266cb
2026-05-26,0.09366690307685221,isotropic_constructed_macro_nats_full_precision_v3,0552c7f4701ada91e31e916f992171b9418cb47d283a56e61f311581d66266cb
2026-05-28,0.0954000945950085,isotropic_constructed_macro_nats_full_precision_v3,0552c7f4701ada91e31e916f992171b9418cb47d283a56e61f311581d66266cb
2026-06-01,0.09316141203909467,isotropic_constructed_macro_nats_full_precision_v3,0552c7f4701ada91e31e916f992171b9418cb47d283a56e61f311581d66266cb
2026-06-03,0.09478384858364611,isotropic_constructed_macro_nats_full_precision_v3,0552c7f4701ada91e31e916f992171b9418cb47d283a56e61f311581d66266cb
2026-06-05,0.09869276927562105,isotropic_constructed_macro_nats_full_precision_v3,0552c7f4701ada91e31e916f992171b9418cb47d283a56e61f311581d66266cb
2026-06-09,0.09757781786055689,isotropic_constructed_macro_nats_full_precision_v3,0552c7f4701ada91e31e916f992171b9418cb47d283a56e61f311581d66266cb
2026-06-11,0.10975138660939017,isotropic_constructed_macro_nats_full_precision_v3,0552c7f4701ada91e31e916f992171b9418cb47d283a56e61f311581d66266cb
2026-06-15,0.11198012757775863,isotropic_constructed_macro_nats_full_precision_v3,0552c7f4701ada91e31e916f992171b9418cb47d283a56e61f311581d66266cb
2026-06-17,0.11377649109993086,isotropic_constructed_macro_nats_full_precision_v3,0552c7f4701ada91e31e916f992171b9418cb47d283a56e61f311581d66266cb
2026-06-22,0.11489101483678824,isotropic_constructed_macro_nats_full_precision_v3,0552c7f4701ada91e31e916f992171b9418cb47d283a56e61f311581d66266cb
2026-06-24,0.10703060231622648,isotropic_constructed_macro_nats_full_precision_v3,0552c7f4701ada91e31e916f992171b9418cb47d283a56e61f311581d66266cb
2026-06-26,0.10671199818702153,isotropic_constructed_macro_nats_full_precision_v3,0552c7f4701ada91e31e916f992171b9418cb47d283a56e61f311581d66266cb
2026-06-30,0.11195512122722319,isotropic_constructed_macro_nats_full_precision_v3,0552c7f4701ada91e31e916f992171b9418cb47d283a56e61f311581d66266cb
