Date,cefi,q_star,estimator_spec,estimator_sha256
1991-12-20,0.8460227761849803,1,isotropic_constructed_macro_nats_full_precision_v3,0552c7f4701ada91e31e916f992171b9418cb47d283a56e61f311581d66266cb
1991-12-24,0.8501192828391801,1,isotropic_constructed_macro_nats_full_precision_v3,0552c7f4701ada91e31e916f992171b9418cb47d283a56e61f311581d66266cb
1991-12-27,0.8282771913100418,1,isotropic_constructed_macro_nats_full_precision_v3,0552c7f4701ada91e31e916f992171b9418cb47d283a56e61f311581d66266cb
1991-12-31,0.8376067982058464,1,isotropic_constructed_macro_nats_full_precision_v3,0552c7f4701ada91e31e916f992171b9418cb47d283a56e61f311581d66266cb
1992-01-03,0.7794872498739503,1,isotropic_constructed_macro_nats_full_precision_v3,0552c7f4701ada91e31e916f992171b9418cb47d283a56e61f311581d66266cb
1992-01-07,0.7781400747611253,1,isotropic_constructed_macro_nats_full_precision_v3,0552c7f4701ada91e31e916f992171b9418cb47d283a56e61f311581d66266cb
1992-01-09,0.7695520668427188,2,isotropic_constructed_macro_nats_full_precision_v3,0552c7f4701ada91e31e916f992171b9418cb47d283a56e61f311581d66266cb
1992-01-13,0.8307292186003254,1,isotropic_constructed_macro_nats_full_precision_v3,0552c7f4701ada91e31e916f992171b9418cb47d283a56e61f311581d66266cb
1992-01-15,0.8640467736355553,1,isotropic_constructed_macro_nats_full_precision_v3,0552c7f4701ada91e31e916f992171b9418cb47d283a56e61f311581d66266cb
1992-01-17,0.7793651831097765,1,isotropic_constructed_macro_nats_full_precision_v3,0552c7f4701ada91e31e916f992171b9418cb47d283a56e61f311581d66266cb
1992-01-21,0.8384668579607365,1,isotropic_constructed_macro_nats_full_precision_v3,0552c7f4701ada91e31e916f992171b9418cb47d283a56e61f311581d66266cb
1992-01-23,0.7487123830646645,1,isotropic_constructed_macro_nats_full_precision_v3,0552c7f4701ada91e31e916f992171b9418cb47d283a56e61f311581d66266cb
1992-01-27,0.7886693450497033,1,isotropic_constructed_macro_nats_full_precision_v3,0552c7f4701ada91e31e916f992171b9418cb47d283a56e61f311581d66266cb
1992-01-29,0.7516893920452061,2,isotropic_constructed_macro_nats_full_precision_v3,0552c7f4701ada91e31e916f992171b9418cb47d283a56e61f311581d66266cb
1992-01-31,0.8319953167753784,1,isotropic_constructed_macro_nats_full_precision_v3,0552c7f4701ada91e31e916f992171b9418cb47d283a56e61f311581d66266cb
1992-02-04,0.8337847453149446,1,isotropic_constructed_macro_nats_full_precision_v3,0552c7f4701ada91e31e916f992171b9418cb47d283a56e61f311581d66266cb
1992-02-06,0.7803291559771861,1,isotropic_constructed_macro_nats_full_precision_v3,0552c7f4701ada91e31e916f992171b9418cb47d283a56e61f311581d66266cb
1992-02-10,0.7774316738969225,2,isotropic_constructed_macro_nats_full_precision_v3,0552c7f4701ada91e31e916f992171b9418cb47d283a56e61f311581d66266cb
1992-02-12,0.8600516247077639,1,isotropic_constructed_macro_nats_full_precision_v3,0552c7f4701ada91e31e916f992171b9418cb47d283a56e61f311581d66266cb
1992-02-14,0.7740482804478888,1,isotropic_constructed_macro_nats_full_precision_v3,0552c7f4701ada91e31e916f992171b9418cb47d283a56e61f311581d66266cb
1992-02-19,0.7957227851222486,1,isotropic_constructed_macro_nats_full_precision_v3,0552c7f4701ada91e31e916f992171b9418cb47d283a56e61f311581d66266cb
1992-02-21,0.7634741854136505,1,isotropic_constructed_macro_nats_full_precision_v3,0552c7f4701ada91e31e916f992171b9418cb47d283a56e61f311581d66266cb
1992-02-25,0.7576809763934381,2,isotropic_constructed_macro_nats_full_precision_v3,0552c7f4701ada91e31e916f992171b9418cb47d283a56e61f311581d66266cb
1992-02-27,0.8013564276364786,1,isotropic_constructed_macro_nats_full_precision_v3,0552c7f4701ada91e31e916f992171b9418cb47d283a56e61f311581d66266cb
1992-03-02,0.7393610819463177,1,isotropic_constructed_macro_nats_full_precision_v3,0552c7f4701ada91e31e916f992171b9418cb47d283a56e61f311581d66266cb
1992-03-04,0.7529285673714718,2,isotropic_constructed_macro_nats_full_precision_v3,0552c7f4701ada91e31e916f992171b9418cb47d283a56e61f311581d66266cb
1992-03-06,0.8054630273714378,1,isotropic_constructed_macro_nats_full_precision_v3,0552c7f4701ada91e31e916f992171b9418cb47d283a56e61f311581d66266cb
1992-03-10,0.8132024713485964,1,isotropic_constructed_macro_nats_full_precision_v3,0552c7f4701ada91e31e916f992171b9418cb47d283a56e61f311581d66266cb
1992-03-12,0.7456885336804336,1,isotropic_constructed_macro_nats_full_precision_v3,0552c7f4701ada91e31e916f992171b9418cb47d283a56e61f311581d66266cb
1992-03-16,0.8137228941296658,1,isotropic_constructed_macro_nats_full_precision_v3,0552c7f4701ada91e31e916f992171b9418cb47d283a56e61f311581d66266cb
1992-03-18,0.7930230715525972,1,isotropic_constructed_macro_nats_full_precision_v3,0552c7f4701ada91e31e916f992171b9418cb47d283a56e61f311581d66266cb
1992-03-20,0.7729383682262918,1,isotropic_constructed_macro_nats_full_precision_v3,0552c7f4701ada91e31e916f992171b9418cb47d283a56e61f311581d66266cb
1992-03-24,0.7418011953075851,2,isotropic_constructed_macro_nats_full_precision_v3,0552c7f4701ada91e31e916f992171b9418cb47d283a56e61f311581d66266cb
1992-03-26,0.7312181024027922,1,isotropic_constructed_macro_nats_full_precision_v3,0552c7f4701ada91e31e916f992171b9418cb47d283a56e61f311581d66266cb
1992-03-30,0.7311648442780042,2,isotropic_constructed_macro_nats_full_precision_v3,0552c7f4701ada91e31e916f992171b9418cb47d283a56e61f311581d66266cb
1992-04-01,0.7613650932105377,1,isotropic_constructed_macro_nats_full_precision_v3,0552c7f4701ada91e31e916f992171b9418cb47d283a56e61f311581d66266cb
1992-04-03,0.7841150497636018,1,isotropic_constructed_macro_nats_full_precision_v3,0552c7f4701ada91e31e916f992171b9418cb47d283a56e61f311581d66266cb
1992-04-07,0.7886677984667767,1,isotropic_constructed_macro_nats_full_precision_v3,0552c7f4701ada91e31e916f992171b9418cb47d283a56e61f311581d66266cb
1992-04-09,0.7817997287079099,1,isotropic_constructed_macro_nats_full_precision_v3,0552c7f4701ada91e31e916f992171b9418cb47d283a56e61f311581d66266cb
1992-04-13,0.7951530025373277,1,isotropic_constructed_macro_nats_full_precision_v3,0552c7f4701ada91e31e916f992171b9418cb47d283a56e61f311581d66266cb
1992-04-15,0.7967020459181681,1,isotropic_constructed_macro_nats_full_precision_v3,0552c7f4701ada91e31e916f992171b9418cb47d283a56e61f311581d66266cb
1992-04-20,0.7972436314458962,1,isotropic_constructed_macro_nats_full_precision_v3,0552c7f4701ada91e31e916f992171b9418cb47d283a56e61f311581d66266cb
1992-04-22,0.7658195077172358,1,isotropic_constructed_macro_nats_full_precision_v3,0552c7f4701ada91e31e916f992171b9418cb47d283a56e61f311581d66266cb
1992-04-24,0.7614431597333733,1,isotropic_constructed_macro_nats_full_precision_v3,0552c7f4701ada91e31e916f992171b9418cb47d283a56e61f311581d66266cb
1992-04-28,0.757795278931115,1,isotropic_constructed_macro_nats_full_precision_v3,0552c7f4701ada91e31e916f992171b9418cb47d283a56e61f311581d66266cb
1992-04-30,0.7736549969861577,1,isotropic_constructed_macro_nats_full_precision_v3,0552c7f4701ada91e31e916f992171b9418cb47d283a56e61f311581d66266cb
1992-05-04,0.7315420912223457,2,isotropic_constructed_macro_nats_full_precision_v3,0552c7f4701ada91e31e916f992171b9418cb47d283a56e61f311581d66266cb
1992-05-06,0.7552547522641404,1,isotropic_constructed_macro_nats_full_precision_v3,0552c7f4701ada91e31e916f992171b9418cb47d283a56e61f311581d66266cb
1992-05-08,0.6949647913450877,2,isotropic_constructed_macro_nats_full_precision_v3,0552c7f4701ada91e31e916f992171b9418cb47d283a56e61f311581d66266cb
1992-05-12,0.7457200958404651,1,isotropic_constructed_macro_nats_full_precision_v3,0552c7f4701ada91e31e916f992171b9418cb47d283a56e61f311581d66266cb
1992-05-14,0.7075452432796295,1,isotropic_constructed_macro_nats_full_precision_v3,0552c7f4701ada91e31e916f992171b9418cb47d283a56e61f311581d66266cb
1992-05-18,0.7126209087661214,1,isotropic_constructed_macro_nats_full_precision_v3,0552c7f4701ada91e31e916f992171b9418cb47d283a56e61f311581d66266cb
1992-05-20,0.7036015454005864,2,isotropic_constructed_macro_nats_full_precision_v3,0552c7f4701ada91e31e916f992171b9418cb47d283a56e61f311581d66266cb
1992-05-22,0.6816969167352877,2,isotropic_constructed_macro_nats_full_precision_v3,0552c7f4701ada91e31e916f992171b9418cb47d283a56e61f311581d66266cb
1992-05-27,0.726234089536254,2,isotropic_constructed_macro_nats_full_precision_v3,0552c7f4701ada91e31e916f992171b9418cb47d283a56e61f311581d66266cb
1992-05-29,0.7522810675060598,1,isotropic_constructed_macro_nats_full_precision_v3,0552c7f4701ada91e31e916f992171b9418cb47d283a56e61f311581d66266cb
1992-06-02,0.7898878249847003,1,isotropic_constructed_macro_nats_full_precision_v3,0552c7f4701ada91e31e916f992171b9418cb47d283a56e61f311581d66266cb
1992-06-04,0.7296437110565348,1,isotropic_constructed_macro_nats_full_precision_v3,0552c7f4701ada91e31e916f992171b9418cb47d283a56e61f311581d66266cb
1992-06-08,0.7629837569579652,1,isotropic_constructed_macro_nats_full_precision_v3,0552c7f4701ada91e31e916f992171b9418cb47d283a56e61f311581d66266cb
1992-06-10,0.7667591437986959,1,isotropic_constructed_macro_nats_full_precision_v3,0552c7f4701ada91e31e916f992171b9418cb47d283a56e61f311581d66266cb
1992-06-12,0.7504174643117063,1,isotropic_constructed_macro_nats_full_precision_v3,0552c7f4701ada91e31e916f992171b9418cb47d283a56e61f311581d66266cb
1992-06-16,0.731705778190841,2,isotropic_constructed_macro_nats_full_precision_v3,0552c7f4701ada91e31e916f992171b9418cb47d283a56e61f311581d66266cb
1992-06-18,0.7274977839442285,1,isotropic_constructed_macro_nats_full_precision_v3,0552c7f4701ada91e31e916f992171b9418cb47d283a56e61f311581d66266cb
1992-06-22,0.8014857570396469,1,isotropic_constructed_macro_nats_full_precision_v3,0552c7f4701ada91e31e916f992171b9418cb47d283a56e61f311581d66266cb
1992-06-24,0.7750936589591899,1,isotropic_constructed_macro_nats_full_precision_v3,0552c7f4701ada91e31e916f992171b9418cb47d283a56e61f311581d66266cb
1992-06-26,0.7509060505821887,1,isotropic_constructed_macro_nats_full_precision_v3,0552c7f4701ada91e31e916f992171b9418cb47d283a56e61f311581d66266cb
1992-06-30,0.7684400688085637,1,isotropic_constructed_macro_nats_full_precision_v3,0552c7f4701ada91e31e916f992171b9418cb47d283a56e61f311581d66266cb
1992-07-02,0.7185916122227987,1,isotropic_constructed_macro_nats_full_precision_v3,0552c7f4701ada91e31e916f992171b9418cb47d283a56e61f311581d66266cb
1992-07-07,0.7267347322653653,1,isotropic_constructed_macro_nats_full_precision_v3,0552c7f4701ada91e31e916f992171b9418cb47d283a56e61f311581d66266cb
1992-07-09,0.7390774603299022,1,isotropic_constructed_macro_nats_full_precision_v3,0552c7f4701ada91e31e916f992171b9418cb47d283a56e61f311581d66266cb
1992-07-13,0.8076899590741681,1,isotropic_constructed_macro_nats_full_precision_v3,0552c7f4701ada91e31e916f992171b9418cb47d283a56e61f311581d66266cb
1992-07-15,0.6798711293435769,2,isotropic_constructed_macro_nats_full_precision_v3,0552c7f4701ada91e31e916f992171b9418cb47d283a56e61f311581d66266cb
1992-07-17,0.7825465679578056,1,isotropic_constructed_macro_nats_full_precision_v3,0552c7f4701ada91e31e916f992171b9418cb47d283a56e61f311581d66266cb
1992-07-21,0.7326686187705638,1,isotropic_constructed_macro_nats_full_precision_v3,0552c7f4701ada91e31e916f992171b9418cb47d283a56e61f311581d66266cb
1992-07-23,0.778650591312016,1,isotropic_constructed_macro_nats_full_precision_v3,0552c7f4701ada91e31e916f992171b9418cb47d283a56e61f311581d66266cb
1992-07-27,0.7885360655371936,1,isotropic_constructed_macro_nats_full_precision_v3,0552c7f4701ada91e31e916f992171b9418cb47d283a56e61f311581d66266cb
1992-07-29,0.7839913424337522,1,isotropic_constructed_macro_nats_full_precision_v3,0552c7f4701ada91e31e916f992171b9418cb47d283a56e61f311581d66266cb
1992-07-31,0.777689322706894,1,isotropic_constructed_macro_nats_full_precision_v3,0552c7f4701ada91e31e916f992171b9418cb47d283a56e61f311581d66266cb
1992-08-04,0.7574070893928937,1,isotropic_constructed_macro_nats_full_precision_v3,0552c7f4701ada91e31e916f992171b9418cb47d283a56e61f311581d66266cb
1992-08-06,0.8166191984151911,1,isotropic_constructed_macro_nats_full_precision_v3,0552c7f4701ada91e31e916f992171b9418cb47d283a56e61f311581d66266cb
1992-08-10,0.796883401264968,1,isotropic_constructed_macro_nats_full_precision_v3,0552c7f4701ada91e31e916f992171b9418cb47d283a56e61f311581d66266cb
1992-08-12,0.804534268725267,1,isotropic_constructed_macro_nats_full_precision_v3,0552c7f4701ada91e31e916f992171b9418cb47d283a56e61f311581d66266cb
1992-08-14,0.7084037100459678,2,isotropic_constructed_macro_nats_full_precision_v3,0552c7f4701ada91e31e916f992171b9418cb47d283a56e61f311581d66266cb
1992-08-18,0.8434576210323075,1,isotropic_constructed_macro_nats_full_precision_v3,0552c7f4701ada91e31e916f992171b9418cb47d283a56e61f311581d66266cb
1992-08-20,0.8366864412442911,1,isotropic_constructed_macro_nats_full_precision_v3,0552c7f4701ada91e31e916f992171b9418cb47d283a56e61f311581d66266cb
1992-08-24,0.8175608989033553,1,isotropic_constructed_macro_nats_full_precision_v3,0552c7f4701ada91e31e916f992171b9418cb47d283a56e61f311581d66266cb
1992-08-26,0.8276944941134311,1,isotropic_constructed_macro_nats_full_precision_v3,0552c7f4701ada91e31e916f992171b9418cb47d283a56e61f311581d66266cb
1992-08-28,0.802946184111673,1,isotropic_constructed_macro_nats_full_precision_v3,0552c7f4701ada91e31e916f992171b9418cb47d283a56e61f311581d66266cb
1992-09-01,0.7819735539335988,1,isotropic_constructed_macro_nats_full_precision_v3,0552c7f4701ada91e31e916f992171b9418cb47d283a56e61f311581d66266cb
1992-09-03,0.8027282188543678,1,isotropic_constructed_macro_nats_full_precision_v3,0552c7f4701ada91e31e916f992171b9418cb47d283a56e61f311581d66266cb
1992-09-08,0.8200908720666709,1,isotropic_constructed_macro_nats_full_precision_v3,0552c7f4701ada91e31e916f992171b9418cb47d283a56e61f311581d66266cb
1992-09-10,0.7793060915423113,1,isotropic_constructed_macro_nats_full_precision_v3,0552c7f4701ada91e31e916f992171b9418cb47d283a56e61f311581d66266cb
1992-09-14,0.8268173999928197,1,isotropic_constructed_macro_nats_full_precision_v3,0552c7f4701ada91e31e916f992171b9418cb47d283a56e61f311581d66266cb
1992-09-16,0.8297381232240086,1,isotropic_constructed_macro_nats_full_precision_v3,0552c7f4701ada91e31e916f992171b9418cb47d283a56e61f311581d66266cb
1992-09-18,0.7966524960289332,1,isotropic_constructed_macro_nats_full_precision_v3,0552c7f4701ada91e31e916f992171b9418cb47d283a56e61f311581d66266cb
1992-09-22,0.8136440311601224,1,isotropic_constructed_macro_nats_full_precision_v3,0552c7f4701ada91e31e916f992171b9418cb47d283a56e61f311581d66266cb
1992-09-24,0.7978116326488692,1,isotropic_constructed_macro_nats_full_precision_v3,0552c7f4701ada91e31e916f992171b9418cb47d283a56e61f311581d66266cb
1992-09-28,0.7270315511878829,1,isotropic_constructed_macro_nats_full_precision_v3,0552c7f4701ada91e31e916f992171b9418cb47d283a56e61f311581d66266cb
1992-09-30,0.8036548064860531,1,isotropic_constructed_macro_nats_full_precision_v3,0552c7f4701ada91e31e916f992171b9418cb47d283a56e61f311581d66266cb
1992-10-02,0.8132012368256549,1,isotropic_constructed_macro_nats_full_precision_v3,0552c7f4701ada91e31e916f992171b9418cb47d283a56e61f311581d66266cb
1992-10-06,0.7965032280305473,1,isotropic_constructed_macro_nats_full_precision_v3,0552c7f4701ada91e31e916f992171b9418cb47d283a56e61f311581d66266cb
1992-10-08,0.7840965007672744,1,isotropic_constructed_macro_nats_full_precision_v3,0552c7f4701ada91e31e916f992171b9418cb47d283a56e61f311581d66266cb
1992-10-12,0.7415144790896266,1,isotropic_constructed_macro_nats_full_precision_v3,0552c7f4701ada91e31e916f992171b9418cb47d283a56e61f311581d66266cb
1992-10-14,0.7667622858066381,1,isotropic_constructed_macro_nats_full_precision_v3,0552c7f4701ada91e31e916f992171b9418cb47d283a56e61f311581d66266cb
1992-10-16,0.7882505775120949,1,isotropic_constructed_macro_nats_full_precision_v3,0552c7f4701ada91e31e916f992171b9418cb47d283a56e61f311581d66266cb
1992-10-20,0.7669177402181931,1,isotropic_constructed_macro_nats_full_precision_v3,0552c7f4701ada91e31e916f992171b9418cb47d283a56e61f311581d66266cb
1992-10-22,0.7946759751736084,1,isotropic_constructed_macro_nats_full_precision_v3,0552c7f4701ada91e31e916f992171b9418cb47d283a56e61f311581d66266cb
1992-10-26,0.7569803836203528,1,isotropic_constructed_macro_nats_full_precision_v3,0552c7f4701ada91e31e916f992171b9418cb47d283a56e61f311581d66266cb
1992-10-28,0.6840753216459279,2,isotropic_constructed_macro_nats_full_precision_v3,0552c7f4701ada91e31e916f992171b9418cb47d283a56e61f311581d66266cb
1992-10-30,0.7471631873639047,1,isotropic_constructed_macro_nats_full_precision_v3,0552c7f4701ada91e31e916f992171b9418cb47d283a56e61f311581d66266cb
1992-11-03,0.7316228339019013,1,isotropic_constructed_macro_nats_full_precision_v3,0552c7f4701ada91e31e916f992171b9418cb47d283a56e61f311581d66266cb
1992-11-05,0.7238231559834145,1,isotropic_constructed_macro_nats_full_precision_v3,0552c7f4701ada91e31e916f992171b9418cb47d283a56e61f311581d66266cb
1992-11-09,0.7221053926808596,1,isotropic_constructed_macro_nats_full_precision_v3,0552c7f4701ada91e31e916f992171b9418cb47d283a56e61f311581d66266cb
1992-11-11,0.7882863325544651,1,isotropic_constructed_macro_nats_full_precision_v3,0552c7f4701ada91e31e916f992171b9418cb47d283a56e61f311581d66266cb
1992-11-13,0.7955353859654437,1,isotropic_constructed_macro_nats_full_precision_v3,0552c7f4701ada91e31e916f992171b9418cb47d283a56e61f311581d66266cb
1992-11-17,0.8059616100541088,1,isotropic_constructed_macro_nats_full_precision_v3,0552c7f4701ada91e31e916f992171b9418cb47d283a56e61f311581d66266cb
1992-11-19,0.725641806777434,1,isotropic_constructed_macro_nats_full_precision_v3,0552c7f4701ada91e31e916f992171b9418cb47d283a56e61f311581d66266cb
1992-11-23,0.6814696053870579,1,isotropic_constructed_macro_nats_full_precision_v3,0552c7f4701ada91e31e916f992171b9418cb47d283a56e61f311581d66266cb
1992-11-25,0.707531459876952,1,isotropic_constructed_macro_nats_full_precision_v3,0552c7f4701ada91e31e916f992171b9418cb47d283a56e61f311581d66266cb
1992-11-30,0.6954133484773195,2,isotropic_constructed_macro_nats_full_precision_v3,0552c7f4701ada91e31e916f992171b9418cb47d283a56e61f311581d66266cb
1992-12-02,0.6499214148455579,1,isotropic_constructed_macro_nats_full_precision_v3,0552c7f4701ada91e31e916f992171b9418cb47d283a56e61f311581d66266cb
1992-12-04,0.6499680242760344,2,isotropic_constructed_macro_nats_full_precision_v3,0552c7f4701ada91e31e916f992171b9418cb47d283a56e61f311581d66266cb
1992-12-08,0.7308738749811877,1,isotropic_constructed_macro_nats_full_precision_v3,0552c7f4701ada91e31e916f992171b9418cb47d283a56e61f311581d66266cb
1992-12-10,0.6598461498692385,2,isotropic_constructed_macro_nats_full_precision_v3,0552c7f4701ada91e31e916f992171b9418cb47d283a56e61f311581d66266cb
1992-12-14,0.7343874979203922,1,isotropic_constructed_macro_nats_full_precision_v3,0552c7f4701ada91e31e916f992171b9418cb47d283a56e61f311581d66266cb
1992-12-16,0.6557862527896617,2,isotropic_constructed_macro_nats_full_precision_v3,0552c7f4701ada91e31e916f992171b9418cb47d283a56e61f311581d66266cb
1992-12-18,0.6703814541526026,2,isotropic_constructed_macro_nats_full_precision_v3,0552c7f4701ada91e31e916f992171b9418cb47d283a56e61f311581d66266cb
1992-12-22,0.7665304643487587,1,isotropic_constructed_macro_nats_full_precision_v3,0552c7f4701ada91e31e916f992171b9418cb47d283a56e61f311581d66266cb
1992-12-24,0.7529945443113131,1,isotropic_constructed_macro_nats_full_precision_v3,0552c7f4701ada91e31e916f992171b9418cb47d283a56e61f311581d66266cb
1992-12-29,0.6642478339504881,1,isotropic_constructed_macro_nats_full_precision_v3,0552c7f4701ada91e31e916f992171b9418cb47d283a56e61f311581d66266cb
1992-12-31,0.6939229882056361,1,isotropic_constructed_macro_nats_full_precision_v3,0552c7f4701ada91e31e916f992171b9418cb47d283a56e61f311581d66266cb
1993-01-05,0.6648058633369891,1,isotropic_constructed_macro_nats_full_precision_v3,0552c7f4701ada91e31e916f992171b9418cb47d283a56e61f311581d66266cb
1993-01-07,0.7159944438412535,1,isotropic_constructed_macro_nats_full_precision_v3,0552c7f4701ada91e31e916f992171b9418cb47d283a56e61f311581d66266cb
1993-01-11,0.6658078480076977,2,isotropic_constructed_macro_nats_full_precision_v3,0552c7f4701ada91e31e916f992171b9418cb47d283a56e61f311581d66266cb
1993-01-13,0.6754117152677123,1,isotropic_constructed_macro_nats_full_precision_v3,0552c7f4701ada91e31e916f992171b9418cb47d283a56e61f311581d66266cb
1993-01-15,0.6288316084184067,1,isotropic_constructed_macro_nats_full_precision_v3,0552c7f4701ada91e31e916f992171b9418cb47d283a56e61f311581d66266cb
1993-01-19,0.6209576501285528,2,isotropic_constructed_macro_nats_full_precision_v3,0552c7f4701ada91e31e916f992171b9418cb47d283a56e61f311581d66266cb
1993-01-21,0.6732441261816839,1,isotropic_constructed_macro_nats_full_precision_v3,0552c7f4701ada91e31e916f992171b9418cb47d283a56e61f311581d66266cb
1993-01-25,0.697425570210965,1,isotropic_constructed_macro_nats_full_precision_v3,0552c7f4701ada91e31e916f992171b9418cb47d283a56e61f311581d66266cb
1993-01-27,0.7110271653229444,1,isotropic_constructed_macro_nats_full_precision_v3,0552c7f4701ada91e31e916f992171b9418cb47d283a56e61f311581d66266cb
1993-01-29,0.6544473458513932,1,isotropic_constructed_macro_nats_full_precision_v3,0552c7f4701ada91e31e916f992171b9418cb47d283a56e61f311581d66266cb
1993-02-02,0.6115686891641348,1,isotropic_constructed_macro_nats_full_precision_v3,0552c7f4701ada91e31e916f992171b9418cb47d283a56e61f311581d66266cb
1993-02-04,0.7594749387409889,1,isotropic_constructed_macro_nats_full_precision_v3,0552c7f4701ada91e31e916f992171b9418cb47d283a56e61f311581d66266cb
1993-02-08,0.730993467043825,1,isotropic_constructed_macro_nats_full_precision_v3,0552c7f4701ada91e31e916f992171b9418cb47d283a56e61f311581d66266cb
1993-02-10,0.6907589954607254,1,isotropic_constructed_macro_nats_full_precision_v3,0552c7f4701ada91e31e916f992171b9418cb47d283a56e61f311581d66266cb
1993-02-12,0.722007898847532,1,isotropic_constructed_macro_nats_full_precision_v3,0552c7f4701ada91e31e916f992171b9418cb47d283a56e61f311581d66266cb
1993-02-17,0.7065316615898309,1,isotropic_constructed_macro_nats_full_precision_v3,0552c7f4701ada91e31e916f992171b9418cb47d283a56e61f311581d66266cb
1993-02-19,0.7230214219829503,1,isotropic_constructed_macro_nats_full_precision_v3,0552c7f4701ada91e31e916f992171b9418cb47d283a56e61f311581d66266cb
1993-02-23,0.6375980743122176,1,isotropic_constructed_macro_nats_full_precision_v3,0552c7f4701ada91e31e916f992171b9418cb47d283a56e61f311581d66266cb
1993-02-25,0.6665591252448948,1,isotropic_constructed_macro_nats_full_precision_v3,0552c7f4701ada91e31e916f992171b9418cb47d283a56e61f311581d66266cb
1993-03-01,0.6603477802693841,1,isotropic_constructed_macro_nats_full_precision_v3,0552c7f4701ada91e31e916f992171b9418cb47d283a56e61f311581d66266cb
1993-03-03,0.7302344568965944,1,isotropic_constructed_macro_nats_full_precision_v3,0552c7f4701ada91e31e916f992171b9418cb47d283a56e61f311581d66266cb
1993-03-05,0.748692444855539,1,isotropic_constructed_macro_nats_full_precision_v3,0552c7f4701ada91e31e916f992171b9418cb47d283a56e61f311581d66266cb
1993-03-09,0.7648016945662733,1,isotropic_constructed_macro_nats_full_precision_v3,0552c7f4701ada91e31e916f992171b9418cb47d283a56e61f311581d66266cb
1993-03-11,0.761832769317999,1,isotropic_constructed_macro_nats_full_precision_v3,0552c7f4701ada91e31e916f992171b9418cb47d283a56e61f311581d66266cb
1993-03-15,0.7618042990851963,1,isotropic_constructed_macro_nats_full_precision_v3,0552c7f4701ada91e31e916f992171b9418cb47d283a56e61f311581d66266cb
1993-03-17,0.7412266891741977,1,isotropic_constructed_macro_nats_full_precision_v3,0552c7f4701ada91e31e916f992171b9418cb47d283a56e61f311581d66266cb
1993-03-19,0.6211377257974102,1,isotropic_constructed_macro_nats_full_precision_v3,0552c7f4701ada91e31e916f992171b9418cb47d283a56e61f311581d66266cb
1993-03-23,0.6071914615472027,1,isotropic_constructed_macro_nats_full_precision_v3,0552c7f4701ada91e31e916f992171b9418cb47d283a56e61f311581d66266cb
1993-03-25,0.7716107286137968,1,isotropic_constructed_macro_nats_full_precision_v3,0552c7f4701ada91e31e916f992171b9418cb47d283a56e61f311581d66266cb
1993-03-29,0.7667929626201853,1,isotropic_constructed_macro_nats_full_precision_v3,0552c7f4701ada91e31e916f992171b9418cb47d283a56e61f311581d66266cb
1993-03-31,0.7580465245945286,1,isotropic_constructed_macro_nats_full_precision_v3,0552c7f4701ada91e31e916f992171b9418cb47d283a56e61f311581d66266cb
1993-04-02,0.7621121592916973,1,isotropic_constructed_macro_nats_full_precision_v3,0552c7f4701ada91e31e916f992171b9418cb47d283a56e61f311581d66266cb
1993-04-06,0.5872357721661643,1,isotropic_constructed_macro_nats_full_precision_v3,0552c7f4701ada91e31e916f992171b9418cb47d283a56e61f311581d66266cb
1993-04-08,0.6898430792108619,1,isotropic_constructed_macro_nats_full_precision_v3,0552c7f4701ada91e31e916f992171b9418cb47d283a56e61f311581d66266cb
1993-04-13,0.6721924601807057,1,isotropic_constructed_macro_nats_full_precision_v3,0552c7f4701ada91e31e916f992171b9418cb47d283a56e61f311581d66266cb
1993-04-15,0.6889339566176116,1,isotropic_constructed_macro_nats_full_precision_v3,0552c7f4701ada91e31e916f992171b9418cb47d283a56e61f311581d66266cb
1993-04-19,0.69858411202637,1,isotropic_constructed_macro_nats_full_precision_v3,0552c7f4701ada91e31e916f992171b9418cb47d283a56e61f311581d66266cb
1993-04-21,0.6051986050341276,1,isotropic_constructed_macro_nats_full_precision_v3,0552c7f4701ada91e31e916f992171b9418cb47d283a56e61f311581d66266cb
1993-04-23,0.685518012550963,1,isotropic_constructed_macro_nats_full_precision_v3,0552c7f4701ada91e31e916f992171b9418cb47d283a56e61f311581d66266cb
1993-04-27,0.7331769698005961,1,isotropic_constructed_macro_nats_full_precision_v3,0552c7f4701ada91e31e916f992171b9418cb47d283a56e61f311581d66266cb
1993-04-29,0.7315368294562519,1,isotropic_constructed_macro_nats_full_precision_v3,0552c7f4701ada91e31e916f992171b9418cb47d283a56e61f311581d66266cb
1993-05-03,0.7183032348112441,1,isotropic_constructed_macro_nats_full_precision_v3,0552c7f4701ada91e31e916f992171b9418cb47d283a56e61f311581d66266cb
1993-05-05,0.7323150474697011,1,isotropic_constructed_macro_nats_full_precision_v3,0552c7f4701ada91e31e916f992171b9418cb47d283a56e61f311581d66266cb
1993-05-07,0.7316913074505889,1,isotropic_constructed_macro_nats_full_precision_v3,0552c7f4701ada91e31e916f992171b9418cb47d283a56e61f311581d66266cb
1993-05-11,0.7303469129427487,1,isotropic_constructed_macro_nats_full_precision_v3,0552c7f4701ada91e31e916f992171b9418cb47d283a56e61f311581d66266cb
1993-05-13,0.7028209057035854,1,isotropic_constructed_macro_nats_full_precision_v3,0552c7f4701ada91e31e916f992171b9418cb47d283a56e61f311581d66266cb
1993-05-17,0.7346651379344463,1,isotropic_constructed_macro_nats_full_precision_v3,0552c7f4701ada91e31e916f992171b9418cb47d283a56e61f311581d66266cb
1993-05-19,0.6528280063426075,1,isotropic_constructed_macro_nats_full_precision_v3,0552c7f4701ada91e31e916f992171b9418cb47d283a56e61f311581d66266cb
1993-05-21,0.6730132147320346,1,isotropic_constructed_macro_nats_full_precision_v3,0552c7f4701ada91e31e916f992171b9418cb47d283a56e61f311581d66266cb
1993-05-25,0.6732284062335413,1,isotropic_constructed_macro_nats_full_precision_v3,0552c7f4701ada91e31e916f992171b9418cb47d283a56e61f311581d66266cb
1993-05-27,0.5980576864251673,1,isotropic_constructed_macro_nats_full_precision_v3,0552c7f4701ada91e31e916f992171b9418cb47d283a56e61f311581d66266cb
1993-06-01,0.651914895558618,1,isotropic_constructed_macro_nats_full_precision_v3,0552c7f4701ada91e31e916f992171b9418cb47d283a56e61f311581d66266cb
1993-06-03,0.6418488023544742,1,isotropic_constructed_macro_nats_full_precision_v3,0552c7f4701ada91e31e916f992171b9418cb47d283a56e61f311581d66266cb
1993-06-07,0.6217604236867416,1,isotropic_constructed_macro_nats_full_precision_v3,0552c7f4701ada91e31e916f992171b9418cb47d283a56e61f311581d66266cb
1993-06-09,0.642143569399081,1,isotropic_constructed_macro_nats_full_precision_v3,0552c7f4701ada91e31e916f992171b9418cb47d283a56e61f311581d66266cb
1993-06-11,0.5723510178704493,1,isotropic_constructed_macro_nats_full_precision_v3,0552c7f4701ada91e31e916f992171b9418cb47d283a56e61f311581d66266cb
1993-06-15,0.6069436625035045,1,isotropic_constructed_macro_nats_full_precision_v3,0552c7f4701ada91e31e916f992171b9418cb47d283a56e61f311581d66266cb
1993-06-17,0.5471128184309356,2,isotropic_constructed_macro_nats_full_precision_v3,0552c7f4701ada91e31e916f992171b9418cb47d283a56e61f311581d66266cb
1993-06-21,0.6273953224721464,1,isotropic_constructed_macro_nats_full_precision_v3,0552c7f4701ada91e31e916f992171b9418cb47d283a56e61f311581d66266cb
1993-06-23,0.5607440636039027,1,isotropic_constructed_macro_nats_full_precision_v3,0552c7f4701ada91e31e916f992171b9418cb47d283a56e61f311581d66266cb
1993-06-25,0.6444291736807414,1,isotropic_constructed_macro_nats_full_precision_v3,0552c7f4701ada91e31e916f992171b9418cb47d283a56e61f311581d66266cb
1993-06-29,0.6409444750103273,1,isotropic_constructed_macro_nats_full_precision_v3,0552c7f4701ada91e31e916f992171b9418cb47d283a56e61f311581d66266cb
1993-07-01,0.6345827736324046,1,isotropic_constructed_macro_nats_full_precision_v3,0552c7f4701ada91e31e916f992171b9418cb47d283a56e61f311581d66266cb
1993-07-06,0.6656278417471386,1,isotropic_constructed_macro_nats_full_precision_v3,0552c7f4701ada91e31e916f992171b9418cb47d283a56e61f311581d66266cb
1993-07-08,0.6271278208966511,1,isotropic_constructed_macro_nats_full_precision_v3,0552c7f4701ada91e31e916f992171b9418cb47d283a56e61f311581d66266cb
1993-07-12,0.6271888040965302,1,isotropic_constructed_macro_nats_full_precision_v3,0552c7f4701ada91e31e916f992171b9418cb47d283a56e61f311581d66266cb
1993-07-14,0.5460062075291958,2,isotropic_constructed_macro_nats_full_precision_v3,0552c7f4701ada91e31e916f992171b9418cb47d283a56e61f311581d66266cb
1993-07-16,0.6542319210338564,1,isotropic_constructed_macro_nats_full_precision_v3,0552c7f4701ada91e31e916f992171b9418cb47d283a56e61f311581d66266cb
1993-07-20,0.6576885643708892,1,isotropic_constructed_macro_nats_full_precision_v3,0552c7f4701ada91e31e916f992171b9418cb47d283a56e61f311581d66266cb
1993-07-22,0.6557041931951855,1,isotropic_constructed_macro_nats_full_precision_v3,0552c7f4701ada91e31e916f992171b9418cb47d283a56e61f311581d66266cb
1993-07-26,0.6471116559485257,1,isotropic_constructed_macro_nats_full_precision_v3,0552c7f4701ada91e31e916f992171b9418cb47d283a56e61f311581d66266cb
1993-07-28,0.62923808932065,1,isotropic_constructed_macro_nats_full_precision_v3,0552c7f4701ada91e31e916f992171b9418cb47d283a56e61f311581d66266cb
1993-07-30,0.6341547483262668,1,isotropic_constructed_macro_nats_full_precision_v3,0552c7f4701ada91e31e916f992171b9418cb47d283a56e61f311581d66266cb
1993-08-03,0.6277766500272417,1,isotropic_constructed_macro_nats_full_precision_v3,0552c7f4701ada91e31e916f992171b9418cb47d283a56e61f311581d66266cb
1993-08-05,0.6318221016442944,1,isotropic_constructed_macro_nats_full_precision_v3,0552c7f4701ada91e31e916f992171b9418cb47d283a56e61f311581d66266cb
1993-08-09,0.6067709357676934,1,isotropic_constructed_macro_nats_full_precision_v3,0552c7f4701ada91e31e916f992171b9418cb47d283a56e61f311581d66266cb
1993-08-11,0.6043319860110474,1,isotropic_constructed_macro_nats_full_precision_v3,0552c7f4701ada91e31e916f992171b9418cb47d283a56e61f311581d66266cb
1993-08-13,0.5979181858866902,1,isotropic_constructed_macro_nats_full_precision_v3,0552c7f4701ada91e31e916f992171b9418cb47d283a56e61f311581d66266cb
1993-08-17,0.5988498418902113,1,isotropic_constructed_macro_nats_full_precision_v3,0552c7f4701ada91e31e916f992171b9418cb47d283a56e61f311581d66266cb
1993-08-19,0.5950259220486103,1,isotropic_constructed_macro_nats_full_precision_v3,0552c7f4701ada91e31e916f992171b9418cb47d283a56e61f311581d66266cb
1993-08-23,0.5999487078587894,1,isotropic_constructed_macro_nats_full_precision_v3,0552c7f4701ada91e31e916f992171b9418cb47d283a56e61f311581d66266cb
1993-08-25,0.6048299169801297,1,isotropic_constructed_macro_nats_full_precision_v3,0552c7f4701ada91e31e916f992171b9418cb47d283a56e61f311581d66266cb
1993-08-27,0.6166603885056063,1,isotropic_constructed_macro_nats_full_precision_v3,0552c7f4701ada91e31e916f992171b9418cb47d283a56e61f311581d66266cb
1993-08-31,0.6133816635396023,1,isotropic_constructed_macro_nats_full_precision_v3,0552c7f4701ada91e31e916f992171b9418cb47d283a56e61f311581d66266cb
1993-09-02,0.6091637491484964,1,isotropic_constructed_macro_nats_full_precision_v3,0552c7f4701ada91e31e916f992171b9418cb47d283a56e61f311581d66266cb
1993-09-07,0.6141863905507594,1,isotropic_constructed_macro_nats_full_precision_v3,0552c7f4701ada91e31e916f992171b9418cb47d283a56e61f311581d66266cb
1993-09-09,0.6105253020178449,1,isotropic_constructed_macro_nats_full_precision_v3,0552c7f4701ada91e31e916f992171b9418cb47d283a56e61f311581d66266cb
1993-09-13,0.6098185577287852,1,isotropic_constructed_macro_nats_full_precision_v3,0552c7f4701ada91e31e916f992171b9418cb47d283a56e61f311581d66266cb
1993-09-15,0.6053471862363615,1,isotropic_constructed_macro_nats_full_precision_v3,0552c7f4701ada91e31e916f992171b9418cb47d283a56e61f311581d66266cb
1993-09-17,0.6106653580060952,1,isotropic_constructed_macro_nats_full_precision_v3,0552c7f4701ada91e31e916f992171b9418cb47d283a56e61f311581d66266cb
1993-09-21,0.5825632314864047,1,isotropic_constructed_macro_nats_full_precision_v3,0552c7f4701ada91e31e916f992171b9418cb47d283a56e61f311581d66266cb
1993-09-23,0.5883410640936876,1,isotropic_constructed_macro_nats_full_precision_v3,0552c7f4701ada91e31e916f992171b9418cb47d283a56e61f311581d66266cb
1993-09-27,0.5837527669762104,1,isotropic_constructed_macro_nats_full_precision_v3,0552c7f4701ada91e31e916f992171b9418cb47d283a56e61f311581d66266cb
1993-09-29,0.6105697609409401,1,isotropic_constructed_macro_nats_full_precision_v3,0552c7f4701ada91e31e916f992171b9418cb47d283a56e61f311581d66266cb
1993-10-01,0.6296366217473502,1,isotropic_constructed_macro_nats_full_precision_v3,0552c7f4701ada91e31e916f992171b9418cb47d283a56e61f311581d66266cb
1993-10-05,0.6343439866753322,1,isotropic_constructed_macro_nats_full_precision_v3,0552c7f4701ada91e31e916f992171b9418cb47d283a56e61f311581d66266cb
1993-10-07,0.6327023326810439,1,isotropic_constructed_macro_nats_full_precision_v3,0552c7f4701ada91e31e916f992171b9418cb47d283a56e61f311581d66266cb
1993-10-11,0.6255294751812408,1,isotropic_constructed_macro_nats_full_precision_v3,0552c7f4701ada91e31e916f992171b9418cb47d283a56e61f311581d66266cb
1993-10-13,0.6382835959530375,1,isotropic_constructed_macro_nats_full_precision_v3,0552c7f4701ada91e31e916f992171b9418cb47d283a56e61f311581d66266cb
1993-10-15,0.6288442444770495,1,isotropic_constructed_macro_nats_full_precision_v3,0552c7f4701ada91e31e916f992171b9418cb47d283a56e61f311581d66266cb
1993-10-19,0.6275552465458143,1,isotropic_constructed_macro_nats_full_precision_v3,0552c7f4701ada91e31e916f992171b9418cb47d283a56e61f311581d66266cb
1993-10-21,0.627260246522156,1,isotropic_constructed_macro_nats_full_precision_v3,0552c7f4701ada91e31e916f992171b9418cb47d283a56e61f311581d66266cb
1993-10-25,0.6544835932696305,1,isotropic_constructed_macro_nats_full_precision_v3,0552c7f4701ada91e31e916f992171b9418cb47d283a56e61f311581d66266cb
1993-10-27,0.6500685106319435,1,isotropic_constructed_macro_nats_full_precision_v3,0552c7f4701ada91e31e916f992171b9418cb47d283a56e61f311581d66266cb
1993-10-29,0.6573121340746984,1,isotropic_constructed_macro_nats_full_precision_v3,0552c7f4701ada91e31e916f992171b9418cb47d283a56e61f311581d66266cb
1993-11-02,0.6578643447477837,1,isotropic_constructed_macro_nats_full_precision_v3,0552c7f4701ada91e31e916f992171b9418cb47d283a56e61f311581d66266cb
1993-11-04,0.6274771123871516,1,isotropic_constructed_macro_nats_full_precision_v3,0552c7f4701ada91e31e916f992171b9418cb47d283a56e61f311581d66266cb
1993-11-08,0.6758273578437473,1,isotropic_constructed_macro_nats_full_precision_v3,0552c7f4701ada91e31e916f992171b9418cb47d283a56e61f311581d66266cb
1993-11-10,0.6873196945313274,1,isotropic_constructed_macro_nats_full_precision_v3,0552c7f4701ada91e31e916f992171b9418cb47d283a56e61f311581d66266cb
1993-11-12,0.6707345676561627,1,isotropic_constructed_macro_nats_full_precision_v3,0552c7f4701ada91e31e916f992171b9418cb47d283a56e61f311581d66266cb
1993-11-16,0.6421827176063157,1,isotropic_constructed_macro_nats_full_precision_v3,0552c7f4701ada91e31e916f992171b9418cb47d283a56e61f311581d66266cb
1993-11-18,0.6136630410464364,1,isotropic_constructed_macro_nats_full_precision_v3,0552c7f4701ada91e31e916f992171b9418cb47d283a56e61f311581d66266cb
1993-11-22,0.6145441984269111,1,isotropic_constructed_macro_nats_full_precision_v3,0552c7f4701ada91e31e916f992171b9418cb47d283a56e61f311581d66266cb
1993-11-24,0.6153011034067747,1,isotropic_constructed_macro_nats_full_precision_v3,0552c7f4701ada91e31e916f992171b9418cb47d283a56e61f311581d66266cb
1993-11-29,0.6173756418553086,1,isotropic_constructed_macro_nats_full_precision_v3,0552c7f4701ada91e31e916f992171b9418cb47d283a56e61f311581d66266cb
1993-12-01,0.6198923447402487,1,isotropic_constructed_macro_nats_full_precision_v3,0552c7f4701ada91e31e916f992171b9418cb47d283a56e61f311581d66266cb
1993-12-03,0.6098992370683854,1,isotropic_constructed_macro_nats_full_precision_v3,0552c7f4701ada91e31e916f992171b9418cb47d283a56e61f311581d66266cb
1993-12-07,0.5998545018632224,1,isotropic_constructed_macro_nats_full_precision_v3,0552c7f4701ada91e31e916f992171b9418cb47d283a56e61f311581d66266cb
1993-12-09,0.5870914379068526,1,isotropic_constructed_macro_nats_full_precision_v3,0552c7f4701ada91e31e916f992171b9418cb47d283a56e61f311581d66266cb
1993-12-13,0.5852224442489877,1,isotropic_constructed_macro_nats_full_precision_v3,0552c7f4701ada91e31e916f992171b9418cb47d283a56e61f311581d66266cb
1993-12-15,0.5942852939402674,1,isotropic_constructed_macro_nats_full_precision_v3,0552c7f4701ada91e31e916f992171b9418cb47d283a56e61f311581d66266cb
1993-12-17,0.5955325842658289,1,isotropic_constructed_macro_nats_full_precision_v3,0552c7f4701ada91e31e916f992171b9418cb47d283a56e61f311581d66266cb
1993-12-21,0.6201905259283984,1,isotropic_constructed_macro_nats_full_precision_v3,0552c7f4701ada91e31e916f992171b9418cb47d283a56e61f311581d66266cb
1993-12-23,0.6148811553101448,1,isotropic_constructed_macro_nats_full_precision_v3,0552c7f4701ada91e31e916f992171b9418cb47d283a56e61f311581d66266cb
1993-12-28,0.6116164010606413,1,isotropic_constructed_macro_nats_full_precision_v3,0552c7f4701ada91e31e916f992171b9418cb47d283a56e61f311581d66266cb
1993-12-30,0.592418089540409,1,isotropic_constructed_macro_nats_full_precision_v3,0552c7f4701ada91e31e916f992171b9418cb47d283a56e61f311581d66266cb
1994-01-03,0.5947071188118517,1,isotropic_constructed_macro_nats_full_precision_v3,0552c7f4701ada91e31e916f992171b9418cb47d283a56e61f311581d66266cb
1994-01-05,0.5862523000632059,1,isotropic_constructed_macro_nats_full_precision_v3,0552c7f4701ada91e31e916f992171b9418cb47d283a56e61f311581d66266cb
1994-01-07,0.5925384260730819,1,isotropic_constructed_macro_nats_full_precision_v3,0552c7f4701ada91e31e916f992171b9418cb47d283a56e61f311581d66266cb
1994-01-11,0.6223946259218839,1,isotropic_constructed_macro_nats_full_precision_v3,0552c7f4701ada91e31e916f992171b9418cb47d283a56e61f311581d66266cb
1994-01-13,0.6394051514528831,1,isotropic_constructed_macro_nats_full_precision_v3,0552c7f4701ada91e31e916f992171b9418cb47d283a56e61f311581d66266cb
1994-01-17,0.6354970617888827,1,isotropic_constructed_macro_nats_full_precision_v3,0552c7f4701ada91e31e916f992171b9418cb47d283a56e61f311581d66266cb
1994-01-19,0.6408105987734352,1,isotropic_constructed_macro_nats_full_precision_v3,0552c7f4701ada91e31e916f992171b9418cb47d283a56e61f311581d66266cb
1994-01-21,0.6629189961237644,1,isotropic_constructed_macro_nats_full_precision_v3,0552c7f4701ada91e31e916f992171b9418cb47d283a56e61f311581d66266cb
1994-01-25,0.6598017040881243,1,isotropic_constructed_macro_nats_full_precision_v3,0552c7f4701ada91e31e916f992171b9418cb47d283a56e61f311581d66266cb
1994-01-27,0.6622602788170986,1,isotropic_constructed_macro_nats_full_precision_v3,0552c7f4701ada91e31e916f992171b9418cb47d283a56e61f311581d66266cb
1994-01-31,0.6308093266859327,1,isotropic_constructed_macro_nats_full_precision_v3,0552c7f4701ada91e31e916f992171b9418cb47d283a56e61f311581d66266cb
1994-02-02,0.6286320491405861,1,isotropic_constructed_macro_nats_full_precision_v3,0552c7f4701ada91e31e916f992171b9418cb47d283a56e61f311581d66266cb
1994-02-04,0.6218942900294072,1,isotropic_constructed_macro_nats_full_precision_v3,0552c7f4701ada91e31e916f992171b9418cb47d283a56e61f311581d66266cb
1994-02-08,0.6154437299214406,1,isotropic_constructed_macro_nats_full_precision_v3,0552c7f4701ada91e31e916f992171b9418cb47d283a56e61f311581d66266cb
1994-02-10,0.5925808219710966,1,isotropic_constructed_macro_nats_full_precision_v3,0552c7f4701ada91e31e916f992171b9418cb47d283a56e61f311581d66266cb
1994-02-14,0.5845276755878253,1,isotropic_constructed_macro_nats_full_precision_v3,0552c7f4701ada91e31e916f992171b9418cb47d283a56e61f311581d66266cb
1994-02-16,0.5883545966170187,1,isotropic_constructed_macro_nats_full_precision_v3,0552c7f4701ada91e31e916f992171b9418cb47d283a56e61f311581d66266cb
1994-02-18,0.5828310226493526,1,isotropic_constructed_macro_nats_full_precision_v3,0552c7f4701ada91e31e916f992171b9418cb47d283a56e61f311581d66266cb
1994-02-23,0.5339171766290437,1,isotropic_constructed_macro_nats_full_precision_v3,0552c7f4701ada91e31e916f992171b9418cb47d283a56e61f311581d66266cb
1994-02-25,0.5434226559669395,1,isotropic_constructed_macro_nats_full_precision_v3,0552c7f4701ada91e31e916f992171b9418cb47d283a56e61f311581d66266cb
1994-03-01,0.5453813457164183,1,isotropic_constructed_macro_nats_full_precision_v3,0552c7f4701ada91e31e916f992171b9418cb47d283a56e61f311581d66266cb
1994-03-03,0.5419810229079405,1,isotropic_constructed_macro_nats_full_precision_v3,0552c7f4701ada91e31e916f992171b9418cb47d283a56e61f311581d66266cb
1994-03-07,0.557900752399435,1,isotropic_constructed_macro_nats_full_precision_v3,0552c7f4701ada91e31e916f992171b9418cb47d283a56e61f311581d66266cb
1994-03-09,0.5446839886276958,1,isotropic_constructed_macro_nats_full_precision_v3,0552c7f4701ada91e31e916f992171b9418cb47d283a56e61f311581d66266cb
1994-03-11,0.5511507319809676,1,isotropic_constructed_macro_nats_full_precision_v3,0552c7f4701ada91e31e916f992171b9418cb47d283a56e61f311581d66266cb
1994-03-15,0.5622340731165438,1,isotropic_constructed_macro_nats_full_precision_v3,0552c7f4701ada91e31e916f992171b9418cb47d283a56e61f311581d66266cb
1994-03-17,0.5570506997977105,1,isotropic_constructed_macro_nats_full_precision_v3,0552c7f4701ada91e31e916f992171b9418cb47d283a56e61f311581d66266cb
1994-03-21,0.5447933216627099,1,isotropic_constructed_macro_nats_full_precision_v3,0552c7f4701ada91e31e916f992171b9418cb47d283a56e61f311581d66266cb
1994-03-23,0.5386751982988163,1,isotropic_constructed_macro_nats_full_precision_v3,0552c7f4701ada91e31e916f992171b9418cb47d283a56e61f311581d66266cb
1994-03-25,0.5337446786044623,1,isotropic_constructed_macro_nats_full_precision_v3,0552c7f4701ada91e31e916f992171b9418cb47d283a56e61f311581d66266cb
1994-03-29,0.5152130761058914,1,isotropic_constructed_macro_nats_full_precision_v3,0552c7f4701ada91e31e916f992171b9418cb47d283a56e61f311581d66266cb
1994-03-31,0.5097700891722972,1,isotropic_constructed_macro_nats_full_precision_v3,0552c7f4701ada91e31e916f992171b9418cb47d283a56e61f311581d66266cb
1994-04-05,0.49570155576849406,1,isotropic_constructed_macro_nats_full_precision_v3,0552c7f4701ada91e31e916f992171b9418cb47d283a56e61f311581d66266cb
1994-04-07,0.48685530771956,1,isotropic_constructed_macro_nats_full_precision_v3,0552c7f4701ada91e31e916f992171b9418cb47d283a56e61f311581d66266cb
1994-04-11,0.4985879758029085,1,isotropic_constructed_macro_nats_full_precision_v3,0552c7f4701ada91e31e916f992171b9418cb47d283a56e61f311581d66266cb
1994-04-13,0.4954330725771105,1,isotropic_constructed_macro_nats_full_precision_v3,0552c7f4701ada91e31e916f992171b9418cb47d283a56e61f311581d66266cb
1994-04-15,0.4888880102606876,1,isotropic_constructed_macro_nats_full_precision_v3,0552c7f4701ada91e31e916f992171b9418cb47d283a56e61f311581d66266cb
1994-04-19,0.507677139759115,1,isotropic_constructed_macro_nats_full_precision_v3,0552c7f4701ada91e31e916f992171b9418cb47d283a56e61f311581d66266cb
1994-04-21,0.5511490995044235,1,isotropic_constructed_macro_nats_full_precision_v3,0552c7f4701ada91e31e916f992171b9418cb47d283a56e61f311581d66266cb
1994-04-25,0.5435619866317328,1,isotropic_constructed_macro_nats_full_precision_v3,0552c7f4701ada91e31e916f992171b9418cb47d283a56e61f311581d66266cb
1994-04-28,0.5504247389321844,1,isotropic_constructed_macro_nats_full_precision_v3,0552c7f4701ada91e31e916f992171b9418cb47d283a56e61f311581d66266cb
1994-05-02,0.54997307439585,1,isotropic_constructed_macro_nats_full_precision_v3,0552c7f4701ada91e31e916f992171b9418cb47d283a56e61f311581d66266cb
1994-05-04,0.5583867150097165,1,isotropic_constructed_macro_nats_full_precision_v3,0552c7f4701ada91e31e916f992171b9418cb47d283a56e61f311581d66266cb
1994-05-06,0.5688875930934347,1,isotropic_constructed_macro_nats_full_precision_v3,0552c7f4701ada91e31e916f992171b9418cb47d283a56e61f311581d66266cb
1994-05-10,0.6428040466594243,1,isotropic_constructed_macro_nats_full_precision_v3,0552c7f4701ada91e31e916f992171b9418cb47d283a56e61f311581d66266cb
1994-05-12,0.641868001328133,1,isotropic_constructed_macro_nats_full_precision_v3,0552c7f4701ada91e31e916f992171b9418cb47d283a56e61f311581d66266cb
1994-05-16,0.6331293818557523,1,isotropic_constructed_macro_nats_full_precision_v3,0552c7f4701ada91e31e916f992171b9418cb47d283a56e61f311581d66266cb
1994-05-18,0.6297483376732949,1,isotropic_constructed_macro_nats_full_precision_v3,0552c7f4701ada91e31e916f992171b9418cb47d283a56e61f311581d66266cb
1994-05-20,0.6352264084340141,1,isotropic_constructed_macro_nats_full_precision_v3,0552c7f4701ada91e31e916f992171b9418cb47d283a56e61f311581d66266cb
1994-05-24,0.6286471989889313,1,isotropic_constructed_macro_nats_full_precision_v3,0552c7f4701ada91e31e916f992171b9418cb47d283a56e61f311581d66266cb
1994-05-26,0.6353428589684221,1,isotropic_constructed_macro_nats_full_precision_v3,0552c7f4701ada91e31e916f992171b9418cb47d283a56e61f311581d66266cb
1994-05-31,0.6320692110117404,1,isotropic_constructed_macro_nats_full_precision_v3,0552c7f4701ada91e31e916f992171b9418cb47d283a56e61f311581d66266cb
1994-06-02,0.6295904108220098,1,isotropic_constructed_macro_nats_full_precision_v3,0552c7f4701ada91e31e916f992171b9418cb47d283a56e61f311581d66266cb
1994-06-06,0.6289707484812912,1,isotropic_constructed_macro_nats_full_precision_v3,0552c7f4701ada91e31e916f992171b9418cb47d283a56e61f311581d66266cb
1994-06-08,0.6278701158063156,1,isotropic_constructed_macro_nats_full_precision_v3,0552c7f4701ada91e31e916f992171b9418cb47d283a56e61f311581d66266cb
1994-06-10,0.6316497356129942,1,isotropic_constructed_macro_nats_full_precision_v3,0552c7f4701ada91e31e916f992171b9418cb47d283a56e61f311581d66266cb
1994-06-14,0.6309825916808666,1,isotropic_constructed_macro_nats_full_precision_v3,0552c7f4701ada91e31e916f992171b9418cb47d283a56e61f311581d66266cb
1994-06-16,0.624734789537948,1,isotropic_constructed_macro_nats_full_precision_v3,0552c7f4701ada91e31e916f992171b9418cb47d283a56e61f311581d66266cb
1994-06-20,0.6214292127009341,1,isotropic_constructed_macro_nats_full_precision_v3,0552c7f4701ada91e31e916f992171b9418cb47d283a56e61f311581d66266cb
1994-06-22,0.6052371477286327,1,isotropic_constructed_macro_nats_full_precision_v3,0552c7f4701ada91e31e916f992171b9418cb47d283a56e61f311581d66266cb
1994-06-24,0.6123809657695422,1,isotropic_constructed_macro_nats_full_precision_v3,0552c7f4701ada91e31e916f992171b9418cb47d283a56e61f311581d66266cb
1994-06-28,0.6147026998932201,1,isotropic_constructed_macro_nats_full_precision_v3,0552c7f4701ada91e31e916f992171b9418cb47d283a56e61f311581d66266cb
1994-06-30,0.6151503111172937,1,isotropic_constructed_macro_nats_full_precision_v3,0552c7f4701ada91e31e916f992171b9418cb47d283a56e61f311581d66266cb
1994-07-05,0.626230179213875,1,isotropic_constructed_macro_nats_full_precision_v3,0552c7f4701ada91e31e916f992171b9418cb47d283a56e61f311581d66266cb
1994-07-07,0.6164553013693258,1,isotropic_constructed_macro_nats_full_precision_v3,0552c7f4701ada91e31e916f992171b9418cb47d283a56e61f311581d66266cb
1994-07-11,0.617528517647211,1,isotropic_constructed_macro_nats_full_precision_v3,0552c7f4701ada91e31e916f992171b9418cb47d283a56e61f311581d66266cb
1994-07-13,0.6113963576396436,1,isotropic_constructed_macro_nats_full_precision_v3,0552c7f4701ada91e31e916f992171b9418cb47d283a56e61f311581d66266cb
1994-07-15,0.6098134678213363,1,isotropic_constructed_macro_nats_full_precision_v3,0552c7f4701ada91e31e916f992171b9418cb47d283a56e61f311581d66266cb
1994-07-19,0.6002914714828608,1,isotropic_constructed_macro_nats_full_precision_v3,0552c7f4701ada91e31e916f992171b9418cb47d283a56e61f311581d66266cb
1994-07-21,0.6003028812755729,1,isotropic_constructed_macro_nats_full_precision_v3,0552c7f4701ada91e31e916f992171b9418cb47d283a56e61f311581d66266cb
1994-07-25,0.6041116228840383,1,isotropic_constructed_macro_nats_full_precision_v3,0552c7f4701ada91e31e916f992171b9418cb47d283a56e61f311581d66266cb
1994-07-27,0.604947945805949,1,isotropic_constructed_macro_nats_full_precision_v3,0552c7f4701ada91e31e916f992171b9418cb47d283a56e61f311581d66266cb
1994-07-29,0.6028707439786648,1,isotropic_constructed_macro_nats_full_precision_v3,0552c7f4701ada91e31e916f992171b9418cb47d283a56e61f311581d66266cb
1994-08-02,0.6268964771436398,1,isotropic_constructed_macro_nats_full_precision_v3,0552c7f4701ada91e31e916f992171b9418cb47d283a56e61f311581d66266cb
1994-08-04,0.6221205720206717,1,isotropic_constructed_macro_nats_full_precision_v3,0552c7f4701ada91e31e916f992171b9418cb47d283a56e61f311581d66266cb
1994-08-08,0.6169008437976022,1,isotropic_constructed_macro_nats_full_precision_v3,0552c7f4701ada91e31e916f992171b9418cb47d283a56e61f311581d66266cb
1994-08-10,0.61497206397348,1,isotropic_constructed_macro_nats_full_precision_v3,0552c7f4701ada91e31e916f992171b9418cb47d283a56e61f311581d66266cb
1994-08-12,0.6403785277139313,1,isotropic_constructed_macro_nats_full_precision_v3,0552c7f4701ada91e31e916f992171b9418cb47d283a56e61f311581d66266cb
1994-08-16,0.6302336633170094,1,isotropic_constructed_macro_nats_full_precision_v3,0552c7f4701ada91e31e916f992171b9418cb47d283a56e61f311581d66266cb
1994-08-18,0.6243350531629042,1,isotropic_constructed_macro_nats_full_precision_v3,0552c7f4701ada91e31e916f992171b9418cb47d283a56e61f311581d66266cb
1994-08-22,0.6179380068728966,1,isotropic_constructed_macro_nats_full_precision_v3,0552c7f4701ada91e31e916f992171b9418cb47d283a56e61f311581d66266cb
1994-08-24,0.618239368838256,1,isotropic_constructed_macro_nats_full_precision_v3,0552c7f4701ada91e31e916f992171b9418cb47d283a56e61f311581d66266cb
1994-08-26,0.6206406315772233,1,isotropic_constructed_macro_nats_full_precision_v3,0552c7f4701ada91e31e916f992171b9418cb47d283a56e61f311581d66266cb
1994-08-30,0.617804857425001,1,isotropic_constructed_macro_nats_full_precision_v3,0552c7f4701ada91e31e916f992171b9418cb47d283a56e61f311581d66266cb
1994-09-01,0.6152268147860249,1,isotropic_constructed_macro_nats_full_precision_v3,0552c7f4701ada91e31e916f992171b9418cb47d283a56e61f311581d66266cb
1994-09-06,0.6132360166442441,1,isotropic_constructed_macro_nats_full_precision_v3,0552c7f4701ada91e31e916f992171b9418cb47d283a56e61f311581d66266cb
1994-09-08,0.6089056462316594,1,isotropic_constructed_macro_nats_full_precision_v3,0552c7f4701ada91e31e916f992171b9418cb47d283a56e61f311581d66266cb
1994-09-12,0.611170097657324,1,isotropic_constructed_macro_nats_full_precision_v3,0552c7f4701ada91e31e916f992171b9418cb47d283a56e61f311581d66266cb
1994-09-14,0.6068327388703816,1,isotropic_constructed_macro_nats_full_precision_v3,0552c7f4701ada91e31e916f992171b9418cb47d283a56e61f311581d66266cb
1994-09-16,0.6024926158800701,1,isotropic_constructed_macro_nats_full_precision_v3,0552c7f4701ada91e31e916f992171b9418cb47d283a56e61f311581d66266cb
1994-09-20,0.6113662999917064,1,isotropic_constructed_macro_nats_full_precision_v3,0552c7f4701ada91e31e916f992171b9418cb47d283a56e61f311581d66266cb
1994-09-22,0.6047536559194363,1,isotropic_constructed_macro_nats_full_precision_v3,0552c7f4701ada91e31e916f992171b9418cb47d283a56e61f311581d66266cb
1994-09-26,0.6096970781223707,1,isotropic_constructed_macro_nats_full_precision_v3,0552c7f4701ada91e31e916f992171b9418cb47d283a56e61f311581d66266cb
1994-09-28,0.6102352228665149,1,isotropic_constructed_macro_nats_full_precision_v3,0552c7f4701ada91e31e916f992171b9418cb47d283a56e61f311581d66266cb
1994-09-30,0.6113817164260463,1,isotropic_constructed_macro_nats_full_precision_v3,0552c7f4701ada91e31e916f992171b9418cb47d283a56e61f311581d66266cb
1994-10-04,0.6149377494293304,1,isotropic_constructed_macro_nats_full_precision_v3,0552c7f4701ada91e31e916f992171b9418cb47d283a56e61f311581d66266cb
1994-10-06,0.6150205412258658,1,isotropic_constructed_macro_nats_full_precision_v3,0552c7f4701ada91e31e916f992171b9418cb47d283a56e61f311581d66266cb
1994-10-10,0.613653932686549,1,isotropic_constructed_macro_nats_full_precision_v3,0552c7f4701ada91e31e916f992171b9418cb47d283a56e61f311581d66266cb
1994-10-12,0.6119820459743497,1,isotropic_constructed_macro_nats_full_precision_v3,0552c7f4701ada91e31e916f992171b9418cb47d283a56e61f311581d66266cb
1994-10-14,0.6119988975727466,1,isotropic_constructed_macro_nats_full_precision_v3,0552c7f4701ada91e31e916f992171b9418cb47d283a56e61f311581d66266cb
1994-10-18,0.6112058410842515,1,isotropic_constructed_macro_nats_full_precision_v3,0552c7f4701ada91e31e916f992171b9418cb47d283a56e61f311581d66266cb
1994-10-20,0.6165172099050047,1,isotropic_constructed_macro_nats_full_precision_v3,0552c7f4701ada91e31e916f992171b9418cb47d283a56e61f311581d66266cb
1994-10-24,0.6169200330087273,1,isotropic_constructed_macro_nats_full_precision_v3,0552c7f4701ada91e31e916f992171b9418cb47d283a56e61f311581d66266cb
1994-10-26,0.6173335630744419,1,isotropic_constructed_macro_nats_full_precision_v3,0552c7f4701ada91e31e916f992171b9418cb47d283a56e61f311581d66266cb
1994-10-28,0.6156626583746414,1,isotropic_constructed_macro_nats_full_precision_v3,0552c7f4701ada91e31e916f992171b9418cb47d283a56e61f311581d66266cb
1994-11-01,0.6191900434731804,1,isotropic_constructed_macro_nats_full_precision_v3,0552c7f4701ada91e31e916f992171b9418cb47d283a56e61f311581d66266cb
1994-11-03,0.6203296212221098,1,isotropic_constructed_macro_nats_full_precision_v3,0552c7f4701ada91e31e916f992171b9418cb47d283a56e61f311581d66266cb
1994-11-07,0.6176211755122885,1,isotropic_constructed_macro_nats_full_precision_v3,0552c7f4701ada91e31e916f992171b9418cb47d283a56e61f311581d66266cb
1994-11-09,0.6156906833211699,1,isotropic_constructed_macro_nats_full_precision_v3,0552c7f4701ada91e31e916f992171b9418cb47d283a56e61f311581d66266cb
1994-11-11,0.6133464561883172,1,isotropic_constructed_macro_nats_full_precision_v3,0552c7f4701ada91e31e916f992171b9418cb47d283a56e61f311581d66266cb
1994-11-15,0.6131227559743773,1,isotropic_constructed_macro_nats_full_precision_v3,0552c7f4701ada91e31e916f992171b9418cb47d283a56e61f311581d66266cb
1994-11-17,0.6241269718634901,1,isotropic_constructed_macro_nats_full_precision_v3,0552c7f4701ada91e31e916f992171b9418cb47d283a56e61f311581d66266cb
1994-11-21,0.6347332331423257,1,isotropic_constructed_macro_nats_full_precision_v3,0552c7f4701ada91e31e916f992171b9418cb47d283a56e61f311581d66266cb
1994-11-23,0.6156865480292719,1,isotropic_constructed_macro_nats_full_precision_v3,0552c7f4701ada91e31e916f992171b9418cb47d283a56e61f311581d66266cb
1994-11-28,0.6172644506904149,1,isotropic_constructed_macro_nats_full_precision_v3,0552c7f4701ada91e31e916f992171b9418cb47d283a56e61f311581d66266cb
1994-11-30,0.6198832898662221,1,isotropic_constructed_macro_nats_full_precision_v3,0552c7f4701ada91e31e916f992171b9418cb47d283a56e61f311581d66266cb
1994-12-02,0.6058008570005508,1,isotropic_constructed_macro_nats_full_precision_v3,0552c7f4701ada91e31e916f992171b9418cb47d283a56e61f311581d66266cb
1994-12-06,0.6095395571010804,1,isotropic_constructed_macro_nats_full_precision_v3,0552c7f4701ada91e31e916f992171b9418cb47d283a56e61f311581d66266cb
1994-12-08,0.6174840672390407,1,isotropic_constructed_macro_nats_full_precision_v3,0552c7f4701ada91e31e916f992171b9418cb47d283a56e61f311581d66266cb
1994-12-12,0.6175819658887809,1,isotropic_constructed_macro_nats_full_precision_v3,0552c7f4701ada91e31e916f992171b9418cb47d283a56e61f311581d66266cb
1994-12-14,0.6159692271933321,1,isotropic_constructed_macro_nats_full_precision_v3,0552c7f4701ada91e31e916f992171b9418cb47d283a56e61f311581d66266cb
1994-12-16,0.6235760442975359,1,isotropic_constructed_macro_nats_full_precision_v3,0552c7f4701ada91e31e916f992171b9418cb47d283a56e61f311581d66266cb
1994-12-20,0.6184825405529851,1,isotropic_constructed_macro_nats_full_precision_v3,0552c7f4701ada91e31e916f992171b9418cb47d283a56e61f311581d66266cb
1994-12-22,0.6209510635472821,1,isotropic_constructed_macro_nats_full_precision_v3,0552c7f4701ada91e31e916f992171b9418cb47d283a56e61f311581d66266cb
1994-12-27,0.614241050882276,1,isotropic_constructed_macro_nats_full_precision_v3,0552c7f4701ada91e31e916f992171b9418cb47d283a56e61f311581d66266cb
1994-12-29,0.6080333515908664,1,isotropic_constructed_macro_nats_full_precision_v3,0552c7f4701ada91e31e916f992171b9418cb47d283a56e61f311581d66266cb
1995-01-03,0.6129641691058932,1,isotropic_constructed_macro_nats_full_precision_v3,0552c7f4701ada91e31e916f992171b9418cb47d283a56e61f311581d66266cb
1995-01-05,0.6173119783280367,1,isotropic_constructed_macro_nats_full_precision_v3,0552c7f4701ada91e31e916f992171b9418cb47d283a56e61f311581d66266cb
1995-01-09,0.6090597188964124,1,isotropic_constructed_macro_nats_full_precision_v3,0552c7f4701ada91e31e916f992171b9418cb47d283a56e61f311581d66266cb
1995-01-11,0.6104731600934953,1,isotropic_constructed_macro_nats_full_precision_v3,0552c7f4701ada91e31e916f992171b9418cb47d283a56e61f311581d66266cb
1995-01-13,0.5869466237405571,1,isotropic_constructed_macro_nats_full_precision_v3,0552c7f4701ada91e31e916f992171b9418cb47d283a56e61f311581d66266cb
1995-01-17,0.5798582831176622,1,isotropic_constructed_macro_nats_full_precision_v3,0552c7f4701ada91e31e916f992171b9418cb47d283a56e61f311581d66266cb
1995-01-19,0.5824005301163672,1,isotropic_constructed_macro_nats_full_precision_v3,0552c7f4701ada91e31e916f992171b9418cb47d283a56e61f311581d66266cb
1995-01-23,0.5864724816878115,1,isotropic_constructed_macro_nats_full_precision_v3,0552c7f4701ada91e31e916f992171b9418cb47d283a56e61f311581d66266cb
1995-01-25,0.5842657985365167,1,isotropic_constructed_macro_nats_full_precision_v3,0552c7f4701ada91e31e916f992171b9418cb47d283a56e61f311581d66266cb
1995-01-27,0.5936048909968635,1,isotropic_constructed_macro_nats_full_precision_v3,0552c7f4701ada91e31e916f992171b9418cb47d283a56e61f311581d66266cb
1995-01-31,0.5908856330541388,1,isotropic_constructed_macro_nats_full_precision_v3,0552c7f4701ada91e31e916f992171b9418cb47d283a56e61f311581d66266cb
1995-02-02,0.5911769286175075,1,isotropic_constructed_macro_nats_full_precision_v3,0552c7f4701ada91e31e916f992171b9418cb47d283a56e61f311581d66266cb
1995-02-06,0.6113920432330542,1,isotropic_constructed_macro_nats_full_precision_v3,0552c7f4701ada91e31e916f992171b9418cb47d283a56e61f311581d66266cb
1995-02-08,0.6109750640838058,1,isotropic_constructed_macro_nats_full_precision_v3,0552c7f4701ada91e31e916f992171b9418cb47d283a56e61f311581d66266cb
1995-02-10,0.6205991658788284,1,isotropic_constructed_macro_nats_full_precision_v3,0552c7f4701ada91e31e916f992171b9418cb47d283a56e61f311581d66266cb
1995-02-14,0.6251707790546677,1,isotropic_constructed_macro_nats_full_precision_v3,0552c7f4701ada91e31e916f992171b9418cb47d283a56e61f311581d66266cb
1995-02-16,0.6338323541199615,1,isotropic_constructed_macro_nats_full_precision_v3,0552c7f4701ada91e31e916f992171b9418cb47d283a56e61f311581d66266cb
1995-02-21,0.6308737391482313,1,isotropic_constructed_macro_nats_full_precision_v3,0552c7f4701ada91e31e916f992171b9418cb47d283a56e61f311581d66266cb
1995-02-23,0.6231433318467767,1,isotropic_constructed_macro_nats_full_precision_v3,0552c7f4701ada91e31e916f992171b9418cb47d283a56e61f311581d66266cb
1995-02-27,0.620152387434461,1,isotropic_constructed_macro_nats_full_precision_v3,0552c7f4701ada91e31e916f992171b9418cb47d283a56e61f311581d66266cb
1995-03-01,0.6211484516376348,1,isotropic_constructed_macro_nats_full_precision_v3,0552c7f4701ada91e31e916f992171b9418cb47d283a56e61f311581d66266cb
1995-03-03,0.6112945022440013,1,isotropic_constructed_macro_nats_full_precision_v3,0552c7f4701ada91e31e916f992171b9418cb47d283a56e61f311581d66266cb
1995-03-07,0.6103972276372094,1,isotropic_constructed_macro_nats_full_precision_v3,0552c7f4701ada91e31e916f992171b9418cb47d283a56e61f311581d66266cb
1995-03-09,0.6140272166363593,1,isotropic_constructed_macro_nats_full_precision_v3,0552c7f4701ada91e31e916f992171b9418cb47d283a56e61f311581d66266cb
1995-03-13,0.6069656158928567,1,isotropic_constructed_macro_nats_full_precision_v3,0552c7f4701ada91e31e916f992171b9418cb47d283a56e61f311581d66266cb
1995-03-15,0.6176486353771751,1,isotropic_constructed_macro_nats_full_precision_v3,0552c7f4701ada91e31e916f992171b9418cb47d283a56e61f311581d66266cb
1995-03-17,0.6216884601847739,1,isotropic_constructed_macro_nats_full_precision_v3,0552c7f4701ada91e31e916f992171b9418cb47d283a56e61f311581d66266cb
1995-03-21,0.6216298071853744,1,isotropic_constructed_macro_nats_full_precision_v3,0552c7f4701ada91e31e916f992171b9418cb47d283a56e61f311581d66266cb
1995-03-23,0.6212269233574719,1,isotropic_constructed_macro_nats_full_precision_v3,0552c7f4701ada91e31e916f992171b9418cb47d283a56e61f311581d66266cb
1995-03-27,0.6224794361954438,1,isotropic_constructed_macro_nats_full_precision_v3,0552c7f4701ada91e31e916f992171b9418cb47d283a56e61f311581d66266cb
1995-03-29,0.6210517546652222,1,isotropic_constructed_macro_nats_full_precision_v3,0552c7f4701ada91e31e916f992171b9418cb47d283a56e61f311581d66266cb
1995-03-31,0.6235081653497686,1,isotropic_constructed_macro_nats_full_precision_v3,0552c7f4701ada91e31e916f992171b9418cb47d283a56e61f311581d66266cb
1995-04-04,0.6163258286889823,1,isotropic_constructed_macro_nats_full_precision_v3,0552c7f4701ada91e31e916f992171b9418cb47d283a56e61f311581d66266cb
1995-04-06,0.6094791382352361,1,isotropic_constructed_macro_nats_full_precision_v3,0552c7f4701ada91e31e916f992171b9418cb47d283a56e61f311581d66266cb
1995-04-10,0.5893396606408186,1,isotropic_constructed_macro_nats_full_precision_v3,0552c7f4701ada91e31e916f992171b9418cb47d283a56e61f311581d66266cb
1995-04-12,0.5856173554372258,1,isotropic_constructed_macro_nats_full_precision_v3,0552c7f4701ada91e31e916f992171b9418cb47d283a56e61f311581d66266cb
1995-04-17,0.5704617944337059,1,isotropic_constructed_macro_nats_full_precision_v3,0552c7f4701ada91e31e916f992171b9418cb47d283a56e61f311581d66266cb
1995-04-19,0.6476854877015101,1,isotropic_constructed_macro_nats_full_precision_v3,0552c7f4701ada91e31e916f992171b9418cb47d283a56e61f311581d66266cb
1995-04-21,0.652120214261465,1,isotropic_constructed_macro_nats_full_precision_v3,0552c7f4701ada91e31e916f992171b9418cb47d283a56e61f311581d66266cb
1995-04-25,0.6593215603636171,1,isotropic_constructed_macro_nats_full_precision_v3,0552c7f4701ada91e31e916f992171b9418cb47d283a56e61f311581d66266cb
1995-04-27,0.6681231871354698,1,isotropic_constructed_macro_nats_full_precision_v3,0552c7f4701ada91e31e916f992171b9418cb47d283a56e61f311581d66266cb
1995-05-01,0.6703787861867913,1,isotropic_constructed_macro_nats_full_precision_v3,0552c7f4701ada91e31e916f992171b9418cb47d283a56e61f311581d66266cb
1995-05-03,0.6827563895031942,1,isotropic_constructed_macro_nats_full_precision_v3,0552c7f4701ada91e31e916f992171b9418cb47d283a56e61f311581d66266cb
1995-05-05,0.6809833637189555,1,isotropic_constructed_macro_nats_full_precision_v3,0552c7f4701ada91e31e916f992171b9418cb47d283a56e61f311581d66266cb
1995-05-09,0.6990375867711703,1,isotropic_constructed_macro_nats_full_precision_v3,0552c7f4701ada91e31e916f992171b9418cb47d283a56e61f311581d66266cb
1995-05-11,0.691620112009228,1,isotropic_constructed_macro_nats_full_precision_v3,0552c7f4701ada91e31e916f992171b9418cb47d283a56e61f311581d66266cb
1995-05-15,0.6876701631928006,1,isotropic_constructed_macro_nats_full_precision_v3,0552c7f4701ada91e31e916f992171b9418cb47d283a56e61f311581d66266cb
1995-05-17,0.6894037833105644,1,isotropic_constructed_macro_nats_full_precision_v3,0552c7f4701ada91e31e916f992171b9418cb47d283a56e61f311581d66266cb
1995-05-19,0.7056489089971556,1,isotropic_constructed_macro_nats_full_precision_v3,0552c7f4701ada91e31e916f992171b9418cb47d283a56e61f311581d66266cb
1995-05-23,0.6972770871234093,1,isotropic_constructed_macro_nats_full_precision_v3,0552c7f4701ada91e31e916f992171b9418cb47d283a56e61f311581d66266cb
1995-05-25,0.6806445576595832,1,isotropic_constructed_macro_nats_full_precision_v3,0552c7f4701ada91e31e916f992171b9418cb47d283a56e61f311581d66266cb
1995-05-30,0.7008739000287856,1,isotropic_constructed_macro_nats_full_precision_v3,0552c7f4701ada91e31e916f992171b9418cb47d283a56e61f311581d66266cb
1995-06-01,0.6906399808584056,1,isotropic_constructed_macro_nats_full_precision_v3,0552c7f4701ada91e31e916f992171b9418cb47d283a56e61f311581d66266cb
1995-06-05,0.6624700401205832,1,isotropic_constructed_macro_nats_full_precision_v3,0552c7f4701ada91e31e916f992171b9418cb47d283a56e61f311581d66266cb
1995-06-07,0.6687526707387642,1,isotropic_constructed_macro_nats_full_precision_v3,0552c7f4701ada91e31e916f992171b9418cb47d283a56e61f311581d66266cb
1995-06-09,0.6729711939124736,1,isotropic_constructed_macro_nats_full_precision_v3,0552c7f4701ada91e31e916f992171b9418cb47d283a56e61f311581d66266cb
1995-06-13,0.6380256537260919,1,isotropic_constructed_macro_nats_full_precision_v3,0552c7f4701ada91e31e916f992171b9418cb47d283a56e61f311581d66266cb
1995-06-15,0.6488583138058193,1,isotropic_constructed_macro_nats_full_precision_v3,0552c7f4701ada91e31e916f992171b9418cb47d283a56e61f311581d66266cb
1995-06-19,0.6586910345600225,1,isotropic_constructed_macro_nats_full_precision_v3,0552c7f4701ada91e31e916f992171b9418cb47d283a56e61f311581d66266cb
1995-06-21,0.6585962509593644,1,isotropic_constructed_macro_nats_full_precision_v3,0552c7f4701ada91e31e916f992171b9418cb47d283a56e61f311581d66266cb
1995-06-23,0.6588212226019657,1,isotropic_constructed_macro_nats_full_precision_v3,0552c7f4701ada91e31e916f992171b9418cb47d283a56e61f311581d66266cb
1995-06-27,0.6603534596948724,1,isotropic_constructed_macro_nats_full_precision_v3,0552c7f4701ada91e31e916f992171b9418cb47d283a56e61f311581d66266cb
1995-06-29,0.6607298553520029,1,isotropic_constructed_macro_nats_full_precision_v3,0552c7f4701ada91e31e916f992171b9418cb47d283a56e61f311581d66266cb
1995-07-03,0.6647885480874802,1,isotropic_constructed_macro_nats_full_precision_v3,0552c7f4701ada91e31e916f992171b9418cb47d283a56e61f311581d66266cb
1995-07-06,0.6847323681722848,1,isotropic_constructed_macro_nats_full_precision_v3,0552c7f4701ada91e31e916f992171b9418cb47d283a56e61f311581d66266cb
1995-07-10,0.6648031547954667,1,isotropic_constructed_macro_nats_full_precision_v3,0552c7f4701ada91e31e916f992171b9418cb47d283a56e61f311581d66266cb
1995-07-12,0.676183660240611,1,isotropic_constructed_macro_nats_full_precision_v3,0552c7f4701ada91e31e916f992171b9418cb47d283a56e61f311581d66266cb
1995-07-14,0.6758270896687275,1,isotropic_constructed_macro_nats_full_precision_v3,0552c7f4701ada91e31e916f992171b9418cb47d283a56e61f311581d66266cb
1995-07-18,0.6785601831555025,1,isotropic_constructed_macro_nats_full_precision_v3,0552c7f4701ada91e31e916f992171b9418cb47d283a56e61f311581d66266cb
1995-07-20,0.6855183800548404,1,isotropic_constructed_macro_nats_full_precision_v3,0552c7f4701ada91e31e916f992171b9418cb47d283a56e61f311581d66266cb
1995-07-24,0.697394282666444,1,isotropic_constructed_macro_nats_full_precision_v3,0552c7f4701ada91e31e916f992171b9418cb47d283a56e61f311581d66266cb
1995-07-26,0.6894704707126174,1,isotropic_constructed_macro_nats_full_precision_v3,0552c7f4701ada91e31e916f992171b9418cb47d283a56e61f311581d66266cb
1995-07-28,0.6887449771576452,1,isotropic_constructed_macro_nats_full_precision_v3,0552c7f4701ada91e31e916f992171b9418cb47d283a56e61f311581d66266cb
1995-08-01,0.6873171462484525,1,isotropic_constructed_macro_nats_full_precision_v3,0552c7f4701ada91e31e916f992171b9418cb47d283a56e61f311581d66266cb
1995-08-03,0.6612873883049581,1,isotropic_constructed_macro_nats_full_precision_v3,0552c7f4701ada91e31e916f992171b9418cb47d283a56e61f311581d66266cb
1995-08-07,0.660456531518486,1,isotropic_constructed_macro_nats_full_precision_v3,0552c7f4701ada91e31e916f992171b9418cb47d283a56e61f311581d66266cb
1995-08-09,0.6647872581719532,1,isotropic_constructed_macro_nats_full_precision_v3,0552c7f4701ada91e31e916f992171b9418cb47d283a56e61f311581d66266cb
1995-08-11,0.6598571209841145,1,isotropic_constructed_macro_nats_full_precision_v3,0552c7f4701ada91e31e916f992171b9418cb47d283a56e61f311581d66266cb
1995-08-15,0.6604586764251985,1,isotropic_constructed_macro_nats_full_precision_v3,0552c7f4701ada91e31e916f992171b9418cb47d283a56e61f311581d66266cb
1995-08-17,0.6583336964673238,1,isotropic_constructed_macro_nats_full_precision_v3,0552c7f4701ada91e31e916f992171b9418cb47d283a56e61f311581d66266cb
1995-08-21,0.6578122304404155,1,isotropic_constructed_macro_nats_full_precision_v3,0552c7f4701ada91e31e916f992171b9418cb47d283a56e61f311581d66266cb
1995-08-23,0.6565756206389117,1,isotropic_constructed_macro_nats_full_precision_v3,0552c7f4701ada91e31e916f992171b9418cb47d283a56e61f311581d66266cb
1995-08-25,0.6591545730753252,1,isotropic_constructed_macro_nats_full_precision_v3,0552c7f4701ada91e31e916f992171b9418cb47d283a56e61f311581d66266cb
1995-08-29,0.656758976354212,1,isotropic_constructed_macro_nats_full_precision_v3,0552c7f4701ada91e31e916f992171b9418cb47d283a56e61f311581d66266cb
1995-08-31,0.6528939497047859,1,isotropic_constructed_macro_nats_full_precision_v3,0552c7f4701ada91e31e916f992171b9418cb47d283a56e61f311581d66266cb
1995-09-05,0.6533882727564555,1,isotropic_constructed_macro_nats_full_precision_v3,0552c7f4701ada91e31e916f992171b9418cb47d283a56e61f311581d66266cb
1995-09-07,0.6486354151221614,1,isotropic_constructed_macro_nats_full_precision_v3,0552c7f4701ada91e31e916f992171b9418cb47d283a56e61f311581d66266cb
1995-09-11,0.6438271732584786,1,isotropic_constructed_macro_nats_full_precision_v3,0552c7f4701ada91e31e916f992171b9418cb47d283a56e61f311581d66266cb
1995-09-13,0.6643953181122171,1,isotropic_constructed_macro_nats_full_precision_v3,0552c7f4701ada91e31e916f992171b9418cb47d283a56e61f311581d66266cb
1995-09-15,0.6711630201893829,1,isotropic_constructed_macro_nats_full_precision_v3,0552c7f4701ada91e31e916f992171b9418cb47d283a56e61f311581d66266cb
1995-09-19,0.6324400846777117,1,isotropic_constructed_macro_nats_full_precision_v3,0552c7f4701ada91e31e916f992171b9418cb47d283a56e61f311581d66266cb
1995-09-21,0.6353270834557403,1,isotropic_constructed_macro_nats_full_precision_v3,0552c7f4701ada91e31e916f992171b9418cb47d283a56e61f311581d66266cb
1995-09-25,0.634231331755882,1,isotropic_constructed_macro_nats_full_precision_v3,0552c7f4701ada91e31e916f992171b9418cb47d283a56e61f311581d66266cb
1995-09-27,0.6376063930163005,1,isotropic_constructed_macro_nats_full_precision_v3,0552c7f4701ada91e31e916f992171b9418cb47d283a56e61f311581d66266cb
1995-09-29,0.6363186984477572,1,isotropic_constructed_macro_nats_full_precision_v3,0552c7f4701ada91e31e916f992171b9418cb47d283a56e61f311581d66266cb
1995-10-03,0.628378405112539,1,isotropic_constructed_macro_nats_full_precision_v3,0552c7f4701ada91e31e916f992171b9418cb47d283a56e61f311581d66266cb
1995-10-05,0.6418628583833382,1,isotropic_constructed_macro_nats_full_precision_v3,0552c7f4701ada91e31e916f992171b9418cb47d283a56e61f311581d66266cb
1995-10-09,0.6043813062289949,1,isotropic_constructed_macro_nats_full_precision_v3,0552c7f4701ada91e31e916f992171b9418cb47d283a56e61f311581d66266cb
1995-10-11,0.5817023445514802,1,isotropic_constructed_macro_nats_full_precision_v3,0552c7f4701ada91e31e916f992171b9418cb47d283a56e61f311581d66266cb
1995-10-13,0.5855917730346867,1,isotropic_constructed_macro_nats_full_precision_v3,0552c7f4701ada91e31e916f992171b9418cb47d283a56e61f311581d66266cb
1995-10-17,0.5893446916939511,1,isotropic_constructed_macro_nats_full_precision_v3,0552c7f4701ada91e31e916f992171b9418cb47d283a56e61f311581d66266cb
1995-10-19,0.5815784407532038,1,isotropic_constructed_macro_nats_full_precision_v3,0552c7f4701ada91e31e916f992171b9418cb47d283a56e61f311581d66266cb
1995-10-23,0.5902303365419356,1,isotropic_constructed_macro_nats_full_precision_v3,0552c7f4701ada91e31e916f992171b9418cb47d283a56e61f311581d66266cb
1995-10-25,0.6142893283584543,1,isotropic_constructed_macro_nats_full_precision_v3,0552c7f4701ada91e31e916f992171b9418cb47d283a56e61f311581d66266cb
1995-10-27,0.5934930371439574,1,isotropic_constructed_macro_nats_full_precision_v3,0552c7f4701ada91e31e916f992171b9418cb47d283a56e61f311581d66266cb
1995-10-31,0.5700841569265347,1,isotropic_constructed_macro_nats_full_precision_v3,0552c7f4701ada91e31e916f992171b9418cb47d283a56e61f311581d66266cb
1995-11-02,0.5505989319243447,1,isotropic_constructed_macro_nats_full_precision_v3,0552c7f4701ada91e31e916f992171b9418cb47d283a56e61f311581d66266cb
1995-11-06,0.5511143834191252,1,isotropic_constructed_macro_nats_full_precision_v3,0552c7f4701ada91e31e916f992171b9418cb47d283a56e61f311581d66266cb
1995-11-08,0.5412652210837243,1,isotropic_constructed_macro_nats_full_precision_v3,0552c7f4701ada91e31e916f992171b9418cb47d283a56e61f311581d66266cb
1995-11-10,0.5389151495707606,1,isotropic_constructed_macro_nats_full_precision_v3,0552c7f4701ada91e31e916f992171b9418cb47d283a56e61f311581d66266cb
1995-11-14,0.5470716075038518,1,isotropic_constructed_macro_nats_full_precision_v3,0552c7f4701ada91e31e916f992171b9418cb47d283a56e61f311581d66266cb
1995-11-16,0.53901067363255,1,isotropic_constructed_macro_nats_full_precision_v3,0552c7f4701ada91e31e916f992171b9418cb47d283a56e61f311581d66266cb
1995-11-20,0.5401540259312014,1,isotropic_constructed_macro_nats_full_precision_v3,0552c7f4701ada91e31e916f992171b9418cb47d283a56e61f311581d66266cb
1995-11-22,0.5359603318200951,1,isotropic_constructed_macro_nats_full_precision_v3,0552c7f4701ada91e31e916f992171b9418cb47d283a56e61f311581d66266cb
1995-11-27,0.5265778208461164,1,isotropic_constructed_macro_nats_full_precision_v3,0552c7f4701ada91e31e916f992171b9418cb47d283a56e61f311581d66266cb
1995-11-29,0.5257000202389036,1,isotropic_constructed_macro_nats_full_precision_v3,0552c7f4701ada91e31e916f992171b9418cb47d283a56e61f311581d66266cb
1995-12-01,0.5231316598520565,1,isotropic_constructed_macro_nats_full_precision_v3,0552c7f4701ada91e31e916f992171b9418cb47d283a56e61f311581d66266cb
1995-12-05,0.5238437643520742,1,isotropic_constructed_macro_nats_full_precision_v3,0552c7f4701ada91e31e916f992171b9418cb47d283a56e61f311581d66266cb
1995-12-07,0.5215970211036076,1,isotropic_constructed_macro_nats_full_precision_v3,0552c7f4701ada91e31e916f992171b9418cb47d283a56e61f311581d66266cb
1995-12-11,0.5216533689342542,1,isotropic_constructed_macro_nats_full_precision_v3,0552c7f4701ada91e31e916f992171b9418cb47d283a56e61f311581d66266cb
1995-12-13,0.5240095434524709,1,isotropic_constructed_macro_nats_full_precision_v3,0552c7f4701ada91e31e916f992171b9418cb47d283a56e61f311581d66266cb
1995-12-15,0.5336396179152152,1,isotropic_constructed_macro_nats_full_precision_v3,0552c7f4701ada91e31e916f992171b9418cb47d283a56e61f311581d66266cb
1995-12-19,0.5207950094843448,1,isotropic_constructed_macro_nats_full_precision_v3,0552c7f4701ada91e31e916f992171b9418cb47d283a56e61f311581d66266cb
1995-12-21,0.5218200428921916,1,isotropic_constructed_macro_nats_full_precision_v3,0552c7f4701ada91e31e916f992171b9418cb47d283a56e61f311581d66266cb
1995-12-26,0.5161585583228054,1,isotropic_constructed_macro_nats_full_precision_v3,0552c7f4701ada91e31e916f992171b9418cb47d283a56e61f311581d66266cb
1995-12-28,0.5130060882152454,1,isotropic_constructed_macro_nats_full_precision_v3,0552c7f4701ada91e31e916f992171b9418cb47d283a56e61f311581d66266cb
1996-01-02,0.5050354277973808,1,isotropic_constructed_macro_nats_full_precision_v3,0552c7f4701ada91e31e916f992171b9418cb47d283a56e61f311581d66266cb
1996-01-04,0.5000460087769956,1,isotropic_constructed_macro_nats_full_precision_v3,0552c7f4701ada91e31e916f992171b9418cb47d283a56e61f311581d66266cb
1996-01-08,0.4980314234228917,1,isotropic_constructed_macro_nats_full_precision_v3,0552c7f4701ada91e31e916f992171b9418cb47d283a56e61f311581d66266cb
1996-01-10,0.5058218880620103,1,isotropic_constructed_macro_nats_full_precision_v3,0552c7f4701ada91e31e916f992171b9418cb47d283a56e61f311581d66266cb
1996-01-12,0.5030093220165481,1,isotropic_constructed_macro_nats_full_precision_v3,0552c7f4701ada91e31e916f992171b9418cb47d283a56e61f311581d66266cb
1996-01-16,0.4881573154489583,1,isotropic_constructed_macro_nats_full_precision_v3,0552c7f4701ada91e31e916f992171b9418cb47d283a56e61f311581d66266cb
1996-01-18,0.4878758852489253,1,isotropic_constructed_macro_nats_full_precision_v3,0552c7f4701ada91e31e916f992171b9418cb47d283a56e61f311581d66266cb
1996-01-22,0.4933783019435483,1,isotropic_constructed_macro_nats_full_precision_v3,0552c7f4701ada91e31e916f992171b9418cb47d283a56e61f311581d66266cb
1996-01-24,0.4899288629294865,1,isotropic_constructed_macro_nats_full_precision_v3,0552c7f4701ada91e31e916f992171b9418cb47d283a56e61f311581d66266cb
1996-01-26,0.48905370209005233,1,isotropic_constructed_macro_nats_full_precision_v3,0552c7f4701ada91e31e916f992171b9418cb47d283a56e61f311581d66266cb
1996-01-30,0.4855066122333342,1,isotropic_constructed_macro_nats_full_precision_v3,0552c7f4701ada91e31e916f992171b9418cb47d283a56e61f311581d66266cb
1996-02-01,0.48933113808736867,1,isotropic_constructed_macro_nats_full_precision_v3,0552c7f4701ada91e31e916f992171b9418cb47d283a56e61f311581d66266cb
1996-02-05,0.4909084960190236,1,isotropic_constructed_macro_nats_full_precision_v3,0552c7f4701ada91e31e916f992171b9418cb47d283a56e61f311581d66266cb
1996-02-07,0.4874328214185699,1,isotropic_constructed_macro_nats_full_precision_v3,0552c7f4701ada91e31e916f992171b9418cb47d283a56e61f311581d66266cb
1996-02-09,0.47430417313003975,1,isotropic_constructed_macro_nats_full_precision_v3,0552c7f4701ada91e31e916f992171b9418cb47d283a56e61f311581d66266cb
1996-02-13,0.47170942980495156,1,isotropic_constructed_macro_nats_full_precision_v3,0552c7f4701ada91e31e916f992171b9418cb47d283a56e61f311581d66266cb
1996-02-15,0.4768664623758428,1,isotropic_constructed_macro_nats_full_precision_v3,0552c7f4701ada91e31e916f992171b9418cb47d283a56e61f311581d66266cb
1996-02-20,0.47617294305559266,1,isotropic_constructed_macro_nats_full_precision_v3,0552c7f4701ada91e31e916f992171b9418cb47d283a56e61f311581d66266cb
1996-02-22,0.4743765336220701,1,isotropic_constructed_macro_nats_full_precision_v3,0552c7f4701ada91e31e916f992171b9418cb47d283a56e61f311581d66266cb
1996-02-26,0.46257778239428626,1,isotropic_constructed_macro_nats_full_precision_v3,0552c7f4701ada91e31e916f992171b9418cb47d283a56e61f311581d66266cb
1996-02-28,0.4640790486652537,1,isotropic_constructed_macro_nats_full_precision_v3,0552c7f4701ada91e31e916f992171b9418cb47d283a56e61f311581d66266cb
1996-03-01,0.4790161662014778,1,isotropic_constructed_macro_nats_full_precision_v3,0552c7f4701ada91e31e916f992171b9418cb47d283a56e61f311581d66266cb
1996-03-05,0.4739845945253155,1,isotropic_constructed_macro_nats_full_precision_v3,0552c7f4701ada91e31e916f992171b9418cb47d283a56e61f311581d66266cb
1996-03-07,0.4675326403127544,1,isotropic_constructed_macro_nats_full_precision_v3,0552c7f4701ada91e31e916f992171b9418cb47d283a56e61f311581d66266cb
1996-03-11,0.4625795812748805,1,isotropic_constructed_macro_nats_full_precision_v3,0552c7f4701ada91e31e916f992171b9418cb47d283a56e61f311581d66266cb
1996-03-13,0.4592900899261163,1,isotropic_constructed_macro_nats_full_precision_v3,0552c7f4701ada91e31e916f992171b9418cb47d283a56e61f311581d66266cb
1996-03-15,0.4672360331638287,1,isotropic_constructed_macro_nats_full_precision_v3,0552c7f4701ada91e31e916f992171b9418cb47d283a56e61f311581d66266cb
1996-03-19,0.46968796138849844,1,isotropic_constructed_macro_nats_full_precision_v3,0552c7f4701ada91e31e916f992171b9418cb47d283a56e61f311581d66266cb
1996-03-21,0.47153130933222825,1,isotropic_constructed_macro_nats_full_precision_v3,0552c7f4701ada91e31e916f992171b9418cb47d283a56e61f311581d66266cb
1996-03-25,0.46725154818483056,1,isotropic_constructed_macro_nats_full_precision_v3,0552c7f4701ada91e31e916f992171b9418cb47d283a56e61f311581d66266cb
1996-03-27,0.4653175997593246,1,isotropic_constructed_macro_nats_full_precision_v3,0552c7f4701ada91e31e916f992171b9418cb47d283a56e61f311581d66266cb
1996-03-29,0.4511560418478911,1,isotropic_constructed_macro_nats_full_precision_v3,0552c7f4701ada91e31e916f992171b9418cb47d283a56e61f311581d66266cb
1996-04-02,0.44208227513636267,1,isotropic_constructed_macro_nats_full_precision_v3,0552c7f4701ada91e31e916f992171b9418cb47d283a56e61f311581d66266cb
1996-04-04,0.4395699522541301,1,isotropic_constructed_macro_nats_full_precision_v3,0552c7f4701ada91e31e916f992171b9418cb47d283a56e61f311581d66266cb
1996-04-09,0.44192734150590873,1,isotropic_constructed_macro_nats_full_precision_v3,0552c7f4701ada91e31e916f992171b9418cb47d283a56e61f311581d66266cb
1996-04-11,0.4481080803301464,1,isotropic_constructed_macro_nats_full_precision_v3,0552c7f4701ada91e31e916f992171b9418cb47d283a56e61f311581d66266cb
1996-04-15,0.47907401375176023,1,isotropic_constructed_macro_nats_full_precision_v3,0552c7f4701ada91e31e916f992171b9418cb47d283a56e61f311581d66266cb
1996-04-17,0.47685660551783815,1,isotropic_constructed_macro_nats_full_precision_v3,0552c7f4701ada91e31e916f992171b9418cb47d283a56e61f311581d66266cb
1996-04-19,0.47842756815514786,1,isotropic_constructed_macro_nats_full_precision_v3,0552c7f4701ada91e31e916f992171b9418cb47d283a56e61f311581d66266cb
1996-04-23,0.4855308595521117,1,isotropic_constructed_macro_nats_full_precision_v3,0552c7f4701ada91e31e916f992171b9418cb47d283a56e61f311581d66266cb
1996-04-25,0.47966879962879627,1,isotropic_constructed_macro_nats_full_precision_v3,0552c7f4701ada91e31e916f992171b9418cb47d283a56e61f311581d66266cb
1996-04-29,0.46192648360907346,1,isotropic_constructed_macro_nats_full_precision_v3,0552c7f4701ada91e31e916f992171b9418cb47d283a56e61f311581d66266cb
1996-05-01,0.4378236267678558,1,isotropic_constructed_macro_nats_full_precision_v3,0552c7f4701ada91e31e916f992171b9418cb47d283a56e61f311581d66266cb
1996-05-03,0.4407580545675339,1,isotropic_constructed_macro_nats_full_precision_v3,0552c7f4701ada91e31e916f992171b9418cb47d283a56e61f311581d66266cb
1996-05-07,0.4419529622763909,1,isotropic_constructed_macro_nats_full_precision_v3,0552c7f4701ada91e31e916f992171b9418cb47d283a56e61f311581d66266cb
1996-05-09,0.4412932243850576,1,isotropic_constructed_macro_nats_full_precision_v3,0552c7f4701ada91e31e916f992171b9418cb47d283a56e61f311581d66266cb
1996-05-13,0.43833095436535285,1,isotropic_constructed_macro_nats_full_precision_v3,0552c7f4701ada91e31e916f992171b9418cb47d283a56e61f311581d66266cb
1996-05-15,0.4423955307221322,1,isotropic_constructed_macro_nats_full_precision_v3,0552c7f4701ada91e31e916f992171b9418cb47d283a56e61f311581d66266cb
1996-05-17,0.43371696631525564,1,isotropic_constructed_macro_nats_full_precision_v3,0552c7f4701ada91e31e916f992171b9418cb47d283a56e61f311581d66266cb
1996-05-21,0.4234798796671329,1,isotropic_constructed_macro_nats_full_precision_v3,0552c7f4701ada91e31e916f992171b9418cb47d283a56e61f311581d66266cb
1996-05-23,0.4207117733810068,2,isotropic_constructed_macro_nats_full_precision_v3,0552c7f4701ada91e31e916f992171b9418cb47d283a56e61f311581d66266cb
1996-05-28,0.42930040356450294,2,isotropic_constructed_macro_nats_full_precision_v3,0552c7f4701ada91e31e916f992171b9418cb47d283a56e61f311581d66266cb
1996-05-30,0.4265417984452256,2,isotropic_constructed_macro_nats_full_precision_v3,0552c7f4701ada91e31e916f992171b9418cb47d283a56e61f311581d66266cb
1996-06-03,0.4249991113943666,1,isotropic_constructed_macro_nats_full_precision_v3,0552c7f4701ada91e31e916f992171b9418cb47d283a56e61f311581d66266cb
1996-06-05,0.4318397772575543,2,isotropic_constructed_macro_nats_full_precision_v3,0552c7f4701ada91e31e916f992171b9418cb47d283a56e61f311581d66266cb
1996-06-07,0.4430940819969535,1,isotropic_constructed_macro_nats_full_precision_v3,0552c7f4701ada91e31e916f992171b9418cb47d283a56e61f311581d66266cb
1996-06-11,0.44362376231576117,2,isotropic_constructed_macro_nats_full_precision_v3,0552c7f4701ada91e31e916f992171b9418cb47d283a56e61f311581d66266cb
1996-06-13,0.443589483064606,2,isotropic_constructed_macro_nats_full_precision_v3,0552c7f4701ada91e31e916f992171b9418cb47d283a56e61f311581d66266cb
1996-06-17,0.44807760173379285,1,isotropic_constructed_macro_nats_full_precision_v3,0552c7f4701ada91e31e916f992171b9418cb47d283a56e61f311581d66266cb
1996-06-19,0.44346196382106917,1,isotropic_constructed_macro_nats_full_precision_v3,0552c7f4701ada91e31e916f992171b9418cb47d283a56e61f311581d66266cb
1996-06-21,0.4259075693910938,2,isotropic_constructed_macro_nats_full_precision_v3,0552c7f4701ada91e31e916f992171b9418cb47d283a56e61f311581d66266cb
1996-06-25,0.428390443872456,1,isotropic_constructed_macro_nats_full_precision_v3,0552c7f4701ada91e31e916f992171b9418cb47d283a56e61f311581d66266cb
1996-06-27,0.43270887430555655,1,isotropic_constructed_macro_nats_full_precision_v3,0552c7f4701ada91e31e916f992171b9418cb47d283a56e61f311581d66266cb
1996-07-01,0.4213867147650672,1,isotropic_constructed_macro_nats_full_precision_v3,0552c7f4701ada91e31e916f992171b9418cb47d283a56e61f311581d66266cb
1996-07-03,0.41959530085032376,1,isotropic_constructed_macro_nats_full_precision_v3,0552c7f4701ada91e31e916f992171b9418cb47d283a56e61f311581d66266cb
1996-07-08,0.40309269758119665,1,isotropic_constructed_macro_nats_full_precision_v3,0552c7f4701ada91e31e916f992171b9418cb47d283a56e61f311581d66266cb
1996-07-10,0.40949977265245635,1,isotropic_constructed_macro_nats_full_precision_v3,0552c7f4701ada91e31e916f992171b9418cb47d283a56e61f311581d66266cb
1996-07-12,0.4202199335434084,1,isotropic_constructed_macro_nats_full_precision_v3,0552c7f4701ada91e31e916f992171b9418cb47d283a56e61f311581d66266cb
1996-07-16,0.43208119750410484,1,isotropic_constructed_macro_nats_full_precision_v3,0552c7f4701ada91e31e916f992171b9418cb47d283a56e61f311581d66266cb
1996-07-18,0.4666996498238992,1,isotropic_constructed_macro_nats_full_precision_v3,0552c7f4701ada91e31e916f992171b9418cb47d283a56e61f311581d66266cb
1996-07-22,0.4629284908425883,1,isotropic_constructed_macro_nats_full_precision_v3,0552c7f4701ada91e31e916f992171b9418cb47d283a56e61f311581d66266cb
1996-07-24,0.46820800303683247,1,isotropic_constructed_macro_nats_full_precision_v3,0552c7f4701ada91e31e916f992171b9418cb47d283a56e61f311581d66266cb
1996-07-26,0.46777375225386747,1,isotropic_constructed_macro_nats_full_precision_v3,0552c7f4701ada91e31e916f992171b9418cb47d283a56e61f311581d66266cb
1996-07-30,0.4793944655618329,1,isotropic_constructed_macro_nats_full_precision_v3,0552c7f4701ada91e31e916f992171b9418cb47d283a56e61f311581d66266cb
1996-08-01,0.47214955956220517,1,isotropic_constructed_macro_nats_full_precision_v3,0552c7f4701ada91e31e916f992171b9418cb47d283a56e61f311581d66266cb
1996-08-05,0.47816180066278574,1,isotropic_constructed_macro_nats_full_precision_v3,0552c7f4701ada91e31e916f992171b9418cb47d283a56e61f311581d66266cb
1996-08-07,0.4891668703659615,1,isotropic_constructed_macro_nats_full_precision_v3,0552c7f4701ada91e31e916f992171b9418cb47d283a56e61f311581d66266cb
1996-08-09,0.4908203108769837,1,isotropic_constructed_macro_nats_full_precision_v3,0552c7f4701ada91e31e916f992171b9418cb47d283a56e61f311581d66266cb
1996-08-13,0.4851498161624974,1,isotropic_constructed_macro_nats_full_precision_v3,0552c7f4701ada91e31e916f992171b9418cb47d283a56e61f311581d66266cb
1996-08-15,0.4824665223447706,1,isotropic_constructed_macro_nats_full_precision_v3,0552c7f4701ada91e31e916f992171b9418cb47d283a56e61f311581d66266cb
1996-08-19,0.4858137675268015,1,isotropic_constructed_macro_nats_full_precision_v3,0552c7f4701ada91e31e916f992171b9418cb47d283a56e61f311581d66266cb
1996-08-21,0.4903259333946332,1,isotropic_constructed_macro_nats_full_precision_v3,0552c7f4701ada91e31e916f992171b9418cb47d283a56e61f311581d66266cb
1996-08-23,0.4885004157477344,1,isotropic_constructed_macro_nats_full_precision_v3,0552c7f4701ada91e31e916f992171b9418cb47d283a56e61f311581d66266cb
1996-08-27,0.4860369508273332,1,isotropic_constructed_macro_nats_full_precision_v3,0552c7f4701ada91e31e916f992171b9418cb47d283a56e61f311581d66266cb
1996-08-29,0.48566020768968193,1,isotropic_constructed_macro_nats_full_precision_v3,0552c7f4701ada91e31e916f992171b9418cb47d283a56e61f311581d66266cb
1996-09-03,0.4847386115813477,1,isotropic_constructed_macro_nats_full_precision_v3,0552c7f4701ada91e31e916f992171b9418cb47d283a56e61f311581d66266cb
1996-09-05,0.48410948140497895,1,isotropic_constructed_macro_nats_full_precision_v3,0552c7f4701ada91e31e916f992171b9418cb47d283a56e61f311581d66266cb
1996-09-09,0.4783522094819827,1,isotropic_constructed_macro_nats_full_precision_v3,0552c7f4701ada91e31e916f992171b9418cb47d283a56e61f311581d66266cb
1996-09-11,0.4742655142227848,1,isotropic_constructed_macro_nats_full_precision_v3,0552c7f4701ada91e31e916f992171b9418cb47d283a56e61f311581d66266cb
1996-09-13,0.4745303379624539,1,isotropic_constructed_macro_nats_full_precision_v3,0552c7f4701ada91e31e916f992171b9418cb47d283a56e61f311581d66266cb
1996-09-17,0.4625724814337849,1,isotropic_constructed_macro_nats_full_precision_v3,0552c7f4701ada91e31e916f992171b9418cb47d283a56e61f311581d66266cb
1996-09-19,0.4626452519566564,1,isotropic_constructed_macro_nats_full_precision_v3,0552c7f4701ada91e31e916f992171b9418cb47d283a56e61f311581d66266cb
1996-09-23,0.4660802434887956,1,isotropic_constructed_macro_nats_full_precision_v3,0552c7f4701ada91e31e916f992171b9418cb47d283a56e61f311581d66266cb
1996-09-25,0.4744236218460631,1,isotropic_constructed_macro_nats_full_precision_v3,0552c7f4701ada91e31e916f992171b9418cb47d283a56e61f311581d66266cb
1996-09-27,0.4758209004847996,1,isotropic_constructed_macro_nats_full_precision_v3,0552c7f4701ada91e31e916f992171b9418cb47d283a56e61f311581d66266cb
1996-10-01,0.47677848297922565,1,isotropic_constructed_macro_nats_full_precision_v3,0552c7f4701ada91e31e916f992171b9418cb47d283a56e61f311581d66266cb
1996-10-03,0.45936719459323266,1,isotropic_constructed_macro_nats_full_precision_v3,0552c7f4701ada91e31e916f992171b9418cb47d283a56e61f311581d66266cb
1996-10-07,0.46143954146217564,1,isotropic_constructed_macro_nats_full_precision_v3,0552c7f4701ada91e31e916f992171b9418cb47d283a56e61f311581d66266cb
1996-10-09,0.45517191270273233,1,isotropic_constructed_macro_nats_full_precision_v3,0552c7f4701ada91e31e916f992171b9418cb47d283a56e61f311581d66266cb
1996-10-11,0.4505861678987032,1,isotropic_constructed_macro_nats_full_precision_v3,0552c7f4701ada91e31e916f992171b9418cb47d283a56e61f311581d66266cb
1996-10-15,0.46956435858081025,1,isotropic_constructed_macro_nats_full_precision_v3,0552c7f4701ada91e31e916f992171b9418cb47d283a56e61f311581d66266cb
1996-10-17,0.46973724323743715,1,isotropic_constructed_macro_nats_full_precision_v3,0552c7f4701ada91e31e916f992171b9418cb47d283a56e61f311581d66266cb
1996-10-21,0.46445322165424313,1,isotropic_constructed_macro_nats_full_precision_v3,0552c7f4701ada91e31e916f992171b9418cb47d283a56e61f311581d66266cb
1996-10-23,0.45999591747932433,1,isotropic_constructed_macro_nats_full_precision_v3,0552c7f4701ada91e31e916f992171b9418cb47d283a56e61f311581d66266cb
1996-10-25,0.431910727171448,1,isotropic_constructed_macro_nats_full_precision_v3,0552c7f4701ada91e31e916f992171b9418cb47d283a56e61f311581d66266cb
1996-10-29,0.4320045446731094,1,isotropic_constructed_macro_nats_full_precision_v3,0552c7f4701ada91e31e916f992171b9418cb47d283a56e61f311581d66266cb
1996-10-31,0.4285618040532776,1,isotropic_constructed_macro_nats_full_precision_v3,0552c7f4701ada91e31e916f992171b9418cb47d283a56e61f311581d66266cb
1996-11-04,0.4356545300392324,1,isotropic_constructed_macro_nats_full_precision_v3,0552c7f4701ada91e31e916f992171b9418cb47d283a56e61f311581d66266cb
1996-11-06,0.4461022136787588,1,isotropic_constructed_macro_nats_full_precision_v3,0552c7f4701ada91e31e916f992171b9418cb47d283a56e61f311581d66266cb
1996-11-08,0.44048815706993305,1,isotropic_constructed_macro_nats_full_precision_v3,0552c7f4701ada91e31e916f992171b9418cb47d283a56e61f311581d66266cb
1996-11-12,0.4454553812218481,1,isotropic_constructed_macro_nats_full_precision_v3,0552c7f4701ada91e31e916f992171b9418cb47d283a56e61f311581d66266cb
1996-11-14,0.4541784051072096,1,isotropic_constructed_macro_nats_full_precision_v3,0552c7f4701ada91e31e916f992171b9418cb47d283a56e61f311581d66266cb
1996-11-18,0.43208828349486084,1,isotropic_constructed_macro_nats_full_precision_v3,0552c7f4701ada91e31e916f992171b9418cb47d283a56e61f311581d66266cb
1996-11-20,0.4309149144602276,1,isotropic_constructed_macro_nats_full_precision_v3,0552c7f4701ada91e31e916f992171b9418cb47d283a56e61f311581d66266cb
1996-11-22,0.39627813449586546,1,isotropic_constructed_macro_nats_full_precision_v3,0552c7f4701ada91e31e916f992171b9418cb47d283a56e61f311581d66266cb
1996-11-26,0.39852821550888,1,isotropic_constructed_macro_nats_full_precision_v3,0552c7f4701ada91e31e916f992171b9418cb47d283a56e61f311581d66266cb
1996-11-29,0.40520088934568277,1,isotropic_constructed_macro_nats_full_precision_v3,0552c7f4701ada91e31e916f992171b9418cb47d283a56e61f311581d66266cb
1996-12-03,0.40538363193513693,1,isotropic_constructed_macro_nats_full_precision_v3,0552c7f4701ada91e31e916f992171b9418cb47d283a56e61f311581d66266cb
1996-12-05,0.3939662065273992,1,isotropic_constructed_macro_nats_full_precision_v3,0552c7f4701ada91e31e916f992171b9418cb47d283a56e61f311581d66266cb
1996-12-09,0.4378525157388726,1,isotropic_constructed_macro_nats_full_precision_v3,0552c7f4701ada91e31e916f992171b9418cb47d283a56e61f311581d66266cb
1996-12-11,0.4428708903221127,1,isotropic_constructed_macro_nats_full_precision_v3,0552c7f4701ada91e31e916f992171b9418cb47d283a56e61f311581d66266cb
1996-12-13,0.4357643561058137,1,isotropic_constructed_macro_nats_full_precision_v3,0552c7f4701ada91e31e916f992171b9418cb47d283a56e61f311581d66266cb
1996-12-17,0.4435636255109123,1,isotropic_constructed_macro_nats_full_precision_v3,0552c7f4701ada91e31e916f992171b9418cb47d283a56e61f311581d66266cb
1996-12-19,0.4468114474924726,1,isotropic_constructed_macro_nats_full_precision_v3,0552c7f4701ada91e31e916f992171b9418cb47d283a56e61f311581d66266cb
1996-12-23,0.4491614537688276,1,isotropic_constructed_macro_nats_full_precision_v3,0552c7f4701ada91e31e916f992171b9418cb47d283a56e61f311581d66266cb
1996-12-26,0.4625015001611175,1,isotropic_constructed_macro_nats_full_precision_v3,0552c7f4701ada91e31e916f992171b9418cb47d283a56e61f311581d66266cb
1996-12-30,0.4675321330686616,1,isotropic_constructed_macro_nats_full_precision_v3,0552c7f4701ada91e31e916f992171b9418cb47d283a56e61f311581d66266cb
1997-01-02,0.4599532395915798,1,isotropic_constructed_macro_nats_full_precision_v3,0552c7f4701ada91e31e916f992171b9418cb47d283a56e61f311581d66266cb
1997-01-06,0.4771765601295091,1,isotropic_constructed_macro_nats_full_precision_v3,0552c7f4701ada91e31e916f992171b9418cb47d283a56e61f311581d66266cb
1997-01-08,0.4823490898282519,1,isotropic_constructed_macro_nats_full_precision_v3,0552c7f4701ada91e31e916f992171b9418cb47d283a56e61f311581d66266cb
1997-01-10,0.4805382725290376,1,isotropic_constructed_macro_nats_full_precision_v3,0552c7f4701ada91e31e916f992171b9418cb47d283a56e61f311581d66266cb
1997-01-14,0.47434584452243383,1,isotropic_constructed_macro_nats_full_precision_v3,0552c7f4701ada91e31e916f992171b9418cb47d283a56e61f311581d66266cb
1997-01-16,0.47559854373196375,1,isotropic_constructed_macro_nats_full_precision_v3,0552c7f4701ada91e31e916f992171b9418cb47d283a56e61f311581d66266cb
1997-01-20,0.4716136597190844,1,isotropic_constructed_macro_nats_full_precision_v3,0552c7f4701ada91e31e916f992171b9418cb47d283a56e61f311581d66266cb
1997-01-22,0.4631892573934221,1,isotropic_constructed_macro_nats_full_precision_v3,0552c7f4701ada91e31e916f992171b9418cb47d283a56e61f311581d66266cb
1997-01-24,0.4654394551026543,1,isotropic_constructed_macro_nats_full_precision_v3,0552c7f4701ada91e31e916f992171b9418cb47d283a56e61f311581d66266cb
1997-01-28,0.4597422549414583,1,isotropic_constructed_macro_nats_full_precision_v3,0552c7f4701ada91e31e916f992171b9418cb47d283a56e61f311581d66266cb
1997-01-30,0.4590669904000483,1,isotropic_constructed_macro_nats_full_precision_v3,0552c7f4701ada91e31e916f992171b9418cb47d283a56e61f311581d66266cb
1997-02-03,0.45135265527808976,1,isotropic_constructed_macro_nats_full_precision_v3,0552c7f4701ada91e31e916f992171b9418cb47d283a56e61f311581d66266cb
1997-02-05,0.44120248503269655,1,isotropic_constructed_macro_nats_full_precision_v3,0552c7f4701ada91e31e916f992171b9418cb47d283a56e61f311581d66266cb
1997-02-07,0.44825240012168843,1,isotropic_constructed_macro_nats_full_precision_v3,0552c7f4701ada91e31e916f992171b9418cb47d283a56e61f311581d66266cb
1997-02-11,0.45201922823607427,1,isotropic_constructed_macro_nats_full_precision_v3,0552c7f4701ada91e31e916f992171b9418cb47d283a56e61f311581d66266cb
1997-02-13,0.4499600505507534,1,isotropic_constructed_macro_nats_full_precision_v3,0552c7f4701ada91e31e916f992171b9418cb47d283a56e61f311581d66266cb
1997-02-18,0.4146248251495834,1,isotropic_constructed_macro_nats_full_precision_v3,0552c7f4701ada91e31e916f992171b9418cb47d283a56e61f311581d66266cb
1997-02-20,0.4143950821328303,1,isotropic_constructed_macro_nats_full_precision_v3,0552c7f4701ada91e31e916f992171b9418cb47d283a56e61f311581d66266cb
1997-02-24,0.4109674848572662,1,isotropic_constructed_macro_nats_full_precision_v3,0552c7f4701ada91e31e916f992171b9418cb47d283a56e61f311581d66266cb
1997-02-26,0.4118579919075299,1,isotropic_constructed_macro_nats_full_precision_v3,0552c7f4701ada91e31e916f992171b9418cb47d283a56e61f311581d66266cb
1997-02-28,0.40339788219995365,1,isotropic_constructed_macro_nats_full_precision_v3,0552c7f4701ada91e31e916f992171b9418cb47d283a56e61f311581d66266cb
1997-03-04,0.3974798540664821,1,isotropic_constructed_macro_nats_full_precision_v3,0552c7f4701ada91e31e916f992171b9418cb47d283a56e61f311581d66266cb
1997-03-06,0.40894984980564075,1,isotropic_constructed_macro_nats_full_precision_v3,0552c7f4701ada91e31e916f992171b9418cb47d283a56e61f311581d66266cb
1997-03-10,0.40359105601101786,1,isotropic_constructed_macro_nats_full_precision_v3,0552c7f4701ada91e31e916f992171b9418cb47d283a56e61f311581d66266cb
1997-03-12,0.4050966462475769,1,isotropic_constructed_macro_nats_full_precision_v3,0552c7f4701ada91e31e916f992171b9418cb47d283a56e61f311581d66266cb
1997-03-14,0.4043281364545229,1,isotropic_constructed_macro_nats_full_precision_v3,0552c7f4701ada91e31e916f992171b9418cb47d283a56e61f311581d66266cb
1997-03-18,0.4046719942758184,1,isotropic_constructed_macro_nats_full_precision_v3,0552c7f4701ada91e31e916f992171b9418cb47d283a56e61f311581d66266cb
1997-03-20,0.40954009814041425,1,isotropic_constructed_macro_nats_full_precision_v3,0552c7f4701ada91e31e916f992171b9418cb47d283a56e61f311581d66266cb
1997-03-24,0.40178235229829645,1,isotropic_constructed_macro_nats_full_precision_v3,0552c7f4701ada91e31e916f992171b9418cb47d283a56e61f311581d66266cb
1997-03-26,0.39778108418988767,1,isotropic_constructed_macro_nats_full_precision_v3,0552c7f4701ada91e31e916f992171b9418cb47d283a56e61f311581d66266cb
1997-03-31,0.40711481093727636,1,isotropic_constructed_macro_nats_full_precision_v3,0552c7f4701ada91e31e916f992171b9418cb47d283a56e61f311581d66266cb
1997-04-02,0.41561220859863657,1,isotropic_constructed_macro_nats_full_precision_v3,0552c7f4701ada91e31e916f992171b9418cb47d283a56e61f311581d66266cb
1997-04-04,0.41318201177934877,1,isotropic_constructed_macro_nats_full_precision_v3,0552c7f4701ada91e31e916f992171b9418cb47d283a56e61f311581d66266cb
1997-04-08,0.4130428793420472,1,isotropic_constructed_macro_nats_full_precision_v3,0552c7f4701ada91e31e916f992171b9418cb47d283a56e61f311581d66266cb
1997-04-10,0.41708836927291715,1,isotropic_constructed_macro_nats_full_precision_v3,0552c7f4701ada91e31e916f992171b9418cb47d283a56e61f311581d66266cb
1997-04-14,0.42615681210871,1,isotropic_constructed_macro_nats_full_precision_v3,0552c7f4701ada91e31e916f992171b9418cb47d283a56e61f311581d66266cb
1997-04-16,0.438174174138767,1,isotropic_constructed_macro_nats_full_precision_v3,0552c7f4701ada91e31e916f992171b9418cb47d283a56e61f311581d66266cb
1997-04-18,0.4368170174418277,1,isotropic_constructed_macro_nats_full_precision_v3,0552c7f4701ada91e31e916f992171b9418cb47d283a56e61f311581d66266cb
1997-04-22,0.43430736092693456,1,isotropic_constructed_macro_nats_full_precision_v3,0552c7f4701ada91e31e916f992171b9418cb47d283a56e61f311581d66266cb
1997-04-24,0.4398348872991975,1,isotropic_constructed_macro_nats_full_precision_v3,0552c7f4701ada91e31e916f992171b9418cb47d283a56e61f311581d66266cb
1997-04-28,0.4494240356794456,1,isotropic_constructed_macro_nats_full_precision_v3,0552c7f4701ada91e31e916f992171b9418cb47d283a56e61f311581d66266cb
1997-04-30,0.4529548029716005,1,isotropic_constructed_macro_nats_full_precision_v3,0552c7f4701ada91e31e916f992171b9418cb47d283a56e61f311581d66266cb
1997-05-02,0.46032859194745546,1,isotropic_constructed_macro_nats_full_precision_v3,0552c7f4701ada91e31e916f992171b9418cb47d283a56e61f311581d66266cb
1997-05-06,0.46331799727323586,1,isotropic_constructed_macro_nats_full_precision_v3,0552c7f4701ada91e31e916f992171b9418cb47d283a56e61f311581d66266cb
1997-05-08,0.45688265261078886,1,isotropic_constructed_macro_nats_full_precision_v3,0552c7f4701ada91e31e916f992171b9418cb47d283a56e61f311581d66266cb
1997-05-12,0.4698837868767892,1,isotropic_constructed_macro_nats_full_precision_v3,0552c7f4701ada91e31e916f992171b9418cb47d283a56e61f311581d66266cb
1997-05-14,0.4626291994881999,1,isotropic_constructed_macro_nats_full_precision_v3,0552c7f4701ada91e31e916f992171b9418cb47d283a56e61f311581d66266cb
1997-05-16,0.45094194798068704,1,isotropic_constructed_macro_nats_full_precision_v3,0552c7f4701ada91e31e916f992171b9418cb47d283a56e61f311581d66266cb
1997-05-20,0.4512656602039315,1,isotropic_constructed_macro_nats_full_precision_v3,0552c7f4701ada91e31e916f992171b9418cb47d283a56e61f311581d66266cb
1997-05-22,0.43767991366422626,1,isotropic_constructed_macro_nats_full_precision_v3,0552c7f4701ada91e31e916f992171b9418cb47d283a56e61f311581d66266cb
1997-05-27,0.45082083086440383,1,isotropic_constructed_macro_nats_full_precision_v3,0552c7f4701ada91e31e916f992171b9418cb47d283a56e61f311581d66266cb
1997-05-29,0.4429446913175256,1,isotropic_constructed_macro_nats_full_precision_v3,0552c7f4701ada91e31e916f992171b9418cb47d283a56e61f311581d66266cb
1997-06-02,0.452657223765337,1,isotropic_constructed_macro_nats_full_precision_v3,0552c7f4701ada91e31e916f992171b9418cb47d283a56e61f311581d66266cb
1997-06-04,0.4613598484638313,1,isotropic_constructed_macro_nats_full_precision_v3,0552c7f4701ada91e31e916f992171b9418cb47d283a56e61f311581d66266cb
1997-06-06,0.46244379348299147,1,isotropic_constructed_macro_nats_full_precision_v3,0552c7f4701ada91e31e916f992171b9418cb47d283a56e61f311581d66266cb
1997-06-10,0.46591110342597614,1,isotropic_constructed_macro_nats_full_precision_v3,0552c7f4701ada91e31e916f992171b9418cb47d283a56e61f311581d66266cb
1997-06-12,0.47357506077039024,1,isotropic_constructed_macro_nats_full_precision_v3,0552c7f4701ada91e31e916f992171b9418cb47d283a56e61f311581d66266cb
1997-06-16,0.4788556858494977,1,isotropic_constructed_macro_nats_full_precision_v3,0552c7f4701ada91e31e916f992171b9418cb47d283a56e61f311581d66266cb
1997-06-18,0.47903943325343334,1,isotropic_constructed_macro_nats_full_precision_v3,0552c7f4701ada91e31e916f992171b9418cb47d283a56e61f311581d66266cb
1997-06-20,0.4824229800535125,1,isotropic_constructed_macro_nats_full_precision_v3,0552c7f4701ada91e31e916f992171b9418cb47d283a56e61f311581d66266cb
1997-06-24,0.46669596434877253,1,isotropic_constructed_macro_nats_full_precision_v3,0552c7f4701ada91e31e916f992171b9418cb47d283a56e61f311581d66266cb
1997-06-26,0.463749407150764,1,isotropic_constructed_macro_nats_full_precision_v3,0552c7f4701ada91e31e916f992171b9418cb47d283a56e61f311581d66266cb
1997-06-30,0.48331311876810396,1,isotropic_constructed_macro_nats_full_precision_v3,0552c7f4701ada91e31e916f992171b9418cb47d283a56e61f311581d66266cb
1997-07-02,0.4806372869412715,1,isotropic_constructed_macro_nats_full_precision_v3,0552c7f4701ada91e31e916f992171b9418cb47d283a56e61f311581d66266cb
1997-07-07,0.48084728814687655,1,isotropic_constructed_macro_nats_full_precision_v3,0552c7f4701ada91e31e916f992171b9418cb47d283a56e61f311581d66266cb
1997-07-09,0.48120710500954517,1,isotropic_constructed_macro_nats_full_precision_v3,0552c7f4701ada91e31e916f992171b9418cb47d283a56e61f311581d66266cb
1997-07-11,0.47201191277081206,1,isotropic_constructed_macro_nats_full_precision_v3,0552c7f4701ada91e31e916f992171b9418cb47d283a56e61f311581d66266cb
1997-07-15,0.47693857573681153,1,isotropic_constructed_macro_nats_full_precision_v3,0552c7f4701ada91e31e916f992171b9418cb47d283a56e61f311581d66266cb
1997-07-17,0.48272606545079155,1,isotropic_constructed_macro_nats_full_precision_v3,0552c7f4701ada91e31e916f992171b9418cb47d283a56e61f311581d66266cb
1997-07-21,0.48951234130894966,1,isotropic_constructed_macro_nats_full_precision_v3,0552c7f4701ada91e31e916f992171b9418cb47d283a56e61f311581d66266cb
1997-07-23,0.4798973609278929,1,isotropic_constructed_macro_nats_full_precision_v3,0552c7f4701ada91e31e916f992171b9418cb47d283a56e61f311581d66266cb
1997-07-25,0.4851925091370168,1,isotropic_constructed_macro_nats_full_precision_v3,0552c7f4701ada91e31e916f992171b9418cb47d283a56e61f311581d66266cb
1997-07-29,0.48334481798861456,1,isotropic_constructed_macro_nats_full_precision_v3,0552c7f4701ada91e31e916f992171b9418cb47d283a56e61f311581d66266cb
1997-07-31,0.4697740507453634,1,isotropic_constructed_macro_nats_full_precision_v3,0552c7f4701ada91e31e916f992171b9418cb47d283a56e61f311581d66266cb
1997-08-04,0.474461846645421,1,isotropic_constructed_macro_nats_full_precision_v3,0552c7f4701ada91e31e916f992171b9418cb47d283a56e61f311581d66266cb
1997-08-06,0.4717230620172783,1,isotropic_constructed_macro_nats_full_precision_v3,0552c7f4701ada91e31e916f992171b9418cb47d283a56e61f311581d66266cb
1997-08-08,0.4782741640190092,1,isotropic_constructed_macro_nats_full_precision_v3,0552c7f4701ada91e31e916f992171b9418cb47d283a56e61f311581d66266cb
1997-08-12,0.4792770077890704,1,isotropic_constructed_macro_nats_full_precision_v3,0552c7f4701ada91e31e916f992171b9418cb47d283a56e61f311581d66266cb
1997-08-14,0.474233031003624,1,isotropic_constructed_macro_nats_full_precision_v3,0552c7f4701ada91e31e916f992171b9418cb47d283a56e61f311581d66266cb
1997-08-18,0.4743674323819124,1,isotropic_constructed_macro_nats_full_precision_v3,0552c7f4701ada91e31e916f992171b9418cb47d283a56e61f311581d66266cb
1997-08-20,0.4705247999722058,1,isotropic_constructed_macro_nats_full_precision_v3,0552c7f4701ada91e31e916f992171b9418cb47d283a56e61f311581d66266cb
1997-08-22,0.4633584480384717,1,isotropic_constructed_macro_nats_full_precision_v3,0552c7f4701ada91e31e916f992171b9418cb47d283a56e61f311581d66266cb
1997-08-26,0.4618608286709248,1,isotropic_constructed_macro_nats_full_precision_v3,0552c7f4701ada91e31e916f992171b9418cb47d283a56e61f311581d66266cb
1997-08-28,0.46200257781069404,1,isotropic_constructed_macro_nats_full_precision_v3,0552c7f4701ada91e31e916f992171b9418cb47d283a56e61f311581d66266cb
1997-09-02,0.462697311218018,1,isotropic_constructed_macro_nats_full_precision_v3,0552c7f4701ada91e31e916f992171b9418cb47d283a56e61f311581d66266cb
1997-09-04,0.4830162245874863,1,isotropic_constructed_macro_nats_full_precision_v3,0552c7f4701ada91e31e916f992171b9418cb47d283a56e61f311581d66266cb
1997-09-08,0.48573599119053495,1,isotropic_constructed_macro_nats_full_precision_v3,0552c7f4701ada91e31e916f992171b9418cb47d283a56e61f311581d66266cb
1997-09-10,0.4848613600974375,1,isotropic_constructed_macro_nats_full_precision_v3,0552c7f4701ada91e31e916f992171b9418cb47d283a56e61f311581d66266cb
1997-09-12,0.48757232133702677,1,isotropic_constructed_macro_nats_full_precision_v3,0552c7f4701ada91e31e916f992171b9418cb47d283a56e61f311581d66266cb
1997-09-16,0.48106028960042824,1,isotropic_constructed_macro_nats_full_precision_v3,0552c7f4701ada91e31e916f992171b9418cb47d283a56e61f311581d66266cb
1997-09-18,0.47520677283580437,1,isotropic_constructed_macro_nats_full_precision_v3,0552c7f4701ada91e31e916f992171b9418cb47d283a56e61f311581d66266cb
1997-09-22,0.4688677235302162,1,isotropic_constructed_macro_nats_full_precision_v3,0552c7f4701ada91e31e916f992171b9418cb47d283a56e61f311581d66266cb
1997-09-24,0.46730941486098115,1,isotropic_constructed_macro_nats_full_precision_v3,0552c7f4701ada91e31e916f992171b9418cb47d283a56e61f311581d66266cb
1997-09-26,0.4637845667362104,1,isotropic_constructed_macro_nats_full_precision_v3,0552c7f4701ada91e31e916f992171b9418cb47d283a56e61f311581d66266cb
1997-09-30,0.47156228910989734,1,isotropic_constructed_macro_nats_full_precision_v3,0552c7f4701ada91e31e916f992171b9418cb47d283a56e61f311581d66266cb
1997-10-02,0.46565010349623404,1,isotropic_constructed_macro_nats_full_precision_v3,0552c7f4701ada91e31e916f992171b9418cb47d283a56e61f311581d66266cb
1997-10-06,0.45965137448241294,1,isotropic_constructed_macro_nats_full_precision_v3,0552c7f4701ada91e31e916f992171b9418cb47d283a56e61f311581d66266cb
1997-10-08,0.45333683445615486,1,isotropic_constructed_macro_nats_full_precision_v3,0552c7f4701ada91e31e916f992171b9418cb47d283a56e61f311581d66266cb
1997-10-10,0.4549185511291621,1,isotropic_constructed_macro_nats_full_precision_v3,0552c7f4701ada91e31e916f992171b9418cb47d283a56e61f311581d66266cb
1997-10-14,0.45896120010540525,1,isotropic_constructed_macro_nats_full_precision_v3,0552c7f4701ada91e31e916f992171b9418cb47d283a56e61f311581d66266cb
1997-10-16,0.4469516758970906,1,isotropic_constructed_macro_nats_full_precision_v3,0552c7f4701ada91e31e916f992171b9418cb47d283a56e61f311581d66266cb
1997-10-20,0.4686400627643074,1,isotropic_constructed_macro_nats_full_precision_v3,0552c7f4701ada91e31e916f992171b9418cb47d283a56e61f311581d66266cb
1997-10-22,0.46574632847549285,1,isotropic_constructed_macro_nats_full_precision_v3,0552c7f4701ada91e31e916f992171b9418cb47d283a56e61f311581d66266cb
1997-10-24,0.4780242258785545,1,isotropic_constructed_macro_nats_full_precision_v3,0552c7f4701ada91e31e916f992171b9418cb47d283a56e61f311581d66266cb
1997-10-28,0.48594188441865993,1,isotropic_constructed_macro_nats_full_precision_v3,0552c7f4701ada91e31e916f992171b9418cb47d283a56e61f311581d66266cb
1997-10-30,0.48688530711581796,1,isotropic_constructed_macro_nats_full_precision_v3,0552c7f4701ada91e31e916f992171b9418cb47d283a56e61f311581d66266cb
1997-11-03,0.46755519874158685,1,isotropic_constructed_macro_nats_full_precision_v3,0552c7f4701ada91e31e916f992171b9418cb47d283a56e61f311581d66266cb
1997-11-05,0.47078332574048515,1,isotropic_constructed_macro_nats_full_precision_v3,0552c7f4701ada91e31e916f992171b9418cb47d283a56e61f311581d66266cb
1997-11-07,0.4811129986611792,1,isotropic_constructed_macro_nats_full_precision_v3,0552c7f4701ada91e31e916f992171b9418cb47d283a56e61f311581d66266cb
1997-11-11,0.4722631929340193,1,isotropic_constructed_macro_nats_full_precision_v3,0552c7f4701ada91e31e916f992171b9418cb47d283a56e61f311581d66266cb
1997-11-13,0.49092523737212534,1,isotropic_constructed_macro_nats_full_precision_v3,0552c7f4701ada91e31e916f992171b9418cb47d283a56e61f311581d66266cb
1997-11-17,0.47417891496121395,1,isotropic_constructed_macro_nats_full_precision_v3,0552c7f4701ada91e31e916f992171b9418cb47d283a56e61f311581d66266cb
1997-11-19,0.4680448199410579,1,isotropic_constructed_macro_nats_full_precision_v3,0552c7f4701ada91e31e916f992171b9418cb47d283a56e61f311581d66266cb
1997-11-21,0.4734284919748428,1,isotropic_constructed_macro_nats_full_precision_v3,0552c7f4701ada91e31e916f992171b9418cb47d283a56e61f311581d66266cb
1997-11-25,0.4873996824690314,1,isotropic_constructed_macro_nats_full_precision_v3,0552c7f4701ada91e31e916f992171b9418cb47d283a56e61f311581d66266cb
1997-11-28,0.48712252263907285,1,isotropic_constructed_macro_nats_full_precision_v3,0552c7f4701ada91e31e916f992171b9418cb47d283a56e61f311581d66266cb
1997-12-02,0.4868594318504209,1,isotropic_constructed_macro_nats_full_precision_v3,0552c7f4701ada91e31e916f992171b9418cb47d283a56e61f311581d66266cb
1997-12-04,0.5228482558708526,1,isotropic_constructed_macro_nats_full_precision_v3,0552c7f4701ada91e31e916f992171b9418cb47d283a56e61f311581d66266cb
1997-12-08,0.5124099584001109,1,isotropic_constructed_macro_nats_full_precision_v3,0552c7f4701ada91e31e916f992171b9418cb47d283a56e61f311581d66266cb
1997-12-10,0.5209026861296097,1,isotropic_constructed_macro_nats_full_precision_v3,0552c7f4701ada91e31e916f992171b9418cb47d283a56e61f311581d66266cb
1997-12-12,0.5138394298159792,1,isotropic_constructed_macro_nats_full_precision_v3,0552c7f4701ada91e31e916f992171b9418cb47d283a56e61f311581d66266cb
1997-12-16,0.5129997128031151,1,isotropic_constructed_macro_nats_full_precision_v3,0552c7f4701ada91e31e916f992171b9418cb47d283a56e61f311581d66266cb
1997-12-18,0.5259141562210383,1,isotropic_constructed_macro_nats_full_precision_v3,0552c7f4701ada91e31e916f992171b9418cb47d283a56e61f311581d66266cb
1997-12-22,0.534778353816256,1,isotropic_constructed_macro_nats_full_precision_v3,0552c7f4701ada91e31e916f992171b9418cb47d283a56e61f311581d66266cb
1997-12-24,0.5614310199892066,1,isotropic_constructed_macro_nats_full_precision_v3,0552c7f4701ada91e31e916f992171b9418cb47d283a56e61f311581d66266cb
1997-12-29,0.558949820312914,1,isotropic_constructed_macro_nats_full_precision_v3,0552c7f4701ada91e31e916f992171b9418cb47d283a56e61f311581d66266cb
1997-12-31,0.5561121068797341,1,isotropic_constructed_macro_nats_full_precision_v3,0552c7f4701ada91e31e916f992171b9418cb47d283a56e61f311581d66266cb
1998-01-05,0.539041116052238,1,isotropic_constructed_macro_nats_full_precision_v3,0552c7f4701ada91e31e916f992171b9418cb47d283a56e61f311581d66266cb
1998-01-07,0.5354696866521828,1,isotropic_constructed_macro_nats_full_precision_v3,0552c7f4701ada91e31e916f992171b9418cb47d283a56e61f311581d66266cb
1998-01-09,0.5293356825434661,1,isotropic_constructed_macro_nats_full_precision_v3,0552c7f4701ada91e31e916f992171b9418cb47d283a56e61f311581d66266cb
1998-01-13,0.5313130346286628,1,isotropic_constructed_macro_nats_full_precision_v3,0552c7f4701ada91e31e916f992171b9418cb47d283a56e61f311581d66266cb
1998-01-15,0.5352036211910096,1,isotropic_constructed_macro_nats_full_precision_v3,0552c7f4701ada91e31e916f992171b9418cb47d283a56e61f311581d66266cb
1998-01-20,0.5499398887095713,1,isotropic_constructed_macro_nats_full_precision_v3,0552c7f4701ada91e31e916f992171b9418cb47d283a56e61f311581d66266cb
1998-01-22,0.5504972043358809,1,isotropic_constructed_macro_nats_full_precision_v3,0552c7f4701ada91e31e916f992171b9418cb47d283a56e61f311581d66266cb
1998-01-26,0.5633052936437075,1,isotropic_constructed_macro_nats_full_precision_v3,0552c7f4701ada91e31e916f992171b9418cb47d283a56e61f311581d66266cb
1998-01-28,0.5554251695930936,1,isotropic_constructed_macro_nats_full_precision_v3,0552c7f4701ada91e31e916f992171b9418cb47d283a56e61f311581d66266cb
1998-01-30,0.5542373449009421,1,isotropic_constructed_macro_nats_full_precision_v3,0552c7f4701ada91e31e916f992171b9418cb47d283a56e61f311581d66266cb
1998-02-03,0.5681008042883613,1,isotropic_constructed_macro_nats_full_precision_v3,0552c7f4701ada91e31e916f992171b9418cb47d283a56e61f311581d66266cb
1998-02-05,0.5651085631700282,1,isotropic_constructed_macro_nats_full_precision_v3,0552c7f4701ada91e31e916f992171b9418cb47d283a56e61f311581d66266cb
1998-02-09,0.5577115935088186,1,isotropic_constructed_macro_nats_full_precision_v3,0552c7f4701ada91e31e916f992171b9418cb47d283a56e61f311581d66266cb
1998-02-11,0.5461906015918843,1,isotropic_constructed_macro_nats_full_precision_v3,0552c7f4701ada91e31e916f992171b9418cb47d283a56e61f311581d66266cb
1998-02-13,0.5580572729348423,1,isotropic_constructed_macro_nats_full_precision_v3,0552c7f4701ada91e31e916f992171b9418cb47d283a56e61f311581d66266cb
1998-02-18,0.5589002945973629,1,isotropic_constructed_macro_nats_full_precision_v3,0552c7f4701ada91e31e916f992171b9418cb47d283a56e61f311581d66266cb
1998-02-20,0.5592307195632281,1,isotropic_constructed_macro_nats_full_precision_v3,0552c7f4701ada91e31e916f992171b9418cb47d283a56e61f311581d66266cb
1998-02-24,0.5319119439472627,1,isotropic_constructed_macro_nats_full_precision_v3,0552c7f4701ada91e31e916f992171b9418cb47d283a56e61f311581d66266cb
1998-02-26,0.5296580854825925,1,isotropic_constructed_macro_nats_full_precision_v3,0552c7f4701ada91e31e916f992171b9418cb47d283a56e61f311581d66266cb
1998-03-02,0.5305853652141657,1,isotropic_constructed_macro_nats_full_precision_v3,0552c7f4701ada91e31e916f992171b9418cb47d283a56e61f311581d66266cb
1998-03-04,0.5011496933277166,1,isotropic_constructed_macro_nats_full_precision_v3,0552c7f4701ada91e31e916f992171b9418cb47d283a56e61f311581d66266cb
1998-03-06,0.5001076097538202,1,isotropic_constructed_macro_nats_full_precision_v3,0552c7f4701ada91e31e916f992171b9418cb47d283a56e61f311581d66266cb
1998-03-10,0.5021175870416901,1,isotropic_constructed_macro_nats_full_precision_v3,0552c7f4701ada91e31e916f992171b9418cb47d283a56e61f311581d66266cb
1998-03-12,0.5052051822451198,1,isotropic_constructed_macro_nats_full_precision_v3,0552c7f4701ada91e31e916f992171b9418cb47d283a56e61f311581d66266cb
1998-03-16,0.4999229205187644,1,isotropic_constructed_macro_nats_full_precision_v3,0552c7f4701ada91e31e916f992171b9418cb47d283a56e61f311581d66266cb
1998-03-18,0.5138622783272089,1,isotropic_constructed_macro_nats_full_precision_v3,0552c7f4701ada91e31e916f992171b9418cb47d283a56e61f311581d66266cb
1998-03-20,0.5226687828644636,1,isotropic_constructed_macro_nats_full_precision_v3,0552c7f4701ada91e31e916f992171b9418cb47d283a56e61f311581d66266cb
1998-03-24,0.5343497780344737,1,isotropic_constructed_macro_nats_full_precision_v3,0552c7f4701ada91e31e916f992171b9418cb47d283a56e61f311581d66266cb
1998-03-26,0.534851093550986,1,isotropic_constructed_macro_nats_full_precision_v3,0552c7f4701ada91e31e916f992171b9418cb47d283a56e61f311581d66266cb
1998-03-30,0.5341167202708779,1,isotropic_constructed_macro_nats_full_precision_v3,0552c7f4701ada91e31e916f992171b9418cb47d283a56e61f311581d66266cb
1998-04-01,0.5112282374271027,1,isotropic_constructed_macro_nats_full_precision_v3,0552c7f4701ada91e31e916f992171b9418cb47d283a56e61f311581d66266cb
1998-04-03,0.5033268373058879,1,isotropic_constructed_macro_nats_full_precision_v3,0552c7f4701ada91e31e916f992171b9418cb47d283a56e61f311581d66266cb
1998-04-07,0.505562815207089,1,isotropic_constructed_macro_nats_full_precision_v3,0552c7f4701ada91e31e916f992171b9418cb47d283a56e61f311581d66266cb
1998-04-09,0.5092627880132944,1,isotropic_constructed_macro_nats_full_precision_v3,0552c7f4701ada91e31e916f992171b9418cb47d283a56e61f311581d66266cb
1998-04-14,0.5269157257951509,1,isotropic_constructed_macro_nats_full_precision_v3,0552c7f4701ada91e31e916f992171b9418cb47d283a56e61f311581d66266cb
1998-04-16,0.5209078319196255,1,isotropic_constructed_macro_nats_full_precision_v3,0552c7f4701ada91e31e916f992171b9418cb47d283a56e61f311581d66266cb
1998-04-20,0.5132917019160059,1,isotropic_constructed_macro_nats_full_precision_v3,0552c7f4701ada91e31e916f992171b9418cb47d283a56e61f311581d66266cb
1998-04-22,0.4966860222790424,1,isotropic_constructed_macro_nats_full_precision_v3,0552c7f4701ada91e31e916f992171b9418cb47d283a56e61f311581d66266cb
1998-04-24,0.4856244735864411,1,isotropic_constructed_macro_nats_full_precision_v3,0552c7f4701ada91e31e916f992171b9418cb47d283a56e61f311581d66266cb
1998-04-28,0.507839041391343,1,isotropic_constructed_macro_nats_full_precision_v3,0552c7f4701ada91e31e916f992171b9418cb47d283a56e61f311581d66266cb
1998-04-30,0.5170872196563946,1,isotropic_constructed_macro_nats_full_precision_v3,0552c7f4701ada91e31e916f992171b9418cb47d283a56e61f311581d66266cb
1998-05-04,0.5053222864088902,1,isotropic_constructed_macro_nats_full_precision_v3,0552c7f4701ada91e31e916f992171b9418cb47d283a56e61f311581d66266cb
1998-05-06,0.5017505454052182,1,isotropic_constructed_macro_nats_full_precision_v3,0552c7f4701ada91e31e916f992171b9418cb47d283a56e61f311581d66266cb
1998-05-08,0.4981921022399638,1,isotropic_constructed_macro_nats_full_precision_v3,0552c7f4701ada91e31e916f992171b9418cb47d283a56e61f311581d66266cb
1998-05-12,0.4995648950279957,1,isotropic_constructed_macro_nats_full_precision_v3,0552c7f4701ada91e31e916f992171b9418cb47d283a56e61f311581d66266cb
1998-05-14,0.503899881486222,1,isotropic_constructed_macro_nats_full_precision_v3,0552c7f4701ada91e31e916f992171b9418cb47d283a56e61f311581d66266cb
1998-05-18,0.533457861653341,1,isotropic_constructed_macro_nats_full_precision_v3,0552c7f4701ada91e31e916f992171b9418cb47d283a56e61f311581d66266cb
1998-05-20,0.522661915809949,1,isotropic_constructed_macro_nats_full_precision_v3,0552c7f4701ada91e31e916f992171b9418cb47d283a56e61f311581d66266cb
1998-05-22,0.5255267154156174,1,isotropic_constructed_macro_nats_full_precision_v3,0552c7f4701ada91e31e916f992171b9418cb47d283a56e61f311581d66266cb
1998-05-27,0.5114788513454569,1,isotropic_constructed_macro_nats_full_precision_v3,0552c7f4701ada91e31e916f992171b9418cb47d283a56e61f311581d66266cb
1998-05-29,0.5199584700185289,1,isotropic_constructed_macro_nats_full_precision_v3,0552c7f4701ada91e31e916f992171b9418cb47d283a56e61f311581d66266cb
1998-06-02,0.5117186164084991,1,isotropic_constructed_macro_nats_full_precision_v3,0552c7f4701ada91e31e916f992171b9418cb47d283a56e61f311581d66266cb
1998-06-04,0.5113565701553567,1,isotropic_constructed_macro_nats_full_precision_v3,0552c7f4701ada91e31e916f992171b9418cb47d283a56e61f311581d66266cb
1998-06-08,0.5061685818211787,1,isotropic_constructed_macro_nats_full_precision_v3,0552c7f4701ada91e31e916f992171b9418cb47d283a56e61f311581d66266cb
1998-06-10,0.4977463716957223,1,isotropic_constructed_macro_nats_full_precision_v3,0552c7f4701ada91e31e916f992171b9418cb47d283a56e61f311581d66266cb
1998-06-12,0.4889906255426239,1,isotropic_constructed_macro_nats_full_precision_v3,0552c7f4701ada91e31e916f992171b9418cb47d283a56e61f311581d66266cb
1998-06-16,0.48706550898996775,1,isotropic_constructed_macro_nats_full_precision_v3,0552c7f4701ada91e31e916f992171b9418cb47d283a56e61f311581d66266cb
1998-06-18,0.479710863745882,1,isotropic_constructed_macro_nats_full_precision_v3,0552c7f4701ada91e31e916f992171b9418cb47d283a56e61f311581d66266cb
1998-06-22,0.4712607047174418,1,isotropic_constructed_macro_nats_full_precision_v3,0552c7f4701ada91e31e916f992171b9418cb47d283a56e61f311581d66266cb
1998-06-24,0.5027107445723364,1,isotropic_constructed_macro_nats_full_precision_v3,0552c7f4701ada91e31e916f992171b9418cb47d283a56e61f311581d66266cb
1998-06-26,0.4796782073103278,1,isotropic_constructed_macro_nats_full_precision_v3,0552c7f4701ada91e31e916f992171b9418cb47d283a56e61f311581d66266cb
1998-06-30,0.5197560215857675,1,isotropic_constructed_macro_nats_full_precision_v3,0552c7f4701ada91e31e916f992171b9418cb47d283a56e61f311581d66266cb
1998-07-02,0.5198381982735665,1,isotropic_constructed_macro_nats_full_precision_v3,0552c7f4701ada91e31e916f992171b9418cb47d283a56e61f311581d66266cb
1998-07-07,0.5119709892506679,1,isotropic_constructed_macro_nats_full_precision_v3,0552c7f4701ada91e31e916f992171b9418cb47d283a56e61f311581d66266cb
1998-07-09,0.5146371944310733,1,isotropic_constructed_macro_nats_full_precision_v3,0552c7f4701ada91e31e916f992171b9418cb47d283a56e61f311581d66266cb
1998-07-13,0.5208348100805082,1,isotropic_constructed_macro_nats_full_precision_v3,0552c7f4701ada91e31e916f992171b9418cb47d283a56e61f311581d66266cb
1998-07-15,0.5070611580421633,1,isotropic_constructed_macro_nats_full_precision_v3,0552c7f4701ada91e31e916f992171b9418cb47d283a56e61f311581d66266cb
1998-07-17,0.50875302268484,1,isotropic_constructed_macro_nats_full_precision_v3,0552c7f4701ada91e31e916f992171b9418cb47d283a56e61f311581d66266cb
1998-07-21,0.5151469450654782,1,isotropic_constructed_macro_nats_full_precision_v3,0552c7f4701ada91e31e916f992171b9418cb47d283a56e61f311581d66266cb
1998-07-23,0.501648173439206,1,isotropic_constructed_macro_nats_full_precision_v3,0552c7f4701ada91e31e916f992171b9418cb47d283a56e61f311581d66266cb
1998-07-27,0.4978533520907328,1,isotropic_constructed_macro_nats_full_precision_v3,0552c7f4701ada91e31e916f992171b9418cb47d283a56e61f311581d66266cb
1998-07-29,0.4810367674044727,1,isotropic_constructed_macro_nats_full_precision_v3,0552c7f4701ada91e31e916f992171b9418cb47d283a56e61f311581d66266cb
1998-07-31,0.43968929386723415,1,isotropic_constructed_macro_nats_full_precision_v3,0552c7f4701ada91e31e916f992171b9418cb47d283a56e61f311581d66266cb
1998-08-04,0.4707272032923756,1,isotropic_constructed_macro_nats_full_precision_v3,0552c7f4701ada91e31e916f992171b9418cb47d283a56e61f311581d66266cb
1998-08-06,0.4497892405324858,1,isotropic_constructed_macro_nats_full_precision_v3,0552c7f4701ada91e31e916f992171b9418cb47d283a56e61f311581d66266cb
1998-08-10,0.48336105874259877,1,isotropic_constructed_macro_nats_full_precision_v3,0552c7f4701ada91e31e916f992171b9418cb47d283a56e61f311581d66266cb
1998-08-12,0.471308675224466,1,isotropic_constructed_macro_nats_full_precision_v3,0552c7f4701ada91e31e916f992171b9418cb47d283a56e61f311581d66266cb
1998-08-14,0.502674135332027,1,isotropic_constructed_macro_nats_full_precision_v3,0552c7f4701ada91e31e916f992171b9418cb47d283a56e61f311581d66266cb
1998-08-18,0.4884017276952598,1,isotropic_constructed_macro_nats_full_precision_v3,0552c7f4701ada91e31e916f992171b9418cb47d283a56e61f311581d66266cb
1998-08-20,0.46892940555862045,1,isotropic_constructed_macro_nats_full_precision_v3,0552c7f4701ada91e31e916f992171b9418cb47d283a56e61f311581d66266cb
1998-08-24,0.3813847288789463,1,isotropic_constructed_macro_nats_full_precision_v3,0552c7f4701ada91e31e916f992171b9418cb47d283a56e61f311581d66266cb
1998-08-26,0.4109513503748039,1,isotropic_constructed_macro_nats_full_precision_v3,0552c7f4701ada91e31e916f992171b9418cb47d283a56e61f311581d66266cb
1998-08-28,0.42417190203051086,1,isotropic_constructed_macro_nats_full_precision_v3,0552c7f4701ada91e31e916f992171b9418cb47d283a56e61f311581d66266cb
1998-09-01,0.45141585987901206,1,isotropic_constructed_macro_nats_full_precision_v3,0552c7f4701ada91e31e916f992171b9418cb47d283a56e61f311581d66266cb
1998-09-03,0.40962335612283785,1,isotropic_constructed_macro_nats_full_precision_v3,0552c7f4701ada91e31e916f992171b9418cb47d283a56e61f311581d66266cb
1998-09-08,0.4146355009968713,1,isotropic_constructed_macro_nats_full_precision_v3,0552c7f4701ada91e31e916f992171b9418cb47d283a56e61f311581d66266cb
1998-09-10,0.4253598542690373,1,isotropic_constructed_macro_nats_full_precision_v3,0552c7f4701ada91e31e916f992171b9418cb47d283a56e61f311581d66266cb
1998-09-14,0.4135719879767939,2,isotropic_constructed_macro_nats_full_precision_v3,0552c7f4701ada91e31e916f992171b9418cb47d283a56e61f311581d66266cb
1998-09-16,0.42418925282392617,1,isotropic_constructed_macro_nats_full_precision_v3,0552c7f4701ada91e31e916f992171b9418cb47d283a56e61f311581d66266cb
1998-09-18,0.4386385947285768,1,isotropic_constructed_macro_nats_full_precision_v3,0552c7f4701ada91e31e916f992171b9418cb47d283a56e61f311581d66266cb
1998-09-22,0.44805534367333577,1,isotropic_constructed_macro_nats_full_precision_v3,0552c7f4701ada91e31e916f992171b9418cb47d283a56e61f311581d66266cb
1998-09-24,0.4577806143191737,1,isotropic_constructed_macro_nats_full_precision_v3,0552c7f4701ada91e31e916f992171b9418cb47d283a56e61f311581d66266cb
1998-09-28,0.4528949872354273,1,isotropic_constructed_macro_nats_full_precision_v3,0552c7f4701ada91e31e916f992171b9418cb47d283a56e61f311581d66266cb
1998-09-30,0.4624595478707382,1,isotropic_constructed_macro_nats_full_precision_v3,0552c7f4701ada91e31e916f992171b9418cb47d283a56e61f311581d66266cb
1998-10-02,0.49441385140164307,1,isotropic_constructed_macro_nats_full_precision_v3,0552c7f4701ada91e31e916f992171b9418cb47d283a56e61f311581d66266cb
1998-10-06,0.5049144228494896,1,isotropic_constructed_macro_nats_full_precision_v3,0552c7f4701ada91e31e916f992171b9418cb47d283a56e61f311581d66266cb
1998-10-08,0.5183474042260097,1,isotropic_constructed_macro_nats_full_precision_v3,0552c7f4701ada91e31e916f992171b9418cb47d283a56e61f311581d66266cb
1998-10-12,0.6115576799559747,1,isotropic_constructed_macro_nats_full_precision_v3,0552c7f4701ada91e31e916f992171b9418cb47d283a56e61f311581d66266cb
1998-10-14,0.5517209655221369,1,isotropic_constructed_macro_nats_full_precision_v3,0552c7f4701ada91e31e916f992171b9418cb47d283a56e61f311581d66266cb
1998-10-16,0.46229754531978595,1,isotropic_constructed_macro_nats_full_precision_v3,0552c7f4701ada91e31e916f992171b9418cb47d283a56e61f311581d66266cb
1998-10-20,0.48469336850733463,1,isotropic_constructed_macro_nats_full_precision_v3,0552c7f4701ada91e31e916f992171b9418cb47d283a56e61f311581d66266cb
1998-10-22,0.49631318252356255,1,isotropic_constructed_macro_nats_full_precision_v3,0552c7f4701ada91e31e916f992171b9418cb47d283a56e61f311581d66266cb
1998-10-26,0.48463343427988526,1,isotropic_constructed_macro_nats_full_precision_v3,0552c7f4701ada91e31e916f992171b9418cb47d283a56e61f311581d66266cb
1998-10-28,0.4878527914597859,1,isotropic_constructed_macro_nats_full_precision_v3,0552c7f4701ada91e31e916f992171b9418cb47d283a56e61f311581d66266cb
1998-10-30,0.4766432803673411,1,isotropic_constructed_macro_nats_full_precision_v3,0552c7f4701ada91e31e916f992171b9418cb47d283a56e61f311581d66266cb
1998-11-03,0.4774819518038703,1,isotropic_constructed_macro_nats_full_precision_v3,0552c7f4701ada91e31e916f992171b9418cb47d283a56e61f311581d66266cb
1998-11-05,0.48288405237673315,1,isotropic_constructed_macro_nats_full_precision_v3,0552c7f4701ada91e31e916f992171b9418cb47d283a56e61f311581d66266cb
1998-11-09,0.47100776007902234,1,isotropic_constructed_macro_nats_full_precision_v3,0552c7f4701ada91e31e916f992171b9418cb47d283a56e61f311581d66266cb
1998-11-11,0.45781441155607683,2,isotropic_constructed_macro_nats_full_precision_v3,0552c7f4701ada91e31e916f992171b9418cb47d283a56e61f311581d66266cb
1998-11-13,0.46285437416958813,2,isotropic_constructed_macro_nats_full_precision_v3,0552c7f4701ada91e31e916f992171b9418cb47d283a56e61f311581d66266cb
1998-11-17,0.4796886108000165,2,isotropic_constructed_macro_nats_full_precision_v3,0552c7f4701ada91e31e916f992171b9418cb47d283a56e61f311581d66266cb
1998-11-19,0.46995411974927787,2,isotropic_constructed_macro_nats_full_precision_v3,0552c7f4701ada91e31e916f992171b9418cb47d283a56e61f311581d66266cb
1998-11-23,0.47316793629180565,2,isotropic_constructed_macro_nats_full_precision_v3,0552c7f4701ada91e31e916f992171b9418cb47d283a56e61f311581d66266cb
1998-11-25,0.47650612289904437,2,isotropic_constructed_macro_nats_full_precision_v3,0552c7f4701ada91e31e916f992171b9418cb47d283a56e61f311581d66266cb
1998-11-30,0.4774836481278446,2,isotropic_constructed_macro_nats_full_precision_v3,0552c7f4701ada91e31e916f992171b9418cb47d283a56e61f311581d66266cb
1998-12-02,0.47248286236159753,2,isotropic_constructed_macro_nats_full_precision_v3,0552c7f4701ada91e31e916f992171b9418cb47d283a56e61f311581d66266cb
1998-12-04,0.45037325620544744,2,isotropic_constructed_macro_nats_full_precision_v3,0552c7f4701ada91e31e916f992171b9418cb47d283a56e61f311581d66266cb
1998-12-08,0.45187629459406653,2,isotropic_constructed_macro_nats_full_precision_v3,0552c7f4701ada91e31e916f992171b9418cb47d283a56e61f311581d66266cb
1998-12-10,0.4520120669542816,2,isotropic_constructed_macro_nats_full_precision_v3,0552c7f4701ada91e31e916f992171b9418cb47d283a56e61f311581d66266cb
1998-12-14,0.45043961030696344,2,isotropic_constructed_macro_nats_full_precision_v3,0552c7f4701ada91e31e916f992171b9418cb47d283a56e61f311581d66266cb
1998-12-16,0.45117810504311867,2,isotropic_constructed_macro_nats_full_precision_v3,0552c7f4701ada91e31e916f992171b9418cb47d283a56e61f311581d66266cb
1998-12-18,0.4521888534408898,2,isotropic_constructed_macro_nats_full_precision_v3,0552c7f4701ada91e31e916f992171b9418cb47d283a56e61f311581d66266cb
1998-12-22,0.45696433562618105,2,isotropic_constructed_macro_nats_full_precision_v3,0552c7f4701ada91e31e916f992171b9418cb47d283a56e61f311581d66266cb
1998-12-24,0.4503305934929554,2,isotropic_constructed_macro_nats_full_precision_v3,0552c7f4701ada91e31e916f992171b9418cb47d283a56e61f311581d66266cb
1998-12-29,0.4569119843436917,2,isotropic_constructed_macro_nats_full_precision_v3,0552c7f4701ada91e31e916f992171b9418cb47d283a56e61f311581d66266cb
1998-12-31,0.4516267534755776,2,isotropic_constructed_macro_nats_full_precision_v3,0552c7f4701ada91e31e916f992171b9418cb47d283a56e61f311581d66266cb
1999-01-05,0.4430671610000197,2,isotropic_constructed_macro_nats_full_precision_v3,0552c7f4701ada91e31e916f992171b9418cb47d283a56e61f311581d66266cb
1999-01-07,0.44269586588656035,2,isotropic_constructed_macro_nats_full_precision_v3,0552c7f4701ada91e31e916f992171b9418cb47d283a56e61f311581d66266cb
1999-01-11,0.4380667217282655,2,isotropic_constructed_macro_nats_full_precision_v3,0552c7f4701ada91e31e916f992171b9418cb47d283a56e61f311581d66266cb
1999-01-13,0.41754724086720746,1,isotropic_constructed_macro_nats_full_precision_v3,0552c7f4701ada91e31e916f992171b9418cb47d283a56e61f311581d66266cb
1999-01-15,0.42464156974435135,1,isotropic_constructed_macro_nats_full_precision_v3,0552c7f4701ada91e31e916f992171b9418cb47d283a56e61f311581d66266cb
1999-01-20,0.41858648504197654,2,isotropic_constructed_macro_nats_full_precision_v3,0552c7f4701ada91e31e916f992171b9418cb47d283a56e61f311581d66266cb
1999-01-22,0.4252306767948192,2,isotropic_constructed_macro_nats_full_precision_v3,0552c7f4701ada91e31e916f992171b9418cb47d283a56e61f311581d66266cb
1999-01-26,0.4073521513936773,2,isotropic_constructed_macro_nats_full_precision_v3,0552c7f4701ada91e31e916f992171b9418cb47d283a56e61f311581d66266cb
1999-01-28,0.41021679112290915,2,isotropic_constructed_macro_nats_full_precision_v3,0552c7f4701ada91e31e916f992171b9418cb47d283a56e61f311581d66266cb
1999-02-01,0.40803646543782635,2,isotropic_constructed_macro_nats_full_precision_v3,0552c7f4701ada91e31e916f992171b9418cb47d283a56e61f311581d66266cb
1999-02-03,0.419056163618515,3,isotropic_constructed_macro_nats_full_precision_v3,0552c7f4701ada91e31e916f992171b9418cb47d283a56e61f311581d66266cb
1999-02-05,0.41178320289893156,2,isotropic_constructed_macro_nats_full_precision_v3,0552c7f4701ada91e31e916f992171b9418cb47d283a56e61f311581d66266cb
1999-02-09,0.4121059756795118,3,isotropic_constructed_macro_nats_full_precision_v3,0552c7f4701ada91e31e916f992171b9418cb47d283a56e61f311581d66266cb
1999-02-11,0.3947744789657638,3,isotropic_constructed_macro_nats_full_precision_v3,0552c7f4701ada91e31e916f992171b9418cb47d283a56e61f311581d66266cb
1999-02-16,0.40150777142149635,3,isotropic_constructed_macro_nats_full_precision_v3,0552c7f4701ada91e31e916f992171b9418cb47d283a56e61f311581d66266cb
1999-02-18,0.4014997174688946,2,isotropic_constructed_macro_nats_full_precision_v3,0552c7f4701ada91e31e916f992171b9418cb47d283a56e61f311581d66266cb
1999-02-22,0.4064606604793948,2,isotropic_constructed_macro_nats_full_precision_v3,0552c7f4701ada91e31e916f992171b9418cb47d283a56e61f311581d66266cb
1999-02-24,0.39202891712125926,2,isotropic_constructed_macro_nats_full_precision_v3,0552c7f4701ada91e31e916f992171b9418cb47d283a56e61f311581d66266cb
1999-02-26,0.37693578541213274,2,isotropic_constructed_macro_nats_full_precision_v3,0552c7f4701ada91e31e916f992171b9418cb47d283a56e61f311581d66266cb
1999-03-02,0.3562607290134546,2,isotropic_constructed_macro_nats_full_precision_v3,0552c7f4701ada91e31e916f992171b9418cb47d283a56e61f311581d66266cb
1999-03-04,0.35761220143394973,2,isotropic_constructed_macro_nats_full_precision_v3,0552c7f4701ada91e31e916f992171b9418cb47d283a56e61f311581d66266cb
1999-03-08,0.37060973029766986,2,isotropic_constructed_macro_nats_full_precision_v3,0552c7f4701ada91e31e916f992171b9418cb47d283a56e61f311581d66266cb
1999-03-10,0.35721529985372397,2,isotropic_constructed_macro_nats_full_precision_v3,0552c7f4701ada91e31e916f992171b9418cb47d283a56e61f311581d66266cb
1999-03-12,0.3564861995693149,3,isotropic_constructed_macro_nats_full_precision_v3,0552c7f4701ada91e31e916f992171b9418cb47d283a56e61f311581d66266cb
1999-03-16,0.34217083694514966,3,isotropic_constructed_macro_nats_full_precision_v3,0552c7f4701ada91e31e916f992171b9418cb47d283a56e61f311581d66266cb
1999-03-18,0.3703703057012677,1,isotropic_constructed_macro_nats_full_precision_v3,0552c7f4701ada91e31e916f992171b9418cb47d283a56e61f311581d66266cb
1999-03-22,0.3636565457415404,1,isotropic_constructed_macro_nats_full_precision_v3,0552c7f4701ada91e31e916f992171b9418cb47d283a56e61f311581d66266cb
1999-03-24,0.35096067345695037,2,isotropic_constructed_macro_nats_full_precision_v3,0552c7f4701ada91e31e916f992171b9418cb47d283a56e61f311581d66266cb
1999-03-26,0.3576986155655108,2,isotropic_constructed_macro_nats_full_precision_v3,0552c7f4701ada91e31e916f992171b9418cb47d283a56e61f311581d66266cb
1999-03-30,0.36940001579194676,2,isotropic_constructed_macro_nats_full_precision_v3,0552c7f4701ada91e31e916f992171b9418cb47d283a56e61f311581d66266cb
1999-04-01,0.36190973701807866,2,isotropic_constructed_macro_nats_full_precision_v3,0552c7f4701ada91e31e916f992171b9418cb47d283a56e61f311581d66266cb
1999-04-06,0.3666732159276051,2,isotropic_constructed_macro_nats_full_precision_v3,0552c7f4701ada91e31e916f992171b9418cb47d283a56e61f311581d66266cb
1999-04-08,0.35898068124872823,2,isotropic_constructed_macro_nats_full_precision_v3,0552c7f4701ada91e31e916f992171b9418cb47d283a56e61f311581d66266cb
1999-04-12,0.36191481173496465,1,isotropic_constructed_macro_nats_full_precision_v3,0552c7f4701ada91e31e916f992171b9418cb47d283a56e61f311581d66266cb
1999-04-14,0.3884473447036103,2,isotropic_constructed_macro_nats_full_precision_v3,0552c7f4701ada91e31e916f992171b9418cb47d283a56e61f311581d66266cb
1999-04-16,0.37225631261202263,3,isotropic_constructed_macro_nats_full_precision_v3,0552c7f4701ada91e31e916f992171b9418cb47d283a56e61f311581d66266cb
1999-04-20,0.3710320196025653,3,isotropic_constructed_macro_nats_full_precision_v3,0552c7f4701ada91e31e916f992171b9418cb47d283a56e61f311581d66266cb
1999-04-22,0.37587428563509706,3,isotropic_constructed_macro_nats_full_precision_v3,0552c7f4701ada91e31e916f992171b9418cb47d283a56e61f311581d66266cb
1999-04-26,0.3738296916935599,3,isotropic_constructed_macro_nats_full_precision_v3,0552c7f4701ada91e31e916f992171b9418cb47d283a56e61f311581d66266cb
1999-04-28,0.39340559919648216,3,isotropic_constructed_macro_nats_full_precision_v3,0552c7f4701ada91e31e916f992171b9418cb47d283a56e61f311581d66266cb
1999-04-30,0.3791630744203937,3,isotropic_constructed_macro_nats_full_precision_v3,0552c7f4701ada91e31e916f992171b9418cb47d283a56e61f311581d66266cb
1999-05-04,0.3705811204956254,3,isotropic_constructed_macro_nats_full_precision_v3,0552c7f4701ada91e31e916f992171b9418cb47d283a56e61f311581d66266cb
1999-05-06,0.35877684409592964,3,isotropic_constructed_macro_nats_full_precision_v3,0552c7f4701ada91e31e916f992171b9418cb47d283a56e61f311581d66266cb
1999-05-10,0.3564558468108371,3,isotropic_constructed_macro_nats_full_precision_v3,0552c7f4701ada91e31e916f992171b9418cb47d283a56e61f311581d66266cb
1999-05-12,0.34361846234125026,3,isotropic_constructed_macro_nats_full_precision_v3,0552c7f4701ada91e31e916f992171b9418cb47d283a56e61f311581d66266cb
1999-05-14,0.3453182020789784,3,isotropic_constructed_macro_nats_full_precision_v3,0552c7f4701ada91e31e916f992171b9418cb47d283a56e61f311581d66266cb
1999-05-18,0.34966109768556575,3,isotropic_constructed_macro_nats_full_precision_v3,0552c7f4701ada91e31e916f992171b9418cb47d283a56e61f311581d66266cb
1999-05-20,0.346233959429284,3,isotropic_constructed_macro_nats_full_precision_v3,0552c7f4701ada91e31e916f992171b9418cb47d283a56e61f311581d66266cb
1999-05-24,0.3413602289945898,3,isotropic_constructed_macro_nats_full_precision_v3,0552c7f4701ada91e31e916f992171b9418cb47d283a56e61f311581d66266cb
1999-05-26,0.3438489826687768,2,isotropic_constructed_macro_nats_full_precision_v3,0552c7f4701ada91e31e916f992171b9418cb47d283a56e61f311581d66266cb
1999-05-28,0.33784976144962453,2,isotropic_constructed_macro_nats_full_precision_v3,0552c7f4701ada91e31e916f992171b9418cb47d283a56e61f311581d66266cb
1999-06-02,0.3255468989725881,2,isotropic_constructed_macro_nats_full_precision_v3,0552c7f4701ada91e31e916f992171b9418cb47d283a56e61f311581d66266cb
1999-06-04,0.3284296952018201,2,isotropic_constructed_macro_nats_full_precision_v3,0552c7f4701ada91e31e916f992171b9418cb47d283a56e61f311581d66266cb
1999-06-08,0.32856056187638094,2,isotropic_constructed_macro_nats_full_precision_v3,0552c7f4701ada91e31e916f992171b9418cb47d283a56e61f311581d66266cb
1999-06-10,0.33611498517943406,2,isotropic_constructed_macro_nats_full_precision_v3,0552c7f4701ada91e31e916f992171b9418cb47d283a56e61f311581d66266cb
1999-06-14,0.3433420218621735,2,isotropic_constructed_macro_nats_full_precision_v3,0552c7f4701ada91e31e916f992171b9418cb47d283a56e61f311581d66266cb
1999-06-16,0.34870293244786876,2,isotropic_constructed_macro_nats_full_precision_v3,0552c7f4701ada91e31e916f992171b9418cb47d283a56e61f311581d66266cb
1999-06-18,0.35152794337439036,2,isotropic_constructed_macro_nats_full_precision_v3,0552c7f4701ada91e31e916f992171b9418cb47d283a56e61f311581d66266cb
1999-06-22,0.3549766078308303,2,isotropic_constructed_macro_nats_full_precision_v3,0552c7f4701ada91e31e916f992171b9418cb47d283a56e61f311581d66266cb
1999-06-24,0.3509770354724326,2,isotropic_constructed_macro_nats_full_precision_v3,0552c7f4701ada91e31e916f992171b9418cb47d283a56e61f311581d66266cb
1999-06-28,0.35133207749734213,2,isotropic_constructed_macro_nats_full_precision_v3,0552c7f4701ada91e31e916f992171b9418cb47d283a56e61f311581d66266cb
1999-06-30,0.34101564923263133,2,isotropic_constructed_macro_nats_full_precision_v3,0552c7f4701ada91e31e916f992171b9418cb47d283a56e61f311581d66266cb
1999-07-02,0.3349448791329333,2,isotropic_constructed_macro_nats_full_precision_v3,0552c7f4701ada91e31e916f992171b9418cb47d283a56e61f311581d66266cb
1999-07-07,0.3317130347608726,2,isotropic_constructed_macro_nats_full_precision_v3,0552c7f4701ada91e31e916f992171b9418cb47d283a56e61f311581d66266cb
1999-07-09,0.3283283789117405,2,isotropic_constructed_macro_nats_full_precision_v3,0552c7f4701ada91e31e916f992171b9418cb47d283a56e61f311581d66266cb
1999-07-13,0.3318953489994211,3,isotropic_constructed_macro_nats_full_precision_v3,0552c7f4701ada91e31e916f992171b9418cb47d283a56e61f311581d66266cb
1999-07-15,0.3356527017685545,2,isotropic_constructed_macro_nats_full_precision_v3,0552c7f4701ada91e31e916f992171b9418cb47d283a56e61f311581d66266cb
1999-07-19,0.3357443723322121,2,isotropic_constructed_macro_nats_full_precision_v3,0552c7f4701ada91e31e916f992171b9418cb47d283a56e61f311581d66266cb
1999-07-21,0.3381300092669344,2,isotropic_constructed_macro_nats_full_precision_v3,0552c7f4701ada91e31e916f992171b9418cb47d283a56e61f311581d66266cb
1999-07-23,0.3447922483756514,2,isotropic_constructed_macro_nats_full_precision_v3,0552c7f4701ada91e31e916f992171b9418cb47d283a56e61f311581d66266cb
1999-07-27,0.3423136537673426,3,isotropic_constructed_macro_nats_full_precision_v3,0552c7f4701ada91e31e916f992171b9418cb47d283a56e61f311581d66266cb
1999-07-29,0.33417832077473236,3,isotropic_constructed_macro_nats_full_precision_v3,0552c7f4701ada91e31e916f992171b9418cb47d283a56e61f311581d66266cb
1999-08-02,0.34069791068255456,2,isotropic_constructed_macro_nats_full_precision_v3,0552c7f4701ada91e31e916f992171b9418cb47d283a56e61f311581d66266cb
1999-08-04,0.36598807820356144,2,isotropic_constructed_macro_nats_full_precision_v3,0552c7f4701ada91e31e916f992171b9418cb47d283a56e61f311581d66266cb
1999-08-06,0.37206145662056256,2,isotropic_constructed_macro_nats_full_precision_v3,0552c7f4701ada91e31e916f992171b9418cb47d283a56e61f311581d66266cb
1999-08-10,0.37521116870449384,2,isotropic_constructed_macro_nats_full_precision_v3,0552c7f4701ada91e31e916f992171b9418cb47d283a56e61f311581d66266cb
1999-08-12,0.3574132698221542,2,isotropic_constructed_macro_nats_full_precision_v3,0552c7f4701ada91e31e916f992171b9418cb47d283a56e61f311581d66266cb
1999-08-16,0.3427010351538714,2,isotropic_constructed_macro_nats_full_precision_v3,0552c7f4701ada91e31e916f992171b9418cb47d283a56e61f311581d66266cb
1999-08-18,0.34468351691990506,2,isotropic_constructed_macro_nats_full_precision_v3,0552c7f4701ada91e31e916f992171b9418cb47d283a56e61f311581d66266cb
1999-08-20,0.3483520411186553,2,isotropic_constructed_macro_nats_full_precision_v3,0552c7f4701ada91e31e916f992171b9418cb47d283a56e61f311581d66266cb
1999-08-24,0.3462941588389212,3,isotropic_constructed_macro_nats_full_precision_v3,0552c7f4701ada91e31e916f992171b9418cb47d283a56e61f311581d66266cb
1999-08-26,0.3453139658106849,3,isotropic_constructed_macro_nats_full_precision_v3,0552c7f4701ada91e31e916f992171b9418cb47d283a56e61f311581d66266cb
1999-08-30,0.3506703708535144,3,isotropic_constructed_macro_nats_full_precision_v3,0552c7f4701ada91e31e916f992171b9418cb47d283a56e61f311581d66266cb
1999-09-01,0.36272643495210954,3,isotropic_constructed_macro_nats_full_precision_v3,0552c7f4701ada91e31e916f992171b9418cb47d283a56e61f311581d66266cb
1999-09-03,0.36381869943090234,3,isotropic_constructed_macro_nats_full_precision_v3,0552c7f4701ada91e31e916f992171b9418cb47d283a56e61f311581d66266cb
1999-09-08,0.36103616104785313,3,isotropic_constructed_macro_nats_full_precision_v3,0552c7f4701ada91e31e916f992171b9418cb47d283a56e61f311581d66266cb
1999-09-10,0.3583227182822426,3,isotropic_constructed_macro_nats_full_precision_v3,0552c7f4701ada91e31e916f992171b9418cb47d283a56e61f311581d66266cb
1999-09-14,0.3679135452469522,3,isotropic_constructed_macro_nats_full_precision_v3,0552c7f4701ada91e31e916f992171b9418cb47d283a56e61f311581d66266cb
1999-09-16,0.35674011765269026,3,isotropic_constructed_macro_nats_full_precision_v3,0552c7f4701ada91e31e916f992171b9418cb47d283a56e61f311581d66266cb
1999-09-20,0.36290319811284577,3,isotropic_constructed_macro_nats_full_precision_v3,0552c7f4701ada91e31e916f992171b9418cb47d283a56e61f311581d66266cb
1999-09-22,0.3480368217035734,3,isotropic_constructed_macro_nats_full_precision_v3,0552c7f4701ada91e31e916f992171b9418cb47d283a56e61f311581d66266cb
1999-09-24,0.3382422974585586,2,isotropic_constructed_macro_nats_full_precision_v3,0552c7f4701ada91e31e916f992171b9418cb47d283a56e61f311581d66266cb
1999-09-28,0.36370863968949013,3,isotropic_constructed_macro_nats_full_precision_v3,0552c7f4701ada91e31e916f992171b9418cb47d283a56e61f311581d66266cb
1999-09-30,0.37169437378364373,3,isotropic_constructed_macro_nats_full_precision_v3,0552c7f4701ada91e31e916f992171b9418cb47d283a56e61f311581d66266cb
1999-10-04,0.38509027246465827,3,isotropic_constructed_macro_nats_full_precision_v3,0552c7f4701ada91e31e916f992171b9418cb47d283a56e61f311581d66266cb
1999-10-06,0.35665828889160966,3,isotropic_constructed_macro_nats_full_precision_v3,0552c7f4701ada91e31e916f992171b9418cb47d283a56e61f311581d66266cb
1999-10-08,0.34913069143451075,3,isotropic_constructed_macro_nats_full_precision_v3,0552c7f4701ada91e31e916f992171b9418cb47d283a56e61f311581d66266cb
1999-10-12,0.339325492928188,3,isotropic_constructed_macro_nats_full_precision_v3,0552c7f4701ada91e31e916f992171b9418cb47d283a56e61f311581d66266cb
1999-10-14,0.3581604509225223,3,isotropic_constructed_macro_nats_full_precision_v3,0552c7f4701ada91e31e916f992171b9418cb47d283a56e61f311581d66266cb
1999-10-18,0.3479212180856969,3,isotropic_constructed_macro_nats_full_precision_v3,0552c7f4701ada91e31e916f992171b9418cb47d283a56e61f311581d66266cb
1999-10-20,0.3359422018565949,3,isotropic_constructed_macro_nats_full_precision_v3,0552c7f4701ada91e31e916f992171b9418cb47d283a56e61f311581d66266cb
1999-10-22,0.41489009752940625,2,isotropic_constructed_macro_nats_full_precision_v3,0552c7f4701ada91e31e916f992171b9418cb47d283a56e61f311581d66266cb
1999-10-26,0.4033341391311651,2,isotropic_constructed_macro_nats_full_precision_v3,0552c7f4701ada91e31e916f992171b9418cb47d283a56e61f311581d66266cb
1999-10-28,0.37775647088290837,2,isotropic_constructed_macro_nats_full_precision_v3,0552c7f4701ada91e31e916f992171b9418cb47d283a56e61f311581d66266cb
1999-11-01,0.38352889862652884,2,isotropic_constructed_macro_nats_full_precision_v3,0552c7f4701ada91e31e916f992171b9418cb47d283a56e61f311581d66266cb
1999-11-03,0.3879869054761686,2,isotropic_constructed_macro_nats_full_precision_v3,0552c7f4701ada91e31e916f992171b9418cb47d283a56e61f311581d66266cb
1999-11-05,0.3998711153616272,2,isotropic_constructed_macro_nats_full_precision_v3,0552c7f4701ada91e31e916f992171b9418cb47d283a56e61f311581d66266cb
1999-11-09,0.358967116988723,1,isotropic_constructed_macro_nats_full_precision_v3,0552c7f4701ada91e31e916f992171b9418cb47d283a56e61f311581d66266cb
1999-11-11,0.359555832935262,1,isotropic_constructed_macro_nats_full_precision_v3,0552c7f4701ada91e31e916f992171b9418cb47d283a56e61f311581d66266cb
1999-11-15,0.36006728074054867,1,isotropic_constructed_macro_nats_full_precision_v3,0552c7f4701ada91e31e916f992171b9418cb47d283a56e61f311581d66266cb
1999-11-17,0.389433590332567,2,isotropic_constructed_macro_nats_full_precision_v3,0552c7f4701ada91e31e916f992171b9418cb47d283a56e61f311581d66266cb
1999-11-19,0.3884401296808764,1,isotropic_constructed_macro_nats_full_precision_v3,0552c7f4701ada91e31e916f992171b9418cb47d283a56e61f311581d66266cb
1999-11-23,0.39114027158029885,1,isotropic_constructed_macro_nats_full_precision_v3,0552c7f4701ada91e31e916f992171b9418cb47d283a56e61f311581d66266cb
1999-11-26,0.37039075397907656,1,isotropic_constructed_macro_nats_full_precision_v3,0552c7f4701ada91e31e916f992171b9418cb47d283a56e61f311581d66266cb
1999-11-30,0.3501425811591552,3,isotropic_constructed_macro_nats_full_precision_v3,0552c7f4701ada91e31e916f992171b9418cb47d283a56e61f311581d66266cb
1999-12-02,0.3577656260920233,3,isotropic_constructed_macro_nats_full_precision_v3,0552c7f4701ada91e31e916f992171b9418cb47d283a56e61f311581d66266cb
1999-12-06,0.34439877918822726,1,isotropic_constructed_macro_nats_full_precision_v3,0552c7f4701ada91e31e916f992171b9418cb47d283a56e61f311581d66266cb
1999-12-08,0.36868474207354884,3,isotropic_constructed_macro_nats_full_precision_v3,0552c7f4701ada91e31e916f992171b9418cb47d283a56e61f311581d66266cb
1999-12-10,0.3574838602983165,1,isotropic_constructed_macro_nats_full_precision_v3,0552c7f4701ada91e31e916f992171b9418cb47d283a56e61f311581d66266cb
1999-12-14,0.34666337847428624,3,isotropic_constructed_macro_nats_full_precision_v3,0552c7f4701ada91e31e916f992171b9418cb47d283a56e61f311581d66266cb
1999-12-16,0.35192146133279373,2,isotropic_constructed_macro_nats_full_precision_v3,0552c7f4701ada91e31e916f992171b9418cb47d283a56e61f311581d66266cb
1999-12-20,0.36241708684886914,1,isotropic_constructed_macro_nats_full_precision_v3,0552c7f4701ada91e31e916f992171b9418cb47d283a56e61f311581d66266cb
1999-12-22,0.34155586568313756,2,isotropic_constructed_macro_nats_full_precision_v3,0552c7f4701ada91e31e916f992171b9418cb47d283a56e61f311581d66266cb
1999-12-27,0.34044810089635974,3,isotropic_constructed_macro_nats_full_precision_v3,0552c7f4701ada91e31e916f992171b9418cb47d283a56e61f311581d66266cb
1999-12-29,0.3560187947207113,3,isotropic_constructed_macro_nats_full_precision_v3,0552c7f4701ada91e31e916f992171b9418cb47d283a56e61f311581d66266cb
1999-12-31,0.3428512411608786,3,isotropic_constructed_macro_nats_full_precision_v3,0552c7f4701ada91e31e916f992171b9418cb47d283a56e61f311581d66266cb
2000-01-04,0.33646139748024073,3,isotropic_constructed_macro_nats_full_precision_v3,0552c7f4701ada91e31e916f992171b9418cb47d283a56e61f311581d66266cb
2000-01-06,0.3380135969990621,2,isotropic_constructed_macro_nats_full_precision_v3,0552c7f4701ada91e31e916f992171b9418cb47d283a56e61f311581d66266cb
2000-01-10,0.33660663568641674,3,isotropic_constructed_macro_nats_full_precision_v3,0552c7f4701ada91e31e916f992171b9418cb47d283a56e61f311581d66266cb
2000-01-12,0.34321347607011865,2,isotropic_constructed_macro_nats_full_precision_v3,0552c7f4701ada91e31e916f992171b9418cb47d283a56e61f311581d66266cb
2000-01-14,0.3461852852431204,2,isotropic_constructed_macro_nats_full_precision_v3,0552c7f4701ada91e31e916f992171b9418cb47d283a56e61f311581d66266cb
2000-01-19,0.3435320815655475,2,isotropic_constructed_macro_nats_full_precision_v3,0552c7f4701ada91e31e916f992171b9418cb47d283a56e61f311581d66266cb
2000-01-21,0.38825752880571845,1,isotropic_constructed_macro_nats_full_precision_v3,0552c7f4701ada91e31e916f992171b9418cb47d283a56e61f311581d66266cb
2000-01-25,0.3659245719877944,2,isotropic_constructed_macro_nats_full_precision_v3,0552c7f4701ada91e31e916f992171b9418cb47d283a56e61f311581d66266cb
2000-01-27,0.3604042419766889,2,isotropic_constructed_macro_nats_full_precision_v3,0552c7f4701ada91e31e916f992171b9418cb47d283a56e61f311581d66266cb
2000-01-31,0.33627355484808047,2,isotropic_constructed_macro_nats_full_precision_v3,0552c7f4701ada91e31e916f992171b9418cb47d283a56e61f311581d66266cb
2000-02-02,0.3379110066664123,2,isotropic_constructed_macro_nats_full_precision_v3,0552c7f4701ada91e31e916f992171b9418cb47d283a56e61f311581d66266cb
2000-02-04,0.3336677664657623,2,isotropic_constructed_macro_nats_full_precision_v3,0552c7f4701ada91e31e916f992171b9418cb47d283a56e61f311581d66266cb
2000-02-08,0.34153982819484546,2,isotropic_constructed_macro_nats_full_precision_v3,0552c7f4701ada91e31e916f992171b9418cb47d283a56e61f311581d66266cb
2000-02-10,0.3455088379157022,2,isotropic_constructed_macro_nats_full_precision_v3,0552c7f4701ada91e31e916f992171b9418cb47d283a56e61f311581d66266cb
2000-02-14,0.35774205628205163,2,isotropic_constructed_macro_nats_full_precision_v3,0552c7f4701ada91e31e916f992171b9418cb47d283a56e61f311581d66266cb
2000-02-16,0.3528588580394902,2,isotropic_constructed_macro_nats_full_precision_v3,0552c7f4701ada91e31e916f992171b9418cb47d283a56e61f311581d66266cb
2000-02-18,0.35216302894014156,2,isotropic_constructed_macro_nats_full_precision_v3,0552c7f4701ada91e31e916f992171b9418cb47d283a56e61f311581d66266cb
2000-02-23,0.3718886969928831,2,isotropic_constructed_macro_nats_full_precision_v3,0552c7f4701ada91e31e916f992171b9418cb47d283a56e61f311581d66266cb
2000-02-25,0.36930848342537564,2,isotropic_constructed_macro_nats_full_precision_v3,0552c7f4701ada91e31e916f992171b9418cb47d283a56e61f311581d66266cb
2000-02-29,0.36811089180303164,2,isotropic_constructed_macro_nats_full_precision_v3,0552c7f4701ada91e31e916f992171b9418cb47d283a56e61f311581d66266cb
2000-03-02,0.36147430877381476,2,isotropic_constructed_macro_nats_full_precision_v3,0552c7f4701ada91e31e916f992171b9418cb47d283a56e61f311581d66266cb
2000-03-06,0.3284346640021888,2,isotropic_constructed_macro_nats_full_precision_v3,0552c7f4701ada91e31e916f992171b9418cb47d283a56e61f311581d66266cb
2000-03-08,0.3259801237419875,2,isotropic_constructed_macro_nats_full_precision_v3,0552c7f4701ada91e31e916f992171b9418cb47d283a56e61f311581d66266cb
2000-03-10,0.32803229361373654,2,isotropic_constructed_macro_nats_full_precision_v3,0552c7f4701ada91e31e916f992171b9418cb47d283a56e61f311581d66266cb
2000-03-14,0.31922210013182095,2,isotropic_constructed_macro_nats_full_precision_v3,0552c7f4701ada91e31e916f992171b9418cb47d283a56e61f311581d66266cb
2000-03-16,0.3401028717900896,2,isotropic_constructed_macro_nats_full_precision_v3,0552c7f4701ada91e31e916f992171b9418cb47d283a56e61f311581d66266cb
2000-03-20,0.3579008659195869,1,isotropic_constructed_macro_nats_full_precision_v3,0552c7f4701ada91e31e916f992171b9418cb47d283a56e61f311581d66266cb
2000-03-22,0.3512411744357421,2,isotropic_constructed_macro_nats_full_precision_v3,0552c7f4701ada91e31e916f992171b9418cb47d283a56e61f311581d66266cb
2000-03-24,0.3406602179390944,2,isotropic_constructed_macro_nats_full_precision_v3,0552c7f4701ada91e31e916f992171b9418cb47d283a56e61f311581d66266cb
2000-03-28,0.34262851217561907,2,isotropic_constructed_macro_nats_full_precision_v3,0552c7f4701ada91e31e916f992171b9418cb47d283a56e61f311581d66266cb
2000-03-30,0.37565277229559296,1,isotropic_constructed_macro_nats_full_precision_v3,0552c7f4701ada91e31e916f992171b9418cb47d283a56e61f311581d66266cb
2000-04-03,0.3874233172635216,1,isotropic_constructed_macro_nats_full_precision_v3,0552c7f4701ada91e31e916f992171b9418cb47d283a56e61f311581d66266cb
2000-04-05,0.3734313897156037,1,isotropic_constructed_macro_nats_full_precision_v3,0552c7f4701ada91e31e916f992171b9418cb47d283a56e61f311581d66266cb
2000-04-07,0.3738810003841873,1,isotropic_constructed_macro_nats_full_precision_v3,0552c7f4701ada91e31e916f992171b9418cb47d283a56e61f311581d66266cb
2000-04-11,0.3805723119621021,1,isotropic_constructed_macro_nats_full_precision_v3,0552c7f4701ada91e31e916f992171b9418cb47d283a56e61f311581d66266cb
2000-04-13,0.3626833627444804,1,isotropic_constructed_macro_nats_full_precision_v3,0552c7f4701ada91e31e916f992171b9418cb47d283a56e61f311581d66266cb
2000-04-17,0.3923386208464662,2,isotropic_constructed_macro_nats_full_precision_v3,0552c7f4701ada91e31e916f992171b9418cb47d283a56e61f311581d66266cb
2000-04-19,0.41238233288938275,2,isotropic_constructed_macro_nats_full_precision_v3,0552c7f4701ada91e31e916f992171b9418cb47d283a56e61f311581d66266cb
2000-04-24,0.41229286877204135,2,isotropic_constructed_macro_nats_full_precision_v3,0552c7f4701ada91e31e916f992171b9418cb47d283a56e61f311581d66266cb
2000-04-26,0.4079332442433987,2,isotropic_constructed_macro_nats_full_precision_v3,0552c7f4701ada91e31e916f992171b9418cb47d283a56e61f311581d66266cb
2000-04-28,0.4025708406420225,2,isotropic_constructed_macro_nats_full_precision_v3,0552c7f4701ada91e31e916f992171b9418cb47d283a56e61f311581d66266cb
2000-05-02,0.4055335160467725,2,isotropic_constructed_macro_nats_full_precision_v3,0552c7f4701ada91e31e916f992171b9418cb47d283a56e61f311581d66266cb
2000-05-04,0.40801693114198545,2,isotropic_constructed_macro_nats_full_precision_v3,0552c7f4701ada91e31e916f992171b9418cb47d283a56e61f311581d66266cb
2000-05-08,0.4127082178518023,2,isotropic_constructed_macro_nats_full_precision_v3,0552c7f4701ada91e31e916f992171b9418cb47d283a56e61f311581d66266cb
2000-05-10,0.41042107516634385,2,isotropic_constructed_macro_nats_full_precision_v3,0552c7f4701ada91e31e916f992171b9418cb47d283a56e61f311581d66266cb
2000-05-12,0.4186666195293137,2,isotropic_constructed_macro_nats_full_precision_v3,0552c7f4701ada91e31e916f992171b9418cb47d283a56e61f311581d66266cb
2000-05-16,0.42314801027908283,2,isotropic_constructed_macro_nats_full_precision_v3,0552c7f4701ada91e31e916f992171b9418cb47d283a56e61f311581d66266cb
2000-05-18,0.4270204634195368,2,isotropic_constructed_macro_nats_full_precision_v3,0552c7f4701ada91e31e916f992171b9418cb47d283a56e61f311581d66266cb
2000-05-22,0.4306175643415085,2,isotropic_constructed_macro_nats_full_precision_v3,0552c7f4701ada91e31e916f992171b9418cb47d283a56e61f311581d66266cb
2000-05-24,0.4273387816692888,2,isotropic_constructed_macro_nats_full_precision_v3,0552c7f4701ada91e31e916f992171b9418cb47d283a56e61f311581d66266cb
2000-05-26,0.4154574134174955,2,isotropic_constructed_macro_nats_full_precision_v3,0552c7f4701ada91e31e916f992171b9418cb47d283a56e61f311581d66266cb
2000-05-31,0.420588374408645,2,isotropic_constructed_macro_nats_full_precision_v3,0552c7f4701ada91e31e916f992171b9418cb47d283a56e61f311581d66266cb
2000-06-02,0.4155823845522927,2,isotropic_constructed_macro_nats_full_precision_v3,0552c7f4701ada91e31e916f992171b9418cb47d283a56e61f311581d66266cb
2000-06-06,0.4172097026314601,2,isotropic_constructed_macro_nats_full_precision_v3,0552c7f4701ada91e31e916f992171b9418cb47d283a56e61f311581d66266cb
2000-06-08,0.4141792466232574,2,isotropic_constructed_macro_nats_full_precision_v3,0552c7f4701ada91e31e916f992171b9418cb47d283a56e61f311581d66266cb
2000-06-12,0.415672504595957,2,isotropic_constructed_macro_nats_full_precision_v3,0552c7f4701ada91e31e916f992171b9418cb47d283a56e61f311581d66266cb
2000-06-14,0.4179615186190311,2,isotropic_constructed_macro_nats_full_precision_v3,0552c7f4701ada91e31e916f992171b9418cb47d283a56e61f311581d66266cb
2000-06-16,0.41990261322974004,2,isotropic_constructed_macro_nats_full_precision_v3,0552c7f4701ada91e31e916f992171b9418cb47d283a56e61f311581d66266cb
2000-06-20,0.4237923756480906,2,isotropic_constructed_macro_nats_full_precision_v3,0552c7f4701ada91e31e916f992171b9418cb47d283a56e61f311581d66266cb
2000-06-22,0.42817558653797744,2,isotropic_constructed_macro_nats_full_precision_v3,0552c7f4701ada91e31e916f992171b9418cb47d283a56e61f311581d66266cb
2000-06-26,0.4280288570467452,2,isotropic_constructed_macro_nats_full_precision_v3,0552c7f4701ada91e31e916f992171b9418cb47d283a56e61f311581d66266cb
2000-06-28,0.4308132713199106,2,isotropic_constructed_macro_nats_full_precision_v3,0552c7f4701ada91e31e916f992171b9418cb47d283a56e61f311581d66266cb
2000-06-30,0.43262393082474215,2,isotropic_constructed_macro_nats_full_precision_v3,0552c7f4701ada91e31e916f992171b9418cb47d283a56e61f311581d66266cb
2000-07-05,0.4339282986070798,2,isotropic_constructed_macro_nats_full_precision_v3,0552c7f4701ada91e31e916f992171b9418cb47d283a56e61f311581d66266cb
2000-07-07,0.428271372069665,2,isotropic_constructed_macro_nats_full_precision_v3,0552c7f4701ada91e31e916f992171b9418cb47d283a56e61f311581d66266cb
2000-07-11,0.43111220918978055,2,isotropic_constructed_macro_nats_full_precision_v3,0552c7f4701ada91e31e916f992171b9418cb47d283a56e61f311581d66266cb
2000-07-13,0.42763270116971636,2,isotropic_constructed_macro_nats_full_precision_v3,0552c7f4701ada91e31e916f992171b9418cb47d283a56e61f311581d66266cb
2000-07-17,0.41254838533046306,2,isotropic_constructed_macro_nats_full_precision_v3,0552c7f4701ada91e31e916f992171b9418cb47d283a56e61f311581d66266cb
2000-07-19,0.4234317354418848,2,isotropic_constructed_macro_nats_full_precision_v3,0552c7f4701ada91e31e916f992171b9418cb47d283a56e61f311581d66266cb
2000-07-21,0.4155534565519019,2,isotropic_constructed_macro_nats_full_precision_v3,0552c7f4701ada91e31e916f992171b9418cb47d283a56e61f311581d66266cb
2000-07-25,0.402741715574158,2,isotropic_constructed_macro_nats_full_precision_v3,0552c7f4701ada91e31e916f992171b9418cb47d283a56e61f311581d66266cb
2000-07-27,0.3923491322992585,2,isotropic_constructed_macro_nats_full_precision_v3,0552c7f4701ada91e31e916f992171b9418cb47d283a56e61f311581d66266cb
2000-07-31,0.3896633421834904,2,isotropic_constructed_macro_nats_full_precision_v3,0552c7f4701ada91e31e916f992171b9418cb47d283a56e61f311581d66266cb
2000-08-02,0.3827395837727457,2,isotropic_constructed_macro_nats_full_precision_v3,0552c7f4701ada91e31e916f992171b9418cb47d283a56e61f311581d66266cb
2000-08-04,0.38570874540920147,2,isotropic_constructed_macro_nats_full_precision_v3,0552c7f4701ada91e31e916f992171b9418cb47d283a56e61f311581d66266cb
2000-08-08,0.38675054699965494,2,isotropic_constructed_macro_nats_full_precision_v3,0552c7f4701ada91e31e916f992171b9418cb47d283a56e61f311581d66266cb
2000-08-10,0.3870398369502666,2,isotropic_constructed_macro_nats_full_precision_v3,0552c7f4701ada91e31e916f992171b9418cb47d283a56e61f311581d66266cb
2000-08-14,0.3921893382092813,2,isotropic_constructed_macro_nats_full_precision_v3,0552c7f4701ada91e31e916f992171b9418cb47d283a56e61f311581d66266cb
2000-08-16,0.39106253823600834,2,isotropic_constructed_macro_nats_full_precision_v3,0552c7f4701ada91e31e916f992171b9418cb47d283a56e61f311581d66266cb
2000-08-18,0.38557776732268945,2,isotropic_constructed_macro_nats_full_precision_v3,0552c7f4701ada91e31e916f992171b9418cb47d283a56e61f311581d66266cb
2000-08-22,0.38502278577083304,2,isotropic_constructed_macro_nats_full_precision_v3,0552c7f4701ada91e31e916f992171b9418cb47d283a56e61f311581d66266cb
2000-08-24,0.37666023860955944,2,isotropic_constructed_macro_nats_full_precision_v3,0552c7f4701ada91e31e916f992171b9418cb47d283a56e61f311581d66266cb
2000-08-28,0.38296680775425673,2,isotropic_constructed_macro_nats_full_precision_v3,0552c7f4701ada91e31e916f992171b9418cb47d283a56e61f311581d66266cb
2000-08-30,0.3804814180629267,2,isotropic_constructed_macro_nats_full_precision_v3,0552c7f4701ada91e31e916f992171b9418cb47d283a56e61f311581d66266cb
2000-09-01,0.37113937097216654,2,isotropic_constructed_macro_nats_full_precision_v3,0552c7f4701ada91e31e916f992171b9418cb47d283a56e61f311581d66266cb
2000-09-06,0.3731018128232788,2,isotropic_constructed_macro_nats_full_precision_v3,0552c7f4701ada91e31e916f992171b9418cb47d283a56e61f311581d66266cb
2000-09-08,0.3791395693081516,2,isotropic_constructed_macro_nats_full_precision_v3,0552c7f4701ada91e31e916f992171b9418cb47d283a56e61f311581d66266cb
2000-09-12,0.38523760417630554,2,isotropic_constructed_macro_nats_full_precision_v3,0552c7f4701ada91e31e916f992171b9418cb47d283a56e61f311581d66266cb
2000-09-14,0.3838010743924534,2,isotropic_constructed_macro_nats_full_precision_v3,0552c7f4701ada91e31e916f992171b9418cb47d283a56e61f311581d66266cb
2000-09-18,0.37867992288490004,2,isotropic_constructed_macro_nats_full_precision_v3,0552c7f4701ada91e31e916f992171b9418cb47d283a56e61f311581d66266cb
2000-09-20,0.38101635301025083,2,isotropic_constructed_macro_nats_full_precision_v3,0552c7f4701ada91e31e916f992171b9418cb47d283a56e61f311581d66266cb
2000-09-22,0.3726751071649457,2,isotropic_constructed_macro_nats_full_precision_v3,0552c7f4701ada91e31e916f992171b9418cb47d283a56e61f311581d66266cb
2000-09-26,0.37852020271246367,2,isotropic_constructed_macro_nats_full_precision_v3,0552c7f4701ada91e31e916f992171b9418cb47d283a56e61f311581d66266cb
2000-09-28,0.36775571458073264,2,isotropic_constructed_macro_nats_full_precision_v3,0552c7f4701ada91e31e916f992171b9418cb47d283a56e61f311581d66266cb
2000-10-02,0.3677103510548819,2,isotropic_constructed_macro_nats_full_precision_v3,0552c7f4701ada91e31e916f992171b9418cb47d283a56e61f311581d66266cb
2000-10-04,0.3488379147424591,2,isotropic_constructed_macro_nats_full_precision_v3,0552c7f4701ada91e31e916f992171b9418cb47d283a56e61f311581d66266cb
2000-10-06,0.3394244974331052,2,isotropic_constructed_macro_nats_full_precision_v3,0552c7f4701ada91e31e916f992171b9418cb47d283a56e61f311581d66266cb
2000-10-10,0.3482362986783819,2,isotropic_constructed_macro_nats_full_precision_v3,0552c7f4701ada91e31e916f992171b9418cb47d283a56e61f311581d66266cb
2000-10-12,0.34524576805905005,2,isotropic_constructed_macro_nats_full_precision_v3,0552c7f4701ada91e31e916f992171b9418cb47d283a56e61f311581d66266cb
2000-10-16,0.28876780682383346,3,isotropic_constructed_macro_nats_full_precision_v3,0552c7f4701ada91e31e916f992171b9418cb47d283a56e61f311581d66266cb
2000-10-18,0.3233768103762636,2,isotropic_constructed_macro_nats_full_precision_v3,0552c7f4701ada91e31e916f992171b9418cb47d283a56e61f311581d66266cb
2000-10-20,0.33272700131897354,2,isotropic_constructed_macro_nats_full_precision_v3,0552c7f4701ada91e31e916f992171b9418cb47d283a56e61f311581d66266cb
2000-10-24,0.33946598215811863,2,isotropic_constructed_macro_nats_full_precision_v3,0552c7f4701ada91e31e916f992171b9418cb47d283a56e61f311581d66266cb
2000-10-26,0.3293587245642898,2,isotropic_constructed_macro_nats_full_precision_v3,0552c7f4701ada91e31e916f992171b9418cb47d283a56e61f311581d66266cb
2000-10-30,0.33933441663464603,2,isotropic_constructed_macro_nats_full_precision_v3,0552c7f4701ada91e31e916f992171b9418cb47d283a56e61f311581d66266cb
2000-11-01,0.33958200108382874,2,isotropic_constructed_macro_nats_full_precision_v3,0552c7f4701ada91e31e916f992171b9418cb47d283a56e61f311581d66266cb
2000-11-03,0.34679510521864076,2,isotropic_constructed_macro_nats_full_precision_v3,0552c7f4701ada91e31e916f992171b9418cb47d283a56e61f311581d66266cb
2000-11-07,0.33364168490424495,2,isotropic_constructed_macro_nats_full_precision_v3,0552c7f4701ada91e31e916f992171b9418cb47d283a56e61f311581d66266cb
2000-11-09,0.3324943763445778,2,isotropic_constructed_macro_nats_full_precision_v3,0552c7f4701ada91e31e916f992171b9418cb47d283a56e61f311581d66266cb
2000-11-13,0.32886588354799323,2,isotropic_constructed_macro_nats_full_precision_v3,0552c7f4701ada91e31e916f992171b9418cb47d283a56e61f311581d66266cb
2000-11-15,0.35933673828399826,1,isotropic_constructed_macro_nats_full_precision_v3,0552c7f4701ada91e31e916f992171b9418cb47d283a56e61f311581d66266cb
2000-11-17,0.3656733995227346,1,isotropic_constructed_macro_nats_full_precision_v3,0552c7f4701ada91e31e916f992171b9418cb47d283a56e61f311581d66266cb
2000-11-21,0.36071079527823896,1,isotropic_constructed_macro_nats_full_precision_v3,0552c7f4701ada91e31e916f992171b9418cb47d283a56e61f311581d66266cb
2000-11-24,0.3724655965980253,1,isotropic_constructed_macro_nats_full_precision_v3,0552c7f4701ada91e31e916f992171b9418cb47d283a56e61f311581d66266cb
2000-11-28,0.36644611595677923,1,isotropic_constructed_macro_nats_full_precision_v3,0552c7f4701ada91e31e916f992171b9418cb47d283a56e61f311581d66266cb
2000-11-30,0.3595121137860854,1,isotropic_constructed_macro_nats_full_precision_v3,0552c7f4701ada91e31e916f992171b9418cb47d283a56e61f311581d66266cb
2000-12-04,0.3701223951559465,1,isotropic_constructed_macro_nats_full_precision_v3,0552c7f4701ada91e31e916f992171b9418cb47d283a56e61f311581d66266cb
2000-12-06,0.37318934963822437,1,isotropic_constructed_macro_nats_full_precision_v3,0552c7f4701ada91e31e916f992171b9418cb47d283a56e61f311581d66266cb
2000-12-08,0.3720555179557652,1,isotropic_constructed_macro_nats_full_precision_v3,0552c7f4701ada91e31e916f992171b9418cb47d283a56e61f311581d66266cb
2000-12-12,0.3737493615969568,1,isotropic_constructed_macro_nats_full_precision_v3,0552c7f4701ada91e31e916f992171b9418cb47d283a56e61f311581d66266cb
2000-12-14,0.36739475697490187,1,isotropic_constructed_macro_nats_full_precision_v3,0552c7f4701ada91e31e916f992171b9418cb47d283a56e61f311581d66266cb
2000-12-18,0.3505134906878927,1,isotropic_constructed_macro_nats_full_precision_v3,0552c7f4701ada91e31e916f992171b9418cb47d283a56e61f311581d66266cb
2000-12-20,0.3504074554050739,1,isotropic_constructed_macro_nats_full_precision_v3,0552c7f4701ada91e31e916f992171b9418cb47d283a56e61f311581d66266cb
2000-12-22,0.3517205883814656,2,isotropic_constructed_macro_nats_full_precision_v3,0552c7f4701ada91e31e916f992171b9418cb47d283a56e61f311581d66266cb
2000-12-27,0.3533735353397819,2,isotropic_constructed_macro_nats_full_precision_v3,0552c7f4701ada91e31e916f992171b9418cb47d283a56e61f311581d66266cb
2000-12-29,0.3553773791908599,1,isotropic_constructed_macro_nats_full_precision_v3,0552c7f4701ada91e31e916f992171b9418cb47d283a56e61f311581d66266cb
2001-01-03,0.38249606577691714,1,isotropic_constructed_macro_nats_full_precision_v3,0552c7f4701ada91e31e916f992171b9418cb47d283a56e61f311581d66266cb
2001-01-05,0.38907188575262286,1,isotropic_constructed_macro_nats_full_precision_v3,0552c7f4701ada91e31e916f992171b9418cb47d283a56e61f311581d66266cb
2001-01-09,0.39421756047693823,1,isotropic_constructed_macro_nats_full_precision_v3,0552c7f4701ada91e31e916f992171b9418cb47d283a56e61f311581d66266cb
2001-01-11,0.3910317316296863,1,isotropic_constructed_macro_nats_full_precision_v3,0552c7f4701ada91e31e916f992171b9418cb47d283a56e61f311581d66266cb
2001-01-16,0.37618152885522504,1,isotropic_constructed_macro_nats_full_precision_v3,0552c7f4701ada91e31e916f992171b9418cb47d283a56e61f311581d66266cb
2001-01-18,0.35814715450033185,1,isotropic_constructed_macro_nats_full_precision_v3,0552c7f4701ada91e31e916f992171b9418cb47d283a56e61f311581d66266cb
2001-01-22,0.36504652422955464,1,isotropic_constructed_macro_nats_full_precision_v3,0552c7f4701ada91e31e916f992171b9418cb47d283a56e61f311581d66266cb
2001-01-24,0.3834202786316517,1,isotropic_constructed_macro_nats_full_precision_v3,0552c7f4701ada91e31e916f992171b9418cb47d283a56e61f311581d66266cb
2001-01-26,0.37711447636009565,1,isotropic_constructed_macro_nats_full_precision_v3,0552c7f4701ada91e31e916f992171b9418cb47d283a56e61f311581d66266cb
2001-01-30,0.35711113639815095,1,isotropic_constructed_macro_nats_full_precision_v3,0552c7f4701ada91e31e916f992171b9418cb47d283a56e61f311581d66266cb
2001-02-01,0.3265160270449199,1,isotropic_constructed_macro_nats_full_precision_v3,0552c7f4701ada91e31e916f992171b9418cb47d283a56e61f311581d66266cb
2001-02-05,0.3321427316434926,1,isotropic_constructed_macro_nats_full_precision_v3,0552c7f4701ada91e31e916f992171b9418cb47d283a56e61f311581d66266cb
2001-02-07,0.3258796333786798,1,isotropic_constructed_macro_nats_full_precision_v3,0552c7f4701ada91e31e916f992171b9418cb47d283a56e61f311581d66266cb
2001-02-09,0.3284160690804461,1,isotropic_constructed_macro_nats_full_precision_v3,0552c7f4701ada91e31e916f992171b9418cb47d283a56e61f311581d66266cb
2001-02-13,0.32623582682087826,1,isotropic_constructed_macro_nats_full_precision_v3,0552c7f4701ada91e31e916f992171b9418cb47d283a56e61f311581d66266cb
2001-02-15,0.3268585360816466,1,isotropic_constructed_macro_nats_full_precision_v3,0552c7f4701ada91e31e916f992171b9418cb47d283a56e61f311581d66266cb
2001-02-20,0.32068748798842783,1,isotropic_constructed_macro_nats_full_precision_v3,0552c7f4701ada91e31e916f992171b9418cb47d283a56e61f311581d66266cb
2001-02-22,0.32776482078445157,1,isotropic_constructed_macro_nats_full_precision_v3,0552c7f4701ada91e31e916f992171b9418cb47d283a56e61f311581d66266cb
2001-02-26,0.33183208718633406,1,isotropic_constructed_macro_nats_full_precision_v3,0552c7f4701ada91e31e916f992171b9418cb47d283a56e61f311581d66266cb
2001-02-28,0.3348525823033781,1,isotropic_constructed_macro_nats_full_precision_v3,0552c7f4701ada91e31e916f992171b9418cb47d283a56e61f311581d66266cb
2001-03-02,0.33268999323977877,1,isotropic_constructed_macro_nats_full_precision_v3,0552c7f4701ada91e31e916f992171b9418cb47d283a56e61f311581d66266cb
2001-03-06,0.33795096930146107,1,isotropic_constructed_macro_nats_full_precision_v3,0552c7f4701ada91e31e916f992171b9418cb47d283a56e61f311581d66266cb
2001-03-08,0.3281099048123144,1,isotropic_constructed_macro_nats_full_precision_v3,0552c7f4701ada91e31e916f992171b9418cb47d283a56e61f311581d66266cb
2001-03-12,0.33285520485112796,1,isotropic_constructed_macro_nats_full_precision_v3,0552c7f4701ada91e31e916f992171b9418cb47d283a56e61f311581d66266cb
2001-03-14,0.3450191157194291,1,isotropic_constructed_macro_nats_full_precision_v3,0552c7f4701ada91e31e916f992171b9418cb47d283a56e61f311581d66266cb
2001-03-16,0.34234183061738366,1,isotropic_constructed_macro_nats_full_precision_v3,0552c7f4701ada91e31e916f992171b9418cb47d283a56e61f311581d66266cb
2001-03-20,0.34222337050734036,1,isotropic_constructed_macro_nats_full_precision_v3,0552c7f4701ada91e31e916f992171b9418cb47d283a56e61f311581d66266cb
2001-03-22,0.34834366997033783,1,isotropic_constructed_macro_nats_full_precision_v3,0552c7f4701ada91e31e916f992171b9418cb47d283a56e61f311581d66266cb
2001-03-26,0.3418100891343505,1,isotropic_constructed_macro_nats_full_precision_v3,0552c7f4701ada91e31e916f992171b9418cb47d283a56e61f311581d66266cb
2001-03-28,0.32994995626426576,1,isotropic_constructed_macro_nats_full_precision_v3,0552c7f4701ada91e31e916f992171b9418cb47d283a56e61f311581d66266cb
2001-03-30,0.32815514135076906,1,isotropic_constructed_macro_nats_full_precision_v3,0552c7f4701ada91e31e916f992171b9418cb47d283a56e61f311581d66266cb
2001-04-03,0.33596312452796584,1,isotropic_constructed_macro_nats_full_precision_v3,0552c7f4701ada91e31e916f992171b9418cb47d283a56e61f311581d66266cb
2001-04-05,0.33883753399532446,1,isotropic_constructed_macro_nats_full_precision_v3,0552c7f4701ada91e31e916f992171b9418cb47d283a56e61f311581d66266cb
2001-04-09,0.3328744503659822,1,isotropic_constructed_macro_nats_full_precision_v3,0552c7f4701ada91e31e916f992171b9418cb47d283a56e61f311581d66266cb
2001-04-11,0.3368800138375268,1,isotropic_constructed_macro_nats_full_precision_v3,0552c7f4701ada91e31e916f992171b9418cb47d283a56e61f311581d66266cb
2001-04-16,0.34083490089140533,1,isotropic_constructed_macro_nats_full_precision_v3,0552c7f4701ada91e31e916f992171b9418cb47d283a56e61f311581d66266cb
2001-04-18,0.3458477745819259,1,isotropic_constructed_macro_nats_full_precision_v3,0552c7f4701ada91e31e916f992171b9418cb47d283a56e61f311581d66266cb
2001-04-20,0.341756497929981,1,isotropic_constructed_macro_nats_full_precision_v3,0552c7f4701ada91e31e916f992171b9418cb47d283a56e61f311581d66266cb
2001-04-24,0.34428986081472335,1,isotropic_constructed_macro_nats_full_precision_v3,0552c7f4701ada91e31e916f992171b9418cb47d283a56e61f311581d66266cb
2001-04-26,0.35537491344102823,1,isotropic_constructed_macro_nats_full_precision_v3,0552c7f4701ada91e31e916f992171b9418cb47d283a56e61f311581d66266cb
2001-04-30,0.35826574158724417,1,isotropic_constructed_macro_nats_full_precision_v3,0552c7f4701ada91e31e916f992171b9418cb47d283a56e61f311581d66266cb
2001-05-02,0.36611873057546673,1,isotropic_constructed_macro_nats_full_precision_v3,0552c7f4701ada91e31e916f992171b9418cb47d283a56e61f311581d66266cb
2001-05-04,0.3765205812664662,1,isotropic_constructed_macro_nats_full_precision_v3,0552c7f4701ada91e31e916f992171b9418cb47d283a56e61f311581d66266cb
2001-05-08,0.3787739274130782,1,isotropic_constructed_macro_nats_full_precision_v3,0552c7f4701ada91e31e916f992171b9418cb47d283a56e61f311581d66266cb
2001-05-10,0.36943025026590437,1,isotropic_constructed_macro_nats_full_precision_v3,0552c7f4701ada91e31e916f992171b9418cb47d283a56e61f311581d66266cb
2001-05-14,0.364325007640095,2,isotropic_constructed_macro_nats_full_precision_v3,0552c7f4701ada91e31e916f992171b9418cb47d283a56e61f311581d66266cb
2001-05-16,0.3728561591321286,1,isotropic_constructed_macro_nats_full_precision_v3,0552c7f4701ada91e31e916f992171b9418cb47d283a56e61f311581d66266cb
2001-05-18,0.36807890563042917,1,isotropic_constructed_macro_nats_full_precision_v3,0552c7f4701ada91e31e916f992171b9418cb47d283a56e61f311581d66266cb
2001-05-22,0.36576319568481425,2,isotropic_constructed_macro_nats_full_precision_v3,0552c7f4701ada91e31e916f992171b9418cb47d283a56e61f311581d66266cb
2001-05-24,0.3649565418404483,2,isotropic_constructed_macro_nats_full_precision_v3,0552c7f4701ada91e31e916f992171b9418cb47d283a56e61f311581d66266cb
2001-05-29,0.3755748970131487,2,isotropic_constructed_macro_nats_full_precision_v3,0552c7f4701ada91e31e916f992171b9418cb47d283a56e61f311581d66266cb
2001-05-31,0.38139758614381863,2,isotropic_constructed_macro_nats_full_precision_v3,0552c7f4701ada91e31e916f992171b9418cb47d283a56e61f311581d66266cb
2001-06-04,0.3876765223920015,1,isotropic_constructed_macro_nats_full_precision_v3,0552c7f4701ada91e31e916f992171b9418cb47d283a56e61f311581d66266cb
2001-06-06,0.4129539415985515,1,isotropic_constructed_macro_nats_full_precision_v3,0552c7f4701ada91e31e916f992171b9418cb47d283a56e61f311581d66266cb
2001-06-08,0.413585295515686,1,isotropic_constructed_macro_nats_full_precision_v3,0552c7f4701ada91e31e916f992171b9418cb47d283a56e61f311581d66266cb
2001-06-12,0.41287338542210206,1,isotropic_constructed_macro_nats_full_precision_v3,0552c7f4701ada91e31e916f992171b9418cb47d283a56e61f311581d66266cb
2001-06-14,0.43583967301151666,1,isotropic_constructed_macro_nats_full_precision_v3,0552c7f4701ada91e31e916f992171b9418cb47d283a56e61f311581d66266cb
2001-06-18,0.4325152350810781,1,isotropic_constructed_macro_nats_full_precision_v3,0552c7f4701ada91e31e916f992171b9418cb47d283a56e61f311581d66266cb
2001-06-20,0.42373007734257384,1,isotropic_constructed_macro_nats_full_precision_v3,0552c7f4701ada91e31e916f992171b9418cb47d283a56e61f311581d66266cb
2001-06-22,0.4257708784340854,1,isotropic_constructed_macro_nats_full_precision_v3,0552c7f4701ada91e31e916f992171b9418cb47d283a56e61f311581d66266cb
2001-06-26,0.42604912233320386,1,isotropic_constructed_macro_nats_full_precision_v3,0552c7f4701ada91e31e916f992171b9418cb47d283a56e61f311581d66266cb
2001-06-28,0.4159979960254856,1,isotropic_constructed_macro_nats_full_precision_v3,0552c7f4701ada91e31e916f992171b9418cb47d283a56e61f311581d66266cb
2001-07-02,0.42397904518208007,1,isotropic_constructed_macro_nats_full_precision_v3,0552c7f4701ada91e31e916f992171b9418cb47d283a56e61f311581d66266cb
2001-07-05,0.4247018036470027,1,isotropic_constructed_macro_nats_full_precision_v3,0552c7f4701ada91e31e916f992171b9418cb47d283a56e61f311581d66266cb
2001-07-09,0.4303159723937682,1,isotropic_constructed_macro_nats_full_precision_v3,0552c7f4701ada91e31e916f992171b9418cb47d283a56e61f311581d66266cb
2001-07-11,0.4383935700169139,1,isotropic_constructed_macro_nats_full_precision_v3,0552c7f4701ada91e31e916f992171b9418cb47d283a56e61f311581d66266cb
2001-07-13,0.4496551132296477,1,isotropic_constructed_macro_nats_full_precision_v3,0552c7f4701ada91e31e916f992171b9418cb47d283a56e61f311581d66266cb
2001-07-17,0.4833923682111526,1,isotropic_constructed_macro_nats_full_precision_v3,0552c7f4701ada91e31e916f992171b9418cb47d283a56e61f311581d66266cb
2001-07-19,0.4912795718746877,1,isotropic_constructed_macro_nats_full_precision_v3,0552c7f4701ada91e31e916f992171b9418cb47d283a56e61f311581d66266cb
2001-07-23,0.48723279295739486,1,isotropic_constructed_macro_nats_full_precision_v3,0552c7f4701ada91e31e916f992171b9418cb47d283a56e61f311581d66266cb
2001-07-25,0.49401216750526433,1,isotropic_constructed_macro_nats_full_precision_v3,0552c7f4701ada91e31e916f992171b9418cb47d283a56e61f311581d66266cb
2001-07-27,0.48295308637382056,1,isotropic_constructed_macro_nats_full_precision_v3,0552c7f4701ada91e31e916f992171b9418cb47d283a56e61f311581d66266cb
2001-07-31,0.4875436295194098,1,isotropic_constructed_macro_nats_full_precision_v3,0552c7f4701ada91e31e916f992171b9418cb47d283a56e61f311581d66266cb
2001-08-02,0.4805874032932393,1,isotropic_constructed_macro_nats_full_precision_v3,0552c7f4701ada91e31e916f992171b9418cb47d283a56e61f311581d66266cb
2001-08-06,0.48179384163174,1,isotropic_constructed_macro_nats_full_precision_v3,0552c7f4701ada91e31e916f992171b9418cb47d283a56e61f311581d66266cb
2001-08-08,0.47879267867521724,1,isotropic_constructed_macro_nats_full_precision_v3,0552c7f4701ada91e31e916f992171b9418cb47d283a56e61f311581d66266cb
2001-08-10,0.47724496826405655,1,isotropic_constructed_macro_nats_full_precision_v3,0552c7f4701ada91e31e916f992171b9418cb47d283a56e61f311581d66266cb
2001-08-14,0.47363955846909195,1,isotropic_constructed_macro_nats_full_precision_v3,0552c7f4701ada91e31e916f992171b9418cb47d283a56e61f311581d66266cb
2001-08-16,0.47246183504134204,1,isotropic_constructed_macro_nats_full_precision_v3,0552c7f4701ada91e31e916f992171b9418cb47d283a56e61f311581d66266cb
2001-08-20,0.46987133157113603,1,isotropic_constructed_macro_nats_full_precision_v3,0552c7f4701ada91e31e916f992171b9418cb47d283a56e61f311581d66266cb
2001-08-22,0.47098807167547335,1,isotropic_constructed_macro_nats_full_precision_v3,0552c7f4701ada91e31e916f992171b9418cb47d283a56e61f311581d66266cb
2001-08-24,0.46441266349398747,1,isotropic_constructed_macro_nats_full_precision_v3,0552c7f4701ada91e31e916f992171b9418cb47d283a56e61f311581d66266cb
2001-08-28,0.4633414613572235,1,isotropic_constructed_macro_nats_full_precision_v3,0552c7f4701ada91e31e916f992171b9418cb47d283a56e61f311581d66266cb
2001-08-30,0.4652950155460672,1,isotropic_constructed_macro_nats_full_precision_v3,0552c7f4701ada91e31e916f992171b9418cb47d283a56e61f311581d66266cb
2001-09-04,0.4712083604526663,1,isotropic_constructed_macro_nats_full_precision_v3,0552c7f4701ada91e31e916f992171b9418cb47d283a56e61f311581d66266cb
2001-09-06,0.477722647451555,1,isotropic_constructed_macro_nats_full_precision_v3,0552c7f4701ada91e31e916f992171b9418cb47d283a56e61f311581d66266cb
2001-09-10,0.4813888299401798,1,isotropic_constructed_macro_nats_full_precision_v3,0552c7f4701ada91e31e916f992171b9418cb47d283a56e61f311581d66266cb
2001-09-18,0.47067237088638547,1,isotropic_constructed_macro_nats_full_precision_v3,0552c7f4701ada91e31e916f992171b9418cb47d283a56e61f311581d66266cb
2001-09-20,0.4742390534449232,1,isotropic_constructed_macro_nats_full_precision_v3,0552c7f4701ada91e31e916f992171b9418cb47d283a56e61f311581d66266cb
2001-09-24,0.46671909151056046,1,isotropic_constructed_macro_nats_full_precision_v3,0552c7f4701ada91e31e916f992171b9418cb47d283a56e61f311581d66266cb
2001-09-26,0.4497672502686028,1,isotropic_constructed_macro_nats_full_precision_v3,0552c7f4701ada91e31e916f992171b9418cb47d283a56e61f311581d66266cb
2001-09-28,0.4507385295364827,1,isotropic_constructed_macro_nats_full_precision_v3,0552c7f4701ada91e31e916f992171b9418cb47d283a56e61f311581d66266cb
2001-10-02,0.47265648194211995,1,isotropic_constructed_macro_nats_full_precision_v3,0552c7f4701ada91e31e916f992171b9418cb47d283a56e61f311581d66266cb
2001-10-04,0.4754234142912773,1,isotropic_constructed_macro_nats_full_precision_v3,0552c7f4701ada91e31e916f992171b9418cb47d283a56e61f311581d66266cb
2001-10-08,0.4687558395887638,1,isotropic_constructed_macro_nats_full_precision_v3,0552c7f4701ada91e31e916f992171b9418cb47d283a56e61f311581d66266cb
2001-10-10,0.5048173597359564,1,isotropic_constructed_macro_nats_full_precision_v3,0552c7f4701ada91e31e916f992171b9418cb47d283a56e61f311581d66266cb
2001-10-12,0.5048391595445063,1,isotropic_constructed_macro_nats_full_precision_v3,0552c7f4701ada91e31e916f992171b9418cb47d283a56e61f311581d66266cb
2001-10-16,0.5135671351557469,1,isotropic_constructed_macro_nats_full_precision_v3,0552c7f4701ada91e31e916f992171b9418cb47d283a56e61f311581d66266cb
2001-10-18,0.4937540726385381,1,isotropic_constructed_macro_nats_full_precision_v3,0552c7f4701ada91e31e916f992171b9418cb47d283a56e61f311581d66266cb
2001-10-22,0.4936514916784991,1,isotropic_constructed_macro_nats_full_precision_v3,0552c7f4701ada91e31e916f992171b9418cb47d283a56e61f311581d66266cb
2001-10-24,0.5070047134673002,1,isotropic_constructed_macro_nats_full_precision_v3,0552c7f4701ada91e31e916f992171b9418cb47d283a56e61f311581d66266cb
2001-10-26,0.50709481121299,1,isotropic_constructed_macro_nats_full_precision_v3,0552c7f4701ada91e31e916f992171b9418cb47d283a56e61f311581d66266cb
2001-10-30,0.5034773733324143,1,isotropic_constructed_macro_nats_full_precision_v3,0552c7f4701ada91e31e916f992171b9418cb47d283a56e61f311581d66266cb
2001-11-01,0.5162770569348639,1,isotropic_constructed_macro_nats_full_precision_v3,0552c7f4701ada91e31e916f992171b9418cb47d283a56e61f311581d66266cb
2001-11-05,0.5052503354641091,1,isotropic_constructed_macro_nats_full_precision_v3,0552c7f4701ada91e31e916f992171b9418cb47d283a56e61f311581d66266cb
2001-11-07,0.4999072723543817,1,isotropic_constructed_macro_nats_full_precision_v3,0552c7f4701ada91e31e916f992171b9418cb47d283a56e61f311581d66266cb
2001-11-09,0.47533648678956264,1,isotropic_constructed_macro_nats_full_precision_v3,0552c7f4701ada91e31e916f992171b9418cb47d283a56e61f311581d66266cb
2001-11-13,0.4716316534481451,1,isotropic_constructed_macro_nats_full_precision_v3,0552c7f4701ada91e31e916f992171b9418cb47d283a56e61f311581d66266cb
2001-11-15,0.4561549399253296,1,isotropic_constructed_macro_nats_full_precision_v3,0552c7f4701ada91e31e916f992171b9418cb47d283a56e61f311581d66266cb
2001-11-19,0.4599495809146962,1,isotropic_constructed_macro_nats_full_precision_v3,0552c7f4701ada91e31e916f992171b9418cb47d283a56e61f311581d66266cb
2001-11-21,0.47794166624038487,1,isotropic_constructed_macro_nats_full_precision_v3,0552c7f4701ada91e31e916f992171b9418cb47d283a56e61f311581d66266cb
2001-11-26,0.4759354770791533,1,isotropic_constructed_macro_nats_full_precision_v3,0552c7f4701ada91e31e916f992171b9418cb47d283a56e61f311581d66266cb
2001-11-28,0.47128257989727335,1,isotropic_constructed_macro_nats_full_precision_v3,0552c7f4701ada91e31e916f992171b9418cb47d283a56e61f311581d66266cb
2001-11-30,0.471369164105483,1,isotropic_constructed_macro_nats_full_precision_v3,0552c7f4701ada91e31e916f992171b9418cb47d283a56e61f311581d66266cb
2001-12-04,0.46621326386181483,1,isotropic_constructed_macro_nats_full_precision_v3,0552c7f4701ada91e31e916f992171b9418cb47d283a56e61f311581d66266cb
2001-12-06,0.46483707163865673,1,isotropic_constructed_macro_nats_full_precision_v3,0552c7f4701ada91e31e916f992171b9418cb47d283a56e61f311581d66266cb
2001-12-10,0.46414306518133897,1,isotropic_constructed_macro_nats_full_precision_v3,0552c7f4701ada91e31e916f992171b9418cb47d283a56e61f311581d66266cb
2001-12-12,0.46274727002034977,1,isotropic_constructed_macro_nats_full_precision_v3,0552c7f4701ada91e31e916f992171b9418cb47d283a56e61f311581d66266cb
2001-12-14,0.4564431016898768,1,isotropic_constructed_macro_nats_full_precision_v3,0552c7f4701ada91e31e916f992171b9418cb47d283a56e61f311581d66266cb
2001-12-18,0.4684865453376342,1,isotropic_constructed_macro_nats_full_precision_v3,0552c7f4701ada91e31e916f992171b9418cb47d283a56e61f311581d66266cb
2001-12-20,0.46737903062142483,1,isotropic_constructed_macro_nats_full_precision_v3,0552c7f4701ada91e31e916f992171b9418cb47d283a56e61f311581d66266cb
2001-12-24,0.45962911083021896,1,isotropic_constructed_macro_nats_full_precision_v3,0552c7f4701ada91e31e916f992171b9418cb47d283a56e61f311581d66266cb
2001-12-27,0.46169411059456694,1,isotropic_constructed_macro_nats_full_precision_v3,0552c7f4701ada91e31e916f992171b9418cb47d283a56e61f311581d66266cb
2001-12-31,0.4566747775842222,1,isotropic_constructed_macro_nats_full_precision_v3,0552c7f4701ada91e31e916f992171b9418cb47d283a56e61f311581d66266cb
2002-01-03,0.45553308849102386,1,isotropic_constructed_macro_nats_full_precision_v3,0552c7f4701ada91e31e916f992171b9418cb47d283a56e61f311581d66266cb
2002-01-07,0.469439290676401,1,isotropic_constructed_macro_nats_full_precision_v3,0552c7f4701ada91e31e916f992171b9418cb47d283a56e61f311581d66266cb
2002-01-09,0.46570600402158785,1,isotropic_constructed_macro_nats_full_precision_v3,0552c7f4701ada91e31e916f992171b9418cb47d283a56e61f311581d66266cb
2002-01-11,0.4659410760073808,1,isotropic_constructed_macro_nats_full_precision_v3,0552c7f4701ada91e31e916f992171b9418cb47d283a56e61f311581d66266cb
2002-01-15,0.48722551702762434,1,isotropic_constructed_macro_nats_full_precision_v3,0552c7f4701ada91e31e916f992171b9418cb47d283a56e61f311581d66266cb
2002-01-17,0.4826331393659726,1,isotropic_constructed_macro_nats_full_precision_v3,0552c7f4701ada91e31e916f992171b9418cb47d283a56e61f311581d66266cb
2002-01-22,0.4781596577148044,1,isotropic_constructed_macro_nats_full_precision_v3,0552c7f4701ada91e31e916f992171b9418cb47d283a56e61f311581d66266cb
2002-01-24,0.497510654647024,1,isotropic_constructed_macro_nats_full_precision_v3,0552c7f4701ada91e31e916f992171b9418cb47d283a56e61f311581d66266cb
2002-01-28,0.4642686553620332,1,isotropic_constructed_macro_nats_full_precision_v3,0552c7f4701ada91e31e916f992171b9418cb47d283a56e61f311581d66266cb
2002-01-30,0.46603970260926386,1,isotropic_constructed_macro_nats_full_precision_v3,0552c7f4701ada91e31e916f992171b9418cb47d283a56e61f311581d66266cb
2002-02-01,0.465148954975339,1,isotropic_constructed_macro_nats_full_precision_v3,0552c7f4701ada91e31e916f992171b9418cb47d283a56e61f311581d66266cb
2002-02-05,0.4579721538651504,1,isotropic_constructed_macro_nats_full_precision_v3,0552c7f4701ada91e31e916f992171b9418cb47d283a56e61f311581d66266cb
2002-02-07,0.45987015693006544,1,isotropic_constructed_macro_nats_full_precision_v3,0552c7f4701ada91e31e916f992171b9418cb47d283a56e61f311581d66266cb
2002-02-11,0.4494089274629447,1,isotropic_constructed_macro_nats_full_precision_v3,0552c7f4701ada91e31e916f992171b9418cb47d283a56e61f311581d66266cb
2002-02-13,0.44869129743895264,1,isotropic_constructed_macro_nats_full_precision_v3,0552c7f4701ada91e31e916f992171b9418cb47d283a56e61f311581d66266cb
2002-02-15,0.4471162623566527,1,isotropic_constructed_macro_nats_full_precision_v3,0552c7f4701ada91e31e916f992171b9418cb47d283a56e61f311581d66266cb
2002-02-20,0.45687700167304635,1,isotropic_constructed_macro_nats_full_precision_v3,0552c7f4701ada91e31e916f992171b9418cb47d283a56e61f311581d66266cb
2002-02-22,0.4588434016589761,1,isotropic_constructed_macro_nats_full_precision_v3,0552c7f4701ada91e31e916f992171b9418cb47d283a56e61f311581d66266cb
2002-02-26,0.4777686936920479,1,isotropic_constructed_macro_nats_full_precision_v3,0552c7f4701ada91e31e916f992171b9418cb47d283a56e61f311581d66266cb
2002-02-28,0.4583477652590177,1,isotropic_constructed_macro_nats_full_precision_v3,0552c7f4701ada91e31e916f992171b9418cb47d283a56e61f311581d66266cb
2002-03-04,0.47377677302587995,1,isotropic_constructed_macro_nats_full_precision_v3,0552c7f4701ada91e31e916f992171b9418cb47d283a56e61f311581d66266cb
2002-03-06,0.4836447757302304,1,isotropic_constructed_macro_nats_full_precision_v3,0552c7f4701ada91e31e916f992171b9418cb47d283a56e61f311581d66266cb
2002-03-08,0.45859418729462226,1,isotropic_constructed_macro_nats_full_precision_v3,0552c7f4701ada91e31e916f992171b9418cb47d283a56e61f311581d66266cb
2002-03-12,0.4559890286709905,1,isotropic_constructed_macro_nats_full_precision_v3,0552c7f4701ada91e31e916f992171b9418cb47d283a56e61f311581d66266cb
2002-03-14,0.4848266281934902,1,isotropic_constructed_macro_nats_full_precision_v3,0552c7f4701ada91e31e916f992171b9418cb47d283a56e61f311581d66266cb
2002-03-18,0.4813505247501145,1,isotropic_constructed_macro_nats_full_precision_v3,0552c7f4701ada91e31e916f992171b9418cb47d283a56e61f311581d66266cb
2002-03-20,0.48967340069142823,1,isotropic_constructed_macro_nats_full_precision_v3,0552c7f4701ada91e31e916f992171b9418cb47d283a56e61f311581d66266cb
2002-03-22,0.4835747541728298,1,isotropic_constructed_macro_nats_full_precision_v3,0552c7f4701ada91e31e916f992171b9418cb47d283a56e61f311581d66266cb
2002-03-26,0.48362100904479133,1,isotropic_constructed_macro_nats_full_precision_v3,0552c7f4701ada91e31e916f992171b9418cb47d283a56e61f311581d66266cb
2002-03-28,0.47811743776717086,1,isotropic_constructed_macro_nats_full_precision_v3,0552c7f4701ada91e31e916f992171b9418cb47d283a56e61f311581d66266cb
2002-04-02,0.4840015258436113,1,isotropic_constructed_macro_nats_full_precision_v3,0552c7f4701ada91e31e916f992171b9418cb47d283a56e61f311581d66266cb
2002-04-04,0.47753142108407565,1,isotropic_constructed_macro_nats_full_precision_v3,0552c7f4701ada91e31e916f992171b9418cb47d283a56e61f311581d66266cb
2002-04-08,0.46481468308052976,1,isotropic_constructed_macro_nats_full_precision_v3,0552c7f4701ada91e31e916f992171b9418cb47d283a56e61f311581d66266cb
2002-04-10,0.46002410996132365,1,isotropic_constructed_macro_nats_full_precision_v3,0552c7f4701ada91e31e916f992171b9418cb47d283a56e61f311581d66266cb
2002-04-12,0.47224822479642153,1,isotropic_constructed_macro_nats_full_precision_v3,0552c7f4701ada91e31e916f992171b9418cb47d283a56e61f311581d66266cb
2002-04-16,0.4452317796359223,1,isotropic_constructed_macro_nats_full_precision_v3,0552c7f4701ada91e31e916f992171b9418cb47d283a56e61f311581d66266cb
2002-04-18,0.43271795668351104,1,isotropic_constructed_macro_nats_full_precision_v3,0552c7f4701ada91e31e916f992171b9418cb47d283a56e61f311581d66266cb
2002-04-22,0.43714582737868407,1,isotropic_constructed_macro_nats_full_precision_v3,0552c7f4701ada91e31e916f992171b9418cb47d283a56e61f311581d66266cb
2002-04-24,0.43299230236233777,1,isotropic_constructed_macro_nats_full_precision_v3,0552c7f4701ada91e31e916f992171b9418cb47d283a56e61f311581d66266cb
2002-04-26,0.4401351723331391,1,isotropic_constructed_macro_nats_full_precision_v3,0552c7f4701ada91e31e916f992171b9418cb47d283a56e61f311581d66266cb
2002-04-30,0.44351888130140293,1,isotropic_constructed_macro_nats_full_precision_v3,0552c7f4701ada91e31e916f992171b9418cb47d283a56e61f311581d66266cb
2002-05-02,0.44525983603212055,1,isotropic_constructed_macro_nats_full_precision_v3,0552c7f4701ada91e31e916f992171b9418cb47d283a56e61f311581d66266cb
2002-05-06,0.44486566411914097,1,isotropic_constructed_macro_nats_full_precision_v3,0552c7f4701ada91e31e916f992171b9418cb47d283a56e61f311581d66266cb
2002-05-08,0.43995852837608146,1,isotropic_constructed_macro_nats_full_precision_v3,0552c7f4701ada91e31e916f992171b9418cb47d283a56e61f311581d66266cb
2002-05-10,0.43421984252209694,2,isotropic_constructed_macro_nats_full_precision_v3,0552c7f4701ada91e31e916f992171b9418cb47d283a56e61f311581d66266cb
2002-05-14,0.43427855886578537,1,isotropic_constructed_macro_nats_full_precision_v3,0552c7f4701ada91e31e916f992171b9418cb47d283a56e61f311581d66266cb
2002-05-16,0.4504958003504481,1,isotropic_constructed_macro_nats_full_precision_v3,0552c7f4701ada91e31e916f992171b9418cb47d283a56e61f311581d66266cb
2002-05-20,0.43355799329377803,1,isotropic_constructed_macro_nats_full_precision_v3,0552c7f4701ada91e31e916f992171b9418cb47d283a56e61f311581d66266cb
2002-05-22,0.4330308513430171,1,isotropic_constructed_macro_nats_full_precision_v3,0552c7f4701ada91e31e916f992171b9418cb47d283a56e61f311581d66266cb
2002-05-24,0.4409098079918041,1,isotropic_constructed_macro_nats_full_precision_v3,0552c7f4701ada91e31e916f992171b9418cb47d283a56e61f311581d66266cb
2002-05-29,0.44150608146513826,1,isotropic_constructed_macro_nats_full_precision_v3,0552c7f4701ada91e31e916f992171b9418cb47d283a56e61f311581d66266cb
2002-05-31,0.4350815869543278,2,isotropic_constructed_macro_nats_full_precision_v3,0552c7f4701ada91e31e916f992171b9418cb47d283a56e61f311581d66266cb
2002-06-04,0.4611877818045141,1,isotropic_constructed_macro_nats_full_precision_v3,0552c7f4701ada91e31e916f992171b9418cb47d283a56e61f311581d66266cb
2002-06-06,0.46743791306982535,1,isotropic_constructed_macro_nats_full_precision_v3,0552c7f4701ada91e31e916f992171b9418cb47d283a56e61f311581d66266cb
2002-06-10,0.4636791653019668,1,isotropic_constructed_macro_nats_full_precision_v3,0552c7f4701ada91e31e916f992171b9418cb47d283a56e61f311581d66266cb
2002-06-12,0.4633896267957746,2,isotropic_constructed_macro_nats_full_precision_v3,0552c7f4701ada91e31e916f992171b9418cb47d283a56e61f311581d66266cb
2002-06-14,0.4748811977983346,2,isotropic_constructed_macro_nats_full_precision_v3,0552c7f4701ada91e31e916f992171b9418cb47d283a56e61f311581d66266cb
2002-06-18,0.4669490803190415,2,isotropic_constructed_macro_nats_full_precision_v3,0552c7f4701ada91e31e916f992171b9418cb47d283a56e61f311581d66266cb
2002-06-20,0.4688361490431273,2,isotropic_constructed_macro_nats_full_precision_v3,0552c7f4701ada91e31e916f992171b9418cb47d283a56e61f311581d66266cb
2002-06-24,0.4698592118287986,2,isotropic_constructed_macro_nats_full_precision_v3,0552c7f4701ada91e31e916f992171b9418cb47d283a56e61f311581d66266cb
2002-06-26,0.4789260577019653,1,isotropic_constructed_macro_nats_full_precision_v3,0552c7f4701ada91e31e916f992171b9418cb47d283a56e61f311581d66266cb
2002-06-28,0.45796086879228676,1,isotropic_constructed_macro_nats_full_precision_v3,0552c7f4701ada91e31e916f992171b9418cb47d283a56e61f311581d66266cb
2002-07-02,0.4442688825791532,1,isotropic_constructed_macro_nats_full_precision_v3,0552c7f4701ada91e31e916f992171b9418cb47d283a56e61f311581d66266cb
2002-07-05,0.43264307116784523,1,isotropic_constructed_macro_nats_full_precision_v3,0552c7f4701ada91e31e916f992171b9418cb47d283a56e61f311581d66266cb
2002-07-09,0.44171075899604484,1,isotropic_constructed_macro_nats_full_precision_v3,0552c7f4701ada91e31e916f992171b9418cb47d283a56e61f311581d66266cb
2002-07-11,0.44648549342562266,1,isotropic_constructed_macro_nats_full_precision_v3,0552c7f4701ada91e31e916f992171b9418cb47d283a56e61f311581d66266cb
2002-07-15,0.47872106757521393,1,isotropic_constructed_macro_nats_full_precision_v3,0552c7f4701ada91e31e916f992171b9418cb47d283a56e61f311581d66266cb
2002-07-17,0.46530418379862304,1,isotropic_constructed_macro_nats_full_precision_v3,0552c7f4701ada91e31e916f992171b9418cb47d283a56e61f311581d66266cb
2002-07-19,0.4636844414268482,1,isotropic_constructed_macro_nats_full_precision_v3,0552c7f4701ada91e31e916f992171b9418cb47d283a56e61f311581d66266cb
2002-07-23,0.4668771425127343,1,isotropic_constructed_macro_nats_full_precision_v3,0552c7f4701ada91e31e916f992171b9418cb47d283a56e61f311581d66266cb
2002-07-25,0.47906739451971964,1,isotropic_constructed_macro_nats_full_precision_v3,0552c7f4701ada91e31e916f992171b9418cb47d283a56e61f311581d66266cb
2002-07-29,0.4960353984483945,1,isotropic_constructed_macro_nats_full_precision_v3,0552c7f4701ada91e31e916f992171b9418cb47d283a56e61f311581d66266cb
2002-07-31,0.5504179543896066,1,isotropic_constructed_macro_nats_full_precision_v3,0552c7f4701ada91e31e916f992171b9418cb47d283a56e61f311581d66266cb
2002-08-02,0.5474557500002836,1,isotropic_constructed_macro_nats_full_precision_v3,0552c7f4701ada91e31e916f992171b9418cb47d283a56e61f311581d66266cb
2002-08-06,0.5466759692027445,1,isotropic_constructed_macro_nats_full_precision_v3,0552c7f4701ada91e31e916f992171b9418cb47d283a56e61f311581d66266cb
2002-08-08,0.5469838075121112,1,isotropic_constructed_macro_nats_full_precision_v3,0552c7f4701ada91e31e916f992171b9418cb47d283a56e61f311581d66266cb
2002-08-12,0.5388980189320617,1,isotropic_constructed_macro_nats_full_precision_v3,0552c7f4701ada91e31e916f992171b9418cb47d283a56e61f311581d66266cb
2002-08-14,0.5379936514936764,1,isotropic_constructed_macro_nats_full_precision_v3,0552c7f4701ada91e31e916f992171b9418cb47d283a56e61f311581d66266cb
2002-08-16,0.541786992031984,1,isotropic_constructed_macro_nats_full_precision_v3,0552c7f4701ada91e31e916f992171b9418cb47d283a56e61f311581d66266cb
2002-08-20,0.533738269837748,1,isotropic_constructed_macro_nats_full_precision_v3,0552c7f4701ada91e31e916f992171b9418cb47d283a56e61f311581d66266cb
2002-08-22,0.5392279562872295,1,isotropic_constructed_macro_nats_full_precision_v3,0552c7f4701ada91e31e916f992171b9418cb47d283a56e61f311581d66266cb
2002-08-26,0.5364943702295101,1,isotropic_constructed_macro_nats_full_precision_v3,0552c7f4701ada91e31e916f992171b9418cb47d283a56e61f311581d66266cb
2002-08-28,0.533863919407906,1,isotropic_constructed_macro_nats_full_precision_v3,0552c7f4701ada91e31e916f992171b9418cb47d283a56e61f311581d66266cb
2002-08-30,0.5257644596032389,1,isotropic_constructed_macro_nats_full_precision_v3,0552c7f4701ada91e31e916f992171b9418cb47d283a56e61f311581d66266cb
2002-09-04,0.5391923395722538,1,isotropic_constructed_macro_nats_full_precision_v3,0552c7f4701ada91e31e916f992171b9418cb47d283a56e61f311581d66266cb
2002-09-06,0.5232381694897406,1,isotropic_constructed_macro_nats_full_precision_v3,0552c7f4701ada91e31e916f992171b9418cb47d283a56e61f311581d66266cb
2002-09-10,0.5272465592949986,1,isotropic_constructed_macro_nats_full_precision_v3,0552c7f4701ada91e31e916f992171b9418cb47d283a56e61f311581d66266cb
2002-09-12,0.5461638118840264,1,isotropic_constructed_macro_nats_full_precision_v3,0552c7f4701ada91e31e916f992171b9418cb47d283a56e61f311581d66266cb
2002-09-16,0.5619954380542995,1,isotropic_constructed_macro_nats_full_precision_v3,0552c7f4701ada91e31e916f992171b9418cb47d283a56e61f311581d66266cb
2002-09-18,0.5633902590322364,1,isotropic_constructed_macro_nats_full_precision_v3,0552c7f4701ada91e31e916f992171b9418cb47d283a56e61f311581d66266cb
2002-09-20,0.5485578401133646,1,isotropic_constructed_macro_nats_full_precision_v3,0552c7f4701ada91e31e916f992171b9418cb47d283a56e61f311581d66266cb
2002-09-24,0.5244375793742082,1,isotropic_constructed_macro_nats_full_precision_v3,0552c7f4701ada91e31e916f992171b9418cb47d283a56e61f311581d66266cb
2002-09-26,0.5096402506859923,1,isotropic_constructed_macro_nats_full_precision_v3,0552c7f4701ada91e31e916f992171b9418cb47d283a56e61f311581d66266cb
2002-09-30,0.5043717081039858,1,isotropic_constructed_macro_nats_full_precision_v3,0552c7f4701ada91e31e916f992171b9418cb47d283a56e61f311581d66266cb
2002-10-02,0.486038127501547,1,isotropic_constructed_macro_nats_full_precision_v3,0552c7f4701ada91e31e916f992171b9418cb47d283a56e61f311581d66266cb
2002-10-04,0.4756352766494181,1,isotropic_constructed_macro_nats_full_precision_v3,0552c7f4701ada91e31e916f992171b9418cb47d283a56e61f311581d66266cb
2002-10-08,0.4309956439285478,1,isotropic_constructed_macro_nats_full_precision_v3,0552c7f4701ada91e31e916f992171b9418cb47d283a56e61f311581d66266cb
2002-10-10,0.4351654505151749,1,isotropic_constructed_macro_nats_full_precision_v3,0552c7f4701ada91e31e916f992171b9418cb47d283a56e61f311581d66266cb
2002-10-14,0.44181733351846597,1,isotropic_constructed_macro_nats_full_precision_v3,0552c7f4701ada91e31e916f992171b9418cb47d283a56e61f311581d66266cb
2002-10-16,0.3819142274903698,1,isotropic_constructed_macro_nats_full_precision_v3,0552c7f4701ada91e31e916f992171b9418cb47d283a56e61f311581d66266cb
2002-10-18,0.38903610837581387,1,isotropic_constructed_macro_nats_full_precision_v3,0552c7f4701ada91e31e916f992171b9418cb47d283a56e61f311581d66266cb
2002-10-22,0.38530810673977073,1,isotropic_constructed_macro_nats_full_precision_v3,0552c7f4701ada91e31e916f992171b9418cb47d283a56e61f311581d66266cb
2002-10-24,0.36293624828497134,2,isotropic_constructed_macro_nats_full_precision_v3,0552c7f4701ada91e31e916f992171b9418cb47d283a56e61f311581d66266cb
2002-10-28,0.3718551280392616,1,isotropic_constructed_macro_nats_full_precision_v3,0552c7f4701ada91e31e916f992171b9418cb47d283a56e61f311581d66266cb
2002-10-30,0.3563092508270872,1,isotropic_constructed_macro_nats_full_precision_v3,0552c7f4701ada91e31e916f992171b9418cb47d283a56e61f311581d66266cb
2002-11-01,0.401632399687825,1,isotropic_constructed_macro_nats_full_precision_v3,0552c7f4701ada91e31e916f992171b9418cb47d283a56e61f311581d66266cb
2002-11-05,0.4319672085496998,1,isotropic_constructed_macro_nats_full_precision_v3,0552c7f4701ada91e31e916f992171b9418cb47d283a56e61f311581d66266cb
2002-11-07,0.4136477634386809,1,isotropic_constructed_macro_nats_full_precision_v3,0552c7f4701ada91e31e916f992171b9418cb47d283a56e61f311581d66266cb
2002-11-11,0.4085309454076001,1,isotropic_constructed_macro_nats_full_precision_v3,0552c7f4701ada91e31e916f992171b9418cb47d283a56e61f311581d66266cb
2002-11-13,0.39116361366023894,2,isotropic_constructed_macro_nats_full_precision_v3,0552c7f4701ada91e31e916f992171b9418cb47d283a56e61f311581d66266cb
2002-11-15,0.41247039375719236,1,isotropic_constructed_macro_nats_full_precision_v3,0552c7f4701ada91e31e916f992171b9418cb47d283a56e61f311581d66266cb
2002-11-19,0.42301375147875064,1,isotropic_constructed_macro_nats_full_precision_v3,0552c7f4701ada91e31e916f992171b9418cb47d283a56e61f311581d66266cb
2002-11-21,0.42614795510576325,1,isotropic_constructed_macro_nats_full_precision_v3,0552c7f4701ada91e31e916f992171b9418cb47d283a56e61f311581d66266cb
2002-11-25,0.4257877013240817,1,isotropic_constructed_macro_nats_full_precision_v3,0552c7f4701ada91e31e916f992171b9418cb47d283a56e61f311581d66266cb
2002-11-27,0.4168190552078187,3,isotropic_constructed_macro_nats_full_precision_v3,0552c7f4701ada91e31e916f992171b9418cb47d283a56e61f311581d66266cb
2002-12-02,0.4471528619080201,2,isotropic_constructed_macro_nats_full_precision_v3,0552c7f4701ada91e31e916f992171b9418cb47d283a56e61f311581d66266cb
2002-12-04,0.446555939694657,1,isotropic_constructed_macro_nats_full_precision_v3,0552c7f4701ada91e31e916f992171b9418cb47d283a56e61f311581d66266cb
2002-12-06,0.4437491551895531,2,isotropic_constructed_macro_nats_full_precision_v3,0552c7f4701ada91e31e916f992171b9418cb47d283a56e61f311581d66266cb
2002-12-10,0.4648929873935708,2,isotropic_constructed_macro_nats_full_precision_v3,0552c7f4701ada91e31e916f992171b9418cb47d283a56e61f311581d66266cb
2002-12-12,0.45785023425356647,2,isotropic_constructed_macro_nats_full_precision_v3,0552c7f4701ada91e31e916f992171b9418cb47d283a56e61f311581d66266cb
2002-12-16,0.4711297524491065,2,isotropic_constructed_macro_nats_full_precision_v3,0552c7f4701ada91e31e916f992171b9418cb47d283a56e61f311581d66266cb
2002-12-18,0.48972964960239107,2,isotropic_constructed_macro_nats_full_precision_v3,0552c7f4701ada91e31e916f992171b9418cb47d283a56e61f311581d66266cb
2002-12-20,0.48783508349498544,2,isotropic_constructed_macro_nats_full_precision_v3,0552c7f4701ada91e31e916f992171b9418cb47d283a56e61f311581d66266cb
2002-12-24,0.4650625966216381,2,isotropic_constructed_macro_nats_full_precision_v3,0552c7f4701ada91e31e916f992171b9418cb47d283a56e61f311581d66266cb
2002-12-27,0.4695221034885242,2,isotropic_constructed_macro_nats_full_precision_v3,0552c7f4701ada91e31e916f992171b9418cb47d283a56e61f311581d66266cb
2002-12-31,0.5078409118493263,2,isotropic_constructed_macro_nats_full_precision_v3,0552c7f4701ada91e31e916f992171b9418cb47d283a56e61f311581d66266cb
2003-01-03,0.45396095489298005,1,isotropic_constructed_macro_nats_full_precision_v3,0552c7f4701ada91e31e916f992171b9418cb47d283a56e61f311581d66266cb
2003-01-07,0.47957815507415186,1,isotropic_constructed_macro_nats_full_precision_v3,0552c7f4701ada91e31e916f992171b9418cb47d283a56e61f311581d66266cb
2003-01-09,0.4858829388290414,1,isotropic_constructed_macro_nats_full_precision_v3,0552c7f4701ada91e31e916f992171b9418cb47d283a56e61f311581d66266cb
2003-01-13,0.4494912833798279,1,isotropic_constructed_macro_nats_full_precision_v3,0552c7f4701ada91e31e916f992171b9418cb47d283a56e61f311581d66266cb
2003-01-15,0.46517421411881466,2,isotropic_constructed_macro_nats_full_precision_v3,0552c7f4701ada91e31e916f992171b9418cb47d283a56e61f311581d66266cb
2003-01-17,0.4498955640900657,1,isotropic_constructed_macro_nats_full_precision_v3,0552c7f4701ada91e31e916f992171b9418cb47d283a56e61f311581d66266cb
2003-01-22,0.4738700013928655,1,isotropic_constructed_macro_nats_full_precision_v3,0552c7f4701ada91e31e916f992171b9418cb47d283a56e61f311581d66266cb
2003-01-24,0.5036754107230725,1,isotropic_constructed_macro_nats_full_precision_v3,0552c7f4701ada91e31e916f992171b9418cb47d283a56e61f311581d66266cb
2003-01-28,0.5053026457325092,1,isotropic_constructed_macro_nats_full_precision_v3,0552c7f4701ada91e31e916f992171b9418cb47d283a56e61f311581d66266cb
2003-01-30,0.4436382606095426,1,isotropic_constructed_macro_nats_full_precision_v3,0552c7f4701ada91e31e916f992171b9418cb47d283a56e61f311581d66266cb
2003-02-03,0.41496424611008836,2,isotropic_constructed_macro_nats_full_precision_v3,0552c7f4701ada91e31e916f992171b9418cb47d283a56e61f311581d66266cb
2003-02-05,0.4463678397153773,1,isotropic_constructed_macro_nats_full_precision_v3,0552c7f4701ada91e31e916f992171b9418cb47d283a56e61f311581d66266cb
2003-02-07,0.43235573240979647,1,isotropic_constructed_macro_nats_full_precision_v3,0552c7f4701ada91e31e916f992171b9418cb47d283a56e61f311581d66266cb
2003-02-11,0.4434248900496416,1,isotropic_constructed_macro_nats_full_precision_v3,0552c7f4701ada91e31e916f992171b9418cb47d283a56e61f311581d66266cb
2003-02-13,0.4423242896012373,2,isotropic_constructed_macro_nats_full_precision_v3,0552c7f4701ada91e31e916f992171b9418cb47d283a56e61f311581d66266cb
2003-02-18,0.4354245479705019,1,isotropic_constructed_macro_nats_full_precision_v3,0552c7f4701ada91e31e916f992171b9418cb47d283a56e61f311581d66266cb
2003-02-20,0.47800369942528476,1,isotropic_constructed_macro_nats_full_precision_v3,0552c7f4701ada91e31e916f992171b9418cb47d283a56e61f311581d66266cb
2003-02-24,0.47584290643505767,1,isotropic_constructed_macro_nats_full_precision_v3,0552c7f4701ada91e31e916f992171b9418cb47d283a56e61f311581d66266cb
2003-02-26,0.4454822516800614,1,isotropic_constructed_macro_nats_full_precision_v3,0552c7f4701ada91e31e916f992171b9418cb47d283a56e61f311581d66266cb
2003-02-28,0.4969162280346631,1,isotropic_constructed_macro_nats_full_precision_v3,0552c7f4701ada91e31e916f992171b9418cb47d283a56e61f311581d66266cb
2003-03-04,0.4659684801283684,1,isotropic_constructed_macro_nats_full_precision_v3,0552c7f4701ada91e31e916f992171b9418cb47d283a56e61f311581d66266cb
2003-03-06,0.491589707828143,1,isotropic_constructed_macro_nats_full_precision_v3,0552c7f4701ada91e31e916f992171b9418cb47d283a56e61f311581d66266cb
2003-03-10,0.4529044695623654,1,isotropic_constructed_macro_nats_full_precision_v3,0552c7f4701ada91e31e916f992171b9418cb47d283a56e61f311581d66266cb
2003-03-12,0.45443555007991665,1,isotropic_constructed_macro_nats_full_precision_v3,0552c7f4701ada91e31e916f992171b9418cb47d283a56e61f311581d66266cb
2003-03-14,0.46620987269105624,1,isotropic_constructed_macro_nats_full_precision_v3,0552c7f4701ada91e31e916f992171b9418cb47d283a56e61f311581d66266cb
2003-03-18,0.4360708276302679,2,isotropic_constructed_macro_nats_full_precision_v3,0552c7f4701ada91e31e916f992171b9418cb47d283a56e61f311581d66266cb
2003-03-20,0.4460096416238656,2,isotropic_constructed_macro_nats_full_precision_v3,0552c7f4701ada91e31e916f992171b9418cb47d283a56e61f311581d66266cb
2003-03-24,0.485009151862421,1,isotropic_constructed_macro_nats_full_precision_v3,0552c7f4701ada91e31e916f992171b9418cb47d283a56e61f311581d66266cb
2003-03-26,0.43820671192926763,2,isotropic_constructed_macro_nats_full_precision_v3,0552c7f4701ada91e31e916f992171b9418cb47d283a56e61f311581d66266cb
2003-03-28,0.4271490060888147,2,isotropic_constructed_macro_nats_full_precision_v3,0552c7f4701ada91e31e916f992171b9418cb47d283a56e61f311581d66266cb
2003-04-01,0.4358363743398901,1,isotropic_constructed_macro_nats_full_precision_v3,0552c7f4701ada91e31e916f992171b9418cb47d283a56e61f311581d66266cb
2003-04-03,0.42750139715802676,1,isotropic_constructed_macro_nats_full_precision_v3,0552c7f4701ada91e31e916f992171b9418cb47d283a56e61f311581d66266cb
2003-04-07,0.49568342337003873,1,isotropic_constructed_macro_nats_full_precision_v3,0552c7f4701ada91e31e916f992171b9418cb47d283a56e61f311581d66266cb
2003-04-09,0.4667040133431607,1,isotropic_constructed_macro_nats_full_precision_v3,0552c7f4701ada91e31e916f992171b9418cb47d283a56e61f311581d66266cb
2003-04-11,0.4737223799043098,1,isotropic_constructed_macro_nats_full_precision_v3,0552c7f4701ada91e31e916f992171b9418cb47d283a56e61f311581d66266cb
2003-04-15,0.4807554649348472,1,isotropic_constructed_macro_nats_full_precision_v3,0552c7f4701ada91e31e916f992171b9418cb47d283a56e61f311581d66266cb
2003-04-17,0.4859348519514317,1,isotropic_constructed_macro_nats_full_precision_v3,0552c7f4701ada91e31e916f992171b9418cb47d283a56e61f311581d66266cb
2003-04-22,0.5045575569574338,1,isotropic_constructed_macro_nats_full_precision_v3,0552c7f4701ada91e31e916f992171b9418cb47d283a56e61f311581d66266cb
2003-04-24,0.48434378852580884,1,isotropic_constructed_macro_nats_full_precision_v3,0552c7f4701ada91e31e916f992171b9418cb47d283a56e61f311581d66266cb
2003-04-28,0.506774435059286,1,isotropic_constructed_macro_nats_full_precision_v3,0552c7f4701ada91e31e916f992171b9418cb47d283a56e61f311581d66266cb
2003-04-30,0.4549103477553089,2,isotropic_constructed_macro_nats_full_precision_v3,0552c7f4701ada91e31e916f992171b9418cb47d283a56e61f311581d66266cb
2003-05-02,0.44601993122643724,2,isotropic_constructed_macro_nats_full_precision_v3,0552c7f4701ada91e31e916f992171b9418cb47d283a56e61f311581d66266cb
2003-05-06,0.47728025697052495,1,isotropic_constructed_macro_nats_full_precision_v3,0552c7f4701ada91e31e916f992171b9418cb47d283a56e61f311581d66266cb
2003-05-08,0.47878752343385694,1,isotropic_constructed_macro_nats_full_precision_v3,0552c7f4701ada91e31e916f992171b9418cb47d283a56e61f311581d66266cb
2003-05-12,0.46705333520030684,1,isotropic_constructed_macro_nats_full_precision_v3,0552c7f4701ada91e31e916f992171b9418cb47d283a56e61f311581d66266cb
2003-05-14,0.487907193959803,1,isotropic_constructed_macro_nats_full_precision_v3,0552c7f4701ada91e31e916f992171b9418cb47d283a56e61f311581d66266cb
2003-05-16,0.42821772924382323,2,isotropic_constructed_macro_nats_full_precision_v3,0552c7f4701ada91e31e916f992171b9418cb47d283a56e61f311581d66266cb
2003-05-20,0.49062541662117126,1,isotropic_constructed_macro_nats_full_precision_v3,0552c7f4701ada91e31e916f992171b9418cb47d283a56e61f311581d66266cb
2003-05-22,0.4929040238444236,1,isotropic_constructed_macro_nats_full_precision_v3,0552c7f4701ada91e31e916f992171b9418cb47d283a56e61f311581d66266cb
2003-05-27,0.5167836017338494,1,isotropic_constructed_macro_nats_full_precision_v3,0552c7f4701ada91e31e916f992171b9418cb47d283a56e61f311581d66266cb
2003-05-29,0.4183844429577743,2,isotropic_constructed_macro_nats_full_precision_v3,0552c7f4701ada91e31e916f992171b9418cb47d283a56e61f311581d66266cb
2003-06-02,0.44487163742141794,1,isotropic_constructed_macro_nats_full_precision_v3,0552c7f4701ada91e31e916f992171b9418cb47d283a56e61f311581d66266cb
2003-06-04,0.49399273769363916,1,isotropic_constructed_macro_nats_full_precision_v3,0552c7f4701ada91e31e916f992171b9418cb47d283a56e61f311581d66266cb
2003-06-06,0.4829724984265066,1,isotropic_constructed_macro_nats_full_precision_v3,0552c7f4701ada91e31e916f992171b9418cb47d283a56e61f311581d66266cb
2003-06-10,0.47092219258397666,1,isotropic_constructed_macro_nats_full_precision_v3,0552c7f4701ada91e31e916f992171b9418cb47d283a56e61f311581d66266cb
2003-06-12,0.5175992042069106,1,isotropic_constructed_macro_nats_full_precision_v3,0552c7f4701ada91e31e916f992171b9418cb47d283a56e61f311581d66266cb
2003-06-16,0.4736960949087062,1,isotropic_constructed_macro_nats_full_precision_v3,0552c7f4701ada91e31e916f992171b9418cb47d283a56e61f311581d66266cb
2003-06-18,0.4761557087674079,1,isotropic_constructed_macro_nats_full_precision_v3,0552c7f4701ada91e31e916f992171b9418cb47d283a56e61f311581d66266cb
2003-06-20,0.43824908623671954,1,isotropic_constructed_macro_nats_full_precision_v3,0552c7f4701ada91e31e916f992171b9418cb47d283a56e61f311581d66266cb
2003-06-24,0.4996412979325475,1,isotropic_constructed_macro_nats_full_precision_v3,0552c7f4701ada91e31e916f992171b9418cb47d283a56e61f311581d66266cb
2003-06-26,0.49498525037092816,2,isotropic_constructed_macro_nats_full_precision_v3,0552c7f4701ada91e31e916f992171b9418cb47d283a56e61f311581d66266cb
2003-06-30,0.4743561054179931,1,isotropic_constructed_macro_nats_full_precision_v3,0552c7f4701ada91e31e916f992171b9418cb47d283a56e61f311581d66266cb
2003-07-02,0.4841045140632893,1,isotropic_constructed_macro_nats_full_precision_v3,0552c7f4701ada91e31e916f992171b9418cb47d283a56e61f311581d66266cb
2003-07-07,0.5424319994290236,1,isotropic_constructed_macro_nats_full_precision_v3,0552c7f4701ada91e31e916f992171b9418cb47d283a56e61f311581d66266cb
2003-07-09,0.4932210634799608,1,isotropic_constructed_macro_nats_full_precision_v3,0552c7f4701ada91e31e916f992171b9418cb47d283a56e61f311581d66266cb
2003-07-11,0.5348021736676676,1,isotropic_constructed_macro_nats_full_precision_v3,0552c7f4701ada91e31e916f992171b9418cb47d283a56e61f311581d66266cb
2003-07-15,0.4756005719288961,1,isotropic_constructed_macro_nats_full_precision_v3,0552c7f4701ada91e31e916f992171b9418cb47d283a56e61f311581d66266cb
2003-07-17,0.5092763918223535,1,isotropic_constructed_macro_nats_full_precision_v3,0552c7f4701ada91e31e916f992171b9418cb47d283a56e61f311581d66266cb
2003-07-21,0.5157204372892197,1,isotropic_constructed_macro_nats_full_precision_v3,0552c7f4701ada91e31e916f992171b9418cb47d283a56e61f311581d66266cb
2003-07-23,0.4843661046164582,2,isotropic_constructed_macro_nats_full_precision_v3,0552c7f4701ada91e31e916f992171b9418cb47d283a56e61f311581d66266cb
2003-07-25,0.4305852628124505,1,isotropic_constructed_macro_nats_full_precision_v3,0552c7f4701ada91e31e916f992171b9418cb47d283a56e61f311581d66266cb
2003-07-29,0.454532474812241,1,isotropic_constructed_macro_nats_full_precision_v3,0552c7f4701ada91e31e916f992171b9418cb47d283a56e61f311581d66266cb
2003-07-31,0.4740457141327206,2,isotropic_constructed_macro_nats_full_precision_v3,0552c7f4701ada91e31e916f992171b9418cb47d283a56e61f311581d66266cb
2003-08-04,0.4545583182404138,2,isotropic_constructed_macro_nats_full_precision_v3,0552c7f4701ada91e31e916f992171b9418cb47d283a56e61f311581d66266cb
2003-08-06,0.555410644113602,1,isotropic_constructed_macro_nats_full_precision_v3,0552c7f4701ada91e31e916f992171b9418cb47d283a56e61f311581d66266cb
2003-08-08,0.5037333972656823,1,isotropic_constructed_macro_nats_full_precision_v3,0552c7f4701ada91e31e916f992171b9418cb47d283a56e61f311581d66266cb
2003-08-12,0.5461402215476523,1,isotropic_constructed_macro_nats_full_precision_v3,0552c7f4701ada91e31e916f992171b9418cb47d283a56e61f311581d66266cb
2003-08-14,0.5558437941998966,1,isotropic_constructed_macro_nats_full_precision_v3,0552c7f4701ada91e31e916f992171b9418cb47d283a56e61f311581d66266cb
2003-08-18,0.4846536064734501,1,isotropic_constructed_macro_nats_full_precision_v3,0552c7f4701ada91e31e916f992171b9418cb47d283a56e61f311581d66266cb
2003-08-20,0.5092012966850799,1,isotropic_constructed_macro_nats_full_precision_v3,0552c7f4701ada91e31e916f992171b9418cb47d283a56e61f311581d66266cb
2003-08-22,0.556927509137153,1,isotropic_constructed_macro_nats_full_precision_v3,0552c7f4701ada91e31e916f992171b9418cb47d283a56e61f311581d66266cb
2003-08-26,0.4199006266419467,1,isotropic_constructed_macro_nats_full_precision_v3,0552c7f4701ada91e31e916f992171b9418cb47d283a56e61f311581d66266cb
2003-08-28,0.5004233267000862,1,isotropic_constructed_macro_nats_full_precision_v3,0552c7f4701ada91e31e916f992171b9418cb47d283a56e61f311581d66266cb
2003-09-02,0.501681084169302,1,isotropic_constructed_macro_nats_full_precision_v3,0552c7f4701ada91e31e916f992171b9418cb47d283a56e61f311581d66266cb
2003-09-04,0.44584686468260876,2,isotropic_constructed_macro_nats_full_precision_v3,0552c7f4701ada91e31e916f992171b9418cb47d283a56e61f311581d66266cb
2003-09-08,0.4567031276599751,1,isotropic_constructed_macro_nats_full_precision_v3,0552c7f4701ada91e31e916f992171b9418cb47d283a56e61f311581d66266cb
2003-09-10,0.5391548046182624,1,isotropic_constructed_macro_nats_full_precision_v3,0552c7f4701ada91e31e916f992171b9418cb47d283a56e61f311581d66266cb
2003-09-12,0.44222242508753884,2,isotropic_constructed_macro_nats_full_precision_v3,0552c7f4701ada91e31e916f992171b9418cb47d283a56e61f311581d66266cb
2003-09-16,0.4506779454534903,1,isotropic_constructed_macro_nats_full_precision_v3,0552c7f4701ada91e31e916f992171b9418cb47d283a56e61f311581d66266cb
2003-09-18,0.4535370976128637,1,isotropic_constructed_macro_nats_full_precision_v3,0552c7f4701ada91e31e916f992171b9418cb47d283a56e61f311581d66266cb
2003-09-22,0.4784233224304088,2,isotropic_constructed_macro_nats_full_precision_v3,0552c7f4701ada91e31e916f992171b9418cb47d283a56e61f311581d66266cb
2003-09-24,0.4430773847623813,2,isotropic_constructed_macro_nats_full_precision_v3,0552c7f4701ada91e31e916f992171b9418cb47d283a56e61f311581d66266cb
2003-09-26,0.4665866541200174,2,isotropic_constructed_macro_nats_full_precision_v3,0552c7f4701ada91e31e916f992171b9418cb47d283a56e61f311581d66266cb
2003-09-30,0.43163853971261307,1,isotropic_constructed_macro_nats_full_precision_v3,0552c7f4701ada91e31e916f992171b9418cb47d283a56e61f311581d66266cb
2003-10-02,0.49988543853536166,1,isotropic_constructed_macro_nats_full_precision_v3,0552c7f4701ada91e31e916f992171b9418cb47d283a56e61f311581d66266cb
2003-10-06,0.47870893983749996,1,isotropic_constructed_macro_nats_full_precision_v3,0552c7f4701ada91e31e916f992171b9418cb47d283a56e61f311581d66266cb
2003-10-08,0.4960737877793787,1,isotropic_constructed_macro_nats_full_precision_v3,0552c7f4701ada91e31e916f992171b9418cb47d283a56e61f311581d66266cb
2003-10-10,0.4330298395806374,1,isotropic_constructed_macro_nats_full_precision_v3,0552c7f4701ada91e31e916f992171b9418cb47d283a56e61f311581d66266cb
2003-10-14,0.5079188147038516,1,isotropic_constructed_macro_nats_full_precision_v3,0552c7f4701ada91e31e916f992171b9418cb47d283a56e61f311581d66266cb
2003-10-16,0.5147893534749806,1,isotropic_constructed_macro_nats_full_precision_v3,0552c7f4701ada91e31e916f992171b9418cb47d283a56e61f311581d66266cb
2003-10-20,0.46504351735647215,1,isotropic_constructed_macro_nats_full_precision_v3,0552c7f4701ada91e31e916f992171b9418cb47d283a56e61f311581d66266cb
2003-10-22,0.41976243807394087,3,isotropic_constructed_macro_nats_full_precision_v3,0552c7f4701ada91e31e916f992171b9418cb47d283a56e61f311581d66266cb
2003-10-24,0.4863472660141752,1,isotropic_constructed_macro_nats_full_precision_v3,0552c7f4701ada91e31e916f992171b9418cb47d283a56e61f311581d66266cb
2003-10-28,0.3983582544389484,3,isotropic_constructed_macro_nats_full_precision_v3,0552c7f4701ada91e31e916f992171b9418cb47d283a56e61f311581d66266cb
2003-10-30,0.41708216819236577,1,isotropic_constructed_macro_nats_full_precision_v3,0552c7f4701ada91e31e916f992171b9418cb47d283a56e61f311581d66266cb
2003-11-03,0.5164615403983569,1,isotropic_constructed_macro_nats_full_precision_v3,0552c7f4701ada91e31e916f992171b9418cb47d283a56e61f311581d66266cb
2003-11-05,0.44719389257396,1,isotropic_constructed_macro_nats_full_precision_v3,0552c7f4701ada91e31e916f992171b9418cb47d283a56e61f311581d66266cb
2003-11-07,0.5382010916750388,1,isotropic_constructed_macro_nats_full_precision_v3,0552c7f4701ada91e31e916f992171b9418cb47d283a56e61f311581d66266cb
2003-11-11,0.5245060011731588,1,isotropic_constructed_macro_nats_full_precision_v3,0552c7f4701ada91e31e916f992171b9418cb47d283a56e61f311581d66266cb
2003-11-13,0.4521793652676635,1,isotropic_constructed_macro_nats_full_precision_v3,0552c7f4701ada91e31e916f992171b9418cb47d283a56e61f311581d66266cb
2003-11-17,0.3665995919756546,2,isotropic_constructed_macro_nats_full_precision_v3,0552c7f4701ada91e31e916f992171b9418cb47d283a56e61f311581d66266cb
2003-11-19,0.4839314348449586,1,isotropic_constructed_macro_nats_full_precision_v3,0552c7f4701ada91e31e916f992171b9418cb47d283a56e61f311581d66266cb
2003-11-21,0.40847200787344207,2,isotropic_constructed_macro_nats_full_precision_v3,0552c7f4701ada91e31e916f992171b9418cb47d283a56e61f311581d66266cb
2003-11-25,0.44595644694912107,1,isotropic_constructed_macro_nats_full_precision_v3,0552c7f4701ada91e31e916f992171b9418cb47d283a56e61f311581d66266cb
2003-11-28,0.4692982730228221,1,isotropic_constructed_macro_nats_full_precision_v3,0552c7f4701ada91e31e916f992171b9418cb47d283a56e61f311581d66266cb
2003-12-02,0.4438863096677011,1,isotropic_constructed_macro_nats_full_precision_v3,0552c7f4701ada91e31e916f992171b9418cb47d283a56e61f311581d66266cb
2003-12-04,0.45001996269734656,1,isotropic_constructed_macro_nats_full_precision_v3,0552c7f4701ada91e31e916f992171b9418cb47d283a56e61f311581d66266cb
2003-12-08,0.4793935522680539,1,isotropic_constructed_macro_nats_full_precision_v3,0552c7f4701ada91e31e916f992171b9418cb47d283a56e61f311581d66266cb
2003-12-10,0.4845123744532196,1,isotropic_constructed_macro_nats_full_precision_v3,0552c7f4701ada91e31e916f992171b9418cb47d283a56e61f311581d66266cb
2003-12-12,0.45722283758222315,1,isotropic_constructed_macro_nats_full_precision_v3,0552c7f4701ada91e31e916f992171b9418cb47d283a56e61f311581d66266cb
2003-12-16,0.44480159955623255,2,isotropic_constructed_macro_nats_full_precision_v3,0552c7f4701ada91e31e916f992171b9418cb47d283a56e61f311581d66266cb
2003-12-18,0.4317246551199511,2,isotropic_constructed_macro_nats_full_precision_v3,0552c7f4701ada91e31e916f992171b9418cb47d283a56e61f311581d66266cb
2003-12-22,0.43049262895966756,1,isotropic_constructed_macro_nats_full_precision_v3,0552c7f4701ada91e31e916f992171b9418cb47d283a56e61f311581d66266cb
2003-12-24,0.4325374072841716,1,isotropic_constructed_macro_nats_full_precision_v3,0552c7f4701ada91e31e916f992171b9418cb47d283a56e61f311581d66266cb
2003-12-29,0.4326745382338532,1,isotropic_constructed_macro_nats_full_precision_v3,0552c7f4701ada91e31e916f992171b9418cb47d283a56e61f311581d66266cb
2003-12-31,0.444667580270463,2,isotropic_constructed_macro_nats_full_precision_v3,0552c7f4701ada91e31e916f992171b9418cb47d283a56e61f311581d66266cb
2004-01-05,0.4781066106314901,1,isotropic_constructed_macro_nats_full_precision_v3,0552c7f4701ada91e31e916f992171b9418cb47d283a56e61f311581d66266cb
2004-01-07,0.44054741000610764,2,isotropic_constructed_macro_nats_full_precision_v3,0552c7f4701ada91e31e916f992171b9418cb47d283a56e61f311581d66266cb
2004-01-09,0.4618621772148976,2,isotropic_constructed_macro_nats_full_precision_v3,0552c7f4701ada91e31e916f992171b9418cb47d283a56e61f311581d66266cb
2004-01-13,0.47225159916261245,2,isotropic_constructed_macro_nats_full_precision_v3,0552c7f4701ada91e31e916f992171b9418cb47d283a56e61f311581d66266cb
2004-01-15,0.4340279318792035,2,isotropic_constructed_macro_nats_full_precision_v3,0552c7f4701ada91e31e916f992171b9418cb47d283a56e61f311581d66266cb
2004-01-20,0.47342478091193874,2,isotropic_constructed_macro_nats_full_precision_v3,0552c7f4701ada91e31e916f992171b9418cb47d283a56e61f311581d66266cb
2004-01-22,0.49656257842253476,1,isotropic_constructed_macro_nats_full_precision_v3,0552c7f4701ada91e31e916f992171b9418cb47d283a56e61f311581d66266cb
2004-01-26,0.45193090993987217,1,isotropic_constructed_macro_nats_full_precision_v3,0552c7f4701ada91e31e916f992171b9418cb47d283a56e61f311581d66266cb
2004-01-28,0.5018622535597117,1,isotropic_constructed_macro_nats_full_precision_v3,0552c7f4701ada91e31e916f992171b9418cb47d283a56e61f311581d66266cb
2004-01-30,0.48391595047014724,2,isotropic_constructed_macro_nats_full_precision_v3,0552c7f4701ada91e31e916f992171b9418cb47d283a56e61f311581d66266cb
2004-02-03,0.4832855395261026,2,isotropic_constructed_macro_nats_full_precision_v3,0552c7f4701ada91e31e916f992171b9418cb47d283a56e61f311581d66266cb
2004-02-05,0.4583167408590594,2,isotropic_constructed_macro_nats_full_precision_v3,0552c7f4701ada91e31e916f992171b9418cb47d283a56e61f311581d66266cb
2004-02-09,0.4616068476490762,2,isotropic_constructed_macro_nats_full_precision_v3,0552c7f4701ada91e31e916f992171b9418cb47d283a56e61f311581d66266cb
2004-02-11,0.45284162914569337,2,isotropic_constructed_macro_nats_full_precision_v3,0552c7f4701ada91e31e916f992171b9418cb47d283a56e61f311581d66266cb
2004-02-13,0.462627024464968,1,isotropic_constructed_macro_nats_full_precision_v3,0552c7f4701ada91e31e916f992171b9418cb47d283a56e61f311581d66266cb
2004-02-18,0.47027043297416177,2,isotropic_constructed_macro_nats_full_precision_v3,0552c7f4701ada91e31e916f992171b9418cb47d283a56e61f311581d66266cb
2004-02-20,0.49310413131505754,2,isotropic_constructed_macro_nats_full_precision_v3,0552c7f4701ada91e31e916f992171b9418cb47d283a56e61f311581d66266cb
2004-02-24,0.4563768787191349,1,isotropic_constructed_macro_nats_full_precision_v3,0552c7f4701ada91e31e916f992171b9418cb47d283a56e61f311581d66266cb
2004-02-26,0.47378023643488193,1,isotropic_constructed_macro_nats_full_precision_v3,0552c7f4701ada91e31e916f992171b9418cb47d283a56e61f311581d66266cb
2004-03-01,0.47754862745176424,1,isotropic_constructed_macro_nats_full_precision_v3,0552c7f4701ada91e31e916f992171b9418cb47d283a56e61f311581d66266cb
2004-03-03,0.4766371161380872,2,isotropic_constructed_macro_nats_full_precision_v3,0552c7f4701ada91e31e916f992171b9418cb47d283a56e61f311581d66266cb
2004-03-05,0.4540770483543045,1,isotropic_constructed_macro_nats_full_precision_v3,0552c7f4701ada91e31e916f992171b9418cb47d283a56e61f311581d66266cb
2004-03-09,0.45533439612473986,1,isotropic_constructed_macro_nats_full_precision_v3,0552c7f4701ada91e31e916f992171b9418cb47d283a56e61f311581d66266cb
2004-03-11,0.45640845934388646,1,isotropic_constructed_macro_nats_full_precision_v3,0552c7f4701ada91e31e916f992171b9418cb47d283a56e61f311581d66266cb
2004-03-15,0.4325273988965742,1,isotropic_constructed_macro_nats_full_precision_v3,0552c7f4701ada91e31e916f992171b9418cb47d283a56e61f311581d66266cb
2004-03-17,0.43699430036487136,3,isotropic_constructed_macro_nats_full_precision_v3,0552c7f4701ada91e31e916f992171b9418cb47d283a56e61f311581d66266cb
2004-03-19,0.46157925131725486,1,isotropic_constructed_macro_nats_full_precision_v3,0552c7f4701ada91e31e916f992171b9418cb47d283a56e61f311581d66266cb
2004-03-23,0.4497700617601203,2,isotropic_constructed_macro_nats_full_precision_v3,0552c7f4701ada91e31e916f992171b9418cb47d283a56e61f311581d66266cb
2004-03-25,0.446100339862162,1,isotropic_constructed_macro_nats_full_precision_v3,0552c7f4701ada91e31e916f992171b9418cb47d283a56e61f311581d66266cb
2004-03-29,0.4500535986088533,3,isotropic_constructed_macro_nats_full_precision_v3,0552c7f4701ada91e31e916f992171b9418cb47d283a56e61f311581d66266cb
2004-03-31,0.4722578008587952,2,isotropic_constructed_macro_nats_full_precision_v3,0552c7f4701ada91e31e916f992171b9418cb47d283a56e61f311581d66266cb
2004-04-02,0.4511817231805851,1,isotropic_constructed_macro_nats_full_precision_v3,0552c7f4701ada91e31e916f992171b9418cb47d283a56e61f311581d66266cb
2004-04-06,0.4445870721644527,2,isotropic_constructed_macro_nats_full_precision_v3,0552c7f4701ada91e31e916f992171b9418cb47d283a56e61f311581d66266cb
2004-04-08,0.4482167333995154,3,isotropic_constructed_macro_nats_full_precision_v3,0552c7f4701ada91e31e916f992171b9418cb47d283a56e61f311581d66266cb
2004-04-13,0.4450070197598291,3,isotropic_constructed_macro_nats_full_precision_v3,0552c7f4701ada91e31e916f992171b9418cb47d283a56e61f311581d66266cb
2004-04-15,0.48166376341704314,2,isotropic_constructed_macro_nats_full_precision_v3,0552c7f4701ada91e31e916f992171b9418cb47d283a56e61f311581d66266cb
2004-04-19,0.4876138050702688,1,isotropic_constructed_macro_nats_full_precision_v3,0552c7f4701ada91e31e916f992171b9418cb47d283a56e61f311581d66266cb
2004-04-21,0.4430501992134417,1,isotropic_constructed_macro_nats_full_precision_v3,0552c7f4701ada91e31e916f992171b9418cb47d283a56e61f311581d66266cb
2004-04-23,0.47380209888515346,2,isotropic_constructed_macro_nats_full_precision_v3,0552c7f4701ada91e31e916f992171b9418cb47d283a56e61f311581d66266cb
2004-04-27,0.4431294176175547,3,isotropic_constructed_macro_nats_full_precision_v3,0552c7f4701ada91e31e916f992171b9418cb47d283a56e61f311581d66266cb
2004-04-29,0.4820769703032075,2,isotropic_constructed_macro_nats_full_precision_v3,0552c7f4701ada91e31e916f992171b9418cb47d283a56e61f311581d66266cb
2004-05-03,0.4790398670366127,3,isotropic_constructed_macro_nats_full_precision_v3,0552c7f4701ada91e31e916f992171b9418cb47d283a56e61f311581d66266cb
2004-05-05,0.4780891716145764,3,isotropic_constructed_macro_nats_full_precision_v3,0552c7f4701ada91e31e916f992171b9418cb47d283a56e61f311581d66266cb
2004-05-07,0.48322189149682004,3,isotropic_constructed_macro_nats_full_precision_v3,0552c7f4701ada91e31e916f992171b9418cb47d283a56e61f311581d66266cb
2004-05-11,0.4777953305812297,3,isotropic_constructed_macro_nats_full_precision_v3,0552c7f4701ada91e31e916f992171b9418cb47d283a56e61f311581d66266cb
2004-05-13,0.46837464618442964,1,isotropic_constructed_macro_nats_full_precision_v3,0552c7f4701ada91e31e916f992171b9418cb47d283a56e61f311581d66266cb
2004-05-17,0.4696433709986946,3,isotropic_constructed_macro_nats_full_precision_v3,0552c7f4701ada91e31e916f992171b9418cb47d283a56e61f311581d66266cb
2004-05-19,0.47108166349890773,3,isotropic_constructed_macro_nats_full_precision_v3,0552c7f4701ada91e31e916f992171b9418cb47d283a56e61f311581d66266cb
2004-05-21,0.4712019818233879,1,isotropic_constructed_macro_nats_full_precision_v3,0552c7f4701ada91e31e916f992171b9418cb47d283a56e61f311581d66266cb
2004-05-25,0.4606752414887901,3,isotropic_constructed_macro_nats_full_precision_v3,0552c7f4701ada91e31e916f992171b9418cb47d283a56e61f311581d66266cb
2004-05-27,0.4663762891985928,1,isotropic_constructed_macro_nats_full_precision_v3,0552c7f4701ada91e31e916f992171b9418cb47d283a56e61f311581d66266cb
2004-06-01,0.45386072182986864,3,isotropic_constructed_macro_nats_full_precision_v3,0552c7f4701ada91e31e916f992171b9418cb47d283a56e61f311581d66266cb
2004-06-03,0.4506600951580334,1,isotropic_constructed_macro_nats_full_precision_v3,0552c7f4701ada91e31e916f992171b9418cb47d283a56e61f311581d66266cb
2004-06-07,0.45079165005618077,1,isotropic_constructed_macro_nats_full_precision_v3,0552c7f4701ada91e31e916f992171b9418cb47d283a56e61f311581d66266cb
2004-06-09,0.4468775798427929,1,isotropic_constructed_macro_nats_full_precision_v3,0552c7f4701ada91e31e916f992171b9418cb47d283a56e61f311581d66266cb
2004-06-14,0.47850798281184276,2,isotropic_constructed_macro_nats_full_precision_v3,0552c7f4701ada91e31e916f992171b9418cb47d283a56e61f311581d66266cb
2004-06-16,0.4792762362587225,3,isotropic_constructed_macro_nats_full_precision_v3,0552c7f4701ada91e31e916f992171b9418cb47d283a56e61f311581d66266cb
2004-06-18,0.5083057314767079,1,isotropic_constructed_macro_nats_full_precision_v3,0552c7f4701ada91e31e916f992171b9418cb47d283a56e61f311581d66266cb
2004-06-22,0.45878904348099836,1,isotropic_constructed_macro_nats_full_precision_v3,0552c7f4701ada91e31e916f992171b9418cb47d283a56e61f311581d66266cb
2004-06-24,0.48307421007866935,2,isotropic_constructed_macro_nats_full_precision_v3,0552c7f4701ada91e31e916f992171b9418cb47d283a56e61f311581d66266cb
2004-06-28,0.5043125867444362,2,isotropic_constructed_macro_nats_full_precision_v3,0552c7f4701ada91e31e916f992171b9418cb47d283a56e61f311581d66266cb
2004-06-30,0.5004295213430572,3,isotropic_constructed_macro_nats_full_precision_v3,0552c7f4701ada91e31e916f992171b9418cb47d283a56e61f311581d66266cb
2004-07-02,0.4977771623637944,1,isotropic_constructed_macro_nats_full_precision_v3,0552c7f4701ada91e31e916f992171b9418cb47d283a56e61f311581d66266cb
2004-07-07,0.4853646485616907,3,isotropic_constructed_macro_nats_full_precision_v3,0552c7f4701ada91e31e916f992171b9418cb47d283a56e61f311581d66266cb
2004-07-09,0.469181787640891,4,isotropic_constructed_macro_nats_full_precision_v3,0552c7f4701ada91e31e916f992171b9418cb47d283a56e61f311581d66266cb
2004-07-13,0.5334718354368237,3,isotropic_constructed_macro_nats_full_precision_v3,0552c7f4701ada91e31e916f992171b9418cb47d283a56e61f311581d66266cb
2004-07-15,0.5041463107374757,3,isotropic_constructed_macro_nats_full_precision_v3,0552c7f4701ada91e31e916f992171b9418cb47d283a56e61f311581d66266cb
2004-07-19,0.49616626117017876,1,isotropic_constructed_macro_nats_full_precision_v3,0552c7f4701ada91e31e916f992171b9418cb47d283a56e61f311581d66266cb
2004-07-21,0.4974513356316992,3,isotropic_constructed_macro_nats_full_precision_v3,0552c7f4701ada91e31e916f992171b9418cb47d283a56e61f311581d66266cb
2004-07-23,0.48129087865663167,2,isotropic_constructed_macro_nats_full_precision_v3,0552c7f4701ada91e31e916f992171b9418cb47d283a56e61f311581d66266cb
2004-07-27,0.506536104898125,2,isotropic_constructed_macro_nats_full_precision_v3,0552c7f4701ada91e31e916f992171b9418cb47d283a56e61f311581d66266cb
2004-07-29,0.502935058636619,3,isotropic_constructed_macro_nats_full_precision_v3,0552c7f4701ada91e31e916f992171b9418cb47d283a56e61f311581d66266cb
2004-08-02,0.5245358564222092,2,isotropic_constructed_macro_nats_full_precision_v3,0552c7f4701ada91e31e916f992171b9418cb47d283a56e61f311581d66266cb
2004-08-04,0.48487799710444823,3,isotropic_constructed_macro_nats_full_precision_v3,0552c7f4701ada91e31e916f992171b9418cb47d283a56e61f311581d66266cb
2004-08-06,0.5226534459959205,2,isotropic_constructed_macro_nats_full_precision_v3,0552c7f4701ada91e31e916f992171b9418cb47d283a56e61f311581d66266cb
2004-08-10,0.5234322142000214,1,isotropic_constructed_macro_nats_full_precision_v3,0552c7f4701ada91e31e916f992171b9418cb47d283a56e61f311581d66266cb
2004-08-12,0.5156073004841308,3,isotropic_constructed_macro_nats_full_precision_v3,0552c7f4701ada91e31e916f992171b9418cb47d283a56e61f311581d66266cb
2004-08-16,0.4973427946349767,3,isotropic_constructed_macro_nats_full_precision_v3,0552c7f4701ada91e31e916f992171b9418cb47d283a56e61f311581d66266cb
2004-08-18,0.5234996670474643,1,isotropic_constructed_macro_nats_full_precision_v3,0552c7f4701ada91e31e916f992171b9418cb47d283a56e61f311581d66266cb
2004-08-20,0.5117477155748216,1,isotropic_constructed_macro_nats_full_precision_v3,0552c7f4701ada91e31e916f992171b9418cb47d283a56e61f311581d66266cb
2004-08-24,0.5056613725637271,3,isotropic_constructed_macro_nats_full_precision_v3,0552c7f4701ada91e31e916f992171b9418cb47d283a56e61f311581d66266cb
2004-08-26,0.5211057571708386,2,isotropic_constructed_macro_nats_full_precision_v3,0552c7f4701ada91e31e916f992171b9418cb47d283a56e61f311581d66266cb
2004-08-30,0.49969363968816677,3,isotropic_constructed_macro_nats_full_precision_v3,0552c7f4701ada91e31e916f992171b9418cb47d283a56e61f311581d66266cb
2004-09-01,0.5104845308044879,3,isotropic_constructed_macro_nats_full_precision_v3,0552c7f4701ada91e31e916f992171b9418cb47d283a56e61f311581d66266cb
2004-09-03,0.48858313031500084,3,isotropic_constructed_macro_nats_full_precision_v3,0552c7f4701ada91e31e916f992171b9418cb47d283a56e61f311581d66266cb
2004-09-08,0.513750030663526,2,isotropic_constructed_macro_nats_full_precision_v3,0552c7f4701ada91e31e916f992171b9418cb47d283a56e61f311581d66266cb
2004-09-10,0.5451116847975708,2,isotropic_constructed_macro_nats_full_precision_v3,0552c7f4701ada91e31e916f992171b9418cb47d283a56e61f311581d66266cb
2004-09-14,0.5399376581903552,3,isotropic_constructed_macro_nats_full_precision_v3,0552c7f4701ada91e31e916f992171b9418cb47d283a56e61f311581d66266cb
2004-09-16,0.5174879385532042,2,isotropic_constructed_macro_nats_full_precision_v3,0552c7f4701ada91e31e916f992171b9418cb47d283a56e61f311581d66266cb
2004-09-20,0.48707019624267517,3,isotropic_constructed_macro_nats_full_precision_v3,0552c7f4701ada91e31e916f992171b9418cb47d283a56e61f311581d66266cb
2004-09-22,0.4993315790762344,1,isotropic_constructed_macro_nats_full_precision_v3,0552c7f4701ada91e31e916f992171b9418cb47d283a56e61f311581d66266cb
2004-09-24,0.5200833929373235,3,isotropic_constructed_macro_nats_full_precision_v3,0552c7f4701ada91e31e916f992171b9418cb47d283a56e61f311581d66266cb
2004-09-28,0.5074942525882374,3,isotropic_constructed_macro_nats_full_precision_v3,0552c7f4701ada91e31e916f992171b9418cb47d283a56e61f311581d66266cb
2004-09-30,0.4922939060172654,3,isotropic_constructed_macro_nats_full_precision_v3,0552c7f4701ada91e31e916f992171b9418cb47d283a56e61f311581d66266cb
2004-10-04,0.4491502270308572,1,isotropic_constructed_macro_nats_full_precision_v3,0552c7f4701ada91e31e916f992171b9418cb47d283a56e61f311581d66266cb
2004-10-06,0.4592581760837744,1,isotropic_constructed_macro_nats_full_precision_v3,0552c7f4701ada91e31e916f992171b9418cb47d283a56e61f311581d66266cb
2004-10-08,0.4650182183528776,1,isotropic_constructed_macro_nats_full_precision_v3,0552c7f4701ada91e31e916f992171b9418cb47d283a56e61f311581d66266cb
2004-10-12,0.3857284350831785,4,isotropic_constructed_macro_nats_full_precision_v3,0552c7f4701ada91e31e916f992171b9418cb47d283a56e61f311581d66266cb
2004-10-14,0.41737372566374176,2,isotropic_constructed_macro_nats_full_precision_v3,0552c7f4701ada91e31e916f992171b9418cb47d283a56e61f311581d66266cb
2004-10-18,0.3906438557711499,2,isotropic_constructed_macro_nats_full_precision_v3,0552c7f4701ada91e31e916f992171b9418cb47d283a56e61f311581d66266cb
2004-10-20,0.3899798557243124,1,isotropic_constructed_macro_nats_full_precision_v3,0552c7f4701ada91e31e916f992171b9418cb47d283a56e61f311581d66266cb
2004-10-22,0.3742628270804909,1,isotropic_constructed_macro_nats_full_precision_v3,0552c7f4701ada91e31e916f992171b9418cb47d283a56e61f311581d66266cb
2004-10-26,0.3766101512554268,1,isotropic_constructed_macro_nats_full_precision_v3,0552c7f4701ada91e31e916f992171b9418cb47d283a56e61f311581d66266cb
2004-10-28,0.39354360690929857,1,isotropic_constructed_macro_nats_full_precision_v3,0552c7f4701ada91e31e916f992171b9418cb47d283a56e61f311581d66266cb
2004-11-01,0.38366482606172303,1,isotropic_constructed_macro_nats_full_precision_v3,0552c7f4701ada91e31e916f992171b9418cb47d283a56e61f311581d66266cb
2004-11-03,0.3844529605993104,1,isotropic_constructed_macro_nats_full_precision_v3,0552c7f4701ada91e31e916f992171b9418cb47d283a56e61f311581d66266cb
2004-11-05,0.3724869212075214,1,isotropic_constructed_macro_nats_full_precision_v3,0552c7f4701ada91e31e916f992171b9418cb47d283a56e61f311581d66266cb
2004-11-09,0.36465055653164874,3,isotropic_constructed_macro_nats_full_precision_v3,0552c7f4701ada91e31e916f992171b9418cb47d283a56e61f311581d66266cb
2004-11-11,0.36856853639786835,2,isotropic_constructed_macro_nats_full_precision_v3,0552c7f4701ada91e31e916f992171b9418cb47d283a56e61f311581d66266cb
2004-11-15,0.38274915185898956,1,isotropic_constructed_macro_nats_full_precision_v3,0552c7f4701ada91e31e916f992171b9418cb47d283a56e61f311581d66266cb
2004-11-17,0.37559183810068386,4,isotropic_constructed_macro_nats_full_precision_v3,0552c7f4701ada91e31e916f992171b9418cb47d283a56e61f311581d66266cb
2004-11-19,0.37301750339681994,1,isotropic_constructed_macro_nats_full_precision_v3,0552c7f4701ada91e31e916f992171b9418cb47d283a56e61f311581d66266cb
2004-11-23,0.3742564563595182,1,isotropic_constructed_macro_nats_full_precision_v3,0552c7f4701ada91e31e916f992171b9418cb47d283a56e61f311581d66266cb
2004-11-26,0.38536506734201326,1,isotropic_constructed_macro_nats_full_precision_v3,0552c7f4701ada91e31e916f992171b9418cb47d283a56e61f311581d66266cb
2004-11-30,0.37570910849561706,4,isotropic_constructed_macro_nats_full_precision_v3,0552c7f4701ada91e31e916f992171b9418cb47d283a56e61f311581d66266cb
2004-12-02,0.40312933584777666,1,isotropic_constructed_macro_nats_full_precision_v3,0552c7f4701ada91e31e916f992171b9418cb47d283a56e61f311581d66266cb
2004-12-06,0.40361903505172664,1,isotropic_constructed_macro_nats_full_precision_v3,0552c7f4701ada91e31e916f992171b9418cb47d283a56e61f311581d66266cb
2004-12-08,0.39012744383602493,2,isotropic_constructed_macro_nats_full_precision_v3,0552c7f4701ada91e31e916f992171b9418cb47d283a56e61f311581d66266cb
2004-12-10,0.3987431466051852,1,isotropic_constructed_macro_nats_full_precision_v3,0552c7f4701ada91e31e916f992171b9418cb47d283a56e61f311581d66266cb
2004-12-14,0.41133801579140616,1,isotropic_constructed_macro_nats_full_precision_v3,0552c7f4701ada91e31e916f992171b9418cb47d283a56e61f311581d66266cb
2004-12-16,0.42056157434071995,1,isotropic_constructed_macro_nats_full_precision_v3,0552c7f4701ada91e31e916f992171b9418cb47d283a56e61f311581d66266cb
2004-12-20,0.43445078775855217,1,isotropic_constructed_macro_nats_full_precision_v3,0552c7f4701ada91e31e916f992171b9418cb47d283a56e61f311581d66266cb
2004-12-22,0.43231728994639435,1,isotropic_constructed_macro_nats_full_precision_v3,0552c7f4701ada91e31e916f992171b9418cb47d283a56e61f311581d66266cb
2004-12-27,0.44982518112416736,1,isotropic_constructed_macro_nats_full_precision_v3,0552c7f4701ada91e31e916f992171b9418cb47d283a56e61f311581d66266cb
2004-12-29,0.44223924187263974,1,isotropic_constructed_macro_nats_full_precision_v3,0552c7f4701ada91e31e916f992171b9418cb47d283a56e61f311581d66266cb
2004-12-31,0.45623102691143264,2,isotropic_constructed_macro_nats_full_precision_v3,0552c7f4701ada91e31e916f992171b9418cb47d283a56e61f311581d66266cb
2005-01-04,0.4537532712664863,2,isotropic_constructed_macro_nats_full_precision_v3,0552c7f4701ada91e31e916f992171b9418cb47d283a56e61f311581d66266cb
2005-01-06,0.45725677111683954,1,isotropic_constructed_macro_nats_full_precision_v3,0552c7f4701ada91e31e916f992171b9418cb47d283a56e61f311581d66266cb
2005-01-10,0.45321177683568004,1,isotropic_constructed_macro_nats_full_precision_v3,0552c7f4701ada91e31e916f992171b9418cb47d283a56e61f311581d66266cb
2005-01-12,0.46506678598473494,1,isotropic_constructed_macro_nats_full_precision_v3,0552c7f4701ada91e31e916f992171b9418cb47d283a56e61f311581d66266cb
2005-01-14,0.49442514992029635,1,isotropic_constructed_macro_nats_full_precision_v3,0552c7f4701ada91e31e916f992171b9418cb47d283a56e61f311581d66266cb
2005-01-19,0.49054516884509075,1,isotropic_constructed_macro_nats_full_precision_v3,0552c7f4701ada91e31e916f992171b9418cb47d283a56e61f311581d66266cb
2005-01-21,0.4704325938284076,1,isotropic_constructed_macro_nats_full_precision_v3,0552c7f4701ada91e31e916f992171b9418cb47d283a56e61f311581d66266cb
2005-01-25,0.40214123716846173,1,isotropic_constructed_macro_nats_full_precision_v3,0552c7f4701ada91e31e916f992171b9418cb47d283a56e61f311581d66266cb
2005-01-27,0.4205043487494623,1,isotropic_constructed_macro_nats_full_precision_v3,0552c7f4701ada91e31e916f992171b9418cb47d283a56e61f311581d66266cb
2005-01-31,0.4142328835198916,2,isotropic_constructed_macro_nats_full_precision_v3,0552c7f4701ada91e31e916f992171b9418cb47d283a56e61f311581d66266cb
2005-02-02,0.4091636734953302,2,isotropic_constructed_macro_nats_full_precision_v3,0552c7f4701ada91e31e916f992171b9418cb47d283a56e61f311581d66266cb
2005-02-04,0.39840497837324473,2,isotropic_constructed_macro_nats_full_precision_v3,0552c7f4701ada91e31e916f992171b9418cb47d283a56e61f311581d66266cb
2005-02-08,0.39689459612367983,3,isotropic_constructed_macro_nats_full_precision_v3,0552c7f4701ada91e31e916f992171b9418cb47d283a56e61f311581d66266cb
2005-02-10,0.40174045313913964,3,isotropic_constructed_macro_nats_full_precision_v3,0552c7f4701ada91e31e916f992171b9418cb47d283a56e61f311581d66266cb
2005-02-14,0.42661499749782167,2,isotropic_constructed_macro_nats_full_precision_v3,0552c7f4701ada91e31e916f992171b9418cb47d283a56e61f311581d66266cb
2005-02-16,0.40645485152311855,2,isotropic_constructed_macro_nats_full_precision_v3,0552c7f4701ada91e31e916f992171b9418cb47d283a56e61f311581d66266cb
2005-02-18,0.40074083661690807,2,isotropic_constructed_macro_nats_full_precision_v3,0552c7f4701ada91e31e916f992171b9418cb47d283a56e61f311581d66266cb
2005-02-23,0.3861431226012315,1,isotropic_constructed_macro_nats_full_precision_v3,0552c7f4701ada91e31e916f992171b9418cb47d283a56e61f311581d66266cb
2005-02-25,0.41903474557150744,1,isotropic_constructed_macro_nats_full_precision_v3,0552c7f4701ada91e31e916f992171b9418cb47d283a56e61f311581d66266cb
2005-03-01,0.4100067205616005,1,isotropic_constructed_macro_nats_full_precision_v3,0552c7f4701ada91e31e916f992171b9418cb47d283a56e61f311581d66266cb
2005-03-03,0.40708162604382153,1,isotropic_constructed_macro_nats_full_precision_v3,0552c7f4701ada91e31e916f992171b9418cb47d283a56e61f311581d66266cb
2005-03-07,0.4032804038993777,1,isotropic_constructed_macro_nats_full_precision_v3,0552c7f4701ada91e31e916f992171b9418cb47d283a56e61f311581d66266cb
2005-03-09,0.37132322581894295,1,isotropic_constructed_macro_nats_full_precision_v3,0552c7f4701ada91e31e916f992171b9418cb47d283a56e61f311581d66266cb
2005-03-11,0.383288371977726,1,isotropic_constructed_macro_nats_full_precision_v3,0552c7f4701ada91e31e916f992171b9418cb47d283a56e61f311581d66266cb
2005-03-15,0.3625104647860162,1,isotropic_constructed_macro_nats_full_precision_v3,0552c7f4701ada91e31e916f992171b9418cb47d283a56e61f311581d66266cb
2005-03-17,0.41418042755071766,1,isotropic_constructed_macro_nats_full_precision_v3,0552c7f4701ada91e31e916f992171b9418cb47d283a56e61f311581d66266cb
2005-03-21,0.4466177845132461,1,isotropic_constructed_macro_nats_full_precision_v3,0552c7f4701ada91e31e916f992171b9418cb47d283a56e61f311581d66266cb
2005-03-23,0.4387041112550716,1,isotropic_constructed_macro_nats_full_precision_v3,0552c7f4701ada91e31e916f992171b9418cb47d283a56e61f311581d66266cb
2005-03-28,0.43907247492407336,1,isotropic_constructed_macro_nats_full_precision_v3,0552c7f4701ada91e31e916f992171b9418cb47d283a56e61f311581d66266cb
2005-03-30,0.45608678860706764,1,isotropic_constructed_macro_nats_full_precision_v3,0552c7f4701ada91e31e916f992171b9418cb47d283a56e61f311581d66266cb
2005-04-01,0.48935745691989874,1,isotropic_constructed_macro_nats_full_precision_v3,0552c7f4701ada91e31e916f992171b9418cb47d283a56e61f311581d66266cb
2005-04-05,0.48135763817548477,1,isotropic_constructed_macro_nats_full_precision_v3,0552c7f4701ada91e31e916f992171b9418cb47d283a56e61f311581d66266cb
2005-04-07,0.4842716344344781,1,isotropic_constructed_macro_nats_full_precision_v3,0552c7f4701ada91e31e916f992171b9418cb47d283a56e61f311581d66266cb
2005-04-11,0.4683691859047247,1,isotropic_constructed_macro_nats_full_precision_v3,0552c7f4701ada91e31e916f992171b9418cb47d283a56e61f311581d66266cb
2005-04-13,0.44613066270200463,1,isotropic_constructed_macro_nats_full_precision_v3,0552c7f4701ada91e31e916f992171b9418cb47d283a56e61f311581d66266cb
2005-04-15,0.4231127018371395,1,isotropic_constructed_macro_nats_full_precision_v3,0552c7f4701ada91e31e916f992171b9418cb47d283a56e61f311581d66266cb
2005-04-19,0.40768509151819704,1,isotropic_constructed_macro_nats_full_precision_v3,0552c7f4701ada91e31e916f992171b9418cb47d283a56e61f311581d66266cb
2005-04-21,0.44414881450688604,1,isotropic_constructed_macro_nats_full_precision_v3,0552c7f4701ada91e31e916f992171b9418cb47d283a56e61f311581d66266cb
2005-04-25,0.4561438197802127,1,isotropic_constructed_macro_nats_full_precision_v3,0552c7f4701ada91e31e916f992171b9418cb47d283a56e61f311581d66266cb
2005-04-27,0.4499395166090286,1,isotropic_constructed_macro_nats_full_precision_v3,0552c7f4701ada91e31e916f992171b9418cb47d283a56e61f311581d66266cb
2005-04-29,0.44541711926821526,1,isotropic_constructed_macro_nats_full_precision_v3,0552c7f4701ada91e31e916f992171b9418cb47d283a56e61f311581d66266cb
2005-05-03,0.45332895656497757,1,isotropic_constructed_macro_nats_full_precision_v3,0552c7f4701ada91e31e916f992171b9418cb47d283a56e61f311581d66266cb
2005-05-05,0.4462943947838475,1,isotropic_constructed_macro_nats_full_precision_v3,0552c7f4701ada91e31e916f992171b9418cb47d283a56e61f311581d66266cb
2005-05-09,0.44795939684684,1,isotropic_constructed_macro_nats_full_precision_v3,0552c7f4701ada91e31e916f992171b9418cb47d283a56e61f311581d66266cb
2005-05-11,0.44370578836901897,1,isotropic_constructed_macro_nats_full_precision_v3,0552c7f4701ada91e31e916f992171b9418cb47d283a56e61f311581d66266cb
2005-05-13,0.43448977184831195,1,isotropic_constructed_macro_nats_full_precision_v3,0552c7f4701ada91e31e916f992171b9418cb47d283a56e61f311581d66266cb
2005-05-17,0.4456491136696243,1,isotropic_constructed_macro_nats_full_precision_v3,0552c7f4701ada91e31e916f992171b9418cb47d283a56e61f311581d66266cb
2005-05-19,0.43691538507068534,1,isotropic_constructed_macro_nats_full_precision_v3,0552c7f4701ada91e31e916f992171b9418cb47d283a56e61f311581d66266cb
2005-05-23,0.44267750592290367,1,isotropic_constructed_macro_nats_full_precision_v3,0552c7f4701ada91e31e916f992171b9418cb47d283a56e61f311581d66266cb
2005-05-25,0.4353990702547018,1,isotropic_constructed_macro_nats_full_precision_v3,0552c7f4701ada91e31e916f992171b9418cb47d283a56e61f311581d66266cb
2005-05-27,0.43465575646831917,1,isotropic_constructed_macro_nats_full_precision_v3,0552c7f4701ada91e31e916f992171b9418cb47d283a56e61f311581d66266cb
2005-06-01,0.42890688461032966,1,isotropic_constructed_macro_nats_full_precision_v3,0552c7f4701ada91e31e916f992171b9418cb47d283a56e61f311581d66266cb
2005-06-03,0.42310895935409926,1,isotropic_constructed_macro_nats_full_precision_v3,0552c7f4701ada91e31e916f992171b9418cb47d283a56e61f311581d66266cb
2005-06-07,0.42551239133468594,1,isotropic_constructed_macro_nats_full_precision_v3,0552c7f4701ada91e31e916f992171b9418cb47d283a56e61f311581d66266cb
2005-06-09,0.45830529682445587,1,isotropic_constructed_macro_nats_full_precision_v3,0552c7f4701ada91e31e916f992171b9418cb47d283a56e61f311581d66266cb
2005-06-13,0.438104357091683,1,isotropic_constructed_macro_nats_full_precision_v3,0552c7f4701ada91e31e916f992171b9418cb47d283a56e61f311581d66266cb
2005-06-15,0.4519084577029849,1,isotropic_constructed_macro_nats_full_precision_v3,0552c7f4701ada91e31e916f992171b9418cb47d283a56e61f311581d66266cb
2005-06-17,0.42494895727151855,1,isotropic_constructed_macro_nats_full_precision_v3,0552c7f4701ada91e31e916f992171b9418cb47d283a56e61f311581d66266cb
2005-06-21,0.3971619755405465,1,isotropic_constructed_macro_nats_full_precision_v3,0552c7f4701ada91e31e916f992171b9418cb47d283a56e61f311581d66266cb
2005-06-23,0.401029053238466,1,isotropic_constructed_macro_nats_full_precision_v3,0552c7f4701ada91e31e916f992171b9418cb47d283a56e61f311581d66266cb
2005-06-27,0.393877406539649,1,isotropic_constructed_macro_nats_full_precision_v3,0552c7f4701ada91e31e916f992171b9418cb47d283a56e61f311581d66266cb
2005-06-29,0.39854255163928687,1,isotropic_constructed_macro_nats_full_precision_v3,0552c7f4701ada91e31e916f992171b9418cb47d283a56e61f311581d66266cb
2005-07-01,0.39758627364153043,1,isotropic_constructed_macro_nats_full_precision_v3,0552c7f4701ada91e31e916f992171b9418cb47d283a56e61f311581d66266cb
2005-07-06,0.41553481821316424,1,isotropic_constructed_macro_nats_full_precision_v3,0552c7f4701ada91e31e916f992171b9418cb47d283a56e61f311581d66266cb
2005-07-08,0.41802672215010894,1,isotropic_constructed_macro_nats_full_precision_v3,0552c7f4701ada91e31e916f992171b9418cb47d283a56e61f311581d66266cb
2005-07-12,0.41209557793437357,1,isotropic_constructed_macro_nats_full_precision_v3,0552c7f4701ada91e31e916f992171b9418cb47d283a56e61f311581d66266cb
2005-07-14,0.4231014942947417,1,isotropic_constructed_macro_nats_full_precision_v3,0552c7f4701ada91e31e916f992171b9418cb47d283a56e61f311581d66266cb
2005-07-18,0.43247783233986026,1,isotropic_constructed_macro_nats_full_precision_v3,0552c7f4701ada91e31e916f992171b9418cb47d283a56e61f311581d66266cb
2005-07-20,0.42915590613097876,1,isotropic_constructed_macro_nats_full_precision_v3,0552c7f4701ada91e31e916f992171b9418cb47d283a56e61f311581d66266cb
2005-07-22,0.4281143661862069,1,isotropic_constructed_macro_nats_full_precision_v3,0552c7f4701ada91e31e916f992171b9418cb47d283a56e61f311581d66266cb
2005-07-26,0.4160665135819296,1,isotropic_constructed_macro_nats_full_precision_v3,0552c7f4701ada91e31e916f992171b9418cb47d283a56e61f311581d66266cb
2005-07-28,0.4100289636924635,1,isotropic_constructed_macro_nats_full_precision_v3,0552c7f4701ada91e31e916f992171b9418cb47d283a56e61f311581d66266cb
2005-08-01,0.40915630388932517,1,isotropic_constructed_macro_nats_full_precision_v3,0552c7f4701ada91e31e916f992171b9418cb47d283a56e61f311581d66266cb
2005-08-03,0.3942933097835263,1,isotropic_constructed_macro_nats_full_precision_v3,0552c7f4701ada91e31e916f992171b9418cb47d283a56e61f311581d66266cb
2005-08-05,0.40646867868224734,1,isotropic_constructed_macro_nats_full_precision_v3,0552c7f4701ada91e31e916f992171b9418cb47d283a56e61f311581d66266cb
2005-08-09,0.4213809917848295,1,isotropic_constructed_macro_nats_full_precision_v3,0552c7f4701ada91e31e916f992171b9418cb47d283a56e61f311581d66266cb
2005-08-11,0.4194862901633992,1,isotropic_constructed_macro_nats_full_precision_v3,0552c7f4701ada91e31e916f992171b9418cb47d283a56e61f311581d66266cb
2005-08-15,0.42148113942898063,1,isotropic_constructed_macro_nats_full_precision_v3,0552c7f4701ada91e31e916f992171b9418cb47d283a56e61f311581d66266cb
2005-08-17,0.43067914171266636,1,isotropic_constructed_macro_nats_full_precision_v3,0552c7f4701ada91e31e916f992171b9418cb47d283a56e61f311581d66266cb
2005-08-19,0.43131761128705526,1,isotropic_constructed_macro_nats_full_precision_v3,0552c7f4701ada91e31e916f992171b9418cb47d283a56e61f311581d66266cb
2005-08-23,0.42738349991037633,1,isotropic_constructed_macro_nats_full_precision_v3,0552c7f4701ada91e31e916f992171b9418cb47d283a56e61f311581d66266cb
2005-08-25,0.4251602821299569,1,isotropic_constructed_macro_nats_full_precision_v3,0552c7f4701ada91e31e916f992171b9418cb47d283a56e61f311581d66266cb
2005-08-29,0.41297981349018476,1,isotropic_constructed_macro_nats_full_precision_v3,0552c7f4701ada91e31e916f992171b9418cb47d283a56e61f311581d66266cb
2005-08-31,0.4077080277201109,1,isotropic_constructed_macro_nats_full_precision_v3,0552c7f4701ada91e31e916f992171b9418cb47d283a56e61f311581d66266cb
2005-09-02,0.4258871684403639,1,isotropic_constructed_macro_nats_full_precision_v3,0552c7f4701ada91e31e916f992171b9418cb47d283a56e61f311581d66266cb
2005-09-07,0.42763739861894634,1,isotropic_constructed_macro_nats_full_precision_v3,0552c7f4701ada91e31e916f992171b9418cb47d283a56e61f311581d66266cb
2005-09-09,0.41781884147439424,1,isotropic_constructed_macro_nats_full_precision_v3,0552c7f4701ada91e31e916f992171b9418cb47d283a56e61f311581d66266cb
2005-09-13,0.4241897274092437,1,isotropic_constructed_macro_nats_full_precision_v3,0552c7f4701ada91e31e916f992171b9418cb47d283a56e61f311581d66266cb
2005-09-15,0.42100341109293066,1,isotropic_constructed_macro_nats_full_precision_v3,0552c7f4701ada91e31e916f992171b9418cb47d283a56e61f311581d66266cb
2005-09-19,0.388078764775425,1,isotropic_constructed_macro_nats_full_precision_v3,0552c7f4701ada91e31e916f992171b9418cb47d283a56e61f311581d66266cb
2005-09-21,0.38547882437803804,1,isotropic_constructed_macro_nats_full_precision_v3,0552c7f4701ada91e31e916f992171b9418cb47d283a56e61f311581d66266cb
2005-09-23,0.4059178600880581,1,isotropic_constructed_macro_nats_full_precision_v3,0552c7f4701ada91e31e916f992171b9418cb47d283a56e61f311581d66266cb
2005-09-27,0.4070715537381383,1,isotropic_constructed_macro_nats_full_precision_v3,0552c7f4701ada91e31e916f992171b9418cb47d283a56e61f311581d66266cb
2005-09-29,0.39192594039296935,2,isotropic_constructed_macro_nats_full_precision_v3,0552c7f4701ada91e31e916f992171b9418cb47d283a56e61f311581d66266cb
2005-10-03,0.3924572992735646,1,isotropic_constructed_macro_nats_full_precision_v3,0552c7f4701ada91e31e916f992171b9418cb47d283a56e61f311581d66266cb
2005-10-05,0.40438267899286245,1,isotropic_constructed_macro_nats_full_precision_v3,0552c7f4701ada91e31e916f992171b9418cb47d283a56e61f311581d66266cb
2005-10-07,0.42109634585901895,1,isotropic_constructed_macro_nats_full_precision_v3,0552c7f4701ada91e31e916f992171b9418cb47d283a56e61f311581d66266cb
2005-10-11,0.42197512036740137,1,isotropic_constructed_macro_nats_full_precision_v3,0552c7f4701ada91e31e916f992171b9418cb47d283a56e61f311581d66266cb
2005-10-13,0.42225175683522215,1,isotropic_constructed_macro_nats_full_precision_v3,0552c7f4701ada91e31e916f992171b9418cb47d283a56e61f311581d66266cb
2005-10-17,0.4146668932178466,1,isotropic_constructed_macro_nats_full_precision_v3,0552c7f4701ada91e31e916f992171b9418cb47d283a56e61f311581d66266cb
2005-10-19,0.4198253963146365,1,isotropic_constructed_macro_nats_full_precision_v3,0552c7f4701ada91e31e916f992171b9418cb47d283a56e61f311581d66266cb
2005-10-21,0.4012503858658478,1,isotropic_constructed_macro_nats_full_precision_v3,0552c7f4701ada91e31e916f992171b9418cb47d283a56e61f311581d66266cb
2005-10-25,0.40943596660369447,1,isotropic_constructed_macro_nats_full_precision_v3,0552c7f4701ada91e31e916f992171b9418cb47d283a56e61f311581d66266cb
2005-10-27,0.4108693875257433,1,isotropic_constructed_macro_nats_full_precision_v3,0552c7f4701ada91e31e916f992171b9418cb47d283a56e61f311581d66266cb
2005-10-31,0.4059115753643804,1,isotropic_constructed_macro_nats_full_precision_v3,0552c7f4701ada91e31e916f992171b9418cb47d283a56e61f311581d66266cb
2005-11-02,0.4118068933571218,1,isotropic_constructed_macro_nats_full_precision_v3,0552c7f4701ada91e31e916f992171b9418cb47d283a56e61f311581d66266cb
2005-11-04,0.40158076835340134,1,isotropic_constructed_macro_nats_full_precision_v3,0552c7f4701ada91e31e916f992171b9418cb47d283a56e61f311581d66266cb
2005-11-08,0.39012356008185495,1,isotropic_constructed_macro_nats_full_precision_v3,0552c7f4701ada91e31e916f992171b9418cb47d283a56e61f311581d66266cb
2005-11-10,0.3970976720479998,1,isotropic_constructed_macro_nats_full_precision_v3,0552c7f4701ada91e31e916f992171b9418cb47d283a56e61f311581d66266cb
2005-11-14,0.40719300211888276,1,isotropic_constructed_macro_nats_full_precision_v3,0552c7f4701ada91e31e916f992171b9418cb47d283a56e61f311581d66266cb
2005-11-16,0.41332970283131265,1,isotropic_constructed_macro_nats_full_precision_v3,0552c7f4701ada91e31e916f992171b9418cb47d283a56e61f311581d66266cb
2005-11-18,0.42433735474778017,1,isotropic_constructed_macro_nats_full_precision_v3,0552c7f4701ada91e31e916f992171b9418cb47d283a56e61f311581d66266cb
2005-11-22,0.4321272527427816,1,isotropic_constructed_macro_nats_full_precision_v3,0552c7f4701ada91e31e916f992171b9418cb47d283a56e61f311581d66266cb
2005-11-25,0.4287002611381635,1,isotropic_constructed_macro_nats_full_precision_v3,0552c7f4701ada91e31e916f992171b9418cb47d283a56e61f311581d66266cb
2005-11-29,0.43265923304134823,1,isotropic_constructed_macro_nats_full_precision_v3,0552c7f4701ada91e31e916f992171b9418cb47d283a56e61f311581d66266cb
2005-12-01,0.4300394478257134,1,isotropic_constructed_macro_nats_full_precision_v3,0552c7f4701ada91e31e916f992171b9418cb47d283a56e61f311581d66266cb
2005-12-05,0.42871867488962584,1,isotropic_constructed_macro_nats_full_precision_v3,0552c7f4701ada91e31e916f992171b9418cb47d283a56e61f311581d66266cb
2005-12-07,0.4237692403772011,1,isotropic_constructed_macro_nats_full_precision_v3,0552c7f4701ada91e31e916f992171b9418cb47d283a56e61f311581d66266cb
2005-12-09,0.41999714363676033,1,isotropic_constructed_macro_nats_full_precision_v3,0552c7f4701ada91e31e916f992171b9418cb47d283a56e61f311581d66266cb
2005-12-13,0.41503963443365616,1,isotropic_constructed_macro_nats_full_precision_v3,0552c7f4701ada91e31e916f992171b9418cb47d283a56e61f311581d66266cb
2005-12-15,0.4540191423198479,1,isotropic_constructed_macro_nats_full_precision_v3,0552c7f4701ada91e31e916f992171b9418cb47d283a56e61f311581d66266cb
2005-12-19,0.45399704160527704,1,isotropic_constructed_macro_nats_full_precision_v3,0552c7f4701ada91e31e916f992171b9418cb47d283a56e61f311581d66266cb
2005-12-21,0.45230921242821454,1,isotropic_constructed_macro_nats_full_precision_v3,0552c7f4701ada91e31e916f992171b9418cb47d283a56e61f311581d66266cb
2005-12-23,0.45245724994915726,1,isotropic_constructed_macro_nats_full_precision_v3,0552c7f4701ada91e31e916f992171b9418cb47d283a56e61f311581d66266cb
2005-12-28,0.45593581802395844,1,isotropic_constructed_macro_nats_full_precision_v3,0552c7f4701ada91e31e916f992171b9418cb47d283a56e61f311581d66266cb
2005-12-30,0.457546710991091,1,isotropic_constructed_macro_nats_full_precision_v3,0552c7f4701ada91e31e916f992171b9418cb47d283a56e61f311581d66266cb
2006-01-04,0.45471717743369044,1,isotropic_constructed_macro_nats_full_precision_v3,0552c7f4701ada91e31e916f992171b9418cb47d283a56e61f311581d66266cb
2006-01-06,0.45872968663660296,1,isotropic_constructed_macro_nats_full_precision_v3,0552c7f4701ada91e31e916f992171b9418cb47d283a56e61f311581d66266cb
2006-01-10,0.4624526257909724,1,isotropic_constructed_macro_nats_full_precision_v3,0552c7f4701ada91e31e916f992171b9418cb47d283a56e61f311581d66266cb
2006-01-12,0.46304345308245315,1,isotropic_constructed_macro_nats_full_precision_v3,0552c7f4701ada91e31e916f992171b9418cb47d283a56e61f311581d66266cb
2006-01-17,0.4575668749535696,1,isotropic_constructed_macro_nats_full_precision_v3,0552c7f4701ada91e31e916f992171b9418cb47d283a56e61f311581d66266cb
2006-01-19,0.4620134995348246,1,isotropic_constructed_macro_nats_full_precision_v3,0552c7f4701ada91e31e916f992171b9418cb47d283a56e61f311581d66266cb
2006-01-23,0.47979846668763815,1,isotropic_constructed_macro_nats_full_precision_v3,0552c7f4701ada91e31e916f992171b9418cb47d283a56e61f311581d66266cb
2006-01-25,0.48354978603841137,1,isotropic_constructed_macro_nats_full_precision_v3,0552c7f4701ada91e31e916f992171b9418cb47d283a56e61f311581d66266cb
2006-01-27,0.5046110692518295,1,isotropic_constructed_macro_nats_full_precision_v3,0552c7f4701ada91e31e916f992171b9418cb47d283a56e61f311581d66266cb
2006-01-31,0.4924803823893915,1,isotropic_constructed_macro_nats_full_precision_v3,0552c7f4701ada91e31e916f992171b9418cb47d283a56e61f311581d66266cb
2006-02-02,0.4818848437612402,1,isotropic_constructed_macro_nats_full_precision_v3,0552c7f4701ada91e31e916f992171b9418cb47d283a56e61f311581d66266cb
2006-02-06,0.488460570034998,1,isotropic_constructed_macro_nats_full_precision_v3,0552c7f4701ada91e31e916f992171b9418cb47d283a56e61f311581d66266cb
2006-02-08,0.5092929028432808,1,isotropic_constructed_macro_nats_full_precision_v3,0552c7f4701ada91e31e916f992171b9418cb47d283a56e61f311581d66266cb
2006-02-10,0.5188511494968846,1,isotropic_constructed_macro_nats_full_precision_v3,0552c7f4701ada91e31e916f992171b9418cb47d283a56e61f311581d66266cb
2006-02-14,0.525125078041801,1,isotropic_constructed_macro_nats_full_precision_v3,0552c7f4701ada91e31e916f992171b9418cb47d283a56e61f311581d66266cb
2006-02-16,0.5353539472734512,1,isotropic_constructed_macro_nats_full_precision_v3,0552c7f4701ada91e31e916f992171b9418cb47d283a56e61f311581d66266cb
2006-02-21,0.5456966700384489,1,isotropic_constructed_macro_nats_full_precision_v3,0552c7f4701ada91e31e916f992171b9418cb47d283a56e61f311581d66266cb
2006-02-23,0.5414369928644011,1,isotropic_constructed_macro_nats_full_precision_v3,0552c7f4701ada91e31e916f992171b9418cb47d283a56e61f311581d66266cb
2006-02-27,0.5378540640510232,1,isotropic_constructed_macro_nats_full_precision_v3,0552c7f4701ada91e31e916f992171b9418cb47d283a56e61f311581d66266cb
2006-03-01,0.525820685671693,1,isotropic_constructed_macro_nats_full_precision_v3,0552c7f4701ada91e31e916f992171b9418cb47d283a56e61f311581d66266cb
2006-03-03,0.530610178004526,1,isotropic_constructed_macro_nats_full_precision_v3,0552c7f4701ada91e31e916f992171b9418cb47d283a56e61f311581d66266cb
2006-03-07,0.527288777662585,1,isotropic_constructed_macro_nats_full_precision_v3,0552c7f4701ada91e31e916f992171b9418cb47d283a56e61f311581d66266cb
2006-03-09,0.5222570087336399,1,isotropic_constructed_macro_nats_full_precision_v3,0552c7f4701ada91e31e916f992171b9418cb47d283a56e61f311581d66266cb
2006-03-13,0.5156117245948458,1,isotropic_constructed_macro_nats_full_precision_v3,0552c7f4701ada91e31e916f992171b9418cb47d283a56e61f311581d66266cb
2006-03-15,0.5071868813312224,1,isotropic_constructed_macro_nats_full_precision_v3,0552c7f4701ada91e31e916f992171b9418cb47d283a56e61f311581d66266cb
2006-03-17,0.505133367319526,1,isotropic_constructed_macro_nats_full_precision_v3,0552c7f4701ada91e31e916f992171b9418cb47d283a56e61f311581d66266cb
2006-03-21,0.5050781876978823,1,isotropic_constructed_macro_nats_full_precision_v3,0552c7f4701ada91e31e916f992171b9418cb47d283a56e61f311581d66266cb
2006-03-23,0.5026974778823015,1,isotropic_constructed_macro_nats_full_precision_v3,0552c7f4701ada91e31e916f992171b9418cb47d283a56e61f311581d66266cb
2006-03-27,0.5034976992040037,1,isotropic_constructed_macro_nats_full_precision_v3,0552c7f4701ada91e31e916f992171b9418cb47d283a56e61f311581d66266cb
2006-03-29,0.4942403366251405,1,isotropic_constructed_macro_nats_full_precision_v3,0552c7f4701ada91e31e916f992171b9418cb47d283a56e61f311581d66266cb
2006-03-31,0.4929818075180022,1,isotropic_constructed_macro_nats_full_precision_v3,0552c7f4701ada91e31e916f992171b9418cb47d283a56e61f311581d66266cb
2006-04-04,0.4996602393381259,1,isotropic_constructed_macro_nats_full_precision_v3,0552c7f4701ada91e31e916f992171b9418cb47d283a56e61f311581d66266cb
2006-04-06,0.5022486055673685,1,isotropic_constructed_macro_nats_full_precision_v3,0552c7f4701ada91e31e916f992171b9418cb47d283a56e61f311581d66266cb
2006-04-10,0.4643133532002542,1,isotropic_constructed_macro_nats_full_precision_v3,0552c7f4701ada91e31e916f992171b9418cb47d283a56e61f311581d66266cb
2006-04-12,0.4954159495915558,1,isotropic_constructed_macro_nats_full_precision_v3,0552c7f4701ada91e31e916f992171b9418cb47d283a56e61f311581d66266cb
2006-04-17,0.4649164001050943,1,isotropic_constructed_macro_nats_full_precision_v3,0552c7f4701ada91e31e916f992171b9418cb47d283a56e61f311581d66266cb
2006-04-19,0.42413504284563575,2,isotropic_constructed_macro_nats_full_precision_v3,0552c7f4701ada91e31e916f992171b9418cb47d283a56e61f311581d66266cb
2006-04-21,0.4282243703209893,1,isotropic_constructed_macro_nats_full_precision_v3,0552c7f4701ada91e31e916f992171b9418cb47d283a56e61f311581d66266cb
2006-04-25,0.43312128126406285,1,isotropic_constructed_macro_nats_full_precision_v3,0552c7f4701ada91e31e916f992171b9418cb47d283a56e61f311581d66266cb
2006-04-27,0.46930834628397833,1,isotropic_constructed_macro_nats_full_precision_v3,0552c7f4701ada91e31e916f992171b9418cb47d283a56e61f311581d66266cb
2006-05-01,0.4729800023609992,1,isotropic_constructed_macro_nats_full_precision_v3,0552c7f4701ada91e31e916f992171b9418cb47d283a56e61f311581d66266cb
2006-05-03,0.47456665735228093,1,isotropic_constructed_macro_nats_full_precision_v3,0552c7f4701ada91e31e916f992171b9418cb47d283a56e61f311581d66266cb
2006-05-05,0.46275961340192207,1,isotropic_constructed_macro_nats_full_precision_v3,0552c7f4701ada91e31e916f992171b9418cb47d283a56e61f311581d66266cb
2006-05-09,0.4510455886295681,1,isotropic_constructed_macro_nats_full_precision_v3,0552c7f4701ada91e31e916f992171b9418cb47d283a56e61f311581d66266cb
2006-05-11,0.46209648620125426,1,isotropic_constructed_macro_nats_full_precision_v3,0552c7f4701ada91e31e916f992171b9418cb47d283a56e61f311581d66266cb
2006-05-15,0.45552181418486165,1,isotropic_constructed_macro_nats_full_precision_v3,0552c7f4701ada91e31e916f992171b9418cb47d283a56e61f311581d66266cb
2006-05-17,0.46482164811984045,1,isotropic_constructed_macro_nats_full_precision_v3,0552c7f4701ada91e31e916f992171b9418cb47d283a56e61f311581d66266cb
2006-05-19,0.4524823322308597,1,isotropic_constructed_macro_nats_full_precision_v3,0552c7f4701ada91e31e916f992171b9418cb47d283a56e61f311581d66266cb
2006-05-23,0.4287225045135694,1,isotropic_constructed_macro_nats_full_precision_v3,0552c7f4701ada91e31e916f992171b9418cb47d283a56e61f311581d66266cb
2006-05-25,0.42558676378851384,1,isotropic_constructed_macro_nats_full_precision_v3,0552c7f4701ada91e31e916f992171b9418cb47d283a56e61f311581d66266cb
2006-05-30,0.41939997688580627,1,isotropic_constructed_macro_nats_full_precision_v3,0552c7f4701ada91e31e916f992171b9418cb47d283a56e61f311581d66266cb
2006-06-01,0.397787551446873,1,isotropic_constructed_macro_nats_full_precision_v3,0552c7f4701ada91e31e916f992171b9418cb47d283a56e61f311581d66266cb
2006-06-05,0.39390192725465,1,isotropic_constructed_macro_nats_full_precision_v3,0552c7f4701ada91e31e916f992171b9418cb47d283a56e61f311581d66266cb
2006-06-07,0.3930884211457206,1,isotropic_constructed_macro_nats_full_precision_v3,0552c7f4701ada91e31e916f992171b9418cb47d283a56e61f311581d66266cb
2006-06-09,0.43334372980405866,1,isotropic_constructed_macro_nats_full_precision_v3,0552c7f4701ada91e31e916f992171b9418cb47d283a56e61f311581d66266cb
2006-06-13,0.4447772009331582,1,isotropic_constructed_macro_nats_full_precision_v3,0552c7f4701ada91e31e916f992171b9418cb47d283a56e61f311581d66266cb
2006-06-15,0.43964310580123,1,isotropic_constructed_macro_nats_full_precision_v3,0552c7f4701ada91e31e916f992171b9418cb47d283a56e61f311581d66266cb
2006-06-19,0.4316932854104256,1,isotropic_constructed_macro_nats_full_precision_v3,0552c7f4701ada91e31e916f992171b9418cb47d283a56e61f311581d66266cb
2006-06-21,0.4402720557666143,1,isotropic_constructed_macro_nats_full_precision_v3,0552c7f4701ada91e31e916f992171b9418cb47d283a56e61f311581d66266cb
2006-06-23,0.45005012719535453,1,isotropic_constructed_macro_nats_full_precision_v3,0552c7f4701ada91e31e916f992171b9418cb47d283a56e61f311581d66266cb
2006-06-27,0.45372811020290943,1,isotropic_constructed_macro_nats_full_precision_v3,0552c7f4701ada91e31e916f992171b9418cb47d283a56e61f311581d66266cb
2006-06-29,0.4437511757467282,1,isotropic_constructed_macro_nats_full_precision_v3,0552c7f4701ada91e31e916f992171b9418cb47d283a56e61f311581d66266cb
2006-07-03,0.4419813301658184,1,isotropic_constructed_macro_nats_full_precision_v3,0552c7f4701ada91e31e916f992171b9418cb47d283a56e61f311581d66266cb
2006-07-06,0.44339422033473913,1,isotropic_constructed_macro_nats_full_precision_v3,0552c7f4701ada91e31e916f992171b9418cb47d283a56e61f311581d66266cb
2006-07-10,0.45813702259688577,1,isotropic_constructed_macro_nats_full_precision_v3,0552c7f4701ada91e31e916f992171b9418cb47d283a56e61f311581d66266cb
2006-07-12,0.45695283888653626,1,isotropic_constructed_macro_nats_full_precision_v3,0552c7f4701ada91e31e916f992171b9418cb47d283a56e61f311581d66266cb
2006-07-14,0.4659400101156346,1,isotropic_constructed_macro_nats_full_precision_v3,0552c7f4701ada91e31e916f992171b9418cb47d283a56e61f311581d66266cb
2006-07-18,0.4512261244628309,1,isotropic_constructed_macro_nats_full_precision_v3,0552c7f4701ada91e31e916f992171b9418cb47d283a56e61f311581d66266cb
2006-07-20,0.4736693642321986,1,isotropic_constructed_macro_nats_full_precision_v3,0552c7f4701ada91e31e916f992171b9418cb47d283a56e61f311581d66266cb
2006-07-24,0.4833940132036415,1,isotropic_constructed_macro_nats_full_precision_v3,0552c7f4701ada91e31e916f992171b9418cb47d283a56e61f311581d66266cb
2006-07-26,0.4762645120765218,1,isotropic_constructed_macro_nats_full_precision_v3,0552c7f4701ada91e31e916f992171b9418cb47d283a56e61f311581d66266cb
2006-07-28,0.4802203374445578,1,isotropic_constructed_macro_nats_full_precision_v3,0552c7f4701ada91e31e916f992171b9418cb47d283a56e61f311581d66266cb
2006-08-01,0.48576779735120185,1,isotropic_constructed_macro_nats_full_precision_v3,0552c7f4701ada91e31e916f992171b9418cb47d283a56e61f311581d66266cb
2006-08-03,0.47809982078606356,1,isotropic_constructed_macro_nats_full_precision_v3,0552c7f4701ada91e31e916f992171b9418cb47d283a56e61f311581d66266cb
2006-08-07,0.4634437330843876,1,isotropic_constructed_macro_nats_full_precision_v3,0552c7f4701ada91e31e916f992171b9418cb47d283a56e61f311581d66266cb
2006-08-09,0.4770318444515532,1,isotropic_constructed_macro_nats_full_precision_v3,0552c7f4701ada91e31e916f992171b9418cb47d283a56e61f311581d66266cb
2006-08-11,0.4742478913826765,1,isotropic_constructed_macro_nats_full_precision_v3,0552c7f4701ada91e31e916f992171b9418cb47d283a56e61f311581d66266cb
2006-08-15,0.47657148022646106,1,isotropic_constructed_macro_nats_full_precision_v3,0552c7f4701ada91e31e916f992171b9418cb47d283a56e61f311581d66266cb
2006-08-17,0.47322100460447175,1,isotropic_constructed_macro_nats_full_precision_v3,0552c7f4701ada91e31e916f992171b9418cb47d283a56e61f311581d66266cb
2006-08-21,0.4853722156533722,1,isotropic_constructed_macro_nats_full_precision_v3,0552c7f4701ada91e31e916f992171b9418cb47d283a56e61f311581d66266cb
2006-08-23,0.4709436443131686,1,isotropic_constructed_macro_nats_full_precision_v3,0552c7f4701ada91e31e916f992171b9418cb47d283a56e61f311581d66266cb
2006-08-25,0.45775571950752963,1,isotropic_constructed_macro_nats_full_precision_v3,0552c7f4701ada91e31e916f992171b9418cb47d283a56e61f311581d66266cb
2006-08-29,0.4465494762235019,1,isotropic_constructed_macro_nats_full_precision_v3,0552c7f4701ada91e31e916f992171b9418cb47d283a56e61f311581d66266cb
2006-08-31,0.44971546010173646,1,isotropic_constructed_macro_nats_full_precision_v3,0552c7f4701ada91e31e916f992171b9418cb47d283a56e61f311581d66266cb
2006-09-05,0.45347245969454175,1,isotropic_constructed_macro_nats_full_precision_v3,0552c7f4701ada91e31e916f992171b9418cb47d283a56e61f311581d66266cb
2006-09-07,0.45086083312009223,1,isotropic_constructed_macro_nats_full_precision_v3,0552c7f4701ada91e31e916f992171b9418cb47d283a56e61f311581d66266cb
2006-09-11,0.42778221661156224,1,isotropic_constructed_macro_nats_full_precision_v3,0552c7f4701ada91e31e916f992171b9418cb47d283a56e61f311581d66266cb
2006-09-13,0.4455099996224032,1,isotropic_constructed_macro_nats_full_precision_v3,0552c7f4701ada91e31e916f992171b9418cb47d283a56e61f311581d66266cb
2006-09-15,0.4269488352567797,1,isotropic_constructed_macro_nats_full_precision_v3,0552c7f4701ada91e31e916f992171b9418cb47d283a56e61f311581d66266cb
2006-09-19,0.4603772944918722,1,isotropic_constructed_macro_nats_full_precision_v3,0552c7f4701ada91e31e916f992171b9418cb47d283a56e61f311581d66266cb
2006-09-21,0.47175451598975165,1,isotropic_constructed_macro_nats_full_precision_v3,0552c7f4701ada91e31e916f992171b9418cb47d283a56e61f311581d66266cb
2006-09-25,0.46926622734308016,1,isotropic_constructed_macro_nats_full_precision_v3,0552c7f4701ada91e31e916f992171b9418cb47d283a56e61f311581d66266cb
2006-09-27,0.47780460716351053,1,isotropic_constructed_macro_nats_full_precision_v3,0552c7f4701ada91e31e916f992171b9418cb47d283a56e61f311581d66266cb
2006-09-29,0.4792725781834492,1,isotropic_constructed_macro_nats_full_precision_v3,0552c7f4701ada91e31e916f992171b9418cb47d283a56e61f311581d66266cb
2006-10-03,0.48698905477537513,1,isotropic_constructed_macro_nats_full_precision_v3,0552c7f4701ada91e31e916f992171b9418cb47d283a56e61f311581d66266cb
2006-10-05,0.46002209148586026,1,isotropic_constructed_macro_nats_full_precision_v3,0552c7f4701ada91e31e916f992171b9418cb47d283a56e61f311581d66266cb
2006-10-09,0.4568773608622575,1,isotropic_constructed_macro_nats_full_precision_v3,0552c7f4701ada91e31e916f992171b9418cb47d283a56e61f311581d66266cb
2006-10-11,0.46959665488479807,1,isotropic_constructed_macro_nats_full_precision_v3,0552c7f4701ada91e31e916f992171b9418cb47d283a56e61f311581d66266cb
2006-10-13,0.434894419365482,1,isotropic_constructed_macro_nats_full_precision_v3,0552c7f4701ada91e31e916f992171b9418cb47d283a56e61f311581d66266cb
2006-10-17,0.4466980835159238,1,isotropic_constructed_macro_nats_full_precision_v3,0552c7f4701ada91e31e916f992171b9418cb47d283a56e61f311581d66266cb
2006-10-19,0.43376666387199087,1,isotropic_constructed_macro_nats_full_precision_v3,0552c7f4701ada91e31e916f992171b9418cb47d283a56e61f311581d66266cb
2006-10-23,0.39768014432572035,2,isotropic_constructed_macro_nats_full_precision_v3,0552c7f4701ada91e31e916f992171b9418cb47d283a56e61f311581d66266cb
2006-10-25,0.40853084573980686,2,isotropic_constructed_macro_nats_full_precision_v3,0552c7f4701ada91e31e916f992171b9418cb47d283a56e61f311581d66266cb
2006-10-27,0.3901449247841272,1,isotropic_constructed_macro_nats_full_precision_v3,0552c7f4701ada91e31e916f992171b9418cb47d283a56e61f311581d66266cb
2006-10-31,0.393203652842366,1,isotropic_constructed_macro_nats_full_precision_v3,0552c7f4701ada91e31e916f992171b9418cb47d283a56e61f311581d66266cb
2006-11-02,0.38711670955991645,1,isotropic_constructed_macro_nats_full_precision_v3,0552c7f4701ada91e31e916f992171b9418cb47d283a56e61f311581d66266cb
2006-11-06,0.41634099355666604,1,isotropic_constructed_macro_nats_full_precision_v3,0552c7f4701ada91e31e916f992171b9418cb47d283a56e61f311581d66266cb
2006-11-08,0.4072962996608418,1,isotropic_constructed_macro_nats_full_precision_v3,0552c7f4701ada91e31e916f992171b9418cb47d283a56e61f311581d66266cb
2006-11-10,0.4551154684874897,1,isotropic_constructed_macro_nats_full_precision_v3,0552c7f4701ada91e31e916f992171b9418cb47d283a56e61f311581d66266cb
2006-11-14,0.424929005678143,1,isotropic_constructed_macro_nats_full_precision_v3,0552c7f4701ada91e31e916f992171b9418cb47d283a56e61f311581d66266cb
2006-11-16,0.3939850497543131,1,isotropic_constructed_macro_nats_full_precision_v3,0552c7f4701ada91e31e916f992171b9418cb47d283a56e61f311581d66266cb
2006-11-20,0.3797160850149595,3,isotropic_constructed_macro_nats_full_precision_v3,0552c7f4701ada91e31e916f992171b9418cb47d283a56e61f311581d66266cb
2006-11-22,0.39332344045214684,1,isotropic_constructed_macro_nats_full_precision_v3,0552c7f4701ada91e31e916f992171b9418cb47d283a56e61f311581d66266cb
2006-11-27,0.4305972472148849,1,isotropic_constructed_macro_nats_full_precision_v3,0552c7f4701ada91e31e916f992171b9418cb47d283a56e61f311581d66266cb
2006-11-29,0.43237947006061167,1,isotropic_constructed_macro_nats_full_precision_v3,0552c7f4701ada91e31e916f992171b9418cb47d283a56e61f311581d66266cb
2006-12-01,0.45315894487909447,1,isotropic_constructed_macro_nats_full_precision_v3,0552c7f4701ada91e31e916f992171b9418cb47d283a56e61f311581d66266cb
2006-12-05,0.4618583873083077,1,isotropic_constructed_macro_nats_full_precision_v3,0552c7f4701ada91e31e916f992171b9418cb47d283a56e61f311581d66266cb
2006-12-07,0.4520809217202136,1,isotropic_constructed_macro_nats_full_precision_v3,0552c7f4701ada91e31e916f992171b9418cb47d283a56e61f311581d66266cb
2006-12-11,0.4434990869018159,1,isotropic_constructed_macro_nats_full_precision_v3,0552c7f4701ada91e31e916f992171b9418cb47d283a56e61f311581d66266cb
2006-12-13,0.4577654029063504,1,isotropic_constructed_macro_nats_full_precision_v3,0552c7f4701ada91e31e916f992171b9418cb47d283a56e61f311581d66266cb
2006-12-15,0.4211972788649683,1,isotropic_constructed_macro_nats_full_precision_v3,0552c7f4701ada91e31e916f992171b9418cb47d283a56e61f311581d66266cb
2006-12-19,0.45251380088660675,1,isotropic_constructed_macro_nats_full_precision_v3,0552c7f4701ada91e31e916f992171b9418cb47d283a56e61f311581d66266cb
2006-12-21,0.45830903459062455,1,isotropic_constructed_macro_nats_full_precision_v3,0552c7f4701ada91e31e916f992171b9418cb47d283a56e61f311581d66266cb
2006-12-26,0.4756565424558188,1,isotropic_constructed_macro_nats_full_precision_v3,0552c7f4701ada91e31e916f992171b9418cb47d283a56e61f311581d66266cb
2006-12-28,0.4680338230403054,1,isotropic_constructed_macro_nats_full_precision_v3,0552c7f4701ada91e31e916f992171b9418cb47d283a56e61f311581d66266cb
2007-01-03,0.4169839164816018,1,isotropic_constructed_macro_nats_full_precision_v3,0552c7f4701ada91e31e916f992171b9418cb47d283a56e61f311581d66266cb
2007-01-05,0.42856398858050354,1,isotropic_constructed_macro_nats_full_precision_v3,0552c7f4701ada91e31e916f992171b9418cb47d283a56e61f311581d66266cb
2007-01-09,0.4235580659519167,2,isotropic_constructed_macro_nats_full_precision_v3,0552c7f4701ada91e31e916f992171b9418cb47d283a56e61f311581d66266cb
2007-01-11,0.4491509876796407,1,isotropic_constructed_macro_nats_full_precision_v3,0552c7f4701ada91e31e916f992171b9418cb47d283a56e61f311581d66266cb
2007-01-16,0.4442163838244866,1,isotropic_constructed_macro_nats_full_precision_v3,0552c7f4701ada91e31e916f992171b9418cb47d283a56e61f311581d66266cb
2007-01-18,0.4260063006025014,1,isotropic_constructed_macro_nats_full_precision_v3,0552c7f4701ada91e31e916f992171b9418cb47d283a56e61f311581d66266cb
2007-01-22,0.4224360780908966,1,isotropic_constructed_macro_nats_full_precision_v3,0552c7f4701ada91e31e916f992171b9418cb47d283a56e61f311581d66266cb
2007-01-24,0.42081872309703494,1,isotropic_constructed_macro_nats_full_precision_v3,0552c7f4701ada91e31e916f992171b9418cb47d283a56e61f311581d66266cb
2007-01-26,0.4085488093148661,2,isotropic_constructed_macro_nats_full_precision_v3,0552c7f4701ada91e31e916f992171b9418cb47d283a56e61f311581d66266cb
2007-01-30,0.47544039390921994,1,isotropic_constructed_macro_nats_full_precision_v3,0552c7f4701ada91e31e916f992171b9418cb47d283a56e61f311581d66266cb
2007-02-01,0.45874672182428056,1,isotropic_constructed_macro_nats_full_precision_v3,0552c7f4701ada91e31e916f992171b9418cb47d283a56e61f311581d66266cb
2007-02-05,0.45022743745420435,2,isotropic_constructed_macro_nats_full_precision_v3,0552c7f4701ada91e31e916f992171b9418cb47d283a56e61f311581d66266cb
2007-02-07,0.41654944783904047,3,isotropic_constructed_macro_nats_full_precision_v3,0552c7f4701ada91e31e916f992171b9418cb47d283a56e61f311581d66266cb
2007-02-09,0.4116298644794332,1,isotropic_constructed_macro_nats_full_precision_v3,0552c7f4701ada91e31e916f992171b9418cb47d283a56e61f311581d66266cb
2007-02-13,0.4366397046945055,1,isotropic_constructed_macro_nats_full_precision_v3,0552c7f4701ada91e31e916f992171b9418cb47d283a56e61f311581d66266cb
2007-02-15,0.4395792509007685,1,isotropic_constructed_macro_nats_full_precision_v3,0552c7f4701ada91e31e916f992171b9418cb47d283a56e61f311581d66266cb
2007-02-20,0.41933398305924713,1,isotropic_constructed_macro_nats_full_precision_v3,0552c7f4701ada91e31e916f992171b9418cb47d283a56e61f311581d66266cb
2007-02-22,0.4312709950110198,1,isotropic_constructed_macro_nats_full_precision_v3,0552c7f4701ada91e31e916f992171b9418cb47d283a56e61f311581d66266cb
2007-02-26,0.4560850516068785,1,isotropic_constructed_macro_nats_full_precision_v3,0552c7f4701ada91e31e916f992171b9418cb47d283a56e61f311581d66266cb
2007-02-28,0.41357598378771626,1,isotropic_constructed_macro_nats_full_precision_v3,0552c7f4701ada91e31e916f992171b9418cb47d283a56e61f311581d66266cb
2007-03-02,0.4061755379879094,1,isotropic_constructed_macro_nats_full_precision_v3,0552c7f4701ada91e31e916f992171b9418cb47d283a56e61f311581d66266cb
2007-03-06,0.40220067846567137,1,isotropic_constructed_macro_nats_full_precision_v3,0552c7f4701ada91e31e916f992171b9418cb47d283a56e61f311581d66266cb
2007-03-08,0.4007050555673651,3,isotropic_constructed_macro_nats_full_precision_v3,0552c7f4701ada91e31e916f992171b9418cb47d283a56e61f311581d66266cb
2007-03-12,0.4266845061803476,1,isotropic_constructed_macro_nats_full_precision_v3,0552c7f4701ada91e31e916f992171b9418cb47d283a56e61f311581d66266cb
2007-03-14,0.4201014782763592,3,isotropic_constructed_macro_nats_full_precision_v3,0552c7f4701ada91e31e916f992171b9418cb47d283a56e61f311581d66266cb
2007-03-16,0.4083472461389301,3,isotropic_constructed_macro_nats_full_precision_v3,0552c7f4701ada91e31e916f992171b9418cb47d283a56e61f311581d66266cb
2007-03-20,0.4188587629333754,1,isotropic_constructed_macro_nats_full_precision_v3,0552c7f4701ada91e31e916f992171b9418cb47d283a56e61f311581d66266cb
2007-03-22,0.4541690582047016,1,isotropic_constructed_macro_nats_full_precision_v3,0552c7f4701ada91e31e916f992171b9418cb47d283a56e61f311581d66266cb
2007-03-26,0.4408301586862892,1,isotropic_constructed_macro_nats_full_precision_v3,0552c7f4701ada91e31e916f992171b9418cb47d283a56e61f311581d66266cb
2007-03-28,0.43836150410076913,1,isotropic_constructed_macro_nats_full_precision_v3,0552c7f4701ada91e31e916f992171b9418cb47d283a56e61f311581d66266cb
2007-03-30,0.44313469830915664,1,isotropic_constructed_macro_nats_full_precision_v3,0552c7f4701ada91e31e916f992171b9418cb47d283a56e61f311581d66266cb
2007-04-03,0.4433136496468235,1,isotropic_constructed_macro_nats_full_precision_v3,0552c7f4701ada91e31e916f992171b9418cb47d283a56e61f311581d66266cb
2007-04-05,0.46228876152814363,1,isotropic_constructed_macro_nats_full_precision_v3,0552c7f4701ada91e31e916f992171b9418cb47d283a56e61f311581d66266cb
2007-04-10,0.4368349714073624,1,isotropic_constructed_macro_nats_full_precision_v3,0552c7f4701ada91e31e916f992171b9418cb47d283a56e61f311581d66266cb
2007-04-12,0.45310693480758824,1,isotropic_constructed_macro_nats_full_precision_v3,0552c7f4701ada91e31e916f992171b9418cb47d283a56e61f311581d66266cb
2007-04-16,0.4440578927078788,1,isotropic_constructed_macro_nats_full_precision_v3,0552c7f4701ada91e31e916f992171b9418cb47d283a56e61f311581d66266cb
2007-04-18,0.48765636511654004,1,isotropic_constructed_macro_nats_full_precision_v3,0552c7f4701ada91e31e916f992171b9418cb47d283a56e61f311581d66266cb
2007-04-20,0.43764091651525816,1,isotropic_constructed_macro_nats_full_precision_v3,0552c7f4701ada91e31e916f992171b9418cb47d283a56e61f311581d66266cb
2007-04-24,0.442645625465544,1,isotropic_constructed_macro_nats_full_precision_v3,0552c7f4701ada91e31e916f992171b9418cb47d283a56e61f311581d66266cb
2007-04-26,0.4242894793929917,1,isotropic_constructed_macro_nats_full_precision_v3,0552c7f4701ada91e31e916f992171b9418cb47d283a56e61f311581d66266cb
2007-04-30,0.4587561001367642,1,isotropic_constructed_macro_nats_full_precision_v3,0552c7f4701ada91e31e916f992171b9418cb47d283a56e61f311581d66266cb
2007-05-02,0.47084122735637524,1,isotropic_constructed_macro_nats_full_precision_v3,0552c7f4701ada91e31e916f992171b9418cb47d283a56e61f311581d66266cb
2007-05-04,0.4822724705386886,1,isotropic_constructed_macro_nats_full_precision_v3,0552c7f4701ada91e31e916f992171b9418cb47d283a56e61f311581d66266cb
2007-05-08,0.4831266311981795,1,isotropic_constructed_macro_nats_full_precision_v3,0552c7f4701ada91e31e916f992171b9418cb47d283a56e61f311581d66266cb
2007-05-10,0.45148673580336096,1,isotropic_constructed_macro_nats_full_precision_v3,0552c7f4701ada91e31e916f992171b9418cb47d283a56e61f311581d66266cb
2007-05-14,0.4326599387690746,1,isotropic_constructed_macro_nats_full_precision_v3,0552c7f4701ada91e31e916f992171b9418cb47d283a56e61f311581d66266cb
2007-05-16,0.46018425588208606,1,isotropic_constructed_macro_nats_full_precision_v3,0552c7f4701ada91e31e916f992171b9418cb47d283a56e61f311581d66266cb
2007-05-18,0.4144713608194109,1,isotropic_constructed_macro_nats_full_precision_v3,0552c7f4701ada91e31e916f992171b9418cb47d283a56e61f311581d66266cb
2007-05-22,0.4503052649682653,1,isotropic_constructed_macro_nats_full_precision_v3,0552c7f4701ada91e31e916f992171b9418cb47d283a56e61f311581d66266cb
2007-05-24,0.4598957765339043,1,isotropic_constructed_macro_nats_full_precision_v3,0552c7f4701ada91e31e916f992171b9418cb47d283a56e61f311581d66266cb
2007-05-29,0.4663985317895811,1,isotropic_constructed_macro_nats_full_precision_v3,0552c7f4701ada91e31e916f992171b9418cb47d283a56e61f311581d66266cb
2007-05-31,0.46962033327995195,1,isotropic_constructed_macro_nats_full_precision_v3,0552c7f4701ada91e31e916f992171b9418cb47d283a56e61f311581d66266cb
2007-06-04,0.47075675446794796,1,isotropic_constructed_macro_nats_full_precision_v3,0552c7f4701ada91e31e916f992171b9418cb47d283a56e61f311581d66266cb
2007-06-06,0.4642812280611773,1,isotropic_constructed_macro_nats_full_precision_v3,0552c7f4701ada91e31e916f992171b9418cb47d283a56e61f311581d66266cb
2007-06-08,0.4791008277316484,1,isotropic_constructed_macro_nats_full_precision_v3,0552c7f4701ada91e31e916f992171b9418cb47d283a56e61f311581d66266cb
2007-06-12,0.5132337912106995,1,isotropic_constructed_macro_nats_full_precision_v3,0552c7f4701ada91e31e916f992171b9418cb47d283a56e61f311581d66266cb
2007-06-14,0.5144142731253893,1,isotropic_constructed_macro_nats_full_precision_v3,0552c7f4701ada91e31e916f992171b9418cb47d283a56e61f311581d66266cb
2007-06-18,0.49934066475102407,1,isotropic_constructed_macro_nats_full_precision_v3,0552c7f4701ada91e31e916f992171b9418cb47d283a56e61f311581d66266cb
2007-06-20,0.49859910484853953,1,isotropic_constructed_macro_nats_full_precision_v3,0552c7f4701ada91e31e916f992171b9418cb47d283a56e61f311581d66266cb
2007-06-22,0.5129554824528884,1,isotropic_constructed_macro_nats_full_precision_v3,0552c7f4701ada91e31e916f992171b9418cb47d283a56e61f311581d66266cb
2007-06-26,0.5189305299585407,1,isotropic_constructed_macro_nats_full_precision_v3,0552c7f4701ada91e31e916f992171b9418cb47d283a56e61f311581d66266cb
2007-06-28,0.5084274547292096,1,isotropic_constructed_macro_nats_full_precision_v3,0552c7f4701ada91e31e916f992171b9418cb47d283a56e61f311581d66266cb
2007-07-02,0.5067900245797371,1,isotropic_constructed_macro_nats_full_precision_v3,0552c7f4701ada91e31e916f992171b9418cb47d283a56e61f311581d66266cb
2007-07-05,0.513488166490382,1,isotropic_constructed_macro_nats_full_precision_v3,0552c7f4701ada91e31e916f992171b9418cb47d283a56e61f311581d66266cb
2007-07-09,0.511019676437447,1,isotropic_constructed_macro_nats_full_precision_v3,0552c7f4701ada91e31e916f992171b9418cb47d283a56e61f311581d66266cb
2007-07-11,0.5173157276761672,1,isotropic_constructed_macro_nats_full_precision_v3,0552c7f4701ada91e31e916f992171b9418cb47d283a56e61f311581d66266cb
2007-07-13,0.5162624075503036,1,isotropic_constructed_macro_nats_full_precision_v3,0552c7f4701ada91e31e916f992171b9418cb47d283a56e61f311581d66266cb
2007-07-17,0.5238955320943438,1,isotropic_constructed_macro_nats_full_precision_v3,0552c7f4701ada91e31e916f992171b9418cb47d283a56e61f311581d66266cb
2007-07-19,0.5108918407693961,1,isotropic_constructed_macro_nats_full_precision_v3,0552c7f4701ada91e31e916f992171b9418cb47d283a56e61f311581d66266cb
2007-07-23,0.5113972288357976,1,isotropic_constructed_macro_nats_full_precision_v3,0552c7f4701ada91e31e916f992171b9418cb47d283a56e61f311581d66266cb
2007-07-25,0.5101733095252367,1,isotropic_constructed_macro_nats_full_precision_v3,0552c7f4701ada91e31e916f992171b9418cb47d283a56e61f311581d66266cb
2007-07-27,0.5481781607511981,1,isotropic_constructed_macro_nats_full_precision_v3,0552c7f4701ada91e31e916f992171b9418cb47d283a56e61f311581d66266cb
2007-07-31,0.5437125983624069,1,isotropic_constructed_macro_nats_full_precision_v3,0552c7f4701ada91e31e916f992171b9418cb47d283a56e61f311581d66266cb
2007-08-02,0.5251485903430959,1,isotropic_constructed_macro_nats_full_precision_v3,0552c7f4701ada91e31e916f992171b9418cb47d283a56e61f311581d66266cb
2007-08-06,0.5406390140808582,1,isotropic_constructed_macro_nats_full_precision_v3,0552c7f4701ada91e31e916f992171b9418cb47d283a56e61f311581d66266cb
2007-08-08,0.5494521900717853,1,isotropic_constructed_macro_nats_full_precision_v3,0552c7f4701ada91e31e916f992171b9418cb47d283a56e61f311581d66266cb
2007-08-10,0.5562833800227054,1,isotropic_constructed_macro_nats_full_precision_v3,0552c7f4701ada91e31e916f992171b9418cb47d283a56e61f311581d66266cb
2007-08-14,0.4975043857858471,1,isotropic_constructed_macro_nats_full_precision_v3,0552c7f4701ada91e31e916f992171b9418cb47d283a56e61f311581d66266cb
2007-08-16,0.5221796354542888,1,isotropic_constructed_macro_nats_full_precision_v3,0552c7f4701ada91e31e916f992171b9418cb47d283a56e61f311581d66266cb
2007-08-20,0.49953324761445816,1,isotropic_constructed_macro_nats_full_precision_v3,0552c7f4701ada91e31e916f992171b9418cb47d283a56e61f311581d66266cb
2007-08-22,0.5282994607414131,1,isotropic_constructed_macro_nats_full_precision_v3,0552c7f4701ada91e31e916f992171b9418cb47d283a56e61f311581d66266cb
2007-08-24,0.558759461867347,1,isotropic_constructed_macro_nats_full_precision_v3,0552c7f4701ada91e31e916f992171b9418cb47d283a56e61f311581d66266cb
2007-08-28,0.5549940924364207,1,isotropic_constructed_macro_nats_full_precision_v3,0552c7f4701ada91e31e916f992171b9418cb47d283a56e61f311581d66266cb
2007-08-30,0.513288942908738,1,isotropic_constructed_macro_nats_full_precision_v3,0552c7f4701ada91e31e916f992171b9418cb47d283a56e61f311581d66266cb
2007-09-04,0.5409036970363651,1,isotropic_constructed_macro_nats_full_precision_v3,0552c7f4701ada91e31e916f992171b9418cb47d283a56e61f311581d66266cb
2007-09-06,0.4957195799793899,1,isotropic_constructed_macro_nats_full_precision_v3,0552c7f4701ada91e31e916f992171b9418cb47d283a56e61f311581d66266cb
2007-09-10,0.5330115718687553,1,isotropic_constructed_macro_nats_full_precision_v3,0552c7f4701ada91e31e916f992171b9418cb47d283a56e61f311581d66266cb
2007-09-12,0.5484765476498572,1,isotropic_constructed_macro_nats_full_precision_v3,0552c7f4701ada91e31e916f992171b9418cb47d283a56e61f311581d66266cb
2007-09-14,0.5349850557332059,1,isotropic_constructed_macro_nats_full_precision_v3,0552c7f4701ada91e31e916f992171b9418cb47d283a56e61f311581d66266cb
2007-09-18,0.4833180341021317,2,isotropic_constructed_macro_nats_full_precision_v3,0552c7f4701ada91e31e916f992171b9418cb47d283a56e61f311581d66266cb
2007-09-20,0.4958217987449142,1,isotropic_constructed_macro_nats_full_precision_v3,0552c7f4701ada91e31e916f992171b9418cb47d283a56e61f311581d66266cb
2007-09-24,0.49139108392251346,2,isotropic_constructed_macro_nats_full_precision_v3,0552c7f4701ada91e31e916f992171b9418cb47d283a56e61f311581d66266cb
2007-09-26,0.47915658083230367,1,isotropic_constructed_macro_nats_full_precision_v3,0552c7f4701ada91e31e916f992171b9418cb47d283a56e61f311581d66266cb
2007-09-28,0.5577704940855803,1,isotropic_constructed_macro_nats_full_precision_v3,0552c7f4701ada91e31e916f992171b9418cb47d283a56e61f311581d66266cb
2007-10-02,0.5177479007573484,2,isotropic_constructed_macro_nats_full_precision_v3,0552c7f4701ada91e31e916f992171b9418cb47d283a56e61f311581d66266cb
2007-10-04,0.5728459451886359,1,isotropic_constructed_macro_nats_full_precision_v3,0552c7f4701ada91e31e916f992171b9418cb47d283a56e61f311581d66266cb
2007-10-08,0.5654241358510086,1,isotropic_constructed_macro_nats_full_precision_v3,0552c7f4701ada91e31e916f992171b9418cb47d283a56e61f311581d66266cb
2007-10-10,0.4574659833145739,1,isotropic_constructed_macro_nats_full_precision_v3,0552c7f4701ada91e31e916f992171b9418cb47d283a56e61f311581d66266cb
2007-10-12,0.4896255148940863,1,isotropic_constructed_macro_nats_full_precision_v3,0552c7f4701ada91e31e916f992171b9418cb47d283a56e61f311581d66266cb
2007-10-16,0.5496086532043057,1,isotropic_constructed_macro_nats_full_precision_v3,0552c7f4701ada91e31e916f992171b9418cb47d283a56e61f311581d66266cb
2007-10-18,0.5274189284204989,1,isotropic_constructed_macro_nats_full_precision_v3,0552c7f4701ada91e31e916f992171b9418cb47d283a56e61f311581d66266cb
2007-10-22,0.5230021136240168,1,isotropic_constructed_macro_nats_full_precision_v3,0552c7f4701ada91e31e916f992171b9418cb47d283a56e61f311581d66266cb
2007-10-24,0.509842660765794,2,isotropic_constructed_macro_nats_full_precision_v3,0552c7f4701ada91e31e916f992171b9418cb47d283a56e61f311581d66266cb
2007-10-26,0.5036121357870398,1,isotropic_constructed_macro_nats_full_precision_v3,0552c7f4701ada91e31e916f992171b9418cb47d283a56e61f311581d66266cb
2007-10-30,0.5285838045571122,1,isotropic_constructed_macro_nats_full_precision_v3,0552c7f4701ada91e31e916f992171b9418cb47d283a56e61f311581d66266cb
2007-11-01,0.4468291542854393,1,isotropic_constructed_macro_nats_full_precision_v3,0552c7f4701ada91e31e916f992171b9418cb47d283a56e61f311581d66266cb
2007-11-05,0.4626967552347149,2,isotropic_constructed_macro_nats_full_precision_v3,0552c7f4701ada91e31e916f992171b9418cb47d283a56e61f311581d66266cb
2007-11-07,0.5515990867447021,1,isotropic_constructed_macro_nats_full_precision_v3,0552c7f4701ada91e31e916f992171b9418cb47d283a56e61f311581d66266cb
2007-11-09,0.5269812599881625,1,isotropic_constructed_macro_nats_full_precision_v3,0552c7f4701ada91e31e916f992171b9418cb47d283a56e61f311581d66266cb
2007-11-13,0.4999069917512829,1,isotropic_constructed_macro_nats_full_precision_v3,0552c7f4701ada91e31e916f992171b9418cb47d283a56e61f311581d66266cb
2007-11-15,0.44225294332099097,2,isotropic_constructed_macro_nats_full_precision_v3,0552c7f4701ada91e31e916f992171b9418cb47d283a56e61f311581d66266cb
2007-11-19,0.5267653669516953,1,isotropic_constructed_macro_nats_full_precision_v3,0552c7f4701ada91e31e916f992171b9418cb47d283a56e61f311581d66266cb
2007-11-21,0.4964861286394323,1,isotropic_constructed_macro_nats_full_precision_v3,0552c7f4701ada91e31e916f992171b9418cb47d283a56e61f311581d66266cb
2007-11-26,0.5141954596149343,1,isotropic_constructed_macro_nats_full_precision_v3,0552c7f4701ada91e31e916f992171b9418cb47d283a56e61f311581d66266cb
2007-11-28,0.5022603558626317,1,isotropic_constructed_macro_nats_full_precision_v3,0552c7f4701ada91e31e916f992171b9418cb47d283a56e61f311581d66266cb
2007-11-30,0.500014705667698,1,isotropic_constructed_macro_nats_full_precision_v3,0552c7f4701ada91e31e916f992171b9418cb47d283a56e61f311581d66266cb
2007-12-04,0.45194326660193845,1,isotropic_constructed_macro_nats_full_precision_v3,0552c7f4701ada91e31e916f992171b9418cb47d283a56e61f311581d66266cb
2007-12-06,0.5079479386007248,1,isotropic_constructed_macro_nats_full_precision_v3,0552c7f4701ada91e31e916f992171b9418cb47d283a56e61f311581d66266cb
2007-12-10,0.4512499758933114,1,isotropic_constructed_macro_nats_full_precision_v3,0552c7f4701ada91e31e916f992171b9418cb47d283a56e61f311581d66266cb
2007-12-12,0.4983916852241882,1,isotropic_constructed_macro_nats_full_precision_v3,0552c7f4701ada91e31e916f992171b9418cb47d283a56e61f311581d66266cb
2007-12-14,0.44329858552884716,1,isotropic_constructed_macro_nats_full_precision_v3,0552c7f4701ada91e31e916f992171b9418cb47d283a56e61f311581d66266cb
2007-12-18,0.4309357481903342,2,isotropic_constructed_macro_nats_full_precision_v3,0552c7f4701ada91e31e916f992171b9418cb47d283a56e61f311581d66266cb
2007-12-20,0.45417959095351657,1,isotropic_constructed_macro_nats_full_precision_v3,0552c7f4701ada91e31e916f992171b9418cb47d283a56e61f311581d66266cb
2007-12-24,0.44837192957294014,1,isotropic_constructed_macro_nats_full_precision_v3,0552c7f4701ada91e31e916f992171b9418cb47d283a56e61f311581d66266cb
2007-12-27,0.5092821971814274,1,isotropic_constructed_macro_nats_full_precision_v3,0552c7f4701ada91e31e916f992171b9418cb47d283a56e61f311581d66266cb
2007-12-31,0.5056013010634139,1,isotropic_constructed_macro_nats_full_precision_v3,0552c7f4701ada91e31e916f992171b9418cb47d283a56e61f311581d66266cb
2008-01-03,0.49547746309920865,1,isotropic_constructed_macro_nats_full_precision_v3,0552c7f4701ada91e31e916f992171b9418cb47d283a56e61f311581d66266cb
2008-01-07,0.4582565049766588,2,isotropic_constructed_macro_nats_full_precision_v3,0552c7f4701ada91e31e916f992171b9418cb47d283a56e61f311581d66266cb
2008-01-09,0.45933380260106055,1,isotropic_constructed_macro_nats_full_precision_v3,0552c7f4701ada91e31e916f992171b9418cb47d283a56e61f311581d66266cb
2008-01-11,0.45614446677287734,1,isotropic_constructed_macro_nats_full_precision_v3,0552c7f4701ada91e31e916f992171b9418cb47d283a56e61f311581d66266cb
2008-01-15,0.44212527835665394,2,isotropic_constructed_macro_nats_full_precision_v3,0552c7f4701ada91e31e916f992171b9418cb47d283a56e61f311581d66266cb
2008-01-17,0.42399298849918743,2,isotropic_constructed_macro_nats_full_precision_v3,0552c7f4701ada91e31e916f992171b9418cb47d283a56e61f311581d66266cb
2008-01-22,0.5051250223537227,2,isotropic_constructed_macro_nats_full_precision_v3,0552c7f4701ada91e31e916f992171b9418cb47d283a56e61f311581d66266cb
2008-01-24,0.47635095065894323,3,isotropic_constructed_macro_nats_full_precision_v3,0552c7f4701ada91e31e916f992171b9418cb47d283a56e61f311581d66266cb
2008-01-28,0.5421492800891625,1,isotropic_constructed_macro_nats_full_precision_v3,0552c7f4701ada91e31e916f992171b9418cb47d283a56e61f311581d66266cb
2008-01-30,0.5212978886123338,2,isotropic_constructed_macro_nats_full_precision_v3,0552c7f4701ada91e31e916f992171b9418cb47d283a56e61f311581d66266cb
2008-02-01,0.5520148502064658,1,isotropic_constructed_macro_nats_full_precision_v3,0552c7f4701ada91e31e916f992171b9418cb47d283a56e61f311581d66266cb
2008-02-05,0.5770285508617825,1,isotropic_constructed_macro_nats_full_precision_v3,0552c7f4701ada91e31e916f992171b9418cb47d283a56e61f311581d66266cb
2008-02-07,0.4847961919613724,1,isotropic_constructed_macro_nats_full_precision_v3,0552c7f4701ada91e31e916f992171b9418cb47d283a56e61f311581d66266cb
2008-02-11,0.5099615716044352,1,isotropic_constructed_macro_nats_full_precision_v3,0552c7f4701ada91e31e916f992171b9418cb47d283a56e61f311581d66266cb
2008-02-13,0.5925949876584713,1,isotropic_constructed_macro_nats_full_precision_v3,0552c7f4701ada91e31e916f992171b9418cb47d283a56e61f311581d66266cb
2008-02-15,0.46191111671469504,3,isotropic_constructed_macro_nats_full_precision_v3,0552c7f4701ada91e31e916f992171b9418cb47d283a56e61f311581d66266cb
2008-02-20,0.47541004967919254,2,isotropic_constructed_macro_nats_full_precision_v3,0552c7f4701ada91e31e916f992171b9418cb47d283a56e61f311581d66266cb
2008-02-22,0.4480905799479052,3,isotropic_constructed_macro_nats_full_precision_v3,0552c7f4701ada91e31e916f992171b9418cb47d283a56e61f311581d66266cb
2008-02-26,0.46862978043654885,3,isotropic_constructed_macro_nats_full_precision_v3,0552c7f4701ada91e31e916f992171b9418cb47d283a56e61f311581d66266cb
2008-02-28,0.46667886022026767,3,isotropic_constructed_macro_nats_full_precision_v3,0552c7f4701ada91e31e916f992171b9418cb47d283a56e61f311581d66266cb
2008-03-03,0.5343696552209294,1,isotropic_constructed_macro_nats_full_precision_v3,0552c7f4701ada91e31e916f992171b9418cb47d283a56e61f311581d66266cb
2008-03-05,0.43507504308564243,3,isotropic_constructed_macro_nats_full_precision_v3,0552c7f4701ada91e31e916f992171b9418cb47d283a56e61f311581d66266cb
2008-03-07,0.48160444825944954,2,isotropic_constructed_macro_nats_full_precision_v3,0552c7f4701ada91e31e916f992171b9418cb47d283a56e61f311581d66266cb
2008-03-11,0.5004884515584043,3,isotropic_constructed_macro_nats_full_precision_v3,0552c7f4701ada91e31e916f992171b9418cb47d283a56e61f311581d66266cb
2008-03-13,0.5746440609875496,1,isotropic_constructed_macro_nats_full_precision_v3,0552c7f4701ada91e31e916f992171b9418cb47d283a56e61f311581d66266cb
2008-03-17,0.5569976471072712,1,isotropic_constructed_macro_nats_full_precision_v3,0552c7f4701ada91e31e916f992171b9418cb47d283a56e61f311581d66266cb
2008-03-19,0.5255456154552214,3,isotropic_constructed_macro_nats_full_precision_v3,0552c7f4701ada91e31e916f992171b9418cb47d283a56e61f311581d66266cb
2008-03-24,0.4989023914255623,1,isotropic_constructed_macro_nats_full_precision_v3,0552c7f4701ada91e31e916f992171b9418cb47d283a56e61f311581d66266cb
2008-03-26,0.5510225656013579,1,isotropic_constructed_macro_nats_full_precision_v3,0552c7f4701ada91e31e916f992171b9418cb47d283a56e61f311581d66266cb
2008-03-28,0.5606315936441179,1,isotropic_constructed_macro_nats_full_precision_v3,0552c7f4701ada91e31e916f992171b9418cb47d283a56e61f311581d66266cb
2008-04-01,0.5153574835384953,1,isotropic_constructed_macro_nats_full_precision_v3,0552c7f4701ada91e31e916f992171b9418cb47d283a56e61f311581d66266cb
2008-04-03,0.4940647806576487,3,isotropic_constructed_macro_nats_full_precision_v3,0552c7f4701ada91e31e916f992171b9418cb47d283a56e61f311581d66266cb
2008-04-07,0.5062648567217791,3,isotropic_constructed_macro_nats_full_precision_v3,0552c7f4701ada91e31e916f992171b9418cb47d283a56e61f311581d66266cb
2008-04-09,0.45989359771982186,4,isotropic_constructed_macro_nats_full_precision_v3,0552c7f4701ada91e31e916f992171b9418cb47d283a56e61f311581d66266cb
2008-04-11,0.5023984222446889,3,isotropic_constructed_macro_nats_full_precision_v3,0552c7f4701ada91e31e916f992171b9418cb47d283a56e61f311581d66266cb
2008-04-15,0.45786883799715394,2,isotropic_constructed_macro_nats_full_precision_v3,0552c7f4701ada91e31e916f992171b9418cb47d283a56e61f311581d66266cb
2008-04-17,0.48206762666265474,1,isotropic_constructed_macro_nats_full_precision_v3,0552c7f4701ada91e31e916f992171b9418cb47d283a56e61f311581d66266cb
2008-04-21,0.47006759252690933,2,isotropic_constructed_macro_nats_full_precision_v3,0552c7f4701ada91e31e916f992171b9418cb47d283a56e61f311581d66266cb
2008-04-23,0.5023940611005524,3,isotropic_constructed_macro_nats_full_precision_v3,0552c7f4701ada91e31e916f992171b9418cb47d283a56e61f311581d66266cb
2008-04-25,0.5205572287410987,1,isotropic_constructed_macro_nats_full_precision_v3,0552c7f4701ada91e31e916f992171b9418cb47d283a56e61f311581d66266cb
2008-04-29,0.45910063743118523,1,isotropic_constructed_macro_nats_full_precision_v3,0552c7f4701ada91e31e916f992171b9418cb47d283a56e61f311581d66266cb
2008-05-01,0.49244139995541103,2,isotropic_constructed_macro_nats_full_precision_v3,0552c7f4701ada91e31e916f992171b9418cb47d283a56e61f311581d66266cb
2008-05-05,0.4781006562282705,3,isotropic_constructed_macro_nats_full_precision_v3,0552c7f4701ada91e31e916f992171b9418cb47d283a56e61f311581d66266cb
2008-05-07,0.5051422206850649,2,isotropic_constructed_macro_nats_full_precision_v3,0552c7f4701ada91e31e916f992171b9418cb47d283a56e61f311581d66266cb
2008-05-09,0.45169133606709505,2,isotropic_constructed_macro_nats_full_precision_v3,0552c7f4701ada91e31e916f992171b9418cb47d283a56e61f311581d66266cb
2008-05-13,0.4832618039302639,2,isotropic_constructed_macro_nats_full_precision_v3,0552c7f4701ada91e31e916f992171b9418cb47d283a56e61f311581d66266cb
2008-05-15,0.43681634562655325,4,isotropic_constructed_macro_nats_full_precision_v3,0552c7f4701ada91e31e916f992171b9418cb47d283a56e61f311581d66266cb
2008-05-19,0.48842232342605246,2,isotropic_constructed_macro_nats_full_precision_v3,0552c7f4701ada91e31e916f992171b9418cb47d283a56e61f311581d66266cb
2008-05-21,0.4388085674375118,2,isotropic_constructed_macro_nats_full_precision_v3,0552c7f4701ada91e31e916f992171b9418cb47d283a56e61f311581d66266cb
2008-05-23,0.4703835355009856,3,isotropic_constructed_macro_nats_full_precision_v3,0552c7f4701ada91e31e916f992171b9418cb47d283a56e61f311581d66266cb
2008-05-28,0.4239736195097305,3,isotropic_constructed_macro_nats_full_precision_v3,0552c7f4701ada91e31e916f992171b9418cb47d283a56e61f311581d66266cb
2008-05-30,0.4559006637547619,2,isotropic_constructed_macro_nats_full_precision_v3,0552c7f4701ada91e31e916f992171b9418cb47d283a56e61f311581d66266cb
2008-06-03,0.46641945254024225,2,isotropic_constructed_macro_nats_full_precision_v3,0552c7f4701ada91e31e916f992171b9418cb47d283a56e61f311581d66266cb
2008-06-05,0.4230377976768717,4,isotropic_constructed_macro_nats_full_precision_v3,0552c7f4701ada91e31e916f992171b9418cb47d283a56e61f311581d66266cb
2008-06-09,0.4208214778526762,2,isotropic_constructed_macro_nats_full_precision_v3,0552c7f4701ada91e31e916f992171b9418cb47d283a56e61f311581d66266cb
2008-06-11,0.4820040026759171,2,isotropic_constructed_macro_nats_full_precision_v3,0552c7f4701ada91e31e916f992171b9418cb47d283a56e61f311581d66266cb
2008-06-13,0.4279043895621817,1,isotropic_constructed_macro_nats_full_precision_v3,0552c7f4701ada91e31e916f992171b9418cb47d283a56e61f311581d66266cb
2008-06-17,0.4652167815417412,2,isotropic_constructed_macro_nats_full_precision_v3,0552c7f4701ada91e31e916f992171b9418cb47d283a56e61f311581d66266cb
2008-06-19,0.4287933430193894,3,isotropic_constructed_macro_nats_full_precision_v3,0552c7f4701ada91e31e916f992171b9418cb47d283a56e61f311581d66266cb
2008-06-23,0.43659448814054364,1,isotropic_constructed_macro_nats_full_precision_v3,0552c7f4701ada91e31e916f992171b9418cb47d283a56e61f311581d66266cb
2008-06-25,0.4455059490166131,1,isotropic_constructed_macro_nats_full_precision_v3,0552c7f4701ada91e31e916f992171b9418cb47d283a56e61f311581d66266cb
2008-06-27,0.44123795186551606,1,isotropic_constructed_macro_nats_full_precision_v3,0552c7f4701ada91e31e916f992171b9418cb47d283a56e61f311581d66266cb
2008-07-01,0.4441654752752464,1,isotropic_constructed_macro_nats_full_precision_v3,0552c7f4701ada91e31e916f992171b9418cb47d283a56e61f311581d66266cb
2008-07-03,0.43935445542329166,2,isotropic_constructed_macro_nats_full_precision_v3,0552c7f4701ada91e31e916f992171b9418cb47d283a56e61f311581d66266cb
2008-07-08,0.42669963146184875,3,isotropic_constructed_macro_nats_full_precision_v3,0552c7f4701ada91e31e916f992171b9418cb47d283a56e61f311581d66266cb
2008-07-10,0.4556058427821406,1,isotropic_constructed_macro_nats_full_precision_v3,0552c7f4701ada91e31e916f992171b9418cb47d283a56e61f311581d66266cb
2008-07-14,0.44542130903954746,4,isotropic_constructed_macro_nats_full_precision_v3,0552c7f4701ada91e31e916f992171b9418cb47d283a56e61f311581d66266cb
2008-07-16,0.4420093943794296,2,isotropic_constructed_macro_nats_full_precision_v3,0552c7f4701ada91e31e916f992171b9418cb47d283a56e61f311581d66266cb
2008-07-18,0.41493192787829314,3,isotropic_constructed_macro_nats_full_precision_v3,0552c7f4701ada91e31e916f992171b9418cb47d283a56e61f311581d66266cb
2008-07-22,0.44519084031765,2,isotropic_constructed_macro_nats_full_precision_v3,0552c7f4701ada91e31e916f992171b9418cb47d283a56e61f311581d66266cb
2008-07-24,0.4373021012813962,2,isotropic_constructed_macro_nats_full_precision_v3,0552c7f4701ada91e31e916f992171b9418cb47d283a56e61f311581d66266cb
2008-07-28,0.4272429323037817,2,isotropic_constructed_macro_nats_full_precision_v3,0552c7f4701ada91e31e916f992171b9418cb47d283a56e61f311581d66266cb
2008-07-30,0.49114214082384655,2,isotropic_constructed_macro_nats_full_precision_v3,0552c7f4701ada91e31e916f992171b9418cb47d283a56e61f311581d66266cb
2008-08-01,0.42011496196077575,5,isotropic_constructed_macro_nats_full_precision_v3,0552c7f4701ada91e31e916f992171b9418cb47d283a56e61f311581d66266cb
2008-08-05,0.5032364244535924,2,isotropic_constructed_macro_nats_full_precision_v3,0552c7f4701ada91e31e916f992171b9418cb47d283a56e61f311581d66266cb
2008-08-07,0.4818923922324609,2,isotropic_constructed_macro_nats_full_precision_v3,0552c7f4701ada91e31e916f992171b9418cb47d283a56e61f311581d66266cb
2008-08-11,0.4728978952962109,2,isotropic_constructed_macro_nats_full_precision_v3,0552c7f4701ada91e31e916f992171b9418cb47d283a56e61f311581d66266cb
2008-08-13,0.46705735497021,2,isotropic_constructed_macro_nats_full_precision_v3,0552c7f4701ada91e31e916f992171b9418cb47d283a56e61f311581d66266cb
2008-08-15,0.46731705776548516,2,isotropic_constructed_macro_nats_full_precision_v3,0552c7f4701ada91e31e916f992171b9418cb47d283a56e61f311581d66266cb
2008-08-19,0.4479094715912004,3,isotropic_constructed_macro_nats_full_precision_v3,0552c7f4701ada91e31e916f992171b9418cb47d283a56e61f311581d66266cb
2008-08-21,0.4663279249572065,2,isotropic_constructed_macro_nats_full_precision_v3,0552c7f4701ada91e31e916f992171b9418cb47d283a56e61f311581d66266cb
2008-08-25,0.4357511405537162,3,isotropic_constructed_macro_nats_full_precision_v3,0552c7f4701ada91e31e916f992171b9418cb47d283a56e61f311581d66266cb
2008-08-27,0.4462184870273421,5,isotropic_constructed_macro_nats_full_precision_v3,0552c7f4701ada91e31e916f992171b9418cb47d283a56e61f311581d66266cb
2008-08-29,0.446090947775802,3,isotropic_constructed_macro_nats_full_precision_v3,0552c7f4701ada91e31e916f992171b9418cb47d283a56e61f311581d66266cb
2008-09-03,0.45280613943952064,3,isotropic_constructed_macro_nats_full_precision_v3,0552c7f4701ada91e31e916f992171b9418cb47d283a56e61f311581d66266cb
2008-09-05,0.4425366372072835,5,isotropic_constructed_macro_nats_full_precision_v3,0552c7f4701ada91e31e916f992171b9418cb47d283a56e61f311581d66266cb
2008-09-09,0.436894296876618,3,isotropic_constructed_macro_nats_full_precision_v3,0552c7f4701ada91e31e916f992171b9418cb47d283a56e61f311581d66266cb
2008-09-11,0.46991292741621093,3,isotropic_constructed_macro_nats_full_precision_v3,0552c7f4701ada91e31e916f992171b9418cb47d283a56e61f311581d66266cb
2008-09-15,0.4617734896090164,2,isotropic_constructed_macro_nats_full_precision_v3,0552c7f4701ada91e31e916f992171b9418cb47d283a56e61f311581d66266cb
2008-09-17,0.4439995647270419,3,isotropic_constructed_macro_nats_full_precision_v3,0552c7f4701ada91e31e916f992171b9418cb47d283a56e61f311581d66266cb
2008-09-19,0.4463494963086821,3,isotropic_constructed_macro_nats_full_precision_v3,0552c7f4701ada91e31e916f992171b9418cb47d283a56e61f311581d66266cb
2008-09-23,0.4724141141949036,3,isotropic_constructed_macro_nats_full_precision_v3,0552c7f4701ada91e31e916f992171b9418cb47d283a56e61f311581d66266cb
2008-09-25,0.45661676439267135,3,isotropic_constructed_macro_nats_full_precision_v3,0552c7f4701ada91e31e916f992171b9418cb47d283a56e61f311581d66266cb
2008-09-29,0.45071811642998066,5,isotropic_constructed_macro_nats_full_precision_v3,0552c7f4701ada91e31e916f992171b9418cb47d283a56e61f311581d66266cb
2008-10-01,0.49190864444772325,2,isotropic_constructed_macro_nats_full_precision_v3,0552c7f4701ada91e31e916f992171b9418cb47d283a56e61f311581d66266cb
2008-10-03,0.47001023938820574,5,isotropic_constructed_macro_nats_full_precision_v3,0552c7f4701ada91e31e916f992171b9418cb47d283a56e61f311581d66266cb
2008-10-07,0.4855882363033674,2,isotropic_constructed_macro_nats_full_precision_v3,0552c7f4701ada91e31e916f992171b9418cb47d283a56e61f311581d66266cb
2008-10-09,0.5029614626204959,2,isotropic_constructed_macro_nats_full_precision_v3,0552c7f4701ada91e31e916f992171b9418cb47d283a56e61f311581d66266cb
2008-10-13,0.5048178077618138,4,isotropic_constructed_macro_nats_full_precision_v3,0552c7f4701ada91e31e916f992171b9418cb47d283a56e61f311581d66266cb
2008-10-15,0.5307631657968217,1,isotropic_constructed_macro_nats_full_precision_v3,0552c7f4701ada91e31e916f992171b9418cb47d283a56e61f311581d66266cb
2008-10-17,0.5135730697770787,2,isotropic_constructed_macro_nats_full_precision_v3,0552c7f4701ada91e31e916f992171b9418cb47d283a56e61f311581d66266cb
2008-10-21,0.5511192954392388,2,isotropic_constructed_macro_nats_full_precision_v3,0552c7f4701ada91e31e916f992171b9418cb47d283a56e61f311581d66266cb
2008-10-23,0.6061644803357167,1,isotropic_constructed_macro_nats_full_precision_v3,0552c7f4701ada91e31e916f992171b9418cb47d283a56e61f311581d66266cb
2008-10-27,0.6199348542205988,1,isotropic_constructed_macro_nats_full_precision_v3,0552c7f4701ada91e31e916f992171b9418cb47d283a56e61f311581d66266cb
2008-10-29,0.6102708397636285,1,isotropic_constructed_macro_nats_full_precision_v3,0552c7f4701ada91e31e916f992171b9418cb47d283a56e61f311581d66266cb
2008-10-31,0.6209192431592775,1,isotropic_constructed_macro_nats_full_precision_v3,0552c7f4701ada91e31e916f992171b9418cb47d283a56e61f311581d66266cb
2008-11-04,0.6432893007834259,1,isotropic_constructed_macro_nats_full_precision_v3,0552c7f4701ada91e31e916f992171b9418cb47d283a56e61f311581d66266cb
2008-11-06,0.6533708138855552,1,isotropic_constructed_macro_nats_full_precision_v3,0552c7f4701ada91e31e916f992171b9418cb47d283a56e61f311581d66266cb
2008-11-10,0.6387089054877515,1,isotropic_constructed_macro_nats_full_precision_v3,0552c7f4701ada91e31e916f992171b9418cb47d283a56e61f311581d66266cb
2008-11-12,0.6278564403973196,1,isotropic_constructed_macro_nats_full_precision_v3,0552c7f4701ada91e31e916f992171b9418cb47d283a56e61f311581d66266cb
2008-11-14,0.6694801640696203,1,isotropic_constructed_macro_nats_full_precision_v3,0552c7f4701ada91e31e916f992171b9418cb47d283a56e61f311581d66266cb
2008-11-18,0.6731178454397382,1,isotropic_constructed_macro_nats_full_precision_v3,0552c7f4701ada91e31e916f992171b9418cb47d283a56e61f311581d66266cb
2008-11-20,0.6167598566804883,1,isotropic_constructed_macro_nats_full_precision_v3,0552c7f4701ada91e31e916f992171b9418cb47d283a56e61f311581d66266cb
2008-11-24,0.6547576677798441,1,isotropic_constructed_macro_nats_full_precision_v3,0552c7f4701ada91e31e916f992171b9418cb47d283a56e61f311581d66266cb
2008-11-26,0.6705005338803771,1,isotropic_constructed_macro_nats_full_precision_v3,0552c7f4701ada91e31e916f992171b9418cb47d283a56e61f311581d66266cb
2008-12-01,0.6798629673518433,1,isotropic_constructed_macro_nats_full_precision_v3,0552c7f4701ada91e31e916f992171b9418cb47d283a56e61f311581d66266cb
2008-12-03,0.6928262350782926,1,isotropic_constructed_macro_nats_full_precision_v3,0552c7f4701ada91e31e916f992171b9418cb47d283a56e61f311581d66266cb
2008-12-05,0.725014945126781,1,isotropic_constructed_macro_nats_full_precision_v3,0552c7f4701ada91e31e916f992171b9418cb47d283a56e61f311581d66266cb
2008-12-09,0.7111813483248238,1,isotropic_constructed_macro_nats_full_precision_v3,0552c7f4701ada91e31e916f992171b9418cb47d283a56e61f311581d66266cb
2008-12-11,0.7199388254885869,1,isotropic_constructed_macro_nats_full_precision_v3,0552c7f4701ada91e31e916f992171b9418cb47d283a56e61f311581d66266cb
2008-12-15,0.7124053691734951,1,isotropic_constructed_macro_nats_full_precision_v3,0552c7f4701ada91e31e916f992171b9418cb47d283a56e61f311581d66266cb
2008-12-17,0.6993224849098021,1,isotropic_constructed_macro_nats_full_precision_v3,0552c7f4701ada91e31e916f992171b9418cb47d283a56e61f311581d66266cb
2008-12-19,0.7230645435407945,1,isotropic_constructed_macro_nats_full_precision_v3,0552c7f4701ada91e31e916f992171b9418cb47d283a56e61f311581d66266cb
2008-12-23,0.7219698092259027,1,isotropic_constructed_macro_nats_full_precision_v3,0552c7f4701ada91e31e916f992171b9418cb47d283a56e61f311581d66266cb
2008-12-26,0.7261270766258616,1,isotropic_constructed_macro_nats_full_precision_v3,0552c7f4701ada91e31e916f992171b9418cb47d283a56e61f311581d66266cb
2008-12-30,0.7275794799489814,1,isotropic_constructed_macro_nats_full_precision_v3,0552c7f4701ada91e31e916f992171b9418cb47d283a56e61f311581d66266cb
2009-01-02,0.7163842511003935,1,isotropic_constructed_macro_nats_full_precision_v3,0552c7f4701ada91e31e916f992171b9418cb47d283a56e61f311581d66266cb
2009-01-06,0.7210139780319152,1,isotropic_constructed_macro_nats_full_precision_v3,0552c7f4701ada91e31e916f992171b9418cb47d283a56e61f311581d66266cb
2009-01-08,0.7201202967821767,1,isotropic_constructed_macro_nats_full_precision_v3,0552c7f4701ada91e31e916f992171b9418cb47d283a56e61f311581d66266cb
2009-01-12,0.7228512925943124,1,isotropic_constructed_macro_nats_full_precision_v3,0552c7f4701ada91e31e916f992171b9418cb47d283a56e61f311581d66266cb
2009-01-14,0.7154221049144354,1,isotropic_constructed_macro_nats_full_precision_v3,0552c7f4701ada91e31e916f992171b9418cb47d283a56e61f311581d66266cb
2009-01-16,0.7100420159653371,1,isotropic_constructed_macro_nats_full_precision_v3,0552c7f4701ada91e31e916f992171b9418cb47d283a56e61f311581d66266cb
2009-01-21,0.6648611919873826,1,isotropic_constructed_macro_nats_full_precision_v3,0552c7f4701ada91e31e916f992171b9418cb47d283a56e61f311581d66266cb
2009-01-23,0.6991122414150439,1,isotropic_constructed_macro_nats_full_precision_v3,0552c7f4701ada91e31e916f992171b9418cb47d283a56e61f311581d66266cb
2009-01-27,0.7101678346543754,3,isotropic_constructed_macro_nats_full_precision_v3,0552c7f4701ada91e31e916f992171b9418cb47d283a56e61f311581d66266cb
2009-01-29,0.7209099771930988,3,isotropic_constructed_macro_nats_full_precision_v3,0552c7f4701ada91e31e916f992171b9418cb47d283a56e61f311581d66266cb
2009-02-02,0.7120243153667197,3,isotropic_constructed_macro_nats_full_precision_v3,0552c7f4701ada91e31e916f992171b9418cb47d283a56e61f311581d66266cb
2009-02-04,0.7254700494968637,3,isotropic_constructed_macro_nats_full_precision_v3,0552c7f4701ada91e31e916f992171b9418cb47d283a56e61f311581d66266cb
2009-02-06,0.6865110327576726,3,isotropic_constructed_macro_nats_full_precision_v3,0552c7f4701ada91e31e916f992171b9418cb47d283a56e61f311581d66266cb
2009-02-10,0.7166835171859908,3,isotropic_constructed_macro_nats_full_precision_v3,0552c7f4701ada91e31e916f992171b9418cb47d283a56e61f311581d66266cb
2009-02-12,0.7101657203710666,3,isotropic_constructed_macro_nats_full_precision_v3,0552c7f4701ada91e31e916f992171b9418cb47d283a56e61f311581d66266cb
2009-02-17,0.7348096170033757,2,isotropic_constructed_macro_nats_full_precision_v3,0552c7f4701ada91e31e916f992171b9418cb47d283a56e61f311581d66266cb
2009-02-19,0.7126800195455332,3,isotropic_constructed_macro_nats_full_precision_v3,0552c7f4701ada91e31e916f992171b9418cb47d283a56e61f311581d66266cb
2009-02-23,0.6943673450645628,3,isotropic_constructed_macro_nats_full_precision_v3,0552c7f4701ada91e31e916f992171b9418cb47d283a56e61f311581d66266cb
2009-02-25,0.7089558454831116,3,isotropic_constructed_macro_nats_full_precision_v3,0552c7f4701ada91e31e916f992171b9418cb47d283a56e61f311581d66266cb
2009-02-27,0.7172899959603984,2,isotropic_constructed_macro_nats_full_precision_v3,0552c7f4701ada91e31e916f992171b9418cb47d283a56e61f311581d66266cb
2009-03-03,0.6717741461633113,3,isotropic_constructed_macro_nats_full_precision_v3,0552c7f4701ada91e31e916f992171b9418cb47d283a56e61f311581d66266cb
2009-03-05,0.6715898869837497,3,isotropic_constructed_macro_nats_full_precision_v3,0552c7f4701ada91e31e916f992171b9418cb47d283a56e61f311581d66266cb
2009-03-09,0.6470275735747468,3,isotropic_constructed_macro_nats_full_precision_v3,0552c7f4701ada91e31e916f992171b9418cb47d283a56e61f311581d66266cb
2009-03-11,0.6233303935116118,3,isotropic_constructed_macro_nats_full_precision_v3,0552c7f4701ada91e31e916f992171b9418cb47d283a56e61f311581d66266cb
2009-03-13,0.5960024561625901,2,isotropic_constructed_macro_nats_full_precision_v3,0552c7f4701ada91e31e916f992171b9418cb47d283a56e61f311581d66266cb
2009-03-17,0.6212106808297474,3,isotropic_constructed_macro_nats_full_precision_v3,0552c7f4701ada91e31e916f992171b9418cb47d283a56e61f311581d66266cb
2009-03-19,0.5972694223824022,1,isotropic_constructed_macro_nats_full_precision_v3,0552c7f4701ada91e31e916f992171b9418cb47d283a56e61f311581d66266cb
2009-03-23,0.5873926733701429,3,isotropic_constructed_macro_nats_full_precision_v3,0552c7f4701ada91e31e916f992171b9418cb47d283a56e61f311581d66266cb
2009-03-25,0.6137195734070557,1,isotropic_constructed_macro_nats_full_precision_v3,0552c7f4701ada91e31e916f992171b9418cb47d283a56e61f311581d66266cb
2009-03-27,0.598343844321858,3,isotropic_constructed_macro_nats_full_precision_v3,0552c7f4701ada91e31e916f992171b9418cb47d283a56e61f311581d66266cb
2009-03-31,0.5748593289853546,2,isotropic_constructed_macro_nats_full_precision_v3,0552c7f4701ada91e31e916f992171b9418cb47d283a56e61f311581d66266cb
2009-04-02,0.6029178191463344,1,isotropic_constructed_macro_nats_full_precision_v3,0552c7f4701ada91e31e916f992171b9418cb47d283a56e61f311581d66266cb
2009-04-06,0.604019139094187,3,isotropic_constructed_macro_nats_full_precision_v3,0552c7f4701ada91e31e916f992171b9418cb47d283a56e61f311581d66266cb
2009-04-08,0.5824393243687359,4,isotropic_constructed_macro_nats_full_precision_v3,0552c7f4701ada91e31e916f992171b9418cb47d283a56e61f311581d66266cb
2009-04-13,0.593882733413897,4,isotropic_constructed_macro_nats_full_precision_v3,0552c7f4701ada91e31e916f992171b9418cb47d283a56e61f311581d66266cb
2009-04-15,0.5862657445911449,4,isotropic_constructed_macro_nats_full_precision_v3,0552c7f4701ada91e31e916f992171b9418cb47d283a56e61f311581d66266cb
2009-04-17,0.6098188282532754,1,isotropic_constructed_macro_nats_full_precision_v3,0552c7f4701ada91e31e916f992171b9418cb47d283a56e61f311581d66266cb
2009-04-21,0.601882391804997,3,isotropic_constructed_macro_nats_full_precision_v3,0552c7f4701ada91e31e916f992171b9418cb47d283a56e61f311581d66266cb
2009-04-23,0.5889379947301971,4,isotropic_constructed_macro_nats_full_precision_v3,0552c7f4701ada91e31e916f992171b9418cb47d283a56e61f311581d66266cb
2009-04-27,0.6285159343892127,1,isotropic_constructed_macro_nats_full_precision_v3,0552c7f4701ada91e31e916f992171b9418cb47d283a56e61f311581d66266cb
2009-04-29,0.6281342926500406,3,isotropic_constructed_macro_nats_full_precision_v3,0552c7f4701ada91e31e916f992171b9418cb47d283a56e61f311581d66266cb
2009-05-01,0.6333654219797058,3,isotropic_constructed_macro_nats_full_precision_v3,0552c7f4701ada91e31e916f992171b9418cb47d283a56e61f311581d66266cb
2009-05-05,0.5999101838681103,4,isotropic_constructed_macro_nats_full_precision_v3,0552c7f4701ada91e31e916f992171b9418cb47d283a56e61f311581d66266cb
2009-05-07,0.6189743239241966,3,isotropic_constructed_macro_nats_full_precision_v3,0552c7f4701ada91e31e916f992171b9418cb47d283a56e61f311581d66266cb
2009-05-11,0.6289802414129476,3,isotropic_constructed_macro_nats_full_precision_v3,0552c7f4701ada91e31e916f992171b9418cb47d283a56e61f311581d66266cb
2009-05-13,0.6311547226797064,1,isotropic_constructed_macro_nats_full_precision_v3,0552c7f4701ada91e31e916f992171b9418cb47d283a56e61f311581d66266cb
2009-05-15,0.6096951213747026,3,isotropic_constructed_macro_nats_full_precision_v3,0552c7f4701ada91e31e916f992171b9418cb47d283a56e61f311581d66266cb
2009-05-19,0.6217837235577135,3,isotropic_constructed_macro_nats_full_precision_v3,0552c7f4701ada91e31e916f992171b9418cb47d283a56e61f311581d66266cb
2009-05-21,0.6173051120724644,3,isotropic_constructed_macro_nats_full_precision_v3,0552c7f4701ada91e31e916f992171b9418cb47d283a56e61f311581d66266cb
2009-05-26,0.6051804847835682,3,isotropic_constructed_macro_nats_full_precision_v3,0552c7f4701ada91e31e916f992171b9418cb47d283a56e61f311581d66266cb
2009-05-28,0.6299512763778357,1,isotropic_constructed_macro_nats_full_precision_v3,0552c7f4701ada91e31e916f992171b9418cb47d283a56e61f311581d66266cb
2009-06-01,0.6471678163738295,1,isotropic_constructed_macro_nats_full_precision_v3,0552c7f4701ada91e31e916f992171b9418cb47d283a56e61f311581d66266cb
2009-06-03,0.5961711640554039,2,isotropic_constructed_macro_nats_full_precision_v3,0552c7f4701ada91e31e916f992171b9418cb47d283a56e61f311581d66266cb
2009-06-05,0.6196412141255043,2,isotropic_constructed_macro_nats_full_precision_v3,0552c7f4701ada91e31e916f992171b9418cb47d283a56e61f311581d66266cb
2009-06-09,0.6172175016472647,3,isotropic_constructed_macro_nats_full_precision_v3,0552c7f4701ada91e31e916f992171b9418cb47d283a56e61f311581d66266cb
2009-06-11,0.61029423351214,3,isotropic_constructed_macro_nats_full_precision_v3,0552c7f4701ada91e31e916f992171b9418cb47d283a56e61f311581d66266cb
2009-06-15,0.6066420379315949,2,isotropic_constructed_macro_nats_full_precision_v3,0552c7f4701ada91e31e916f992171b9418cb47d283a56e61f311581d66266cb
2009-06-17,0.6075083682067899,3,isotropic_constructed_macro_nats_full_precision_v3,0552c7f4701ada91e31e916f992171b9418cb47d283a56e61f311581d66266cb
2009-06-19,0.6174520315811126,3,isotropic_constructed_macro_nats_full_precision_v3,0552c7f4701ada91e31e916f992171b9418cb47d283a56e61f311581d66266cb
2009-06-23,0.6101176170220133,3,isotropic_constructed_macro_nats_full_precision_v3,0552c7f4701ada91e31e916f992171b9418cb47d283a56e61f311581d66266cb
2009-06-25,0.5896346510394497,2,isotropic_constructed_macro_nats_full_precision_v3,0552c7f4701ada91e31e916f992171b9418cb47d283a56e61f311581d66266cb
2009-06-29,0.5915408466485348,2,isotropic_constructed_macro_nats_full_precision_v3,0552c7f4701ada91e31e916f992171b9418cb47d283a56e61f311581d66266cb
2009-07-01,0.5984938938476102,3,isotropic_constructed_macro_nats_full_precision_v3,0552c7f4701ada91e31e916f992171b9418cb47d283a56e61f311581d66266cb
2009-07-06,0.5940592500310329,2,isotropic_constructed_macro_nats_full_precision_v3,0552c7f4701ada91e31e916f992171b9418cb47d283a56e61f311581d66266cb
2009-07-08,0.5952042207622343,2,isotropic_constructed_macro_nats_full_precision_v3,0552c7f4701ada91e31e916f992171b9418cb47d283a56e61f311581d66266cb
2009-07-10,0.6010342518527617,2,isotropic_constructed_macro_nats_full_precision_v3,0552c7f4701ada91e31e916f992171b9418cb47d283a56e61f311581d66266cb
2009-07-14,0.6039849115942619,3,isotropic_constructed_macro_nats_full_precision_v3,0552c7f4701ada91e31e916f992171b9418cb47d283a56e61f311581d66266cb
2009-07-16,0.5825843239436329,3,isotropic_constructed_macro_nats_full_precision_v3,0552c7f4701ada91e31e916f992171b9418cb47d283a56e61f311581d66266cb
2009-07-20,0.6984929195306071,1,isotropic_constructed_macro_nats_full_precision_v3,0552c7f4701ada91e31e916f992171b9418cb47d283a56e61f311581d66266cb
2009-07-22,0.6007660491156634,3,isotropic_constructed_macro_nats_full_precision_v3,0552c7f4701ada91e31e916f992171b9418cb47d283a56e61f311581d66266cb
2009-07-24,0.6004471809880007,3,isotropic_constructed_macro_nats_full_precision_v3,0552c7f4701ada91e31e916f992171b9418cb47d283a56e61f311581d66266cb
2009-07-28,0.5984939846785793,3,isotropic_constructed_macro_nats_full_precision_v3,0552c7f4701ada91e31e916f992171b9418cb47d283a56e61f311581d66266cb
2009-07-30,0.590293628698752,3,isotropic_constructed_macro_nats_full_precision_v3,0552c7f4701ada91e31e916f992171b9418cb47d283a56e61f311581d66266cb
2009-08-03,0.604210318755413,2,isotropic_constructed_macro_nats_full_precision_v3,0552c7f4701ada91e31e916f992171b9418cb47d283a56e61f311581d66266cb
2009-08-05,0.6028833117200553,1,isotropic_constructed_macro_nats_full_precision_v3,0552c7f4701ada91e31e916f992171b9418cb47d283a56e61f311581d66266cb
2009-08-07,0.6147327747035775,1,isotropic_constructed_macro_nats_full_precision_v3,0552c7f4701ada91e31e916f992171b9418cb47d283a56e61f311581d66266cb
2009-08-11,0.6071815000754859,2,isotropic_constructed_macro_nats_full_precision_v3,0552c7f4701ada91e31e916f992171b9418cb47d283a56e61f311581d66266cb
2009-08-13,0.6122976605912074,1,isotropic_constructed_macro_nats_full_precision_v3,0552c7f4701ada91e31e916f992171b9418cb47d283a56e61f311581d66266cb
2009-08-17,0.6051280955951579,2,isotropic_constructed_macro_nats_full_precision_v3,0552c7f4701ada91e31e916f992171b9418cb47d283a56e61f311581d66266cb
2009-08-19,0.612444064567659,2,isotropic_constructed_macro_nats_full_precision_v3,0552c7f4701ada91e31e916f992171b9418cb47d283a56e61f311581d66266cb
2009-08-21,0.5955050470654448,2,isotropic_constructed_macro_nats_full_precision_v3,0552c7f4701ada91e31e916f992171b9418cb47d283a56e61f311581d66266cb
2009-08-25,0.5872857824332697,3,isotropic_constructed_macro_nats_full_precision_v3,0552c7f4701ada91e31e916f992171b9418cb47d283a56e61f311581d66266cb
2009-08-27,0.5811826400545475,1,isotropic_constructed_macro_nats_full_precision_v3,0552c7f4701ada91e31e916f992171b9418cb47d283a56e61f311581d66266cb
2009-08-31,0.5866009002000646,2,isotropic_constructed_macro_nats_full_precision_v3,0552c7f4701ada91e31e916f992171b9418cb47d283a56e61f311581d66266cb
2009-09-02,0.5812550843024527,3,isotropic_constructed_macro_nats_full_precision_v3,0552c7f4701ada91e31e916f992171b9418cb47d283a56e61f311581d66266cb
2009-09-04,0.5677949048853735,3,isotropic_constructed_macro_nats_full_precision_v3,0552c7f4701ada91e31e916f992171b9418cb47d283a56e61f311581d66266cb
2009-09-09,0.5705933458946749,2,isotropic_constructed_macro_nats_full_precision_v3,0552c7f4701ada91e31e916f992171b9418cb47d283a56e61f311581d66266cb
2009-09-11,0.5753838295134358,3,isotropic_constructed_macro_nats_full_precision_v3,0552c7f4701ada91e31e916f992171b9418cb47d283a56e61f311581d66266cb
2009-09-15,0.5743496904569703,3,isotropic_constructed_macro_nats_full_precision_v3,0552c7f4701ada91e31e916f992171b9418cb47d283a56e61f311581d66266cb
2009-09-17,0.5778342605336667,3,isotropic_constructed_macro_nats_full_precision_v3,0552c7f4701ada91e31e916f992171b9418cb47d283a56e61f311581d66266cb
2009-09-21,0.5665983408254339,1,isotropic_constructed_macro_nats_full_precision_v3,0552c7f4701ada91e31e916f992171b9418cb47d283a56e61f311581d66266cb
2009-09-23,0.575504518746343,3,isotropic_constructed_macro_nats_full_precision_v3,0552c7f4701ada91e31e916f992171b9418cb47d283a56e61f311581d66266cb
2009-09-25,0.5630487207049298,3,isotropic_constructed_macro_nats_full_precision_v3,0552c7f4701ada91e31e916f992171b9418cb47d283a56e61f311581d66266cb
2009-09-29,0.5565527884486549,3,isotropic_constructed_macro_nats_full_precision_v3,0552c7f4701ada91e31e916f992171b9418cb47d283a56e61f311581d66266cb
2009-10-01,0.595305297589456,1,isotropic_constructed_macro_nats_full_precision_v3,0552c7f4701ada91e31e916f992171b9418cb47d283a56e61f311581d66266cb
2009-10-05,0.5719874848313133,3,isotropic_constructed_macro_nats_full_precision_v3,0552c7f4701ada91e31e916f992171b9418cb47d283a56e61f311581d66266cb
2009-10-07,0.552988897724668,3,isotropic_constructed_macro_nats_full_precision_v3,0552c7f4701ada91e31e916f992171b9418cb47d283a56e61f311581d66266cb
2009-10-09,0.5718721436382855,3,isotropic_constructed_macro_nats_full_precision_v3,0552c7f4701ada91e31e916f992171b9418cb47d283a56e61f311581d66266cb
2009-10-13,0.5992202360332534,1,isotropic_constructed_macro_nats_full_precision_v3,0552c7f4701ada91e31e916f992171b9418cb47d283a56e61f311581d66266cb
2009-10-15,0.5661011673196656,1,isotropic_constructed_macro_nats_full_precision_v3,0552c7f4701ada91e31e916f992171b9418cb47d283a56e61f311581d66266cb
2009-10-19,0.5582625769045431,3,isotropic_constructed_macro_nats_full_precision_v3,0552c7f4701ada91e31e916f992171b9418cb47d283a56e61f311581d66266cb
2009-10-21,0.5473938604179194,2,isotropic_constructed_macro_nats_full_precision_v3,0552c7f4701ada91e31e916f992171b9418cb47d283a56e61f311581d66266cb
2009-10-23,0.5759814318110836,3,isotropic_constructed_macro_nats_full_precision_v3,0552c7f4701ada91e31e916f992171b9418cb47d283a56e61f311581d66266cb
2009-10-27,0.553787894913206,3,isotropic_constructed_macro_nats_full_precision_v3,0552c7f4701ada91e31e916f992171b9418cb47d283a56e61f311581d66266cb
2009-10-29,0.5378871867148647,2,isotropic_constructed_macro_nats_full_precision_v3,0552c7f4701ada91e31e916f992171b9418cb47d283a56e61f311581d66266cb
2009-11-02,0.6180725505926449,1,isotropic_constructed_macro_nats_full_precision_v3,0552c7f4701ada91e31e916f992171b9418cb47d283a56e61f311581d66266cb
2009-11-04,0.5744468274643912,3,isotropic_constructed_macro_nats_full_precision_v3,0552c7f4701ada91e31e916f992171b9418cb47d283a56e61f311581d66266cb
2009-11-06,0.5410846157463394,2,isotropic_constructed_macro_nats_full_precision_v3,0552c7f4701ada91e31e916f992171b9418cb47d283a56e61f311581d66266cb
2009-11-10,0.5784100796874349,1,isotropic_constructed_macro_nats_full_precision_v3,0552c7f4701ada91e31e916f992171b9418cb47d283a56e61f311581d66266cb
2009-11-12,0.5605403117235821,3,isotropic_constructed_macro_nats_full_precision_v3,0552c7f4701ada91e31e916f992171b9418cb47d283a56e61f311581d66266cb
2009-11-16,0.5885264453870144,1,isotropic_constructed_macro_nats_full_precision_v3,0552c7f4701ada91e31e916f992171b9418cb47d283a56e61f311581d66266cb
2009-11-18,0.5867850356768026,3,isotropic_constructed_macro_nats_full_precision_v3,0552c7f4701ada91e31e916f992171b9418cb47d283a56e61f311581d66266cb
2009-11-20,0.5570343934935837,1,isotropic_constructed_macro_nats_full_precision_v3,0552c7f4701ada91e31e916f992171b9418cb47d283a56e61f311581d66266cb
2009-11-24,0.561081444096773,2,isotropic_constructed_macro_nats_full_precision_v3,0552c7f4701ada91e31e916f992171b9418cb47d283a56e61f311581d66266cb
2009-11-27,0.5597656344032447,4,isotropic_constructed_macro_nats_full_precision_v3,0552c7f4701ada91e31e916f992171b9418cb47d283a56e61f311581d66266cb
2009-12-01,0.575711994858582,2,isotropic_constructed_macro_nats_full_precision_v3,0552c7f4701ada91e31e916f992171b9418cb47d283a56e61f311581d66266cb
2009-12-03,0.5693320441183766,3,isotropic_constructed_macro_nats_full_precision_v3,0552c7f4701ada91e31e916f992171b9418cb47d283a56e61f311581d66266cb
2009-12-07,0.5681837725411627,1,isotropic_constructed_macro_nats_full_precision_v3,0552c7f4701ada91e31e916f992171b9418cb47d283a56e61f311581d66266cb
2009-12-09,0.5617651718872959,2,isotropic_constructed_macro_nats_full_precision_v3,0552c7f4701ada91e31e916f992171b9418cb47d283a56e61f311581d66266cb
2009-12-11,0.5917118798963877,3,isotropic_constructed_macro_nats_full_precision_v3,0552c7f4701ada91e31e916f992171b9418cb47d283a56e61f311581d66266cb
2009-12-15,0.5950988276116584,3,isotropic_constructed_macro_nats_full_precision_v3,0552c7f4701ada91e31e916f992171b9418cb47d283a56e61f311581d66266cb
2009-12-17,0.5737546802960706,1,isotropic_constructed_macro_nats_full_precision_v3,0552c7f4701ada91e31e916f992171b9418cb47d283a56e61f311581d66266cb
2009-12-21,0.623013258006024,1,isotropic_constructed_macro_nats_full_precision_v3,0552c7f4701ada91e31e916f992171b9418cb47d283a56e61f311581d66266cb
2009-12-23,0.5684797980910059,3,isotropic_constructed_macro_nats_full_precision_v3,0552c7f4701ada91e31e916f992171b9418cb47d283a56e61f311581d66266cb
2009-12-28,0.5721024294329053,1,isotropic_constructed_macro_nats_full_precision_v3,0552c7f4701ada91e31e916f992171b9418cb47d283a56e61f311581d66266cb
2009-12-30,0.58621481541031,2,isotropic_constructed_macro_nats_full_precision_v3,0552c7f4701ada91e31e916f992171b9418cb47d283a56e61f311581d66266cb
2010-01-04,0.5866586776488644,3,isotropic_constructed_macro_nats_full_precision_v3,0552c7f4701ada91e31e916f992171b9418cb47d283a56e61f311581d66266cb
2010-01-06,0.5690250092035309,2,isotropic_constructed_macro_nats_full_precision_v3,0552c7f4701ada91e31e916f992171b9418cb47d283a56e61f311581d66266cb
2010-01-08,0.5828592151202416,3,isotropic_constructed_macro_nats_full_precision_v3,0552c7f4701ada91e31e916f992171b9418cb47d283a56e61f311581d66266cb
2010-01-12,0.5708365692666418,2,isotropic_constructed_macro_nats_full_precision_v3,0552c7f4701ada91e31e916f992171b9418cb47d283a56e61f311581d66266cb
2010-01-14,0.582865078499733,1,isotropic_constructed_macro_nats_full_precision_v3,0552c7f4701ada91e31e916f992171b9418cb47d283a56e61f311581d66266cb
2010-01-19,0.5741653579908051,2,isotropic_constructed_macro_nats_full_precision_v3,0552c7f4701ada91e31e916f992171b9418cb47d283a56e61f311581d66266cb
2010-01-21,0.621624211475296,1,isotropic_constructed_macro_nats_full_precision_v3,0552c7f4701ada91e31e916f992171b9418cb47d283a56e61f311581d66266cb
2010-01-25,0.5837212651319763,3,isotropic_constructed_macro_nats_full_precision_v3,0552c7f4701ada91e31e916f992171b9418cb47d283a56e61f311581d66266cb
2010-01-27,0.5654077655421801,3,isotropic_constructed_macro_nats_full_precision_v3,0552c7f4701ada91e31e916f992171b9418cb47d283a56e61f311581d66266cb
2010-01-29,0.5616375965448441,2,isotropic_constructed_macro_nats_full_precision_v3,0552c7f4701ada91e31e916f992171b9418cb47d283a56e61f311581d66266cb
2010-02-02,0.5622411267966614,3,isotropic_constructed_macro_nats_full_precision_v3,0552c7f4701ada91e31e916f992171b9418cb47d283a56e61f311581d66266cb
2010-02-04,0.5492230537727469,2,isotropic_constructed_macro_nats_full_precision_v3,0552c7f4701ada91e31e916f992171b9418cb47d283a56e61f311581d66266cb
2010-02-08,0.5658601756723437,2,isotropic_constructed_macro_nats_full_precision_v3,0552c7f4701ada91e31e916f992171b9418cb47d283a56e61f311581d66266cb
2010-02-10,0.6160618022482672,1,isotropic_constructed_macro_nats_full_precision_v3,0552c7f4701ada91e31e916f992171b9418cb47d283a56e61f311581d66266cb
2010-02-12,0.5840603533014617,2,isotropic_constructed_macro_nats_full_precision_v3,0552c7f4701ada91e31e916f992171b9418cb47d283a56e61f311581d66266cb
2010-02-17,0.5852531608065341,3,isotropic_constructed_macro_nats_full_precision_v3,0552c7f4701ada91e31e916f992171b9418cb47d283a56e61f311581d66266cb
2010-02-19,0.5703033554863552,2,isotropic_constructed_macro_nats_full_precision_v3,0552c7f4701ada91e31e916f992171b9418cb47d283a56e61f311581d66266cb
2010-02-23,0.5748294666434639,2,isotropic_constructed_macro_nats_full_precision_v3,0552c7f4701ada91e31e916f992171b9418cb47d283a56e61f311581d66266cb
2010-02-25,0.5806416334923306,2,isotropic_constructed_macro_nats_full_precision_v3,0552c7f4701ada91e31e916f992171b9418cb47d283a56e61f311581d66266cb
2010-03-01,0.5767185877317467,2,isotropic_constructed_macro_nats_full_precision_v3,0552c7f4701ada91e31e916f992171b9418cb47d283a56e61f311581d66266cb
2010-03-03,0.5962769222077605,1,isotropic_constructed_macro_nats_full_precision_v3,0552c7f4701ada91e31e916f992171b9418cb47d283a56e61f311581d66266cb
2010-03-05,0.5733827698570324,3,isotropic_constructed_macro_nats_full_precision_v3,0552c7f4701ada91e31e916f992171b9418cb47d283a56e61f311581d66266cb
2010-03-09,0.5805910131801155,2,isotropic_constructed_macro_nats_full_precision_v3,0552c7f4701ada91e31e916f992171b9418cb47d283a56e61f311581d66266cb
2010-03-11,0.5811046831451565,2,isotropic_constructed_macro_nats_full_precision_v3,0552c7f4701ada91e31e916f992171b9418cb47d283a56e61f311581d66266cb
2010-03-15,0.5648029383094313,2,isotropic_constructed_macro_nats_full_precision_v3,0552c7f4701ada91e31e916f992171b9418cb47d283a56e61f311581d66266cb
2010-03-17,0.566294030226881,2,isotropic_constructed_macro_nats_full_precision_v3,0552c7f4701ada91e31e916f992171b9418cb47d283a56e61f311581d66266cb
2010-03-19,0.5843371728987442,3,isotropic_constructed_macro_nats_full_precision_v3,0552c7f4701ada91e31e916f992171b9418cb47d283a56e61f311581d66266cb
2010-03-23,0.5781958186840284,3,isotropic_constructed_macro_nats_full_precision_v3,0552c7f4701ada91e31e916f992171b9418cb47d283a56e61f311581d66266cb
2010-03-25,0.588588780419277,3,isotropic_constructed_macro_nats_full_precision_v3,0552c7f4701ada91e31e916f992171b9418cb47d283a56e61f311581d66266cb
2010-03-29,0.5599749246350085,3,isotropic_constructed_macro_nats_full_precision_v3,0552c7f4701ada91e31e916f992171b9418cb47d283a56e61f311581d66266cb
2010-03-31,0.5780625050769991,2,isotropic_constructed_macro_nats_full_precision_v3,0552c7f4701ada91e31e916f992171b9418cb47d283a56e61f311581d66266cb
2010-04-05,0.5907268604166049,3,isotropic_constructed_macro_nats_full_precision_v3,0552c7f4701ada91e31e916f992171b9418cb47d283a56e61f311581d66266cb
2010-04-07,0.5771493152172982,3,isotropic_constructed_macro_nats_full_precision_v3,0552c7f4701ada91e31e916f992171b9418cb47d283a56e61f311581d66266cb
2010-04-09,0.6374871528393179,1,isotropic_constructed_macro_nats_full_precision_v3,0552c7f4701ada91e31e916f992171b9418cb47d283a56e61f311581d66266cb
2010-04-13,0.5612505962975086,2,isotropic_constructed_macro_nats_full_precision_v3,0552c7f4701ada91e31e916f992171b9418cb47d283a56e61f311581d66266cb
2010-04-15,0.5718222867546239,3,isotropic_constructed_macro_nats_full_precision_v3,0552c7f4701ada91e31e916f992171b9418cb47d283a56e61f311581d66266cb
2010-04-19,0.5727329495610721,1,isotropic_constructed_macro_nats_full_precision_v3,0552c7f4701ada91e31e916f992171b9418cb47d283a56e61f311581d66266cb
2010-04-21,0.5818317014889015,3,isotropic_constructed_macro_nats_full_precision_v3,0552c7f4701ada91e31e916f992171b9418cb47d283a56e61f311581d66266cb
2010-04-23,0.575512410279493,2,isotropic_constructed_macro_nats_full_precision_v3,0552c7f4701ada91e31e916f992171b9418cb47d283a56e61f311581d66266cb
2010-04-27,0.5425136018744331,2,isotropic_constructed_macro_nats_full_precision_v3,0552c7f4701ada91e31e916f992171b9418cb47d283a56e61f311581d66266cb
2010-04-29,0.5566355834349263,3,isotropic_constructed_macro_nats_full_precision_v3,0552c7f4701ada91e31e916f992171b9418cb47d283a56e61f311581d66266cb
2010-05-03,0.5724806255353944,3,isotropic_constructed_macro_nats_full_precision_v3,0552c7f4701ada91e31e916f992171b9418cb47d283a56e61f311581d66266cb
2010-05-05,0.576718631409411,3,isotropic_constructed_macro_nats_full_precision_v3,0552c7f4701ada91e31e916f992171b9418cb47d283a56e61f311581d66266cb
2010-05-07,0.5487239076236883,3,isotropic_constructed_macro_nats_full_precision_v3,0552c7f4701ada91e31e916f992171b9418cb47d283a56e61f311581d66266cb
2010-05-11,0.5540339921671609,4,isotropic_constructed_macro_nats_full_precision_v3,0552c7f4701ada91e31e916f992171b9418cb47d283a56e61f311581d66266cb
2010-05-13,0.5855103944879226,2,isotropic_constructed_macro_nats_full_precision_v3,0552c7f4701ada91e31e916f992171b9418cb47d283a56e61f311581d66266cb
2010-05-17,0.5631029250815567,3,isotropic_constructed_macro_nats_full_precision_v3,0552c7f4701ada91e31e916f992171b9418cb47d283a56e61f311581d66266cb
2010-05-19,0.5787307653325235,1,isotropic_constructed_macro_nats_full_precision_v3,0552c7f4701ada91e31e916f992171b9418cb47d283a56e61f311581d66266cb
2010-05-21,0.578001715096898,3,isotropic_constructed_macro_nats_full_precision_v3,0552c7f4701ada91e31e916f992171b9418cb47d283a56e61f311581d66266cb
2010-05-25,0.5577655717957736,2,isotropic_constructed_macro_nats_full_precision_v3,0552c7f4701ada91e31e916f992171b9418cb47d283a56e61f311581d66266cb
2010-05-27,0.5486839144496329,2,isotropic_constructed_macro_nats_full_precision_v3,0552c7f4701ada91e31e916f992171b9418cb47d283a56e61f311581d66266cb
2010-06-01,0.5658003474913121,2,isotropic_constructed_macro_nats_full_precision_v3,0552c7f4701ada91e31e916f992171b9418cb47d283a56e61f311581d66266cb
2010-06-03,0.5413819092688616,3,isotropic_constructed_macro_nats_full_precision_v3,0552c7f4701ada91e31e916f992171b9418cb47d283a56e61f311581d66266cb
2010-06-07,0.5394873703047475,4,isotropic_constructed_macro_nats_full_precision_v3,0552c7f4701ada91e31e916f992171b9418cb47d283a56e61f311581d66266cb
2010-06-09,0.551922203651884,4,isotropic_constructed_macro_nats_full_precision_v3,0552c7f4701ada91e31e916f992171b9418cb47d283a56e61f311581d66266cb
2010-06-11,0.5502927486839733,4,isotropic_constructed_macro_nats_full_precision_v3,0552c7f4701ada91e31e916f992171b9418cb47d283a56e61f311581d66266cb
2010-06-15,0.5567471203897523,1,isotropic_constructed_macro_nats_full_precision_v3,0552c7f4701ada91e31e916f992171b9418cb47d283a56e61f311581d66266cb
2010-06-17,0.5162449896194855,3,isotropic_constructed_macro_nats_full_precision_v3,0552c7f4701ada91e31e916f992171b9418cb47d283a56e61f311581d66266cb
2010-06-21,0.502427789729374,2,isotropic_constructed_macro_nats_full_precision_v3,0552c7f4701ada91e31e916f992171b9418cb47d283a56e61f311581d66266cb
2010-06-23,0.5220856138909348,4,isotropic_constructed_macro_nats_full_precision_v3,0552c7f4701ada91e31e916f992171b9418cb47d283a56e61f311581d66266cb
2010-06-25,0.5251861780311995,1,isotropic_constructed_macro_nats_full_precision_v3,0552c7f4701ada91e31e916f992171b9418cb47d283a56e61f311581d66266cb
2010-06-29,0.5473855160740235,1,isotropic_constructed_macro_nats_full_precision_v3,0552c7f4701ada91e31e916f992171b9418cb47d283a56e61f311581d66266cb
2010-07-01,0.5311618621664961,4,isotropic_constructed_macro_nats_full_precision_v3,0552c7f4701ada91e31e916f992171b9418cb47d283a56e61f311581d66266cb
2010-07-06,0.5435222642400672,3,isotropic_constructed_macro_nats_full_precision_v3,0552c7f4701ada91e31e916f992171b9418cb47d283a56e61f311581d66266cb
2010-07-08,0.5524087442103535,4,isotropic_constructed_macro_nats_full_precision_v3,0552c7f4701ada91e31e916f992171b9418cb47d283a56e61f311581d66266cb
2010-07-12,0.5639919118401351,4,isotropic_constructed_macro_nats_full_precision_v3,0552c7f4701ada91e31e916f992171b9418cb47d283a56e61f311581d66266cb
2010-07-14,0.5382056715571243,1,isotropic_constructed_macro_nats_full_precision_v3,0552c7f4701ada91e31e916f992171b9418cb47d283a56e61f311581d66266cb
2010-07-16,0.5696726377359221,1,isotropic_constructed_macro_nats_full_precision_v3,0552c7f4701ada91e31e916f992171b9418cb47d283a56e61f311581d66266cb
2010-07-20,0.5554371145158458,2,isotropic_constructed_macro_nats_full_precision_v3,0552c7f4701ada91e31e916f992171b9418cb47d283a56e61f311581d66266cb
2010-07-22,0.5522030889795527,3,isotropic_constructed_macro_nats_full_precision_v3,0552c7f4701ada91e31e916f992171b9418cb47d283a56e61f311581d66266cb
2010-07-26,0.5593130103913944,4,isotropic_constructed_macro_nats_full_precision_v3,0552c7f4701ada91e31e916f992171b9418cb47d283a56e61f311581d66266cb
2010-07-28,0.5509226884873532,2,isotropic_constructed_macro_nats_full_precision_v3,0552c7f4701ada91e31e916f992171b9418cb47d283a56e61f311581d66266cb
2010-07-30,0.5381038696113274,5,isotropic_constructed_macro_nats_full_precision_v3,0552c7f4701ada91e31e916f992171b9418cb47d283a56e61f311581d66266cb
2010-08-03,0.5435867182250171,5,isotropic_constructed_macro_nats_full_precision_v3,0552c7f4701ada91e31e916f992171b9418cb47d283a56e61f311581d66266cb
2010-08-05,0.5338541721353077,5,isotropic_constructed_macro_nats_full_precision_v3,0552c7f4701ada91e31e916f992171b9418cb47d283a56e61f311581d66266cb
2010-08-09,0.5333558413910792,5,isotropic_constructed_macro_nats_full_precision_v3,0552c7f4701ada91e31e916f992171b9418cb47d283a56e61f311581d66266cb
2010-08-11,0.5405763233088524,5,isotropic_constructed_macro_nats_full_precision_v3,0552c7f4701ada91e31e916f992171b9418cb47d283a56e61f311581d66266cb
2010-08-13,0.5591835006512815,1,isotropic_constructed_macro_nats_full_precision_v3,0552c7f4701ada91e31e916f992171b9418cb47d283a56e61f311581d66266cb
2010-08-17,0.5446268339542298,1,isotropic_constructed_macro_nats_full_precision_v3,0552c7f4701ada91e31e916f992171b9418cb47d283a56e61f311581d66266cb
2010-08-19,0.5454996060427174,4,isotropic_constructed_macro_nats_full_precision_v3,0552c7f4701ada91e31e916f992171b9418cb47d283a56e61f311581d66266cb
2010-08-23,0.5594661610076807,1,isotropic_constructed_macro_nats_full_precision_v3,0552c7f4701ada91e31e916f992171b9418cb47d283a56e61f311581d66266cb
2010-08-25,0.5458257772875276,5,isotropic_constructed_macro_nats_full_precision_v3,0552c7f4701ada91e31e916f992171b9418cb47d283a56e61f311581d66266cb
2010-08-27,0.5547010820735484,4,isotropic_constructed_macro_nats_full_precision_v3,0552c7f4701ada91e31e916f992171b9418cb47d283a56e61f311581d66266cb
2010-08-31,0.5476615177244282,3,isotropic_constructed_macro_nats_full_precision_v3,0552c7f4701ada91e31e916f992171b9418cb47d283a56e61f311581d66266cb
2010-09-02,0.5599485961008484,5,isotropic_constructed_macro_nats_full_precision_v3,0552c7f4701ada91e31e916f992171b9418cb47d283a56e61f311581d66266cb
2010-09-07,0.5667779846666923,5,isotropic_constructed_macro_nats_full_precision_v3,0552c7f4701ada91e31e916f992171b9418cb47d283a56e61f311581d66266cb
2010-09-09,0.5815326993301688,1,isotropic_constructed_macro_nats_full_precision_v3,0552c7f4701ada91e31e916f992171b9418cb47d283a56e61f311581d66266cb
2010-09-13,0.5840200844919958,4,isotropic_constructed_macro_nats_full_precision_v3,0552c7f4701ada91e31e916f992171b9418cb47d283a56e61f311581d66266cb
2010-09-15,0.5860236072791944,2,isotropic_constructed_macro_nats_full_precision_v3,0552c7f4701ada91e31e916f992171b9418cb47d283a56e61f311581d66266cb
2010-09-17,0.5873622180917644,4,isotropic_constructed_macro_nats_full_precision_v3,0552c7f4701ada91e31e916f992171b9418cb47d283a56e61f311581d66266cb
2010-09-21,0.5880117350114213,4,isotropic_constructed_macro_nats_full_precision_v3,0552c7f4701ada91e31e916f992171b9418cb47d283a56e61f311581d66266cb
2010-09-23,0.5958045748208001,2,isotropic_constructed_macro_nats_full_precision_v3,0552c7f4701ada91e31e916f992171b9418cb47d283a56e61f311581d66266cb
2010-09-27,0.5969413028134465,2,isotropic_constructed_macro_nats_full_precision_v3,0552c7f4701ada91e31e916f992171b9418cb47d283a56e61f311581d66266cb
2010-09-29,0.6056394471693354,2,isotropic_constructed_macro_nats_full_precision_v3,0552c7f4701ada91e31e916f992171b9418cb47d283a56e61f311581d66266cb
2010-10-01,0.5846958798406438,2,isotropic_constructed_macro_nats_full_precision_v3,0552c7f4701ada91e31e916f992171b9418cb47d283a56e61f311581d66266cb
2010-10-05,0.5688359547578726,3,isotropic_constructed_macro_nats_full_precision_v3,0552c7f4701ada91e31e916f992171b9418cb47d283a56e61f311581d66266cb
2010-10-07,0.5607341529674735,3,isotropic_constructed_macro_nats_full_precision_v3,0552c7f4701ada91e31e916f992171b9418cb47d283a56e61f311581d66266cb
2010-10-11,0.5640820846795,3,isotropic_constructed_macro_nats_full_precision_v3,0552c7f4701ada91e31e916f992171b9418cb47d283a56e61f311581d66266cb
2010-10-13,0.5351291273374711,3,isotropic_constructed_macro_nats_full_precision_v3,0552c7f4701ada91e31e916f992171b9418cb47d283a56e61f311581d66266cb
2010-10-15,0.5699123099927919,1,isotropic_constructed_macro_nats_full_precision_v3,0552c7f4701ada91e31e916f992171b9418cb47d283a56e61f311581d66266cb
2010-10-19,0.6222165291516786,2,isotropic_constructed_macro_nats_full_precision_v3,0552c7f4701ada91e31e916f992171b9418cb47d283a56e61f311581d66266cb
2010-10-21,0.5533078770502544,2,isotropic_constructed_macro_nats_full_precision_v3,0552c7f4701ada91e31e916f992171b9418cb47d283a56e61f311581d66266cb
2010-10-25,0.5449160370601617,1,isotropic_constructed_macro_nats_full_precision_v3,0552c7f4701ada91e31e916f992171b9418cb47d283a56e61f311581d66266cb
2010-10-27,0.5417461696765631,2,isotropic_constructed_macro_nats_full_precision_v3,0552c7f4701ada91e31e916f992171b9418cb47d283a56e61f311581d66266cb
2010-10-29,0.5140349899862496,2,isotropic_constructed_macro_nats_full_precision_v3,0552c7f4701ada91e31e916f992171b9418cb47d283a56e61f311581d66266cb
2010-11-02,0.48074932396682735,5,isotropic_constructed_macro_nats_full_precision_v3,0552c7f4701ada91e31e916f992171b9418cb47d283a56e61f311581d66266cb
2010-11-04,0.5160913161932229,5,isotropic_constructed_macro_nats_full_precision_v3,0552c7f4701ada91e31e916f992171b9418cb47d283a56e61f311581d66266cb
2010-11-08,0.5194394309920645,4,isotropic_constructed_macro_nats_full_precision_v3,0552c7f4701ada91e31e916f992171b9418cb47d283a56e61f311581d66266cb
2010-11-10,0.5142464721775446,3,isotropic_constructed_macro_nats_full_precision_v3,0552c7f4701ada91e31e916f992171b9418cb47d283a56e61f311581d66266cb
2010-11-12,0.5512664178968518,3,isotropic_constructed_macro_nats_full_precision_v3,0552c7f4701ada91e31e916f992171b9418cb47d283a56e61f311581d66266cb
2010-11-16,0.5490653606164975,4,isotropic_constructed_macro_nats_full_precision_v3,0552c7f4701ada91e31e916f992171b9418cb47d283a56e61f311581d66266cb
2010-11-18,0.5130702734883692,3,isotropic_constructed_macro_nats_full_precision_v3,0552c7f4701ada91e31e916f992171b9418cb47d283a56e61f311581d66266cb
2010-11-22,0.53285424994267,1,isotropic_constructed_macro_nats_full_precision_v3,0552c7f4701ada91e31e916f992171b9418cb47d283a56e61f311581d66266cb
2010-11-24,0.5061157027153148,5,isotropic_constructed_macro_nats_full_precision_v3,0552c7f4701ada91e31e916f992171b9418cb47d283a56e61f311581d66266cb
2010-11-29,0.5536935544556709,3,isotropic_constructed_macro_nats_full_precision_v3,0552c7f4701ada91e31e916f992171b9418cb47d283a56e61f311581d66266cb
2010-12-01,0.530057644810718,4,isotropic_constructed_macro_nats_full_precision_v3,0552c7f4701ada91e31e916f992171b9418cb47d283a56e61f311581d66266cb
2010-12-03,0.5816661145343367,3,isotropic_constructed_macro_nats_full_precision_v3,0552c7f4701ada91e31e916f992171b9418cb47d283a56e61f311581d66266cb
2010-12-07,0.5763994341263896,3,isotropic_constructed_macro_nats_full_precision_v3,0552c7f4701ada91e31e916f992171b9418cb47d283a56e61f311581d66266cb
2010-12-09,0.5561545182771069,3,isotropic_constructed_macro_nats_full_precision_v3,0552c7f4701ada91e31e916f992171b9418cb47d283a56e61f311581d66266cb
2010-12-13,0.5552508457850494,4,isotropic_constructed_macro_nats_full_precision_v3,0552c7f4701ada91e31e916f992171b9418cb47d283a56e61f311581d66266cb
2010-12-15,0.5423913380280738,3,isotropic_constructed_macro_nats_full_precision_v3,0552c7f4701ada91e31e916f992171b9418cb47d283a56e61f311581d66266cb
2010-12-17,0.543243635678251,3,isotropic_constructed_macro_nats_full_precision_v3,0552c7f4701ada91e31e916f992171b9418cb47d283a56e61f311581d66266cb
2010-12-21,0.5439964360743055,3,isotropic_constructed_macro_nats_full_precision_v3,0552c7f4701ada91e31e916f992171b9418cb47d283a56e61f311581d66266cb
2010-12-23,0.5408959241353251,3,isotropic_constructed_macro_nats_full_precision_v3,0552c7f4701ada91e31e916f992171b9418cb47d283a56e61f311581d66266cb
2010-12-28,0.5601488658077625,3,isotropic_constructed_macro_nats_full_precision_v3,0552c7f4701ada91e31e916f992171b9418cb47d283a56e61f311581d66266cb
2010-12-30,0.5414030912941159,3,isotropic_constructed_macro_nats_full_precision_v3,0552c7f4701ada91e31e916f992171b9418cb47d283a56e61f311581d66266cb
2011-01-03,0.5560005124657801,3,isotropic_constructed_macro_nats_full_precision_v3,0552c7f4701ada91e31e916f992171b9418cb47d283a56e61f311581d66266cb
2011-01-05,0.544209619428643,3,isotropic_constructed_macro_nats_full_precision_v3,0552c7f4701ada91e31e916f992171b9418cb47d283a56e61f311581d66266cb
2011-01-07,0.5371403806478193,3,isotropic_constructed_macro_nats_full_precision_v3,0552c7f4701ada91e31e916f992171b9418cb47d283a56e61f311581d66266cb
2011-01-11,0.5122928257669327,4,isotropic_constructed_macro_nats_full_precision_v3,0552c7f4701ada91e31e916f992171b9418cb47d283a56e61f311581d66266cb
2011-01-13,0.5027487209626904,5,isotropic_constructed_macro_nats_full_precision_v3,0552c7f4701ada91e31e916f992171b9418cb47d283a56e61f311581d66266cb
2011-01-18,0.5293065869150297,3,isotropic_constructed_macro_nats_full_precision_v3,0552c7f4701ada91e31e916f992171b9418cb47d283a56e61f311581d66266cb
2011-01-20,0.5389928626564375,3,isotropic_constructed_macro_nats_full_precision_v3,0552c7f4701ada91e31e916f992171b9418cb47d283a56e61f311581d66266cb
2011-01-24,0.5332569140044556,3,isotropic_constructed_macro_nats_full_precision_v3,0552c7f4701ada91e31e916f992171b9418cb47d283a56e61f311581d66266cb
2011-01-26,0.538610250376697,3,isotropic_constructed_macro_nats_full_precision_v3,0552c7f4701ada91e31e916f992171b9418cb47d283a56e61f311581d66266cb
2011-01-28,0.5339581161235095,3,isotropic_constructed_macro_nats_full_precision_v3,0552c7f4701ada91e31e916f992171b9418cb47d283a56e61f311581d66266cb
2011-02-01,0.5474834534121525,3,isotropic_constructed_macro_nats_full_precision_v3,0552c7f4701ada91e31e916f992171b9418cb47d283a56e61f311581d66266cb
2011-02-03,0.5545082163686289,3,isotropic_constructed_macro_nats_full_precision_v3,0552c7f4701ada91e31e916f992171b9418cb47d283a56e61f311581d66266cb
2011-02-07,0.5558694373907415,3,isotropic_constructed_macro_nats_full_precision_v3,0552c7f4701ada91e31e916f992171b9418cb47d283a56e61f311581d66266cb
2011-02-09,0.5408314680192103,3,isotropic_constructed_macro_nats_full_precision_v3,0552c7f4701ada91e31e916f992171b9418cb47d283a56e61f311581d66266cb
2011-02-11,0.5482863768087324,3,isotropic_constructed_macro_nats_full_precision_v3,0552c7f4701ada91e31e916f992171b9418cb47d283a56e61f311581d66266cb
2011-02-15,0.5130271847505593,2,isotropic_constructed_macro_nats_full_precision_v3,0552c7f4701ada91e31e916f992171b9418cb47d283a56e61f311581d66266cb
2011-02-17,0.540788439821848,3,isotropic_constructed_macro_nats_full_precision_v3,0552c7f4701ada91e31e916f992171b9418cb47d283a56e61f311581d66266cb
2011-02-22,0.5288353465008196,1,isotropic_constructed_macro_nats_full_precision_v3,0552c7f4701ada91e31e916f992171b9418cb47d283a56e61f311581d66266cb
2011-02-24,0.5151825644089928,1,isotropic_constructed_macro_nats_full_precision_v3,0552c7f4701ada91e31e916f992171b9418cb47d283a56e61f311581d66266cb
2011-02-28,0.5004887204765389,1,isotropic_constructed_macro_nats_full_precision_v3,0552c7f4701ada91e31e916f992171b9418cb47d283a56e61f311581d66266cb
2011-03-02,0.49685724300849987,3,isotropic_constructed_macro_nats_full_precision_v3,0552c7f4701ada91e31e916f992171b9418cb47d283a56e61f311581d66266cb
2011-03-04,0.4588775277645055,2,isotropic_constructed_macro_nats_full_precision_v3,0552c7f4701ada91e31e916f992171b9418cb47d283a56e61f311581d66266cb
2011-03-08,0.46324333217319846,2,isotropic_constructed_macro_nats_full_precision_v3,0552c7f4701ada91e31e916f992171b9418cb47d283a56e61f311581d66266cb
2011-03-10,0.5771446018178741,1,isotropic_constructed_macro_nats_full_precision_v3,0552c7f4701ada91e31e916f992171b9418cb47d283a56e61f311581d66266cb
2011-03-14,0.5003071408633848,1,isotropic_constructed_macro_nats_full_precision_v3,0552c7f4701ada91e31e916f992171b9418cb47d283a56e61f311581d66266cb
2011-03-16,0.5091879130163528,1,isotropic_constructed_macro_nats_full_precision_v3,0552c7f4701ada91e31e916f992171b9418cb47d283a56e61f311581d66266cb
2011-03-18,0.4476548784043293,4,isotropic_constructed_macro_nats_full_precision_v3,0552c7f4701ada91e31e916f992171b9418cb47d283a56e61f311581d66266cb
2011-03-22,0.4829905513256116,3,isotropic_constructed_macro_nats_full_precision_v3,0552c7f4701ada91e31e916f992171b9418cb47d283a56e61f311581d66266cb
2011-03-24,0.4815822220960655,3,isotropic_constructed_macro_nats_full_precision_v3,0552c7f4701ada91e31e916f992171b9418cb47d283a56e61f311581d66266cb
2011-03-28,0.4526324243494889,2,isotropic_constructed_macro_nats_full_precision_v3,0552c7f4701ada91e31e916f992171b9418cb47d283a56e61f311581d66266cb
2011-03-30,0.4640743556520149,1,isotropic_constructed_macro_nats_full_precision_v3,0552c7f4701ada91e31e916f992171b9418cb47d283a56e61f311581d66266cb
2011-04-01,0.4648156190727897,1,isotropic_constructed_macro_nats_full_precision_v3,0552c7f4701ada91e31e916f992171b9418cb47d283a56e61f311581d66266cb
2011-04-05,0.4617869598055854,1,isotropic_constructed_macro_nats_full_precision_v3,0552c7f4701ada91e31e916f992171b9418cb47d283a56e61f311581d66266cb
2011-04-07,0.45279782204219526,1,isotropic_constructed_macro_nats_full_precision_v3,0552c7f4701ada91e31e916f992171b9418cb47d283a56e61f311581d66266cb
2011-04-11,0.4489037174346338,1,isotropic_constructed_macro_nats_full_precision_v3,0552c7f4701ada91e31e916f992171b9418cb47d283a56e61f311581d66266cb
2011-04-13,0.40919621406253875,1,isotropic_constructed_macro_nats_full_precision_v3,0552c7f4701ada91e31e916f992171b9418cb47d283a56e61f311581d66266cb
2011-04-15,0.41031308039623826,6,isotropic_constructed_macro_nats_full_precision_v3,0552c7f4701ada91e31e916f992171b9418cb47d283a56e61f311581d66266cb
2011-04-19,0.41035672584091615,3,isotropic_constructed_macro_nats_full_precision_v3,0552c7f4701ada91e31e916f992171b9418cb47d283a56e61f311581d66266cb
2011-04-21,0.4354934949905439,3,isotropic_constructed_macro_nats_full_precision_v3,0552c7f4701ada91e31e916f992171b9418cb47d283a56e61f311581d66266cb
2011-04-26,0.4091634893130346,3,isotropic_constructed_macro_nats_full_precision_v3,0552c7f4701ada91e31e916f992171b9418cb47d283a56e61f311581d66266cb
2011-04-28,0.4076190048371989,3,isotropic_constructed_macro_nats_full_precision_v3,0552c7f4701ada91e31e916f992171b9418cb47d283a56e61f311581d66266cb
2011-05-02,0.4081526126987874,3,isotropic_constructed_macro_nats_full_precision_v3,0552c7f4701ada91e31e916f992171b9418cb47d283a56e61f311581d66266cb
2011-05-04,0.41765757084995386,3,isotropic_constructed_macro_nats_full_precision_v3,0552c7f4701ada91e31e916f992171b9418cb47d283a56e61f311581d66266cb
2011-05-06,0.42467039035117915,3,isotropic_constructed_macro_nats_full_precision_v3,0552c7f4701ada91e31e916f992171b9418cb47d283a56e61f311581d66266cb
2011-05-10,0.44242459692629243,3,isotropic_constructed_macro_nats_full_precision_v3,0552c7f4701ada91e31e916f992171b9418cb47d283a56e61f311581d66266cb
2011-05-12,0.42956449810032593,3,isotropic_constructed_macro_nats_full_precision_v3,0552c7f4701ada91e31e916f992171b9418cb47d283a56e61f311581d66266cb
2011-05-16,0.42155610265075666,3,isotropic_constructed_macro_nats_full_precision_v3,0552c7f4701ada91e31e916f992171b9418cb47d283a56e61f311581d66266cb
2011-05-18,0.4323907351046452,3,isotropic_constructed_macro_nats_full_precision_v3,0552c7f4701ada91e31e916f992171b9418cb47d283a56e61f311581d66266cb
2011-05-20,0.4365189999647194,2,isotropic_constructed_macro_nats_full_precision_v3,0552c7f4701ada91e31e916f992171b9418cb47d283a56e61f311581d66266cb
2011-05-24,0.4553919880261852,1,isotropic_constructed_macro_nats_full_precision_v3,0552c7f4701ada91e31e916f992171b9418cb47d283a56e61f311581d66266cb
2011-05-26,0.43195854866194844,2,isotropic_constructed_macro_nats_full_precision_v3,0552c7f4701ada91e31e916f992171b9418cb47d283a56e61f311581d66266cb
2011-05-31,0.43335789567321126,1,isotropic_constructed_macro_nats_full_precision_v3,0552c7f4701ada91e31e916f992171b9418cb47d283a56e61f311581d66266cb
2011-06-02,0.4022611831744938,2,isotropic_constructed_macro_nats_full_precision_v3,0552c7f4701ada91e31e916f992171b9418cb47d283a56e61f311581d66266cb
2011-06-06,0.40722961701465166,3,isotropic_constructed_macro_nats_full_precision_v3,0552c7f4701ada91e31e916f992171b9418cb47d283a56e61f311581d66266cb
2011-06-08,0.3962507110415786,3,isotropic_constructed_macro_nats_full_precision_v3,0552c7f4701ada91e31e916f992171b9418cb47d283a56e61f311581d66266cb
2011-06-10,0.4030083778892034,3,isotropic_constructed_macro_nats_full_precision_v3,0552c7f4701ada91e31e916f992171b9418cb47d283a56e61f311581d66266cb
2011-06-14,0.39894072982007256,3,isotropic_constructed_macro_nats_full_precision_v3,0552c7f4701ada91e31e916f992171b9418cb47d283a56e61f311581d66266cb
2011-06-16,0.39170124637107695,4,isotropic_constructed_macro_nats_full_precision_v3,0552c7f4701ada91e31e916f992171b9418cb47d283a56e61f311581d66266cb
2011-06-20,0.3788440436356695,2,isotropic_constructed_macro_nats_full_precision_v3,0552c7f4701ada91e31e916f992171b9418cb47d283a56e61f311581d66266cb
2011-06-22,0.38342041088917017,3,isotropic_constructed_macro_nats_full_precision_v3,0552c7f4701ada91e31e916f992171b9418cb47d283a56e61f311581d66266cb
2011-06-24,0.42245544982022354,1,isotropic_constructed_macro_nats_full_precision_v3,0552c7f4701ada91e31e916f992171b9418cb47d283a56e61f311581d66266cb
2011-06-28,0.48113227831385574,1,isotropic_constructed_macro_nats_full_precision_v3,0552c7f4701ada91e31e916f992171b9418cb47d283a56e61f311581d66266cb
2011-06-30,0.422420718588518,2,isotropic_constructed_macro_nats_full_precision_v3,0552c7f4701ada91e31e916f992171b9418cb47d283a56e61f311581d66266cb
2011-07-05,0.4826890134414963,1,isotropic_constructed_macro_nats_full_precision_v3,0552c7f4701ada91e31e916f992171b9418cb47d283a56e61f311581d66266cb
2011-07-07,0.40534758505958757,2,isotropic_constructed_macro_nats_full_precision_v3,0552c7f4701ada91e31e916f992171b9418cb47d283a56e61f311581d66266cb
2011-07-11,0.4689090707375975,1,isotropic_constructed_macro_nats_full_precision_v3,0552c7f4701ada91e31e916f992171b9418cb47d283a56e61f311581d66266cb
2011-07-13,0.4381096587365015,3,isotropic_constructed_macro_nats_full_precision_v3,0552c7f4701ada91e31e916f992171b9418cb47d283a56e61f311581d66266cb
2011-07-15,0.4290715905190989,3,isotropic_constructed_macro_nats_full_precision_v3,0552c7f4701ada91e31e916f992171b9418cb47d283a56e61f311581d66266cb
2011-07-19,0.44934788087502897,2,isotropic_constructed_macro_nats_full_precision_v3,0552c7f4701ada91e31e916f992171b9418cb47d283a56e61f311581d66266cb
2011-07-21,0.4851638080744596,2,isotropic_constructed_macro_nats_full_precision_v3,0552c7f4701ada91e31e916f992171b9418cb47d283a56e61f311581d66266cb
2011-07-25,0.48405534988884213,2,isotropic_constructed_macro_nats_full_precision_v3,0552c7f4701ada91e31e916f992171b9418cb47d283a56e61f311581d66266cb
2011-07-27,0.4746140111316621,1,isotropic_constructed_macro_nats_full_precision_v3,0552c7f4701ada91e31e916f992171b9418cb47d283a56e61f311581d66266cb
2011-07-29,0.47755629427669927,1,isotropic_constructed_macro_nats_full_precision_v3,0552c7f4701ada91e31e916f992171b9418cb47d283a56e61f311581d66266cb
2011-08-02,0.5185168771926231,2,isotropic_constructed_macro_nats_full_precision_v3,0552c7f4701ada91e31e916f992171b9418cb47d283a56e61f311581d66266cb
2011-08-04,0.4824354020919091,1,isotropic_constructed_macro_nats_full_precision_v3,0552c7f4701ada91e31e916f992171b9418cb47d283a56e61f311581d66266cb
2011-08-08,0.507308884561403,1,isotropic_constructed_macro_nats_full_precision_v3,0552c7f4701ada91e31e916f992171b9418cb47d283a56e61f311581d66266cb
2011-08-10,0.4936167490817428,2,isotropic_constructed_macro_nats_full_precision_v3,0552c7f4701ada91e31e916f992171b9418cb47d283a56e61f311581d66266cb
2011-08-12,0.42673393853049746,3,isotropic_constructed_macro_nats_full_precision_v3,0552c7f4701ada91e31e916f992171b9418cb47d283a56e61f311581d66266cb
2011-08-16,0.5397860581930785,1,isotropic_constructed_macro_nats_full_precision_v3,0552c7f4701ada91e31e916f992171b9418cb47d283a56e61f311581d66266cb
2011-08-18,0.5179453912904974,2,isotropic_constructed_macro_nats_full_precision_v3,0552c7f4701ada91e31e916f992171b9418cb47d283a56e61f311581d66266cb
2011-08-22,0.5043791011018902,2,isotropic_constructed_macro_nats_full_precision_v3,0552c7f4701ada91e31e916f992171b9418cb47d283a56e61f311581d66266cb
2011-08-24,0.4608692098691352,2,isotropic_constructed_macro_nats_full_precision_v3,0552c7f4701ada91e31e916f992171b9418cb47d283a56e61f311581d66266cb
2011-08-26,0.49544842362174474,2,isotropic_constructed_macro_nats_full_precision_v3,0552c7f4701ada91e31e916f992171b9418cb47d283a56e61f311581d66266cb
2011-08-30,0.5351662681015952,1,isotropic_constructed_macro_nats_full_precision_v3,0552c7f4701ada91e31e916f992171b9418cb47d283a56e61f311581d66266cb
2011-09-01,0.4806371284843216,2,isotropic_constructed_macro_nats_full_precision_v3,0552c7f4701ada91e31e916f992171b9418cb47d283a56e61f311581d66266cb
2011-09-06,0.585036433180782,1,isotropic_constructed_macro_nats_full_precision_v3,0552c7f4701ada91e31e916f992171b9418cb47d283a56e61f311581d66266cb
2011-09-08,0.563382464356581,1,isotropic_constructed_macro_nats_full_precision_v3,0552c7f4701ada91e31e916f992171b9418cb47d283a56e61f311581d66266cb
2011-09-12,0.509564478093294,2,isotropic_constructed_macro_nats_full_precision_v3,0552c7f4701ada91e31e916f992171b9418cb47d283a56e61f311581d66266cb
2011-09-14,0.5046687205515072,2,isotropic_constructed_macro_nats_full_precision_v3,0552c7f4701ada91e31e916f992171b9418cb47d283a56e61f311581d66266cb
2011-09-16,0.5176535641955562,1,isotropic_constructed_macro_nats_full_precision_v3,0552c7f4701ada91e31e916f992171b9418cb47d283a56e61f311581d66266cb
2011-09-20,0.5296567323758377,1,isotropic_constructed_macro_nats_full_precision_v3,0552c7f4701ada91e31e916f992171b9418cb47d283a56e61f311581d66266cb
2011-09-22,0.5624806857766702,1,isotropic_constructed_macro_nats_full_precision_v3,0552c7f4701ada91e31e916f992171b9418cb47d283a56e61f311581d66266cb
2011-09-26,0.533159973689775,1,isotropic_constructed_macro_nats_full_precision_v3,0552c7f4701ada91e31e916f992171b9418cb47d283a56e61f311581d66266cb
2011-09-28,0.4932469974877532,1,isotropic_constructed_macro_nats_full_precision_v3,0552c7f4701ada91e31e916f992171b9418cb47d283a56e61f311581d66266cb
2011-09-30,0.4998572365241183,1,isotropic_constructed_macro_nats_full_precision_v3,0552c7f4701ada91e31e916f992171b9418cb47d283a56e61f311581d66266cb
2011-10-04,0.49272496171098434,1,isotropic_constructed_macro_nats_full_precision_v3,0552c7f4701ada91e31e916f992171b9418cb47d283a56e61f311581d66266cb
2011-10-06,0.46950887827300025,4,isotropic_constructed_macro_nats_full_precision_v3,0552c7f4701ada91e31e916f992171b9418cb47d283a56e61f311581d66266cb
2011-10-10,0.49693234268707376,3,isotropic_constructed_macro_nats_full_precision_v3,0552c7f4701ada91e31e916f992171b9418cb47d283a56e61f311581d66266cb
2011-10-12,0.4506610315002777,4,isotropic_constructed_macro_nats_full_precision_v3,0552c7f4701ada91e31e916f992171b9418cb47d283a56e61f311581d66266cb
2011-10-14,0.46170647484881616,2,isotropic_constructed_macro_nats_full_precision_v3,0552c7f4701ada91e31e916f992171b9418cb47d283a56e61f311581d66266cb
2011-10-18,0.472266127601933,2,isotropic_constructed_macro_nats_full_precision_v3,0552c7f4701ada91e31e916f992171b9418cb47d283a56e61f311581d66266cb
2011-10-20,0.4589526971430341,2,isotropic_constructed_macro_nats_full_precision_v3,0552c7f4701ada91e31e916f992171b9418cb47d283a56e61f311581d66266cb
2011-10-24,0.46757082593517063,2,isotropic_constructed_macro_nats_full_precision_v3,0552c7f4701ada91e31e916f992171b9418cb47d283a56e61f311581d66266cb
2011-10-26,0.46392754201780895,2,isotropic_constructed_macro_nats_full_precision_v3,0552c7f4701ada91e31e916f992171b9418cb47d283a56e61f311581d66266cb
2011-10-28,0.4125114333710722,5,isotropic_constructed_macro_nats_full_precision_v3,0552c7f4701ada91e31e916f992171b9418cb47d283a56e61f311581d66266cb
2011-11-01,0.42532547974709645,4,isotropic_constructed_macro_nats_full_precision_v3,0552c7f4701ada91e31e916f992171b9418cb47d283a56e61f311581d66266cb
2011-11-03,0.44847418513784065,2,isotropic_constructed_macro_nats_full_precision_v3,0552c7f4701ada91e31e916f992171b9418cb47d283a56e61f311581d66266cb
2011-11-07,0.4322204887924356,4,isotropic_constructed_macro_nats_full_precision_v3,0552c7f4701ada91e31e916f992171b9418cb47d283a56e61f311581d66266cb
2011-11-09,0.47024829938775226,2,isotropic_constructed_macro_nats_full_precision_v3,0552c7f4701ada91e31e916f992171b9418cb47d283a56e61f311581d66266cb
2011-11-11,0.46557134962761204,3,isotropic_constructed_macro_nats_full_precision_v3,0552c7f4701ada91e31e916f992171b9418cb47d283a56e61f311581d66266cb
2011-11-15,0.43836165151492135,2,isotropic_constructed_macro_nats_full_precision_v3,0552c7f4701ada91e31e916f992171b9418cb47d283a56e61f311581d66266cb
2011-11-17,0.42033533476853324,4,isotropic_constructed_macro_nats_full_precision_v3,0552c7f4701ada91e31e916f992171b9418cb47d283a56e61f311581d66266cb
2011-11-21,0.4721067097679942,2,isotropic_constructed_macro_nats_full_precision_v3,0552c7f4701ada91e31e916f992171b9418cb47d283a56e61f311581d66266cb
2011-11-23,0.48157846671484983,2,isotropic_constructed_macro_nats_full_precision_v3,0552c7f4701ada91e31e916f992171b9418cb47d283a56e61f311581d66266cb
2011-11-28,0.46831820080303643,2,isotropic_constructed_macro_nats_full_precision_v3,0552c7f4701ada91e31e916f992171b9418cb47d283a56e61f311581d66266cb
2011-11-30,0.4682181624215481,3,isotropic_constructed_macro_nats_full_precision_v3,0552c7f4701ada91e31e916f992171b9418cb47d283a56e61f311581d66266cb
2011-12-02,0.48260754523206506,3,isotropic_constructed_macro_nats_full_precision_v3,0552c7f4701ada91e31e916f992171b9418cb47d283a56e61f311581d66266cb
2011-12-06,0.4756740975469558,2,isotropic_constructed_macro_nats_full_precision_v3,0552c7f4701ada91e31e916f992171b9418cb47d283a56e61f311581d66266cb
2011-12-08,0.4758351221554934,4,isotropic_constructed_macro_nats_full_precision_v3,0552c7f4701ada91e31e916f992171b9418cb47d283a56e61f311581d66266cb
2011-12-12,0.4844205485471633,3,isotropic_constructed_macro_nats_full_precision_v3,0552c7f4701ada91e31e916f992171b9418cb47d283a56e61f311581d66266cb
2011-12-14,0.46258714521366273,4,isotropic_constructed_macro_nats_full_precision_v3,0552c7f4701ada91e31e916f992171b9418cb47d283a56e61f311581d66266cb
2011-12-16,0.471712977504936,4,isotropic_constructed_macro_nats_full_precision_v3,0552c7f4701ada91e31e916f992171b9418cb47d283a56e61f311581d66266cb
2011-12-20,0.44752453586755025,4,isotropic_constructed_macro_nats_full_precision_v3,0552c7f4701ada91e31e916f992171b9418cb47d283a56e61f311581d66266cb
2011-12-22,0.4760295424233816,2,isotropic_constructed_macro_nats_full_precision_v3,0552c7f4701ada91e31e916f992171b9418cb47d283a56e61f311581d66266cb
2011-12-27,0.4872700565142196,4,isotropic_constructed_macro_nats_full_precision_v3,0552c7f4701ada91e31e916f992171b9418cb47d283a56e61f311581d66266cb
2011-12-29,0.512093850496717,3,isotropic_constructed_macro_nats_full_precision_v3,0552c7f4701ada91e31e916f992171b9418cb47d283a56e61f311581d66266cb
2012-01-03,0.47574480170422295,3,isotropic_constructed_macro_nats_full_precision_v3,0552c7f4701ada91e31e916f992171b9418cb47d283a56e61f311581d66266cb
2012-01-05,0.49984635972068714,4,isotropic_constructed_macro_nats_full_precision_v3,0552c7f4701ada91e31e916f992171b9418cb47d283a56e61f311581d66266cb
2012-01-09,0.4916180370570632,3,isotropic_constructed_macro_nats_full_precision_v3,0552c7f4701ada91e31e916f992171b9418cb47d283a56e61f311581d66266cb
2012-01-11,0.47167120366737036,3,isotropic_constructed_macro_nats_full_precision_v3,0552c7f4701ada91e31e916f992171b9418cb47d283a56e61f311581d66266cb
2012-01-13,0.450885693100615,3,isotropic_constructed_macro_nats_full_precision_v3,0552c7f4701ada91e31e916f992171b9418cb47d283a56e61f311581d66266cb
2012-01-18,0.4959899709515503,3,isotropic_constructed_macro_nats_full_precision_v3,0552c7f4701ada91e31e916f992171b9418cb47d283a56e61f311581d66266cb
2012-01-20,0.5093822608187493,3,isotropic_constructed_macro_nats_full_precision_v3,0552c7f4701ada91e31e916f992171b9418cb47d283a56e61f311581d66266cb
2012-01-24,0.47668589194888844,4,isotropic_constructed_macro_nats_full_precision_v3,0552c7f4701ada91e31e916f992171b9418cb47d283a56e61f311581d66266cb
2012-01-26,0.4682111822933065,5,isotropic_constructed_macro_nats_full_precision_v3,0552c7f4701ada91e31e916f992171b9418cb47d283a56e61f311581d66266cb
2012-01-30,0.4856221829867734,4,isotropic_constructed_macro_nats_full_precision_v3,0552c7f4701ada91e31e916f992171b9418cb47d283a56e61f311581d66266cb
2012-02-01,0.4769096553831117,3,isotropic_constructed_macro_nats_full_precision_v3,0552c7f4701ada91e31e916f992171b9418cb47d283a56e61f311581d66266cb
2012-02-03,0.49351743673063764,4,isotropic_constructed_macro_nats_full_precision_v3,0552c7f4701ada91e31e916f992171b9418cb47d283a56e61f311581d66266cb
2012-02-07,0.49315581355125904,4,isotropic_constructed_macro_nats_full_precision_v3,0552c7f4701ada91e31e916f992171b9418cb47d283a56e61f311581d66266cb
2012-02-09,0.4687726413795513,4,isotropic_constructed_macro_nats_full_precision_v3,0552c7f4701ada91e31e916f992171b9418cb47d283a56e61f311581d66266cb
2012-02-13,0.46641381647809876,3,isotropic_constructed_macro_nats_full_precision_v3,0552c7f4701ada91e31e916f992171b9418cb47d283a56e61f311581d66266cb
2012-02-15,0.47759385299710133,4,isotropic_constructed_macro_nats_full_precision_v3,0552c7f4701ada91e31e916f992171b9418cb47d283a56e61f311581d66266cb
2012-02-17,0.47468432665166793,5,isotropic_constructed_macro_nats_full_precision_v3,0552c7f4701ada91e31e916f992171b9418cb47d283a56e61f311581d66266cb
2012-02-22,0.47421466377443244,3,isotropic_constructed_macro_nats_full_precision_v3,0552c7f4701ada91e31e916f992171b9418cb47d283a56e61f311581d66266cb
2012-02-24,0.4746511121333674,5,isotropic_constructed_macro_nats_full_precision_v3,0552c7f4701ada91e31e916f992171b9418cb47d283a56e61f311581d66266cb
2012-02-28,0.46399347346634423,5,isotropic_constructed_macro_nats_full_precision_v3,0552c7f4701ada91e31e916f992171b9418cb47d283a56e61f311581d66266cb
2012-03-01,0.4863476732390758,4,isotropic_constructed_macro_nats_full_precision_v3,0552c7f4701ada91e31e916f992171b9418cb47d283a56e61f311581d66266cb
2012-03-05,0.4811365313753383,4,isotropic_constructed_macro_nats_full_precision_v3,0552c7f4701ada91e31e916f992171b9418cb47d283a56e61f311581d66266cb
2012-03-07,0.4863429194724702,5,isotropic_constructed_macro_nats_full_precision_v3,0552c7f4701ada91e31e916f992171b9418cb47d283a56e61f311581d66266cb
2012-03-09,0.48639724731953227,4,isotropic_constructed_macro_nats_full_precision_v3,0552c7f4701ada91e31e916f992171b9418cb47d283a56e61f311581d66266cb
2012-03-13,0.49486891735597394,4,isotropic_constructed_macro_nats_full_precision_v3,0552c7f4701ada91e31e916f992171b9418cb47d283a56e61f311581d66266cb
2012-03-15,0.48081108375810355,5,isotropic_constructed_macro_nats_full_precision_v3,0552c7f4701ada91e31e916f992171b9418cb47d283a56e61f311581d66266cb
2012-03-19,0.4900774875933297,5,isotropic_constructed_macro_nats_full_precision_v3,0552c7f4701ada91e31e916f992171b9418cb47d283a56e61f311581d66266cb
2012-03-21,0.4841519616132043,6,isotropic_constructed_macro_nats_full_precision_v3,0552c7f4701ada91e31e916f992171b9418cb47d283a56e61f311581d66266cb
2012-03-23,0.4931589447753981,3,isotropic_constructed_macro_nats_full_precision_v3,0552c7f4701ada91e31e916f992171b9418cb47d283a56e61f311581d66266cb
2012-03-27,0.4866760499349462,5,isotropic_constructed_macro_nats_full_precision_v3,0552c7f4701ada91e31e916f992171b9418cb47d283a56e61f311581d66266cb
2012-03-29,0.48038673927213826,5,isotropic_constructed_macro_nats_full_precision_v3,0552c7f4701ada91e31e916f992171b9418cb47d283a56e61f311581d66266cb
2012-04-02,0.48201210525894667,5,isotropic_constructed_macro_nats_full_precision_v3,0552c7f4701ada91e31e916f992171b9418cb47d283a56e61f311581d66266cb
2012-04-04,0.4883459923079515,5,isotropic_constructed_macro_nats_full_precision_v3,0552c7f4701ada91e31e916f992171b9418cb47d283a56e61f311581d66266cb
2012-04-09,0.48454218496247947,5,isotropic_constructed_macro_nats_full_precision_v3,0552c7f4701ada91e31e916f992171b9418cb47d283a56e61f311581d66266cb
2012-04-11,0.48491757628787724,4,isotropic_constructed_macro_nats_full_precision_v3,0552c7f4701ada91e31e916f992171b9418cb47d283a56e61f311581d66266cb
2012-04-13,0.5059531257443994,6,isotropic_constructed_macro_nats_full_precision_v3,0552c7f4701ada91e31e916f992171b9418cb47d283a56e61f311581d66266cb
2012-04-17,0.504802600983732,4,isotropic_constructed_macro_nats_full_precision_v3,0552c7f4701ada91e31e916f992171b9418cb47d283a56e61f311581d66266cb
2012-04-19,0.5212792586960514,4,isotropic_constructed_macro_nats_full_precision_v3,0552c7f4701ada91e31e916f992171b9418cb47d283a56e61f311581d66266cb
2012-04-23,0.5098846947631759,3,isotropic_constructed_macro_nats_full_precision_v3,0552c7f4701ada91e31e916f992171b9418cb47d283a56e61f311581d66266cb
2012-04-25,0.5288662884339881,2,isotropic_constructed_macro_nats_full_precision_v3,0552c7f4701ada91e31e916f992171b9418cb47d283a56e61f311581d66266cb
2012-04-27,0.5309948705153896,4,isotropic_constructed_macro_nats_full_precision_v3,0552c7f4701ada91e31e916f992171b9418cb47d283a56e61f311581d66266cb
2012-05-01,0.527879799918155,2,isotropic_constructed_macro_nats_full_precision_v3,0552c7f4701ada91e31e916f992171b9418cb47d283a56e61f311581d66266cb
2012-05-03,0.512644340232898,4,isotropic_constructed_macro_nats_full_precision_v3,0552c7f4701ada91e31e916f992171b9418cb47d283a56e61f311581d66266cb
2012-05-07,0.49554273492722545,5,isotropic_constructed_macro_nats_full_precision_v3,0552c7f4701ada91e31e916f992171b9418cb47d283a56e61f311581d66266cb
2012-05-09,0.4953539747321054,4,isotropic_constructed_macro_nats_full_precision_v3,0552c7f4701ada91e31e916f992171b9418cb47d283a56e61f311581d66266cb
2012-05-11,0.5087101718023643,4,isotropic_constructed_macro_nats_full_precision_v3,0552c7f4701ada91e31e916f992171b9418cb47d283a56e61f311581d66266cb
2012-05-15,0.49893048941101037,2,isotropic_constructed_macro_nats_full_precision_v3,0552c7f4701ada91e31e916f992171b9418cb47d283a56e61f311581d66266cb
2012-05-17,0.5032109089278674,3,isotropic_constructed_macro_nats_full_precision_v3,0552c7f4701ada91e31e916f992171b9418cb47d283a56e61f311581d66266cb
2012-05-21,0.4897381247203795,3,isotropic_constructed_macro_nats_full_precision_v3,0552c7f4701ada91e31e916f992171b9418cb47d283a56e61f311581d66266cb
2012-05-23,0.4966057614308548,2,isotropic_constructed_macro_nats_full_precision_v3,0552c7f4701ada91e31e916f992171b9418cb47d283a56e61f311581d66266cb
2012-05-25,0.5032864266419156,2,isotropic_constructed_macro_nats_full_precision_v3,0552c7f4701ada91e31e916f992171b9418cb47d283a56e61f311581d66266cb
2012-05-30,0.4855574651187101,4,isotropic_constructed_macro_nats_full_precision_v3,0552c7f4701ada91e31e916f992171b9418cb47d283a56e61f311581d66266cb
2012-06-01,0.4766282311979777,3,isotropic_constructed_macro_nats_full_precision_v3,0552c7f4701ada91e31e916f992171b9418cb47d283a56e61f311581d66266cb
2012-06-05,0.48726131565680186,3,isotropic_constructed_macro_nats_full_precision_v3,0552c7f4701ada91e31e916f992171b9418cb47d283a56e61f311581d66266cb
2012-06-07,0.47867767264226946,5,isotropic_constructed_macro_nats_full_precision_v3,0552c7f4701ada91e31e916f992171b9418cb47d283a56e61f311581d66266cb
2012-06-11,0.48617922067928254,5,isotropic_constructed_macro_nats_full_precision_v3,0552c7f4701ada91e31e916f992171b9418cb47d283a56e61f311581d66266cb
2012-06-13,0.48928094888410967,3,isotropic_constructed_macro_nats_full_precision_v3,0552c7f4701ada91e31e916f992171b9418cb47d283a56e61f311581d66266cb
2012-06-15,0.49070225443054327,3,isotropic_constructed_macro_nats_full_precision_v3,0552c7f4701ada91e31e916f992171b9418cb47d283a56e61f311581d66266cb
2012-06-19,0.5087106164124043,1,isotropic_constructed_macro_nats_full_precision_v3,0552c7f4701ada91e31e916f992171b9418cb47d283a56e61f311581d66266cb
2012-06-21,0.5233229956755879,3,isotropic_constructed_macro_nats_full_precision_v3,0552c7f4701ada91e31e916f992171b9418cb47d283a56e61f311581d66266cb
2012-06-25,0.543668843618759,3,isotropic_constructed_macro_nats_full_precision_v3,0552c7f4701ada91e31e916f992171b9418cb47d283a56e61f311581d66266cb
2012-06-27,0.5624056244750769,2,isotropic_constructed_macro_nats_full_precision_v3,0552c7f4701ada91e31e916f992171b9418cb47d283a56e61f311581d66266cb
2012-06-29,0.5392909710820949,2,isotropic_constructed_macro_nats_full_precision_v3,0552c7f4701ada91e31e916f992171b9418cb47d283a56e61f311581d66266cb
2012-07-03,0.5444496103169725,2,isotropic_constructed_macro_nats_full_precision_v3,0552c7f4701ada91e31e916f992171b9418cb47d283a56e61f311581d66266cb
2012-07-06,0.5538092234683499,1,isotropic_constructed_macro_nats_full_precision_v3,0552c7f4701ada91e31e916f992171b9418cb47d283a56e61f311581d66266cb
2012-07-10,0.5550358949144094,2,isotropic_constructed_macro_nats_full_precision_v3,0552c7f4701ada91e31e916f992171b9418cb47d283a56e61f311581d66266cb
2012-07-12,0.5579999957657023,1,isotropic_constructed_macro_nats_full_precision_v3,0552c7f4701ada91e31e916f992171b9418cb47d283a56e61f311581d66266cb
2012-07-16,0.5723419371221313,2,isotropic_constructed_macro_nats_full_precision_v3,0552c7f4701ada91e31e916f992171b9418cb47d283a56e61f311581d66266cb
2012-07-18,0.5500859211503928,2,isotropic_constructed_macro_nats_full_precision_v3,0552c7f4701ada91e31e916f992171b9418cb47d283a56e61f311581d66266cb
2012-07-20,0.5539724065488094,2,isotropic_constructed_macro_nats_full_precision_v3,0552c7f4701ada91e31e916f992171b9418cb47d283a56e61f311581d66266cb
2012-07-24,0.5470644305283303,1,isotropic_constructed_macro_nats_full_precision_v3,0552c7f4701ada91e31e916f992171b9418cb47d283a56e61f311581d66266cb
2012-07-26,0.5456141921572565,3,isotropic_constructed_macro_nats_full_precision_v3,0552c7f4701ada91e31e916f992171b9418cb47d283a56e61f311581d66266cb
2012-07-30,0.5710327304179657,3,isotropic_constructed_macro_nats_full_precision_v3,0552c7f4701ada91e31e916f992171b9418cb47d283a56e61f311581d66266cb
2012-08-01,0.5887450738156439,3,isotropic_constructed_macro_nats_full_precision_v3,0552c7f4701ada91e31e916f992171b9418cb47d283a56e61f311581d66266cb
2012-08-03,0.5569932505991263,2,isotropic_constructed_macro_nats_full_precision_v3,0552c7f4701ada91e31e916f992171b9418cb47d283a56e61f311581d66266cb
2012-08-07,0.5773262169823683,2,isotropic_constructed_macro_nats_full_precision_v3,0552c7f4701ada91e31e916f992171b9418cb47d283a56e61f311581d66266cb
2012-08-09,0.5770577405987277,3,isotropic_constructed_macro_nats_full_precision_v3,0552c7f4701ada91e31e916f992171b9418cb47d283a56e61f311581d66266cb
2012-08-13,0.5659788859030193,2,isotropic_constructed_macro_nats_full_precision_v3,0552c7f4701ada91e31e916f992171b9418cb47d283a56e61f311581d66266cb
2012-08-15,0.5789023217339156,3,isotropic_constructed_macro_nats_full_precision_v3,0552c7f4701ada91e31e916f992171b9418cb47d283a56e61f311581d66266cb
2012-08-17,0.5786008431936103,1,isotropic_constructed_macro_nats_full_precision_v3,0552c7f4701ada91e31e916f992171b9418cb47d283a56e61f311581d66266cb
2012-08-21,0.5741626227724822,2,isotropic_constructed_macro_nats_full_precision_v3,0552c7f4701ada91e31e916f992171b9418cb47d283a56e61f311581d66266cb
2012-08-23,0.5780236643816141,2,isotropic_constructed_macro_nats_full_precision_v3,0552c7f4701ada91e31e916f992171b9418cb47d283a56e61f311581d66266cb
2012-08-27,0.5566559910737305,1,isotropic_constructed_macro_nats_full_precision_v3,0552c7f4701ada91e31e916f992171b9418cb47d283a56e61f311581d66266cb
2012-08-29,0.5635352521015763,2,isotropic_constructed_macro_nats_full_precision_v3,0552c7f4701ada91e31e916f992171b9418cb47d283a56e61f311581d66266cb
2012-08-31,0.5564676442064537,2,isotropic_constructed_macro_nats_full_precision_v3,0552c7f4701ada91e31e916f992171b9418cb47d283a56e61f311581d66266cb
2012-09-05,0.5634619753328228,1,isotropic_constructed_macro_nats_full_precision_v3,0552c7f4701ada91e31e916f992171b9418cb47d283a56e61f311581d66266cb
2012-09-07,0.5881809950569026,2,isotropic_constructed_macro_nats_full_precision_v3,0552c7f4701ada91e31e916f992171b9418cb47d283a56e61f311581d66266cb
2012-09-11,0.5759062142740143,2,isotropic_constructed_macro_nats_full_precision_v3,0552c7f4701ada91e31e916f992171b9418cb47d283a56e61f311581d66266cb
2012-09-13,0.571799212336514,2,isotropic_constructed_macro_nats_full_precision_v3,0552c7f4701ada91e31e916f992171b9418cb47d283a56e61f311581d66266cb
2012-09-17,0.5763511499180961,2,isotropic_constructed_macro_nats_full_precision_v3,0552c7f4701ada91e31e916f992171b9418cb47d283a56e61f311581d66266cb
2012-09-19,0.5525988608955674,3,isotropic_constructed_macro_nats_full_precision_v3,0552c7f4701ada91e31e916f992171b9418cb47d283a56e61f311581d66266cb
2012-09-21,0.5594609846035707,1,isotropic_constructed_macro_nats_full_precision_v3,0552c7f4701ada91e31e916f992171b9418cb47d283a56e61f311581d66266cb
2012-09-25,0.5946716758554187,2,isotropic_constructed_macro_nats_full_precision_v3,0552c7f4701ada91e31e916f992171b9418cb47d283a56e61f311581d66266cb
2012-09-27,0.5876632139685659,2,isotropic_constructed_macro_nats_full_precision_v3,0552c7f4701ada91e31e916f992171b9418cb47d283a56e61f311581d66266cb
2012-10-01,0.5837162859156232,2,isotropic_constructed_macro_nats_full_precision_v3,0552c7f4701ada91e31e916f992171b9418cb47d283a56e61f311581d66266cb
2012-10-03,0.5765837495196094,2,isotropic_constructed_macro_nats_full_precision_v3,0552c7f4701ada91e31e916f992171b9418cb47d283a56e61f311581d66266cb
2012-10-05,0.5489760978767226,2,isotropic_constructed_macro_nats_full_precision_v3,0552c7f4701ada91e31e916f992171b9418cb47d283a56e61f311581d66266cb
2012-10-09,0.5738566354010313,2,isotropic_constructed_macro_nats_full_precision_v3,0552c7f4701ada91e31e916f992171b9418cb47d283a56e61f311581d66266cb
2012-10-11,0.5720739784387523,3,isotropic_constructed_macro_nats_full_precision_v3,0552c7f4701ada91e31e916f992171b9418cb47d283a56e61f311581d66266cb
2012-10-15,0.5403186937815186,3,isotropic_constructed_macro_nats_full_precision_v3,0552c7f4701ada91e31e916f992171b9418cb47d283a56e61f311581d66266cb
2012-10-17,0.5692345242925541,2,isotropic_constructed_macro_nats_full_precision_v3,0552c7f4701ada91e31e916f992171b9418cb47d283a56e61f311581d66266cb
2012-10-19,0.5769763446921188,2,isotropic_constructed_macro_nats_full_precision_v3,0552c7f4701ada91e31e916f992171b9418cb47d283a56e61f311581d66266cb
2012-10-23,0.580257883397946,2,isotropic_constructed_macro_nats_full_precision_v3,0552c7f4701ada91e31e916f992171b9418cb47d283a56e61f311581d66266cb
2012-10-25,0.529688581783756,3,isotropic_constructed_macro_nats_full_precision_v3,0552c7f4701ada91e31e916f992171b9418cb47d283a56e61f311581d66266cb
2012-10-31,0.5531918111575695,2,isotropic_constructed_macro_nats_full_precision_v3,0552c7f4701ada91e31e916f992171b9418cb47d283a56e61f311581d66266cb
2012-11-02,0.5200115141735412,2,isotropic_constructed_macro_nats_full_precision_v3,0552c7f4701ada91e31e916f992171b9418cb47d283a56e61f311581d66266cb
2012-11-06,0.556889867630586,3,isotropic_constructed_macro_nats_full_precision_v3,0552c7f4701ada91e31e916f992171b9418cb47d283a56e61f311581d66266cb
2012-11-08,0.527863141571412,3,isotropic_constructed_macro_nats_full_precision_v3,0552c7f4701ada91e31e916f992171b9418cb47d283a56e61f311581d66266cb
2012-11-12,0.5095005777437678,1,isotropic_constructed_macro_nats_full_precision_v3,0552c7f4701ada91e31e916f992171b9418cb47d283a56e61f311581d66266cb
2012-11-14,0.5413846666136068,2,isotropic_constructed_macro_nats_full_precision_v3,0552c7f4701ada91e31e916f992171b9418cb47d283a56e61f311581d66266cb
2012-11-16,0.5348859142946767,3,isotropic_constructed_macro_nats_full_precision_v3,0552c7f4701ada91e31e916f992171b9418cb47d283a56e61f311581d66266cb
2012-11-20,0.5468486326531913,2,isotropic_constructed_macro_nats_full_precision_v3,0552c7f4701ada91e31e916f992171b9418cb47d283a56e61f311581d66266cb
2012-11-23,0.5338997183752282,3,isotropic_constructed_macro_nats_full_precision_v3,0552c7f4701ada91e31e916f992171b9418cb47d283a56e61f311581d66266cb
2012-11-27,0.5205135665727468,2,isotropic_constructed_macro_nats_full_precision_v3,0552c7f4701ada91e31e916f992171b9418cb47d283a56e61f311581d66266cb
2012-11-29,0.5289492200216434,3,isotropic_constructed_macro_nats_full_precision_v3,0552c7f4701ada91e31e916f992171b9418cb47d283a56e61f311581d66266cb
2012-12-03,0.5208657600016416,4,isotropic_constructed_macro_nats_full_precision_v3,0552c7f4701ada91e31e916f992171b9418cb47d283a56e61f311581d66266cb
2012-12-05,0.5290501423690803,1,isotropic_constructed_macro_nats_full_precision_v3,0552c7f4701ada91e31e916f992171b9418cb47d283a56e61f311581d66266cb
2012-12-07,0.542162928414282,3,isotropic_constructed_macro_nats_full_precision_v3,0552c7f4701ada91e31e916f992171b9418cb47d283a56e61f311581d66266cb
2012-12-11,0.5321631335612432,2,isotropic_constructed_macro_nats_full_precision_v3,0552c7f4701ada91e31e916f992171b9418cb47d283a56e61f311581d66266cb
2012-12-13,0.5472143565426607,1,isotropic_constructed_macro_nats_full_precision_v3,0552c7f4701ada91e31e916f992171b9418cb47d283a56e61f311581d66266cb
2012-12-17,0.5549877987069177,3,isotropic_constructed_macro_nats_full_precision_v3,0552c7f4701ada91e31e916f992171b9418cb47d283a56e61f311581d66266cb
2012-12-19,0.5197891425464487,2,isotropic_constructed_macro_nats_full_precision_v3,0552c7f4701ada91e31e916f992171b9418cb47d283a56e61f311581d66266cb
2012-12-21,0.5120359207233734,1,isotropic_constructed_macro_nats_full_precision_v3,0552c7f4701ada91e31e916f992171b9418cb47d283a56e61f311581d66266cb
2012-12-26,0.5230631529113628,4,isotropic_constructed_macro_nats_full_precision_v3,0552c7f4701ada91e31e916f992171b9418cb47d283a56e61f311581d66266cb
2012-12-28,0.5233227684679616,3,isotropic_constructed_macro_nats_full_precision_v3,0552c7f4701ada91e31e916f992171b9418cb47d283a56e61f311581d66266cb
2013-01-02,0.512418501252431,2,isotropic_constructed_macro_nats_full_precision_v3,0552c7f4701ada91e31e916f992171b9418cb47d283a56e61f311581d66266cb
2013-01-04,0.5352482209137008,2,isotropic_constructed_macro_nats_full_precision_v3,0552c7f4701ada91e31e916f992171b9418cb47d283a56e61f311581d66266cb
2013-01-08,0.4990289112871784,1,isotropic_constructed_macro_nats_full_precision_v3,0552c7f4701ada91e31e916f992171b9418cb47d283a56e61f311581d66266cb
2013-01-10,0.5061302478890621,3,isotropic_constructed_macro_nats_full_precision_v3,0552c7f4701ada91e31e916f992171b9418cb47d283a56e61f311581d66266cb
2013-01-14,0.536118024750912,2,isotropic_constructed_macro_nats_full_precision_v3,0552c7f4701ada91e31e916f992171b9418cb47d283a56e61f311581d66266cb
2013-01-16,0.5229885420977906,4,isotropic_constructed_macro_nats_full_precision_v3,0552c7f4701ada91e31e916f992171b9418cb47d283a56e61f311581d66266cb
2013-01-18,0.5430044375618415,3,isotropic_constructed_macro_nats_full_precision_v3,0552c7f4701ada91e31e916f992171b9418cb47d283a56e61f311581d66266cb
2013-01-23,0.5345033687882885,2,isotropic_constructed_macro_nats_full_precision_v3,0552c7f4701ada91e31e916f992171b9418cb47d283a56e61f311581d66266cb
2013-01-25,0.5304617140837447,2,isotropic_constructed_macro_nats_full_precision_v3,0552c7f4701ada91e31e916f992171b9418cb47d283a56e61f311581d66266cb
2013-01-29,0.5219311951676044,3,isotropic_constructed_macro_nats_full_precision_v3,0552c7f4701ada91e31e916f992171b9418cb47d283a56e61f311581d66266cb
2013-01-31,0.5068005393683122,2,isotropic_constructed_macro_nats_full_precision_v3,0552c7f4701ada91e31e916f992171b9418cb47d283a56e61f311581d66266cb
2013-02-04,0.529265268351774,2,isotropic_constructed_macro_nats_full_precision_v3,0552c7f4701ada91e31e916f992171b9418cb47d283a56e61f311581d66266cb
2013-02-06,0.5203726408390245,2,isotropic_constructed_macro_nats_full_precision_v3,0552c7f4701ada91e31e916f992171b9418cb47d283a56e61f311581d66266cb
2013-02-08,0.5143111102508422,2,isotropic_constructed_macro_nats_full_precision_v3,0552c7f4701ada91e31e916f992171b9418cb47d283a56e61f311581d66266cb
2013-02-12,0.5125455238665214,3,isotropic_constructed_macro_nats_full_precision_v3,0552c7f4701ada91e31e916f992171b9418cb47d283a56e61f311581d66266cb
2013-02-14,0.5200975667021456,2,isotropic_constructed_macro_nats_full_precision_v3,0552c7f4701ada91e31e916f992171b9418cb47d283a56e61f311581d66266cb
2013-02-19,0.5122879164537539,2,isotropic_constructed_macro_nats_full_precision_v3,0552c7f4701ada91e31e916f992171b9418cb47d283a56e61f311581d66266cb
2013-02-21,0.5155677318003216,2,isotropic_constructed_macro_nats_full_precision_v3,0552c7f4701ada91e31e916f992171b9418cb47d283a56e61f311581d66266cb
2013-02-25,0.5448982895018469,2,isotropic_constructed_macro_nats_full_precision_v3,0552c7f4701ada91e31e916f992171b9418cb47d283a56e61f311581d66266cb
2013-02-27,0.5334894898739526,3,isotropic_constructed_macro_nats_full_precision_v3,0552c7f4701ada91e31e916f992171b9418cb47d283a56e61f311581d66266cb
2013-03-01,0.5325397053108687,2,isotropic_constructed_macro_nats_full_precision_v3,0552c7f4701ada91e31e916f992171b9418cb47d283a56e61f311581d66266cb
2013-03-05,0.5632073516429953,2,isotropic_constructed_macro_nats_full_precision_v3,0552c7f4701ada91e31e916f992171b9418cb47d283a56e61f311581d66266cb
2013-03-07,0.4868233294193298,3,isotropic_constructed_macro_nats_full_precision_v3,0552c7f4701ada91e31e916f992171b9418cb47d283a56e61f311581d66266cb
2013-03-11,0.5645307698663643,2,isotropic_constructed_macro_nats_full_precision_v3,0552c7f4701ada91e31e916f992171b9418cb47d283a56e61f311581d66266cb
2013-03-13,0.5836552047243049,1,isotropic_constructed_macro_nats_full_precision_v3,0552c7f4701ada91e31e916f992171b9418cb47d283a56e61f311581d66266cb
2013-03-15,0.5529587339380976,2,isotropic_constructed_macro_nats_full_precision_v3,0552c7f4701ada91e31e916f992171b9418cb47d283a56e61f311581d66266cb
2013-03-19,0.5731521983566628,2,isotropic_constructed_macro_nats_full_precision_v3,0552c7f4701ada91e31e916f992171b9418cb47d283a56e61f311581d66266cb
2013-03-21,0.4904040195727106,1,isotropic_constructed_macro_nats_full_precision_v3,0552c7f4701ada91e31e916f992171b9418cb47d283a56e61f311581d66266cb
2013-03-25,0.5353149973851863,2,isotropic_constructed_macro_nats_full_precision_v3,0552c7f4701ada91e31e916f992171b9418cb47d283a56e61f311581d66266cb
2013-03-27,0.5296361952839858,3,isotropic_constructed_macro_nats_full_precision_v3,0552c7f4701ada91e31e916f992171b9418cb47d283a56e61f311581d66266cb
2013-04-01,0.5484084464758116,2,isotropic_constructed_macro_nats_full_precision_v3,0552c7f4701ada91e31e916f992171b9418cb47d283a56e61f311581d66266cb
2013-04-03,0.5758047680640872,2,isotropic_constructed_macro_nats_full_precision_v3,0552c7f4701ada91e31e916f992171b9418cb47d283a56e61f311581d66266cb
2013-04-05,0.5486506649364782,2,isotropic_constructed_macro_nats_full_precision_v3,0552c7f4701ada91e31e916f992171b9418cb47d283a56e61f311581d66266cb
2013-04-09,0.535599939247294,2,isotropic_constructed_macro_nats_full_precision_v3,0552c7f4701ada91e31e916f992171b9418cb47d283a56e61f311581d66266cb
2013-04-11,0.6123553947732948,2,isotropic_constructed_macro_nats_full_precision_v3,0552c7f4701ada91e31e916f992171b9418cb47d283a56e61f311581d66266cb
2013-04-15,0.5929190309602563,3,isotropic_constructed_macro_nats_full_precision_v3,0552c7f4701ada91e31e916f992171b9418cb47d283a56e61f311581d66266cb
2013-04-17,0.5263680026347682,4,isotropic_constructed_macro_nats_full_precision_v3,0552c7f4701ada91e31e916f992171b9418cb47d283a56e61f311581d66266cb
2013-04-19,0.61210644810947,2,isotropic_constructed_macro_nats_full_precision_v3,0552c7f4701ada91e31e916f992171b9418cb47d283a56e61f311581d66266cb
2013-04-23,0.5316470943932007,3,isotropic_constructed_macro_nats_full_precision_v3,0552c7f4701ada91e31e916f992171b9418cb47d283a56e61f311581d66266cb
2013-04-25,0.5246497548990423,4,isotropic_constructed_macro_nats_full_precision_v3,0552c7f4701ada91e31e916f992171b9418cb47d283a56e61f311581d66266cb
2013-04-29,0.541303979372611,1,isotropic_constructed_macro_nats_full_precision_v3,0552c7f4701ada91e31e916f992171b9418cb47d283a56e61f311581d66266cb
2013-05-01,0.5600479948037146,2,isotropic_constructed_macro_nats_full_precision_v3,0552c7f4701ada91e31e916f992171b9418cb47d283a56e61f311581d66266cb
2013-05-03,0.5630461202793401,2,isotropic_constructed_macro_nats_full_precision_v3,0552c7f4701ada91e31e916f992171b9418cb47d283a56e61f311581d66266cb
2013-05-07,0.5403997833341602,1,isotropic_constructed_macro_nats_full_precision_v3,0552c7f4701ada91e31e916f992171b9418cb47d283a56e61f311581d66266cb
2013-05-09,0.566764337667244,2,isotropic_constructed_macro_nats_full_precision_v3,0552c7f4701ada91e31e916f992171b9418cb47d283a56e61f311581d66266cb
2013-05-13,0.5073684022522978,5,isotropic_constructed_macro_nats_full_precision_v3,0552c7f4701ada91e31e916f992171b9418cb47d283a56e61f311581d66266cb
2013-05-15,0.5630636189058407,2,isotropic_constructed_macro_nats_full_precision_v3,0552c7f4701ada91e31e916f992171b9418cb47d283a56e61f311581d66266cb
2013-05-17,0.5471881531522818,1,isotropic_constructed_macro_nats_full_precision_v3,0552c7f4701ada91e31e916f992171b9418cb47d283a56e61f311581d66266cb
2013-05-21,0.5301276631685155,3,isotropic_constructed_macro_nats_full_precision_v3,0552c7f4701ada91e31e916f992171b9418cb47d283a56e61f311581d66266cb
2013-05-23,0.5740670803173624,2,isotropic_constructed_macro_nats_full_precision_v3,0552c7f4701ada91e31e916f992171b9418cb47d283a56e61f311581d66266cb
2013-05-28,0.5365582058994136,2,isotropic_constructed_macro_nats_full_precision_v3,0552c7f4701ada91e31e916f992171b9418cb47d283a56e61f311581d66266cb
2013-05-30,0.5399097322019077,1,isotropic_constructed_macro_nats_full_precision_v3,0552c7f4701ada91e31e916f992171b9418cb47d283a56e61f311581d66266cb
2013-06-03,0.5816163011447342,3,isotropic_constructed_macro_nats_full_precision_v3,0552c7f4701ada91e31e916f992171b9418cb47d283a56e61f311581d66266cb
2013-06-05,0.5653496060891122,1,isotropic_constructed_macro_nats_full_precision_v3,0552c7f4701ada91e31e916f992171b9418cb47d283a56e61f311581d66266cb
2013-06-07,0.5566476791834584,3,isotropic_constructed_macro_nats_full_precision_v3,0552c7f4701ada91e31e916f992171b9418cb47d283a56e61f311581d66266cb
2013-06-11,0.5560605332094608,2,isotropic_constructed_macro_nats_full_precision_v3,0552c7f4701ada91e31e916f992171b9418cb47d283a56e61f311581d66266cb
2013-06-13,0.5335409421108125,2,isotropic_constructed_macro_nats_full_precision_v3,0552c7f4701ada91e31e916f992171b9418cb47d283a56e61f311581d66266cb
2013-06-17,0.5551000406441617,2,isotropic_constructed_macro_nats_full_precision_v3,0552c7f4701ada91e31e916f992171b9418cb47d283a56e61f311581d66266cb
2013-06-19,0.534365816960056,3,isotropic_constructed_macro_nats_full_precision_v3,0552c7f4701ada91e31e916f992171b9418cb47d283a56e61f311581d66266cb
2013-06-21,0.5533431294358577,3,isotropic_constructed_macro_nats_full_precision_v3,0552c7f4701ada91e31e916f992171b9418cb47d283a56e61f311581d66266cb
2013-06-25,0.5398468878720617,2,isotropic_constructed_macro_nats_full_precision_v3,0552c7f4701ada91e31e916f992171b9418cb47d283a56e61f311581d66266cb
2013-06-27,0.5215493711488539,3,isotropic_constructed_macro_nats_full_precision_v3,0552c7f4701ada91e31e916f992171b9418cb47d283a56e61f311581d66266cb
2013-07-01,0.5242158481699337,1,isotropic_constructed_macro_nats_full_precision_v3,0552c7f4701ada91e31e916f992171b9418cb47d283a56e61f311581d66266cb
2013-07-03,0.5470028012653442,3,isotropic_constructed_macro_nats_full_precision_v3,0552c7f4701ada91e31e916f992171b9418cb47d283a56e61f311581d66266cb
2013-07-08,0.5339178626968006,2,isotropic_constructed_macro_nats_full_precision_v3,0552c7f4701ada91e31e916f992171b9418cb47d283a56e61f311581d66266cb
2013-07-10,0.5333899895959762,3,isotropic_constructed_macro_nats_full_precision_v3,0552c7f4701ada91e31e916f992171b9418cb47d283a56e61f311581d66266cb
2013-07-12,0.5499368579394109,3,isotropic_constructed_macro_nats_full_precision_v3,0552c7f4701ada91e31e916f992171b9418cb47d283a56e61f311581d66266cb
2013-07-16,0.5219389150091481,3,isotropic_constructed_macro_nats_full_precision_v3,0552c7f4701ada91e31e916f992171b9418cb47d283a56e61f311581d66266cb
2013-07-18,0.5577946423132475,1,isotropic_constructed_macro_nats_full_precision_v3,0552c7f4701ada91e31e916f992171b9418cb47d283a56e61f311581d66266cb
2013-07-22,0.5265463752408934,3,isotropic_constructed_macro_nats_full_precision_v3,0552c7f4701ada91e31e916f992171b9418cb47d283a56e61f311581d66266cb
2013-07-24,0.5721374655962254,1,isotropic_constructed_macro_nats_full_precision_v3,0552c7f4701ada91e31e916f992171b9418cb47d283a56e61f311581d66266cb
2013-07-26,0.5543002703464008,3,isotropic_constructed_macro_nats_full_precision_v3,0552c7f4701ada91e31e916f992171b9418cb47d283a56e61f311581d66266cb
2013-07-30,0.5133977567377108,3,isotropic_constructed_macro_nats_full_precision_v3,0552c7f4701ada91e31e916f992171b9418cb47d283a56e61f311581d66266cb
2013-08-01,0.5472887958036685,2,isotropic_constructed_macro_nats_full_precision_v3,0552c7f4701ada91e31e916f992171b9418cb47d283a56e61f311581d66266cb
2013-08-05,0.5560625758547675,2,isotropic_constructed_macro_nats_full_precision_v3,0552c7f4701ada91e31e916f992171b9418cb47d283a56e61f311581d66266cb
2013-08-07,0.541701245490042,2,isotropic_constructed_macro_nats_full_precision_v3,0552c7f4701ada91e31e916f992171b9418cb47d283a56e61f311581d66266cb
2013-08-09,0.48008634930885535,2,isotropic_constructed_macro_nats_full_precision_v3,0552c7f4701ada91e31e916f992171b9418cb47d283a56e61f311581d66266cb
2013-08-13,0.5100117790655615,2,isotropic_constructed_macro_nats_full_precision_v3,0552c7f4701ada91e31e916f992171b9418cb47d283a56e61f311581d66266cb
2013-08-15,0.4829831640957946,4,isotropic_constructed_macro_nats_full_precision_v3,0552c7f4701ada91e31e916f992171b9418cb47d283a56e61f311581d66266cb
2013-08-19,0.5133436832321605,2,isotropic_constructed_macro_nats_full_precision_v3,0552c7f4701ada91e31e916f992171b9418cb47d283a56e61f311581d66266cb
2013-08-21,0.5301059435466169,2,isotropic_constructed_macro_nats_full_precision_v3,0552c7f4701ada91e31e916f992171b9418cb47d283a56e61f311581d66266cb
2013-08-23,0.4691980009111509,4,isotropic_constructed_macro_nats_full_precision_v3,0552c7f4701ada91e31e916f992171b9418cb47d283a56e61f311581d66266cb
2013-08-27,0.5023979705382489,2,isotropic_constructed_macro_nats_full_precision_v3,0552c7f4701ada91e31e916f992171b9418cb47d283a56e61f311581d66266cb
2013-08-29,0.5285177196649461,2,isotropic_constructed_macro_nats_full_precision_v3,0552c7f4701ada91e31e916f992171b9418cb47d283a56e61f311581d66266cb
2013-09-03,0.5300842713632955,3,isotropic_constructed_macro_nats_full_precision_v3,0552c7f4701ada91e31e916f992171b9418cb47d283a56e61f311581d66266cb
2013-09-05,0.5076198378156311,2,isotropic_constructed_macro_nats_full_precision_v3,0552c7f4701ada91e31e916f992171b9418cb47d283a56e61f311581d66266cb
2013-09-09,0.5255435867415543,2,isotropic_constructed_macro_nats_full_precision_v3,0552c7f4701ada91e31e916f992171b9418cb47d283a56e61f311581d66266cb
2013-09-11,0.5065737615537325,2,isotropic_constructed_macro_nats_full_precision_v3,0552c7f4701ada91e31e916f992171b9418cb47d283a56e61f311581d66266cb
2013-09-13,0.5152913647045935,3,isotropic_constructed_macro_nats_full_precision_v3,0552c7f4701ada91e31e916f992171b9418cb47d283a56e61f311581d66266cb
2013-09-17,0.5305092761335323,2,isotropic_constructed_macro_nats_full_precision_v3,0552c7f4701ada91e31e916f992171b9418cb47d283a56e61f311581d66266cb
2013-09-19,0.5039214817485493,2,isotropic_constructed_macro_nats_full_precision_v3,0552c7f4701ada91e31e916f992171b9418cb47d283a56e61f311581d66266cb
2013-09-23,0.4721992479473754,2,isotropic_constructed_macro_nats_full_precision_v3,0552c7f4701ada91e31e916f992171b9418cb47d283a56e61f311581d66266cb
2013-09-25,0.5153178746794344,1,isotropic_constructed_macro_nats_full_precision_v3,0552c7f4701ada91e31e916f992171b9418cb47d283a56e61f311581d66266cb
2013-09-27,0.49788358976627184,1,isotropic_constructed_macro_nats_full_precision_v3,0552c7f4701ada91e31e916f992171b9418cb47d283a56e61f311581d66266cb
2013-10-01,0.5032816304401592,1,isotropic_constructed_macro_nats_full_precision_v3,0552c7f4701ada91e31e916f992171b9418cb47d283a56e61f311581d66266cb
2013-10-03,0.5464484997821076,1,isotropic_constructed_macro_nats_full_precision_v3,0552c7f4701ada91e31e916f992171b9418cb47d283a56e61f311581d66266cb
2013-10-07,0.4625783954893984,2,isotropic_constructed_macro_nats_full_precision_v3,0552c7f4701ada91e31e916f992171b9418cb47d283a56e61f311581d66266cb
2013-10-09,0.4574827984544713,1,isotropic_constructed_macro_nats_full_precision_v3,0552c7f4701ada91e31e916f992171b9418cb47d283a56e61f311581d66266cb
2013-10-11,0.47217896294775774,1,isotropic_constructed_macro_nats_full_precision_v3,0552c7f4701ada91e31e916f992171b9418cb47d283a56e61f311581d66266cb
2013-10-15,0.46555138515551114,1,isotropic_constructed_macro_nats_full_precision_v3,0552c7f4701ada91e31e916f992171b9418cb47d283a56e61f311581d66266cb
2013-10-17,0.4704016853056336,1,isotropic_constructed_macro_nats_full_precision_v3,0552c7f4701ada91e31e916f992171b9418cb47d283a56e61f311581d66266cb
2013-10-21,0.4699249064542999,1,isotropic_constructed_macro_nats_full_precision_v3,0552c7f4701ada91e31e916f992171b9418cb47d283a56e61f311581d66266cb
2013-10-23,0.4531723842251797,2,isotropic_constructed_macro_nats_full_precision_v3,0552c7f4701ada91e31e916f992171b9418cb47d283a56e61f311581d66266cb
2013-10-25,0.42793484789632036,1,isotropic_constructed_macro_nats_full_precision_v3,0552c7f4701ada91e31e916f992171b9418cb47d283a56e61f311581d66266cb
2013-10-29,0.4435569619437105,1,isotropic_constructed_macro_nats_full_precision_v3,0552c7f4701ada91e31e916f992171b9418cb47d283a56e61f311581d66266cb
2013-10-31,0.417725524132396,3,isotropic_constructed_macro_nats_full_precision_v3,0552c7f4701ada91e31e916f992171b9418cb47d283a56e61f311581d66266cb
2013-11-04,0.451189019930867,2,isotropic_constructed_macro_nats_full_precision_v3,0552c7f4701ada91e31e916f992171b9418cb47d283a56e61f311581d66266cb
2013-11-06,0.4384827952119588,2,isotropic_constructed_macro_nats_full_precision_v3,0552c7f4701ada91e31e916f992171b9418cb47d283a56e61f311581d66266cb
2013-11-08,0.4424864783062254,2,isotropic_constructed_macro_nats_full_precision_v3,0552c7f4701ada91e31e916f992171b9418cb47d283a56e61f311581d66266cb
2013-11-12,0.4450397590018912,2,isotropic_constructed_macro_nats_full_precision_v3,0552c7f4701ada91e31e916f992171b9418cb47d283a56e61f311581d66266cb
2013-11-14,0.4305338458233711,2,isotropic_constructed_macro_nats_full_precision_v3,0552c7f4701ada91e31e916f992171b9418cb47d283a56e61f311581d66266cb
2013-11-18,0.4439740653535284,2,isotropic_constructed_macro_nats_full_precision_v3,0552c7f4701ada91e31e916f992171b9418cb47d283a56e61f311581d66266cb
2013-11-20,0.4554743129552272,1,isotropic_constructed_macro_nats_full_precision_v3,0552c7f4701ada91e31e916f992171b9418cb47d283a56e61f311581d66266cb
2013-11-22,0.47021013875908035,1,isotropic_constructed_macro_nats_full_precision_v3,0552c7f4701ada91e31e916f992171b9418cb47d283a56e61f311581d66266cb
2013-11-26,0.4590480716261892,1,isotropic_constructed_macro_nats_full_precision_v3,0552c7f4701ada91e31e916f992171b9418cb47d283a56e61f311581d66266cb
2013-11-29,0.41132362149160745,1,isotropic_constructed_macro_nats_full_precision_v3,0552c7f4701ada91e31e916f992171b9418cb47d283a56e61f311581d66266cb
2013-12-03,0.4314618212966866,1,isotropic_constructed_macro_nats_full_precision_v3,0552c7f4701ada91e31e916f992171b9418cb47d283a56e61f311581d66266cb
2013-12-05,0.4305910862200575,3,isotropic_constructed_macro_nats_full_precision_v3,0552c7f4701ada91e31e916f992171b9418cb47d283a56e61f311581d66266cb
2013-12-09,0.4217628685789579,2,isotropic_constructed_macro_nats_full_precision_v3,0552c7f4701ada91e31e916f992171b9418cb47d283a56e61f311581d66266cb
2013-12-11,0.4467816133235254,1,isotropic_constructed_macro_nats_full_precision_v3,0552c7f4701ada91e31e916f992171b9418cb47d283a56e61f311581d66266cb
2013-12-13,0.4393332397892934,1,isotropic_constructed_macro_nats_full_precision_v3,0552c7f4701ada91e31e916f992171b9418cb47d283a56e61f311581d66266cb
2013-12-17,0.43279206969573825,3,isotropic_constructed_macro_nats_full_precision_v3,0552c7f4701ada91e31e916f992171b9418cb47d283a56e61f311581d66266cb
2013-12-19,0.4509848470417313,2,isotropic_constructed_macro_nats_full_precision_v3,0552c7f4701ada91e31e916f992171b9418cb47d283a56e61f311581d66266cb
2013-12-23,0.4468072564507278,2,isotropic_constructed_macro_nats_full_precision_v3,0552c7f4701ada91e31e916f992171b9418cb47d283a56e61f311581d66266cb
2013-12-26,0.43513933574443486,3,isotropic_constructed_macro_nats_full_precision_v3,0552c7f4701ada91e31e916f992171b9418cb47d283a56e61f311581d66266cb
2013-12-30,0.4563715984108455,1,isotropic_constructed_macro_nats_full_precision_v3,0552c7f4701ada91e31e916f992171b9418cb47d283a56e61f311581d66266cb
2014-01-02,0.45880232673844557,2,isotropic_constructed_macro_nats_full_precision_v3,0552c7f4701ada91e31e916f992171b9418cb47d283a56e61f311581d66266cb
2014-01-06,0.45916050231392164,2,isotropic_constructed_macro_nats_full_precision_v3,0552c7f4701ada91e31e916f992171b9418cb47d283a56e61f311581d66266cb
2014-01-08,0.4815705484105314,1,isotropic_constructed_macro_nats_full_precision_v3,0552c7f4701ada91e31e916f992171b9418cb47d283a56e61f311581d66266cb
2014-01-10,0.47671613113437067,1,isotropic_constructed_macro_nats_full_precision_v3,0552c7f4701ada91e31e916f992171b9418cb47d283a56e61f311581d66266cb
2014-01-14,0.45882170833361774,1,isotropic_constructed_macro_nats_full_precision_v3,0552c7f4701ada91e31e916f992171b9418cb47d283a56e61f311581d66266cb
2014-01-16,0.4089905756223913,1,isotropic_constructed_macro_nats_full_precision_v3,0552c7f4701ada91e31e916f992171b9418cb47d283a56e61f311581d66266cb
2014-01-21,0.4521214680178182,1,isotropic_constructed_macro_nats_full_precision_v3,0552c7f4701ada91e31e916f992171b9418cb47d283a56e61f311581d66266cb
2014-01-23,0.45302903902061736,1,isotropic_constructed_macro_nats_full_precision_v3,0552c7f4701ada91e31e916f992171b9418cb47d283a56e61f311581d66266cb
2014-01-27,0.43892231493195105,2,isotropic_constructed_macro_nats_full_precision_v3,0552c7f4701ada91e31e916f992171b9418cb47d283a56e61f311581d66266cb
2014-01-29,0.4539281273022188,1,isotropic_constructed_macro_nats_full_precision_v3,0552c7f4701ada91e31e916f992171b9418cb47d283a56e61f311581d66266cb
2014-01-31,0.4723055203683807,1,isotropic_constructed_macro_nats_full_precision_v3,0552c7f4701ada91e31e916f992171b9418cb47d283a56e61f311581d66266cb
2014-02-04,0.42688945733361083,1,isotropic_constructed_macro_nats_full_precision_v3,0552c7f4701ada91e31e916f992171b9418cb47d283a56e61f311581d66266cb
2014-02-06,0.4212533225550739,2,isotropic_constructed_macro_nats_full_precision_v3,0552c7f4701ada91e31e916f992171b9418cb47d283a56e61f311581d66266cb
2014-02-10,0.4157689646202895,5,isotropic_constructed_macro_nats_full_precision_v3,0552c7f4701ada91e31e916f992171b9418cb47d283a56e61f311581d66266cb
2014-02-12,0.4901636716529114,1,isotropic_constructed_macro_nats_full_precision_v3,0552c7f4701ada91e31e916f992171b9418cb47d283a56e61f311581d66266cb
2014-02-14,0.47576371943893864,1,isotropic_constructed_macro_nats_full_precision_v3,0552c7f4701ada91e31e916f992171b9418cb47d283a56e61f311581d66266cb
2014-02-19,0.4277050822155944,2,isotropic_constructed_macro_nats_full_precision_v3,0552c7f4701ada91e31e916f992171b9418cb47d283a56e61f311581d66266cb
2014-02-21,0.4519139788905367,1,isotropic_constructed_macro_nats_full_precision_v3,0552c7f4701ada91e31e916f992171b9418cb47d283a56e61f311581d66266cb
2014-02-25,0.49248797746199713,1,isotropic_constructed_macro_nats_full_precision_v3,0552c7f4701ada91e31e916f992171b9418cb47d283a56e61f311581d66266cb
2014-02-27,0.38816894748623243,3,isotropic_constructed_macro_nats_full_precision_v3,0552c7f4701ada91e31e916f992171b9418cb47d283a56e61f311581d66266cb
2014-03-03,0.4656326684636959,1,isotropic_constructed_macro_nats_full_precision_v3,0552c7f4701ada91e31e916f992171b9418cb47d283a56e61f311581d66266cb
2014-03-05,0.4830466159165366,1,isotropic_constructed_macro_nats_full_precision_v3,0552c7f4701ada91e31e916f992171b9418cb47d283a56e61f311581d66266cb
2014-03-07,0.38833247289071854,3,isotropic_constructed_macro_nats_full_precision_v3,0552c7f4701ada91e31e916f992171b9418cb47d283a56e61f311581d66266cb
2014-03-11,0.44253471169798947,1,isotropic_constructed_macro_nats_full_precision_v3,0552c7f4701ada91e31e916f992171b9418cb47d283a56e61f311581d66266cb
2014-03-13,0.47507876432521035,1,isotropic_constructed_macro_nats_full_precision_v3,0552c7f4701ada91e31e916f992171b9418cb47d283a56e61f311581d66266cb
2014-03-17,0.4969830882223116,1,isotropic_constructed_macro_nats_full_precision_v3,0552c7f4701ada91e31e916f992171b9418cb47d283a56e61f311581d66266cb
2014-03-19,0.4825376796435287,1,isotropic_constructed_macro_nats_full_precision_v3,0552c7f4701ada91e31e916f992171b9418cb47d283a56e61f311581d66266cb
2014-03-21,0.4894687233387441,1,isotropic_constructed_macro_nats_full_precision_v3,0552c7f4701ada91e31e916f992171b9418cb47d283a56e61f311581d66266cb
2014-03-25,0.48328662548506046,1,isotropic_constructed_macro_nats_full_precision_v3,0552c7f4701ada91e31e916f992171b9418cb47d283a56e61f311581d66266cb
2014-03-27,0.43204006954215596,1,isotropic_constructed_macro_nats_full_precision_v3,0552c7f4701ada91e31e916f992171b9418cb47d283a56e61f311581d66266cb
2014-03-31,0.4726588061851171,1,isotropic_constructed_macro_nats_full_precision_v3,0552c7f4701ada91e31e916f992171b9418cb47d283a56e61f311581d66266cb
2014-04-02,0.4832562677125962,1,isotropic_constructed_macro_nats_full_precision_v3,0552c7f4701ada91e31e916f992171b9418cb47d283a56e61f311581d66266cb
2014-04-04,0.4262746927830961,1,isotropic_constructed_macro_nats_full_precision_v3,0552c7f4701ada91e31e916f992171b9418cb47d283a56e61f311581d66266cb
2014-04-08,0.45060530430976653,2,isotropic_constructed_macro_nats_full_precision_v3,0552c7f4701ada91e31e916f992171b9418cb47d283a56e61f311581d66266cb
2014-04-10,0.4210402757426971,2,isotropic_constructed_macro_nats_full_precision_v3,0552c7f4701ada91e31e916f992171b9418cb47d283a56e61f311581d66266cb
2014-04-14,0.44735938894313754,2,isotropic_constructed_macro_nats_full_precision_v3,0552c7f4701ada91e31e916f992171b9418cb47d283a56e61f311581d66266cb
2014-04-16,0.46689505459352443,2,isotropic_constructed_macro_nats_full_precision_v3,0552c7f4701ada91e31e916f992171b9418cb47d283a56e61f311581d66266cb
2014-04-21,0.4096600898697216,3,isotropic_constructed_macro_nats_full_precision_v3,0552c7f4701ada91e31e916f992171b9418cb47d283a56e61f311581d66266cb
2014-04-23,0.4335767368293404,2,isotropic_constructed_macro_nats_full_precision_v3,0552c7f4701ada91e31e916f992171b9418cb47d283a56e61f311581d66266cb
2014-04-25,0.4628760137491212,1,isotropic_constructed_macro_nats_full_precision_v3,0552c7f4701ada91e31e916f992171b9418cb47d283a56e61f311581d66266cb
2014-04-29,0.4288939558895429,1,isotropic_constructed_macro_nats_full_precision_v3,0552c7f4701ada91e31e916f992171b9418cb47d283a56e61f311581d66266cb
2014-05-01,0.45744887511772303,1,isotropic_constructed_macro_nats_full_precision_v3,0552c7f4701ada91e31e916f992171b9418cb47d283a56e61f311581d66266cb
2014-05-05,0.43405148807447824,2,isotropic_constructed_macro_nats_full_precision_v3,0552c7f4701ada91e31e916f992171b9418cb47d283a56e61f311581d66266cb
2014-05-07,0.41217791141154164,2,isotropic_constructed_macro_nats_full_precision_v3,0552c7f4701ada91e31e916f992171b9418cb47d283a56e61f311581d66266cb
2014-05-09,0.420030564600716,1,isotropic_constructed_macro_nats_full_precision_v3,0552c7f4701ada91e31e916f992171b9418cb47d283a56e61f311581d66266cb
2014-05-13,0.4394020934537233,2,isotropic_constructed_macro_nats_full_precision_v3,0552c7f4701ada91e31e916f992171b9418cb47d283a56e61f311581d66266cb
2014-05-15,0.42947053589070494,2,isotropic_constructed_macro_nats_full_precision_v3,0552c7f4701ada91e31e916f992171b9418cb47d283a56e61f311581d66266cb
2014-05-19,0.44972290386145,1,isotropic_constructed_macro_nats_full_precision_v3,0552c7f4701ada91e31e916f992171b9418cb47d283a56e61f311581d66266cb
2014-05-21,0.46258924418507014,1,isotropic_constructed_macro_nats_full_precision_v3,0552c7f4701ada91e31e916f992171b9418cb47d283a56e61f311581d66266cb
2014-05-23,0.4162447894569991,2,isotropic_constructed_macro_nats_full_precision_v3,0552c7f4701ada91e31e916f992171b9418cb47d283a56e61f311581d66266cb
2014-05-28,0.3947129871666972,1,isotropic_constructed_macro_nats_full_precision_v3,0552c7f4701ada91e31e916f992171b9418cb47d283a56e61f311581d66266cb
2014-05-30,0.3978839469982432,1,isotropic_constructed_macro_nats_full_precision_v3,0552c7f4701ada91e31e916f992171b9418cb47d283a56e61f311581d66266cb
2014-06-03,0.43111533243247263,1,isotropic_constructed_macro_nats_full_precision_v3,0552c7f4701ada91e31e916f992171b9418cb47d283a56e61f311581d66266cb
2014-06-05,0.4005144521198026,1,isotropic_constructed_macro_nats_full_precision_v3,0552c7f4701ada91e31e916f992171b9418cb47d283a56e61f311581d66266cb
2014-06-09,0.4625537199868928,1,isotropic_constructed_macro_nats_full_precision_v3,0552c7f4701ada91e31e916f992171b9418cb47d283a56e61f311581d66266cb
2014-06-11,0.4140703405856083,2,isotropic_constructed_macro_nats_full_precision_v3,0552c7f4701ada91e31e916f992171b9418cb47d283a56e61f311581d66266cb
2014-06-13,0.4727443129421132,1,isotropic_constructed_macro_nats_full_precision_v3,0552c7f4701ada91e31e916f992171b9418cb47d283a56e61f311581d66266cb
2014-06-17,0.36871667802280067,4,isotropic_constructed_macro_nats_full_precision_v3,0552c7f4701ada91e31e916f992171b9418cb47d283a56e61f311581d66266cb
2014-06-19,0.43695357771072985,1,isotropic_constructed_macro_nats_full_precision_v3,0552c7f4701ada91e31e916f992171b9418cb47d283a56e61f311581d66266cb
2014-06-23,0.4570763225751879,1,isotropic_constructed_macro_nats_full_precision_v3,0552c7f4701ada91e31e916f992171b9418cb47d283a56e61f311581d66266cb
2014-06-25,0.3888813032090708,2,isotropic_constructed_macro_nats_full_precision_v3,0552c7f4701ada91e31e916f992171b9418cb47d283a56e61f311581d66266cb
2014-06-27,0.4936559422534512,1,isotropic_constructed_macro_nats_full_precision_v3,0552c7f4701ada91e31e916f992171b9418cb47d283a56e61f311581d66266cb
2014-07-01,0.4696749650861209,1,isotropic_constructed_macro_nats_full_precision_v3,0552c7f4701ada91e31e916f992171b9418cb47d283a56e61f311581d66266cb
2014-07-03,0.417417095035322,2,isotropic_constructed_macro_nats_full_precision_v3,0552c7f4701ada91e31e916f992171b9418cb47d283a56e61f311581d66266cb
2014-07-08,0.5078442458402057,1,isotropic_constructed_macro_nats_full_precision_v3,0552c7f4701ada91e31e916f992171b9418cb47d283a56e61f311581d66266cb
2014-07-10,0.4078182493653209,1,isotropic_constructed_macro_nats_full_precision_v3,0552c7f4701ada91e31e916f992171b9418cb47d283a56e61f311581d66266cb
2014-07-14,0.441503786113394,2,isotropic_constructed_macro_nats_full_precision_v3,0552c7f4701ada91e31e916f992171b9418cb47d283a56e61f311581d66266cb
2014-07-16,0.42964389771228245,2,isotropic_constructed_macro_nats_full_precision_v3,0552c7f4701ada91e31e916f992171b9418cb47d283a56e61f311581d66266cb
2014-07-18,0.4329793567618536,2,isotropic_constructed_macro_nats_full_precision_v3,0552c7f4701ada91e31e916f992171b9418cb47d283a56e61f311581d66266cb
2014-07-22,0.5008856313588246,1,isotropic_constructed_macro_nats_full_precision_v3,0552c7f4701ada91e31e916f992171b9418cb47d283a56e61f311581d66266cb
2014-07-24,0.41377826424226405,2,isotropic_constructed_macro_nats_full_precision_v3,0552c7f4701ada91e31e916f992171b9418cb47d283a56e61f311581d66266cb
2014-07-28,0.47930228679066944,1,isotropic_constructed_macro_nats_full_precision_v3,0552c7f4701ada91e31e916f992171b9418cb47d283a56e61f311581d66266cb
2014-07-30,0.4859563309703576,1,isotropic_constructed_macro_nats_full_precision_v3,0552c7f4701ada91e31e916f992171b9418cb47d283a56e61f311581d66266cb
2014-08-01,0.4704049143955394,1,isotropic_constructed_macro_nats_full_precision_v3,0552c7f4701ada91e31e916f992171b9418cb47d283a56e61f311581d66266cb
2014-08-05,0.398461786267012,2,isotropic_constructed_macro_nats_full_precision_v3,0552c7f4701ada91e31e916f992171b9418cb47d283a56e61f311581d66266cb
2014-08-07,0.3701343933902466,3,isotropic_constructed_macro_nats_full_precision_v3,0552c7f4701ada91e31e916f992171b9418cb47d283a56e61f311581d66266cb
2014-08-11,0.4638658136104851,1,isotropic_constructed_macro_nats_full_precision_v3,0552c7f4701ada91e31e916f992171b9418cb47d283a56e61f311581d66266cb
2014-08-13,0.4864978989435249,1,isotropic_constructed_macro_nats_full_precision_v3,0552c7f4701ada91e31e916f992171b9418cb47d283a56e61f311581d66266cb
2014-08-15,0.48777540820736837,1,isotropic_constructed_macro_nats_full_precision_v3,0552c7f4701ada91e31e916f992171b9418cb47d283a56e61f311581d66266cb
2014-08-19,0.4767356434586416,1,isotropic_constructed_macro_nats_full_precision_v3,0552c7f4701ada91e31e916f992171b9418cb47d283a56e61f311581d66266cb
2014-08-21,0.3675137413396817,3,isotropic_constructed_macro_nats_full_precision_v3,0552c7f4701ada91e31e916f992171b9418cb47d283a56e61f311581d66266cb
2014-08-25,0.4140823764891895,1,isotropic_constructed_macro_nats_full_precision_v3,0552c7f4701ada91e31e916f992171b9418cb47d283a56e61f311581d66266cb
2014-08-27,0.4133605904245394,2,isotropic_constructed_macro_nats_full_precision_v3,0552c7f4701ada91e31e916f992171b9418cb47d283a56e61f311581d66266cb
2014-08-29,0.4546359638804336,1,isotropic_constructed_macro_nats_full_precision_v3,0552c7f4701ada91e31e916f992171b9418cb47d283a56e61f311581d66266cb
2014-09-03,0.4305443744027657,2,isotropic_constructed_macro_nats_full_precision_v3,0552c7f4701ada91e31e916f992171b9418cb47d283a56e61f311581d66266cb
2014-09-05,0.4854592648761871,1,isotropic_constructed_macro_nats_full_precision_v3,0552c7f4701ada91e31e916f992171b9418cb47d283a56e61f311581d66266cb
2014-09-09,0.40775835172493474,2,isotropic_constructed_macro_nats_full_precision_v3,0552c7f4701ada91e31e916f992171b9418cb47d283a56e61f311581d66266cb
2014-09-11,0.46047979652689086,1,isotropic_constructed_macro_nats_full_precision_v3,0552c7f4701ada91e31e916f992171b9418cb47d283a56e61f311581d66266cb
2014-09-15,0.41376580212367264,1,isotropic_constructed_macro_nats_full_precision_v3,0552c7f4701ada91e31e916f992171b9418cb47d283a56e61f311581d66266cb
2014-09-17,0.46212948483578326,1,isotropic_constructed_macro_nats_full_precision_v3,0552c7f4701ada91e31e916f992171b9418cb47d283a56e61f311581d66266cb
2014-09-19,0.37474322330805104,2,isotropic_constructed_macro_nats_full_precision_v3,0552c7f4701ada91e31e916f992171b9418cb47d283a56e61f311581d66266cb
2014-09-23,0.47093680898748924,1,isotropic_constructed_macro_nats_full_precision_v3,0552c7f4701ada91e31e916f992171b9418cb47d283a56e61f311581d66266cb
2014-09-25,0.4045948468757158,1,isotropic_constructed_macro_nats_full_precision_v3,0552c7f4701ada91e31e916f992171b9418cb47d283a56e61f311581d66266cb
2014-09-29,0.47242552426343487,1,isotropic_constructed_macro_nats_full_precision_v3,0552c7f4701ada91e31e916f992171b9418cb47d283a56e61f311581d66266cb
2014-10-01,0.462368474307044,1,isotropic_constructed_macro_nats_full_precision_v3,0552c7f4701ada91e31e916f992171b9418cb47d283a56e61f311581d66266cb
2014-10-03,0.488760367005114,1,isotropic_constructed_macro_nats_full_precision_v3,0552c7f4701ada91e31e916f992171b9418cb47d283a56e61f311581d66266cb
2014-10-07,0.4817416949271278,1,isotropic_constructed_macro_nats_full_precision_v3,0552c7f4701ada91e31e916f992171b9418cb47d283a56e61f311581d66266cb
2014-10-09,0.5007521797849452,1,isotropic_constructed_macro_nats_full_precision_v3,0552c7f4701ada91e31e916f992171b9418cb47d283a56e61f311581d66266cb
2014-10-13,0.4493072115085332,1,isotropic_constructed_macro_nats_full_precision_v3,0552c7f4701ada91e31e916f992171b9418cb47d283a56e61f311581d66266cb
2014-10-15,0.39639324245804386,3,isotropic_constructed_macro_nats_full_precision_v3,0552c7f4701ada91e31e916f992171b9418cb47d283a56e61f311581d66266cb
2014-10-17,0.47653796647167973,1,isotropic_constructed_macro_nats_full_precision_v3,0552c7f4701ada91e31e916f992171b9418cb47d283a56e61f311581d66266cb
2014-10-21,0.44337807696293796,1,isotropic_constructed_macro_nats_full_precision_v3,0552c7f4701ada91e31e916f992171b9418cb47d283a56e61f311581d66266cb
2014-10-23,0.45241707541821424,1,isotropic_constructed_macro_nats_full_precision_v3,0552c7f4701ada91e31e916f992171b9418cb47d283a56e61f311581d66266cb
2014-10-27,0.469892154886657,1,isotropic_constructed_macro_nats_full_precision_v3,0552c7f4701ada91e31e916f992171b9418cb47d283a56e61f311581d66266cb
2014-10-29,0.48764631265431624,1,isotropic_constructed_macro_nats_full_precision_v3,0552c7f4701ada91e31e916f992171b9418cb47d283a56e61f311581d66266cb
2014-10-31,0.433761891329872,1,isotropic_constructed_macro_nats_full_precision_v3,0552c7f4701ada91e31e916f992171b9418cb47d283a56e61f311581d66266cb
2014-11-04,0.4938587644483394,1,isotropic_constructed_macro_nats_full_precision_v3,0552c7f4701ada91e31e916f992171b9418cb47d283a56e61f311581d66266cb
2014-11-06,0.39043327479976603,1,isotropic_constructed_macro_nats_full_precision_v3,0552c7f4701ada91e31e916f992171b9418cb47d283a56e61f311581d66266cb
2014-11-10,0.393024882681306,1,isotropic_constructed_macro_nats_full_precision_v3,0552c7f4701ada91e31e916f992171b9418cb47d283a56e61f311581d66266cb
2014-11-12,0.39771382595895916,1,isotropic_constructed_macro_nats_full_precision_v3,0552c7f4701ada91e31e916f992171b9418cb47d283a56e61f311581d66266cb
2014-11-14,0.4158231660592178,1,isotropic_constructed_macro_nats_full_precision_v3,0552c7f4701ada91e31e916f992171b9418cb47d283a56e61f311581d66266cb
2014-11-18,0.4733079655448707,1,isotropic_constructed_macro_nats_full_precision_v3,0552c7f4701ada91e31e916f992171b9418cb47d283a56e61f311581d66266cb
2014-11-20,0.3893116743234958,1,isotropic_constructed_macro_nats_full_precision_v3,0552c7f4701ada91e31e916f992171b9418cb47d283a56e61f311581d66266cb
2014-11-24,0.3581039429497779,4,isotropic_constructed_macro_nats_full_precision_v3,0552c7f4701ada91e31e916f992171b9418cb47d283a56e61f311581d66266cb
2014-11-26,0.422936205731929,1,isotropic_constructed_macro_nats_full_precision_v3,0552c7f4701ada91e31e916f992171b9418cb47d283a56e61f311581d66266cb
2014-12-01,0.4382233541183336,1,isotropic_constructed_macro_nats_full_precision_v3,0552c7f4701ada91e31e916f992171b9418cb47d283a56e61f311581d66266cb
2014-12-03,0.42110398872739174,1,isotropic_constructed_macro_nats_full_precision_v3,0552c7f4701ada91e31e916f992171b9418cb47d283a56e61f311581d66266cb
2014-12-05,0.44353970604838633,1,isotropic_constructed_macro_nats_full_precision_v3,0552c7f4701ada91e31e916f992171b9418cb47d283a56e61f311581d66266cb
2014-12-09,0.4374363798112088,1,isotropic_constructed_macro_nats_full_precision_v3,0552c7f4701ada91e31e916f992171b9418cb47d283a56e61f311581d66266cb
2014-12-11,0.43132470606268564,1,isotropic_constructed_macro_nats_full_precision_v3,0552c7f4701ada91e31e916f992171b9418cb47d283a56e61f311581d66266cb
2014-12-15,0.42272487914416845,1,isotropic_constructed_macro_nats_full_precision_v3,0552c7f4701ada91e31e916f992171b9418cb47d283a56e61f311581d66266cb
2014-12-17,0.4168601604183599,1,isotropic_constructed_macro_nats_full_precision_v3,0552c7f4701ada91e31e916f992171b9418cb47d283a56e61f311581d66266cb
2014-12-19,0.42973176681198694,1,isotropic_constructed_macro_nats_full_precision_v3,0552c7f4701ada91e31e916f992171b9418cb47d283a56e61f311581d66266cb
2014-12-23,0.40616114972333905,1,isotropic_constructed_macro_nats_full_precision_v3,0552c7f4701ada91e31e916f992171b9418cb47d283a56e61f311581d66266cb
2014-12-26,0.40077950755671377,1,isotropic_constructed_macro_nats_full_precision_v3,0552c7f4701ada91e31e916f992171b9418cb47d283a56e61f311581d66266cb
2014-12-30,0.43931056578472694,1,isotropic_constructed_macro_nats_full_precision_v3,0552c7f4701ada91e31e916f992171b9418cb47d283a56e61f311581d66266cb
2015-01-02,0.44153521694291425,1,isotropic_constructed_macro_nats_full_precision_v3,0552c7f4701ada91e31e916f992171b9418cb47d283a56e61f311581d66266cb
2015-01-06,0.38471774079831633,1,isotropic_constructed_macro_nats_full_precision_v3,0552c7f4701ada91e31e916f992171b9418cb47d283a56e61f311581d66266cb
2015-01-08,0.34542478145117966,2,isotropic_constructed_macro_nats_full_precision_v3,0552c7f4701ada91e31e916f992171b9418cb47d283a56e61f311581d66266cb
2015-01-12,0.3454568745608439,1,isotropic_constructed_macro_nats_full_precision_v3,0552c7f4701ada91e31e916f992171b9418cb47d283a56e61f311581d66266cb
2015-01-14,0.39773567975058244,1,isotropic_constructed_macro_nats_full_precision_v3,0552c7f4701ada91e31e916f992171b9418cb47d283a56e61f311581d66266cb
2015-01-16,0.38904535768956383,3,isotropic_constructed_macro_nats_full_precision_v3,0552c7f4701ada91e31e916f992171b9418cb47d283a56e61f311581d66266cb
2015-01-21,0.38542189687740086,1,isotropic_constructed_macro_nats_full_precision_v3,0552c7f4701ada91e31e916f992171b9418cb47d283a56e61f311581d66266cb
2015-01-23,0.3983606705660523,1,isotropic_constructed_macro_nats_full_precision_v3,0552c7f4701ada91e31e916f992171b9418cb47d283a56e61f311581d66266cb
2015-01-27,0.40805848795350547,1,isotropic_constructed_macro_nats_full_precision_v3,0552c7f4701ada91e31e916f992171b9418cb47d283a56e61f311581d66266cb
2015-01-29,0.4292318289724896,1,isotropic_constructed_macro_nats_full_precision_v3,0552c7f4701ada91e31e916f992171b9418cb47d283a56e61f311581d66266cb
2015-02-02,0.3808893696065625,1,isotropic_constructed_macro_nats_full_precision_v3,0552c7f4701ada91e31e916f992171b9418cb47d283a56e61f311581d66266cb
2015-02-04,0.4004051165269338,3,isotropic_constructed_macro_nats_full_precision_v3,0552c7f4701ada91e31e916f992171b9418cb47d283a56e61f311581d66266cb
2015-02-06,0.39367506388715406,2,isotropic_constructed_macro_nats_full_precision_v3,0552c7f4701ada91e31e916f992171b9418cb47d283a56e61f311581d66266cb
2015-02-10,0.44196192095576065,1,isotropic_constructed_macro_nats_full_precision_v3,0552c7f4701ada91e31e916f992171b9418cb47d283a56e61f311581d66266cb
2015-02-12,0.44677267999553266,1,isotropic_constructed_macro_nats_full_precision_v3,0552c7f4701ada91e31e916f992171b9418cb47d283a56e61f311581d66266cb
2015-02-17,0.41764591245793536,1,isotropic_constructed_macro_nats_full_precision_v3,0552c7f4701ada91e31e916f992171b9418cb47d283a56e61f311581d66266cb
2015-02-19,0.4005877727958804,3,isotropic_constructed_macro_nats_full_precision_v3,0552c7f4701ada91e31e916f992171b9418cb47d283a56e61f311581d66266cb
2015-02-23,0.3783722649366729,1,isotropic_constructed_macro_nats_full_precision_v3,0552c7f4701ada91e31e916f992171b9418cb47d283a56e61f311581d66266cb
2015-02-25,0.40353328523120147,2,isotropic_constructed_macro_nats_full_precision_v3,0552c7f4701ada91e31e916f992171b9418cb47d283a56e61f311581d66266cb
2015-02-27,0.4474018248882537,1,isotropic_constructed_macro_nats_full_precision_v3,0552c7f4701ada91e31e916f992171b9418cb47d283a56e61f311581d66266cb
2015-03-03,0.40097556770151327,1,isotropic_constructed_macro_nats_full_precision_v3,0552c7f4701ada91e31e916f992171b9418cb47d283a56e61f311581d66266cb
2015-03-05,0.4211913370698509,1,isotropic_constructed_macro_nats_full_precision_v3,0552c7f4701ada91e31e916f992171b9418cb47d283a56e61f311581d66266cb
2015-03-09,0.4548400868258248,1,isotropic_constructed_macro_nats_full_precision_v3,0552c7f4701ada91e31e916f992171b9418cb47d283a56e61f311581d66266cb
2015-03-11,0.44885366837823454,1,isotropic_constructed_macro_nats_full_precision_v3,0552c7f4701ada91e31e916f992171b9418cb47d283a56e61f311581d66266cb
2015-03-13,0.4229604451320204,1,isotropic_constructed_macro_nats_full_precision_v3,0552c7f4701ada91e31e916f992171b9418cb47d283a56e61f311581d66266cb
2015-03-17,0.45278505570300853,1,isotropic_constructed_macro_nats_full_precision_v3,0552c7f4701ada91e31e916f992171b9418cb47d283a56e61f311581d66266cb
2015-03-19,0.3739619621600703,3,isotropic_constructed_macro_nats_full_precision_v3,0552c7f4701ada91e31e916f992171b9418cb47d283a56e61f311581d66266cb
2015-03-23,0.42599385806840573,1,isotropic_constructed_macro_nats_full_precision_v3,0552c7f4701ada91e31e916f992171b9418cb47d283a56e61f311581d66266cb
2015-03-25,0.4216815410525607,1,isotropic_constructed_macro_nats_full_precision_v3,0552c7f4701ada91e31e916f992171b9418cb47d283a56e61f311581d66266cb
2015-03-27,0.4330286952551546,1,isotropic_constructed_macro_nats_full_precision_v3,0552c7f4701ada91e31e916f992171b9418cb47d283a56e61f311581d66266cb
2015-03-31,0.44229264227490234,1,isotropic_constructed_macro_nats_full_precision_v3,0552c7f4701ada91e31e916f992171b9418cb47d283a56e61f311581d66266cb
2015-04-02,0.4146559608712578,1,isotropic_constructed_macro_nats_full_precision_v3,0552c7f4701ada91e31e916f992171b9418cb47d283a56e61f311581d66266cb
2015-04-07,0.42096365680590186,1,isotropic_constructed_macro_nats_full_precision_v3,0552c7f4701ada91e31e916f992171b9418cb47d283a56e61f311581d66266cb
2015-04-09,0.4246541063678016,1,isotropic_constructed_macro_nats_full_precision_v3,0552c7f4701ada91e31e916f992171b9418cb47d283a56e61f311581d66266cb
2015-04-13,0.4290007552778132,1,isotropic_constructed_macro_nats_full_precision_v3,0552c7f4701ada91e31e916f992171b9418cb47d283a56e61f311581d66266cb
2015-04-15,0.44502790471891424,1,isotropic_constructed_macro_nats_full_precision_v3,0552c7f4701ada91e31e916f992171b9418cb47d283a56e61f311581d66266cb
2015-04-17,0.43312638770506207,1,isotropic_constructed_macro_nats_full_precision_v3,0552c7f4701ada91e31e916f992171b9418cb47d283a56e61f311581d66266cb
2015-04-21,0.42038135685734296,3,isotropic_constructed_macro_nats_full_precision_v3,0552c7f4701ada91e31e916f992171b9418cb47d283a56e61f311581d66266cb
2015-04-23,0.3956700398830292,2,isotropic_constructed_macro_nats_full_precision_v3,0552c7f4701ada91e31e916f992171b9418cb47d283a56e61f311581d66266cb
2015-04-27,0.40156219463866144,2,isotropic_constructed_macro_nats_full_precision_v3,0552c7f4701ada91e31e916f992171b9418cb47d283a56e61f311581d66266cb
2015-04-29,0.398453522051308,2,isotropic_constructed_macro_nats_full_precision_v3,0552c7f4701ada91e31e916f992171b9418cb47d283a56e61f311581d66266cb
2015-05-01,0.41875381472913875,2,isotropic_constructed_macro_nats_full_precision_v3,0552c7f4701ada91e31e916f992171b9418cb47d283a56e61f311581d66266cb
2015-05-05,0.41225062129697604,3,isotropic_constructed_macro_nats_full_precision_v3,0552c7f4701ada91e31e916f992171b9418cb47d283a56e61f311581d66266cb
2015-05-07,0.4158164762762207,2,isotropic_constructed_macro_nats_full_precision_v3,0552c7f4701ada91e31e916f992171b9418cb47d283a56e61f311581d66266cb
2015-05-11,0.4261835684334449,2,isotropic_constructed_macro_nats_full_precision_v3,0552c7f4701ada91e31e916f992171b9418cb47d283a56e61f311581d66266cb
2015-05-13,0.39756999466426307,2,isotropic_constructed_macro_nats_full_precision_v3,0552c7f4701ada91e31e916f992171b9418cb47d283a56e61f311581d66266cb
2015-05-15,0.4161770680753959,2,isotropic_constructed_macro_nats_full_precision_v3,0552c7f4701ada91e31e916f992171b9418cb47d283a56e61f311581d66266cb
2015-05-19,0.46357225304969907,1,isotropic_constructed_macro_nats_full_precision_v3,0552c7f4701ada91e31e916f992171b9418cb47d283a56e61f311581d66266cb
2015-05-21,0.41274662641415655,2,isotropic_constructed_macro_nats_full_precision_v3,0552c7f4701ada91e31e916f992171b9418cb47d283a56e61f311581d66266cb
2015-05-26,0.4284177554026659,1,isotropic_constructed_macro_nats_full_precision_v3,0552c7f4701ada91e31e916f992171b9418cb47d283a56e61f311581d66266cb
2015-05-28,0.3859984753078699,3,isotropic_constructed_macro_nats_full_precision_v3,0552c7f4701ada91e31e916f992171b9418cb47d283a56e61f311581d66266cb
2015-06-01,0.4114955805404302,2,isotropic_constructed_macro_nats_full_precision_v3,0552c7f4701ada91e31e916f992171b9418cb47d283a56e61f311581d66266cb
2015-06-03,0.4149497625222457,2,isotropic_constructed_macro_nats_full_precision_v3,0552c7f4701ada91e31e916f992171b9418cb47d283a56e61f311581d66266cb
2015-06-05,0.41468866614152106,2,isotropic_constructed_macro_nats_full_precision_v3,0552c7f4701ada91e31e916f992171b9418cb47d283a56e61f311581d66266cb
2015-06-09,0.4195730821426212,2,isotropic_constructed_macro_nats_full_precision_v3,0552c7f4701ada91e31e916f992171b9418cb47d283a56e61f311581d66266cb
2015-06-11,0.44148377800815,2,isotropic_constructed_macro_nats_full_precision_v3,0552c7f4701ada91e31e916f992171b9418cb47d283a56e61f311581d66266cb
2015-06-15,0.4295425672010615,2,isotropic_constructed_macro_nats_full_precision_v3,0552c7f4701ada91e31e916f992171b9418cb47d283a56e61f311581d66266cb
2015-06-17,0.41382147798391883,2,isotropic_constructed_macro_nats_full_precision_v3,0552c7f4701ada91e31e916f992171b9418cb47d283a56e61f311581d66266cb
2015-06-19,0.4159752848764494,2,isotropic_constructed_macro_nats_full_precision_v3,0552c7f4701ada91e31e916f992171b9418cb47d283a56e61f311581d66266cb
2015-06-23,0.4081173079496685,2,isotropic_constructed_macro_nats_full_precision_v3,0552c7f4701ada91e31e916f992171b9418cb47d283a56e61f311581d66266cb
2015-06-25,0.4257423892180229,2,isotropic_constructed_macro_nats_full_precision_v3,0552c7f4701ada91e31e916f992171b9418cb47d283a56e61f311581d66266cb
2015-06-29,0.3922162977477508,3,isotropic_constructed_macro_nats_full_precision_v3,0552c7f4701ada91e31e916f992171b9418cb47d283a56e61f311581d66266cb
2015-07-01,0.43531347339680354,1,isotropic_constructed_macro_nats_full_precision_v3,0552c7f4701ada91e31e916f992171b9418cb47d283a56e61f311581d66266cb
2015-07-06,0.4124500806732406,2,isotropic_constructed_macro_nats_full_precision_v3,0552c7f4701ada91e31e916f992171b9418cb47d283a56e61f311581d66266cb
2015-07-08,0.4314840709081105,1,isotropic_constructed_macro_nats_full_precision_v3,0552c7f4701ada91e31e916f992171b9418cb47d283a56e61f311581d66266cb
2015-07-10,0.44442289848139854,2,isotropic_constructed_macro_nats_full_precision_v3,0552c7f4701ada91e31e916f992171b9418cb47d283a56e61f311581d66266cb
2015-07-14,0.4522165026518531,1,isotropic_constructed_macro_nats_full_precision_v3,0552c7f4701ada91e31e916f992171b9418cb47d283a56e61f311581d66266cb
2015-07-16,0.44708317607382775,2,isotropic_constructed_macro_nats_full_precision_v3,0552c7f4701ada91e31e916f992171b9418cb47d283a56e61f311581d66266cb
2015-07-20,0.436871717960902,2,isotropic_constructed_macro_nats_full_precision_v3,0552c7f4701ada91e31e916f992171b9418cb47d283a56e61f311581d66266cb
2015-07-22,0.44797296858777974,2,isotropic_constructed_macro_nats_full_precision_v3,0552c7f4701ada91e31e916f992171b9418cb47d283a56e61f311581d66266cb
2015-07-24,0.4304467802401036,2,isotropic_constructed_macro_nats_full_precision_v3,0552c7f4701ada91e31e916f992171b9418cb47d283a56e61f311581d66266cb
2015-07-28,0.4453928836190864,2,isotropic_constructed_macro_nats_full_precision_v3,0552c7f4701ada91e31e916f992171b9418cb47d283a56e61f311581d66266cb
2015-07-30,0.45055618813588894,1,isotropic_constructed_macro_nats_full_precision_v3,0552c7f4701ada91e31e916f992171b9418cb47d283a56e61f311581d66266cb
2015-08-03,0.44326418393343053,1,isotropic_constructed_macro_nats_full_precision_v3,0552c7f4701ada91e31e916f992171b9418cb47d283a56e61f311581d66266cb
2015-08-05,0.4342226162651413,2,isotropic_constructed_macro_nats_full_precision_v3,0552c7f4701ada91e31e916f992171b9418cb47d283a56e61f311581d66266cb
2015-08-07,0.4746637811981315,1,isotropic_constructed_macro_nats_full_precision_v3,0552c7f4701ada91e31e916f992171b9418cb47d283a56e61f311581d66266cb
2015-08-11,0.3969790215792054,1,isotropic_constructed_macro_nats_full_precision_v3,0552c7f4701ada91e31e916f992171b9418cb47d283a56e61f311581d66266cb
2015-08-13,0.37541256159376135,1,isotropic_constructed_macro_nats_full_precision_v3,0552c7f4701ada91e31e916f992171b9418cb47d283a56e61f311581d66266cb
2015-08-17,0.36291998836405487,4,isotropic_constructed_macro_nats_full_precision_v3,0552c7f4701ada91e31e916f992171b9418cb47d283a56e61f311581d66266cb
2015-08-19,0.3620397852000139,1,isotropic_constructed_macro_nats_full_precision_v3,0552c7f4701ada91e31e916f992171b9418cb47d283a56e61f311581d66266cb
2015-08-21,0.3527016531696132,2,isotropic_constructed_macro_nats_full_precision_v3,0552c7f4701ada91e31e916f992171b9418cb47d283a56e61f311581d66266cb
2015-08-25,0.3950618859399149,1,isotropic_constructed_macro_nats_full_precision_v3,0552c7f4701ada91e31e916f992171b9418cb47d283a56e61f311581d66266cb
2015-08-27,0.41339513929169425,1,isotropic_constructed_macro_nats_full_precision_v3,0552c7f4701ada91e31e916f992171b9418cb47d283a56e61f311581d66266cb
2015-08-31,0.401742476895517,2,isotropic_constructed_macro_nats_full_precision_v3,0552c7f4701ada91e31e916f992171b9418cb47d283a56e61f311581d66266cb
2015-09-02,0.4216732259915117,1,isotropic_constructed_macro_nats_full_precision_v3,0552c7f4701ada91e31e916f992171b9418cb47d283a56e61f311581d66266cb
2015-09-04,0.40420144667208197,2,isotropic_constructed_macro_nats_full_precision_v3,0552c7f4701ada91e31e916f992171b9418cb47d283a56e61f311581d66266cb
2015-09-09,0.3926188710965214,2,isotropic_constructed_macro_nats_full_precision_v3,0552c7f4701ada91e31e916f992171b9418cb47d283a56e61f311581d66266cb
2015-09-11,0.40714194281721955,3,isotropic_constructed_macro_nats_full_precision_v3,0552c7f4701ada91e31e916f992171b9418cb47d283a56e61f311581d66266cb
2015-09-15,0.39596978191940707,4,isotropic_constructed_macro_nats_full_precision_v3,0552c7f4701ada91e31e916f992171b9418cb47d283a56e61f311581d66266cb
2015-09-17,0.3916043991587139,2,isotropic_constructed_macro_nats_full_precision_v3,0552c7f4701ada91e31e916f992171b9418cb47d283a56e61f311581d66266cb
2015-09-21,0.3864298676840573,3,isotropic_constructed_macro_nats_full_precision_v3,0552c7f4701ada91e31e916f992171b9418cb47d283a56e61f311581d66266cb
2015-09-23,0.4009148195832002,4,isotropic_constructed_macro_nats_full_precision_v3,0552c7f4701ada91e31e916f992171b9418cb47d283a56e61f311581d66266cb
2015-09-25,0.4072170155319517,2,isotropic_constructed_macro_nats_full_precision_v3,0552c7f4701ada91e31e916f992171b9418cb47d283a56e61f311581d66266cb
2015-09-29,0.38088472397414347,3,isotropic_constructed_macro_nats_full_precision_v3,0552c7f4701ada91e31e916f992171b9418cb47d283a56e61f311581d66266cb
2015-10-01,0.37183861186595946,3,isotropic_constructed_macro_nats_full_precision_v3,0552c7f4701ada91e31e916f992171b9418cb47d283a56e61f311581d66266cb
2015-10-05,0.38153126873868615,3,isotropic_constructed_macro_nats_full_precision_v3,0552c7f4701ada91e31e916f992171b9418cb47d283a56e61f311581d66266cb
2015-10-07,0.4107573856437485,4,isotropic_constructed_macro_nats_full_precision_v3,0552c7f4701ada91e31e916f992171b9418cb47d283a56e61f311581d66266cb
2015-10-09,0.4065151736925454,2,isotropic_constructed_macro_nats_full_precision_v3,0552c7f4701ada91e31e916f992171b9418cb47d283a56e61f311581d66266cb
2015-10-13,0.4104945603982404,4,isotropic_constructed_macro_nats_full_precision_v3,0552c7f4701ada91e31e916f992171b9418cb47d283a56e61f311581d66266cb
2015-10-15,0.4041481841548059,1,isotropic_constructed_macro_nats_full_precision_v3,0552c7f4701ada91e31e916f992171b9418cb47d283a56e61f311581d66266cb
2015-10-19,0.43337642355534683,3,isotropic_constructed_macro_nats_full_precision_v3,0552c7f4701ada91e31e916f992171b9418cb47d283a56e61f311581d66266cb
2015-10-21,0.4339099945149301,1,isotropic_constructed_macro_nats_full_precision_v3,0552c7f4701ada91e31e916f992171b9418cb47d283a56e61f311581d66266cb
2015-10-23,0.44716464754129814,3,isotropic_constructed_macro_nats_full_precision_v3,0552c7f4701ada91e31e916f992171b9418cb47d283a56e61f311581d66266cb
2015-10-27,0.4716692717336615,1,isotropic_constructed_macro_nats_full_precision_v3,0552c7f4701ada91e31e916f992171b9418cb47d283a56e61f311581d66266cb
2015-10-29,0.4945659096241967,2,isotropic_constructed_macro_nats_full_precision_v3,0552c7f4701ada91e31e916f992171b9418cb47d283a56e61f311581d66266cb
2015-11-02,0.48200480534563767,2,isotropic_constructed_macro_nats_full_precision_v3,0552c7f4701ada91e31e916f992171b9418cb47d283a56e61f311581d66266cb
2015-11-04,0.48217967134160267,2,isotropic_constructed_macro_nats_full_precision_v3,0552c7f4701ada91e31e916f992171b9418cb47d283a56e61f311581d66266cb
2015-11-06,0.4721828592433731,2,isotropic_constructed_macro_nats_full_precision_v3,0552c7f4701ada91e31e916f992171b9418cb47d283a56e61f311581d66266cb
2015-11-10,0.45079060489613754,2,isotropic_constructed_macro_nats_full_precision_v3,0552c7f4701ada91e31e916f992171b9418cb47d283a56e61f311581d66266cb
2015-11-12,0.49512152458953,1,isotropic_constructed_macro_nats_full_precision_v3,0552c7f4701ada91e31e916f992171b9418cb47d283a56e61f311581d66266cb
2015-11-16,0.4413626855653952,4,isotropic_constructed_macro_nats_full_precision_v3,0552c7f4701ada91e31e916f992171b9418cb47d283a56e61f311581d66266cb
2015-11-18,0.4456681515331591,2,isotropic_constructed_macro_nats_full_precision_v3,0552c7f4701ada91e31e916f992171b9418cb47d283a56e61f311581d66266cb
2015-11-20,0.46068872390514876,2,isotropic_constructed_macro_nats_full_precision_v3,0552c7f4701ada91e31e916f992171b9418cb47d283a56e61f311581d66266cb
2015-11-24,0.459599621546068,2,isotropic_constructed_macro_nats_full_precision_v3,0552c7f4701ada91e31e916f992171b9418cb47d283a56e61f311581d66266cb
2015-11-27,0.4617371832741403,2,isotropic_constructed_macro_nats_full_precision_v3,0552c7f4701ada91e31e916f992171b9418cb47d283a56e61f311581d66266cb
2015-12-01,0.448069729282258,2,isotropic_constructed_macro_nats_full_precision_v3,0552c7f4701ada91e31e916f992171b9418cb47d283a56e61f311581d66266cb
2015-12-03,0.47125648285493976,2,isotropic_constructed_macro_nats_full_precision_v3,0552c7f4701ada91e31e916f992171b9418cb47d283a56e61f311581d66266cb
2015-12-07,0.4796786815360245,2,isotropic_constructed_macro_nats_full_precision_v3,0552c7f4701ada91e31e916f992171b9418cb47d283a56e61f311581d66266cb
2015-12-09,0.48401251409492996,2,isotropic_constructed_macro_nats_full_precision_v3,0552c7f4701ada91e31e916f992171b9418cb47d283a56e61f311581d66266cb
2015-12-11,0.4822182383092085,2,isotropic_constructed_macro_nats_full_precision_v3,0552c7f4701ada91e31e916f992171b9418cb47d283a56e61f311581d66266cb
2015-12-15,0.4875092655067892,1,isotropic_constructed_macro_nats_full_precision_v3,0552c7f4701ada91e31e916f992171b9418cb47d283a56e61f311581d66266cb
2015-12-17,0.5117516551946139,1,isotropic_constructed_macro_nats_full_precision_v3,0552c7f4701ada91e31e916f992171b9418cb47d283a56e61f311581d66266cb
2015-12-21,0.5188881156953282,2,isotropic_constructed_macro_nats_full_precision_v3,0552c7f4701ada91e31e916f992171b9418cb47d283a56e61f311581d66266cb
2015-12-23,0.5003463500029455,1,isotropic_constructed_macro_nats_full_precision_v3,0552c7f4701ada91e31e916f992171b9418cb47d283a56e61f311581d66266cb
2015-12-28,0.5005702515209988,1,isotropic_constructed_macro_nats_full_precision_v3,0552c7f4701ada91e31e916f992171b9418cb47d283a56e61f311581d66266cb
2015-12-30,0.4942959492324246,1,isotropic_constructed_macro_nats_full_precision_v3,0552c7f4701ada91e31e916f992171b9418cb47d283a56e61f311581d66266cb
2016-01-04,0.5102595550561448,1,isotropic_constructed_macro_nats_full_precision_v3,0552c7f4701ada91e31e916f992171b9418cb47d283a56e61f311581d66266cb
2016-01-06,0.5232551984390578,2,isotropic_constructed_macro_nats_full_precision_v3,0552c7f4701ada91e31e916f992171b9418cb47d283a56e61f311581d66266cb
2016-01-08,0.5024481112460601,2,isotropic_constructed_macro_nats_full_precision_v3,0552c7f4701ada91e31e916f992171b9418cb47d283a56e61f311581d66266cb
2016-01-12,0.4956074045088026,1,isotropic_constructed_macro_nats_full_precision_v3,0552c7f4701ada91e31e916f992171b9418cb47d283a56e61f311581d66266cb
2016-01-14,0.48318937403914786,1,isotropic_constructed_macro_nats_full_precision_v3,0552c7f4701ada91e31e916f992171b9418cb47d283a56e61f311581d66266cb
2016-01-19,0.47509259645810226,1,isotropic_constructed_macro_nats_full_precision_v3,0552c7f4701ada91e31e916f992171b9418cb47d283a56e61f311581d66266cb
2016-01-21,0.47906271683331997,1,isotropic_constructed_macro_nats_full_precision_v3,0552c7f4701ada91e31e916f992171b9418cb47d283a56e61f311581d66266cb
2016-01-25,0.4545166196568817,3,isotropic_constructed_macro_nats_full_precision_v3,0552c7f4701ada91e31e916f992171b9418cb47d283a56e61f311581d66266cb
2016-01-27,0.446330310662854,3,isotropic_constructed_macro_nats_full_precision_v3,0552c7f4701ada91e31e916f992171b9418cb47d283a56e61f311581d66266cb
2016-01-29,0.480437053879263,1,isotropic_constructed_macro_nats_full_precision_v3,0552c7f4701ada91e31e916f992171b9418cb47d283a56e61f311581d66266cb
2016-02-02,0.4538449806640981,3,isotropic_constructed_macro_nats_full_precision_v3,0552c7f4701ada91e31e916f992171b9418cb47d283a56e61f311581d66266cb
2016-02-04,0.46322666226297277,1,isotropic_constructed_macro_nats_full_precision_v3,0552c7f4701ada91e31e916f992171b9418cb47d283a56e61f311581d66266cb
2016-02-08,0.45956032283974246,2,isotropic_constructed_macro_nats_full_precision_v3,0552c7f4701ada91e31e916f992171b9418cb47d283a56e61f311581d66266cb
2016-02-10,0.45425011118276093,1,isotropic_constructed_macro_nats_full_precision_v3,0552c7f4701ada91e31e916f992171b9418cb47d283a56e61f311581d66266cb
2016-02-12,0.47826040189081864,1,isotropic_constructed_macro_nats_full_precision_v3,0552c7f4701ada91e31e916f992171b9418cb47d283a56e61f311581d66266cb
2016-02-17,0.4947750367954755,1,isotropic_constructed_macro_nats_full_precision_v3,0552c7f4701ada91e31e916f992171b9418cb47d283a56e61f311581d66266cb
2016-02-19,0.5210295013432117,1,isotropic_constructed_macro_nats_full_precision_v3,0552c7f4701ada91e31e916f992171b9418cb47d283a56e61f311581d66266cb
2016-02-23,0.5083509054900388,2,isotropic_constructed_macro_nats_full_precision_v3,0552c7f4701ada91e31e916f992171b9418cb47d283a56e61f311581d66266cb
2016-02-25,0.529934241497444,1,isotropic_constructed_macro_nats_full_precision_v3,0552c7f4701ada91e31e916f992171b9418cb47d283a56e61f311581d66266cb
2016-02-29,0.5052277804233025,1,isotropic_constructed_macro_nats_full_precision_v3,0552c7f4701ada91e31e916f992171b9418cb47d283a56e61f311581d66266cb
2016-03-02,0.5244825707295855,1,isotropic_constructed_macro_nats_full_precision_v3,0552c7f4701ada91e31e916f992171b9418cb47d283a56e61f311581d66266cb
2016-03-04,0.49980152468359185,1,isotropic_constructed_macro_nats_full_precision_v3,0552c7f4701ada91e31e916f992171b9418cb47d283a56e61f311581d66266cb
2016-03-08,0.48359385701502466,2,isotropic_constructed_macro_nats_full_precision_v3,0552c7f4701ada91e31e916f992171b9418cb47d283a56e61f311581d66266cb
2016-03-10,0.48905766787904953,2,isotropic_constructed_macro_nats_full_precision_v3,0552c7f4701ada91e31e916f992171b9418cb47d283a56e61f311581d66266cb
2016-03-14,0.4835484711545581,1,isotropic_constructed_macro_nats_full_precision_v3,0552c7f4701ada91e31e916f992171b9418cb47d283a56e61f311581d66266cb
2016-03-16,0.48373165556841746,1,isotropic_constructed_macro_nats_full_precision_v3,0552c7f4701ada91e31e916f992171b9418cb47d283a56e61f311581d66266cb
2016-03-18,0.5010428174952747,1,isotropic_constructed_macro_nats_full_precision_v3,0552c7f4701ada91e31e916f992171b9418cb47d283a56e61f311581d66266cb
2016-03-22,0.47581322397537884,2,isotropic_constructed_macro_nats_full_precision_v3,0552c7f4701ada91e31e916f992171b9418cb47d283a56e61f311581d66266cb
2016-03-24,0.4917043758311019,1,isotropic_constructed_macro_nats_full_precision_v3,0552c7f4701ada91e31e916f992171b9418cb47d283a56e61f311581d66266cb
2016-03-29,0.5106838329375127,2,isotropic_constructed_macro_nats_full_precision_v3,0552c7f4701ada91e31e916f992171b9418cb47d283a56e61f311581d66266cb
2016-03-31,0.5242905722805931,1,isotropic_constructed_macro_nats_full_precision_v3,0552c7f4701ada91e31e916f992171b9418cb47d283a56e61f311581d66266cb
2016-04-04,0.514662122275183,1,isotropic_constructed_macro_nats_full_precision_v3,0552c7f4701ada91e31e916f992171b9418cb47d283a56e61f311581d66266cb
2016-04-06,0.5073590918849586,1,isotropic_constructed_macro_nats_full_precision_v3,0552c7f4701ada91e31e916f992171b9418cb47d283a56e61f311581d66266cb
2016-04-08,0.47660762206964996,1,isotropic_constructed_macro_nats_full_precision_v3,0552c7f4701ada91e31e916f992171b9418cb47d283a56e61f311581d66266cb
2016-04-12,0.4627117464451051,2,isotropic_constructed_macro_nats_full_precision_v3,0552c7f4701ada91e31e916f992171b9418cb47d283a56e61f311581d66266cb
2016-04-14,0.4608268659673549,2,isotropic_constructed_macro_nats_full_precision_v3,0552c7f4701ada91e31e916f992171b9418cb47d283a56e61f311581d66266cb
2016-04-18,0.4783243194226905,2,isotropic_constructed_macro_nats_full_precision_v3,0552c7f4701ada91e31e916f992171b9418cb47d283a56e61f311581d66266cb
2016-04-20,0.4878350678839435,1,isotropic_constructed_macro_nats_full_precision_v3,0552c7f4701ada91e31e916f992171b9418cb47d283a56e61f311581d66266cb
2016-04-22,0.501340211729113,1,isotropic_constructed_macro_nats_full_precision_v3,0552c7f4701ada91e31e916f992171b9418cb47d283a56e61f311581d66266cb
2016-04-26,0.4644761098408779,2,isotropic_constructed_macro_nats_full_precision_v3,0552c7f4701ada91e31e916f992171b9418cb47d283a56e61f311581d66266cb
2016-04-28,0.4989556147580163,1,isotropic_constructed_macro_nats_full_precision_v3,0552c7f4701ada91e31e916f992171b9418cb47d283a56e61f311581d66266cb
2016-05-02,0.49559814707660427,1,isotropic_constructed_macro_nats_full_precision_v3,0552c7f4701ada91e31e916f992171b9418cb47d283a56e61f311581d66266cb
2016-05-04,0.5157018050012538,1,isotropic_constructed_macro_nats_full_precision_v3,0552c7f4701ada91e31e916f992171b9418cb47d283a56e61f311581d66266cb
2016-05-06,0.46037073418547086,1,isotropic_constructed_macro_nats_full_precision_v3,0552c7f4701ada91e31e916f992171b9418cb47d283a56e61f311581d66266cb
2016-05-10,0.44431641487067636,1,isotropic_constructed_macro_nats_full_precision_v3,0552c7f4701ada91e31e916f992171b9418cb47d283a56e61f311581d66266cb
2016-05-12,0.4563077754154871,1,isotropic_constructed_macro_nats_full_precision_v3,0552c7f4701ada91e31e916f992171b9418cb47d283a56e61f311581d66266cb
2016-05-16,0.4666563734745346,1,isotropic_constructed_macro_nats_full_precision_v3,0552c7f4701ada91e31e916f992171b9418cb47d283a56e61f311581d66266cb
2016-05-18,0.4407751821450423,2,isotropic_constructed_macro_nats_full_precision_v3,0552c7f4701ada91e31e916f992171b9418cb47d283a56e61f311581d66266cb
2016-05-20,0.47259061584713946,1,isotropic_constructed_macro_nats_full_precision_v3,0552c7f4701ada91e31e916f992171b9418cb47d283a56e61f311581d66266cb
2016-05-24,0.4757591745290999,2,isotropic_constructed_macro_nats_full_precision_v3,0552c7f4701ada91e31e916f992171b9418cb47d283a56e61f311581d66266cb
2016-05-26,0.4624882116687284,2,isotropic_constructed_macro_nats_full_precision_v3,0552c7f4701ada91e31e916f992171b9418cb47d283a56e61f311581d66266cb
2016-05-31,0.48823091596406065,1,isotropic_constructed_macro_nats_full_precision_v3,0552c7f4701ada91e31e916f992171b9418cb47d283a56e61f311581d66266cb
2016-06-02,0.4854947206985272,2,isotropic_constructed_macro_nats_full_precision_v3,0552c7f4701ada91e31e916f992171b9418cb47d283a56e61f311581d66266cb
2016-06-06,0.47118919981242074,1,isotropic_constructed_macro_nats_full_precision_v3,0552c7f4701ada91e31e916f992171b9418cb47d283a56e61f311581d66266cb
2016-06-08,0.476422350468671,2,isotropic_constructed_macro_nats_full_precision_v3,0552c7f4701ada91e31e916f992171b9418cb47d283a56e61f311581d66266cb
2016-06-10,0.46138583539185324,1,isotropic_constructed_macro_nats_full_precision_v3,0552c7f4701ada91e31e916f992171b9418cb47d283a56e61f311581d66266cb
2016-06-14,0.4494269978505249,1,isotropic_constructed_macro_nats_full_precision_v3,0552c7f4701ada91e31e916f992171b9418cb47d283a56e61f311581d66266cb
2016-06-16,0.4769982488469368,2,isotropic_constructed_macro_nats_full_precision_v3,0552c7f4701ada91e31e916f992171b9418cb47d283a56e61f311581d66266cb
2016-06-20,0.46941701674078984,2,isotropic_constructed_macro_nats_full_precision_v3,0552c7f4701ada91e31e916f992171b9418cb47d283a56e61f311581d66266cb
2016-06-22,0.464524870671375,1,isotropic_constructed_macro_nats_full_precision_v3,0552c7f4701ada91e31e916f992171b9418cb47d283a56e61f311581d66266cb
2016-06-24,0.4677119005979964,1,isotropic_constructed_macro_nats_full_precision_v3,0552c7f4701ada91e31e916f992171b9418cb47d283a56e61f311581d66266cb
2016-06-28,0.4950888835884424,1,isotropic_constructed_macro_nats_full_precision_v3,0552c7f4701ada91e31e916f992171b9418cb47d283a56e61f311581d66266cb
2016-06-30,0.4670987054027694,1,isotropic_constructed_macro_nats_full_precision_v3,0552c7f4701ada91e31e916f992171b9418cb47d283a56e61f311581d66266cb
2016-07-05,0.48628394005314507,1,isotropic_constructed_macro_nats_full_precision_v3,0552c7f4701ada91e31e916f992171b9418cb47d283a56e61f311581d66266cb
2016-07-07,0.47887907693076487,1,isotropic_constructed_macro_nats_full_precision_v3,0552c7f4701ada91e31e916f992171b9418cb47d283a56e61f311581d66266cb
2016-07-11,0.5002296329582805,1,isotropic_constructed_macro_nats_full_precision_v3,0552c7f4701ada91e31e916f992171b9418cb47d283a56e61f311581d66266cb
2016-07-13,0.49909536128589577,1,isotropic_constructed_macro_nats_full_precision_v3,0552c7f4701ada91e31e916f992171b9418cb47d283a56e61f311581d66266cb
2016-07-15,0.5004066824960965,1,isotropic_constructed_macro_nats_full_precision_v3,0552c7f4701ada91e31e916f992171b9418cb47d283a56e61f311581d66266cb
2016-07-19,0.49987363587156924,2,isotropic_constructed_macro_nats_full_precision_v3,0552c7f4701ada91e31e916f992171b9418cb47d283a56e61f311581d66266cb
2016-07-21,0.49674092983588347,1,isotropic_constructed_macro_nats_full_precision_v3,0552c7f4701ada91e31e916f992171b9418cb47d283a56e61f311581d66266cb
2016-07-25,0.47869833732609807,1,isotropic_constructed_macro_nats_full_precision_v3,0552c7f4701ada91e31e916f992171b9418cb47d283a56e61f311581d66266cb
2016-07-27,0.4870547127684292,1,isotropic_constructed_macro_nats_full_precision_v3,0552c7f4701ada91e31e916f992171b9418cb47d283a56e61f311581d66266cb
2016-07-29,0.4854263834431056,2,isotropic_constructed_macro_nats_full_precision_v3,0552c7f4701ada91e31e916f992171b9418cb47d283a56e61f311581d66266cb
2016-08-02,0.4929991370716721,1,isotropic_constructed_macro_nats_full_precision_v3,0552c7f4701ada91e31e916f992171b9418cb47d283a56e61f311581d66266cb
2016-08-04,0.5208164616394089,1,isotropic_constructed_macro_nats_full_precision_v3,0552c7f4701ada91e31e916f992171b9418cb47d283a56e61f311581d66266cb
2016-08-08,0.5172949202128756,1,isotropic_constructed_macro_nats_full_precision_v3,0552c7f4701ada91e31e916f992171b9418cb47d283a56e61f311581d66266cb
2016-08-10,0.5058365586248282,1,isotropic_constructed_macro_nats_full_precision_v3,0552c7f4701ada91e31e916f992171b9418cb47d283a56e61f311581d66266cb
2016-08-12,0.49412353084460053,1,isotropic_constructed_macro_nats_full_precision_v3,0552c7f4701ada91e31e916f992171b9418cb47d283a56e61f311581d66266cb
2016-08-16,0.5054191566738131,1,isotropic_constructed_macro_nats_full_precision_v3,0552c7f4701ada91e31e916f992171b9418cb47d283a56e61f311581d66266cb
2016-08-18,0.49273374062635533,1,isotropic_constructed_macro_nats_full_precision_v3,0552c7f4701ada91e31e916f992171b9418cb47d283a56e61f311581d66266cb
2016-08-22,0.49870018225821855,1,isotropic_constructed_macro_nats_full_precision_v3,0552c7f4701ada91e31e916f992171b9418cb47d283a56e61f311581d66266cb
2016-08-24,0.49838739141747396,1,isotropic_constructed_macro_nats_full_precision_v3,0552c7f4701ada91e31e916f992171b9418cb47d283a56e61f311581d66266cb
2016-08-26,0.4949307083063934,1,isotropic_constructed_macro_nats_full_precision_v3,0552c7f4701ada91e31e916f992171b9418cb47d283a56e61f311581d66266cb
2016-08-30,0.4896371881585928,1,isotropic_constructed_macro_nats_full_precision_v3,0552c7f4701ada91e31e916f992171b9418cb47d283a56e61f311581d66266cb
2016-09-01,0.5057009910711434,1,isotropic_constructed_macro_nats_full_precision_v3,0552c7f4701ada91e31e916f992171b9418cb47d283a56e61f311581d66266cb
2016-09-06,0.5165496384718132,1,isotropic_constructed_macro_nats_full_precision_v3,0552c7f4701ada91e31e916f992171b9418cb47d283a56e61f311581d66266cb
2016-09-08,0.5106923458307482,1,isotropic_constructed_macro_nats_full_precision_v3,0552c7f4701ada91e31e916f992171b9418cb47d283a56e61f311581d66266cb
2016-09-12,0.47621007583502756,2,isotropic_constructed_macro_nats_full_precision_v3,0552c7f4701ada91e31e916f992171b9418cb47d283a56e61f311581d66266cb
2016-09-14,0.5085579347320577,2,isotropic_constructed_macro_nats_full_precision_v3,0552c7f4701ada91e31e916f992171b9418cb47d283a56e61f311581d66266cb
2016-09-16,0.48272605822142695,1,isotropic_constructed_macro_nats_full_precision_v3,0552c7f4701ada91e31e916f992171b9418cb47d283a56e61f311581d66266cb
2016-09-20,0.45775513566216736,3,isotropic_constructed_macro_nats_full_precision_v3,0552c7f4701ada91e31e916f992171b9418cb47d283a56e61f311581d66266cb
2016-09-22,0.5100104252413864,1,isotropic_constructed_macro_nats_full_precision_v3,0552c7f4701ada91e31e916f992171b9418cb47d283a56e61f311581d66266cb
2016-09-26,0.5241092536950067,1,isotropic_constructed_macro_nats_full_precision_v3,0552c7f4701ada91e31e916f992171b9418cb47d283a56e61f311581d66266cb
2016-09-28,0.4752737279888521,2,isotropic_constructed_macro_nats_full_precision_v3,0552c7f4701ada91e31e916f992171b9418cb47d283a56e61f311581d66266cb
2016-09-30,0.4845402248409901,2,isotropic_constructed_macro_nats_full_precision_v3,0552c7f4701ada91e31e916f992171b9418cb47d283a56e61f311581d66266cb
2016-10-04,0.48969413249523885,1,isotropic_constructed_macro_nats_full_precision_v3,0552c7f4701ada91e31e916f992171b9418cb47d283a56e61f311581d66266cb
2016-10-06,0.483815531152324,1,isotropic_constructed_macro_nats_full_precision_v3,0552c7f4701ada91e31e916f992171b9418cb47d283a56e61f311581d66266cb
2016-10-10,0.5161539349488866,1,isotropic_constructed_macro_nats_full_precision_v3,0552c7f4701ada91e31e916f992171b9418cb47d283a56e61f311581d66266cb
2016-10-12,0.5209142790968733,1,isotropic_constructed_macro_nats_full_precision_v3,0552c7f4701ada91e31e916f992171b9418cb47d283a56e61f311581d66266cb
2016-10-14,0.5173390283459935,1,isotropic_constructed_macro_nats_full_precision_v3,0552c7f4701ada91e31e916f992171b9418cb47d283a56e61f311581d66266cb
2016-10-18,0.5266024632989286,1,isotropic_constructed_macro_nats_full_precision_v3,0552c7f4701ada91e31e916f992171b9418cb47d283a56e61f311581d66266cb
2016-10-20,0.5274871873404232,1,isotropic_constructed_macro_nats_full_precision_v3,0552c7f4701ada91e31e916f992171b9418cb47d283a56e61f311581d66266cb
2016-10-24,0.5479180169154731,1,isotropic_constructed_macro_nats_full_precision_v3,0552c7f4701ada91e31e916f992171b9418cb47d283a56e61f311581d66266cb
2016-10-26,0.5090902886151072,1,isotropic_constructed_macro_nats_full_precision_v3,0552c7f4701ada91e31e916f992171b9418cb47d283a56e61f311581d66266cb
2016-10-28,0.5477932270788572,1,isotropic_constructed_macro_nats_full_precision_v3,0552c7f4701ada91e31e916f992171b9418cb47d283a56e61f311581d66266cb
2016-11-01,0.5195730189024694,1,isotropic_constructed_macro_nats_full_precision_v3,0552c7f4701ada91e31e916f992171b9418cb47d283a56e61f311581d66266cb
2016-11-03,0.5046404621934685,1,isotropic_constructed_macro_nats_full_precision_v3,0552c7f4701ada91e31e916f992171b9418cb47d283a56e61f311581d66266cb
2016-11-07,0.5285643563028519,1,isotropic_constructed_macro_nats_full_precision_v3,0552c7f4701ada91e31e916f992171b9418cb47d283a56e61f311581d66266cb
2016-11-09,0.486941070806333,1,isotropic_constructed_macro_nats_full_precision_v3,0552c7f4701ada91e31e916f992171b9418cb47d283a56e61f311581d66266cb
2016-11-11,0.4827541532321538,1,isotropic_constructed_macro_nats_full_precision_v3,0552c7f4701ada91e31e916f992171b9418cb47d283a56e61f311581d66266cb
2016-11-15,0.4701526540035922,1,isotropic_constructed_macro_nats_full_precision_v3,0552c7f4701ada91e31e916f992171b9418cb47d283a56e61f311581d66266cb
2016-11-17,0.4762506129969263,1,isotropic_constructed_macro_nats_full_precision_v3,0552c7f4701ada91e31e916f992171b9418cb47d283a56e61f311581d66266cb
2016-11-21,0.4840250426420139,1,isotropic_constructed_macro_nats_full_precision_v3,0552c7f4701ada91e31e916f992171b9418cb47d283a56e61f311581d66266cb
2016-11-23,0.46511682307644464,1,isotropic_constructed_macro_nats_full_precision_v3,0552c7f4701ada91e31e916f992171b9418cb47d283a56e61f311581d66266cb
2016-11-28,0.5022004493880972,1,isotropic_constructed_macro_nats_full_precision_v3,0552c7f4701ada91e31e916f992171b9418cb47d283a56e61f311581d66266cb
2016-11-30,0.5047967270136257,1,isotropic_constructed_macro_nats_full_precision_v3,0552c7f4701ada91e31e916f992171b9418cb47d283a56e61f311581d66266cb
2016-12-02,0.4938461186886459,1,isotropic_constructed_macro_nats_full_precision_v3,0552c7f4701ada91e31e916f992171b9418cb47d283a56e61f311581d66266cb
2016-12-06,0.49114638646605974,1,isotropic_constructed_macro_nats_full_precision_v3,0552c7f4701ada91e31e916f992171b9418cb47d283a56e61f311581d66266cb
2016-12-08,0.4652313135788956,1,isotropic_constructed_macro_nats_full_precision_v3,0552c7f4701ada91e31e916f992171b9418cb47d283a56e61f311581d66266cb
2016-12-12,0.524645413031495,1,isotropic_constructed_macro_nats_full_precision_v3,0552c7f4701ada91e31e916f992171b9418cb47d283a56e61f311581d66266cb
2016-12-14,0.5177786154484469,1,isotropic_constructed_macro_nats_full_precision_v3,0552c7f4701ada91e31e916f992171b9418cb47d283a56e61f311581d66266cb
2016-12-16,0.5332684678067328,1,isotropic_constructed_macro_nats_full_precision_v3,0552c7f4701ada91e31e916f992171b9418cb47d283a56e61f311581d66266cb
2016-12-20,0.5029251086499571,1,isotropic_constructed_macro_nats_full_precision_v3,0552c7f4701ada91e31e916f992171b9418cb47d283a56e61f311581d66266cb
2016-12-22,0.5252234109152467,1,isotropic_constructed_macro_nats_full_precision_v3,0552c7f4701ada91e31e916f992171b9418cb47d283a56e61f311581d66266cb
2016-12-27,0.5339496180335843,1,isotropic_constructed_macro_nats_full_precision_v3,0552c7f4701ada91e31e916f992171b9418cb47d283a56e61f311581d66266cb
2016-12-29,0.5203626594671992,1,isotropic_constructed_macro_nats_full_precision_v3,0552c7f4701ada91e31e916f992171b9418cb47d283a56e61f311581d66266cb
2017-01-03,0.4788011274908469,1,isotropic_constructed_macro_nats_full_precision_v3,0552c7f4701ada91e31e916f992171b9418cb47d283a56e61f311581d66266cb
2017-01-05,0.4883016789906369,1,isotropic_constructed_macro_nats_full_precision_v3,0552c7f4701ada91e31e916f992171b9418cb47d283a56e61f311581d66266cb
2017-01-09,0.5099106573823079,1,isotropic_constructed_macro_nats_full_precision_v3,0552c7f4701ada91e31e916f992171b9418cb47d283a56e61f311581d66266cb
2017-01-11,0.4929601575438518,1,isotropic_constructed_macro_nats_full_precision_v3,0552c7f4701ada91e31e916f992171b9418cb47d283a56e61f311581d66266cb
2017-01-13,0.509052488090827,1,isotropic_constructed_macro_nats_full_precision_v3,0552c7f4701ada91e31e916f992171b9418cb47d283a56e61f311581d66266cb
2017-01-18,0.4798211192582266,3,isotropic_constructed_macro_nats_full_precision_v3,0552c7f4701ada91e31e916f992171b9418cb47d283a56e61f311581d66266cb
2017-01-20,0.44157702308288654,2,isotropic_constructed_macro_nats_full_precision_v3,0552c7f4701ada91e31e916f992171b9418cb47d283a56e61f311581d66266cb
2017-01-24,0.4913072430139888,2,isotropic_constructed_macro_nats_full_precision_v3,0552c7f4701ada91e31e916f992171b9418cb47d283a56e61f311581d66266cb
2017-01-26,0.4869645291087424,1,isotropic_constructed_macro_nats_full_precision_v3,0552c7f4701ada91e31e916f992171b9418cb47d283a56e61f311581d66266cb
2017-01-30,0.47447822736088224,1,isotropic_constructed_macro_nats_full_precision_v3,0552c7f4701ada91e31e916f992171b9418cb47d283a56e61f311581d66266cb
2017-02-01,0.5119294726508121,2,isotropic_constructed_macro_nats_full_precision_v3,0552c7f4701ada91e31e916f992171b9418cb47d283a56e61f311581d66266cb
2017-02-03,0.48319456876616745,3,isotropic_constructed_macro_nats_full_precision_v3,0552c7f4701ada91e31e916f992171b9418cb47d283a56e61f311581d66266cb
2017-02-07,0.5039167171567581,1,isotropic_constructed_macro_nats_full_precision_v3,0552c7f4701ada91e31e916f992171b9418cb47d283a56e61f311581d66266cb
2017-02-09,0.5030514440687199,1,isotropic_constructed_macro_nats_full_precision_v3,0552c7f4701ada91e31e916f992171b9418cb47d283a56e61f311581d66266cb
2017-02-13,0.4884444222756101,2,isotropic_constructed_macro_nats_full_precision_v3,0552c7f4701ada91e31e916f992171b9418cb47d283a56e61f311581d66266cb
2017-02-15,0.49071156517952785,1,isotropic_constructed_macro_nats_full_precision_v3,0552c7f4701ada91e31e916f992171b9418cb47d283a56e61f311581d66266cb
2017-02-17,0.5148219884008454,3,isotropic_constructed_macro_nats_full_precision_v3,0552c7f4701ada91e31e916f992171b9418cb47d283a56e61f311581d66266cb
2017-02-22,0.5100886778862481,1,isotropic_constructed_macro_nats_full_precision_v3,0552c7f4701ada91e31e916f992171b9418cb47d283a56e61f311581d66266cb
2017-02-24,0.5094663377379638,2,isotropic_constructed_macro_nats_full_precision_v3,0552c7f4701ada91e31e916f992171b9418cb47d283a56e61f311581d66266cb
2017-02-28,0.5255454792673442,1,isotropic_constructed_macro_nats_full_precision_v3,0552c7f4701ada91e31e916f992171b9418cb47d283a56e61f311581d66266cb
2017-03-02,0.5507045553784438,1,isotropic_constructed_macro_nats_full_precision_v3,0552c7f4701ada91e31e916f992171b9418cb47d283a56e61f311581d66266cb
2017-03-06,0.52998343605372,1,isotropic_constructed_macro_nats_full_precision_v3,0552c7f4701ada91e31e916f992171b9418cb47d283a56e61f311581d66266cb
2017-03-08,0.5222647560128815,1,isotropic_constructed_macro_nats_full_precision_v3,0552c7f4701ada91e31e916f992171b9418cb47d283a56e61f311581d66266cb
2017-03-10,0.5361220332614561,1,isotropic_constructed_macro_nats_full_precision_v3,0552c7f4701ada91e31e916f992171b9418cb47d283a56e61f311581d66266cb
2017-03-14,0.5585085199982491,1,isotropic_constructed_macro_nats_full_precision_v3,0552c7f4701ada91e31e916f992171b9418cb47d283a56e61f311581d66266cb
2017-03-16,0.5560319053318128,1,isotropic_constructed_macro_nats_full_precision_v3,0552c7f4701ada91e31e916f992171b9418cb47d283a56e61f311581d66266cb
2017-03-20,0.53277709423183,1,isotropic_constructed_macro_nats_full_precision_v3,0552c7f4701ada91e31e916f992171b9418cb47d283a56e61f311581d66266cb
2017-03-22,0.5499761565557268,1,isotropic_constructed_macro_nats_full_precision_v3,0552c7f4701ada91e31e916f992171b9418cb47d283a56e61f311581d66266cb
2017-03-24,0.5388556325395482,1,isotropic_constructed_macro_nats_full_precision_v3,0552c7f4701ada91e31e916f992171b9418cb47d283a56e61f311581d66266cb
2017-03-28,0.5326882590855619,1,isotropic_constructed_macro_nats_full_precision_v3,0552c7f4701ada91e31e916f992171b9418cb47d283a56e61f311581d66266cb
2017-03-30,0.5355549946254297,2,isotropic_constructed_macro_nats_full_precision_v3,0552c7f4701ada91e31e916f992171b9418cb47d283a56e61f311581d66266cb
2017-04-03,0.5673637420529938,1,isotropic_constructed_macro_nats_full_precision_v3,0552c7f4701ada91e31e916f992171b9418cb47d283a56e61f311581d66266cb
2017-04-05,0.5042364302763109,1,isotropic_constructed_macro_nats_full_precision_v3,0552c7f4701ada91e31e916f992171b9418cb47d283a56e61f311581d66266cb
2017-04-07,0.5343971746261875,1,isotropic_constructed_macro_nats_full_precision_v3,0552c7f4701ada91e31e916f992171b9418cb47d283a56e61f311581d66266cb
2017-04-11,0.5369231001582879,1,isotropic_constructed_macro_nats_full_precision_v3,0552c7f4701ada91e31e916f992171b9418cb47d283a56e61f311581d66266cb
2017-04-13,0.5471472939830255,1,isotropic_constructed_macro_nats_full_precision_v3,0552c7f4701ada91e31e916f992171b9418cb47d283a56e61f311581d66266cb
2017-04-18,0.5526573762375075,1,isotropic_constructed_macro_nats_full_precision_v3,0552c7f4701ada91e31e916f992171b9418cb47d283a56e61f311581d66266cb
2017-04-20,0.5332488237354653,1,isotropic_constructed_macro_nats_full_precision_v3,0552c7f4701ada91e31e916f992171b9418cb47d283a56e61f311581d66266cb
2017-04-24,0.5443649515927877,1,isotropic_constructed_macro_nats_full_precision_v3,0552c7f4701ada91e31e916f992171b9418cb47d283a56e61f311581d66266cb
2017-04-26,0.5286057459836733,2,isotropic_constructed_macro_nats_full_precision_v3,0552c7f4701ada91e31e916f992171b9418cb47d283a56e61f311581d66266cb
2017-04-28,0.5436342780248287,1,isotropic_constructed_macro_nats_full_precision_v3,0552c7f4701ada91e31e916f992171b9418cb47d283a56e61f311581d66266cb
2017-05-02,0.5302725657194458,1,isotropic_constructed_macro_nats_full_precision_v3,0552c7f4701ada91e31e916f992171b9418cb47d283a56e61f311581d66266cb
2017-05-04,0.5398278619316195,1,isotropic_constructed_macro_nats_full_precision_v3,0552c7f4701ada91e31e916f992171b9418cb47d283a56e61f311581d66266cb
2017-05-08,0.5423087424156274,1,isotropic_constructed_macro_nats_full_precision_v3,0552c7f4701ada91e31e916f992171b9418cb47d283a56e61f311581d66266cb
2017-05-10,0.5367816133450853,1,isotropic_constructed_macro_nats_full_precision_v3,0552c7f4701ada91e31e916f992171b9418cb47d283a56e61f311581d66266cb
2017-05-12,0.5391670220120182,1,isotropic_constructed_macro_nats_full_precision_v3,0552c7f4701ada91e31e916f992171b9418cb47d283a56e61f311581d66266cb
2017-05-16,0.517968656741847,1,isotropic_constructed_macro_nats_full_precision_v3,0552c7f4701ada91e31e916f992171b9418cb47d283a56e61f311581d66266cb
2017-05-18,0.5248210074750943,1,isotropic_constructed_macro_nats_full_precision_v3,0552c7f4701ada91e31e916f992171b9418cb47d283a56e61f311581d66266cb
2017-05-22,0.5379673145052362,1,isotropic_constructed_macro_nats_full_precision_v3,0552c7f4701ada91e31e916f992171b9418cb47d283a56e61f311581d66266cb
2017-05-24,0.5079153359328381,2,isotropic_constructed_macro_nats_full_precision_v3,0552c7f4701ada91e31e916f992171b9418cb47d283a56e61f311581d66266cb
2017-05-26,0.5041854644171458,1,isotropic_constructed_macro_nats_full_precision_v3,0552c7f4701ada91e31e916f992171b9418cb47d283a56e61f311581d66266cb
2017-05-31,0.5337837472945037,1,isotropic_constructed_macro_nats_full_precision_v3,0552c7f4701ada91e31e916f992171b9418cb47d283a56e61f311581d66266cb
2017-06-02,0.5064046853446077,1,isotropic_constructed_macro_nats_full_precision_v3,0552c7f4701ada91e31e916f992171b9418cb47d283a56e61f311581d66266cb
2017-06-06,0.5272571533923165,1,isotropic_constructed_macro_nats_full_precision_v3,0552c7f4701ada91e31e916f992171b9418cb47d283a56e61f311581d66266cb
2017-06-08,0.510657803174781,1,isotropic_constructed_macro_nats_full_precision_v3,0552c7f4701ada91e31e916f992171b9418cb47d283a56e61f311581d66266cb
2017-06-12,0.513328727946202,1,isotropic_constructed_macro_nats_full_precision_v3,0552c7f4701ada91e31e916f992171b9418cb47d283a56e61f311581d66266cb
2017-06-14,0.5137089959988114,1,isotropic_constructed_macro_nats_full_precision_v3,0552c7f4701ada91e31e916f992171b9418cb47d283a56e61f311581d66266cb
2017-06-16,0.5116526868212923,1,isotropic_constructed_macro_nats_full_precision_v3,0552c7f4701ada91e31e916f992171b9418cb47d283a56e61f311581d66266cb
2017-06-20,0.5220806189489517,1,isotropic_constructed_macro_nats_full_precision_v3,0552c7f4701ada91e31e916f992171b9418cb47d283a56e61f311581d66266cb
2017-06-22,0.49637557328239246,1,isotropic_constructed_macro_nats_full_precision_v3,0552c7f4701ada91e31e916f992171b9418cb47d283a56e61f311581d66266cb
2017-06-26,0.48551301525858304,1,isotropic_constructed_macro_nats_full_precision_v3,0552c7f4701ada91e31e916f992171b9418cb47d283a56e61f311581d66266cb
2017-06-28,0.4991382430845455,2,isotropic_constructed_macro_nats_full_precision_v3,0552c7f4701ada91e31e916f992171b9418cb47d283a56e61f311581d66266cb
2017-06-30,0.5071516467256546,2,isotropic_constructed_macro_nats_full_precision_v3,0552c7f4701ada91e31e916f992171b9418cb47d283a56e61f311581d66266cb
2017-07-05,0.5130040439073373,2,isotropic_constructed_macro_nats_full_precision_v3,0552c7f4701ada91e31e916f992171b9418cb47d283a56e61f311581d66266cb
2017-07-07,0.5035310456276758,2,isotropic_constructed_macro_nats_full_precision_v3,0552c7f4701ada91e31e916f992171b9418cb47d283a56e61f311581d66266cb
2017-07-11,0.47971311014711976,1,isotropic_constructed_macro_nats_full_precision_v3,0552c7f4701ada91e31e916f992171b9418cb47d283a56e61f311581d66266cb
2017-07-13,0.5102049960347321,2,isotropic_constructed_macro_nats_full_precision_v3,0552c7f4701ada91e31e916f992171b9418cb47d283a56e61f311581d66266cb
2017-07-17,0.5113939508146226,2,isotropic_constructed_macro_nats_full_precision_v3,0552c7f4701ada91e31e916f992171b9418cb47d283a56e61f311581d66266cb
2017-07-19,0.5113151818499111,2,isotropic_constructed_macro_nats_full_precision_v3,0552c7f4701ada91e31e916f992171b9418cb47d283a56e61f311581d66266cb
2017-07-21,0.47926646054853395,1,isotropic_constructed_macro_nats_full_precision_v3,0552c7f4701ada91e31e916f992171b9418cb47d283a56e61f311581d66266cb
2017-07-25,0.49610766418764196,2,isotropic_constructed_macro_nats_full_precision_v3,0552c7f4701ada91e31e916f992171b9418cb47d283a56e61f311581d66266cb
2017-07-27,0.4759331273159966,1,isotropic_constructed_macro_nats_full_precision_v3,0552c7f4701ada91e31e916f992171b9418cb47d283a56e61f311581d66266cb
2017-07-31,0.5338919850616257,1,isotropic_constructed_macro_nats_full_precision_v3,0552c7f4701ada91e31e916f992171b9418cb47d283a56e61f311581d66266cb
2017-08-02,0.5247159670772154,1,isotropic_constructed_macro_nats_full_precision_v3,0552c7f4701ada91e31e916f992171b9418cb47d283a56e61f311581d66266cb
2017-08-04,0.5068945787722923,1,isotropic_constructed_macro_nats_full_precision_v3,0552c7f4701ada91e31e916f992171b9418cb47d283a56e61f311581d66266cb
2017-08-08,0.5131948589224932,1,isotropic_constructed_macro_nats_full_precision_v3,0552c7f4701ada91e31e916f992171b9418cb47d283a56e61f311581d66266cb
2017-08-10,0.506722982465615,1,isotropic_constructed_macro_nats_full_precision_v3,0552c7f4701ada91e31e916f992171b9418cb47d283a56e61f311581d66266cb
2017-08-14,0.5047580324381111,1,isotropic_constructed_macro_nats_full_precision_v3,0552c7f4701ada91e31e916f992171b9418cb47d283a56e61f311581d66266cb
2017-08-16,0.49858016835872887,1,isotropic_constructed_macro_nats_full_precision_v3,0552c7f4701ada91e31e916f992171b9418cb47d283a56e61f311581d66266cb
2017-08-18,0.49299891930180884,1,isotropic_constructed_macro_nats_full_precision_v3,0552c7f4701ada91e31e916f992171b9418cb47d283a56e61f311581d66266cb
2017-08-22,0.4819363021746626,1,isotropic_constructed_macro_nats_full_precision_v3,0552c7f4701ada91e31e916f992171b9418cb47d283a56e61f311581d66266cb
2017-08-24,0.4788650514596495,2,isotropic_constructed_macro_nats_full_precision_v3,0552c7f4701ada91e31e916f992171b9418cb47d283a56e61f311581d66266cb
2017-08-28,0.4880079767131362,1,isotropic_constructed_macro_nats_full_precision_v3,0552c7f4701ada91e31e916f992171b9418cb47d283a56e61f311581d66266cb
2017-08-30,0.4749283963975174,1,isotropic_constructed_macro_nats_full_precision_v3,0552c7f4701ada91e31e916f992171b9418cb47d283a56e61f311581d66266cb
2017-09-01,0.47431216732618325,1,isotropic_constructed_macro_nats_full_precision_v3,0552c7f4701ada91e31e916f992171b9418cb47d283a56e61f311581d66266cb
2017-09-06,0.4666289215375892,2,isotropic_constructed_macro_nats_full_precision_v3,0552c7f4701ada91e31e916f992171b9418cb47d283a56e61f311581d66266cb
2017-09-08,0.4645833323034754,1,isotropic_constructed_macro_nats_full_precision_v3,0552c7f4701ada91e31e916f992171b9418cb47d283a56e61f311581d66266cb
2017-09-12,0.4690332536252125,1,isotropic_constructed_macro_nats_full_precision_v3,0552c7f4701ada91e31e916f992171b9418cb47d283a56e61f311581d66266cb
2017-09-14,0.4697427915230094,1,isotropic_constructed_macro_nats_full_precision_v3,0552c7f4701ada91e31e916f992171b9418cb47d283a56e61f311581d66266cb
2017-09-18,0.49954326077854344,1,isotropic_constructed_macro_nats_full_precision_v3,0552c7f4701ada91e31e916f992171b9418cb47d283a56e61f311581d66266cb
2017-09-20,0.5068538448780153,1,isotropic_constructed_macro_nats_full_precision_v3,0552c7f4701ada91e31e916f992171b9418cb47d283a56e61f311581d66266cb
2017-09-22,0.5025353003806023,1,isotropic_constructed_macro_nats_full_precision_v3,0552c7f4701ada91e31e916f992171b9418cb47d283a56e61f311581d66266cb
2017-09-26,0.5147178873768822,1,isotropic_constructed_macro_nats_full_precision_v3,0552c7f4701ada91e31e916f992171b9418cb47d283a56e61f311581d66266cb
2017-09-28,0.504944742512617,1,isotropic_constructed_macro_nats_full_precision_v3,0552c7f4701ada91e31e916f992171b9418cb47d283a56e61f311581d66266cb
2017-10-02,0.522756788837806,1,isotropic_constructed_macro_nats_full_precision_v3,0552c7f4701ada91e31e916f992171b9418cb47d283a56e61f311581d66266cb
2017-10-04,0.5371899547608336,1,isotropic_constructed_macro_nats_full_precision_v3,0552c7f4701ada91e31e916f992171b9418cb47d283a56e61f311581d66266cb
2017-10-06,0.5344151841309221,1,isotropic_constructed_macro_nats_full_precision_v3,0552c7f4701ada91e31e916f992171b9418cb47d283a56e61f311581d66266cb
2017-10-10,0.5185382543067777,1,isotropic_constructed_macro_nats_full_precision_v3,0552c7f4701ada91e31e916f992171b9418cb47d283a56e61f311581d66266cb
2017-10-12,0.5521417745757877,1,isotropic_constructed_macro_nats_full_precision_v3,0552c7f4701ada91e31e916f992171b9418cb47d283a56e61f311581d66266cb
2017-10-16,0.5451748670611447,1,isotropic_constructed_macro_nats_full_precision_v3,0552c7f4701ada91e31e916f992171b9418cb47d283a56e61f311581d66266cb
2017-10-18,0.523558915631298,1,isotropic_constructed_macro_nats_full_precision_v3,0552c7f4701ada91e31e916f992171b9418cb47d283a56e61f311581d66266cb
2017-10-20,0.5400051504811524,1,isotropic_constructed_macro_nats_full_precision_v3,0552c7f4701ada91e31e916f992171b9418cb47d283a56e61f311581d66266cb
2017-10-24,0.5398520510428889,1,isotropic_constructed_macro_nats_full_precision_v3,0552c7f4701ada91e31e916f992171b9418cb47d283a56e61f311581d66266cb
2017-10-26,0.539803598166454,1,isotropic_constructed_macro_nats_full_precision_v3,0552c7f4701ada91e31e916f992171b9418cb47d283a56e61f311581d66266cb
2017-10-30,0.5505019412632104,1,isotropic_constructed_macro_nats_full_precision_v3,0552c7f4701ada91e31e916f992171b9418cb47d283a56e61f311581d66266cb
2017-11-01,0.5357992936450352,1,isotropic_constructed_macro_nats_full_precision_v3,0552c7f4701ada91e31e916f992171b9418cb47d283a56e61f311581d66266cb
2017-11-03,0.5329870054860362,1,isotropic_constructed_macro_nats_full_precision_v3,0552c7f4701ada91e31e916f992171b9418cb47d283a56e61f311581d66266cb
2017-11-07,0.5413250010526891,1,isotropic_constructed_macro_nats_full_precision_v3,0552c7f4701ada91e31e916f992171b9418cb47d283a56e61f311581d66266cb
2017-11-09,0.5383254755157123,1,isotropic_constructed_macro_nats_full_precision_v3,0552c7f4701ada91e31e916f992171b9418cb47d283a56e61f311581d66266cb
2017-11-13,0.5275588609324802,1,isotropic_constructed_macro_nats_full_precision_v3,0552c7f4701ada91e31e916f992171b9418cb47d283a56e61f311581d66266cb
2017-11-15,0.5216926299195401,1,isotropic_constructed_macro_nats_full_precision_v3,0552c7f4701ada91e31e916f992171b9418cb47d283a56e61f311581d66266cb
2017-11-17,0.5371938998504182,1,isotropic_constructed_macro_nats_full_precision_v3,0552c7f4701ada91e31e916f992171b9418cb47d283a56e61f311581d66266cb
2017-11-21,0.5300343621640238,1,isotropic_constructed_macro_nats_full_precision_v3,0552c7f4701ada91e31e916f992171b9418cb47d283a56e61f311581d66266cb
2017-11-24,0.5287235874249628,1,isotropic_constructed_macro_nats_full_precision_v3,0552c7f4701ada91e31e916f992171b9418cb47d283a56e61f311581d66266cb
2017-11-28,0.536925408250801,1,isotropic_constructed_macro_nats_full_precision_v3,0552c7f4701ada91e31e916f992171b9418cb47d283a56e61f311581d66266cb
2017-11-30,0.503328746014988,1,isotropic_constructed_macro_nats_full_precision_v3,0552c7f4701ada91e31e916f992171b9418cb47d283a56e61f311581d66266cb
2017-12-04,0.49238672151466434,1,isotropic_constructed_macro_nats_full_precision_v3,0552c7f4701ada91e31e916f992171b9418cb47d283a56e61f311581d66266cb
2017-12-06,0.4724311629855008,1,isotropic_constructed_macro_nats_full_precision_v3,0552c7f4701ada91e31e916f992171b9418cb47d283a56e61f311581d66266cb
2017-12-08,0.4770197601435373,1,isotropic_constructed_macro_nats_full_precision_v3,0552c7f4701ada91e31e916f992171b9418cb47d283a56e61f311581d66266cb
2017-12-12,0.4642962728927209,1,isotropic_constructed_macro_nats_full_precision_v3,0552c7f4701ada91e31e916f992171b9418cb47d283a56e61f311581d66266cb
2017-12-14,0.48481237275724715,1,isotropic_constructed_macro_nats_full_precision_v3,0552c7f4701ada91e31e916f992171b9418cb47d283a56e61f311581d66266cb
2017-12-18,0.4810761102528342,1,isotropic_constructed_macro_nats_full_precision_v3,0552c7f4701ada91e31e916f992171b9418cb47d283a56e61f311581d66266cb
2017-12-20,0.47357779553496504,1,isotropic_constructed_macro_nats_full_precision_v3,0552c7f4701ada91e31e916f992171b9418cb47d283a56e61f311581d66266cb
2017-12-22,0.47757270625812726,1,isotropic_constructed_macro_nats_full_precision_v3,0552c7f4701ada91e31e916f992171b9418cb47d283a56e61f311581d66266cb
2017-12-27,0.4787283791579611,1,isotropic_constructed_macro_nats_full_precision_v3,0552c7f4701ada91e31e916f992171b9418cb47d283a56e61f311581d66266cb
2017-12-29,0.48087901216339934,1,isotropic_constructed_macro_nats_full_precision_v3,0552c7f4701ada91e31e916f992171b9418cb47d283a56e61f311581d66266cb
2018-01-03,0.48097252423628883,1,isotropic_constructed_macro_nats_full_precision_v3,0552c7f4701ada91e31e916f992171b9418cb47d283a56e61f311581d66266cb
2018-01-05,0.472041986156162,1,isotropic_constructed_macro_nats_full_precision_v3,0552c7f4701ada91e31e916f992171b9418cb47d283a56e61f311581d66266cb
2018-01-09,0.5083012450988802,1,isotropic_constructed_macro_nats_full_precision_v3,0552c7f4701ada91e31e916f992171b9418cb47d283a56e61f311581d66266cb
2018-01-11,0.5183300533300501,1,isotropic_constructed_macro_nats_full_precision_v3,0552c7f4701ada91e31e916f992171b9418cb47d283a56e61f311581d66266cb
2018-01-16,0.5520341910368894,1,isotropic_constructed_macro_nats_full_precision_v3,0552c7f4701ada91e31e916f992171b9418cb47d283a56e61f311581d66266cb
2018-01-18,0.5048003087663349,1,isotropic_constructed_macro_nats_full_precision_v3,0552c7f4701ada91e31e916f992171b9418cb47d283a56e61f311581d66266cb
2018-01-22,0.4909282723110287,1,isotropic_constructed_macro_nats_full_precision_v3,0552c7f4701ada91e31e916f992171b9418cb47d283a56e61f311581d66266cb
2018-01-24,0.4255908749659392,1,isotropic_constructed_macro_nats_full_precision_v3,0552c7f4701ada91e31e916f992171b9418cb47d283a56e61f311581d66266cb
2018-01-26,0.482246711566473,1,isotropic_constructed_macro_nats_full_precision_v3,0552c7f4701ada91e31e916f992171b9418cb47d283a56e61f311581d66266cb
2018-01-30,0.45611457753082396,1,isotropic_constructed_macro_nats_full_precision_v3,0552c7f4701ada91e31e916f992171b9418cb47d283a56e61f311581d66266cb
2018-02-01,0.47884754069083657,1,isotropic_constructed_macro_nats_full_precision_v3,0552c7f4701ada91e31e916f992171b9418cb47d283a56e61f311581d66266cb
2018-02-05,0.478658722125366,1,isotropic_constructed_macro_nats_full_precision_v3,0552c7f4701ada91e31e916f992171b9418cb47d283a56e61f311581d66266cb
2018-02-07,0.474425501044986,1,isotropic_constructed_macro_nats_full_precision_v3,0552c7f4701ada91e31e916f992171b9418cb47d283a56e61f311581d66266cb
2018-02-09,0.4660941076457431,1,isotropic_constructed_macro_nats_full_precision_v3,0552c7f4701ada91e31e916f992171b9418cb47d283a56e61f311581d66266cb
2018-02-13,0.48379266929631487,1,isotropic_constructed_macro_nats_full_precision_v3,0552c7f4701ada91e31e916f992171b9418cb47d283a56e61f311581d66266cb
2018-02-15,0.48302446897734885,1,isotropic_constructed_macro_nats_full_precision_v3,0552c7f4701ada91e31e916f992171b9418cb47d283a56e61f311581d66266cb
2018-02-20,0.5123947881542532,1,isotropic_constructed_macro_nats_full_precision_v3,0552c7f4701ada91e31e916f992171b9418cb47d283a56e61f311581d66266cb
2018-02-22,0.5149519984087947,1,isotropic_constructed_macro_nats_full_precision_v3,0552c7f4701ada91e31e916f992171b9418cb47d283a56e61f311581d66266cb
2018-02-26,0.5195486993828038,1,isotropic_constructed_macro_nats_full_precision_v3,0552c7f4701ada91e31e916f992171b9418cb47d283a56e61f311581d66266cb
2018-02-28,0.5319243334039474,1,isotropic_constructed_macro_nats_full_precision_v3,0552c7f4701ada91e31e916f992171b9418cb47d283a56e61f311581d66266cb
2018-03-02,0.5221423851711793,1,isotropic_constructed_macro_nats_full_precision_v3,0552c7f4701ada91e31e916f992171b9418cb47d283a56e61f311581d66266cb
2018-03-06,0.5121704143777767,1,isotropic_constructed_macro_nats_full_precision_v3,0552c7f4701ada91e31e916f992171b9418cb47d283a56e61f311581d66266cb
2018-03-08,0.509883485135786,1,isotropic_constructed_macro_nats_full_precision_v3,0552c7f4701ada91e31e916f992171b9418cb47d283a56e61f311581d66266cb
2018-03-12,0.4792349189847911,1,isotropic_constructed_macro_nats_full_precision_v3,0552c7f4701ada91e31e916f992171b9418cb47d283a56e61f311581d66266cb
2018-03-14,0.4750460821003599,1,isotropic_constructed_macro_nats_full_precision_v3,0552c7f4701ada91e31e916f992171b9418cb47d283a56e61f311581d66266cb
2018-03-16,0.4853343962584747,1,isotropic_constructed_macro_nats_full_precision_v3,0552c7f4701ada91e31e916f992171b9418cb47d283a56e61f311581d66266cb
2018-03-20,0.46640220524764286,1,isotropic_constructed_macro_nats_full_precision_v3,0552c7f4701ada91e31e916f992171b9418cb47d283a56e61f311581d66266cb
2018-03-22,0.482292289477086,1,isotropic_constructed_macro_nats_full_precision_v3,0552c7f4701ada91e31e916f992171b9418cb47d283a56e61f311581d66266cb
2018-03-26,0.47049157089237426,1,isotropic_constructed_macro_nats_full_precision_v3,0552c7f4701ada91e31e916f992171b9418cb47d283a56e61f311581d66266cb
2018-03-28,0.45738062311345307,1,isotropic_constructed_macro_nats_full_precision_v3,0552c7f4701ada91e31e916f992171b9418cb47d283a56e61f311581d66266cb
2018-04-02,0.4545529346736892,1,isotropic_constructed_macro_nats_full_precision_v3,0552c7f4701ada91e31e916f992171b9418cb47d283a56e61f311581d66266cb
2018-04-04,0.45745609004403937,1,isotropic_constructed_macro_nats_full_precision_v3,0552c7f4701ada91e31e916f992171b9418cb47d283a56e61f311581d66266cb
2018-04-06,0.46724978422240737,1,isotropic_constructed_macro_nats_full_precision_v3,0552c7f4701ada91e31e916f992171b9418cb47d283a56e61f311581d66266cb
2018-04-10,0.4479487410436671,1,isotropic_constructed_macro_nats_full_precision_v3,0552c7f4701ada91e31e916f992171b9418cb47d283a56e61f311581d66266cb
2018-04-12,0.4440787216781421,1,isotropic_constructed_macro_nats_full_precision_v3,0552c7f4701ada91e31e916f992171b9418cb47d283a56e61f311581d66266cb
2018-04-16,0.4596557907739159,1,isotropic_constructed_macro_nats_full_precision_v3,0552c7f4701ada91e31e916f992171b9418cb47d283a56e61f311581d66266cb
2018-04-18,0.45344111068467713,1,isotropic_constructed_macro_nats_full_precision_v3,0552c7f4701ada91e31e916f992171b9418cb47d283a56e61f311581d66266cb
2018-04-20,0.4566911872025618,1,isotropic_constructed_macro_nats_full_precision_v3,0552c7f4701ada91e31e916f992171b9418cb47d283a56e61f311581d66266cb
2018-04-24,0.4917492099441093,1,isotropic_constructed_macro_nats_full_precision_v3,0552c7f4701ada91e31e916f992171b9418cb47d283a56e61f311581d66266cb
2018-04-26,0.4901601321088812,1,isotropic_constructed_macro_nats_full_precision_v3,0552c7f4701ada91e31e916f992171b9418cb47d283a56e61f311581d66266cb
2018-04-30,0.48910804013365716,1,isotropic_constructed_macro_nats_full_precision_v3,0552c7f4701ada91e31e916f992171b9418cb47d283a56e61f311581d66266cb
2018-05-02,0.476758943481266,1,isotropic_constructed_macro_nats_full_precision_v3,0552c7f4701ada91e31e916f992171b9418cb47d283a56e61f311581d66266cb
2018-05-04,0.4659818008182237,1,isotropic_constructed_macro_nats_full_precision_v3,0552c7f4701ada91e31e916f992171b9418cb47d283a56e61f311581d66266cb
2018-05-08,0.4739781518024229,1,isotropic_constructed_macro_nats_full_precision_v3,0552c7f4701ada91e31e916f992171b9418cb47d283a56e61f311581d66266cb
2018-05-10,0.47007335541935846,1,isotropic_constructed_macro_nats_full_precision_v3,0552c7f4701ada91e31e916f992171b9418cb47d283a56e61f311581d66266cb
2018-05-14,0.4680937504127663,1,isotropic_constructed_macro_nats_full_precision_v3,0552c7f4701ada91e31e916f992171b9418cb47d283a56e61f311581d66266cb
2018-05-16,0.4730664886394054,1,isotropic_constructed_macro_nats_full_precision_v3,0552c7f4701ada91e31e916f992171b9418cb47d283a56e61f311581d66266cb
2018-05-18,0.4752854293364094,1,isotropic_constructed_macro_nats_full_precision_v3,0552c7f4701ada91e31e916f992171b9418cb47d283a56e61f311581d66266cb
2018-05-22,0.47294069593696947,1,isotropic_constructed_macro_nats_full_precision_v3,0552c7f4701ada91e31e916f992171b9418cb47d283a56e61f311581d66266cb
2018-05-24,0.4759386249861204,1,isotropic_constructed_macro_nats_full_precision_v3,0552c7f4701ada91e31e916f992171b9418cb47d283a56e61f311581d66266cb
2018-05-29,0.47439751587947937,1,isotropic_constructed_macro_nats_full_precision_v3,0552c7f4701ada91e31e916f992171b9418cb47d283a56e61f311581d66266cb
2018-05-31,0.47140476436055456,1,isotropic_constructed_macro_nats_full_precision_v3,0552c7f4701ada91e31e916f992171b9418cb47d283a56e61f311581d66266cb
2018-06-04,0.46185253170502244,1,isotropic_constructed_macro_nats_full_precision_v3,0552c7f4701ada91e31e916f992171b9418cb47d283a56e61f311581d66266cb
2018-06-06,0.4700073353993464,1,isotropic_constructed_macro_nats_full_precision_v3,0552c7f4701ada91e31e916f992171b9418cb47d283a56e61f311581d66266cb
2018-06-08,0.4595995985882277,1,isotropic_constructed_macro_nats_full_precision_v3,0552c7f4701ada91e31e916f992171b9418cb47d283a56e61f311581d66266cb
2018-06-12,0.46706243783732454,1,isotropic_constructed_macro_nats_full_precision_v3,0552c7f4701ada91e31e916f992171b9418cb47d283a56e61f311581d66266cb
2018-06-14,0.45283122002465276,1,isotropic_constructed_macro_nats_full_precision_v3,0552c7f4701ada91e31e916f992171b9418cb47d283a56e61f311581d66266cb
2018-06-18,0.4523912902623322,1,isotropic_constructed_macro_nats_full_precision_v3,0552c7f4701ada91e31e916f992171b9418cb47d283a56e61f311581d66266cb
2018-06-20,0.4413454183261368,1,isotropic_constructed_macro_nats_full_precision_v3,0552c7f4701ada91e31e916f992171b9418cb47d283a56e61f311581d66266cb
2018-06-22,0.4320233056268706,1,isotropic_constructed_macro_nats_full_precision_v3,0552c7f4701ada91e31e916f992171b9418cb47d283a56e61f311581d66266cb
2018-06-26,0.4245061700188708,1,isotropic_constructed_macro_nats_full_precision_v3,0552c7f4701ada91e31e916f992171b9418cb47d283a56e61f311581d66266cb
2018-06-28,0.43604572357336707,1,isotropic_constructed_macro_nats_full_precision_v3,0552c7f4701ada91e31e916f992171b9418cb47d283a56e61f311581d66266cb
2018-07-02,0.4435664021358505,1,isotropic_constructed_macro_nats_full_precision_v3,0552c7f4701ada91e31e916f992171b9418cb47d283a56e61f311581d66266cb
2018-07-05,0.4301677298170953,1,isotropic_constructed_macro_nats_full_precision_v3,0552c7f4701ada91e31e916f992171b9418cb47d283a56e61f311581d66266cb
2018-07-09,0.43032730664449187,1,isotropic_constructed_macro_nats_full_precision_v3,0552c7f4701ada91e31e916f992171b9418cb47d283a56e61f311581d66266cb
2018-07-11,0.4436702671425533,1,isotropic_constructed_macro_nats_full_precision_v3,0552c7f4701ada91e31e916f992171b9418cb47d283a56e61f311581d66266cb
2018-07-13,0.4328664003120858,1,isotropic_constructed_macro_nats_full_precision_v3,0552c7f4701ada91e31e916f992171b9418cb47d283a56e61f311581d66266cb
2018-07-17,0.4220834975952183,1,isotropic_constructed_macro_nats_full_precision_v3,0552c7f4701ada91e31e916f992171b9418cb47d283a56e61f311581d66266cb
2018-07-19,0.414349591201762,1,isotropic_constructed_macro_nats_full_precision_v3,0552c7f4701ada91e31e916f992171b9418cb47d283a56e61f311581d66266cb
2018-07-23,0.42184498883173455,1,isotropic_constructed_macro_nats_full_precision_v3,0552c7f4701ada91e31e916f992171b9418cb47d283a56e61f311581d66266cb
2018-07-25,0.4219804126292429,1,isotropic_constructed_macro_nats_full_precision_v3,0552c7f4701ada91e31e916f992171b9418cb47d283a56e61f311581d66266cb
2018-07-27,0.40579964112408495,1,isotropic_constructed_macro_nats_full_precision_v3,0552c7f4701ada91e31e916f992171b9418cb47d283a56e61f311581d66266cb
2018-07-31,0.39311089886324524,1,isotropic_constructed_macro_nats_full_precision_v3,0552c7f4701ada91e31e916f992171b9418cb47d283a56e61f311581d66266cb
2018-08-02,0.3956648509083985,1,isotropic_constructed_macro_nats_full_precision_v3,0552c7f4701ada91e31e916f992171b9418cb47d283a56e61f311581d66266cb
2018-08-06,0.3989674171358435,1,isotropic_constructed_macro_nats_full_precision_v3,0552c7f4701ada91e31e916f992171b9418cb47d283a56e61f311581d66266cb
2018-08-08,0.3918278888133279,1,isotropic_constructed_macro_nats_full_precision_v3,0552c7f4701ada91e31e916f992171b9418cb47d283a56e61f311581d66266cb
2018-08-10,0.4122022658506596,1,isotropic_constructed_macro_nats_full_precision_v3,0552c7f4701ada91e31e916f992171b9418cb47d283a56e61f311581d66266cb
2018-08-14,0.4031530901882363,1,isotropic_constructed_macro_nats_full_precision_v3,0552c7f4701ada91e31e916f992171b9418cb47d283a56e61f311581d66266cb
2018-08-16,0.4094365655854907,1,isotropic_constructed_macro_nats_full_precision_v3,0552c7f4701ada91e31e916f992171b9418cb47d283a56e61f311581d66266cb
2018-08-20,0.40808252296937153,1,isotropic_constructed_macro_nats_full_precision_v3,0552c7f4701ada91e31e916f992171b9418cb47d283a56e61f311581d66266cb
2018-08-22,0.4161440586257851,1,isotropic_constructed_macro_nats_full_precision_v3,0552c7f4701ada91e31e916f992171b9418cb47d283a56e61f311581d66266cb
2018-08-24,0.4142442445177477,1,isotropic_constructed_macro_nats_full_precision_v3,0552c7f4701ada91e31e916f992171b9418cb47d283a56e61f311581d66266cb
2018-08-28,0.4401737121190564,1,isotropic_constructed_macro_nats_full_precision_v3,0552c7f4701ada91e31e916f992171b9418cb47d283a56e61f311581d66266cb
2018-08-30,0.43569503422893685,1,isotropic_constructed_macro_nats_full_precision_v3,0552c7f4701ada91e31e916f992171b9418cb47d283a56e61f311581d66266cb
2018-09-04,0.4439376345999074,1,isotropic_constructed_macro_nats_full_precision_v3,0552c7f4701ada91e31e916f992171b9418cb47d283a56e61f311581d66266cb
2018-09-06,0.4426012334962264,1,isotropic_constructed_macro_nats_full_precision_v3,0552c7f4701ada91e31e916f992171b9418cb47d283a56e61f311581d66266cb
2018-09-10,0.4381162352725913,1,isotropic_constructed_macro_nats_full_precision_v3,0552c7f4701ada91e31e916f992171b9418cb47d283a56e61f311581d66266cb
2018-09-12,0.4385386401307877,1,isotropic_constructed_macro_nats_full_precision_v3,0552c7f4701ada91e31e916f992171b9418cb47d283a56e61f311581d66266cb
2018-09-14,0.42782163865725487,1,isotropic_constructed_macro_nats_full_precision_v3,0552c7f4701ada91e31e916f992171b9418cb47d283a56e61f311581d66266cb
2018-09-18,0.4269900269402249,1,isotropic_constructed_macro_nats_full_precision_v3,0552c7f4701ada91e31e916f992171b9418cb47d283a56e61f311581d66266cb
2018-09-20,0.4253816269428213,1,isotropic_constructed_macro_nats_full_precision_v3,0552c7f4701ada91e31e916f992171b9418cb47d283a56e61f311581d66266cb
2018-09-24,0.4258710469138925,1,isotropic_constructed_macro_nats_full_precision_v3,0552c7f4701ada91e31e916f992171b9418cb47d283a56e61f311581d66266cb
2018-09-26,0.4095980177954778,1,isotropic_constructed_macro_nats_full_precision_v3,0552c7f4701ada91e31e916f992171b9418cb47d283a56e61f311581d66266cb
2018-09-28,0.40794015812217455,1,isotropic_constructed_macro_nats_full_precision_v3,0552c7f4701ada91e31e916f992171b9418cb47d283a56e61f311581d66266cb
2018-10-02,0.3980293641312251,1,isotropic_constructed_macro_nats_full_precision_v3,0552c7f4701ada91e31e916f992171b9418cb47d283a56e61f311581d66266cb
2018-10-04,0.39817025672639084,1,isotropic_constructed_macro_nats_full_precision_v3,0552c7f4701ada91e31e916f992171b9418cb47d283a56e61f311581d66266cb
2018-10-08,0.4010156410400024,1,isotropic_constructed_macro_nats_full_precision_v3,0552c7f4701ada91e31e916f992171b9418cb47d283a56e61f311581d66266cb
2018-10-10,0.415796258006683,1,isotropic_constructed_macro_nats_full_precision_v3,0552c7f4701ada91e31e916f992171b9418cb47d283a56e61f311581d66266cb
2018-10-12,0.41983313617680434,1,isotropic_constructed_macro_nats_full_precision_v3,0552c7f4701ada91e31e916f992171b9418cb47d283a56e61f311581d66266cb
2018-10-16,0.4123703172802191,1,isotropic_constructed_macro_nats_full_precision_v3,0552c7f4701ada91e31e916f992171b9418cb47d283a56e61f311581d66266cb
2018-10-18,0.3994708310827061,1,isotropic_constructed_macro_nats_full_precision_v3,0552c7f4701ada91e31e916f992171b9418cb47d283a56e61f311581d66266cb
2018-10-22,0.3730665584070241,1,isotropic_constructed_macro_nats_full_precision_v3,0552c7f4701ada91e31e916f992171b9418cb47d283a56e61f311581d66266cb
2018-10-24,0.3890125591888736,2,isotropic_constructed_macro_nats_full_precision_v3,0552c7f4701ada91e31e916f992171b9418cb47d283a56e61f311581d66266cb
2018-10-26,0.4326527467731887,2,isotropic_constructed_macro_nats_full_precision_v3,0552c7f4701ada91e31e916f992171b9418cb47d283a56e61f311581d66266cb
2018-10-30,0.45662078413390966,2,isotropic_constructed_macro_nats_full_precision_v3,0552c7f4701ada91e31e916f992171b9418cb47d283a56e61f311581d66266cb
2018-11-01,0.4619380437163259,2,isotropic_constructed_macro_nats_full_precision_v3,0552c7f4701ada91e31e916f992171b9418cb47d283a56e61f311581d66266cb
2018-11-05,0.46727383346086787,2,isotropic_constructed_macro_nats_full_precision_v3,0552c7f4701ada91e31e916f992171b9418cb47d283a56e61f311581d66266cb
2018-11-07,0.46359145186018036,2,isotropic_constructed_macro_nats_full_precision_v3,0552c7f4701ada91e31e916f992171b9418cb47d283a56e61f311581d66266cb
2018-11-09,0.4581867571483028,2,isotropic_constructed_macro_nats_full_precision_v3,0552c7f4701ada91e31e916f992171b9418cb47d283a56e61f311581d66266cb
2018-11-13,0.47034364703494586,2,isotropic_constructed_macro_nats_full_precision_v3,0552c7f4701ada91e31e916f992171b9418cb47d283a56e61f311581d66266cb
2018-11-15,0.4502871951183754,2,isotropic_constructed_macro_nats_full_precision_v3,0552c7f4701ada91e31e916f992171b9418cb47d283a56e61f311581d66266cb
2018-11-19,0.45158463473392524,2,isotropic_constructed_macro_nats_full_precision_v3,0552c7f4701ada91e31e916f992171b9418cb47d283a56e61f311581d66266cb
2018-11-21,0.46292168305723647,2,isotropic_constructed_macro_nats_full_precision_v3,0552c7f4701ada91e31e916f992171b9418cb47d283a56e61f311581d66266cb
2018-11-26,0.46833801404002634,2,isotropic_constructed_macro_nats_full_precision_v3,0552c7f4701ada91e31e916f992171b9418cb47d283a56e61f311581d66266cb
2018-11-28,0.4604821012621526,2,isotropic_constructed_macro_nats_full_precision_v3,0552c7f4701ada91e31e916f992171b9418cb47d283a56e61f311581d66266cb
2018-11-30,0.4538554627972103,2,isotropic_constructed_macro_nats_full_precision_v3,0552c7f4701ada91e31e916f992171b9418cb47d283a56e61f311581d66266cb
2018-12-04,0.46256135344403015,2,isotropic_constructed_macro_nats_full_precision_v3,0552c7f4701ada91e31e916f992171b9418cb47d283a56e61f311581d66266cb
2018-12-07,0.4509670120996045,2,isotropic_constructed_macro_nats_full_precision_v3,0552c7f4701ada91e31e916f992171b9418cb47d283a56e61f311581d66266cb
2018-12-11,0.45037609496821435,2,isotropic_constructed_macro_nats_full_precision_v3,0552c7f4701ada91e31e916f992171b9418cb47d283a56e61f311581d66266cb
2018-12-13,0.4486862370879173,2,isotropic_constructed_macro_nats_full_precision_v3,0552c7f4701ada91e31e916f992171b9418cb47d283a56e61f311581d66266cb
2018-12-17,0.4505723829749976,2,isotropic_constructed_macro_nats_full_precision_v3,0552c7f4701ada91e31e916f992171b9418cb47d283a56e61f311581d66266cb
2018-12-19,0.43677219118429683,2,isotropic_constructed_macro_nats_full_precision_v3,0552c7f4701ada91e31e916f992171b9418cb47d283a56e61f311581d66266cb
2018-12-21,0.436439163338611,2,isotropic_constructed_macro_nats_full_precision_v3,0552c7f4701ada91e31e916f992171b9418cb47d283a56e61f311581d66266cb
2018-12-26,0.4621649208611044,2,isotropic_constructed_macro_nats_full_precision_v3,0552c7f4701ada91e31e916f992171b9418cb47d283a56e61f311581d66266cb
2018-12-28,0.43799295002871697,2,isotropic_constructed_macro_nats_full_precision_v3,0552c7f4701ada91e31e916f992171b9418cb47d283a56e61f311581d66266cb
2019-01-02,0.42759162522230054,2,isotropic_constructed_macro_nats_full_precision_v3,0552c7f4701ada91e31e916f992171b9418cb47d283a56e61f311581d66266cb
2019-01-04,0.45997157335949507,2,isotropic_constructed_macro_nats_full_precision_v3,0552c7f4701ada91e31e916f992171b9418cb47d283a56e61f311581d66266cb
2019-01-08,0.4364585927872122,2,isotropic_constructed_macro_nats_full_precision_v3,0552c7f4701ada91e31e916f992171b9418cb47d283a56e61f311581d66266cb
2019-01-10,0.43366836740634784,2,isotropic_constructed_macro_nats_full_precision_v3,0552c7f4701ada91e31e916f992171b9418cb47d283a56e61f311581d66266cb
2019-01-14,0.4345237072061516,2,isotropic_constructed_macro_nats_full_precision_v3,0552c7f4701ada91e31e916f992171b9418cb47d283a56e61f311581d66266cb
2019-01-16,0.4502554628287988,2,isotropic_constructed_macro_nats_full_precision_v3,0552c7f4701ada91e31e916f992171b9418cb47d283a56e61f311581d66266cb
2019-01-18,0.4574651904630028,2,isotropic_constructed_macro_nats_full_precision_v3,0552c7f4701ada91e31e916f992171b9418cb47d283a56e61f311581d66266cb
2019-01-23,0.4819077397096785,2,isotropic_constructed_macro_nats_full_precision_v3,0552c7f4701ada91e31e916f992171b9418cb47d283a56e61f311581d66266cb
2019-01-25,0.4592147550082731,2,isotropic_constructed_macro_nats_full_precision_v3,0552c7f4701ada91e31e916f992171b9418cb47d283a56e61f311581d66266cb
2019-01-29,0.4548153346771186,2,isotropic_constructed_macro_nats_full_precision_v3,0552c7f4701ada91e31e916f992171b9418cb47d283a56e61f311581d66266cb
2019-01-31,0.46051558766059336,2,isotropic_constructed_macro_nats_full_precision_v3,0552c7f4701ada91e31e916f992171b9418cb47d283a56e61f311581d66266cb
2019-02-04,0.4729665915526416,2,isotropic_constructed_macro_nats_full_precision_v3,0552c7f4701ada91e31e916f992171b9418cb47d283a56e61f311581d66266cb
2019-02-06,0.4778465547664997,2,isotropic_constructed_macro_nats_full_precision_v3,0552c7f4701ada91e31e916f992171b9418cb47d283a56e61f311581d66266cb
2019-02-08,0.47762717899332435,2,isotropic_constructed_macro_nats_full_precision_v3,0552c7f4701ada91e31e916f992171b9418cb47d283a56e61f311581d66266cb
2019-02-12,0.4798238639701567,2,isotropic_constructed_macro_nats_full_precision_v3,0552c7f4701ada91e31e916f992171b9418cb47d283a56e61f311581d66266cb
2019-02-14,0.46741563403801256,2,isotropic_constructed_macro_nats_full_precision_v3,0552c7f4701ada91e31e916f992171b9418cb47d283a56e61f311581d66266cb
2019-02-19,0.4617219735246427,2,isotropic_constructed_macro_nats_full_precision_v3,0552c7f4701ada91e31e916f992171b9418cb47d283a56e61f311581d66266cb
2019-02-21,0.45594539770298087,2,isotropic_constructed_macro_nats_full_precision_v3,0552c7f4701ada91e31e916f992171b9418cb47d283a56e61f311581d66266cb
2019-02-25,0.44308803067066377,2,isotropic_constructed_macro_nats_full_precision_v3,0552c7f4701ada91e31e916f992171b9418cb47d283a56e61f311581d66266cb
2019-02-27,0.446648097678108,2,isotropic_constructed_macro_nats_full_precision_v3,0552c7f4701ada91e31e916f992171b9418cb47d283a56e61f311581d66266cb
2019-03-01,0.447662151103424,2,isotropic_constructed_macro_nats_full_precision_v3,0552c7f4701ada91e31e916f992171b9418cb47d283a56e61f311581d66266cb
2019-03-05,0.44642573036155286,2,isotropic_constructed_macro_nats_full_precision_v3,0552c7f4701ada91e31e916f992171b9418cb47d283a56e61f311581d66266cb
2019-03-07,0.4464440430446672,2,isotropic_constructed_macro_nats_full_precision_v3,0552c7f4701ada91e31e916f992171b9418cb47d283a56e61f311581d66266cb
2019-03-11,0.454781047728246,2,isotropic_constructed_macro_nats_full_precision_v3,0552c7f4701ada91e31e916f992171b9418cb47d283a56e61f311581d66266cb
2019-03-13,0.4700036683549216,2,isotropic_constructed_macro_nats_full_precision_v3,0552c7f4701ada91e31e916f992171b9418cb47d283a56e61f311581d66266cb
2019-03-15,0.4739049499025604,2,isotropic_constructed_macro_nats_full_precision_v3,0552c7f4701ada91e31e916f992171b9418cb47d283a56e61f311581d66266cb
2019-03-19,0.48457231740788864,2,isotropic_constructed_macro_nats_full_precision_v3,0552c7f4701ada91e31e916f992171b9418cb47d283a56e61f311581d66266cb
2019-03-21,0.48502299199971216,2,isotropic_constructed_macro_nats_full_precision_v3,0552c7f4701ada91e31e916f992171b9418cb47d283a56e61f311581d66266cb
2019-03-25,0.49357726300233923,2,isotropic_constructed_macro_nats_full_precision_v3,0552c7f4701ada91e31e916f992171b9418cb47d283a56e61f311581d66266cb
2019-03-27,0.4891917241139998,2,isotropic_constructed_macro_nats_full_precision_v3,0552c7f4701ada91e31e916f992171b9418cb47d283a56e61f311581d66266cb
2019-03-29,0.48314907193019385,2,isotropic_constructed_macro_nats_full_precision_v3,0552c7f4701ada91e31e916f992171b9418cb47d283a56e61f311581d66266cb
2019-04-02,0.48172138043694235,2,isotropic_constructed_macro_nats_full_precision_v3,0552c7f4701ada91e31e916f992171b9418cb47d283a56e61f311581d66266cb
2019-04-04,0.48120032849818617,2,isotropic_constructed_macro_nats_full_precision_v3,0552c7f4701ada91e31e916f992171b9418cb47d283a56e61f311581d66266cb
2019-04-08,0.4782651554232575,2,isotropic_constructed_macro_nats_full_precision_v3,0552c7f4701ada91e31e916f992171b9418cb47d283a56e61f311581d66266cb
2019-04-10,0.4767876233547984,2,isotropic_constructed_macro_nats_full_precision_v3,0552c7f4701ada91e31e916f992171b9418cb47d283a56e61f311581d66266cb
2019-04-12,0.477765104168934,2,isotropic_constructed_macro_nats_full_precision_v3,0552c7f4701ada91e31e916f992171b9418cb47d283a56e61f311581d66266cb
2019-04-16,0.48187608869947274,2,isotropic_constructed_macro_nats_full_precision_v3,0552c7f4701ada91e31e916f992171b9418cb47d283a56e61f311581d66266cb
2019-04-18,0.4767683943595073,2,isotropic_constructed_macro_nats_full_precision_v3,0552c7f4701ada91e31e916f992171b9418cb47d283a56e61f311581d66266cb
2019-04-23,0.4768756144510876,2,isotropic_constructed_macro_nats_full_precision_v3,0552c7f4701ada91e31e916f992171b9418cb47d283a56e61f311581d66266cb
2019-04-25,0.4673326412622929,2,isotropic_constructed_macro_nats_full_precision_v3,0552c7f4701ada91e31e916f992171b9418cb47d283a56e61f311581d66266cb
2019-04-29,0.4477419661954076,2,isotropic_constructed_macro_nats_full_precision_v3,0552c7f4701ada91e31e916f992171b9418cb47d283a56e61f311581d66266cb
2019-05-01,0.4577003290904157,2,isotropic_constructed_macro_nats_full_precision_v3,0552c7f4701ada91e31e916f992171b9418cb47d283a56e61f311581d66266cb
2019-05-03,0.44970381634641815,2,isotropic_constructed_macro_nats_full_precision_v3,0552c7f4701ada91e31e916f992171b9418cb47d283a56e61f311581d66266cb
2019-05-07,0.44288276559761475,2,isotropic_constructed_macro_nats_full_precision_v3,0552c7f4701ada91e31e916f992171b9418cb47d283a56e61f311581d66266cb
2019-05-09,0.44132512406338703,2,isotropic_constructed_macro_nats_full_precision_v3,0552c7f4701ada91e31e916f992171b9418cb47d283a56e61f311581d66266cb
2019-05-13,0.4397765151746665,2,isotropic_constructed_macro_nats_full_precision_v3,0552c7f4701ada91e31e916f992171b9418cb47d283a56e61f311581d66266cb
2019-05-15,0.4427510137706703,2,isotropic_constructed_macro_nats_full_precision_v3,0552c7f4701ada91e31e916f992171b9418cb47d283a56e61f311581d66266cb
2019-05-17,0.43982982756775113,2,isotropic_constructed_macro_nats_full_precision_v3,0552c7f4701ada91e31e916f992171b9418cb47d283a56e61f311581d66266cb
2019-05-21,0.444222545303128,2,isotropic_constructed_macro_nats_full_precision_v3,0552c7f4701ada91e31e916f992171b9418cb47d283a56e61f311581d66266cb
2019-05-23,0.43564229674124705,2,isotropic_constructed_macro_nats_full_precision_v3,0552c7f4701ada91e31e916f992171b9418cb47d283a56e61f311581d66266cb
2019-05-28,0.43809159935675424,2,isotropic_constructed_macro_nats_full_precision_v3,0552c7f4701ada91e31e916f992171b9418cb47d283a56e61f311581d66266cb
2019-05-30,0.4341816072024438,2,isotropic_constructed_macro_nats_full_precision_v3,0552c7f4701ada91e31e916f992171b9418cb47d283a56e61f311581d66266cb
2019-06-03,0.4249060235630611,2,isotropic_constructed_macro_nats_full_precision_v3,0552c7f4701ada91e31e916f992171b9418cb47d283a56e61f311581d66266cb
2019-06-05,0.4118469565673249,1,isotropic_constructed_macro_nats_full_precision_v3,0552c7f4701ada91e31e916f992171b9418cb47d283a56e61f311581d66266cb
2019-06-07,0.4154408227225205,1,isotropic_constructed_macro_nats_full_precision_v3,0552c7f4701ada91e31e916f992171b9418cb47d283a56e61f311581d66266cb
2019-06-11,0.41466261419719247,1,isotropic_constructed_macro_nats_full_precision_v3,0552c7f4701ada91e31e916f992171b9418cb47d283a56e61f311581d66266cb
2019-06-13,0.4195159149553439,1,isotropic_constructed_macro_nats_full_precision_v3,0552c7f4701ada91e31e916f992171b9418cb47d283a56e61f311581d66266cb
2019-06-17,0.41802611294769493,1,isotropic_constructed_macro_nats_full_precision_v3,0552c7f4701ada91e31e916f992171b9418cb47d283a56e61f311581d66266cb
2019-06-19,0.40894040514154456,1,isotropic_constructed_macro_nats_full_precision_v3,0552c7f4701ada91e31e916f992171b9418cb47d283a56e61f311581d66266cb
2019-06-21,0.41472526040542945,2,isotropic_constructed_macro_nats_full_precision_v3,0552c7f4701ada91e31e916f992171b9418cb47d283a56e61f311581d66266cb
2019-06-25,0.39122993887162105,2,isotropic_constructed_macro_nats_full_precision_v3,0552c7f4701ada91e31e916f992171b9418cb47d283a56e61f311581d66266cb
2019-06-27,0.3918900155750824,2,isotropic_constructed_macro_nats_full_precision_v3,0552c7f4701ada91e31e916f992171b9418cb47d283a56e61f311581d66266cb
2019-07-01,0.4057836768899147,2,isotropic_constructed_macro_nats_full_precision_v3,0552c7f4701ada91e31e916f992171b9418cb47d283a56e61f311581d66266cb
2019-07-03,0.41490058191429613,2,isotropic_constructed_macro_nats_full_precision_v3,0552c7f4701ada91e31e916f992171b9418cb47d283a56e61f311581d66266cb
2019-07-08,0.4150589828158817,2,isotropic_constructed_macro_nats_full_precision_v3,0552c7f4701ada91e31e916f992171b9418cb47d283a56e61f311581d66266cb
2019-07-10,0.4071689579719139,2,isotropic_constructed_macro_nats_full_precision_v3,0552c7f4701ada91e31e916f992171b9418cb47d283a56e61f311581d66266cb
2019-07-12,0.4085098138574743,2,isotropic_constructed_macro_nats_full_precision_v3,0552c7f4701ada91e31e916f992171b9418cb47d283a56e61f311581d66266cb
2019-07-16,0.407750038986842,2,isotropic_constructed_macro_nats_full_precision_v3,0552c7f4701ada91e31e916f992171b9418cb47d283a56e61f311581d66266cb
2019-07-18,0.40528000798420283,2,isotropic_constructed_macro_nats_full_precision_v3,0552c7f4701ada91e31e916f992171b9418cb47d283a56e61f311581d66266cb
2019-07-22,0.41455101786919274,2,isotropic_constructed_macro_nats_full_precision_v3,0552c7f4701ada91e31e916f992171b9418cb47d283a56e61f311581d66266cb
2019-07-24,0.40466628120604065,2,isotropic_constructed_macro_nats_full_precision_v3,0552c7f4701ada91e31e916f992171b9418cb47d283a56e61f311581d66266cb
2019-07-26,0.41350525856287557,2,isotropic_constructed_macro_nats_full_precision_v3,0552c7f4701ada91e31e916f992171b9418cb47d283a56e61f311581d66266cb
2019-07-30,0.4034191298045594,2,isotropic_constructed_macro_nats_full_precision_v3,0552c7f4701ada91e31e916f992171b9418cb47d283a56e61f311581d66266cb
2019-08-01,0.3925709757064744,2,isotropic_constructed_macro_nats_full_precision_v3,0552c7f4701ada91e31e916f992171b9418cb47d283a56e61f311581d66266cb
2019-08-05,0.4018660098060363,2,isotropic_constructed_macro_nats_full_precision_v3,0552c7f4701ada91e31e916f992171b9418cb47d283a56e61f311581d66266cb
2019-08-07,0.394750378135459,2,isotropic_constructed_macro_nats_full_precision_v3,0552c7f4701ada91e31e916f992171b9418cb47d283a56e61f311581d66266cb
2019-08-09,0.40692775181527296,2,isotropic_constructed_macro_nats_full_precision_v3,0552c7f4701ada91e31e916f992171b9418cb47d283a56e61f311581d66266cb
2019-08-13,0.40810753391753946,2,isotropic_constructed_macro_nats_full_precision_v3,0552c7f4701ada91e31e916f992171b9418cb47d283a56e61f311581d66266cb
2019-08-15,0.41393139561829684,2,isotropic_constructed_macro_nats_full_precision_v3,0552c7f4701ada91e31e916f992171b9418cb47d283a56e61f311581d66266cb
2019-08-19,0.4140325865066996,2,isotropic_constructed_macro_nats_full_precision_v3,0552c7f4701ada91e31e916f992171b9418cb47d283a56e61f311581d66266cb
2019-08-21,0.4149164772900891,2,isotropic_constructed_macro_nats_full_precision_v3,0552c7f4701ada91e31e916f992171b9418cb47d283a56e61f311581d66266cb
2019-08-23,0.4286147368796436,2,isotropic_constructed_macro_nats_full_precision_v3,0552c7f4701ada91e31e916f992171b9418cb47d283a56e61f311581d66266cb
2019-08-27,0.4245092605728525,2,isotropic_constructed_macro_nats_full_precision_v3,0552c7f4701ada91e31e916f992171b9418cb47d283a56e61f311581d66266cb
2019-08-29,0.43715436179563105,2,isotropic_constructed_macro_nats_full_precision_v3,0552c7f4701ada91e31e916f992171b9418cb47d283a56e61f311581d66266cb
2019-09-03,0.4384127100993177,2,isotropic_constructed_macro_nats_full_precision_v3,0552c7f4701ada91e31e916f992171b9418cb47d283a56e61f311581d66266cb
2019-09-05,0.4374049507814306,2,isotropic_constructed_macro_nats_full_precision_v3,0552c7f4701ada91e31e916f992171b9418cb47d283a56e61f311581d66266cb
2019-09-09,0.4427072699426181,2,isotropic_constructed_macro_nats_full_precision_v3,0552c7f4701ada91e31e916f992171b9418cb47d283a56e61f311581d66266cb
2019-09-11,0.4535460392407381,2,isotropic_constructed_macro_nats_full_precision_v3,0552c7f4701ada91e31e916f992171b9418cb47d283a56e61f311581d66266cb
2019-09-13,0.4601657077846003,2,isotropic_constructed_macro_nats_full_precision_v3,0552c7f4701ada91e31e916f992171b9418cb47d283a56e61f311581d66266cb
2019-09-17,0.4588839370530826,2,isotropic_constructed_macro_nats_full_precision_v3,0552c7f4701ada91e31e916f992171b9418cb47d283a56e61f311581d66266cb
2019-09-19,0.45804020159297,2,isotropic_constructed_macro_nats_full_precision_v3,0552c7f4701ada91e31e916f992171b9418cb47d283a56e61f311581d66266cb
2019-09-23,0.4553581974002141,2,isotropic_constructed_macro_nats_full_precision_v3,0552c7f4701ada91e31e916f992171b9418cb47d283a56e61f311581d66266cb
2019-09-25,0.45932945620272797,2,isotropic_constructed_macro_nats_full_precision_v3,0552c7f4701ada91e31e916f992171b9418cb47d283a56e61f311581d66266cb
2019-09-27,0.45707093080429395,2,isotropic_constructed_macro_nats_full_precision_v3,0552c7f4701ada91e31e916f992171b9418cb47d283a56e61f311581d66266cb
2019-10-01,0.457315966037704,2,isotropic_constructed_macro_nats_full_precision_v3,0552c7f4701ada91e31e916f992171b9418cb47d283a56e61f311581d66266cb
2019-10-03,0.4567737796539784,2,isotropic_constructed_macro_nats_full_precision_v3,0552c7f4701ada91e31e916f992171b9418cb47d283a56e61f311581d66266cb
2019-10-07,0.46072211794830165,2,isotropic_constructed_macro_nats_full_precision_v3,0552c7f4701ada91e31e916f992171b9418cb47d283a56e61f311581d66266cb
2019-10-09,0.4676545341842953,2,isotropic_constructed_macro_nats_full_precision_v3,0552c7f4701ada91e31e916f992171b9418cb47d283a56e61f311581d66266cb
2019-10-11,0.47053034300200924,2,isotropic_constructed_macro_nats_full_precision_v3,0552c7f4701ada91e31e916f992171b9418cb47d283a56e61f311581d66266cb
2019-10-15,0.45573792906718574,2,isotropic_constructed_macro_nats_full_precision_v3,0552c7f4701ada91e31e916f992171b9418cb47d283a56e61f311581d66266cb
2019-10-17,0.4584785736349769,2,isotropic_constructed_macro_nats_full_precision_v3,0552c7f4701ada91e31e916f992171b9418cb47d283a56e61f311581d66266cb
2019-10-21,0.44946709155699527,2,isotropic_constructed_macro_nats_full_precision_v3,0552c7f4701ada91e31e916f992171b9418cb47d283a56e61f311581d66266cb
2019-10-23,0.4368542532365446,2,isotropic_constructed_macro_nats_full_precision_v3,0552c7f4701ada91e31e916f992171b9418cb47d283a56e61f311581d66266cb
2019-10-25,0.439795739807253,2,isotropic_constructed_macro_nats_full_precision_v3,0552c7f4701ada91e31e916f992171b9418cb47d283a56e61f311581d66266cb
2019-10-29,0.43142807007733686,2,isotropic_constructed_macro_nats_full_precision_v3,0552c7f4701ada91e31e916f992171b9418cb47d283a56e61f311581d66266cb
2019-10-31,0.426280640562786,2,isotropic_constructed_macro_nats_full_precision_v3,0552c7f4701ada91e31e916f992171b9418cb47d283a56e61f311581d66266cb
2019-11-04,0.4206931676963508,2,isotropic_constructed_macro_nats_full_precision_v3,0552c7f4701ada91e31e916f992171b9418cb47d283a56e61f311581d66266cb
2019-11-06,0.4187603877547434,2,isotropic_constructed_macro_nats_full_precision_v3,0552c7f4701ada91e31e916f992171b9418cb47d283a56e61f311581d66266cb
2019-11-08,0.4193380581692387,2,isotropic_constructed_macro_nats_full_precision_v3,0552c7f4701ada91e31e916f992171b9418cb47d283a56e61f311581d66266cb
2019-11-12,0.4247213857735031,2,isotropic_constructed_macro_nats_full_precision_v3,0552c7f4701ada91e31e916f992171b9418cb47d283a56e61f311581d66266cb
2019-11-14,0.4173540565939021,2,isotropic_constructed_macro_nats_full_precision_v3,0552c7f4701ada91e31e916f992171b9418cb47d283a56e61f311581d66266cb
2019-11-18,0.42903704190463654,2,isotropic_constructed_macro_nats_full_precision_v3,0552c7f4701ada91e31e916f992171b9418cb47d283a56e61f311581d66266cb
2019-11-20,0.4021339303195745,2,isotropic_constructed_macro_nats_full_precision_v3,0552c7f4701ada91e31e916f992171b9418cb47d283a56e61f311581d66266cb
2019-11-22,0.42606858816548565,2,isotropic_constructed_macro_nats_full_precision_v3,0552c7f4701ada91e31e916f992171b9418cb47d283a56e61f311581d66266cb
2019-11-26,0.4311944320863288,2,isotropic_constructed_macro_nats_full_precision_v3,0552c7f4701ada91e31e916f992171b9418cb47d283a56e61f311581d66266cb
2019-11-29,0.43261368529703487,2,isotropic_constructed_macro_nats_full_precision_v3,0552c7f4701ada91e31e916f992171b9418cb47d283a56e61f311581d66266cb
2019-12-03,0.4410377673630858,2,isotropic_constructed_macro_nats_full_precision_v3,0552c7f4701ada91e31e916f992171b9418cb47d283a56e61f311581d66266cb
2019-12-05,0.4113796915415592,3,isotropic_constructed_macro_nats_full_precision_v3,0552c7f4701ada91e31e916f992171b9418cb47d283a56e61f311581d66266cb
2019-12-09,0.44624798286572526,2,isotropic_constructed_macro_nats_full_precision_v3,0552c7f4701ada91e31e916f992171b9418cb47d283a56e61f311581d66266cb
2019-12-11,0.43944438001886527,2,isotropic_constructed_macro_nats_full_precision_v3,0552c7f4701ada91e31e916f992171b9418cb47d283a56e61f311581d66266cb
2019-12-13,0.4451376943279456,2,isotropic_constructed_macro_nats_full_precision_v3,0552c7f4701ada91e31e916f992171b9418cb47d283a56e61f311581d66266cb
2019-12-17,0.4476160125660731,2,isotropic_constructed_macro_nats_full_precision_v3,0552c7f4701ada91e31e916f992171b9418cb47d283a56e61f311581d66266cb
2019-12-19,0.44274673685079835,2,isotropic_constructed_macro_nats_full_precision_v3,0552c7f4701ada91e31e916f992171b9418cb47d283a56e61f311581d66266cb
2019-12-23,0.45031772817278803,2,isotropic_constructed_macro_nats_full_precision_v3,0552c7f4701ada91e31e916f992171b9418cb47d283a56e61f311581d66266cb
2019-12-26,0.42598277683042945,2,isotropic_constructed_macro_nats_full_precision_v3,0552c7f4701ada91e31e916f992171b9418cb47d283a56e61f311581d66266cb
2019-12-30,0.41635179776261366,3,isotropic_constructed_macro_nats_full_precision_v3,0552c7f4701ada91e31e916f992171b9418cb47d283a56e61f311581d66266cb
2020-01-02,0.45051520303619613,2,isotropic_constructed_macro_nats_full_precision_v3,0552c7f4701ada91e31e916f992171b9418cb47d283a56e61f311581d66266cb
2020-01-06,0.4360391952686976,2,isotropic_constructed_macro_nats_full_precision_v3,0552c7f4701ada91e31e916f992171b9418cb47d283a56e61f311581d66266cb
2020-01-08,0.4476633140857349,2,isotropic_constructed_macro_nats_full_precision_v3,0552c7f4701ada91e31e916f992171b9418cb47d283a56e61f311581d66266cb
2020-01-10,0.4522399010292523,2,isotropic_constructed_macro_nats_full_precision_v3,0552c7f4701ada91e31e916f992171b9418cb47d283a56e61f311581d66266cb
2020-01-14,0.4454567073919561,2,isotropic_constructed_macro_nats_full_precision_v3,0552c7f4701ada91e31e916f992171b9418cb47d283a56e61f311581d66266cb
2020-01-16,0.44929455682853636,2,isotropic_constructed_macro_nats_full_precision_v3,0552c7f4701ada91e31e916f992171b9418cb47d283a56e61f311581d66266cb
2020-01-21,0.431523601002986,2,isotropic_constructed_macro_nats_full_precision_v3,0552c7f4701ada91e31e916f992171b9418cb47d283a56e61f311581d66266cb
2020-01-23,0.4406820016408513,2,isotropic_constructed_macro_nats_full_precision_v3,0552c7f4701ada91e31e916f992171b9418cb47d283a56e61f311581d66266cb
2020-01-27,0.43694140089833944,2,isotropic_constructed_macro_nats_full_precision_v3,0552c7f4701ada91e31e916f992171b9418cb47d283a56e61f311581d66266cb
2020-01-29,0.44585006524693777,2,isotropic_constructed_macro_nats_full_precision_v3,0552c7f4701ada91e31e916f992171b9418cb47d283a56e61f311581d66266cb
2020-01-31,0.4588315436501464,2,isotropic_constructed_macro_nats_full_precision_v3,0552c7f4701ada91e31e916f992171b9418cb47d283a56e61f311581d66266cb
2020-02-04,0.43759968032127833,3,isotropic_constructed_macro_nats_full_precision_v3,0552c7f4701ada91e31e916f992171b9418cb47d283a56e61f311581d66266cb
2020-02-06,0.4777811369162897,1,isotropic_constructed_macro_nats_full_precision_v3,0552c7f4701ada91e31e916f992171b9418cb47d283a56e61f311581d66266cb
2020-02-10,0.4561164347106341,2,isotropic_constructed_macro_nats_full_precision_v3,0552c7f4701ada91e31e916f992171b9418cb47d283a56e61f311581d66266cb
2020-02-12,0.4681006912909736,2,isotropic_constructed_macro_nats_full_precision_v3,0552c7f4701ada91e31e916f992171b9418cb47d283a56e61f311581d66266cb
2020-02-14,0.4661435272740828,2,isotropic_constructed_macro_nats_full_precision_v3,0552c7f4701ada91e31e916f992171b9418cb47d283a56e61f311581d66266cb
2020-02-19,0.4625113151462582,2,isotropic_constructed_macro_nats_full_precision_v3,0552c7f4701ada91e31e916f992171b9418cb47d283a56e61f311581d66266cb
2020-02-21,0.4665066757528682,2,isotropic_constructed_macro_nats_full_precision_v3,0552c7f4701ada91e31e916f992171b9418cb47d283a56e61f311581d66266cb
2020-02-25,0.4624685178648995,2,isotropic_constructed_macro_nats_full_precision_v3,0552c7f4701ada91e31e916f992171b9418cb47d283a56e61f311581d66266cb
2020-02-27,0.47403733927662783,2,isotropic_constructed_macro_nats_full_precision_v3,0552c7f4701ada91e31e916f992171b9418cb47d283a56e61f311581d66266cb
2020-03-02,0.4807370015628397,2,isotropic_constructed_macro_nats_full_precision_v3,0552c7f4701ada91e31e916f992171b9418cb47d283a56e61f311581d66266cb
2020-03-04,0.4879938200835179,1,isotropic_constructed_macro_nats_full_precision_v3,0552c7f4701ada91e31e916f992171b9418cb47d283a56e61f311581d66266cb
2020-03-06,0.5024641917426266,1,isotropic_constructed_macro_nats_full_precision_v3,0552c7f4701ada91e31e916f992171b9418cb47d283a56e61f311581d66266cb
2020-03-10,0.5069110456798251,1,isotropic_constructed_macro_nats_full_precision_v3,0552c7f4701ada91e31e916f992171b9418cb47d283a56e61f311581d66266cb
2020-03-12,0.5218334511191784,2,isotropic_constructed_macro_nats_full_precision_v3,0552c7f4701ada91e31e916f992171b9418cb47d283a56e61f311581d66266cb
2020-03-16,0.6778762328449583,1,isotropic_constructed_macro_nats_full_precision_v3,0552c7f4701ada91e31e916f992171b9418cb47d283a56e61f311581d66266cb
2020-03-18,0.6267167793353486,1,isotropic_constructed_macro_nats_full_precision_v3,0552c7f4701ada91e31e916f992171b9418cb47d283a56e61f311581d66266cb
2020-03-20,0.6172558580942911,2,isotropic_constructed_macro_nats_full_precision_v3,0552c7f4701ada91e31e916f992171b9418cb47d283a56e61f311581d66266cb
2020-03-24,0.6210722196258804,3,isotropic_constructed_macro_nats_full_precision_v3,0552c7f4701ada91e31e916f992171b9418cb47d283a56e61f311581d66266cb
2020-03-26,0.6547184311530913,2,isotropic_constructed_macro_nats_full_precision_v3,0552c7f4701ada91e31e916f992171b9418cb47d283a56e61f311581d66266cb
2020-03-30,0.6140497064413327,2,isotropic_constructed_macro_nats_full_precision_v3,0552c7f4701ada91e31e916f992171b9418cb47d283a56e61f311581d66266cb
2020-04-01,0.5901641302100066,3,isotropic_constructed_macro_nats_full_precision_v3,0552c7f4701ada91e31e916f992171b9418cb47d283a56e61f311581d66266cb
2020-04-03,0.6205809356161123,2,isotropic_constructed_macro_nats_full_precision_v3,0552c7f4701ada91e31e916f992171b9418cb47d283a56e61f311581d66266cb
2020-04-07,0.6317157661194788,2,isotropic_constructed_macro_nats_full_precision_v3,0552c7f4701ada91e31e916f992171b9418cb47d283a56e61f311581d66266cb
2020-04-09,0.59723824130471,2,isotropic_constructed_macro_nats_full_precision_v3,0552c7f4701ada91e31e916f992171b9418cb47d283a56e61f311581d66266cb
2020-04-14,0.6048639425937151,3,isotropic_constructed_macro_nats_full_precision_v3,0552c7f4701ada91e31e916f992171b9418cb47d283a56e61f311581d66266cb
2020-04-16,0.6288240709840742,2,isotropic_constructed_macro_nats_full_precision_v3,0552c7f4701ada91e31e916f992171b9418cb47d283a56e61f311581d66266cb
2020-04-20,0.6406347221557115,2,isotropic_constructed_macro_nats_full_precision_v3,0552c7f4701ada91e31e916f992171b9418cb47d283a56e61f311581d66266cb
2020-04-22,0.658478904241654,2,isotropic_constructed_macro_nats_full_precision_v3,0552c7f4701ada91e31e916f992171b9418cb47d283a56e61f311581d66266cb
2020-04-24,0.6539426692927658,2,isotropic_constructed_macro_nats_full_precision_v3,0552c7f4701ada91e31e916f992171b9418cb47d283a56e61f311581d66266cb
2020-04-28,0.6344302826662183,2,isotropic_constructed_macro_nats_full_precision_v3,0552c7f4701ada91e31e916f992171b9418cb47d283a56e61f311581d66266cb
2020-04-30,0.6047719996148003,1,isotropic_constructed_macro_nats_full_precision_v3,0552c7f4701ada91e31e916f992171b9418cb47d283a56e61f311581d66266cb
2020-05-04,0.6436071684561643,1,isotropic_constructed_macro_nats_full_precision_v3,0552c7f4701ada91e31e916f992171b9418cb47d283a56e61f311581d66266cb
2020-05-06,0.6335187317186238,1,isotropic_constructed_macro_nats_full_precision_v3,0552c7f4701ada91e31e916f992171b9418cb47d283a56e61f311581d66266cb
2020-05-08,0.6682584232811748,1,isotropic_constructed_macro_nats_full_precision_v3,0552c7f4701ada91e31e916f992171b9418cb47d283a56e61f311581d66266cb
2020-05-12,0.6884927138416921,2,isotropic_constructed_macro_nats_full_precision_v3,0552c7f4701ada91e31e916f992171b9418cb47d283a56e61f311581d66266cb
2020-05-14,0.6548028019557395,2,isotropic_constructed_macro_nats_full_precision_v3,0552c7f4701ada91e31e916f992171b9418cb47d283a56e61f311581d66266cb
2020-05-18,0.6671639661748568,1,isotropic_constructed_macro_nats_full_precision_v3,0552c7f4701ada91e31e916f992171b9418cb47d283a56e61f311581d66266cb
2020-05-20,0.6676022598550462,1,isotropic_constructed_macro_nats_full_precision_v3,0552c7f4701ada91e31e916f992171b9418cb47d283a56e61f311581d66266cb
2020-05-22,0.6932166334705504,2,isotropic_constructed_macro_nats_full_precision_v3,0552c7f4701ada91e31e916f992171b9418cb47d283a56e61f311581d66266cb
2020-05-27,0.7151133295212134,2,isotropic_constructed_macro_nats_full_precision_v3,0552c7f4701ada91e31e916f992171b9418cb47d283a56e61f311581d66266cb
2020-05-29,0.7079295676642854,2,isotropic_constructed_macro_nats_full_precision_v3,0552c7f4701ada91e31e916f992171b9418cb47d283a56e61f311581d66266cb
2020-06-02,0.7018282926882844,2,isotropic_constructed_macro_nats_full_precision_v3,0552c7f4701ada91e31e916f992171b9418cb47d283a56e61f311581d66266cb
2020-06-04,0.7112498155253234,2,isotropic_constructed_macro_nats_full_precision_v3,0552c7f4701ada91e31e916f992171b9418cb47d283a56e61f311581d66266cb
2020-06-08,0.6759737984843223,2,isotropic_constructed_macro_nats_full_precision_v3,0552c7f4701ada91e31e916f992171b9418cb47d283a56e61f311581d66266cb
2020-06-10,0.6871668808059703,2,isotropic_constructed_macro_nats_full_precision_v3,0552c7f4701ada91e31e916f992171b9418cb47d283a56e61f311581d66266cb
2020-06-12,0.6883864116064042,2,isotropic_constructed_macro_nats_full_precision_v3,0552c7f4701ada91e31e916f992171b9418cb47d283a56e61f311581d66266cb
2020-06-16,0.6470238419937362,1,isotropic_constructed_macro_nats_full_precision_v3,0552c7f4701ada91e31e916f992171b9418cb47d283a56e61f311581d66266cb
2020-06-18,0.6570565193594285,2,isotropic_constructed_macro_nats_full_precision_v3,0552c7f4701ada91e31e916f992171b9418cb47d283a56e61f311581d66266cb
2020-06-22,0.6821819601432904,2,isotropic_constructed_macro_nats_full_precision_v3,0552c7f4701ada91e31e916f992171b9418cb47d283a56e61f311581d66266cb
2020-06-24,0.6797571088325627,2,isotropic_constructed_macro_nats_full_precision_v3,0552c7f4701ada91e31e916f992171b9418cb47d283a56e61f311581d66266cb
2020-06-26,0.6218867819713473,1,isotropic_constructed_macro_nats_full_precision_v3,0552c7f4701ada91e31e916f992171b9418cb47d283a56e61f311581d66266cb
2020-06-30,0.6528721228198479,2,isotropic_constructed_macro_nats_full_precision_v3,0552c7f4701ada91e31e916f992171b9418cb47d283a56e61f311581d66266cb
2020-07-02,0.6318091265622106,3,isotropic_constructed_macro_nats_full_precision_v3,0552c7f4701ada91e31e916f992171b9418cb47d283a56e61f311581d66266cb
2020-07-07,0.6512469042897292,3,isotropic_constructed_macro_nats_full_precision_v3,0552c7f4701ada91e31e916f992171b9418cb47d283a56e61f311581d66266cb
2020-07-09,0.7106420351550539,2,isotropic_constructed_macro_nats_full_precision_v3,0552c7f4701ada91e31e916f992171b9418cb47d283a56e61f311581d66266cb
2020-07-13,0.6657600908148481,1,isotropic_constructed_macro_nats_full_precision_v3,0552c7f4701ada91e31e916f992171b9418cb47d283a56e61f311581d66266cb
2020-07-15,0.6788423028697725,1,isotropic_constructed_macro_nats_full_precision_v3,0552c7f4701ada91e31e916f992171b9418cb47d283a56e61f311581d66266cb
2020-07-17,0.6748255610290939,1,isotropic_constructed_macro_nats_full_precision_v3,0552c7f4701ada91e31e916f992171b9418cb47d283a56e61f311581d66266cb
2020-07-21,0.6727383713564744,1,isotropic_constructed_macro_nats_full_precision_v3,0552c7f4701ada91e31e916f992171b9418cb47d283a56e61f311581d66266cb
2020-07-23,0.6531373235732714,1,isotropic_constructed_macro_nats_full_precision_v3,0552c7f4701ada91e31e916f992171b9418cb47d283a56e61f311581d66266cb
2020-07-27,0.6638819856282903,1,isotropic_constructed_macro_nats_full_precision_v3,0552c7f4701ada91e31e916f992171b9418cb47d283a56e61f311581d66266cb
2020-07-29,0.6397415356525351,1,isotropic_constructed_macro_nats_full_precision_v3,0552c7f4701ada91e31e916f992171b9418cb47d283a56e61f311581d66266cb
2020-07-31,0.6374309410951381,1,isotropic_constructed_macro_nats_full_precision_v3,0552c7f4701ada91e31e916f992171b9418cb47d283a56e61f311581d66266cb
2020-08-04,0.6118691614543746,1,isotropic_constructed_macro_nats_full_precision_v3,0552c7f4701ada91e31e916f992171b9418cb47d283a56e61f311581d66266cb
2020-08-06,0.6154138979444105,1,isotropic_constructed_macro_nats_full_precision_v3,0552c7f4701ada91e31e916f992171b9418cb47d283a56e61f311581d66266cb
2020-08-10,0.6287686732368225,1,isotropic_constructed_macro_nats_full_precision_v3,0552c7f4701ada91e31e916f992171b9418cb47d283a56e61f311581d66266cb
2020-08-12,0.6363179846009673,1,isotropic_constructed_macro_nats_full_precision_v3,0552c7f4701ada91e31e916f992171b9418cb47d283a56e61f311581d66266cb
2020-08-14,0.639689886986299,1,isotropic_constructed_macro_nats_full_precision_v3,0552c7f4701ada91e31e916f992171b9418cb47d283a56e61f311581d66266cb
2020-08-18,0.6382256181876592,1,isotropic_constructed_macro_nats_full_precision_v3,0552c7f4701ada91e31e916f992171b9418cb47d283a56e61f311581d66266cb
2020-08-20,0.6335647241612575,1,isotropic_constructed_macro_nats_full_precision_v3,0552c7f4701ada91e31e916f992171b9418cb47d283a56e61f311581d66266cb
2020-08-24,0.6371769754217318,1,isotropic_constructed_macro_nats_full_precision_v3,0552c7f4701ada91e31e916f992171b9418cb47d283a56e61f311581d66266cb
2020-08-26,0.6362618826657611,1,isotropic_constructed_macro_nats_full_precision_v3,0552c7f4701ada91e31e916f992171b9418cb47d283a56e61f311581d66266cb
2020-08-28,0.6323118152587508,1,isotropic_constructed_macro_nats_full_precision_v3,0552c7f4701ada91e31e916f992171b9418cb47d283a56e61f311581d66266cb
2020-09-01,0.6308084198539967,1,isotropic_constructed_macro_nats_full_precision_v3,0552c7f4701ada91e31e916f992171b9418cb47d283a56e61f311581d66266cb
2020-09-03,0.6263726269371599,1,isotropic_constructed_macro_nats_full_precision_v3,0552c7f4701ada91e31e916f992171b9418cb47d283a56e61f311581d66266cb
2020-09-08,0.6295646464366753,1,isotropic_constructed_macro_nats_full_precision_v3,0552c7f4701ada91e31e916f992171b9418cb47d283a56e61f311581d66266cb
2020-09-10,0.6361358062556612,1,isotropic_constructed_macro_nats_full_precision_v3,0552c7f4701ada91e31e916f992171b9418cb47d283a56e61f311581d66266cb
2020-09-14,0.6425524008904576,1,isotropic_constructed_macro_nats_full_precision_v3,0552c7f4701ada91e31e916f992171b9418cb47d283a56e61f311581d66266cb
2020-09-16,0.6508744106247726,1,isotropic_constructed_macro_nats_full_precision_v3,0552c7f4701ada91e31e916f992171b9418cb47d283a56e61f311581d66266cb
2020-09-18,0.6310888720150984,1,isotropic_constructed_macro_nats_full_precision_v3,0552c7f4701ada91e31e916f992171b9418cb47d283a56e61f311581d66266cb
2020-09-22,0.6355348250252696,1,isotropic_constructed_macro_nats_full_precision_v3,0552c7f4701ada91e31e916f992171b9418cb47d283a56e61f311581d66266cb
2020-09-24,0.6363343966674043,1,isotropic_constructed_macro_nats_full_precision_v3,0552c7f4701ada91e31e916f992171b9418cb47d283a56e61f311581d66266cb
2020-09-28,0.6338616917939867,1,isotropic_constructed_macro_nats_full_precision_v3,0552c7f4701ada91e31e916f992171b9418cb47d283a56e61f311581d66266cb
2020-09-30,0.6360442991828313,1,isotropic_constructed_macro_nats_full_precision_v3,0552c7f4701ada91e31e916f992171b9418cb47d283a56e61f311581d66266cb
2020-10-02,0.6357570375697441,1,isotropic_constructed_macro_nats_full_precision_v3,0552c7f4701ada91e31e916f992171b9418cb47d283a56e61f311581d66266cb
2020-10-06,0.6461504901643448,1,isotropic_constructed_macro_nats_full_precision_v3,0552c7f4701ada91e31e916f992171b9418cb47d283a56e61f311581d66266cb
2020-10-08,0.6198810984542895,1,isotropic_constructed_macro_nats_full_precision_v3,0552c7f4701ada91e31e916f992171b9418cb47d283a56e61f311581d66266cb
2020-10-12,0.6167766086887911,1,isotropic_constructed_macro_nats_full_precision_v3,0552c7f4701ada91e31e916f992171b9418cb47d283a56e61f311581d66266cb
2020-10-14,0.614899335528635,1,isotropic_constructed_macro_nats_full_precision_v3,0552c7f4701ada91e31e916f992171b9418cb47d283a56e61f311581d66266cb
2020-10-16,0.6323294438151459,1,isotropic_constructed_macro_nats_full_precision_v3,0552c7f4701ada91e31e916f992171b9418cb47d283a56e61f311581d66266cb
2020-10-20,0.6342825329357394,1,isotropic_constructed_macro_nats_full_precision_v3,0552c7f4701ada91e31e916f992171b9418cb47d283a56e61f311581d66266cb
2020-10-22,0.6073680620693027,1,isotropic_constructed_macro_nats_full_precision_v3,0552c7f4701ada91e31e916f992171b9418cb47d283a56e61f311581d66266cb
2020-10-26,0.617047638204335,1,isotropic_constructed_macro_nats_full_precision_v3,0552c7f4701ada91e31e916f992171b9418cb47d283a56e61f311581d66266cb
2020-10-28,0.6811424592503695,1,isotropic_constructed_macro_nats_full_precision_v3,0552c7f4701ada91e31e916f992171b9418cb47d283a56e61f311581d66266cb
2020-10-30,0.651452835090651,1,isotropic_constructed_macro_nats_full_precision_v3,0552c7f4701ada91e31e916f992171b9418cb47d283a56e61f311581d66266cb
2020-11-03,0.6522352756917601,1,isotropic_constructed_macro_nats_full_precision_v3,0552c7f4701ada91e31e916f992171b9418cb47d283a56e61f311581d66266cb
2020-11-05,0.6621606862479649,1,isotropic_constructed_macro_nats_full_precision_v3,0552c7f4701ada91e31e916f992171b9418cb47d283a56e61f311581d66266cb
2020-11-09,0.691020145630116,1,isotropic_constructed_macro_nats_full_precision_v3,0552c7f4701ada91e31e916f992171b9418cb47d283a56e61f311581d66266cb
2020-11-11,0.6695652663216413,2,isotropic_constructed_macro_nats_full_precision_v3,0552c7f4701ada91e31e916f992171b9418cb47d283a56e61f311581d66266cb
2020-11-13,0.6921413649976801,1,isotropic_constructed_macro_nats_full_precision_v3,0552c7f4701ada91e31e916f992171b9418cb47d283a56e61f311581d66266cb
2020-11-17,0.6598374452618946,1,isotropic_constructed_macro_nats_full_precision_v3,0552c7f4701ada91e31e916f992171b9418cb47d283a56e61f311581d66266cb
2020-11-19,0.6855859657174778,1,isotropic_constructed_macro_nats_full_precision_v3,0552c7f4701ada91e31e916f992171b9418cb47d283a56e61f311581d66266cb
2020-11-23,0.679241683415948,2,isotropic_constructed_macro_nats_full_precision_v3,0552c7f4701ada91e31e916f992171b9418cb47d283a56e61f311581d66266cb
2020-11-25,0.6557296482251666,1,isotropic_constructed_macro_nats_full_precision_v3,0552c7f4701ada91e31e916f992171b9418cb47d283a56e61f311581d66266cb
2020-11-30,0.6766027817850989,2,isotropic_constructed_macro_nats_full_precision_v3,0552c7f4701ada91e31e916f992171b9418cb47d283a56e61f311581d66266cb
2020-12-02,0.6816737820252317,1,isotropic_constructed_macro_nats_full_precision_v3,0552c7f4701ada91e31e916f992171b9418cb47d283a56e61f311581d66266cb
2020-12-04,0.6947550349846542,1,isotropic_constructed_macro_nats_full_precision_v3,0552c7f4701ada91e31e916f992171b9418cb47d283a56e61f311581d66266cb
2020-12-08,0.6787442251810971,1,isotropic_constructed_macro_nats_full_precision_v3,0552c7f4701ada91e31e916f992171b9418cb47d283a56e61f311581d66266cb
2020-12-10,0.6869638651631365,1,isotropic_constructed_macro_nats_full_precision_v3,0552c7f4701ada91e31e916f992171b9418cb47d283a56e61f311581d66266cb
2020-12-14,0.6719460677610274,2,isotropic_constructed_macro_nats_full_precision_v3,0552c7f4701ada91e31e916f992171b9418cb47d283a56e61f311581d66266cb
2020-12-16,0.6787373248425812,1,isotropic_constructed_macro_nats_full_precision_v3,0552c7f4701ada91e31e916f992171b9418cb47d283a56e61f311581d66266cb
2020-12-18,0.690665257496848,1,isotropic_constructed_macro_nats_full_precision_v3,0552c7f4701ada91e31e916f992171b9418cb47d283a56e61f311581d66266cb
2020-12-22,0.696901916016303,1,isotropic_constructed_macro_nats_full_precision_v3,0552c7f4701ada91e31e916f992171b9418cb47d283a56e61f311581d66266cb
2020-12-24,0.6993476017467443,1,isotropic_constructed_macro_nats_full_precision_v3,0552c7f4701ada91e31e916f992171b9418cb47d283a56e61f311581d66266cb
2020-12-29,0.6728653332740817,1,isotropic_constructed_macro_nats_full_precision_v3,0552c7f4701ada91e31e916f992171b9418cb47d283a56e61f311581d66266cb
2020-12-31,0.6852310640766337,1,isotropic_constructed_macro_nats_full_precision_v3,0552c7f4701ada91e31e916f992171b9418cb47d283a56e61f311581d66266cb
2021-01-05,0.6984407880011942,1,isotropic_constructed_macro_nats_full_precision_v3,0552c7f4701ada91e31e916f992171b9418cb47d283a56e61f311581d66266cb
2021-01-07,0.6954473215729966,1,isotropic_constructed_macro_nats_full_precision_v3,0552c7f4701ada91e31e916f992171b9418cb47d283a56e61f311581d66266cb
2021-01-11,0.6844710210403461,1,isotropic_constructed_macro_nats_full_precision_v3,0552c7f4701ada91e31e916f992171b9418cb47d283a56e61f311581d66266cb
2021-01-13,0.687037525033342,1,isotropic_constructed_macro_nats_full_precision_v3,0552c7f4701ada91e31e916f992171b9418cb47d283a56e61f311581d66266cb
2021-01-15,0.6928745299352869,1,isotropic_constructed_macro_nats_full_precision_v3,0552c7f4701ada91e31e916f992171b9418cb47d283a56e61f311581d66266cb
2021-01-20,0.6764023231693362,1,isotropic_constructed_macro_nats_full_precision_v3,0552c7f4701ada91e31e916f992171b9418cb47d283a56e61f311581d66266cb
2021-01-22,0.6684749830407848,2,isotropic_constructed_macro_nats_full_precision_v3,0552c7f4701ada91e31e916f992171b9418cb47d283a56e61f311581d66266cb
2021-01-26,0.6929690268400897,1,isotropic_constructed_macro_nats_full_precision_v3,0552c7f4701ada91e31e916f992171b9418cb47d283a56e61f311581d66266cb
2021-01-28,0.6577503013011468,3,isotropic_constructed_macro_nats_full_precision_v3,0552c7f4701ada91e31e916f992171b9418cb47d283a56e61f311581d66266cb
2021-02-01,0.6773963929920257,2,isotropic_constructed_macro_nats_full_precision_v3,0552c7f4701ada91e31e916f992171b9418cb47d283a56e61f311581d66266cb
2021-02-03,0.6989593136312489,2,isotropic_constructed_macro_nats_full_precision_v3,0552c7f4701ada91e31e916f992171b9418cb47d283a56e61f311581d66266cb
2021-02-05,0.6683888099238141,3,isotropic_constructed_macro_nats_full_precision_v3,0552c7f4701ada91e31e916f992171b9418cb47d283a56e61f311581d66266cb
2021-02-09,0.6579313914304429,1,isotropic_constructed_macro_nats_full_precision_v3,0552c7f4701ada91e31e916f992171b9418cb47d283a56e61f311581d66266cb
2021-02-11,0.654067514285781,1,isotropic_constructed_macro_nats_full_precision_v3,0552c7f4701ada91e31e916f992171b9418cb47d283a56e61f311581d66266cb
2021-02-16,0.6762134645984759,1,isotropic_constructed_macro_nats_full_precision_v3,0552c7f4701ada91e31e916f992171b9418cb47d283a56e61f311581d66266cb
2021-02-18,0.6960547552116731,1,isotropic_constructed_macro_nats_full_precision_v3,0552c7f4701ada91e31e916f992171b9418cb47d283a56e61f311581d66266cb
2021-02-22,0.6585501203647774,3,isotropic_constructed_macro_nats_full_precision_v3,0552c7f4701ada91e31e916f992171b9418cb47d283a56e61f311581d66266cb
2021-02-24,0.6655024124364682,1,isotropic_constructed_macro_nats_full_precision_v3,0552c7f4701ada91e31e916f992171b9418cb47d283a56e61f311581d66266cb
2021-02-26,0.6811692487879705,2,isotropic_constructed_macro_nats_full_precision_v3,0552c7f4701ada91e31e916f992171b9418cb47d283a56e61f311581d66266cb
2021-03-02,0.6954505614627617,2,isotropic_constructed_macro_nats_full_precision_v3,0552c7f4701ada91e31e916f992171b9418cb47d283a56e61f311581d66266cb
2021-03-04,0.7087407008449508,2,isotropic_constructed_macro_nats_full_precision_v3,0552c7f4701ada91e31e916f992171b9418cb47d283a56e61f311581d66266cb
2021-03-08,0.7177826524196684,1,isotropic_constructed_macro_nats_full_precision_v3,0552c7f4701ada91e31e916f992171b9418cb47d283a56e61f311581d66266cb
2021-03-10,0.6930474946484246,2,isotropic_constructed_macro_nats_full_precision_v3,0552c7f4701ada91e31e916f992171b9418cb47d283a56e61f311581d66266cb
2021-03-12,0.6991971469801757,1,isotropic_constructed_macro_nats_full_precision_v3,0552c7f4701ada91e31e916f992171b9418cb47d283a56e61f311581d66266cb
2021-03-16,0.6592601960518741,1,isotropic_constructed_macro_nats_full_precision_v3,0552c7f4701ada91e31e916f992171b9418cb47d283a56e61f311581d66266cb
2021-03-18,0.7167783841417621,1,isotropic_constructed_macro_nats_full_precision_v3,0552c7f4701ada91e31e916f992171b9418cb47d283a56e61f311581d66266cb
2021-03-22,0.7215691253065043,2,isotropic_constructed_macro_nats_full_precision_v3,0552c7f4701ada91e31e916f992171b9418cb47d283a56e61f311581d66266cb
2021-03-24,0.7234964597087332,1,isotropic_constructed_macro_nats_full_precision_v3,0552c7f4701ada91e31e916f992171b9418cb47d283a56e61f311581d66266cb
2021-03-26,0.7081286557104062,1,isotropic_constructed_macro_nats_full_precision_v3,0552c7f4701ada91e31e916f992171b9418cb47d283a56e61f311581d66266cb
2021-03-30,0.7427222336016951,1,isotropic_constructed_macro_nats_full_precision_v3,0552c7f4701ada91e31e916f992171b9418cb47d283a56e61f311581d66266cb
2021-04-01,0.7428114990592747,2,isotropic_constructed_macro_nats_full_precision_v3,0552c7f4701ada91e31e916f992171b9418cb47d283a56e61f311581d66266cb
2021-04-06,0.7243084845471769,2,isotropic_constructed_macro_nats_full_precision_v3,0552c7f4701ada91e31e916f992171b9418cb47d283a56e61f311581d66266cb
2021-04-08,0.6696855583226121,2,isotropic_constructed_macro_nats_full_precision_v3,0552c7f4701ada91e31e916f992171b9418cb47d283a56e61f311581d66266cb
2021-04-12,0.7148283519961153,2,isotropic_constructed_macro_nats_full_precision_v3,0552c7f4701ada91e31e916f992171b9418cb47d283a56e61f311581d66266cb
2021-04-14,0.6963953208881523,3,isotropic_constructed_macro_nats_full_precision_v3,0552c7f4701ada91e31e916f992171b9418cb47d283a56e61f311581d66266cb
2021-04-16,0.6965563895465587,1,isotropic_constructed_macro_nats_full_precision_v3,0552c7f4701ada91e31e916f992171b9418cb47d283a56e61f311581d66266cb
2021-04-20,0.7016370521798203,1,isotropic_constructed_macro_nats_full_precision_v3,0552c7f4701ada91e31e916f992171b9418cb47d283a56e61f311581d66266cb
2021-04-22,0.6911439577536964,1,isotropic_constructed_macro_nats_full_precision_v3,0552c7f4701ada91e31e916f992171b9418cb47d283a56e61f311581d66266cb
2021-04-26,0.7286798215504706,1,isotropic_constructed_macro_nats_full_precision_v3,0552c7f4701ada91e31e916f992171b9418cb47d283a56e61f311581d66266cb
2021-04-28,0.7073043231581894,2,isotropic_constructed_macro_nats_full_precision_v3,0552c7f4701ada91e31e916f992171b9418cb47d283a56e61f311581d66266cb
2021-04-30,0.7176806794187746,2,isotropic_constructed_macro_nats_full_precision_v3,0552c7f4701ada91e31e916f992171b9418cb47d283a56e61f311581d66266cb
2021-05-04,0.738298960192271,1,isotropic_constructed_macro_nats_full_precision_v3,0552c7f4701ada91e31e916f992171b9418cb47d283a56e61f311581d66266cb
2021-05-06,0.7130923262143697,1,isotropic_constructed_macro_nats_full_precision_v3,0552c7f4701ada91e31e916f992171b9418cb47d283a56e61f311581d66266cb
2021-05-10,0.7041466099997701,1,isotropic_constructed_macro_nats_full_precision_v3,0552c7f4701ada91e31e916f992171b9418cb47d283a56e61f311581d66266cb
2021-05-12,0.683466250608136,3,isotropic_constructed_macro_nats_full_precision_v3,0552c7f4701ada91e31e916f992171b9418cb47d283a56e61f311581d66266cb
2021-05-14,0.678198062033842,1,isotropic_constructed_macro_nats_full_precision_v3,0552c7f4701ada91e31e916f992171b9418cb47d283a56e61f311581d66266cb
2021-05-18,0.6888484767370614,2,isotropic_constructed_macro_nats_full_precision_v3,0552c7f4701ada91e31e916f992171b9418cb47d283a56e61f311581d66266cb
2021-05-20,0.6834406827147348,3,isotropic_constructed_macro_nats_full_precision_v3,0552c7f4701ada91e31e916f992171b9418cb47d283a56e61f311581d66266cb
2021-05-24,0.6913470493937943,3,isotropic_constructed_macro_nats_full_precision_v3,0552c7f4701ada91e31e916f992171b9418cb47d283a56e61f311581d66266cb
2021-05-26,0.6714770629705824,3,isotropic_constructed_macro_nats_full_precision_v3,0552c7f4701ada91e31e916f992171b9418cb47d283a56e61f311581d66266cb
2021-05-28,0.7091432853778469,2,isotropic_constructed_macro_nats_full_precision_v3,0552c7f4701ada91e31e916f992171b9418cb47d283a56e61f311581d66266cb
2021-06-02,0.6770010838519427,2,isotropic_constructed_macro_nats_full_precision_v3,0552c7f4701ada91e31e916f992171b9418cb47d283a56e61f311581d66266cb
2021-06-04,0.6970178394966996,2,isotropic_constructed_macro_nats_full_precision_v3,0552c7f4701ada91e31e916f992171b9418cb47d283a56e61f311581d66266cb
2021-06-08,0.6822914884232502,2,isotropic_constructed_macro_nats_full_precision_v3,0552c7f4701ada91e31e916f992171b9418cb47d283a56e61f311581d66266cb
2021-06-10,0.7025125430875859,1,isotropic_constructed_macro_nats_full_precision_v3,0552c7f4701ada91e31e916f992171b9418cb47d283a56e61f311581d66266cb
2021-06-14,0.6938799332203667,1,isotropic_constructed_macro_nats_full_precision_v3,0552c7f4701ada91e31e916f992171b9418cb47d283a56e61f311581d66266cb
2021-06-16,0.6782837552768297,2,isotropic_constructed_macro_nats_full_precision_v3,0552c7f4701ada91e31e916f992171b9418cb47d283a56e61f311581d66266cb
2021-06-18,0.7074464999648952,1,isotropic_constructed_macro_nats_full_precision_v3,0552c7f4701ada91e31e916f992171b9418cb47d283a56e61f311581d66266cb
2021-06-22,0.6910076885824694,1,isotropic_constructed_macro_nats_full_precision_v3,0552c7f4701ada91e31e916f992171b9418cb47d283a56e61f311581d66266cb
2021-06-24,0.6820868006039712,2,isotropic_constructed_macro_nats_full_precision_v3,0552c7f4701ada91e31e916f992171b9418cb47d283a56e61f311581d66266cb
2021-06-28,0.7370595421096423,1,isotropic_constructed_macro_nats_full_precision_v3,0552c7f4701ada91e31e916f992171b9418cb47d283a56e61f311581d66266cb
2021-06-30,0.7088627731071183,1,isotropic_constructed_macro_nats_full_precision_v3,0552c7f4701ada91e31e916f992171b9418cb47d283a56e61f311581d66266cb
2021-07-02,0.7094180028362896,2,isotropic_constructed_macro_nats_full_precision_v3,0552c7f4701ada91e31e916f992171b9418cb47d283a56e61f311581d66266cb
2021-07-07,0.7135691934450982,1,isotropic_constructed_macro_nats_full_precision_v3,0552c7f4701ada91e31e916f992171b9418cb47d283a56e61f311581d66266cb
2021-07-09,0.6979153205526721,1,isotropic_constructed_macro_nats_full_precision_v3,0552c7f4701ada91e31e916f992171b9418cb47d283a56e61f311581d66266cb
2021-07-13,0.7192460098151011,1,isotropic_constructed_macro_nats_full_precision_v3,0552c7f4701ada91e31e916f992171b9418cb47d283a56e61f311581d66266cb
2021-07-15,0.7026688282046358,1,isotropic_constructed_macro_nats_full_precision_v3,0552c7f4701ada91e31e916f992171b9418cb47d283a56e61f311581d66266cb
2021-07-19,0.7051308486808816,1,isotropic_constructed_macro_nats_full_precision_v3,0552c7f4701ada91e31e916f992171b9418cb47d283a56e61f311581d66266cb
2021-07-21,0.7119995438780006,1,isotropic_constructed_macro_nats_full_precision_v3,0552c7f4701ada91e31e916f992171b9418cb47d283a56e61f311581d66266cb
2021-07-23,0.7589398861203024,1,isotropic_constructed_macro_nats_full_precision_v3,0552c7f4701ada91e31e916f992171b9418cb47d283a56e61f311581d66266cb
2021-07-27,0.7628698598589524,1,isotropic_constructed_macro_nats_full_precision_v3,0552c7f4701ada91e31e916f992171b9418cb47d283a56e61f311581d66266cb
2021-07-29,0.7468210483423654,1,isotropic_constructed_macro_nats_full_precision_v3,0552c7f4701ada91e31e916f992171b9418cb47d283a56e61f311581d66266cb
2021-08-02,0.7386695932033069,1,isotropic_constructed_macro_nats_full_precision_v3,0552c7f4701ada91e31e916f992171b9418cb47d283a56e61f311581d66266cb
2021-08-04,0.7414087781121423,1,isotropic_constructed_macro_nats_full_precision_v3,0552c7f4701ada91e31e916f992171b9418cb47d283a56e61f311581d66266cb
2021-08-06,0.7568557659201842,1,isotropic_constructed_macro_nats_full_precision_v3,0552c7f4701ada91e31e916f992171b9418cb47d283a56e61f311581d66266cb
2021-08-10,0.7573920152800775,1,isotropic_constructed_macro_nats_full_precision_v3,0552c7f4701ada91e31e916f992171b9418cb47d283a56e61f311581d66266cb
2021-08-12,0.7596548353675834,1,isotropic_constructed_macro_nats_full_precision_v3,0552c7f4701ada91e31e916f992171b9418cb47d283a56e61f311581d66266cb
2021-08-16,0.7274749689560668,1,isotropic_constructed_macro_nats_full_precision_v3,0552c7f4701ada91e31e916f992171b9418cb47d283a56e61f311581d66266cb
2021-08-18,0.7926386969939532,1,isotropic_constructed_macro_nats_full_precision_v3,0552c7f4701ada91e31e916f992171b9418cb47d283a56e61f311581d66266cb
2021-08-20,0.7722729192375193,1,isotropic_constructed_macro_nats_full_precision_v3,0552c7f4701ada91e31e916f992171b9418cb47d283a56e61f311581d66266cb
2021-08-24,0.7723494140070559,1,isotropic_constructed_macro_nats_full_precision_v3,0552c7f4701ada91e31e916f992171b9418cb47d283a56e61f311581d66266cb
2021-08-26,0.7849345553655612,1,isotropic_constructed_macro_nats_full_precision_v3,0552c7f4701ada91e31e916f992171b9418cb47d283a56e61f311581d66266cb
2021-08-30,0.7917562125752491,1,isotropic_constructed_macro_nats_full_precision_v3,0552c7f4701ada91e31e916f992171b9418cb47d283a56e61f311581d66266cb
2021-09-01,0.7843588090571513,1,isotropic_constructed_macro_nats_full_precision_v3,0552c7f4701ada91e31e916f992171b9418cb47d283a56e61f311581d66266cb
2021-09-03,0.7417206676553003,1,isotropic_constructed_macro_nats_full_precision_v3,0552c7f4701ada91e31e916f992171b9418cb47d283a56e61f311581d66266cb
2021-09-08,0.7973167082035922,1,isotropic_constructed_macro_nats_full_precision_v3,0552c7f4701ada91e31e916f992171b9418cb47d283a56e61f311581d66266cb
2021-09-10,0.7861852408672821,1,isotropic_constructed_macro_nats_full_precision_v3,0552c7f4701ada91e31e916f992171b9418cb47d283a56e61f311581d66266cb
2021-09-14,0.741234533476231,1,isotropic_constructed_macro_nats_full_precision_v3,0552c7f4701ada91e31e916f992171b9418cb47d283a56e61f311581d66266cb
2021-09-16,0.7404026872032298,1,isotropic_constructed_macro_nats_full_precision_v3,0552c7f4701ada91e31e916f992171b9418cb47d283a56e61f311581d66266cb
2021-09-20,0.7642772571355797,1,isotropic_constructed_macro_nats_full_precision_v3,0552c7f4701ada91e31e916f992171b9418cb47d283a56e61f311581d66266cb
2021-09-22,0.7730080420344525,1,isotropic_constructed_macro_nats_full_precision_v3,0552c7f4701ada91e31e916f992171b9418cb47d283a56e61f311581d66266cb
2021-09-24,0.7526180668252866,2,isotropic_constructed_macro_nats_full_precision_v3,0552c7f4701ada91e31e916f992171b9418cb47d283a56e61f311581d66266cb
2021-09-28,0.7605259285643919,1,isotropic_constructed_macro_nats_full_precision_v3,0552c7f4701ada91e31e916f992171b9418cb47d283a56e61f311581d66266cb
2021-09-30,0.7415509138813924,3,isotropic_constructed_macro_nats_full_precision_v3,0552c7f4701ada91e31e916f992171b9418cb47d283a56e61f311581d66266cb
2021-10-04,0.7295256451827496,2,isotropic_constructed_macro_nats_full_precision_v3,0552c7f4701ada91e31e916f992171b9418cb47d283a56e61f311581d66266cb
2021-10-06,0.7337076407508922,3,isotropic_constructed_macro_nats_full_precision_v3,0552c7f4701ada91e31e916f992171b9418cb47d283a56e61f311581d66266cb
2021-10-08,0.7274393057837261,3,isotropic_constructed_macro_nats_full_precision_v3,0552c7f4701ada91e31e916f992171b9418cb47d283a56e61f311581d66266cb
2021-10-12,0.7553070049028686,1,isotropic_constructed_macro_nats_full_precision_v3,0552c7f4701ada91e31e916f992171b9418cb47d283a56e61f311581d66266cb
2021-10-14,0.7546731536048399,1,isotropic_constructed_macro_nats_full_precision_v3,0552c7f4701ada91e31e916f992171b9418cb47d283a56e61f311581d66266cb
2021-10-18,0.760423769255548,1,isotropic_constructed_macro_nats_full_precision_v3,0552c7f4701ada91e31e916f992171b9418cb47d283a56e61f311581d66266cb
2021-10-20,0.7406485710460182,3,isotropic_constructed_macro_nats_full_precision_v3,0552c7f4701ada91e31e916f992171b9418cb47d283a56e61f311581d66266cb
2021-10-22,0.7565130191362371,3,isotropic_constructed_macro_nats_full_precision_v3,0552c7f4701ada91e31e916f992171b9418cb47d283a56e61f311581d66266cb
2021-10-26,0.7446194104964869,3,isotropic_constructed_macro_nats_full_precision_v3,0552c7f4701ada91e31e916f992171b9418cb47d283a56e61f311581d66266cb
2021-10-28,0.750638272478878,3,isotropic_constructed_macro_nats_full_precision_v3,0552c7f4701ada91e31e916f992171b9418cb47d283a56e61f311581d66266cb
2021-11-01,0.7497906152627571,3,isotropic_constructed_macro_nats_full_precision_v3,0552c7f4701ada91e31e916f992171b9418cb47d283a56e61f311581d66266cb
2021-11-03,0.7337745173027911,3,isotropic_constructed_macro_nats_full_precision_v3,0552c7f4701ada91e31e916f992171b9418cb47d283a56e61f311581d66266cb
2021-11-05,0.755179931318028,1,isotropic_constructed_macro_nats_full_precision_v3,0552c7f4701ada91e31e916f992171b9418cb47d283a56e61f311581d66266cb
2021-11-09,0.7338374526842271,2,isotropic_constructed_macro_nats_full_precision_v3,0552c7f4701ada91e31e916f992171b9418cb47d283a56e61f311581d66266cb
2021-11-11,0.7520343296531877,3,isotropic_constructed_macro_nats_full_precision_v3,0552c7f4701ada91e31e916f992171b9418cb47d283a56e61f311581d66266cb
2021-11-15,0.7465641052230026,3,isotropic_constructed_macro_nats_full_precision_v3,0552c7f4701ada91e31e916f992171b9418cb47d283a56e61f311581d66266cb
2021-11-17,0.7333897269085966,3,isotropic_constructed_macro_nats_full_precision_v3,0552c7f4701ada91e31e916f992171b9418cb47d283a56e61f311581d66266cb
2021-11-19,0.7398439241437461,3,isotropic_constructed_macro_nats_full_precision_v3,0552c7f4701ada91e31e916f992171b9418cb47d283a56e61f311581d66266cb
2021-11-23,0.7326063458749593,3,isotropic_constructed_macro_nats_full_precision_v3,0552c7f4701ada91e31e916f992171b9418cb47d283a56e61f311581d66266cb
2021-11-26,0.7484023228776104,3,isotropic_constructed_macro_nats_full_precision_v3,0552c7f4701ada91e31e916f992171b9418cb47d283a56e61f311581d66266cb
2021-11-30,0.7869655200620967,1,isotropic_constructed_macro_nats_full_precision_v3,0552c7f4701ada91e31e916f992171b9418cb47d283a56e61f311581d66266cb
2021-12-02,0.757096651254093,3,isotropic_constructed_macro_nats_full_precision_v3,0552c7f4701ada91e31e916f992171b9418cb47d283a56e61f311581d66266cb
2021-12-06,0.7861565063905409,1,isotropic_constructed_macro_nats_full_precision_v3,0552c7f4701ada91e31e916f992171b9418cb47d283a56e61f311581d66266cb
2021-12-08,0.8081728550247012,1,isotropic_constructed_macro_nats_full_precision_v3,0552c7f4701ada91e31e916f992171b9418cb47d283a56e61f311581d66266cb
2021-12-10,0.7754038627215267,1,isotropic_constructed_macro_nats_full_precision_v3,0552c7f4701ada91e31e916f992171b9418cb47d283a56e61f311581d66266cb
2021-12-14,0.8034523704331714,1,isotropic_constructed_macro_nats_full_precision_v3,0552c7f4701ada91e31e916f992171b9418cb47d283a56e61f311581d66266cb
2021-12-16,0.8116762423141057,1,isotropic_constructed_macro_nats_full_precision_v3,0552c7f4701ada91e31e916f992171b9418cb47d283a56e61f311581d66266cb
2021-12-20,0.81853070022964,1,isotropic_constructed_macro_nats_full_precision_v3,0552c7f4701ada91e31e916f992171b9418cb47d283a56e61f311581d66266cb
2021-12-22,0.8129748619296837,1,isotropic_constructed_macro_nats_full_precision_v3,0552c7f4701ada91e31e916f992171b9418cb47d283a56e61f311581d66266cb
2021-12-27,0.8163421183080152,1,isotropic_constructed_macro_nats_full_precision_v3,0552c7f4701ada91e31e916f992171b9418cb47d283a56e61f311581d66266cb
2021-12-29,0.7794527347121526,1,isotropic_constructed_macro_nats_full_precision_v3,0552c7f4701ada91e31e916f992171b9418cb47d283a56e61f311581d66266cb
2021-12-31,0.7392810039943994,3,isotropic_constructed_macro_nats_full_precision_v3,0552c7f4701ada91e31e916f992171b9418cb47d283a56e61f311581d66266cb
2022-01-04,0.7356660410174686,2,isotropic_constructed_macro_nats_full_precision_v3,0552c7f4701ada91e31e916f992171b9418cb47d283a56e61f311581d66266cb
2022-01-06,0.7774785885456371,1,isotropic_constructed_macro_nats_full_precision_v3,0552c7f4701ada91e31e916f992171b9418cb47d283a56e61f311581d66266cb
2022-01-10,0.7554286676552616,3,isotropic_constructed_macro_nats_full_precision_v3,0552c7f4701ada91e31e916f992171b9418cb47d283a56e61f311581d66266cb
2022-01-12,0.7833026501108712,1,isotropic_constructed_macro_nats_full_precision_v3,0552c7f4701ada91e31e916f992171b9418cb47d283a56e61f311581d66266cb
2022-01-14,0.7579139814829489,3,isotropic_constructed_macro_nats_full_precision_v3,0552c7f4701ada91e31e916f992171b9418cb47d283a56e61f311581d66266cb
2022-01-19,0.7540576889484081,3,isotropic_constructed_macro_nats_full_precision_v3,0552c7f4701ada91e31e916f992171b9418cb47d283a56e61f311581d66266cb
2022-01-21,0.7716519118684926,3,isotropic_constructed_macro_nats_full_precision_v3,0552c7f4701ada91e31e916f992171b9418cb47d283a56e61f311581d66266cb
2022-01-25,0.7126094767633383,3,isotropic_constructed_macro_nats_full_precision_v3,0552c7f4701ada91e31e916f992171b9418cb47d283a56e61f311581d66266cb
2022-01-27,0.767639610017727,1,isotropic_constructed_macro_nats_full_precision_v3,0552c7f4701ada91e31e916f992171b9418cb47d283a56e61f311581d66266cb
2022-01-31,0.7951485548186312,1,isotropic_constructed_macro_nats_full_precision_v3,0552c7f4701ada91e31e916f992171b9418cb47d283a56e61f311581d66266cb
2022-02-02,0.7725962801149505,3,isotropic_constructed_macro_nats_full_precision_v3,0552c7f4701ada91e31e916f992171b9418cb47d283a56e61f311581d66266cb
2022-02-04,0.7705348684845095,3,isotropic_constructed_macro_nats_full_precision_v3,0552c7f4701ada91e31e916f992171b9418cb47d283a56e61f311581d66266cb
2022-02-08,0.7515819460163454,1,isotropic_constructed_macro_nats_full_precision_v3,0552c7f4701ada91e31e916f992171b9418cb47d283a56e61f311581d66266cb
2022-02-10,0.7854087365432659,3,isotropic_constructed_macro_nats_full_precision_v3,0552c7f4701ada91e31e916f992171b9418cb47d283a56e61f311581d66266cb
2022-02-14,0.7641602199141383,2,isotropic_constructed_macro_nats_full_precision_v3,0552c7f4701ada91e31e916f992171b9418cb47d283a56e61f311581d66266cb
2022-02-16,0.7770203245238031,3,isotropic_constructed_macro_nats_full_precision_v3,0552c7f4701ada91e31e916f992171b9418cb47d283a56e61f311581d66266cb
2022-02-18,0.7863577554654793,3,isotropic_constructed_macro_nats_full_precision_v3,0552c7f4701ada91e31e916f992171b9418cb47d283a56e61f311581d66266cb
2022-02-23,0.8250982891752023,1,isotropic_constructed_macro_nats_full_precision_v3,0552c7f4701ada91e31e916f992171b9418cb47d283a56e61f311581d66266cb
2022-02-25,0.7978069503599126,3,isotropic_constructed_macro_nats_full_precision_v3,0552c7f4701ada91e31e916f992171b9418cb47d283a56e61f311581d66266cb
2022-03-01,0.8366820678217071,3,isotropic_constructed_macro_nats_full_precision_v3,0552c7f4701ada91e31e916f992171b9418cb47d283a56e61f311581d66266cb
2022-03-03,0.8090231919743478,3,isotropic_constructed_macro_nats_full_precision_v3,0552c7f4701ada91e31e916f992171b9418cb47d283a56e61f311581d66266cb
2022-03-07,0.8271350721940478,2,isotropic_constructed_macro_nats_full_precision_v3,0552c7f4701ada91e31e916f992171b9418cb47d283a56e61f311581d66266cb
2022-03-09,0.7820994870331957,1,isotropic_constructed_macro_nats_full_precision_v3,0552c7f4701ada91e31e916f992171b9418cb47d283a56e61f311581d66266cb
2022-03-11,0.81823574549168,1,isotropic_constructed_macro_nats_full_precision_v3,0552c7f4701ada91e31e916f992171b9418cb47d283a56e61f311581d66266cb
2022-03-15,0.6908564401758168,2,isotropic_constructed_macro_nats_full_precision_v3,0552c7f4701ada91e31e916f992171b9418cb47d283a56e61f311581d66266cb
2022-03-17,0.6246929969852231,1,isotropic_constructed_macro_nats_full_precision_v3,0552c7f4701ada91e31e916f992171b9418cb47d283a56e61f311581d66266cb
2022-03-21,0.643410798890202,1,isotropic_constructed_macro_nats_full_precision_v3,0552c7f4701ada91e31e916f992171b9418cb47d283a56e61f311581d66266cb
2022-03-23,0.6140350366315539,2,isotropic_constructed_macro_nats_full_precision_v3,0552c7f4701ada91e31e916f992171b9418cb47d283a56e61f311581d66266cb
2022-03-25,0.6244548541607623,1,isotropic_constructed_macro_nats_full_precision_v3,0552c7f4701ada91e31e916f992171b9418cb47d283a56e61f311581d66266cb
2022-03-29,0.6575084803614162,1,isotropic_constructed_macro_nats_full_precision_v3,0552c7f4701ada91e31e916f992171b9418cb47d283a56e61f311581d66266cb
2022-03-31,0.6210870848007048,1,isotropic_constructed_macro_nats_full_precision_v3,0552c7f4701ada91e31e916f992171b9418cb47d283a56e61f311581d66266cb
2022-04-04,0.6488966262114317,1,isotropic_constructed_macro_nats_full_precision_v3,0552c7f4701ada91e31e916f992171b9418cb47d283a56e61f311581d66266cb
2022-04-06,0.6370047042472119,1,isotropic_constructed_macro_nats_full_precision_v3,0552c7f4701ada91e31e916f992171b9418cb47d283a56e61f311581d66266cb
2022-04-08,0.7230120220539195,1,isotropic_constructed_macro_nats_full_precision_v3,0552c7f4701ada91e31e916f992171b9418cb47d283a56e61f311581d66266cb
2022-04-12,0.7180254569259243,1,isotropic_constructed_macro_nats_full_precision_v3,0552c7f4701ada91e31e916f992171b9418cb47d283a56e61f311581d66266cb
2022-04-14,0.7082179007947693,1,isotropic_constructed_macro_nats_full_precision_v3,0552c7f4701ada91e31e916f992171b9418cb47d283a56e61f311581d66266cb
2022-04-19,0.6808524348547575,1,isotropic_constructed_macro_nats_full_precision_v3,0552c7f4701ada91e31e916f992171b9418cb47d283a56e61f311581d66266cb
2022-04-21,0.6718960739665665,1,isotropic_constructed_macro_nats_full_precision_v3,0552c7f4701ada91e31e916f992171b9418cb47d283a56e61f311581d66266cb
2022-04-25,0.6414917125331825,1,isotropic_constructed_macro_nats_full_precision_v3,0552c7f4701ada91e31e916f992171b9418cb47d283a56e61f311581d66266cb
2022-04-27,0.6589680187436913,1,isotropic_constructed_macro_nats_full_precision_v3,0552c7f4701ada91e31e916f992171b9418cb47d283a56e61f311581d66266cb
2022-04-29,0.6458814337147922,1,isotropic_constructed_macro_nats_full_precision_v3,0552c7f4701ada91e31e916f992171b9418cb47d283a56e61f311581d66266cb
2022-05-03,0.6291326516355655,1,isotropic_constructed_macro_nats_full_precision_v3,0552c7f4701ada91e31e916f992171b9418cb47d283a56e61f311581d66266cb
2022-05-05,0.6135630603764388,1,isotropic_constructed_macro_nats_full_precision_v3,0552c7f4701ada91e31e916f992171b9418cb47d283a56e61f311581d66266cb
2022-05-09,0.6047385384973081,1,isotropic_constructed_macro_nats_full_precision_v3,0552c7f4701ada91e31e916f992171b9418cb47d283a56e61f311581d66266cb
2022-05-11,0.5804163906062523,1,isotropic_constructed_macro_nats_full_precision_v3,0552c7f4701ada91e31e916f992171b9418cb47d283a56e61f311581d66266cb
2022-05-13,0.6164331878371035,1,isotropic_constructed_macro_nats_full_precision_v3,0552c7f4701ada91e31e916f992171b9418cb47d283a56e61f311581d66266cb
2022-05-17,0.6279691938912708,1,isotropic_constructed_macro_nats_full_precision_v3,0552c7f4701ada91e31e916f992171b9418cb47d283a56e61f311581d66266cb
2022-05-19,0.6023728347765887,1,isotropic_constructed_macro_nats_full_precision_v3,0552c7f4701ada91e31e916f992171b9418cb47d283a56e61f311581d66266cb
2022-05-23,0.6409992280863731,1,isotropic_constructed_macro_nats_full_precision_v3,0552c7f4701ada91e31e916f992171b9418cb47d283a56e61f311581d66266cb
2022-05-25,0.5722063601862731,2,isotropic_constructed_macro_nats_full_precision_v3,0552c7f4701ada91e31e916f992171b9418cb47d283a56e61f311581d66266cb
2022-05-27,0.6353862230288289,1,isotropic_constructed_macro_nats_full_precision_v3,0552c7f4701ada91e31e916f992171b9418cb47d283a56e61f311581d66266cb
2022-06-01,0.5635220414527843,1,isotropic_constructed_macro_nats_full_precision_v3,0552c7f4701ada91e31e916f992171b9418cb47d283a56e61f311581d66266cb
2022-06-03,0.5545622703830846,1,isotropic_constructed_macro_nats_full_precision_v3,0552c7f4701ada91e31e916f992171b9418cb47d283a56e61f311581d66266cb
2022-06-07,0.5614836693807713,2,isotropic_constructed_macro_nats_full_precision_v3,0552c7f4701ada91e31e916f992171b9418cb47d283a56e61f311581d66266cb
2022-06-09,0.5635734293639569,2,isotropic_constructed_macro_nats_full_precision_v3,0552c7f4701ada91e31e916f992171b9418cb47d283a56e61f311581d66266cb
2022-06-13,0.5113451237295853,3,isotropic_constructed_macro_nats_full_precision_v3,0552c7f4701ada91e31e916f992171b9418cb47d283a56e61f311581d66266cb
2022-06-15,0.5925703441993471,1,isotropic_constructed_macro_nats_full_precision_v3,0552c7f4701ada91e31e916f992171b9418cb47d283a56e61f311581d66266cb
2022-06-17,0.5654520169686443,1,isotropic_constructed_macro_nats_full_precision_v3,0552c7f4701ada91e31e916f992171b9418cb47d283a56e61f311581d66266cb
2022-06-22,0.5348040460853527,2,isotropic_constructed_macro_nats_full_precision_v3,0552c7f4701ada91e31e916f992171b9418cb47d283a56e61f311581d66266cb
2022-06-24,0.5695520950271611,2,isotropic_constructed_macro_nats_full_precision_v3,0552c7f4701ada91e31e916f992171b9418cb47d283a56e61f311581d66266cb
2022-06-28,0.5673982389122532,3,isotropic_constructed_macro_nats_full_precision_v3,0552c7f4701ada91e31e916f992171b9418cb47d283a56e61f311581d66266cb
2022-06-30,0.5682231854350224,2,isotropic_constructed_macro_nats_full_precision_v3,0552c7f4701ada91e31e916f992171b9418cb47d283a56e61f311581d66266cb
2022-07-05,0.5476358725377823,3,isotropic_constructed_macro_nats_full_precision_v3,0552c7f4701ada91e31e916f992171b9418cb47d283a56e61f311581d66266cb
2022-07-07,0.5282124285742302,3,isotropic_constructed_macro_nats_full_precision_v3,0552c7f4701ada91e31e916f992171b9418cb47d283a56e61f311581d66266cb
2022-07-11,0.5357400045439755,1,isotropic_constructed_macro_nats_full_precision_v3,0552c7f4701ada91e31e916f992171b9418cb47d283a56e61f311581d66266cb
2022-07-13,0.5352832799784912,1,isotropic_constructed_macro_nats_full_precision_v3,0552c7f4701ada91e31e916f992171b9418cb47d283a56e61f311581d66266cb
2022-07-15,0.553294298223654,1,isotropic_constructed_macro_nats_full_precision_v3,0552c7f4701ada91e31e916f992171b9418cb47d283a56e61f311581d66266cb
2022-07-19,0.5601682059566133,1,isotropic_constructed_macro_nats_full_precision_v3,0552c7f4701ada91e31e916f992171b9418cb47d283a56e61f311581d66266cb
2022-07-21,0.5296929472804901,1,isotropic_constructed_macro_nats_full_precision_v3,0552c7f4701ada91e31e916f992171b9418cb47d283a56e61f311581d66266cb
2022-07-25,0.5271066467244451,1,isotropic_constructed_macro_nats_full_precision_v3,0552c7f4701ada91e31e916f992171b9418cb47d283a56e61f311581d66266cb
2022-07-27,0.500827966745299,2,isotropic_constructed_macro_nats_full_precision_v3,0552c7f4701ada91e31e916f992171b9418cb47d283a56e61f311581d66266cb
2022-07-29,0.5431258397546412,1,isotropic_constructed_macro_nats_full_precision_v3,0552c7f4701ada91e31e916f992171b9418cb47d283a56e61f311581d66266cb
2022-08-02,0.541879796854392,1,isotropic_constructed_macro_nats_full_precision_v3,0552c7f4701ada91e31e916f992171b9418cb47d283a56e61f311581d66266cb
2022-08-04,0.5128519012877424,1,isotropic_constructed_macro_nats_full_precision_v3,0552c7f4701ada91e31e916f992171b9418cb47d283a56e61f311581d66266cb
2022-08-08,0.5451250322241397,1,isotropic_constructed_macro_nats_full_precision_v3,0552c7f4701ada91e31e916f992171b9418cb47d283a56e61f311581d66266cb
2022-08-10,0.5322627422143114,1,isotropic_constructed_macro_nats_full_precision_v3,0552c7f4701ada91e31e916f992171b9418cb47d283a56e61f311581d66266cb
2022-08-12,0.5408327911367554,2,isotropic_constructed_macro_nats_full_precision_v3,0552c7f4701ada91e31e916f992171b9418cb47d283a56e61f311581d66266cb
2022-08-16,0.533583727964281,2,isotropic_constructed_macro_nats_full_precision_v3,0552c7f4701ada91e31e916f992171b9418cb47d283a56e61f311581d66266cb
2022-08-18,0.5267736448315381,2,isotropic_constructed_macro_nats_full_precision_v3,0552c7f4701ada91e31e916f992171b9418cb47d283a56e61f311581d66266cb
2022-08-22,0.5446527301553385,2,isotropic_constructed_macro_nats_full_precision_v3,0552c7f4701ada91e31e916f992171b9418cb47d283a56e61f311581d66266cb
2022-08-24,0.5712982407944989,1,isotropic_constructed_macro_nats_full_precision_v3,0552c7f4701ada91e31e916f992171b9418cb47d283a56e61f311581d66266cb
2022-08-26,0.5331817710556257,1,isotropic_constructed_macro_nats_full_precision_v3,0552c7f4701ada91e31e916f992171b9418cb47d283a56e61f311581d66266cb
2022-08-30,0.5337421911170728,1,isotropic_constructed_macro_nats_full_precision_v3,0552c7f4701ada91e31e916f992171b9418cb47d283a56e61f311581d66266cb
2022-09-01,0.5262878142823175,1,isotropic_constructed_macro_nats_full_precision_v3,0552c7f4701ada91e31e916f992171b9418cb47d283a56e61f311581d66266cb
2022-09-06,0.5260116386219825,1,isotropic_constructed_macro_nats_full_precision_v3,0552c7f4701ada91e31e916f992171b9418cb47d283a56e61f311581d66266cb
2022-09-08,0.5073154168360705,1,isotropic_constructed_macro_nats_full_precision_v3,0552c7f4701ada91e31e916f992171b9418cb47d283a56e61f311581d66266cb
2022-09-12,0.5210277145442339,1,isotropic_constructed_macro_nats_full_precision_v3,0552c7f4701ada91e31e916f992171b9418cb47d283a56e61f311581d66266cb
2022-09-14,0.5213543051706344,1,isotropic_constructed_macro_nats_full_precision_v3,0552c7f4701ada91e31e916f992171b9418cb47d283a56e61f311581d66266cb
2022-09-16,0.5343680207641501,1,isotropic_constructed_macro_nats_full_precision_v3,0552c7f4701ada91e31e916f992171b9418cb47d283a56e61f311581d66266cb
2022-09-20,0.5597863053505179,1,isotropic_constructed_macro_nats_full_precision_v3,0552c7f4701ada91e31e916f992171b9418cb47d283a56e61f311581d66266cb
2022-09-22,0.5531228445760453,1,isotropic_constructed_macro_nats_full_precision_v3,0552c7f4701ada91e31e916f992171b9418cb47d283a56e61f311581d66266cb
2022-09-26,0.5482979339785333,1,isotropic_constructed_macro_nats_full_precision_v3,0552c7f4701ada91e31e916f992171b9418cb47d283a56e61f311581d66266cb
2022-09-28,0.6005343332607295,1,isotropic_constructed_macro_nats_full_precision_v3,0552c7f4701ada91e31e916f992171b9418cb47d283a56e61f311581d66266cb
2022-09-30,0.5682183458619323,2,isotropic_constructed_macro_nats_full_precision_v3,0552c7f4701ada91e31e916f992171b9418cb47d283a56e61f311581d66266cb
2022-10-04,0.6062449536133616,1,isotropic_constructed_macro_nats_full_precision_v3,0552c7f4701ada91e31e916f992171b9418cb47d283a56e61f311581d66266cb
2022-10-06,0.5405393036391827,1,isotropic_constructed_macro_nats_full_precision_v3,0552c7f4701ada91e31e916f992171b9418cb47d283a56e61f311581d66266cb
2022-10-10,0.5653422008523132,1,isotropic_constructed_macro_nats_full_precision_v3,0552c7f4701ada91e31e916f992171b9418cb47d283a56e61f311581d66266cb
2022-10-12,0.5788916492458576,1,isotropic_constructed_macro_nats_full_precision_v3,0552c7f4701ada91e31e916f992171b9418cb47d283a56e61f311581d66266cb
2022-10-14,0.6124164757258979,1,isotropic_constructed_macro_nats_full_precision_v3,0552c7f4701ada91e31e916f992171b9418cb47d283a56e61f311581d66266cb
2022-10-18,0.5816050407656621,1,isotropic_constructed_macro_nats_full_precision_v3,0552c7f4701ada91e31e916f992171b9418cb47d283a56e61f311581d66266cb
2022-10-20,0.5655612894356189,1,isotropic_constructed_macro_nats_full_precision_v3,0552c7f4701ada91e31e916f992171b9418cb47d283a56e61f311581d66266cb
2022-10-24,0.596408217255517,1,isotropic_constructed_macro_nats_full_precision_v3,0552c7f4701ada91e31e916f992171b9418cb47d283a56e61f311581d66266cb
2022-10-26,0.5640771305582535,1,isotropic_constructed_macro_nats_full_precision_v3,0552c7f4701ada91e31e916f992171b9418cb47d283a56e61f311581d66266cb
2022-10-28,0.5658944266175239,1,isotropic_constructed_macro_nats_full_precision_v3,0552c7f4701ada91e31e916f992171b9418cb47d283a56e61f311581d66266cb
2022-11-01,0.5757968559839501,1,isotropic_constructed_macro_nats_full_precision_v3,0552c7f4701ada91e31e916f992171b9418cb47d283a56e61f311581d66266cb
2022-11-03,0.5593138843841752,1,isotropic_constructed_macro_nats_full_precision_v3,0552c7f4701ada91e31e916f992171b9418cb47d283a56e61f311581d66266cb
2022-11-07,0.5775059991400762,1,isotropic_constructed_macro_nats_full_precision_v3,0552c7f4701ada91e31e916f992171b9418cb47d283a56e61f311581d66266cb
2022-11-09,0.5927180877749059,1,isotropic_constructed_macro_nats_full_precision_v3,0552c7f4701ada91e31e916f992171b9418cb47d283a56e61f311581d66266cb
2022-11-11,0.5977683913246981,1,isotropic_constructed_macro_nats_full_precision_v3,0552c7f4701ada91e31e916f992171b9418cb47d283a56e61f311581d66266cb
2022-11-15,0.5911981358762366,2,isotropic_constructed_macro_nats_full_precision_v3,0552c7f4701ada91e31e916f992171b9418cb47d283a56e61f311581d66266cb
2022-11-17,0.597169970590044,1,isotropic_constructed_macro_nats_full_precision_v3,0552c7f4701ada91e31e916f992171b9418cb47d283a56e61f311581d66266cb
2022-11-21,0.5860430189291677,1,isotropic_constructed_macro_nats_full_precision_v3,0552c7f4701ada91e31e916f992171b9418cb47d283a56e61f311581d66266cb
2022-11-23,0.6015633255262844,1,isotropic_constructed_macro_nats_full_precision_v3,0552c7f4701ada91e31e916f992171b9418cb47d283a56e61f311581d66266cb
2022-11-28,0.6029648054707235,1,isotropic_constructed_macro_nats_full_precision_v3,0552c7f4701ada91e31e916f992171b9418cb47d283a56e61f311581d66266cb
2022-11-30,0.6192774677371424,1,isotropic_constructed_macro_nats_full_precision_v3,0552c7f4701ada91e31e916f992171b9418cb47d283a56e61f311581d66266cb
2022-12-02,0.6241723488045628,1,isotropic_constructed_macro_nats_full_precision_v3,0552c7f4701ada91e31e916f992171b9418cb47d283a56e61f311581d66266cb
2022-12-06,0.6261816669536469,1,isotropic_constructed_macro_nats_full_precision_v3,0552c7f4701ada91e31e916f992171b9418cb47d283a56e61f311581d66266cb
2022-12-08,0.6261732370240071,1,isotropic_constructed_macro_nats_full_precision_v3,0552c7f4701ada91e31e916f992171b9418cb47d283a56e61f311581d66266cb
2022-12-12,0.6190500935716808,1,isotropic_constructed_macro_nats_full_precision_v3,0552c7f4701ada91e31e916f992171b9418cb47d283a56e61f311581d66266cb
2022-12-14,0.6066119218244359,1,isotropic_constructed_macro_nats_full_precision_v3,0552c7f4701ada91e31e916f992171b9418cb47d283a56e61f311581d66266cb
2022-12-16,0.6202654299377334,1,isotropic_constructed_macro_nats_full_precision_v3,0552c7f4701ada91e31e916f992171b9418cb47d283a56e61f311581d66266cb
2022-12-20,0.6163068238767953,1,isotropic_constructed_macro_nats_full_precision_v3,0552c7f4701ada91e31e916f992171b9418cb47d283a56e61f311581d66266cb
2022-12-22,0.624893979424241,1,isotropic_constructed_macro_nats_full_precision_v3,0552c7f4701ada91e31e916f992171b9418cb47d283a56e61f311581d66266cb
2022-12-27,0.623475802358691,1,isotropic_constructed_macro_nats_full_precision_v3,0552c7f4701ada91e31e916f992171b9418cb47d283a56e61f311581d66266cb
2022-12-29,0.616027870984946,1,isotropic_constructed_macro_nats_full_precision_v3,0552c7f4701ada91e31e916f992171b9418cb47d283a56e61f311581d66266cb
2023-01-03,0.6100178524023265,1,isotropic_constructed_macro_nats_full_precision_v3,0552c7f4701ada91e31e916f992171b9418cb47d283a56e61f311581d66266cb
2023-01-05,0.6074205172106628,1,isotropic_constructed_macro_nats_full_precision_v3,0552c7f4701ada91e31e916f992171b9418cb47d283a56e61f311581d66266cb
2023-01-09,0.6011819260069704,1,isotropic_constructed_macro_nats_full_precision_v3,0552c7f4701ada91e31e916f992171b9418cb47d283a56e61f311581d66266cb
2023-01-11,0.6318399811138065,1,isotropic_constructed_macro_nats_full_precision_v3,0552c7f4701ada91e31e916f992171b9418cb47d283a56e61f311581d66266cb
2023-01-13,0.6330067269201911,1,isotropic_constructed_macro_nats_full_precision_v3,0552c7f4701ada91e31e916f992171b9418cb47d283a56e61f311581d66266cb
2023-01-18,0.6096714992686141,1,isotropic_constructed_macro_nats_full_precision_v3,0552c7f4701ada91e31e916f992171b9418cb47d283a56e61f311581d66266cb
2023-01-20,0.5594483097383769,3,isotropic_constructed_macro_nats_full_precision_v3,0552c7f4701ada91e31e916f992171b9418cb47d283a56e61f311581d66266cb
2023-01-24,0.6498236639843428,1,isotropic_constructed_macro_nats_full_precision_v3,0552c7f4701ada91e31e916f992171b9418cb47d283a56e61f311581d66266cb
2023-01-26,0.6573038248199792,1,isotropic_constructed_macro_nats_full_precision_v3,0552c7f4701ada91e31e916f992171b9418cb47d283a56e61f311581d66266cb
2023-01-30,0.6481678920069547,1,isotropic_constructed_macro_nats_full_precision_v3,0552c7f4701ada91e31e916f992171b9418cb47d283a56e61f311581d66266cb
2023-02-01,0.6550941957329669,1,isotropic_constructed_macro_nats_full_precision_v3,0552c7f4701ada91e31e916f992171b9418cb47d283a56e61f311581d66266cb
2023-02-03,0.5985480955179239,1,isotropic_constructed_macro_nats_full_precision_v3,0552c7f4701ada91e31e916f992171b9418cb47d283a56e61f311581d66266cb
2023-02-07,0.6271505550397842,1,isotropic_constructed_macro_nats_full_precision_v3,0552c7f4701ada91e31e916f992171b9418cb47d283a56e61f311581d66266cb
2023-02-09,0.6569408076520642,1,isotropic_constructed_macro_nats_full_precision_v3,0552c7f4701ada91e31e916f992171b9418cb47d283a56e61f311581d66266cb
2023-02-13,0.6663111068659255,1,isotropic_constructed_macro_nats_full_precision_v3,0552c7f4701ada91e31e916f992171b9418cb47d283a56e61f311581d66266cb
2023-02-15,0.6242598316852916,1,isotropic_constructed_macro_nats_full_precision_v3,0552c7f4701ada91e31e916f992171b9418cb47d283a56e61f311581d66266cb
2023-02-17,0.6847282555324645,1,isotropic_constructed_macro_nats_full_precision_v3,0552c7f4701ada91e31e916f992171b9418cb47d283a56e61f311581d66266cb
2023-02-22,0.6813820663153792,1,isotropic_constructed_macro_nats_full_precision_v3,0552c7f4701ada91e31e916f992171b9418cb47d283a56e61f311581d66266cb
2023-02-24,0.6678121097207846,1,isotropic_constructed_macro_nats_full_precision_v3,0552c7f4701ada91e31e916f992171b9418cb47d283a56e61f311581d66266cb
2023-02-28,0.6295420377497603,1,isotropic_constructed_macro_nats_full_precision_v3,0552c7f4701ada91e31e916f992171b9418cb47d283a56e61f311581d66266cb
2023-03-02,0.6762899786203251,1,isotropic_constructed_macro_nats_full_precision_v3,0552c7f4701ada91e31e916f992171b9418cb47d283a56e61f311581d66266cb
2023-03-06,0.6728813722263796,1,isotropic_constructed_macro_nats_full_precision_v3,0552c7f4701ada91e31e916f992171b9418cb47d283a56e61f311581d66266cb
2023-03-08,0.6853928214182461,1,isotropic_constructed_macro_nats_full_precision_v3,0552c7f4701ada91e31e916f992171b9418cb47d283a56e61f311581d66266cb
2023-03-10,0.6465838702778743,1,isotropic_constructed_macro_nats_full_precision_v3,0552c7f4701ada91e31e916f992171b9418cb47d283a56e61f311581d66266cb
2023-03-14,0.6924611339075096,1,isotropic_constructed_macro_nats_full_precision_v3,0552c7f4701ada91e31e916f992171b9418cb47d283a56e61f311581d66266cb
2023-03-16,0.6598808569075529,1,isotropic_constructed_macro_nats_full_precision_v3,0552c7f4701ada91e31e916f992171b9418cb47d283a56e61f311581d66266cb
2023-03-20,0.6895541943913281,1,isotropic_constructed_macro_nats_full_precision_v3,0552c7f4701ada91e31e916f992171b9418cb47d283a56e61f311581d66266cb
2023-03-22,0.7184676440955982,1,isotropic_constructed_macro_nats_full_precision_v3,0552c7f4701ada91e31e916f992171b9418cb47d283a56e61f311581d66266cb
2023-03-24,0.7300150075920518,1,isotropic_constructed_macro_nats_full_precision_v3,0552c7f4701ada91e31e916f992171b9418cb47d283a56e61f311581d66266cb
2023-03-28,0.7009668471166555,1,isotropic_constructed_macro_nats_full_precision_v3,0552c7f4701ada91e31e916f992171b9418cb47d283a56e61f311581d66266cb
2023-03-30,0.70477511808159,1,isotropic_constructed_macro_nats_full_precision_v3,0552c7f4701ada91e31e916f992171b9418cb47d283a56e61f311581d66266cb
2023-04-03,0.7096146367200696,1,isotropic_constructed_macro_nats_full_precision_v3,0552c7f4701ada91e31e916f992171b9418cb47d283a56e61f311581d66266cb
2023-04-05,0.6834245442145164,1,isotropic_constructed_macro_nats_full_precision_v3,0552c7f4701ada91e31e916f992171b9418cb47d283a56e61f311581d66266cb
2023-04-10,0.6830512196069741,1,isotropic_constructed_macro_nats_full_precision_v3,0552c7f4701ada91e31e916f992171b9418cb47d283a56e61f311581d66266cb
2023-04-12,0.6724843720413749,1,isotropic_constructed_macro_nats_full_precision_v3,0552c7f4701ada91e31e916f992171b9418cb47d283a56e61f311581d66266cb
2023-04-14,0.6471765252819951,1,isotropic_constructed_macro_nats_full_precision_v3,0552c7f4701ada91e31e916f992171b9418cb47d283a56e61f311581d66266cb
2023-04-18,0.6554524462051432,1,isotropic_constructed_macro_nats_full_precision_v3,0552c7f4701ada91e31e916f992171b9418cb47d283a56e61f311581d66266cb
2023-04-20,0.66221352592348,1,isotropic_constructed_macro_nats_full_precision_v3,0552c7f4701ada91e31e916f992171b9418cb47d283a56e61f311581d66266cb
2023-04-24,0.6416846299309658,1,isotropic_constructed_macro_nats_full_precision_v3,0552c7f4701ada91e31e916f992171b9418cb47d283a56e61f311581d66266cb
2023-04-26,0.6555834022825797,1,isotropic_constructed_macro_nats_full_precision_v3,0552c7f4701ada91e31e916f992171b9418cb47d283a56e61f311581d66266cb
2023-04-28,0.635561252656432,1,isotropic_constructed_macro_nats_full_precision_v3,0552c7f4701ada91e31e916f992171b9418cb47d283a56e61f311581d66266cb
2023-05-02,0.6356736212708987,1,isotropic_constructed_macro_nats_full_precision_v3,0552c7f4701ada91e31e916f992171b9418cb47d283a56e61f311581d66266cb
2023-05-04,0.6205690585078124,1,isotropic_constructed_macro_nats_full_precision_v3,0552c7f4701ada91e31e916f992171b9418cb47d283a56e61f311581d66266cb
2023-05-08,0.6476423358303296,1,isotropic_constructed_macro_nats_full_precision_v3,0552c7f4701ada91e31e916f992171b9418cb47d283a56e61f311581d66266cb
2023-05-10,0.637221837933954,1,isotropic_constructed_macro_nats_full_precision_v3,0552c7f4701ada91e31e916f992171b9418cb47d283a56e61f311581d66266cb
2023-05-12,0.6143028477516341,1,isotropic_constructed_macro_nats_full_precision_v3,0552c7f4701ada91e31e916f992171b9418cb47d283a56e61f311581d66266cb
2023-05-16,0.6277069179940333,1,isotropic_constructed_macro_nats_full_precision_v3,0552c7f4701ada91e31e916f992171b9418cb47d283a56e61f311581d66266cb
2023-05-18,0.6199869023347719,1,isotropic_constructed_macro_nats_full_precision_v3,0552c7f4701ada91e31e916f992171b9418cb47d283a56e61f311581d66266cb
2023-05-22,0.6246903612333097,1,isotropic_constructed_macro_nats_full_precision_v3,0552c7f4701ada91e31e916f992171b9418cb47d283a56e61f311581d66266cb
2023-05-24,0.6405984368996818,1,isotropic_constructed_macro_nats_full_precision_v3,0552c7f4701ada91e31e916f992171b9418cb47d283a56e61f311581d66266cb
2023-05-26,0.6192381676180783,1,isotropic_constructed_macro_nats_full_precision_v3,0552c7f4701ada91e31e916f992171b9418cb47d283a56e61f311581d66266cb
2023-05-31,0.6166298764482934,1,isotropic_constructed_macro_nats_full_precision_v3,0552c7f4701ada91e31e916f992171b9418cb47d283a56e61f311581d66266cb
2023-06-02,0.6324195333789782,1,isotropic_constructed_macro_nats_full_precision_v3,0552c7f4701ada91e31e916f992171b9418cb47d283a56e61f311581d66266cb
2023-06-06,0.6094930916422556,1,isotropic_constructed_macro_nats_full_precision_v3,0552c7f4701ada91e31e916f992171b9418cb47d283a56e61f311581d66266cb
2023-06-08,0.5399431132306196,1,isotropic_constructed_macro_nats_full_precision_v3,0552c7f4701ada91e31e916f992171b9418cb47d283a56e61f311581d66266cb
2023-06-12,0.5653106658022107,1,isotropic_constructed_macro_nats_full_precision_v3,0552c7f4701ada91e31e916f992171b9418cb47d283a56e61f311581d66266cb
2023-06-14,0.5577547586469966,1,isotropic_constructed_macro_nats_full_precision_v3,0552c7f4701ada91e31e916f992171b9418cb47d283a56e61f311581d66266cb
2023-06-16,0.5552352471135427,1,isotropic_constructed_macro_nats_full_precision_v3,0552c7f4701ada91e31e916f992171b9418cb47d283a56e61f311581d66266cb
2023-06-21,0.5487340948642687,1,isotropic_constructed_macro_nats_full_precision_v3,0552c7f4701ada91e31e916f992171b9418cb47d283a56e61f311581d66266cb
2023-06-23,0.5168472634098402,2,isotropic_constructed_macro_nats_full_precision_v3,0552c7f4701ada91e31e916f992171b9418cb47d283a56e61f311581d66266cb
2023-06-27,0.5094057167611161,2,isotropic_constructed_macro_nats_full_precision_v3,0552c7f4701ada91e31e916f992171b9418cb47d283a56e61f311581d66266cb
2023-06-29,0.5192078473413538,1,isotropic_constructed_macro_nats_full_precision_v3,0552c7f4701ada91e31e916f992171b9418cb47d283a56e61f311581d66266cb
2023-07-03,0.5134154160195243,2,isotropic_constructed_macro_nats_full_precision_v3,0552c7f4701ada91e31e916f992171b9418cb47d283a56e61f311581d66266cb
2023-07-06,0.5135398647186501,3,isotropic_constructed_macro_nats_full_precision_v3,0552c7f4701ada91e31e916f992171b9418cb47d283a56e61f311581d66266cb
2023-07-10,0.5325836469978651,1,isotropic_constructed_macro_nats_full_precision_v3,0552c7f4701ada91e31e916f992171b9418cb47d283a56e61f311581d66266cb
2023-07-12,0.5121907922184685,3,isotropic_constructed_macro_nats_full_precision_v3,0552c7f4701ada91e31e916f992171b9418cb47d283a56e61f311581d66266cb
2023-07-14,0.5109516271066601,3,isotropic_constructed_macro_nats_full_precision_v3,0552c7f4701ada91e31e916f992171b9418cb47d283a56e61f311581d66266cb
2023-07-18,0.5273742451548913,1,isotropic_constructed_macro_nats_full_precision_v3,0552c7f4701ada91e31e916f992171b9418cb47d283a56e61f311581d66266cb
2023-07-20,0.5347708140093068,3,isotropic_constructed_macro_nats_full_precision_v3,0552c7f4701ada91e31e916f992171b9418cb47d283a56e61f311581d66266cb
2023-07-24,0.5063821516658549,4,isotropic_constructed_macro_nats_full_precision_v3,0552c7f4701ada91e31e916f992171b9418cb47d283a56e61f311581d66266cb
2023-07-26,0.5325578584585173,3,isotropic_constructed_macro_nats_full_precision_v3,0552c7f4701ada91e31e916f992171b9418cb47d283a56e61f311581d66266cb
2023-07-28,0.5190193303337926,3,isotropic_constructed_macro_nats_full_precision_v3,0552c7f4701ada91e31e916f992171b9418cb47d283a56e61f311581d66266cb
2023-08-01,0.509577538974362,1,isotropic_constructed_macro_nats_full_precision_v3,0552c7f4701ada91e31e916f992171b9418cb47d283a56e61f311581d66266cb
2023-08-03,0.5228813186392433,1,isotropic_constructed_macro_nats_full_precision_v3,0552c7f4701ada91e31e916f992171b9418cb47d283a56e61f311581d66266cb
2023-08-07,0.5395087742304268,1,isotropic_constructed_macro_nats_full_precision_v3,0552c7f4701ada91e31e916f992171b9418cb47d283a56e61f311581d66266cb
2023-08-09,0.5299775967005624,1,isotropic_constructed_macro_nats_full_precision_v3,0552c7f4701ada91e31e916f992171b9418cb47d283a56e61f311581d66266cb
2023-08-11,0.5212732299192242,3,isotropic_constructed_macro_nats_full_precision_v3,0552c7f4701ada91e31e916f992171b9418cb47d283a56e61f311581d66266cb
2023-08-15,0.557079165193619,1,isotropic_constructed_macro_nats_full_precision_v3,0552c7f4701ada91e31e916f992171b9418cb47d283a56e61f311581d66266cb
2023-08-17,0.5319040687776466,1,isotropic_constructed_macro_nats_full_precision_v3,0552c7f4701ada91e31e916f992171b9418cb47d283a56e61f311581d66266cb
2023-08-21,0.5414851607785767,2,isotropic_constructed_macro_nats_full_precision_v3,0552c7f4701ada91e31e916f992171b9418cb47d283a56e61f311581d66266cb
2023-08-23,0.5302225741027786,2,isotropic_constructed_macro_nats_full_precision_v3,0552c7f4701ada91e31e916f992171b9418cb47d283a56e61f311581d66266cb
2023-08-25,0.5316683379764782,1,isotropic_constructed_macro_nats_full_precision_v3,0552c7f4701ada91e31e916f992171b9418cb47d283a56e61f311581d66266cb
2023-08-29,0.5274363683572147,2,isotropic_constructed_macro_nats_full_precision_v3,0552c7f4701ada91e31e916f992171b9418cb47d283a56e61f311581d66266cb
2023-08-31,0.5506255984359933,1,isotropic_constructed_macro_nats_full_precision_v3,0552c7f4701ada91e31e916f992171b9418cb47d283a56e61f311581d66266cb
2023-09-05,0.5395595105031057,2,isotropic_constructed_macro_nats_full_precision_v3,0552c7f4701ada91e31e916f992171b9418cb47d283a56e61f311581d66266cb
2023-09-07,0.5345006677108861,1,isotropic_constructed_macro_nats_full_precision_v3,0552c7f4701ada91e31e916f992171b9418cb47d283a56e61f311581d66266cb
2023-09-11,0.5543755464592225,2,isotropic_constructed_macro_nats_full_precision_v3,0552c7f4701ada91e31e916f992171b9418cb47d283a56e61f311581d66266cb
2023-09-13,0.551920858036981,2,isotropic_constructed_macro_nats_full_precision_v3,0552c7f4701ada91e31e916f992171b9418cb47d283a56e61f311581d66266cb
2023-09-15,0.5567575858468451,2,isotropic_constructed_macro_nats_full_precision_v3,0552c7f4701ada91e31e916f992171b9418cb47d283a56e61f311581d66266cb
2023-09-19,0.5286173205202714,2,isotropic_constructed_macro_nats_full_precision_v3,0552c7f4701ada91e31e916f992171b9418cb47d283a56e61f311581d66266cb
2023-09-21,0.5181367636840064,1,isotropic_constructed_macro_nats_full_precision_v3,0552c7f4701ada91e31e916f992171b9418cb47d283a56e61f311581d66266cb
2023-09-25,0.5184349873861951,1,isotropic_constructed_macro_nats_full_precision_v3,0552c7f4701ada91e31e916f992171b9418cb47d283a56e61f311581d66266cb
2023-09-27,0.5151211810913265,3,isotropic_constructed_macro_nats_full_precision_v3,0552c7f4701ada91e31e916f992171b9418cb47d283a56e61f311581d66266cb
2023-09-29,0.5180709330701545,3,isotropic_constructed_macro_nats_full_precision_v3,0552c7f4701ada91e31e916f992171b9418cb47d283a56e61f311581d66266cb
2023-10-03,0.518367943414971,2,isotropic_constructed_macro_nats_full_precision_v3,0552c7f4701ada91e31e916f992171b9418cb47d283a56e61f311581d66266cb
2023-10-05,0.5109060443622906,4,isotropic_constructed_macro_nats_full_precision_v3,0552c7f4701ada91e31e916f992171b9418cb47d283a56e61f311581d66266cb
2023-10-09,0.5388884740118403,3,isotropic_constructed_macro_nats_full_precision_v3,0552c7f4701ada91e31e916f992171b9418cb47d283a56e61f311581d66266cb
2023-10-11,0.5613702815820296,2,isotropic_constructed_macro_nats_full_precision_v3,0552c7f4701ada91e31e916f992171b9418cb47d283a56e61f311581d66266cb
2023-10-13,0.5379251100683318,2,isotropic_constructed_macro_nats_full_precision_v3,0552c7f4701ada91e31e916f992171b9418cb47d283a56e61f311581d66266cb
2023-10-17,0.5677228121766806,3,isotropic_constructed_macro_nats_full_precision_v3,0552c7f4701ada91e31e916f992171b9418cb47d283a56e61f311581d66266cb
2023-10-19,0.5632343763847416,1,isotropic_constructed_macro_nats_full_precision_v3,0552c7f4701ada91e31e916f992171b9418cb47d283a56e61f311581d66266cb
2023-10-23,0.5646790220784772,3,isotropic_constructed_macro_nats_full_precision_v3,0552c7f4701ada91e31e916f992171b9418cb47d283a56e61f311581d66266cb
2023-10-25,0.5741752631357602,1,isotropic_constructed_macro_nats_full_precision_v3,0552c7f4701ada91e31e916f992171b9418cb47d283a56e61f311581d66266cb
2023-10-27,0.5688393652083379,1,isotropic_constructed_macro_nats_full_precision_v3,0552c7f4701ada91e31e916f992171b9418cb47d283a56e61f311581d66266cb
2023-10-31,0.5659943385548389,3,isotropic_constructed_macro_nats_full_precision_v3,0552c7f4701ada91e31e916f992171b9418cb47d283a56e61f311581d66266cb
2023-11-02,0.5572608395299605,2,isotropic_constructed_macro_nats_full_precision_v3,0552c7f4701ada91e31e916f992171b9418cb47d283a56e61f311581d66266cb
2023-11-06,0.556706152411117,2,isotropic_constructed_macro_nats_full_precision_v3,0552c7f4701ada91e31e916f992171b9418cb47d283a56e61f311581d66266cb
2023-11-08,0.5523263382865858,3,isotropic_constructed_macro_nats_full_precision_v3,0552c7f4701ada91e31e916f992171b9418cb47d283a56e61f311581d66266cb
2023-11-10,0.5560294886338232,2,isotropic_constructed_macro_nats_full_precision_v3,0552c7f4701ada91e31e916f992171b9418cb47d283a56e61f311581d66266cb
2023-11-14,0.5478868374104104,2,isotropic_constructed_macro_nats_full_precision_v3,0552c7f4701ada91e31e916f992171b9418cb47d283a56e61f311581d66266cb
2023-11-16,0.5482920834403466,1,isotropic_constructed_macro_nats_full_precision_v3,0552c7f4701ada91e31e916f992171b9418cb47d283a56e61f311581d66266cb
2023-11-20,0.5410091803817787,4,isotropic_constructed_macro_nats_full_precision_v3,0552c7f4701ada91e31e916f992171b9418cb47d283a56e61f311581d66266cb
2023-11-22,0.561646564927156,2,isotropic_constructed_macro_nats_full_precision_v3,0552c7f4701ada91e31e916f992171b9418cb47d283a56e61f311581d66266cb
2023-11-27,0.5433157664779449,1,isotropic_constructed_macro_nats_full_precision_v3,0552c7f4701ada91e31e916f992171b9418cb47d283a56e61f311581d66266cb
2023-11-29,0.5533645948683941,1,isotropic_constructed_macro_nats_full_precision_v3,0552c7f4701ada91e31e916f992171b9418cb47d283a56e61f311581d66266cb
2023-12-01,0.5699486666854041,1,isotropic_constructed_macro_nats_full_precision_v3,0552c7f4701ada91e31e916f992171b9418cb47d283a56e61f311581d66266cb
2023-12-05,0.5755353633017781,1,isotropic_constructed_macro_nats_full_precision_v3,0552c7f4701ada91e31e916f992171b9418cb47d283a56e61f311581d66266cb
2023-12-07,0.5513286347050759,2,isotropic_constructed_macro_nats_full_precision_v3,0552c7f4701ada91e31e916f992171b9418cb47d283a56e61f311581d66266cb
2023-12-11,0.5514374860722109,1,isotropic_constructed_macro_nats_full_precision_v3,0552c7f4701ada91e31e916f992171b9418cb47d283a56e61f311581d66266cb
2023-12-13,0.5409460227925689,1,isotropic_constructed_macro_nats_full_precision_v3,0552c7f4701ada91e31e916f992171b9418cb47d283a56e61f311581d66266cb
2023-12-15,0.5627072491123799,1,isotropic_constructed_macro_nats_full_precision_v3,0552c7f4701ada91e31e916f992171b9418cb47d283a56e61f311581d66266cb
2023-12-19,0.5541941629614474,1,isotropic_constructed_macro_nats_full_precision_v3,0552c7f4701ada91e31e916f992171b9418cb47d283a56e61f311581d66266cb
2023-12-21,0.5683617116540731,1,isotropic_constructed_macro_nats_full_precision_v3,0552c7f4701ada91e31e916f992171b9418cb47d283a56e61f311581d66266cb
2023-12-26,0.5650272440632342,1,isotropic_constructed_macro_nats_full_precision_v3,0552c7f4701ada91e31e916f992171b9418cb47d283a56e61f311581d66266cb
2023-12-28,0.5810221336912862,2,isotropic_constructed_macro_nats_full_precision_v3,0552c7f4701ada91e31e916f992171b9418cb47d283a56e61f311581d66266cb
2024-01-02,0.5871148007789426,1,isotropic_constructed_macro_nats_full_precision_v3,0552c7f4701ada91e31e916f992171b9418cb47d283a56e61f311581d66266cb
2024-01-04,0.5865461363587634,2,isotropic_constructed_macro_nats_full_precision_v3,0552c7f4701ada91e31e916f992171b9418cb47d283a56e61f311581d66266cb
2024-01-08,0.5621642470067397,1,isotropic_constructed_macro_nats_full_precision_v3,0552c7f4701ada91e31e916f992171b9418cb47d283a56e61f311581d66266cb
2024-01-10,0.5940419903752348,1,isotropic_constructed_macro_nats_full_precision_v3,0552c7f4701ada91e31e916f992171b9418cb47d283a56e61f311581d66266cb
2024-01-12,0.5871442282886492,2,isotropic_constructed_macro_nats_full_precision_v3,0552c7f4701ada91e31e916f992171b9418cb47d283a56e61f311581d66266cb
2024-01-17,0.549497675193025,1,isotropic_constructed_macro_nats_full_precision_v3,0552c7f4701ada91e31e916f992171b9418cb47d283a56e61f311581d66266cb
2024-01-19,0.5811670575258292,2,isotropic_constructed_macro_nats_full_precision_v3,0552c7f4701ada91e31e916f992171b9418cb47d283a56e61f311581d66266cb
2024-01-23,0.5873059663913525,1,isotropic_constructed_macro_nats_full_precision_v3,0552c7f4701ada91e31e916f992171b9418cb47d283a56e61f311581d66266cb
2024-01-25,0.597345931139591,1,isotropic_constructed_macro_nats_full_precision_v3,0552c7f4701ada91e31e916f992171b9418cb47d283a56e61f311581d66266cb
2024-01-29,0.6101871013542022,1,isotropic_constructed_macro_nats_full_precision_v3,0552c7f4701ada91e31e916f992171b9418cb47d283a56e61f311581d66266cb
2024-01-31,0.5876037830983685,2,isotropic_constructed_macro_nats_full_precision_v3,0552c7f4701ada91e31e916f992171b9418cb47d283a56e61f311581d66266cb
2024-02-02,0.6032513584671056,1,isotropic_constructed_macro_nats_full_precision_v3,0552c7f4701ada91e31e916f992171b9418cb47d283a56e61f311581d66266cb
2024-02-06,0.6400943923023384,1,isotropic_constructed_macro_nats_full_precision_v3,0552c7f4701ada91e31e916f992171b9418cb47d283a56e61f311581d66266cb
2024-02-08,0.6723472974996854,1,isotropic_constructed_macro_nats_full_precision_v3,0552c7f4701ada91e31e916f992171b9418cb47d283a56e61f311581d66266cb
2024-02-12,0.6530979116502009,1,isotropic_constructed_macro_nats_full_precision_v3,0552c7f4701ada91e31e916f992171b9418cb47d283a56e61f311581d66266cb
2024-02-14,0.635150437203408,1,isotropic_constructed_macro_nats_full_precision_v3,0552c7f4701ada91e31e916f992171b9418cb47d283a56e61f311581d66266cb
2024-02-16,0.6554296133750485,1,isotropic_constructed_macro_nats_full_precision_v3,0552c7f4701ada91e31e916f992171b9418cb47d283a56e61f311581d66266cb
2024-02-21,0.6149888584153496,1,isotropic_constructed_macro_nats_full_precision_v3,0552c7f4701ada91e31e916f992171b9418cb47d283a56e61f311581d66266cb
2024-02-23,0.6582255636604619,1,isotropic_constructed_macro_nats_full_precision_v3,0552c7f4701ada91e31e916f992171b9418cb47d283a56e61f311581d66266cb
2024-02-27,0.691452073739005,1,isotropic_constructed_macro_nats_full_precision_v3,0552c7f4701ada91e31e916f992171b9418cb47d283a56e61f311581d66266cb
2024-02-29,0.6786739355888044,1,isotropic_constructed_macro_nats_full_precision_v3,0552c7f4701ada91e31e916f992171b9418cb47d283a56e61f311581d66266cb
2024-03-04,0.6972384931166815,1,isotropic_constructed_macro_nats_full_precision_v3,0552c7f4701ada91e31e916f992171b9418cb47d283a56e61f311581d66266cb
2024-03-06,0.6680725683754228,1,isotropic_constructed_macro_nats_full_precision_v3,0552c7f4701ada91e31e916f992171b9418cb47d283a56e61f311581d66266cb
2024-03-08,0.6721130959246073,1,isotropic_constructed_macro_nats_full_precision_v3,0552c7f4701ada91e31e916f992171b9418cb47d283a56e61f311581d66266cb
2024-03-12,0.6597352986436547,1,isotropic_constructed_macro_nats_full_precision_v3,0552c7f4701ada91e31e916f992171b9418cb47d283a56e61f311581d66266cb
2024-03-14,0.6960471742540705,1,isotropic_constructed_macro_nats_full_precision_v3,0552c7f4701ada91e31e916f992171b9418cb47d283a56e61f311581d66266cb
2024-03-18,0.6715790735378797,1,isotropic_constructed_macro_nats_full_precision_v3,0552c7f4701ada91e31e916f992171b9418cb47d283a56e61f311581d66266cb
2024-03-20,0.6586661661196022,1,isotropic_constructed_macro_nats_full_precision_v3,0552c7f4701ada91e31e916f992171b9418cb47d283a56e61f311581d66266cb
2024-03-22,0.6711291395627264,1,isotropic_constructed_macro_nats_full_precision_v3,0552c7f4701ada91e31e916f992171b9418cb47d283a56e61f311581d66266cb
2024-03-26,0.6668460589147813,1,isotropic_constructed_macro_nats_full_precision_v3,0552c7f4701ada91e31e916f992171b9418cb47d283a56e61f311581d66266cb
2024-03-28,0.6600234880742628,1,isotropic_constructed_macro_nats_full_precision_v3,0552c7f4701ada91e31e916f992171b9418cb47d283a56e61f311581d66266cb
2024-04-02,0.6405136523366606,1,isotropic_constructed_macro_nats_full_precision_v3,0552c7f4701ada91e31e916f992171b9418cb47d283a56e61f311581d66266cb
2024-04-04,0.6441218592079633,1,isotropic_constructed_macro_nats_full_precision_v3,0552c7f4701ada91e31e916f992171b9418cb47d283a56e61f311581d66266cb
2024-04-08,0.6355834712488566,1,isotropic_constructed_macro_nats_full_precision_v3,0552c7f4701ada91e31e916f992171b9418cb47d283a56e61f311581d66266cb
2024-04-10,0.6509337647866051,1,isotropic_constructed_macro_nats_full_precision_v3,0552c7f4701ada91e31e916f992171b9418cb47d283a56e61f311581d66266cb
2024-04-12,0.648894003263264,1,isotropic_constructed_macro_nats_full_precision_v3,0552c7f4701ada91e31e916f992171b9418cb47d283a56e61f311581d66266cb
2024-04-16,0.633157932635719,1,isotropic_constructed_macro_nats_full_precision_v3,0552c7f4701ada91e31e916f992171b9418cb47d283a56e61f311581d66266cb
2024-04-18,0.6155226624048961,1,isotropic_constructed_macro_nats_full_precision_v3,0552c7f4701ada91e31e916f992171b9418cb47d283a56e61f311581d66266cb
2024-04-22,0.6076814327912601,2,isotropic_constructed_macro_nats_full_precision_v3,0552c7f4701ada91e31e916f992171b9418cb47d283a56e61f311581d66266cb
2024-04-24,0.6192378617685749,1,isotropic_constructed_macro_nats_full_precision_v3,0552c7f4701ada91e31e916f992171b9418cb47d283a56e61f311581d66266cb
2024-04-26,0.5819991887335751,1,isotropic_constructed_macro_nats_full_precision_v3,0552c7f4701ada91e31e916f992171b9418cb47d283a56e61f311581d66266cb
2024-04-30,0.584674379862719,1,isotropic_constructed_macro_nats_full_precision_v3,0552c7f4701ada91e31e916f992171b9418cb47d283a56e61f311581d66266cb
2024-05-02,0.5917557939203055,1,isotropic_constructed_macro_nats_full_precision_v3,0552c7f4701ada91e31e916f992171b9418cb47d283a56e61f311581d66266cb
2024-05-06,0.5476845710145851,1,isotropic_constructed_macro_nats_full_precision_v3,0552c7f4701ada91e31e916f992171b9418cb47d283a56e61f311581d66266cb
2024-05-08,0.5428433811291364,1,isotropic_constructed_macro_nats_full_precision_v3,0552c7f4701ada91e31e916f992171b9418cb47d283a56e61f311581d66266cb
2024-05-10,0.5527824084801789,1,isotropic_constructed_macro_nats_full_precision_v3,0552c7f4701ada91e31e916f992171b9418cb47d283a56e61f311581d66266cb
2024-05-14,0.5547089127198259,1,isotropic_constructed_macro_nats_full_precision_v3,0552c7f4701ada91e31e916f992171b9418cb47d283a56e61f311581d66266cb
2024-05-16,0.5494639324785817,1,isotropic_constructed_macro_nats_full_precision_v3,0552c7f4701ada91e31e916f992171b9418cb47d283a56e61f311581d66266cb
2024-05-20,0.5484143839430242,1,isotropic_constructed_macro_nats_full_precision_v3,0552c7f4701ada91e31e916f992171b9418cb47d283a56e61f311581d66266cb
2024-05-22,0.5659163848290099,1,isotropic_constructed_macro_nats_full_precision_v3,0552c7f4701ada91e31e916f992171b9418cb47d283a56e61f311581d66266cb
2024-05-24,0.5297514896615645,1,isotropic_constructed_macro_nats_full_precision_v3,0552c7f4701ada91e31e916f992171b9418cb47d283a56e61f311581d66266cb
2024-05-29,0.5359958135939367,1,isotropic_constructed_macro_nats_full_precision_v3,0552c7f4701ada91e31e916f992171b9418cb47d283a56e61f311581d66266cb
2024-05-31,0.537135232500148,1,isotropic_constructed_macro_nats_full_precision_v3,0552c7f4701ada91e31e916f992171b9418cb47d283a56e61f311581d66266cb
2024-06-04,0.5521312924745463,1,isotropic_constructed_macro_nats_full_precision_v3,0552c7f4701ada91e31e916f992171b9418cb47d283a56e61f311581d66266cb
2024-06-06,0.547577967940194,1,isotropic_constructed_macro_nats_full_precision_v3,0552c7f4701ada91e31e916f992171b9418cb47d283a56e61f311581d66266cb
2024-06-10,0.574862392739081,1,isotropic_constructed_macro_nats_full_precision_v3,0552c7f4701ada91e31e916f992171b9418cb47d283a56e61f311581d66266cb
2024-06-12,0.6187641616764191,1,isotropic_constructed_macro_nats_full_precision_v3,0552c7f4701ada91e31e916f992171b9418cb47d283a56e61f311581d66266cb
2024-06-14,0.6252485597336022,1,isotropic_constructed_macro_nats_full_precision_v3,0552c7f4701ada91e31e916f992171b9418cb47d283a56e61f311581d66266cb
2024-06-18,0.6349595018023269,1,isotropic_constructed_macro_nats_full_precision_v3,0552c7f4701ada91e31e916f992171b9418cb47d283a56e61f311581d66266cb
2024-06-21,0.6234115932106584,1,isotropic_constructed_macro_nats_full_precision_v3,0552c7f4701ada91e31e916f992171b9418cb47d283a56e61f311581d66266cb
2024-06-25,0.6036676906889473,1,isotropic_constructed_macro_nats_full_precision_v3,0552c7f4701ada91e31e916f992171b9418cb47d283a56e61f311581d66266cb
2024-06-27,0.5745747780922017,1,isotropic_constructed_macro_nats_full_precision_v3,0552c7f4701ada91e31e916f992171b9418cb47d283a56e61f311581d66266cb
2024-07-01,0.4904738550578964,1,isotropic_constructed_macro_nats_full_precision_v3,0552c7f4701ada91e31e916f992171b9418cb47d283a56e61f311581d66266cb
2024-07-03,0.4851695734623539,1,isotropic_constructed_macro_nats_full_precision_v3,0552c7f4701ada91e31e916f992171b9418cb47d283a56e61f311581d66266cb
2024-07-08,0.45999867109818915,2,isotropic_constructed_macro_nats_full_precision_v3,0552c7f4701ada91e31e916f992171b9418cb47d283a56e61f311581d66266cb
2024-07-10,0.48534934632223486,1,isotropic_constructed_macro_nats_full_precision_v3,0552c7f4701ada91e31e916f992171b9418cb47d283a56e61f311581d66266cb
2024-07-12,0.492592351645969,1,isotropic_constructed_macro_nats_full_precision_v3,0552c7f4701ada91e31e916f992171b9418cb47d283a56e61f311581d66266cb
2024-07-16,0.5154669862748046,1,isotropic_constructed_macro_nats_full_precision_v3,0552c7f4701ada91e31e916f992171b9418cb47d283a56e61f311581d66266cb
2024-07-18,0.538987067955154,1,isotropic_constructed_macro_nats_full_precision_v3,0552c7f4701ada91e31e916f992171b9418cb47d283a56e61f311581d66266cb
2024-07-22,0.5274000578067224,1,isotropic_constructed_macro_nats_full_precision_v3,0552c7f4701ada91e31e916f992171b9418cb47d283a56e61f311581d66266cb
2024-07-24,0.539809273660829,1,isotropic_constructed_macro_nats_full_precision_v3,0552c7f4701ada91e31e916f992171b9418cb47d283a56e61f311581d66266cb
2024-07-26,0.48859559351557946,1,isotropic_constructed_macro_nats_full_precision_v3,0552c7f4701ada91e31e916f992171b9418cb47d283a56e61f311581d66266cb
2024-07-30,0.5137285639524383,1,isotropic_constructed_macro_nats_full_precision_v3,0552c7f4701ada91e31e916f992171b9418cb47d283a56e61f311581d66266cb
2024-08-01,0.5145745987713009,1,isotropic_constructed_macro_nats_full_precision_v3,0552c7f4701ada91e31e916f992171b9418cb47d283a56e61f311581d66266cb
2024-08-05,0.4982319398477919,1,isotropic_constructed_macro_nats_full_precision_v3,0552c7f4701ada91e31e916f992171b9418cb47d283a56e61f311581d66266cb
2024-08-07,0.4612560398338467,1,isotropic_constructed_macro_nats_full_precision_v3,0552c7f4701ada91e31e916f992171b9418cb47d283a56e61f311581d66266cb
2024-08-09,0.45393879146603683,1,isotropic_constructed_macro_nats_full_precision_v3,0552c7f4701ada91e31e916f992171b9418cb47d283a56e61f311581d66266cb
2024-08-13,0.4750590624047115,1,isotropic_constructed_macro_nats_full_precision_v3,0552c7f4701ada91e31e916f992171b9418cb47d283a56e61f311581d66266cb
2024-08-15,0.4843620990963586,1,isotropic_constructed_macro_nats_full_precision_v3,0552c7f4701ada91e31e916f992171b9418cb47d283a56e61f311581d66266cb
2024-08-19,0.47882459977881753,1,isotropic_constructed_macro_nats_full_precision_v3,0552c7f4701ada91e31e916f992171b9418cb47d283a56e61f311581d66266cb
2024-08-21,0.4749846749877774,1,isotropic_constructed_macro_nats_full_precision_v3,0552c7f4701ada91e31e916f992171b9418cb47d283a56e61f311581d66266cb
2024-08-23,0.48850807392173184,1,isotropic_constructed_macro_nats_full_precision_v3,0552c7f4701ada91e31e916f992171b9418cb47d283a56e61f311581d66266cb
2024-08-27,0.448870377310041,1,isotropic_constructed_macro_nats_full_precision_v3,0552c7f4701ada91e31e916f992171b9418cb47d283a56e61f311581d66266cb
2024-08-29,0.44516830890803555,1,isotropic_constructed_macro_nats_full_precision_v3,0552c7f4701ada91e31e916f992171b9418cb47d283a56e61f311581d66266cb
2024-09-03,0.43677900594929325,3,isotropic_constructed_macro_nats_full_precision_v3,0552c7f4701ada91e31e916f992171b9418cb47d283a56e61f311581d66266cb
2024-09-05,0.4210291490221725,1,isotropic_constructed_macro_nats_full_precision_v3,0552c7f4701ada91e31e916f992171b9418cb47d283a56e61f311581d66266cb
2024-09-09,0.4222652190430365,1,isotropic_constructed_macro_nats_full_precision_v3,0552c7f4701ada91e31e916f992171b9418cb47d283a56e61f311581d66266cb
2024-09-11,0.4155837857850912,1,isotropic_constructed_macro_nats_full_precision_v3,0552c7f4701ada91e31e916f992171b9418cb47d283a56e61f311581d66266cb
2024-09-13,0.41197371536729327,1,isotropic_constructed_macro_nats_full_precision_v3,0552c7f4701ada91e31e916f992171b9418cb47d283a56e61f311581d66266cb
2024-09-17,0.40553215601789605,1,isotropic_constructed_macro_nats_full_precision_v3,0552c7f4701ada91e31e916f992171b9418cb47d283a56e61f311581d66266cb
2024-09-19,0.38735300472984135,1,isotropic_constructed_macro_nats_full_precision_v3,0552c7f4701ada91e31e916f992171b9418cb47d283a56e61f311581d66266cb
2024-09-23,0.39928905861731884,1,isotropic_constructed_macro_nats_full_precision_v3,0552c7f4701ada91e31e916f992171b9418cb47d283a56e61f311581d66266cb
2024-09-25,0.3869721545613548,3,isotropic_constructed_macro_nats_full_precision_v3,0552c7f4701ada91e31e916f992171b9418cb47d283a56e61f311581d66266cb
2024-09-27,0.44868472351878774,1,isotropic_constructed_macro_nats_full_precision_v3,0552c7f4701ada91e31e916f992171b9418cb47d283a56e61f311581d66266cb
2024-10-01,0.45200311476877264,1,isotropic_constructed_macro_nats_full_precision_v3,0552c7f4701ada91e31e916f992171b9418cb47d283a56e61f311581d66266cb
2024-10-03,0.4448990331792895,1,isotropic_constructed_macro_nats_full_precision_v3,0552c7f4701ada91e31e916f992171b9418cb47d283a56e61f311581d66266cb
2024-10-07,0.4600686384748483,1,isotropic_constructed_macro_nats_full_precision_v3,0552c7f4701ada91e31e916f992171b9418cb47d283a56e61f311581d66266cb
2024-10-09,0.41596817697223115,1,isotropic_constructed_macro_nats_full_precision_v3,0552c7f4701ada91e31e916f992171b9418cb47d283a56e61f311581d66266cb
2024-10-11,0.4538930571288083,1,isotropic_constructed_macro_nats_full_precision_v3,0552c7f4701ada91e31e916f992171b9418cb47d283a56e61f311581d66266cb
2024-10-15,0.46149870152842093,1,isotropic_constructed_macro_nats_full_precision_v3,0552c7f4701ada91e31e916f992171b9418cb47d283a56e61f311581d66266cb
2024-10-17,0.44688183806718157,1,isotropic_constructed_macro_nats_full_precision_v3,0552c7f4701ada91e31e916f992171b9418cb47d283a56e61f311581d66266cb
2024-10-21,0.438259074444895,1,isotropic_constructed_macro_nats_full_precision_v3,0552c7f4701ada91e31e916f992171b9418cb47d283a56e61f311581d66266cb
2024-10-23,0.46160358901152143,1,isotropic_constructed_macro_nats_full_precision_v3,0552c7f4701ada91e31e916f992171b9418cb47d283a56e61f311581d66266cb
2024-10-25,0.5051912935281694,1,isotropic_constructed_macro_nats_full_precision_v3,0552c7f4701ada91e31e916f992171b9418cb47d283a56e61f311581d66266cb
2024-10-29,0.5204865137396073,1,isotropic_constructed_macro_nats_full_precision_v3,0552c7f4701ada91e31e916f992171b9418cb47d283a56e61f311581d66266cb
2024-10-31,0.5098611500380432,1,isotropic_constructed_macro_nats_full_precision_v3,0552c7f4701ada91e31e916f992171b9418cb47d283a56e61f311581d66266cb
2024-11-04,0.4741823278385484,1,isotropic_constructed_macro_nats_full_precision_v3,0552c7f4701ada91e31e916f992171b9418cb47d283a56e61f311581d66266cb
2024-11-06,0.4259777253264371,1,isotropic_constructed_macro_nats_full_precision_v3,0552c7f4701ada91e31e916f992171b9418cb47d283a56e61f311581d66266cb
2024-11-08,0.4826146673403074,1,isotropic_constructed_macro_nats_full_precision_v3,0552c7f4701ada91e31e916f992171b9418cb47d283a56e61f311581d66266cb
2024-11-12,0.463857221008558,1,isotropic_constructed_macro_nats_full_precision_v3,0552c7f4701ada91e31e916f992171b9418cb47d283a56e61f311581d66266cb
2024-11-14,0.4627186503896974,1,isotropic_constructed_macro_nats_full_precision_v3,0552c7f4701ada91e31e916f992171b9418cb47d283a56e61f311581d66266cb
2024-11-18,0.4507397489502492,1,isotropic_constructed_macro_nats_full_precision_v3,0552c7f4701ada91e31e916f992171b9418cb47d283a56e61f311581d66266cb
2024-11-20,0.4646465138448407,1,isotropic_constructed_macro_nats_full_precision_v3,0552c7f4701ada91e31e916f992171b9418cb47d283a56e61f311581d66266cb
2024-11-22,0.4492201162397273,1,isotropic_constructed_macro_nats_full_precision_v3,0552c7f4701ada91e31e916f992171b9418cb47d283a56e61f311581d66266cb
2024-11-26,0.4548093567976914,1,isotropic_constructed_macro_nats_full_precision_v3,0552c7f4701ada91e31e916f992171b9418cb47d283a56e61f311581d66266cb
2024-11-29,0.4280946732730843,1,isotropic_constructed_macro_nats_full_precision_v3,0552c7f4701ada91e31e916f992171b9418cb47d283a56e61f311581d66266cb
2024-12-03,0.44200971125662064,1,isotropic_constructed_macro_nats_full_precision_v3,0552c7f4701ada91e31e916f992171b9418cb47d283a56e61f311581d66266cb
2024-12-05,0.42395890715541035,2,isotropic_constructed_macro_nats_full_precision_v3,0552c7f4701ada91e31e916f992171b9418cb47d283a56e61f311581d66266cb
2024-12-09,0.41856559639036195,2,isotropic_constructed_macro_nats_full_precision_v3,0552c7f4701ada91e31e916f992171b9418cb47d283a56e61f311581d66266cb
2024-12-11,0.4068668878870854,2,isotropic_constructed_macro_nats_full_precision_v3,0552c7f4701ada91e31e916f992171b9418cb47d283a56e61f311581d66266cb
2024-12-13,0.4032846195790122,2,isotropic_constructed_macro_nats_full_precision_v3,0552c7f4701ada91e31e916f992171b9418cb47d283a56e61f311581d66266cb
2024-12-17,0.40699312289364653,2,isotropic_constructed_macro_nats_full_precision_v3,0552c7f4701ada91e31e916f992171b9418cb47d283a56e61f311581d66266cb
2024-12-19,0.41125091765721905,2,isotropic_constructed_macro_nats_full_precision_v3,0552c7f4701ada91e31e916f992171b9418cb47d283a56e61f311581d66266cb
2024-12-23,0.4214174164744502,2,isotropic_constructed_macro_nats_full_precision_v3,0552c7f4701ada91e31e916f992171b9418cb47d283a56e61f311581d66266cb
2024-12-26,0.4126564190269799,2,isotropic_constructed_macro_nats_full_precision_v3,0552c7f4701ada91e31e916f992171b9418cb47d283a56e61f311581d66266cb
2024-12-30,0.40671072116969675,2,isotropic_constructed_macro_nats_full_precision_v3,0552c7f4701ada91e31e916f992171b9418cb47d283a56e61f311581d66266cb
2025-01-02,0.42972782941760235,2,isotropic_constructed_macro_nats_full_precision_v3,0552c7f4701ada91e31e916f992171b9418cb47d283a56e61f311581d66266cb
2025-01-06,0.40243524279731574,1,isotropic_constructed_macro_nats_full_precision_v3,0552c7f4701ada91e31e916f992171b9418cb47d283a56e61f311581d66266cb
2025-01-08,0.3994467606797977,2,isotropic_constructed_macro_nats_full_precision_v3,0552c7f4701ada91e31e916f992171b9418cb47d283a56e61f311581d66266cb
2025-01-13,0.3872460981182738,1,isotropic_constructed_macro_nats_full_precision_v3,0552c7f4701ada91e31e916f992171b9418cb47d283a56e61f311581d66266cb
2025-01-15,0.37943253503007834,1,isotropic_constructed_macro_nats_full_precision_v3,0552c7f4701ada91e31e916f992171b9418cb47d283a56e61f311581d66266cb
2025-01-17,0.43641879334109546,1,isotropic_constructed_macro_nats_full_precision_v3,0552c7f4701ada91e31e916f992171b9418cb47d283a56e61f311581d66266cb
2025-01-22,0.4634024370890008,1,isotropic_constructed_macro_nats_full_precision_v3,0552c7f4701ada91e31e916f992171b9418cb47d283a56e61f311581d66266cb
2025-01-24,0.4662866241559821,1,isotropic_constructed_macro_nats_full_precision_v3,0552c7f4701ada91e31e916f992171b9418cb47d283a56e61f311581d66266cb
2025-01-28,0.46581867071505145,1,isotropic_constructed_macro_nats_full_precision_v3,0552c7f4701ada91e31e916f992171b9418cb47d283a56e61f311581d66266cb
2025-01-30,0.4599969921093095,1,isotropic_constructed_macro_nats_full_precision_v3,0552c7f4701ada91e31e916f992171b9418cb47d283a56e61f311581d66266cb
2025-02-03,0.4776597533871237,1,isotropic_constructed_macro_nats_full_precision_v3,0552c7f4701ada91e31e916f992171b9418cb47d283a56e61f311581d66266cb
2025-02-05,0.47488869983391524,1,isotropic_constructed_macro_nats_full_precision_v3,0552c7f4701ada91e31e916f992171b9418cb47d283a56e61f311581d66266cb
2025-02-07,0.4599733463932963,1,isotropic_constructed_macro_nats_full_precision_v3,0552c7f4701ada91e31e916f992171b9418cb47d283a56e61f311581d66266cb
2025-02-11,0.4569218843618346,1,isotropic_constructed_macro_nats_full_precision_v3,0552c7f4701ada91e31e916f992171b9418cb47d283a56e61f311581d66266cb
2025-02-13,0.47269941013577316,1,isotropic_constructed_macro_nats_full_precision_v3,0552c7f4701ada91e31e916f992171b9418cb47d283a56e61f311581d66266cb
2025-02-18,0.43383047773257577,1,isotropic_constructed_macro_nats_full_precision_v3,0552c7f4701ada91e31e916f992171b9418cb47d283a56e61f311581d66266cb
2025-02-20,0.45697507034274965,1,isotropic_constructed_macro_nats_full_precision_v3,0552c7f4701ada91e31e916f992171b9418cb47d283a56e61f311581d66266cb
2025-02-24,0.4217630271687689,1,isotropic_constructed_macro_nats_full_precision_v3,0552c7f4701ada91e31e916f992171b9418cb47d283a56e61f311581d66266cb
2025-02-26,0.43539243990282267,1,isotropic_constructed_macro_nats_full_precision_v3,0552c7f4701ada91e31e916f992171b9418cb47d283a56e61f311581d66266cb
2025-02-28,0.4367445243340893,1,isotropic_constructed_macro_nats_full_precision_v3,0552c7f4701ada91e31e916f992171b9418cb47d283a56e61f311581d66266cb
2025-03-04,0.4372051173730872,1,isotropic_constructed_macro_nats_full_precision_v3,0552c7f4701ada91e31e916f992171b9418cb47d283a56e61f311581d66266cb
2025-03-06,0.46694101907173563,1,isotropic_constructed_macro_nats_full_precision_v3,0552c7f4701ada91e31e916f992171b9418cb47d283a56e61f311581d66266cb
2025-03-10,0.48859653269827347,1,isotropic_constructed_macro_nats_full_precision_v3,0552c7f4701ada91e31e916f992171b9418cb47d283a56e61f311581d66266cb
2025-03-12,0.4902442572954887,1,isotropic_constructed_macro_nats_full_precision_v3,0552c7f4701ada91e31e916f992171b9418cb47d283a56e61f311581d66266cb
2025-03-14,0.4950495149398958,1,isotropic_constructed_macro_nats_full_precision_v3,0552c7f4701ada91e31e916f992171b9418cb47d283a56e61f311581d66266cb
2025-03-18,0.4942401748341473,1,isotropic_constructed_macro_nats_full_precision_v3,0552c7f4701ada91e31e916f992171b9418cb47d283a56e61f311581d66266cb
2025-03-20,0.48482872479598227,1,isotropic_constructed_macro_nats_full_precision_v3,0552c7f4701ada91e31e916f992171b9418cb47d283a56e61f311581d66266cb
2025-03-24,0.507518701937312,1,isotropic_constructed_macro_nats_full_precision_v3,0552c7f4701ada91e31e916f992171b9418cb47d283a56e61f311581d66266cb
2025-03-26,0.5075701986225778,1,isotropic_constructed_macro_nats_full_precision_v3,0552c7f4701ada91e31e916f992171b9418cb47d283a56e61f311581d66266cb
2025-03-28,0.515517801484801,1,isotropic_constructed_macro_nats_full_precision_v3,0552c7f4701ada91e31e916f992171b9418cb47d283a56e61f311581d66266cb
2025-04-01,0.5067129663935855,1,isotropic_constructed_macro_nats_full_precision_v3,0552c7f4701ada91e31e916f992171b9418cb47d283a56e61f311581d66266cb
2025-04-03,0.5186282954597341,1,isotropic_constructed_macro_nats_full_precision_v3,0552c7f4701ada91e31e916f992171b9418cb47d283a56e61f311581d66266cb
2025-04-07,0.5539014847987508,1,isotropic_constructed_macro_nats_full_precision_v3,0552c7f4701ada91e31e916f992171b9418cb47d283a56e61f311581d66266cb
2025-04-09,0.6080446884302264,1,isotropic_constructed_macro_nats_full_precision_v3,0552c7f4701ada91e31e916f992171b9418cb47d283a56e61f311581d66266cb
2025-04-11,0.6260200760847641,1,isotropic_constructed_macro_nats_full_precision_v3,0552c7f4701ada91e31e916f992171b9418cb47d283a56e61f311581d66266cb
2025-04-15,0.6153020350788385,1,isotropic_constructed_macro_nats_full_precision_v3,0552c7f4701ada91e31e916f992171b9418cb47d283a56e61f311581d66266cb
2025-04-17,0.6188584102520449,1,isotropic_constructed_macro_nats_full_precision_v3,0552c7f4701ada91e31e916f992171b9418cb47d283a56e61f311581d66266cb
2025-04-22,0.6058304389878757,1,isotropic_constructed_macro_nats_full_precision_v3,0552c7f4701ada91e31e916f992171b9418cb47d283a56e61f311581d66266cb
2025-04-24,0.608371517408745,1,isotropic_constructed_macro_nats_full_precision_v3,0552c7f4701ada91e31e916f992171b9418cb47d283a56e61f311581d66266cb
2025-04-28,0.605946442424335,1,isotropic_constructed_macro_nats_full_precision_v3,0552c7f4701ada91e31e916f992171b9418cb47d283a56e61f311581d66266cb
2025-04-30,0.6169050813637105,1,isotropic_constructed_macro_nats_full_precision_v3,0552c7f4701ada91e31e916f992171b9418cb47d283a56e61f311581d66266cb
2025-05-02,0.6230756233100612,1,isotropic_constructed_macro_nats_full_precision_v3,0552c7f4701ada91e31e916f992171b9418cb47d283a56e61f311581d66266cb
2025-05-06,0.6163195704501254,1,isotropic_constructed_macro_nats_full_precision_v3,0552c7f4701ada91e31e916f992171b9418cb47d283a56e61f311581d66266cb
2025-05-08,0.6043991498628472,1,isotropic_constructed_macro_nats_full_precision_v3,0552c7f4701ada91e31e916f992171b9418cb47d283a56e61f311581d66266cb
2025-05-12,0.5961690123189665,1,isotropic_constructed_macro_nats_full_precision_v3,0552c7f4701ada91e31e916f992171b9418cb47d283a56e61f311581d66266cb
2025-05-14,0.5959471718707732,1,isotropic_constructed_macro_nats_full_precision_v3,0552c7f4701ada91e31e916f992171b9418cb47d283a56e61f311581d66266cb
2025-05-16,0.5734863726529269,1,isotropic_constructed_macro_nats_full_precision_v3,0552c7f4701ada91e31e916f992171b9418cb47d283a56e61f311581d66266cb
2025-05-20,0.5694949465432835,1,isotropic_constructed_macro_nats_full_precision_v3,0552c7f4701ada91e31e916f992171b9418cb47d283a56e61f311581d66266cb
2025-05-22,0.5711464106398287,1,isotropic_constructed_macro_nats_full_precision_v3,0552c7f4701ada91e31e916f992171b9418cb47d283a56e61f311581d66266cb
2025-05-27,0.572547582153488,1,isotropic_constructed_macro_nats_full_precision_v3,0552c7f4701ada91e31e916f992171b9418cb47d283a56e61f311581d66266cb
2025-05-29,0.5850649160993824,1,isotropic_constructed_macro_nats_full_precision_v3,0552c7f4701ada91e31e916f992171b9418cb47d283a56e61f311581d66266cb
2025-06-02,0.5864299966635165,1,isotropic_constructed_macro_nats_full_precision_v3,0552c7f4701ada91e31e916f992171b9418cb47d283a56e61f311581d66266cb
2025-06-04,0.5915952545323022,1,isotropic_constructed_macro_nats_full_precision_v3,0552c7f4701ada91e31e916f992171b9418cb47d283a56e61f311581d66266cb
2025-06-06,0.5843894294543484,1,isotropic_constructed_macro_nats_full_precision_v3,0552c7f4701ada91e31e916f992171b9418cb47d283a56e61f311581d66266cb
2025-06-10,0.5769538175183033,1,isotropic_constructed_macro_nats_full_precision_v3,0552c7f4701ada91e31e916f992171b9418cb47d283a56e61f311581d66266cb
2025-06-12,0.5688562421436296,1,isotropic_constructed_macro_nats_full_precision_v3,0552c7f4701ada91e31e916f992171b9418cb47d283a56e61f311581d66266cb
2025-06-16,0.5558188460810805,1,isotropic_constructed_macro_nats_full_precision_v3,0552c7f4701ada91e31e916f992171b9418cb47d283a56e61f311581d66266cb
2025-06-18,0.557338109586619,1,isotropic_constructed_macro_nats_full_precision_v3,0552c7f4701ada91e31e916f992171b9418cb47d283a56e61f311581d66266cb
2025-06-23,0.5573871126695228,1,isotropic_constructed_macro_nats_full_precision_v3,0552c7f4701ada91e31e916f992171b9418cb47d283a56e61f311581d66266cb
2025-06-25,0.5569165636674105,1,isotropic_constructed_macro_nats_full_precision_v3,0552c7f4701ada91e31e916f992171b9418cb47d283a56e61f311581d66266cb
2025-06-27,0.5598267452664336,1,isotropic_constructed_macro_nats_full_precision_v3,0552c7f4701ada91e31e916f992171b9418cb47d283a56e61f311581d66266cb
2025-07-01,0.561076072142733,1,isotropic_constructed_macro_nats_full_precision_v3,0552c7f4701ada91e31e916f992171b9418cb47d283a56e61f311581d66266cb
2025-07-03,0.5642394796007206,1,isotropic_constructed_macro_nats_full_precision_v3,0552c7f4701ada91e31e916f992171b9418cb47d283a56e61f311581d66266cb
2025-07-08,0.5770789251337731,1,isotropic_constructed_macro_nats_full_precision_v3,0552c7f4701ada91e31e916f992171b9418cb47d283a56e61f311581d66266cb
2025-07-10,0.572113419040169,1,isotropic_constructed_macro_nats_full_precision_v3,0552c7f4701ada91e31e916f992171b9418cb47d283a56e61f311581d66266cb
2025-07-14,0.5704806027892537,1,isotropic_constructed_macro_nats_full_precision_v3,0552c7f4701ada91e31e916f992171b9418cb47d283a56e61f311581d66266cb
2025-07-16,0.57618409985485,1,isotropic_constructed_macro_nats_full_precision_v3,0552c7f4701ada91e31e916f992171b9418cb47d283a56e61f311581d66266cb
2025-07-18,0.5574335243807547,1,isotropic_constructed_macro_nats_full_precision_v3,0552c7f4701ada91e31e916f992171b9418cb47d283a56e61f311581d66266cb
2025-07-22,0.5600031636956126,1,isotropic_constructed_macro_nats_full_precision_v3,0552c7f4701ada91e31e916f992171b9418cb47d283a56e61f311581d66266cb
2025-07-24,0.5589910190239735,1,isotropic_constructed_macro_nats_full_precision_v3,0552c7f4701ada91e31e916f992171b9418cb47d283a56e61f311581d66266cb
2025-07-28,0.540957872234327,1,isotropic_constructed_macro_nats_full_precision_v3,0552c7f4701ada91e31e916f992171b9418cb47d283a56e61f311581d66266cb
2025-07-30,0.5527445552724726,1,isotropic_constructed_macro_nats_full_precision_v3,0552c7f4701ada91e31e916f992171b9418cb47d283a56e61f311581d66266cb
2025-08-01,0.5137627469269932,2,isotropic_constructed_macro_nats_full_precision_v3,0552c7f4701ada91e31e916f992171b9418cb47d283a56e61f311581d66266cb
2025-08-05,0.4638511905881509,2,isotropic_constructed_macro_nats_full_precision_v3,0552c7f4701ada91e31e916f992171b9418cb47d283a56e61f311581d66266cb
2025-08-07,0.4633405251004135,1,isotropic_constructed_macro_nats_full_precision_v3,0552c7f4701ada91e31e916f992171b9418cb47d283a56e61f311581d66266cb
2025-08-11,0.4657198443596609,1,isotropic_constructed_macro_nats_full_precision_v3,0552c7f4701ada91e31e916f992171b9418cb47d283a56e61f311581d66266cb
2025-08-13,0.4545389114569309,1,isotropic_constructed_macro_nats_full_precision_v3,0552c7f4701ada91e31e916f992171b9418cb47d283a56e61f311581d66266cb
2025-08-15,0.4515658494895229,1,isotropic_constructed_macro_nats_full_precision_v3,0552c7f4701ada91e31e916f992171b9418cb47d283a56e61f311581d66266cb
2025-08-19,0.436779636895163,1,isotropic_constructed_macro_nats_full_precision_v3,0552c7f4701ada91e31e916f992171b9418cb47d283a56e61f311581d66266cb
2025-08-21,0.43189046879703324,1,isotropic_constructed_macro_nats_full_precision_v3,0552c7f4701ada91e31e916f992171b9418cb47d283a56e61f311581d66266cb
2025-08-25,0.42654951466035207,1,isotropic_constructed_macro_nats_full_precision_v3,0552c7f4701ada91e31e916f992171b9418cb47d283a56e61f311581d66266cb
2025-08-27,0.4344981854911961,3,isotropic_constructed_macro_nats_full_precision_v3,0552c7f4701ada91e31e916f992171b9418cb47d283a56e61f311581d66266cb
2025-08-29,0.437256580864991,3,isotropic_constructed_macro_nats_full_precision_v3,0552c7f4701ada91e31e916f992171b9418cb47d283a56e61f311581d66266cb
2025-09-03,0.44096118714525295,3,isotropic_constructed_macro_nats_full_precision_v3,0552c7f4701ada91e31e916f992171b9418cb47d283a56e61f311581d66266cb
2025-09-05,0.4350037100372883,3,isotropic_constructed_macro_nats_full_precision_v3,0552c7f4701ada91e31e916f992171b9418cb47d283a56e61f311581d66266cb
2025-09-09,0.43189254321128395,3,isotropic_constructed_macro_nats_full_precision_v3,0552c7f4701ada91e31e916f992171b9418cb47d283a56e61f311581d66266cb
2025-09-11,0.432793710966821,3,isotropic_constructed_macro_nats_full_precision_v3,0552c7f4701ada91e31e916f992171b9418cb47d283a56e61f311581d66266cb
2025-09-15,0.4274033385109452,1,isotropic_constructed_macro_nats_full_precision_v3,0552c7f4701ada91e31e916f992171b9418cb47d283a56e61f311581d66266cb
2025-09-17,0.42738631062113125,3,isotropic_constructed_macro_nats_full_precision_v3,0552c7f4701ada91e31e916f992171b9418cb47d283a56e61f311581d66266cb
2025-09-19,0.43062877559782925,1,isotropic_constructed_macro_nats_full_precision_v3,0552c7f4701ada91e31e916f992171b9418cb47d283a56e61f311581d66266cb
2025-09-23,0.4284719812366703,3,isotropic_constructed_macro_nats_full_precision_v3,0552c7f4701ada91e31e916f992171b9418cb47d283a56e61f311581d66266cb
2025-09-25,0.43079649797534475,3,isotropic_constructed_macro_nats_full_precision_v3,0552c7f4701ada91e31e916f992171b9418cb47d283a56e61f311581d66266cb
2025-09-29,0.4505949393048561,2,isotropic_constructed_macro_nats_full_precision_v3,0552c7f4701ada91e31e916f992171b9418cb47d283a56e61f311581d66266cb
2025-10-01,0.44809664453393516,2,isotropic_constructed_macro_nats_full_precision_v3,0552c7f4701ada91e31e916f992171b9418cb47d283a56e61f311581d66266cb
2025-10-03,0.4464585938180521,2,isotropic_constructed_macro_nats_full_precision_v3,0552c7f4701ada91e31e916f992171b9418cb47d283a56e61f311581d66266cb
2025-10-07,0.4353075337767124,2,isotropic_constructed_macro_nats_full_precision_v3,0552c7f4701ada91e31e916f992171b9418cb47d283a56e61f311581d66266cb
2025-10-09,0.45461031920372674,2,isotropic_constructed_macro_nats_full_precision_v3,0552c7f4701ada91e31e916f992171b9418cb47d283a56e61f311581d66266cb
2025-10-13,0.4443858716341839,2,isotropic_constructed_macro_nats_full_precision_v3,0552c7f4701ada91e31e916f992171b9418cb47d283a56e61f311581d66266cb
2025-10-15,0.44715377300980635,1,isotropic_constructed_macro_nats_full_precision_v3,0552c7f4701ada91e31e916f992171b9418cb47d283a56e61f311581d66266cb
2025-10-17,0.4616779212123128,1,isotropic_constructed_macro_nats_full_precision_v3,0552c7f4701ada91e31e916f992171b9418cb47d283a56e61f311581d66266cb
2025-10-21,0.46768552237376715,1,isotropic_constructed_macro_nats_full_precision_v3,0552c7f4701ada91e31e916f992171b9418cb47d283a56e61f311581d66266cb
2025-10-23,0.4641736347596813,1,isotropic_constructed_macro_nats_full_precision_v3,0552c7f4701ada91e31e916f992171b9418cb47d283a56e61f311581d66266cb
2025-10-27,0.45680064235244744,1,isotropic_constructed_macro_nats_full_precision_v3,0552c7f4701ada91e31e916f992171b9418cb47d283a56e61f311581d66266cb
2025-10-29,0.48688760905399603,1,isotropic_constructed_macro_nats_full_precision_v3,0552c7f4701ada91e31e916f992171b9418cb47d283a56e61f311581d66266cb
2025-10-31,0.48179876988101544,1,isotropic_constructed_macro_nats_full_precision_v3,0552c7f4701ada91e31e916f992171b9418cb47d283a56e61f311581d66266cb
2025-11-04,0.47562403840673234,2,isotropic_constructed_macro_nats_full_precision_v3,0552c7f4701ada91e31e916f992171b9418cb47d283a56e61f311581d66266cb
2025-11-06,0.44724347513099194,1,isotropic_constructed_macro_nats_full_precision_v3,0552c7f4701ada91e31e916f992171b9418cb47d283a56e61f311581d66266cb
2025-11-10,0.4552328896823679,2,isotropic_constructed_macro_nats_full_precision_v3,0552c7f4701ada91e31e916f992171b9418cb47d283a56e61f311581d66266cb
2025-11-12,0.4641786948200007,2,isotropic_constructed_macro_nats_full_precision_v3,0552c7f4701ada91e31e916f992171b9418cb47d283a56e61f311581d66266cb
2025-11-14,0.4441958621625101,1,isotropic_constructed_macro_nats_full_precision_v3,0552c7f4701ada91e31e916f992171b9418cb47d283a56e61f311581d66266cb
2025-11-18,0.4491769228843354,1,isotropic_constructed_macro_nats_full_precision_v3,0552c7f4701ada91e31e916f992171b9418cb47d283a56e61f311581d66266cb
2025-11-20,0.4480258160965539,1,isotropic_constructed_macro_nats_full_precision_v3,0552c7f4701ada91e31e916f992171b9418cb47d283a56e61f311581d66266cb
2025-11-24,0.4927841256744389,2,isotropic_constructed_macro_nats_full_precision_v3,0552c7f4701ada91e31e916f992171b9418cb47d283a56e61f311581d66266cb
2025-11-26,0.45591245864142904,1,isotropic_constructed_macro_nats_full_precision_v3,0552c7f4701ada91e31e916f992171b9418cb47d283a56e61f311581d66266cb
2025-12-01,0.4575488565374877,1,isotropic_constructed_macro_nats_full_precision_v3,0552c7f4701ada91e31e916f992171b9418cb47d283a56e61f311581d66266cb
2025-12-03,0.4722677813925655,1,isotropic_constructed_macro_nats_full_precision_v3,0552c7f4701ada91e31e916f992171b9418cb47d283a56e61f311581d66266cb
2025-12-05,0.47418868572553774,2,isotropic_constructed_macro_nats_full_precision_v3,0552c7f4701ada91e31e916f992171b9418cb47d283a56e61f311581d66266cb
2025-12-09,0.43411030886075314,2,isotropic_constructed_macro_nats_full_precision_v3,0552c7f4701ada91e31e916f992171b9418cb47d283a56e61f311581d66266cb
2025-12-11,0.4837381343975858,2,isotropic_constructed_macro_nats_full_precision_v3,0552c7f4701ada91e31e916f992171b9418cb47d283a56e61f311581d66266cb
2025-12-15,0.45076591059521054,2,isotropic_constructed_macro_nats_full_precision_v3,0552c7f4701ada91e31e916f992171b9418cb47d283a56e61f311581d66266cb
2025-12-17,0.4675274141959321,2,isotropic_constructed_macro_nats_full_precision_v3,0552c7f4701ada91e31e916f992171b9418cb47d283a56e61f311581d66266cb
2025-12-19,0.4587482412230277,2,isotropic_constructed_macro_nats_full_precision_v3,0552c7f4701ada91e31e916f992171b9418cb47d283a56e61f311581d66266cb
2025-12-23,0.4608793056658002,2,isotropic_constructed_macro_nats_full_precision_v3,0552c7f4701ada91e31e916f992171b9418cb47d283a56e61f311581d66266cb
2025-12-26,0.46045176893051326,2,isotropic_constructed_macro_nats_full_precision_v3,0552c7f4701ada91e31e916f992171b9418cb47d283a56e61f311581d66266cb
2025-12-30,0.4757111614145401,2,isotropic_constructed_macro_nats_full_precision_v3,0552c7f4701ada91e31e916f992171b9418cb47d283a56e61f311581d66266cb
2026-01-02,0.47878295816571237,2,isotropic_constructed_macro_nats_full_precision_v3,0552c7f4701ada91e31e916f992171b9418cb47d283a56e61f311581d66266cb
2026-01-06,0.47951194621010274,2,isotropic_constructed_macro_nats_full_precision_v3,0552c7f4701ada91e31e916f992171b9418cb47d283a56e61f311581d66266cb
2026-01-08,0.4590757819483696,1,isotropic_constructed_macro_nats_full_precision_v3,0552c7f4701ada91e31e916f992171b9418cb47d283a56e61f311581d66266cb
2026-01-12,0.46089428230121826,1,isotropic_constructed_macro_nats_full_precision_v3,0552c7f4701ada91e31e916f992171b9418cb47d283a56e61f311581d66266cb
2026-01-14,0.45995566289598566,1,isotropic_constructed_macro_nats_full_precision_v3,0552c7f4701ada91e31e916f992171b9418cb47d283a56e61f311581d66266cb
2026-01-16,0.4694894843026577,1,isotropic_constructed_macro_nats_full_precision_v3,0552c7f4701ada91e31e916f992171b9418cb47d283a56e61f311581d66266cb
2026-01-21,0.44646485317808515,1,isotropic_constructed_macro_nats_full_precision_v3,0552c7f4701ada91e31e916f992171b9418cb47d283a56e61f311581d66266cb
2026-01-23,0.43977252873752215,1,isotropic_constructed_macro_nats_full_precision_v3,0552c7f4701ada91e31e916f992171b9418cb47d283a56e61f311581d66266cb
2026-01-27,0.4054047052732113,2,isotropic_constructed_macro_nats_full_precision_v3,0552c7f4701ada91e31e916f992171b9418cb47d283a56e61f311581d66266cb
2026-01-29,0.4173997949483237,1,isotropic_constructed_macro_nats_full_precision_v3,0552c7f4701ada91e31e916f992171b9418cb47d283a56e61f311581d66266cb
2026-02-02,0.42642774395576183,1,isotropic_constructed_macro_nats_full_precision_v3,0552c7f4701ada91e31e916f992171b9418cb47d283a56e61f311581d66266cb
2026-02-04,0.42289196220475395,1,isotropic_constructed_macro_nats_full_precision_v3,0552c7f4701ada91e31e916f992171b9418cb47d283a56e61f311581d66266cb
2026-02-06,0.41735566539211333,1,isotropic_constructed_macro_nats_full_precision_v3,0552c7f4701ada91e31e916f992171b9418cb47d283a56e61f311581d66266cb
2026-02-10,0.4178485373699943,1,isotropic_constructed_macro_nats_full_precision_v3,0552c7f4701ada91e31e916f992171b9418cb47d283a56e61f311581d66266cb
2026-02-12,0.41067904218489343,1,isotropic_constructed_macro_nats_full_precision_v3,0552c7f4701ada91e31e916f992171b9418cb47d283a56e61f311581d66266cb
2026-02-17,0.4111420535296862,2,isotropic_constructed_macro_nats_full_precision_v3,0552c7f4701ada91e31e916f992171b9418cb47d283a56e61f311581d66266cb
2026-02-19,0.391277183004726,1,isotropic_constructed_macro_nats_full_precision_v3,0552c7f4701ada91e31e916f992171b9418cb47d283a56e61f311581d66266cb
2026-02-23,0.428703328241859,1,isotropic_constructed_macro_nats_full_precision_v3,0552c7f4701ada91e31e916f992171b9418cb47d283a56e61f311581d66266cb
2026-02-25,0.4302086109335559,1,isotropic_constructed_macro_nats_full_precision_v3,0552c7f4701ada91e31e916f992171b9418cb47d283a56e61f311581d66266cb
2026-02-27,0.3939856630150495,1,isotropic_constructed_macro_nats_full_precision_v3,0552c7f4701ada91e31e916f992171b9418cb47d283a56e61f311581d66266cb
2026-03-03,0.4283843701631799,1,isotropic_constructed_macro_nats_full_precision_v3,0552c7f4701ada91e31e916f992171b9418cb47d283a56e61f311581d66266cb
2026-03-05,0.39568746870939575,1,isotropic_constructed_macro_nats_full_precision_v3,0552c7f4701ada91e31e916f992171b9418cb47d283a56e61f311581d66266cb
2026-03-09,0.3796810577773361,2,isotropic_constructed_macro_nats_full_precision_v3,0552c7f4701ada91e31e916f992171b9418cb47d283a56e61f311581d66266cb
2026-03-11,0.3803479813254323,1,isotropic_constructed_macro_nats_full_precision_v3,0552c7f4701ada91e31e916f992171b9418cb47d283a56e61f311581d66266cb
2026-03-13,0.3869627899957438,1,isotropic_constructed_macro_nats_full_precision_v3,0552c7f4701ada91e31e916f992171b9418cb47d283a56e61f311581d66266cb
2026-03-17,0.3789599443977552,1,isotropic_constructed_macro_nats_full_precision_v3,0552c7f4701ada91e31e916f992171b9418cb47d283a56e61f311581d66266cb
2026-03-19,0.42157379412179036,1,isotropic_constructed_macro_nats_full_precision_v3,0552c7f4701ada91e31e916f992171b9418cb47d283a56e61f311581d66266cb
2026-03-23,0.4222016075414332,1,isotropic_constructed_macro_nats_full_precision_v3,0552c7f4701ada91e31e916f992171b9418cb47d283a56e61f311581d66266cb
2026-03-25,0.42371622358770616,1,isotropic_constructed_macro_nats_full_precision_v3,0552c7f4701ada91e31e916f992171b9418cb47d283a56e61f311581d66266cb
2026-03-27,0.4208125317932882,1,isotropic_constructed_macro_nats_full_precision_v3,0552c7f4701ada91e31e916f992171b9418cb47d283a56e61f311581d66266cb
2026-03-31,0.41454120909405934,1,isotropic_constructed_macro_nats_full_precision_v3,0552c7f4701ada91e31e916f992171b9418cb47d283a56e61f311581d66266cb
2026-04-02,0.4212948603178077,1,isotropic_constructed_macro_nats_full_precision_v3,0552c7f4701ada91e31e916f992171b9418cb47d283a56e61f311581d66266cb
2026-04-07,0.42255437953851166,1,isotropic_constructed_macro_nats_full_precision_v3,0552c7f4701ada91e31e916f992171b9418cb47d283a56e61f311581d66266cb
2026-04-09,0.4223491736091594,1,isotropic_constructed_macro_nats_full_precision_v3,0552c7f4701ada91e31e916f992171b9418cb47d283a56e61f311581d66266cb
2026-04-13,0.4218183102647951,1,isotropic_constructed_macro_nats_full_precision_v3,0552c7f4701ada91e31e916f992171b9418cb47d283a56e61f311581d66266cb
2026-04-15,0.4201545214972545,1,isotropic_constructed_macro_nats_full_precision_v3,0552c7f4701ada91e31e916f992171b9418cb47d283a56e61f311581d66266cb
2026-04-17,0.42319983599329997,1,isotropic_constructed_macro_nats_full_precision_v3,0552c7f4701ada91e31e916f992171b9418cb47d283a56e61f311581d66266cb
2026-04-21,0.4158021163189092,1,isotropic_constructed_macro_nats_full_precision_v3,0552c7f4701ada91e31e916f992171b9418cb47d283a56e61f311581d66266cb
2026-04-23,0.3995286911318788,1,isotropic_constructed_macro_nats_full_precision_v3,0552c7f4701ada91e31e916f992171b9418cb47d283a56e61f311581d66266cb
2026-04-27,0.4535605974307768,1,isotropic_constructed_macro_nats_full_precision_v3,0552c7f4701ada91e31e916f992171b9418cb47d283a56e61f311581d66266cb
2026-04-29,0.4670470269665742,1,isotropic_constructed_macro_nats_full_precision_v3,0552c7f4701ada91e31e916f992171b9418cb47d283a56e61f311581d66266cb
2026-05-01,0.4634756700302274,1,isotropic_constructed_macro_nats_full_precision_v3,0552c7f4701ada91e31e916f992171b9418cb47d283a56e61f311581d66266cb
2026-05-05,0.4626059547188304,1,isotropic_constructed_macro_nats_full_precision_v3,0552c7f4701ada91e31e916f992171b9418cb47d283a56e61f311581d66266cb
2026-05-07,0.4447263759524911,1,isotropic_constructed_macro_nats_full_precision_v3,0552c7f4701ada91e31e916f992171b9418cb47d283a56e61f311581d66266cb
2026-05-11,0.4460297006485868,1,isotropic_constructed_macro_nats_full_precision_v3,0552c7f4701ada91e31e916f992171b9418cb47d283a56e61f311581d66266cb
2026-05-13,0.42677272730246124,1,isotropic_constructed_macro_nats_full_precision_v3,0552c7f4701ada91e31e916f992171b9418cb47d283a56e61f311581d66266cb
2026-05-15,0.4110623084012691,1,isotropic_constructed_macro_nats_full_precision_v3,0552c7f4701ada91e31e916f992171b9418cb47d283a56e61f311581d66266cb
2026-05-19,0.4294632427469541,1,isotropic_constructed_macro_nats_full_precision_v3,0552c7f4701ada91e31e916f992171b9418cb47d283a56e61f311581d66266cb
2026-05-21,0.4320343068274216,1,isotropic_constructed_macro_nats_full_precision_v3,0552c7f4701ada91e31e916f992171b9418cb47d283a56e61f311581d66266cb
2026-05-26,0.43683959630607505,1,isotropic_constructed_macro_nats_full_precision_v3,0552c7f4701ada91e31e916f992171b9418cb47d283a56e61f311581d66266cb
2026-05-28,0.43009549971264005,2,isotropic_constructed_macro_nats_full_precision_v3,0552c7f4701ada91e31e916f992171b9418cb47d283a56e61f311581d66266cb
2026-06-01,0.4389373884434962,1,isotropic_constructed_macro_nats_full_precision_v3,0552c7f4701ada91e31e916f992171b9418cb47d283a56e61f311581d66266cb
2026-06-03,0.4348810550279887,1,isotropic_constructed_macro_nats_full_precision_v3,0552c7f4701ada91e31e916f992171b9418cb47d283a56e61f311581d66266cb
2026-06-05,0.4475984926222726,2,isotropic_constructed_macro_nats_full_precision_v3,0552c7f4701ada91e31e916f992171b9418cb47d283a56e61f311581d66266cb
2026-06-09,0.4416704485241815,2,isotropic_constructed_macro_nats_full_precision_v3,0552c7f4701ada91e31e916f992171b9418cb47d283a56e61f311581d66266cb
2026-06-11,0.4417406623573677,2,isotropic_constructed_macro_nats_full_precision_v3,0552c7f4701ada91e31e916f992171b9418cb47d283a56e61f311581d66266cb
2026-06-15,0.43905358638951764,2,isotropic_constructed_macro_nats_full_precision_v3,0552c7f4701ada91e31e916f992171b9418cb47d283a56e61f311581d66266cb
2026-06-17,0.42820643530004493,2,isotropic_constructed_macro_nats_full_precision_v3,0552c7f4701ada91e31e916f992171b9418cb47d283a56e61f311581d66266cb
2026-06-22,0.43603951022732923,2,isotropic_constructed_macro_nats_full_precision_v3,0552c7f4701ada91e31e916f992171b9418cb47d283a56e61f311581d66266cb
2026-06-24,0.4193028663008677,1,isotropic_constructed_macro_nats_full_precision_v3,0552c7f4701ada91e31e916f992171b9418cb47d283a56e61f311581d66266cb
2026-06-26,0.41835254784972514,1,isotropic_constructed_macro_nats_full_precision_v3,0552c7f4701ada91e31e916f992171b9418cb47d283a56e61f311581d66266cb
2026-06-30,0.42671789955179934,2,isotropic_constructed_macro_nats_full_precision_v3,0552c7f4701ada91e31e916f992171b9418cb47d283a56e61f311581d66266cb
