Date,cefi,q_star,optimizer_budget,estimator_spec,estimator_sha256
1991-12-20,0.4131818042088882,2,12/100,isotropic_constructed_macro_nats_full_precision_v3,0552c7f4701ada91e31e916f992171b9418cb47d283a56e61f311581d66266cb
1992-01-07,0.5259633014964171,1,12/100,isotropic_constructed_macro_nats_full_precision_v3,0552c7f4701ada91e31e916f992171b9418cb47d283a56e61f311581d66266cb
1992-01-21,0.5422913987145352,1,12/100,isotropic_constructed_macro_nats_full_precision_v3,0552c7f4701ada91e31e916f992171b9418cb47d283a56e61f311581d66266cb
1992-02-04,0.5732905147703624,1,12/100,isotropic_constructed_macro_nats_full_precision_v3,0552c7f4701ada91e31e916f992171b9418cb47d283a56e61f311581d66266cb
1992-02-19,0.5565536943189733,1,12/100,isotropic_constructed_macro_nats_full_precision_v3,0552c7f4701ada91e31e916f992171b9418cb47d283a56e61f311581d66266cb
1992-03-04,0.559269791148445,1,12/100,isotropic_constructed_macro_nats_full_precision_v3,0552c7f4701ada91e31e916f992171b9418cb47d283a56e61f311581d66266cb
1992-03-18,0.37706781628900754,2,12/100,isotropic_constructed_macro_nats_full_precision_v3,0552c7f4701ada91e31e916f992171b9418cb47d283a56e61f311581d66266cb
1992-04-01,0.560977305665546,1,12/100,isotropic_constructed_macro_nats_full_precision_v3,0552c7f4701ada91e31e916f992171b9418cb47d283a56e61f311581d66266cb
1992-04-15,0.45235444806771796,1,12/100,isotropic_constructed_macro_nats_full_precision_v3,0552c7f4701ada91e31e916f992171b9418cb47d283a56e61f311581d66266cb
1992-04-30,0.48172865966493594,1,12/100,isotropic_constructed_macro_nats_full_precision_v3,0552c7f4701ada91e31e916f992171b9418cb47d283a56e61f311581d66266cb
1992-05-14,0.43942940495126137,1,12/100,isotropic_constructed_macro_nats_full_precision_v3,0552c7f4701ada91e31e916f992171b9418cb47d283a56e61f311581d66266cb
1992-05-29,0.4580172280570177,1,12/100,isotropic_constructed_macro_nats_full_precision_v3,0552c7f4701ada91e31e916f992171b9418cb47d283a56e61f311581d66266cb
1992-06-12,0.47889509526729757,1,12/100,isotropic_constructed_macro_nats_full_precision_v3,0552c7f4701ada91e31e916f992171b9418cb47d283a56e61f311581d66266cb
1992-06-26,0.5154971287992334,1,12/100,isotropic_constructed_macro_nats_full_precision_v3,0552c7f4701ada91e31e916f992171b9418cb47d283a56e61f311581d66266cb
1992-07-13,0.3863572643318227,1,12/100,isotropic_constructed_macro_nats_full_precision_v3,0552c7f4701ada91e31e916f992171b9418cb47d283a56e61f311581d66266cb
1992-07-27,0.4067045703425026,1,12/100,isotropic_constructed_macro_nats_full_precision_v3,0552c7f4701ada91e31e916f992171b9418cb47d283a56e61f311581d66266cb
1992-08-10,0.503088978525226,1,12/100,isotropic_constructed_macro_nats_full_precision_v3,0552c7f4701ada91e31e916f992171b9418cb47d283a56e61f311581d66266cb
1992-08-24,0.5633293835826839,1,12/100,isotropic_constructed_macro_nats_full_precision_v3,0552c7f4701ada91e31e916f992171b9418cb47d283a56e61f311581d66266cb
1992-09-08,0.5517055355222468,1,12/100,isotropic_constructed_macro_nats_full_precision_v3,0552c7f4701ada91e31e916f992171b9418cb47d283a56e61f311581d66266cb
1992-09-22,0.5072538844643093,1,12/100,isotropic_constructed_macro_nats_full_precision_v3,0552c7f4701ada91e31e916f992171b9418cb47d283a56e61f311581d66266cb
1992-10-06,0.5830451268300911,1,12/100,isotropic_constructed_macro_nats_full_precision_v3,0552c7f4701ada91e31e916f992171b9418cb47d283a56e61f311581d66266cb
1992-10-20,0.5159401326465566,1,12/100,isotropic_constructed_macro_nats_full_precision_v3,0552c7f4701ada91e31e916f992171b9418cb47d283a56e61f311581d66266cb
1992-11-03,0.540777715511819,1,12/100,isotropic_constructed_macro_nats_full_precision_v3,0552c7f4701ada91e31e916f992171b9418cb47d283a56e61f311581d66266cb
1992-11-17,0.4199306712216309,1,12/100,isotropic_constructed_macro_nats_full_precision_v3,0552c7f4701ada91e31e916f992171b9418cb47d283a56e61f311581d66266cb
1992-12-02,0.5288632846599726,1,12/100,isotropic_constructed_macro_nats_full_precision_v3,0552c7f4701ada91e31e916f992171b9418cb47d283a56e61f311581d66266cb
1992-12-16,0.5197290441290451,1,12/100,isotropic_constructed_macro_nats_full_precision_v3,0552c7f4701ada91e31e916f992171b9418cb47d283a56e61f311581d66266cb
1992-12-31,0.4939708093369516,1,12/100,isotropic_constructed_macro_nats_full_precision_v3,0552c7f4701ada91e31e916f992171b9418cb47d283a56e61f311581d66266cb
1993-01-15,0.4926039016492893,1,12/100,isotropic_constructed_macro_nats_full_precision_v3,0552c7f4701ada91e31e916f992171b9418cb47d283a56e61f311581d66266cb
1993-01-29,0.5134953750257814,1,12/100,isotropic_constructed_macro_nats_full_precision_v3,0552c7f4701ada91e31e916f992171b9418cb47d283a56e61f311581d66266cb
1993-02-12,0.5367283610517232,1,12/100,isotropic_constructed_macro_nats_full_precision_v3,0552c7f4701ada91e31e916f992171b9418cb47d283a56e61f311581d66266cb
1993-03-01,0.504355840833869,1,12/100,isotropic_constructed_macro_nats_full_precision_v3,0552c7f4701ada91e31e916f992171b9418cb47d283a56e61f311581d66266cb
1993-03-15,0.4218692390700025,1,12/100,isotropic_constructed_macro_nats_full_precision_v3,0552c7f4701ada91e31e916f992171b9418cb47d283a56e61f311581d66266cb
1993-03-29,0.3933832686759847,1,12/100,isotropic_constructed_macro_nats_full_precision_v3,0552c7f4701ada91e31e916f992171b9418cb47d283a56e61f311581d66266cb
1993-04-13,0.3737337870670465,1,12/100,isotropic_constructed_macro_nats_full_precision_v3,0552c7f4701ada91e31e916f992171b9418cb47d283a56e61f311581d66266cb
1993-04-27,0.3520555430746285,1,12/100,isotropic_constructed_macro_nats_full_precision_v3,0552c7f4701ada91e31e916f992171b9418cb47d283a56e61f311581d66266cb
1993-05-11,0.4253037496493868,1,12/100,isotropic_constructed_macro_nats_full_precision_v3,0552c7f4701ada91e31e916f992171b9418cb47d283a56e61f311581d66266cb
1993-05-25,0.3774737809725014,1,12/100,isotropic_constructed_macro_nats_full_precision_v3,0552c7f4701ada91e31e916f992171b9418cb47d283a56e61f311581d66266cb
1993-06-09,0.3635420859925729,1,12/100,isotropic_constructed_macro_nats_full_precision_v3,0552c7f4701ada91e31e916f992171b9418cb47d283a56e61f311581d66266cb
1993-06-23,0.3433124537966521,1,12/100,isotropic_constructed_macro_nats_full_precision_v3,0552c7f4701ada91e31e916f992171b9418cb47d283a56e61f311581d66266cb
1993-07-08,0.3657843453191831,1,12/100,isotropic_constructed_macro_nats_full_precision_v3,0552c7f4701ada91e31e916f992171b9418cb47d283a56e61f311581d66266cb
1993-07-22,0.426990477307568,1,12/100,isotropic_constructed_macro_nats_full_precision_v3,0552c7f4701ada91e31e916f992171b9418cb47d283a56e61f311581d66266cb
1993-08-05,0.3978710509297042,1,12/100,isotropic_constructed_macro_nats_full_precision_v3,0552c7f4701ada91e31e916f992171b9418cb47d283a56e61f311581d66266cb
1993-08-19,0.4021102969893301,1,12/100,isotropic_constructed_macro_nats_full_precision_v3,0552c7f4701ada91e31e916f992171b9418cb47d283a56e61f311581d66266cb
1993-09-02,0.42382728601022224,1,12/100,isotropic_constructed_macro_nats_full_precision_v3,0552c7f4701ada91e31e916f992171b9418cb47d283a56e61f311581d66266cb
1993-09-17,0.41535789719101335,1,12/100,isotropic_constructed_macro_nats_full_precision_v3,0552c7f4701ada91e31e916f992171b9418cb47d283a56e61f311581d66266cb
1993-10-01,0.4222184948830863,1,12/100,isotropic_constructed_macro_nats_full_precision_v3,0552c7f4701ada91e31e916f992171b9418cb47d283a56e61f311581d66266cb
1993-10-15,0.43454780208247956,1,12/100,isotropic_constructed_macro_nats_full_precision_v3,0552c7f4701ada91e31e916f992171b9418cb47d283a56e61f311581d66266cb
1993-10-29,0.4593213496127587,1,12/100,isotropic_constructed_macro_nats_full_precision_v3,0552c7f4701ada91e31e916f992171b9418cb47d283a56e61f311581d66266cb
1993-11-12,0.46279014530680246,1,12/100,isotropic_constructed_macro_nats_full_precision_v3,0552c7f4701ada91e31e916f992171b9418cb47d283a56e61f311581d66266cb
1993-11-29,0.3843080286110987,1,12/100,isotropic_constructed_macro_nats_full_precision_v3,0552c7f4701ada91e31e916f992171b9418cb47d283a56e61f311581d66266cb
1993-12-13,0.3864938756842019,1,12/100,isotropic_constructed_macro_nats_full_precision_v3,0552c7f4701ada91e31e916f992171b9418cb47d283a56e61f311581d66266cb
1993-12-28,0.4051742706721,1,12/100,isotropic_constructed_macro_nats_full_precision_v3,0552c7f4701ada91e31e916f992171b9418cb47d283a56e61f311581d66266cb
1994-01-11,0.419531500129684,1,12/100,isotropic_constructed_macro_nats_full_precision_v3,0552c7f4701ada91e31e916f992171b9418cb47d283a56e61f311581d66266cb
1994-01-25,0.431784136530006,1,12/100,isotropic_constructed_macro_nats_full_precision_v3,0552c7f4701ada91e31e916f992171b9418cb47d283a56e61f311581d66266cb
1994-02-08,0.3634349025902252,1,12/100,isotropic_constructed_macro_nats_full_precision_v3,0552c7f4701ada91e31e916f992171b9418cb47d283a56e61f311581d66266cb
1994-02-23,0.30967722989101243,1,12/100,isotropic_constructed_macro_nats_full_precision_v3,0552c7f4701ada91e31e916f992171b9418cb47d283a56e61f311581d66266cb
1994-03-09,0.3227430580349113,1,12/100,isotropic_constructed_macro_nats_full_precision_v3,0552c7f4701ada91e31e916f992171b9418cb47d283a56e61f311581d66266cb
1994-03-23,0.3213646736074304,1,12/100,isotropic_constructed_macro_nats_full_precision_v3,0552c7f4701ada91e31e916f992171b9418cb47d283a56e61f311581d66266cb
1994-04-07,0.28893251390633723,1,12/100,isotropic_constructed_macro_nats_full_precision_v3,0552c7f4701ada91e31e916f992171b9418cb47d283a56e61f311581d66266cb
1994-04-21,0.2578583683695586,1,12/100,isotropic_constructed_macro_nats_full_precision_v3,0552c7f4701ada91e31e916f992171b9418cb47d283a56e61f311581d66266cb
1994-05-06,0.2593943870873299,1,12/100,isotropic_constructed_macro_nats_full_precision_v3,0552c7f4701ada91e31e916f992171b9418cb47d283a56e61f311581d66266cb
1994-05-20,0.34454611864277085,1,12/100,isotropic_constructed_macro_nats_full_precision_v3,0552c7f4701ada91e31e916f992171b9418cb47d283a56e61f311581d66266cb
1994-06-06,0.3415727144097791,1,12/100,isotropic_constructed_macro_nats_full_precision_v3,0552c7f4701ada91e31e916f992171b9418cb47d283a56e61f311581d66266cb
1994-06-20,0.35310080418401424,1,12/100,isotropic_constructed_macro_nats_full_precision_v3,0552c7f4701ada91e31e916f992171b9418cb47d283a56e61f311581d66266cb
1994-07-05,0.33837721343326976,1,12/100,isotropic_constructed_macro_nats_full_precision_v3,0552c7f4701ada91e31e916f992171b9418cb47d283a56e61f311581d66266cb
1994-07-19,0.31228302508294464,1,12/100,isotropic_constructed_macro_nats_full_precision_v3,0552c7f4701ada91e31e916f992171b9418cb47d283a56e61f311581d66266cb
1994-08-02,0.3300792264784652,1,12/100,isotropic_constructed_macro_nats_full_precision_v3,0552c7f4701ada91e31e916f992171b9418cb47d283a56e61f311581d66266cb
1994-08-16,0.3448255848996768,1,12/100,isotropic_constructed_macro_nats_full_precision_v3,0552c7f4701ada91e31e916f992171b9418cb47d283a56e61f311581d66266cb
1994-08-30,0.31053570884001125,1,12/100,isotropic_constructed_macro_nats_full_precision_v3,0552c7f4701ada91e31e916f992171b9418cb47d283a56e61f311581d66266cb
1994-09-14,0.285758322036659,1,12/100,isotropic_constructed_macro_nats_full_precision_v3,0552c7f4701ada91e31e916f992171b9418cb47d283a56e61f311581d66266cb
1994-09-28,0.27334968139472404,2,12/100,isotropic_constructed_macro_nats_full_precision_v3,0552c7f4701ada91e31e916f992171b9418cb47d283a56e61f311581d66266cb
1994-10-12,0.2595783632355637,1,12/100,isotropic_constructed_macro_nats_full_precision_v3,0552c7f4701ada91e31e916f992171b9418cb47d283a56e61f311581d66266cb
1994-10-26,0.28829360435241147,1,12/100,isotropic_constructed_macro_nats_full_precision_v3,0552c7f4701ada91e31e916f992171b9418cb47d283a56e61f311581d66266cb
1994-11-09,0.25631954372785704,2,12/100,isotropic_constructed_macro_nats_full_precision_v3,0552c7f4701ada91e31e916f992171b9418cb47d283a56e61f311581d66266cb
1994-11-23,0.2493516822041351,1,12/100,isotropic_constructed_macro_nats_full_precision_v3,0552c7f4701ada91e31e916f992171b9418cb47d283a56e61f311581d66266cb
1994-12-08,0.24669531188869828,1,12/100,isotropic_constructed_macro_nats_full_precision_v3,0552c7f4701ada91e31e916f992171b9418cb47d283a56e61f311581d66266cb
1994-12-22,0.23595562156844996,1,12/100,isotropic_constructed_macro_nats_full_precision_v3,0552c7f4701ada91e31e916f992171b9418cb47d283a56e61f311581d66266cb
1995-01-09,0.24218666005099868,1,12/100,isotropic_constructed_macro_nats_full_precision_v3,0552c7f4701ada91e31e916f992171b9418cb47d283a56e61f311581d66266cb
1995-01-23,0.26369429395976285,1,12/100,isotropic_constructed_macro_nats_full_precision_v3,0552c7f4701ada91e31e916f992171b9418cb47d283a56e61f311581d66266cb
1995-02-06,0.22040866525430955,3,12/100,isotropic_constructed_macro_nats_full_precision_v3,0552c7f4701ada91e31e916f992171b9418cb47d283a56e61f311581d66266cb
1995-02-21,0.2014359511929184,2,12/100,isotropic_constructed_macro_nats_full_precision_v3,0552c7f4701ada91e31e916f992171b9418cb47d283a56e61f311581d66266cb
1995-03-07,0.21504051030956775,2,12/100,isotropic_constructed_macro_nats_full_precision_v3,0552c7f4701ada91e31e916f992171b9418cb47d283a56e61f311581d66266cb
1995-03-21,0.23717542529311933,5,12/100,isotropic_constructed_macro_nats_full_precision_v3,0552c7f4701ada91e31e916f992171b9418cb47d283a56e61f311581d66266cb
1995-04-04,0.2481104545297715,1,12/100,isotropic_constructed_macro_nats_full_precision_v3,0552c7f4701ada91e31e916f992171b9418cb47d283a56e61f311581d66266cb
1995-04-19,0.22496469107196979,1,12/100,isotropic_constructed_macro_nats_full_precision_v3,0552c7f4701ada91e31e916f992171b9418cb47d283a56e61f311581d66266cb
1995-05-03,0.234914631678899,2,12/100,isotropic_constructed_macro_nats_full_precision_v3,0552c7f4701ada91e31e916f992171b9418cb47d283a56e61f311581d66266cb
1995-05-17,0.2410139658731472,1,12/100,isotropic_constructed_macro_nats_full_precision_v3,0552c7f4701ada91e31e916f992171b9418cb47d283a56e61f311581d66266cb
1995-06-01,0.2462224506546342,2,12/100,isotropic_constructed_macro_nats_full_precision_v3,0552c7f4701ada91e31e916f992171b9418cb47d283a56e61f311581d66266cb
1995-06-15,0.2727122801299381,2,12/100,isotropic_constructed_macro_nats_full_precision_v3,0552c7f4701ada91e31e916f992171b9418cb47d283a56e61f311581d66266cb
1995-06-29,0.29076408213200305,2,12/100,isotropic_constructed_macro_nats_full_precision_v3,0552c7f4701ada91e31e916f992171b9418cb47d283a56e61f311581d66266cb
1995-07-14,0.26285308789471334,1,12/100,isotropic_constructed_macro_nats_full_precision_v3,0552c7f4701ada91e31e916f992171b9418cb47d283a56e61f311581d66266cb
1995-07-28,0.2784084823867704,1,12/100,isotropic_constructed_macro_nats_full_precision_v3,0552c7f4701ada91e31e916f992171b9418cb47d283a56e61f311581d66266cb
1995-08-11,0.251919107099668,1,12/100,isotropic_constructed_macro_nats_full_precision_v3,0552c7f4701ada91e31e916f992171b9418cb47d283a56e61f311581d66266cb
1995-08-25,0.25396670527661325,2,12/100,isotropic_constructed_macro_nats_full_precision_v3,0552c7f4701ada91e31e916f992171b9418cb47d283a56e61f311581d66266cb
1995-09-11,0.2487878439953585,2,12/100,isotropic_constructed_macro_nats_full_precision_v3,0552c7f4701ada91e31e916f992171b9418cb47d283a56e61f311581d66266cb
1995-09-25,0.22842787717802251,2,12/100,isotropic_constructed_macro_nats_full_precision_v3,0552c7f4701ada91e31e916f992171b9418cb47d283a56e61f311581d66266cb
1995-10-09,0.24801512925921787,2,12/100,isotropic_constructed_macro_nats_full_precision_v3,0552c7f4701ada91e31e916f992171b9418cb47d283a56e61f311581d66266cb
1995-10-23,0.2524980960403972,2,12/100,isotropic_constructed_macro_nats_full_precision_v3,0552c7f4701ada91e31e916f992171b9418cb47d283a56e61f311581d66266cb
1995-11-06,0.2516511089002511,2,12/100,isotropic_constructed_macro_nats_full_precision_v3,0552c7f4701ada91e31e916f992171b9418cb47d283a56e61f311581d66266cb
1995-11-20,0.22511850871188824,2,12/100,isotropic_constructed_macro_nats_full_precision_v3,0552c7f4701ada91e31e916f992171b9418cb47d283a56e61f311581d66266cb
1995-12-05,0.19745576017156427,1,12/100,isotropic_constructed_macro_nats_full_precision_v3,0552c7f4701ada91e31e916f992171b9418cb47d283a56e61f311581d66266cb
1995-12-19,0.19303177978146685,3,12/100,isotropic_constructed_macro_nats_full_precision_v3,0552c7f4701ada91e31e916f992171b9418cb47d283a56e61f311581d66266cb
1996-01-04,0.22981596386089745,1,12/100,isotropic_constructed_macro_nats_full_precision_v3,0552c7f4701ada91e31e916f992171b9418cb47d283a56e61f311581d66266cb
1996-01-18,0.22544470733252547,1,12/100,isotropic_constructed_macro_nats_full_precision_v3,0552c7f4701ada91e31e916f992171b9418cb47d283a56e61f311581d66266cb
1996-02-01,0.22653101506387543,2,12/100,isotropic_constructed_macro_nats_full_precision_v3,0552c7f4701ada91e31e916f992171b9418cb47d283a56e61f311581d66266cb
1996-02-15,0.2722546321443193,1,12/100,isotropic_constructed_macro_nats_full_precision_v3,0552c7f4701ada91e31e916f992171b9418cb47d283a56e61f311581d66266cb
1996-03-01,0.23107789951849084,2,12/100,isotropic_constructed_macro_nats_full_precision_v3,0552c7f4701ada91e31e916f992171b9418cb47d283a56e61f311581d66266cb
1996-03-15,0.29108778023405985,1,12/100,isotropic_constructed_macro_nats_full_precision_v3,0552c7f4701ada91e31e916f992171b9418cb47d283a56e61f311581d66266cb
1996-03-29,0.278794631515454,1,12/100,isotropic_constructed_macro_nats_full_precision_v3,0552c7f4701ada91e31e916f992171b9418cb47d283a56e61f311581d66266cb
1996-04-15,0.30932318947961884,1,12/100,isotropic_constructed_macro_nats_full_precision_v3,0552c7f4701ada91e31e916f992171b9418cb47d283a56e61f311581d66266cb
1996-04-29,0.26596011683976784,1,12/100,isotropic_constructed_macro_nats_full_precision_v3,0552c7f4701ada91e31e916f992171b9418cb47d283a56e61f311581d66266cb
1996-05-13,0.2487068163572932,1,12/100,isotropic_constructed_macro_nats_full_precision_v3,0552c7f4701ada91e31e916f992171b9418cb47d283a56e61f311581d66266cb
1996-05-28,0.24428151516766156,1,12/100,isotropic_constructed_macro_nats_full_precision_v3,0552c7f4701ada91e31e916f992171b9418cb47d283a56e61f311581d66266cb
1996-06-11,0.23425945531224046,1,12/100,isotropic_constructed_macro_nats_full_precision_v3,0552c7f4701ada91e31e916f992171b9418cb47d283a56e61f311581d66266cb
1996-06-25,0.2298605358739636,1,12/100,isotropic_constructed_macro_nats_full_precision_v3,0552c7f4701ada91e31e916f992171b9418cb47d283a56e61f311581d66266cb
1996-07-10,0.24307264998900213,1,12/100,isotropic_constructed_macro_nats_full_precision_v3,0552c7f4701ada91e31e916f992171b9418cb47d283a56e61f311581d66266cb
1996-07-24,0.2708619220511265,1,12/100,isotropic_constructed_macro_nats_full_precision_v3,0552c7f4701ada91e31e916f992171b9418cb47d283a56e61f311581d66266cb
1996-08-07,0.23725200462317209,1,12/100,isotropic_constructed_macro_nats_full_precision_v3,0552c7f4701ada91e31e916f992171b9418cb47d283a56e61f311581d66266cb
1996-08-21,0.20704992916124784,1,12/100,isotropic_constructed_macro_nats_full_precision_v3,0552c7f4701ada91e31e916f992171b9418cb47d283a56e61f311581d66266cb
1996-09-05,0.2213652893119958,1,12/100,isotropic_constructed_macro_nats_full_precision_v3,0552c7f4701ada91e31e916f992171b9418cb47d283a56e61f311581d66266cb
1996-09-19,0.21389963934633424,1,12/100,isotropic_constructed_macro_nats_full_precision_v3,0552c7f4701ada91e31e916f992171b9418cb47d283a56e61f311581d66266cb
1996-10-03,0.19221398942412593,1,12/100,isotropic_constructed_macro_nats_full_precision_v3,0552c7f4701ada91e31e916f992171b9418cb47d283a56e61f311581d66266cb
1996-10-17,0.19307774761378171,3,12/100,isotropic_constructed_macro_nats_full_precision_v3,0552c7f4701ada91e31e916f992171b9418cb47d283a56e61f311581d66266cb
1996-10-31,0.193657678837697,3,12/100,isotropic_constructed_macro_nats_full_precision_v3,0552c7f4701ada91e31e916f992171b9418cb47d283a56e61f311581d66266cb
1996-11-14,0.20739468197046518,1,12/100,isotropic_constructed_macro_nats_full_precision_v3,0552c7f4701ada91e31e916f992171b9418cb47d283a56e61f311581d66266cb
1996-11-29,0.18664294113334676,4,12/100,isotropic_constructed_macro_nats_full_precision_v3,0552c7f4701ada91e31e916f992171b9418cb47d283a56e61f311581d66266cb
1996-12-13,0.21143020288247386,1,12/100,isotropic_constructed_macro_nats_full_precision_v3,0552c7f4701ada91e31e916f992171b9418cb47d283a56e61f311581d66266cb
1996-12-30,0.27054751559514734,1,12/100,isotropic_constructed_macro_nats_full_precision_v3,0552c7f4701ada91e31e916f992171b9418cb47d283a56e61f311581d66266cb
1997-01-14,0.22529162433017372,1,12/100,isotropic_constructed_macro_nats_full_precision_v3,0552c7f4701ada91e31e916f992171b9418cb47d283a56e61f311581d66266cb
1997-01-28,0.21416452199049826,1,12/100,isotropic_constructed_macro_nats_full_precision_v3,0552c7f4701ada91e31e916f992171b9418cb47d283a56e61f311581d66266cb
1997-02-11,0.19167433264672853,1,12/100,isotropic_constructed_macro_nats_full_precision_v3,0552c7f4701ada91e31e916f992171b9418cb47d283a56e61f311581d66266cb
1997-02-26,0.17912180491788854,4,12/100,isotropic_constructed_macro_nats_full_precision_v3,0552c7f4701ada91e31e916f992171b9418cb47d283a56e61f311581d66266cb
1997-03-12,0.19670765064132717,1,12/100,isotropic_constructed_macro_nats_full_precision_v3,0552c7f4701ada91e31e916f992171b9418cb47d283a56e61f311581d66266cb
1997-03-26,0.22099881271062216,1,12/100,isotropic_constructed_macro_nats_full_precision_v3,0552c7f4701ada91e31e916f992171b9418cb47d283a56e61f311581d66266cb
1997-04-10,0.2534485974075832,1,12/100,isotropic_constructed_macro_nats_full_precision_v3,0552c7f4701ada91e31e916f992171b9418cb47d283a56e61f311581d66266cb
1997-04-24,0.26417482216038746,1,12/100,isotropic_constructed_macro_nats_full_precision_v3,0552c7f4701ada91e31e916f992171b9418cb47d283a56e61f311581d66266cb
1997-05-08,0.25835661335335636,1,12/100,isotropic_constructed_macro_nats_full_precision_v3,0552c7f4701ada91e31e916f992171b9418cb47d283a56e61f311581d66266cb
1997-05-22,0.2518103194017065,1,12/100,isotropic_constructed_macro_nats_full_precision_v3,0552c7f4701ada91e31e916f992171b9418cb47d283a56e61f311581d66266cb
1997-06-06,0.281308090364226,1,12/100,isotropic_constructed_macro_nats_full_precision_v3,0552c7f4701ada91e31e916f992171b9418cb47d283a56e61f311581d66266cb
1997-06-20,0.3071141561231542,1,12/100,isotropic_constructed_macro_nats_full_precision_v3,0552c7f4701ada91e31e916f992171b9418cb47d283a56e61f311581d66266cb
1997-07-07,0.3005525014349857,1,12/100,isotropic_constructed_macro_nats_full_precision_v3,0552c7f4701ada91e31e916f992171b9418cb47d283a56e61f311581d66266cb
1997-07-21,0.29610656466896956,1,12/100,isotropic_constructed_macro_nats_full_precision_v3,0552c7f4701ada91e31e916f992171b9418cb47d283a56e61f311581d66266cb
1997-08-04,0.2822860259947245,1,12/100,isotropic_constructed_macro_nats_full_precision_v3,0552c7f4701ada91e31e916f992171b9418cb47d283a56e61f311581d66266cb
1997-08-18,0.30584848939514225,1,12/100,isotropic_constructed_macro_nats_full_precision_v3,0552c7f4701ada91e31e916f992171b9418cb47d283a56e61f311581d66266cb
1997-09-02,0.3036201656060692,1,12/100,isotropic_constructed_macro_nats_full_precision_v3,0552c7f4701ada91e31e916f992171b9418cb47d283a56e61f311581d66266cb
1997-09-16,0.28100498801327084,1,12/100,isotropic_constructed_macro_nats_full_precision_v3,0552c7f4701ada91e31e916f992171b9418cb47d283a56e61f311581d66266cb
1997-09-30,0.26663832303862733,1,12/100,isotropic_constructed_macro_nats_full_precision_v3,0552c7f4701ada91e31e916f992171b9418cb47d283a56e61f311581d66266cb
1997-10-14,0.30094473615656636,1,12/100,isotropic_constructed_macro_nats_full_precision_v3,0552c7f4701ada91e31e916f992171b9418cb47d283a56e61f311581d66266cb
1997-10-28,0.33734309566296455,1,12/100,isotropic_constructed_macro_nats_full_precision_v3,0552c7f4701ada91e31e916f992171b9418cb47d283a56e61f311581d66266cb
1997-11-11,0.2921377693629914,1,12/100,isotropic_constructed_macro_nats_full_precision_v3,0552c7f4701ada91e31e916f992171b9418cb47d283a56e61f311581d66266cb
1997-11-25,0.2787327652268185,1,12/100,isotropic_constructed_macro_nats_full_precision_v3,0552c7f4701ada91e31e916f992171b9418cb47d283a56e61f311581d66266cb
1997-12-10,0.2966640039217561,1,12/100,isotropic_constructed_macro_nats_full_precision_v3,0552c7f4701ada91e31e916f992171b9418cb47d283a56e61f311581d66266cb
1997-12-24,0.3182328895157201,1,12/100,isotropic_constructed_macro_nats_full_precision_v3,0552c7f4701ada91e31e916f992171b9418cb47d283a56e61f311581d66266cb
1998-01-09,0.2900425290132126,1,12/100,isotropic_constructed_macro_nats_full_precision_v3,0552c7f4701ada91e31e916f992171b9418cb47d283a56e61f311581d66266cb
1998-01-26,0.28408445025413703,1,12/100,isotropic_constructed_macro_nats_full_precision_v3,0552c7f4701ada91e31e916f992171b9418cb47d283a56e61f311581d66266cb
1998-02-09,0.2817009648430989,1,12/100,isotropic_constructed_macro_nats_full_precision_v3,0552c7f4701ada91e31e916f992171b9418cb47d283a56e61f311581d66266cb
1998-02-24,0.27731793286145534,1,12/100,isotropic_constructed_macro_nats_full_precision_v3,0552c7f4701ada91e31e916f992171b9418cb47d283a56e61f311581d66266cb
1998-03-10,0.26236998106494236,1,12/100,isotropic_constructed_macro_nats_full_precision_v3,0552c7f4701ada91e31e916f992171b9418cb47d283a56e61f311581d66266cb
1998-03-24,0.3325611635922878,1,12/100,isotropic_constructed_macro_nats_full_precision_v3,0552c7f4701ada91e31e916f992171b9418cb47d283a56e61f311581d66266cb
1998-04-07,0.3158566307058338,1,12/100,isotropic_constructed_macro_nats_full_precision_v3,0552c7f4701ada91e31e916f992171b9418cb47d283a56e61f311581d66266cb
1998-04-22,0.33114371214218014,1,12/100,isotropic_constructed_macro_nats_full_precision_v3,0552c7f4701ada91e31e916f992171b9418cb47d283a56e61f311581d66266cb
1998-05-06,0.3387740739179135,1,12/100,isotropic_constructed_macro_nats_full_precision_v3,0552c7f4701ada91e31e916f992171b9418cb47d283a56e61f311581d66266cb
1998-05-20,0.2836942391959275,2,12/100,isotropic_constructed_macro_nats_full_precision_v3,0552c7f4701ada91e31e916f992171b9418cb47d283a56e61f311581d66266cb
1998-06-04,0.28185311819895414,2,12/100,isotropic_constructed_macro_nats_full_precision_v3,0552c7f4701ada91e31e916f992171b9418cb47d283a56e61f311581d66266cb
1998-06-18,0.33770316837360204,1,12/100,isotropic_constructed_macro_nats_full_precision_v3,0552c7f4701ada91e31e916f992171b9418cb47d283a56e61f311581d66266cb
1998-07-02,0.35426847765775094,1,12/100,isotropic_constructed_macro_nats_full_precision_v3,0552c7f4701ada91e31e916f992171b9418cb47d283a56e61f311581d66266cb
1998-07-17,0.34595543917484994,1,12/100,isotropic_constructed_macro_nats_full_precision_v3,0552c7f4701ada91e31e916f992171b9418cb47d283a56e61f311581d66266cb
1998-07-31,0.34257078804685165,1,12/100,isotropic_constructed_macro_nats_full_precision_v3,0552c7f4701ada91e31e916f992171b9418cb47d283a56e61f311581d66266cb
1998-08-14,0.3436891738269042,1,12/100,isotropic_constructed_macro_nats_full_precision_v3,0552c7f4701ada91e31e916f992171b9418cb47d283a56e61f311581d66266cb
1998-08-28,0.2681204931766753,2,12/100,isotropic_constructed_macro_nats_full_precision_v3,0552c7f4701ada91e31e916f992171b9418cb47d283a56e61f311581d66266cb
1998-09-14,0.2905264784723376,1,12/100,isotropic_constructed_macro_nats_full_precision_v3,0552c7f4701ada91e31e916f992171b9418cb47d283a56e61f311581d66266cb
1998-09-28,0.23957072547876593,1,12/100,isotropic_constructed_macro_nats_full_precision_v3,0552c7f4701ada91e31e916f992171b9418cb47d283a56e61f311581d66266cb
1998-10-12,0.34284076639679795,1,12/100,isotropic_constructed_macro_nats_full_precision_v3,0552c7f4701ada91e31e916f992171b9418cb47d283a56e61f311581d66266cb
1998-10-26,0.2868065145606097,2,12/100,isotropic_constructed_macro_nats_full_precision_v3,0552c7f4701ada91e31e916f992171b9418cb47d283a56e61f311581d66266cb
1998-11-09,0.2999234531953535,1,12/100,isotropic_constructed_macro_nats_full_precision_v3,0552c7f4701ada91e31e916f992171b9418cb47d283a56e61f311581d66266cb
1998-11-23,0.29890292666419604,1,12/100,isotropic_constructed_macro_nats_full_precision_v3,0552c7f4701ada91e31e916f992171b9418cb47d283a56e61f311581d66266cb
1998-12-08,0.30495562732852555,2,12/100,isotropic_constructed_macro_nats_full_precision_v3,0552c7f4701ada91e31e916f992171b9418cb47d283a56e61f311581d66266cb
1998-12-22,0.2883899592250436,2,12/100,isotropic_constructed_macro_nats_full_precision_v3,0552c7f4701ada91e31e916f992171b9418cb47d283a56e61f311581d66266cb
1999-01-07,0.2992944122340755,1,12/100,isotropic_constructed_macro_nats_full_precision_v3,0552c7f4701ada91e31e916f992171b9418cb47d283a56e61f311581d66266cb
1999-01-22,0.2807518051172218,2,12/100,isotropic_constructed_macro_nats_full_precision_v3,0552c7f4701ada91e31e916f992171b9418cb47d283a56e61f311581d66266cb
1999-02-05,0.2894237692821118,2,12/100,isotropic_constructed_macro_nats_full_precision_v3,0552c7f4701ada91e31e916f992171b9418cb47d283a56e61f311581d66266cb
1999-02-22,0.28391568146163115,2,12/100,isotropic_constructed_macro_nats_full_precision_v3,0552c7f4701ada91e31e916f992171b9418cb47d283a56e61f311581d66266cb
1999-03-08,0.30117527213968526,2,12/100,isotropic_constructed_macro_nats_full_precision_v3,0552c7f4701ada91e31e916f992171b9418cb47d283a56e61f311581d66266cb
1999-03-22,0.31921893312508565,2,12/100,isotropic_constructed_macro_nats_full_precision_v3,0552c7f4701ada91e31e916f992171b9418cb47d283a56e61f311581d66266cb
1999-04-06,0.3101457397234131,2,12/100,isotropic_constructed_macro_nats_full_precision_v3,0552c7f4701ada91e31e916f992171b9418cb47d283a56e61f311581d66266cb
1999-04-20,0.333001928726248,2,12/100,isotropic_constructed_macro_nats_full_precision_v3,0552c7f4701ada91e31e916f992171b9418cb47d283a56e61f311581d66266cb
1999-05-04,0.31080086222211645,2,12/100,isotropic_constructed_macro_nats_full_precision_v3,0552c7f4701ada91e31e916f992171b9418cb47d283a56e61f311581d66266cb
1999-05-18,0.3012904366392191,2,12/100,isotropic_constructed_macro_nats_full_precision_v3,0552c7f4701ada91e31e916f992171b9418cb47d283a56e61f311581d66266cb
1999-06-02,0.3060802786949833,2,12/100,isotropic_constructed_macro_nats_full_precision_v3,0552c7f4701ada91e31e916f992171b9418cb47d283a56e61f311581d66266cb
1999-06-16,0.3032786863366637,1,12/100,isotropic_constructed_macro_nats_full_precision_v3,0552c7f4701ada91e31e916f992171b9418cb47d283a56e61f311581d66266cb
1999-06-30,0.2816673190129369,1,12/100,isotropic_constructed_macro_nats_full_precision_v3,0552c7f4701ada91e31e916f992171b9418cb47d283a56e61f311581d66266cb
1999-07-15,0.2818328882752468,1,12/100,isotropic_constructed_macro_nats_full_precision_v3,0552c7f4701ada91e31e916f992171b9418cb47d283a56e61f311581d66266cb
1999-07-29,0.2775258759706978,1,12/100,isotropic_constructed_macro_nats_full_precision_v3,0552c7f4701ada91e31e916f992171b9418cb47d283a56e61f311581d66266cb
1999-08-12,0.2647582475446622,1,12/100,isotropic_constructed_macro_nats_full_precision_v3,0552c7f4701ada91e31e916f992171b9418cb47d283a56e61f311581d66266cb
1999-08-26,0.28292762737096777,1,12/100,isotropic_constructed_macro_nats_full_precision_v3,0552c7f4701ada91e31e916f992171b9418cb47d283a56e61f311581d66266cb
1999-09-10,0.2851975033474732,1,12/100,isotropic_constructed_macro_nats_full_precision_v3,0552c7f4701ada91e31e916f992171b9418cb47d283a56e61f311581d66266cb
1999-09-24,0.30445217767323207,1,12/100,isotropic_constructed_macro_nats_full_precision_v3,0552c7f4701ada91e31e916f992171b9418cb47d283a56e61f311581d66266cb
1999-10-08,0.31495154446080437,1,12/100,isotropic_constructed_macro_nats_full_precision_v3,0552c7f4701ada91e31e916f992171b9418cb47d283a56e61f311581d66266cb
1999-10-22,0.31276817757147024,1,12/100,isotropic_constructed_macro_nats_full_precision_v3,0552c7f4701ada91e31e916f992171b9418cb47d283a56e61f311581d66266cb
1999-11-05,0.2994990199602929,1,12/100,isotropic_constructed_macro_nats_full_precision_v3,0552c7f4701ada91e31e916f992171b9418cb47d283a56e61f311581d66266cb
1999-11-19,0.32352044835863836,1,12/100,isotropic_constructed_macro_nats_full_precision_v3,0552c7f4701ada91e31e916f992171b9418cb47d283a56e61f311581d66266cb
1999-12-06,0.28785592492993994,1,12/100,isotropic_constructed_macro_nats_full_precision_v3,0552c7f4701ada91e31e916f992171b9418cb47d283a56e61f311581d66266cb
1999-12-20,0.20101542183229706,2,12/100,isotropic_constructed_macro_nats_full_precision_v3,0552c7f4701ada91e31e916f992171b9418cb47d283a56e61f311581d66266cb
2000-01-04,0.2146270933521227,1,12/100,isotropic_constructed_macro_nats_full_precision_v3,0552c7f4701ada91e31e916f992171b9418cb47d283a56e61f311581d66266cb
2000-01-19,0.234024692015286,1,12/100,isotropic_constructed_macro_nats_full_precision_v3,0552c7f4701ada91e31e916f992171b9418cb47d283a56e61f311581d66266cb
2000-02-02,0.26112499157140023,1,12/100,isotropic_constructed_macro_nats_full_precision_v3,0552c7f4701ada91e31e916f992171b9418cb47d283a56e61f311581d66266cb
2000-02-16,0.24884035279955544,1,12/100,isotropic_constructed_macro_nats_full_precision_v3,0552c7f4701ada91e31e916f992171b9418cb47d283a56e61f311581d66266cb
2000-03-02,0.22621411258327523,1,12/100,isotropic_constructed_macro_nats_full_precision_v3,0552c7f4701ada91e31e916f992171b9418cb47d283a56e61f311581d66266cb
2000-03-16,0.2280995329126146,1,12/100,isotropic_constructed_macro_nats_full_precision_v3,0552c7f4701ada91e31e916f992171b9418cb47d283a56e61f311581d66266cb
2000-03-30,0.2641943487112307,1,12/100,isotropic_constructed_macro_nats_full_precision_v3,0552c7f4701ada91e31e916f992171b9418cb47d283a56e61f311581d66266cb
2000-04-13,0.2606822815076093,2,12/100,isotropic_constructed_macro_nats_full_precision_v3,0552c7f4701ada91e31e916f992171b9418cb47d283a56e61f311581d66266cb
2000-04-28,0.28023746024862317,2,12/100,isotropic_constructed_macro_nats_full_precision_v3,0552c7f4701ada91e31e916f992171b9418cb47d283a56e61f311581d66266cb
2000-05-12,0.2825524413688698,2,12/100,isotropic_constructed_macro_nats_full_precision_v3,0552c7f4701ada91e31e916f992171b9418cb47d283a56e61f311581d66266cb
2000-05-26,0.27042914705737475,2,12/100,isotropic_constructed_macro_nats_full_precision_v3,0552c7f4701ada91e31e916f992171b9418cb47d283a56e61f311581d66266cb
2000-06-12,0.25034153821329574,2,12/100,isotropic_constructed_macro_nats_full_precision_v3,0552c7f4701ada91e31e916f992171b9418cb47d283a56e61f311581d66266cb
2000-06-26,0.25630504189364134,2,12/100,isotropic_constructed_macro_nats_full_precision_v3,0552c7f4701ada91e31e916f992171b9418cb47d283a56e61f311581d66266cb
2000-07-11,0.2588637791983565,2,12/100,isotropic_constructed_macro_nats_full_precision_v3,0552c7f4701ada91e31e916f992171b9418cb47d283a56e61f311581d66266cb
2000-07-25,0.26687967271859847,2,12/100,isotropic_constructed_macro_nats_full_precision_v3,0552c7f4701ada91e31e916f992171b9418cb47d283a56e61f311581d66266cb
2000-08-08,0.2565337404554062,2,12/100,isotropic_constructed_macro_nats_full_precision_v3,0552c7f4701ada91e31e916f992171b9418cb47d283a56e61f311581d66266cb
2000-08-22,0.2546313380031285,2,12/100,isotropic_constructed_macro_nats_full_precision_v3,0552c7f4701ada91e31e916f992171b9418cb47d283a56e61f311581d66266cb
2000-09-06,0.2364591501333619,2,12/100,isotropic_constructed_macro_nats_full_precision_v3,0552c7f4701ada91e31e916f992171b9418cb47d283a56e61f311581d66266cb
2000-09-20,0.22580826760168465,1,12/100,isotropic_constructed_macro_nats_full_precision_v3,0552c7f4701ada91e31e916f992171b9418cb47d283a56e61f311581d66266cb
2000-10-04,0.2257497358800048,1,12/100,isotropic_constructed_macro_nats_full_precision_v3,0552c7f4701ada91e31e916f992171b9418cb47d283a56e61f311581d66266cb
2000-10-18,0.23268988903622143,1,12/100,isotropic_constructed_macro_nats_full_precision_v3,0552c7f4701ada91e31e916f992171b9418cb47d283a56e61f311581d66266cb
2000-11-01,0.22862450856556368,2,12/100,isotropic_constructed_macro_nats_full_precision_v3,0552c7f4701ada91e31e916f992171b9418cb47d283a56e61f311581d66266cb
2000-11-15,0.21835985141434203,2,12/100,isotropic_constructed_macro_nats_full_precision_v3,0552c7f4701ada91e31e916f992171b9418cb47d283a56e61f311581d66266cb
2000-11-30,0.23127116746542092,2,12/100,isotropic_constructed_macro_nats_full_precision_v3,0552c7f4701ada91e31e916f992171b9418cb47d283a56e61f311581d66266cb
2000-12-14,0.2148107776607805,3,12/100,isotropic_constructed_macro_nats_full_precision_v3,0552c7f4701ada91e31e916f992171b9418cb47d283a56e61f311581d66266cb
2000-12-29,0.21509242055091693,3,12/100,isotropic_constructed_macro_nats_full_precision_v3,0552c7f4701ada91e31e916f992171b9418cb47d283a56e61f311581d66266cb
2001-01-16,0.19470051339047073,3,12/100,isotropic_constructed_macro_nats_full_precision_v3,0552c7f4701ada91e31e916f992171b9418cb47d283a56e61f311581d66266cb
2001-01-30,0.22768896661660484,1,12/100,isotropic_constructed_macro_nats_full_precision_v3,0552c7f4701ada91e31e916f992171b9418cb47d283a56e61f311581d66266cb
2001-02-13,0.22247393656023418,1,12/100,isotropic_constructed_macro_nats_full_precision_v3,0552c7f4701ada91e31e916f992171b9418cb47d283a56e61f311581d66266cb
2001-02-28,0.22979773231553713,1,12/100,isotropic_constructed_macro_nats_full_precision_v3,0552c7f4701ada91e31e916f992171b9418cb47d283a56e61f311581d66266cb
2001-03-14,0.2508111149529319,1,12/100,isotropic_constructed_macro_nats_full_precision_v3,0552c7f4701ada91e31e916f992171b9418cb47d283a56e61f311581d66266cb
2001-03-28,0.2862018567733311,1,12/100,isotropic_constructed_macro_nats_full_precision_v3,0552c7f4701ada91e31e916f992171b9418cb47d283a56e61f311581d66266cb
2001-04-11,0.2919812012748294,1,12/100,isotropic_constructed_macro_nats_full_precision_v3,0552c7f4701ada91e31e916f992171b9418cb47d283a56e61f311581d66266cb
2001-04-26,0.273897647835123,1,12/100,isotropic_constructed_macro_nats_full_precision_v3,0552c7f4701ada91e31e916f992171b9418cb47d283a56e61f311581d66266cb
2001-05-10,0.2949789398821042,1,12/100,isotropic_constructed_macro_nats_full_precision_v3,0552c7f4701ada91e31e916f992171b9418cb47d283a56e61f311581d66266cb
2001-05-24,0.3097234274121379,1,12/100,isotropic_constructed_macro_nats_full_precision_v3,0552c7f4701ada91e31e916f992171b9418cb47d283a56e61f311581d66266cb
2001-06-08,0.2970155903384808,1,12/100,isotropic_constructed_macro_nats_full_precision_v3,0552c7f4701ada91e31e916f992171b9418cb47d283a56e61f311581d66266cb
2001-06-22,0.28746102005377344,1,12/100,isotropic_constructed_macro_nats_full_precision_v3,0552c7f4701ada91e31e916f992171b9418cb47d283a56e61f311581d66266cb
2001-07-09,0.2943196387535391,1,12/100,isotropic_constructed_macro_nats_full_precision_v3,0552c7f4701ada91e31e916f992171b9418cb47d283a56e61f311581d66266cb
2001-07-23,0.26932417125768504,2,12/100,isotropic_constructed_macro_nats_full_precision_v3,0552c7f4701ada91e31e916f992171b9418cb47d283a56e61f311581d66266cb
2001-08-06,0.2544251890040138,2,12/100,isotropic_constructed_macro_nats_full_precision_v3,0552c7f4701ada91e31e916f992171b9418cb47d283a56e61f311581d66266cb
2001-08-20,0.24446457141698658,2,12/100,isotropic_constructed_macro_nats_full_precision_v3,0552c7f4701ada91e31e916f992171b9418cb47d283a56e61f311581d66266cb
2001-09-04,0.2426661307182799,1,12/100,isotropic_constructed_macro_nats_full_precision_v3,0552c7f4701ada91e31e916f992171b9418cb47d283a56e61f311581d66266cb
2001-09-24,0.3128147661432619,1,12/100,isotropic_constructed_macro_nats_full_precision_v3,0552c7f4701ada91e31e916f992171b9418cb47d283a56e61f311581d66266cb
2001-10-08,0.3244143478668081,1,12/100,isotropic_constructed_macro_nats_full_precision_v3,0552c7f4701ada91e31e916f992171b9418cb47d283a56e61f311581d66266cb
2001-10-22,0.33503519656987724,1,12/100,isotropic_constructed_macro_nats_full_precision_v3,0552c7f4701ada91e31e916f992171b9418cb47d283a56e61f311581d66266cb
2001-11-05,0.3143849855673175,1,12/100,isotropic_constructed_macro_nats_full_precision_v3,0552c7f4701ada91e31e916f992171b9418cb47d283a56e61f311581d66266cb
2001-11-19,0.29669792409893664,1,12/100,isotropic_constructed_macro_nats_full_precision_v3,0552c7f4701ada91e31e916f992171b9418cb47d283a56e61f311581d66266cb
2001-12-04,0.32510977427841714,1,12/100,isotropic_constructed_macro_nats_full_precision_v3,0552c7f4701ada91e31e916f992171b9418cb47d283a56e61f311581d66266cb
2001-12-18,0.32787990290148955,1,12/100,isotropic_constructed_macro_nats_full_precision_v3,0552c7f4701ada91e31e916f992171b9418cb47d283a56e61f311581d66266cb
2002-01-03,0.32792697838273965,1,12/100,isotropic_constructed_macro_nats_full_precision_v3,0552c7f4701ada91e31e916f992171b9418cb47d283a56e61f311581d66266cb
2002-01-17,0.3143256281929808,1,12/100,isotropic_constructed_macro_nats_full_precision_v3,0552c7f4701ada91e31e916f992171b9418cb47d283a56e61f311581d66266cb
2002-02-01,0.2837064786818068,1,12/100,isotropic_constructed_macro_nats_full_precision_v3,0552c7f4701ada91e31e916f992171b9418cb47d283a56e61f311581d66266cb
2002-02-15,0.28096431137686967,1,12/100,isotropic_constructed_macro_nats_full_precision_v3,0552c7f4701ada91e31e916f992171b9418cb47d283a56e61f311581d66266cb
2002-03-04,0.27449605891641154,1,12/100,isotropic_constructed_macro_nats_full_precision_v3,0552c7f4701ada91e31e916f992171b9418cb47d283a56e61f311581d66266cb
2002-03-18,0.30770136119153446,1,12/100,isotropic_constructed_macro_nats_full_precision_v3,0552c7f4701ada91e31e916f992171b9418cb47d283a56e61f311581d66266cb
2002-04-02,0.3470781235524211,1,12/100,isotropic_constructed_macro_nats_full_precision_v3,0552c7f4701ada91e31e916f992171b9418cb47d283a56e61f311581d66266cb
2002-04-16,0.35414756826511173,1,12/100,isotropic_constructed_macro_nats_full_precision_v3,0552c7f4701ada91e31e916f992171b9418cb47d283a56e61f311581d66266cb
2002-04-30,0.34573199923368814,1,12/100,isotropic_constructed_macro_nats_full_precision_v3,0552c7f4701ada91e31e916f992171b9418cb47d283a56e61f311581d66266cb
2002-05-14,0.3702611202874565,1,12/100,isotropic_constructed_macro_nats_full_precision_v3,0552c7f4701ada91e31e916f992171b9418cb47d283a56e61f311581d66266cb
2002-05-29,0.35483477249872597,1,12/100,isotropic_constructed_macro_nats_full_precision_v3,0552c7f4701ada91e31e916f992171b9418cb47d283a56e61f311581d66266cb
2002-06-12,0.3462878177895551,1,12/100,isotropic_constructed_macro_nats_full_precision_v3,0552c7f4701ada91e31e916f992171b9418cb47d283a56e61f311581d66266cb
2002-06-26,0.3240642483879832,1,12/100,isotropic_constructed_macro_nats_full_precision_v3,0552c7f4701ada91e31e916f992171b9418cb47d283a56e61f311581d66266cb
2002-07-11,0.3184145241805637,1,12/100,isotropic_constructed_macro_nats_full_precision_v3,0552c7f4701ada91e31e916f992171b9418cb47d283a56e61f311581d66266cb
2002-07-25,0.31279749917042443,1,12/100,isotropic_constructed_macro_nats_full_precision_v3,0552c7f4701ada91e31e916f992171b9418cb47d283a56e61f311581d66266cb
2002-08-08,0.3499038072092767,1,12/100,isotropic_constructed_macro_nats_full_precision_v3,0552c7f4701ada91e31e916f992171b9418cb47d283a56e61f311581d66266cb
2002-08-22,0.3386657236128031,1,12/100,isotropic_constructed_macro_nats_full_precision_v3,0552c7f4701ada91e31e916f992171b9418cb47d283a56e61f311581d66266cb
2002-09-06,0.33297570505318386,1,12/100,isotropic_constructed_macro_nats_full_precision_v3,0552c7f4701ada91e31e916f992171b9418cb47d283a56e61f311581d66266cb
2002-09-20,0.32742843540068395,1,12/100,isotropic_constructed_macro_nats_full_precision_v3,0552c7f4701ada91e31e916f992171b9418cb47d283a56e61f311581d66266cb
2002-10-04,0.31505344320229944,1,12/100,isotropic_constructed_macro_nats_full_precision_v3,0552c7f4701ada91e31e916f992171b9418cb47d283a56e61f311581d66266cb
2002-10-18,0.3008495104714344,1,12/100,isotropic_constructed_macro_nats_full_precision_v3,0552c7f4701ada91e31e916f992171b9418cb47d283a56e61f311581d66266cb
2002-11-01,0.28028178359345324,2,12/100,isotropic_constructed_macro_nats_full_precision_v3,0552c7f4701ada91e31e916f992171b9418cb47d283a56e61f311581d66266cb
2002-11-15,0.3484852514396385,1,12/100,isotropic_constructed_macro_nats_full_precision_v3,0552c7f4701ada91e31e916f992171b9418cb47d283a56e61f311581d66266cb
2002-12-02,0.33394534960111705,1,12/100,isotropic_constructed_macro_nats_full_precision_v3,0552c7f4701ada91e31e916f992171b9418cb47d283a56e61f311581d66266cb
2002-12-16,0.28853727460965406,1,12/100,isotropic_constructed_macro_nats_full_precision_v3,0552c7f4701ada91e31e916f992171b9418cb47d283a56e61f311581d66266cb
2002-12-31,0.25754408202358137,4,12/100,isotropic_constructed_macro_nats_full_precision_v3,0552c7f4701ada91e31e916f992171b9418cb47d283a56e61f311581d66266cb
2003-01-15,0.28972795076187613,2,12/100,isotropic_constructed_macro_nats_full_precision_v3,0552c7f4701ada91e31e916f992171b9418cb47d283a56e61f311581d66266cb
2003-01-30,0.29483648339871577,2,12/100,isotropic_constructed_macro_nats_full_precision_v3,0552c7f4701ada91e31e916f992171b9418cb47d283a56e61f311581d66266cb
2003-02-13,0.3009192979498201,3,12/100,isotropic_constructed_macro_nats_full_precision_v3,0552c7f4701ada91e31e916f992171b9418cb47d283a56e61f311581d66266cb
2003-02-28,0.30384827953669696,2,12/100,isotropic_constructed_macro_nats_full_precision_v3,0552c7f4701ada91e31e916f992171b9418cb47d283a56e61f311581d66266cb
2003-03-14,0.31999243921649995,2,12/100,isotropic_constructed_macro_nats_full_precision_v3,0552c7f4701ada91e31e916f992171b9418cb47d283a56e61f311581d66266cb
2003-03-28,0.2928206689728363,5,12/100,isotropic_constructed_macro_nats_full_precision_v3,0552c7f4701ada91e31e916f992171b9418cb47d283a56e61f311581d66266cb
2003-04-11,0.3400242755362794,1,12/100,isotropic_constructed_macro_nats_full_precision_v3,0552c7f4701ada91e31e916f992171b9418cb47d283a56e61f311581d66266cb
2003-04-28,0.29598623235738586,4,12/100,isotropic_constructed_macro_nats_full_precision_v3,0552c7f4701ada91e31e916f992171b9418cb47d283a56e61f311581d66266cb
2003-05-12,0.3519836207117748,1,12/100,isotropic_constructed_macro_nats_full_precision_v3,0552c7f4701ada91e31e916f992171b9418cb47d283a56e61f311581d66266cb
2003-05-27,0.30324534620236965,1,12/100,isotropic_constructed_macro_nats_full_precision_v3,0552c7f4701ada91e31e916f992171b9418cb47d283a56e61f311581d66266cb
2003-06-10,0.27655451283341803,5,12/100,isotropic_constructed_macro_nats_full_precision_v3,0552c7f4701ada91e31e916f992171b9418cb47d283a56e61f311581d66266cb
2003-06-24,0.34278550771032573,1,12/100,isotropic_constructed_macro_nats_full_precision_v3,0552c7f4701ada91e31e916f992171b9418cb47d283a56e61f311581d66266cb
2003-07-09,0.302595089054303,3,12/100,isotropic_constructed_macro_nats_full_precision_v3,0552c7f4701ada91e31e916f992171b9418cb47d283a56e61f311581d66266cb
2003-07-23,0.33025948840571123,1,12/100,isotropic_constructed_macro_nats_full_precision_v3,0552c7f4701ada91e31e916f992171b9418cb47d283a56e61f311581d66266cb
2003-08-06,0.3503932632896276,2,12/100,isotropic_constructed_macro_nats_full_precision_v3,0552c7f4701ada91e31e916f992171b9418cb47d283a56e61f311581d66266cb
2003-08-20,0.3012645099439224,2,12/100,isotropic_constructed_macro_nats_full_precision_v3,0552c7f4701ada91e31e916f992171b9418cb47d283a56e61f311581d66266cb
2003-09-04,0.3214951705988245,2,12/100,isotropic_constructed_macro_nats_full_precision_v3,0552c7f4701ada91e31e916f992171b9418cb47d283a56e61f311581d66266cb
2003-09-18,0.3408281751514738,2,12/100,isotropic_constructed_macro_nats_full_precision_v3,0552c7f4701ada91e31e916f992171b9418cb47d283a56e61f311581d66266cb
2003-10-02,0.3600412178446929,1,12/100,isotropic_constructed_macro_nats_full_precision_v3,0552c7f4701ada91e31e916f992171b9418cb47d283a56e61f311581d66266cb
2003-10-16,0.35807801531891037,1,12/100,isotropic_constructed_macro_nats_full_precision_v3,0552c7f4701ada91e31e916f992171b9418cb47d283a56e61f311581d66266cb
2003-10-30,0.3625488199358663,1,12/100,isotropic_constructed_macro_nats_full_precision_v3,0552c7f4701ada91e31e916f992171b9418cb47d283a56e61f311581d66266cb
2003-11-13,0.35925982958253266,1,12/100,isotropic_constructed_macro_nats_full_precision_v3,0552c7f4701ada91e31e916f992171b9418cb47d283a56e61f311581d66266cb
2003-11-28,0.3654045810610813,1,12/100,isotropic_constructed_macro_nats_full_precision_v3,0552c7f4701ada91e31e916f992171b9418cb47d283a56e61f311581d66266cb
2003-12-12,0.3372026872438604,1,12/100,isotropic_constructed_macro_nats_full_precision_v3,0552c7f4701ada91e31e916f992171b9418cb47d283a56e61f311581d66266cb
2003-12-29,0.37341752467978345,1,12/100,isotropic_constructed_macro_nats_full_precision_v3,0552c7f4701ada91e31e916f992171b9418cb47d283a56e61f311581d66266cb
2004-01-13,0.346635043411202,1,12/100,isotropic_constructed_macro_nats_full_precision_v3,0552c7f4701ada91e31e916f992171b9418cb47d283a56e61f311581d66266cb
2004-01-28,0.3496459539577192,1,12/100,isotropic_constructed_macro_nats_full_precision_v3,0552c7f4701ada91e31e916f992171b9418cb47d283a56e61f311581d66266cb
2004-02-11,0.3588650329968459,1,12/100,isotropic_constructed_macro_nats_full_precision_v3,0552c7f4701ada91e31e916f992171b9418cb47d283a56e61f311581d66266cb
2004-02-26,0.3371365247327828,1,12/100,isotropic_constructed_macro_nats_full_precision_v3,0552c7f4701ada91e31e916f992171b9418cb47d283a56e61f311581d66266cb
2004-03-11,0.3525195361595661,4,12/100,isotropic_constructed_macro_nats_full_precision_v3,0552c7f4701ada91e31e916f992171b9418cb47d283a56e61f311581d66266cb
2004-03-25,0.3651895869084633,2,12/100,isotropic_constructed_macro_nats_full_precision_v3,0552c7f4701ada91e31e916f992171b9418cb47d283a56e61f311581d66266cb
2004-04-08,0.3575394282366252,2,12/100,isotropic_constructed_macro_nats_full_precision_v3,0552c7f4701ada91e31e916f992171b9418cb47d283a56e61f311581d66266cb
2004-04-23,0.41438920987561145,2,12/100,isotropic_constructed_macro_nats_full_precision_v3,0552c7f4701ada91e31e916f992171b9418cb47d283a56e61f311581d66266cb
2004-05-07,0.3961290071461686,2,12/100,isotropic_constructed_macro_nats_full_precision_v3,0552c7f4701ada91e31e916f992171b9418cb47d283a56e61f311581d66266cb
2004-05-21,0.40111585611540235,1,12/100,isotropic_constructed_macro_nats_full_precision_v3,0552c7f4701ada91e31e916f992171b9418cb47d283a56e61f311581d66266cb
2004-06-07,0.42465666513924005,2,12/100,isotropic_constructed_macro_nats_full_precision_v3,0552c7f4701ada91e31e916f992171b9418cb47d283a56e61f311581d66266cb
2004-06-22,0.4086991603808908,2,12/100,isotropic_constructed_macro_nats_full_precision_v3,0552c7f4701ada91e31e916f992171b9418cb47d283a56e61f311581d66266cb
2004-07-07,0.4122966832816322,1,12/100,isotropic_constructed_macro_nats_full_precision_v3,0552c7f4701ada91e31e916f992171b9418cb47d283a56e61f311581d66266cb
2004-07-21,0.33421519051621995,3,12/100,isotropic_constructed_macro_nats_full_precision_v3,0552c7f4701ada91e31e916f992171b9418cb47d283a56e61f311581d66266cb
2004-08-04,0.37790050181241264,2,12/100,isotropic_constructed_macro_nats_full_precision_v3,0552c7f4701ada91e31e916f992171b9418cb47d283a56e61f311581d66266cb
2004-08-18,0.36359658852028187,1,12/100,isotropic_constructed_macro_nats_full_precision_v3,0552c7f4701ada91e31e916f992171b9418cb47d283a56e61f311581d66266cb
2004-09-01,0.41656894062865585,1,12/100,isotropic_constructed_macro_nats_full_precision_v3,0552c7f4701ada91e31e916f992171b9418cb47d283a56e61f311581d66266cb
2004-09-16,0.40265997726873803,1,12/100,isotropic_constructed_macro_nats_full_precision_v3,0552c7f4701ada91e31e916f992171b9418cb47d283a56e61f311581d66266cb
2004-09-30,0.3189114311337201,1,12/100,isotropic_constructed_macro_nats_full_precision_v3,0552c7f4701ada91e31e916f992171b9418cb47d283a56e61f311581d66266cb
2004-10-14,0.38364086116477514,1,12/100,isotropic_constructed_macro_nats_full_precision_v3,0552c7f4701ada91e31e916f992171b9418cb47d283a56e61f311581d66266cb
2004-10-28,0.30374427420676464,1,12/100,isotropic_constructed_macro_nats_full_precision_v3,0552c7f4701ada91e31e916f992171b9418cb47d283a56e61f311581d66266cb
2004-11-11,0.3156809738539474,1,12/100,isotropic_constructed_macro_nats_full_precision_v3,0552c7f4701ada91e31e916f992171b9418cb47d283a56e61f311581d66266cb
2004-11-26,0.25729260811690274,1,12/100,isotropic_constructed_macro_nats_full_precision_v3,0552c7f4701ada91e31e916f992171b9418cb47d283a56e61f311581d66266cb
2004-12-10,0.244353175152839,1,12/100,isotropic_constructed_macro_nats_full_precision_v3,0552c7f4701ada91e31e916f992171b9418cb47d283a56e61f311581d66266cb
2004-12-27,0.2423633295233647,2,12/100,isotropic_constructed_macro_nats_full_precision_v3,0552c7f4701ada91e31e916f992171b9418cb47d283a56e61f311581d66266cb
2005-01-10,0.24410273705372182,2,12/100,isotropic_constructed_macro_nats_full_precision_v3,0552c7f4701ada91e31e916f992171b9418cb47d283a56e61f311581d66266cb
2005-01-25,0.22654882957010367,1,12/100,isotropic_constructed_macro_nats_full_precision_v3,0552c7f4701ada91e31e916f992171b9418cb47d283a56e61f311581d66266cb
2005-02-08,0.28234283280974337,1,12/100,isotropic_constructed_macro_nats_full_precision_v3,0552c7f4701ada91e31e916f992171b9418cb47d283a56e61f311581d66266cb
2005-02-23,0.25036821425891664,1,12/100,isotropic_constructed_macro_nats_full_precision_v3,0552c7f4701ada91e31e916f992171b9418cb47d283a56e61f311581d66266cb
2005-03-09,0.2555340016312302,1,12/100,isotropic_constructed_macro_nats_full_precision_v3,0552c7f4701ada91e31e916f992171b9418cb47d283a56e61f311581d66266cb
2005-03-23,0.2730005109116366,1,12/100,isotropic_constructed_macro_nats_full_precision_v3,0552c7f4701ada91e31e916f992171b9418cb47d283a56e61f311581d66266cb
2005-04-07,0.33182798443414935,1,12/100,isotropic_constructed_macro_nats_full_precision_v3,0552c7f4701ada91e31e916f992171b9418cb47d283a56e61f311581d66266cb
2005-04-21,0.3137610480095236,1,12/100,isotropic_constructed_macro_nats_full_precision_v3,0552c7f4701ada91e31e916f992171b9418cb47d283a56e61f311581d66266cb
2005-05-05,0.26615999290353975,1,12/100,isotropic_constructed_macro_nats_full_precision_v3,0552c7f4701ada91e31e916f992171b9418cb47d283a56e61f311581d66266cb
2005-05-19,0.23661927347615275,3,12/100,isotropic_constructed_macro_nats_full_precision_v3,0552c7f4701ada91e31e916f992171b9418cb47d283a56e61f311581d66266cb
2005-06-03,0.241107233624999,2,12/100,isotropic_constructed_macro_nats_full_precision_v3,0552c7f4701ada91e31e916f992171b9418cb47d283a56e61f311581d66266cb
2005-06-17,0.24860137112139366,1,12/100,isotropic_constructed_macro_nats_full_precision_v3,0552c7f4701ada91e31e916f992171b9418cb47d283a56e61f311581d66266cb
2005-07-01,0.21313691712913707,2,12/100,isotropic_constructed_macro_nats_full_precision_v3,0552c7f4701ada91e31e916f992171b9418cb47d283a56e61f311581d66266cb
2005-07-18,0.20741833219133862,3,12/100,isotropic_constructed_macro_nats_full_precision_v3,0552c7f4701ada91e31e916f992171b9418cb47d283a56e61f311581d66266cb
2005-08-01,0.2594398969094758,1,12/100,isotropic_constructed_macro_nats_full_precision_v3,0552c7f4701ada91e31e916f992171b9418cb47d283a56e61f311581d66266cb
2005-08-15,0.29645605829049493,1,12/100,isotropic_constructed_macro_nats_full_precision_v3,0552c7f4701ada91e31e916f992171b9418cb47d283a56e61f311581d66266cb
2005-08-29,0.24928176397528967,1,12/100,isotropic_constructed_macro_nats_full_precision_v3,0552c7f4701ada91e31e916f992171b9418cb47d283a56e61f311581d66266cb
2005-09-13,0.2834508823822692,1,12/100,isotropic_constructed_macro_nats_full_precision_v3,0552c7f4701ada91e31e916f992171b9418cb47d283a56e61f311581d66266cb
2005-09-27,0.28447770766168545,1,12/100,isotropic_constructed_macro_nats_full_precision_v3,0552c7f4701ada91e31e916f992171b9418cb47d283a56e61f311581d66266cb
2005-10-11,0.24267116370804742,1,12/100,isotropic_constructed_macro_nats_full_precision_v3,0552c7f4701ada91e31e916f992171b9418cb47d283a56e61f311581d66266cb
2005-10-25,0.2782165643159314,1,12/100,isotropic_constructed_macro_nats_full_precision_v3,0552c7f4701ada91e31e916f992171b9418cb47d283a56e61f311581d66266cb
2005-11-08,0.27468086202815784,1,12/100,isotropic_constructed_macro_nats_full_precision_v3,0552c7f4701ada91e31e916f992171b9418cb47d283a56e61f311581d66266cb
2005-11-22,0.3068018940444972,1,12/100,isotropic_constructed_macro_nats_full_precision_v3,0552c7f4701ada91e31e916f992171b9418cb47d283a56e61f311581d66266cb
2005-12-07,0.3057480995785435,1,12/100,isotropic_constructed_macro_nats_full_precision_v3,0552c7f4701ada91e31e916f992171b9418cb47d283a56e61f311581d66266cb
2005-12-21,0.2926090027402499,1,12/100,isotropic_constructed_macro_nats_full_precision_v3,0552c7f4701ada91e31e916f992171b9418cb47d283a56e61f311581d66266cb
2006-01-06,0.27405608387645164,2,12/100,isotropic_constructed_macro_nats_full_precision_v3,0552c7f4701ada91e31e916f992171b9418cb47d283a56e61f311581d66266cb
2006-01-23,0.2979683818508875,1,12/100,isotropic_constructed_macro_nats_full_precision_v3,0552c7f4701ada91e31e916f992171b9418cb47d283a56e61f311581d66266cb
2006-02-06,0.2657262985104522,2,12/100,isotropic_constructed_macro_nats_full_precision_v3,0552c7f4701ada91e31e916f992171b9418cb47d283a56e61f311581d66266cb
2006-02-21,0.3132800691110853,1,12/100,isotropic_constructed_macro_nats_full_precision_v3,0552c7f4701ada91e31e916f992171b9418cb47d283a56e61f311581d66266cb
2006-03-07,0.2673637808958458,1,12/100,isotropic_constructed_macro_nats_full_precision_v3,0552c7f4701ada91e31e916f992171b9418cb47d283a56e61f311581d66266cb
2006-03-21,0.2382304428223042,1,12/100,isotropic_constructed_macro_nats_full_precision_v3,0552c7f4701ada91e31e916f992171b9418cb47d283a56e61f311581d66266cb
2006-04-04,0.260006425165053,1,12/100,isotropic_constructed_macro_nats_full_precision_v3,0552c7f4701ada91e31e916f992171b9418cb47d283a56e61f311581d66266cb
2006-04-19,0.2834033301748508,1,12/100,isotropic_constructed_macro_nats_full_precision_v3,0552c7f4701ada91e31e916f992171b9418cb47d283a56e61f311581d66266cb
2006-05-03,0.2617915075709911,1,12/100,isotropic_constructed_macro_nats_full_precision_v3,0552c7f4701ada91e31e916f992171b9418cb47d283a56e61f311581d66266cb
2006-05-17,0.2660843664322379,1,12/100,isotropic_constructed_macro_nats_full_precision_v3,0552c7f4701ada91e31e916f992171b9418cb47d283a56e61f311581d66266cb
2006-06-01,0.23567118100833198,3,12/100,isotropic_constructed_macro_nats_full_precision_v3,0552c7f4701ada91e31e916f992171b9418cb47d283a56e61f311581d66266cb
2006-06-15,0.24115559850799034,2,12/100,isotropic_constructed_macro_nats_full_precision_v3,0552c7f4701ada91e31e916f992171b9418cb47d283a56e61f311581d66266cb
2006-06-29,0.23843487194421595,2,12/100,isotropic_constructed_macro_nats_full_precision_v3,0552c7f4701ada91e31e916f992171b9418cb47d283a56e61f311581d66266cb
2006-07-14,0.23579361538892854,1,12/100,isotropic_constructed_macro_nats_full_precision_v3,0552c7f4701ada91e31e916f992171b9418cb47d283a56e61f311581d66266cb
2006-07-28,0.24219126525103066,1,12/100,isotropic_constructed_macro_nats_full_precision_v3,0552c7f4701ada91e31e916f992171b9418cb47d283a56e61f311581d66266cb
2006-08-11,0.23918659084536364,1,12/100,isotropic_constructed_macro_nats_full_precision_v3,0552c7f4701ada91e31e916f992171b9418cb47d283a56e61f311581d66266cb
2006-08-25,0.23358636924759552,2,12/100,isotropic_constructed_macro_nats_full_precision_v3,0552c7f4701ada91e31e916f992171b9418cb47d283a56e61f311581d66266cb
2006-09-11,0.22108756000860658,1,12/100,isotropic_constructed_macro_nats_full_precision_v3,0552c7f4701ada91e31e916f992171b9418cb47d283a56e61f311581d66266cb
2006-09-25,0.2291536538568173,4,12/100,isotropic_constructed_macro_nats_full_precision_v3,0552c7f4701ada91e31e916f992171b9418cb47d283a56e61f311581d66266cb
2006-10-09,0.23534482070015825,2,12/100,isotropic_constructed_macro_nats_full_precision_v3,0552c7f4701ada91e31e916f992171b9418cb47d283a56e61f311581d66266cb
2006-10-23,0.23992330872466894,2,12/100,isotropic_constructed_macro_nats_full_precision_v3,0552c7f4701ada91e31e916f992171b9418cb47d283a56e61f311581d66266cb
2006-11-06,0.251224617579017,2,12/100,isotropic_constructed_macro_nats_full_precision_v3,0552c7f4701ada91e31e916f992171b9418cb47d283a56e61f311581d66266cb
2006-11-20,0.22700334927129004,1,12/100,isotropic_constructed_macro_nats_full_precision_v3,0552c7f4701ada91e31e916f992171b9418cb47d283a56e61f311581d66266cb
2006-12-05,0.25054003530135605,2,12/100,isotropic_constructed_macro_nats_full_precision_v3,0552c7f4701ada91e31e916f992171b9418cb47d283a56e61f311581d66266cb
2006-12-19,0.23174381270857286,2,12/100,isotropic_constructed_macro_nats_full_precision_v3,0552c7f4701ada91e31e916f992171b9418cb47d283a56e61f311581d66266cb
2007-01-05,0.2795874586542108,3,12/100,isotropic_constructed_macro_nats_full_precision_v3,0552c7f4701ada91e31e916f992171b9418cb47d283a56e61f311581d66266cb
2007-01-22,0.22163277389880204,1,12/100,isotropic_constructed_macro_nats_full_precision_v3,0552c7f4701ada91e31e916f992171b9418cb47d283a56e61f311581d66266cb
2007-02-05,0.21995871208410128,4,12/100,isotropic_constructed_macro_nats_full_precision_v3,0552c7f4701ada91e31e916f992171b9418cb47d283a56e61f311581d66266cb
2007-02-20,0.24691312503653748,2,12/100,isotropic_constructed_macro_nats_full_precision_v3,0552c7f4701ada91e31e916f992171b9418cb47d283a56e61f311581d66266cb
2007-03-06,0.25028213763848284,2,12/100,isotropic_constructed_macro_nats_full_precision_v3,0552c7f4701ada91e31e916f992171b9418cb47d283a56e61f311581d66266cb
2007-03-20,0.26333820408504405,2,12/100,isotropic_constructed_macro_nats_full_precision_v3,0552c7f4701ada91e31e916f992171b9418cb47d283a56e61f311581d66266cb
2007-04-03,0.2428384885892639,2,12/100,isotropic_constructed_macro_nats_full_precision_v3,0552c7f4701ada91e31e916f992171b9418cb47d283a56e61f311581d66266cb
2007-04-18,0.21411968455244024,5,12/100,isotropic_constructed_macro_nats_full_precision_v3,0552c7f4701ada91e31e916f992171b9418cb47d283a56e61f311581d66266cb
2007-05-02,0.24599540727622576,2,12/100,isotropic_constructed_macro_nats_full_precision_v3,0552c7f4701ada91e31e916f992171b9418cb47d283a56e61f311581d66266cb
2007-05-16,0.2414128056204636,2,12/100,isotropic_constructed_macro_nats_full_precision_v3,0552c7f4701ada91e31e916f992171b9418cb47d283a56e61f311581d66266cb
2007-05-31,0.246041896090118,3,12/100,isotropic_constructed_macro_nats_full_precision_v3,0552c7f4701ada91e31e916f992171b9418cb47d283a56e61f311581d66266cb
2007-06-14,0.2754581990177035,3,12/100,isotropic_constructed_macro_nats_full_precision_v3,0552c7f4701ada91e31e916f992171b9418cb47d283a56e61f311581d66266cb
2007-06-28,0.2683337273253509,1,12/100,isotropic_constructed_macro_nats_full_precision_v3,0552c7f4701ada91e31e916f992171b9418cb47d283a56e61f311581d66266cb
2007-07-13,0.2684142603134605,1,12/100,isotropic_constructed_macro_nats_full_precision_v3,0552c7f4701ada91e31e916f992171b9418cb47d283a56e61f311581d66266cb
2007-07-27,0.28177824643571103,1,12/100,isotropic_constructed_macro_nats_full_precision_v3,0552c7f4701ada91e31e916f992171b9418cb47d283a56e61f311581d66266cb
2007-08-10,0.3603734251848253,1,12/100,isotropic_constructed_macro_nats_full_precision_v3,0552c7f4701ada91e31e916f992171b9418cb47d283a56e61f311581d66266cb
2007-08-24,0.344530796906381,1,12/100,isotropic_constructed_macro_nats_full_precision_v3,0552c7f4701ada91e31e916f992171b9418cb47d283a56e61f311581d66266cb
2007-09-10,0.335559074586375,3,12/100,isotropic_constructed_macro_nats_full_precision_v3,0552c7f4701ada91e31e916f992171b9418cb47d283a56e61f311581d66266cb
2007-09-24,0.32866612386795835,1,12/100,isotropic_constructed_macro_nats_full_precision_v3,0552c7f4701ada91e31e916f992171b9418cb47d283a56e61f311581d66266cb
2007-10-08,0.32215334108216725,1,12/100,isotropic_constructed_macro_nats_full_precision_v3,0552c7f4701ada91e31e916f992171b9418cb47d283a56e61f311581d66266cb
2007-10-22,0.32083532951703,1,12/100,isotropic_constructed_macro_nats_full_precision_v3,0552c7f4701ada91e31e916f992171b9418cb47d283a56e61f311581d66266cb
2007-11-05,0.3172915169777548,1,12/100,isotropic_constructed_macro_nats_full_precision_v3,0552c7f4701ada91e31e916f992171b9418cb47d283a56e61f311581d66266cb
2007-11-19,0.3213902160765105,3,12/100,isotropic_constructed_macro_nats_full_precision_v3,0552c7f4701ada91e31e916f992171b9418cb47d283a56e61f311581d66266cb
2007-12-04,0.28962413915354823,1,12/100,isotropic_constructed_macro_nats_full_precision_v3,0552c7f4701ada91e31e916f992171b9418cb47d283a56e61f311581d66266cb
2007-12-18,0.300472863874969,1,12/100,isotropic_constructed_macro_nats_full_precision_v3,0552c7f4701ada91e31e916f992171b9418cb47d283a56e61f311581d66266cb
2008-01-03,0.3152349657596598,1,12/100,isotropic_constructed_macro_nats_full_precision_v3,0552c7f4701ada91e31e916f992171b9418cb47d283a56e61f311581d66266cb
2008-01-17,0.30442133120743636,2,12/100,isotropic_constructed_macro_nats_full_precision_v3,0552c7f4701ada91e31e916f992171b9418cb47d283a56e61f311581d66266cb
2008-02-01,0.4237324787522899,1,12/100,isotropic_constructed_macro_nats_full_precision_v3,0552c7f4701ada91e31e916f992171b9418cb47d283a56e61f311581d66266cb
2008-02-15,0.2838597601904598,1,12/100,isotropic_constructed_macro_nats_full_precision_v3,0552c7f4701ada91e31e916f992171b9418cb47d283a56e61f311581d66266cb
2008-03-03,0.31371029577053805,3,12/100,isotropic_constructed_macro_nats_full_precision_v3,0552c7f4701ada91e31e916f992171b9418cb47d283a56e61f311581d66266cb
2008-03-17,0.38581632695081364,1,12/100,isotropic_constructed_macro_nats_full_precision_v3,0552c7f4701ada91e31e916f992171b9418cb47d283a56e61f311581d66266cb
2008-04-01,0.3173212894372684,2,12/100,isotropic_constructed_macro_nats_full_precision_v3,0552c7f4701ada91e31e916f992171b9418cb47d283a56e61f311581d66266cb
2008-04-15,0.3532387564751018,1,12/100,isotropic_constructed_macro_nats_full_precision_v3,0552c7f4701ada91e31e916f992171b9418cb47d283a56e61f311581d66266cb
2008-04-29,0.3699990236289394,1,12/100,isotropic_constructed_macro_nats_full_precision_v3,0552c7f4701ada91e31e916f992171b9418cb47d283a56e61f311581d66266cb
2008-05-13,0.36105239196008876,1,12/100,isotropic_constructed_macro_nats_full_precision_v3,0552c7f4701ada91e31e916f992171b9418cb47d283a56e61f311581d66266cb
2008-05-28,0.37219383141974355,1,12/100,isotropic_constructed_macro_nats_full_precision_v3,0552c7f4701ada91e31e916f992171b9418cb47d283a56e61f311581d66266cb
2008-06-11,0.38307334931245296,1,12/100,isotropic_constructed_macro_nats_full_precision_v3,0552c7f4701ada91e31e916f992171b9418cb47d283a56e61f311581d66266cb
2008-06-25,0.3510282164030893,4,12/100,isotropic_constructed_macro_nats_full_precision_v3,0552c7f4701ada91e31e916f992171b9418cb47d283a56e61f311581d66266cb
2008-07-10,0.3309955561077984,1,12/100,isotropic_constructed_macro_nats_full_precision_v3,0552c7f4701ada91e31e916f992171b9418cb47d283a56e61f311581d66266cb
2008-07-24,0.3856131473396873,1,12/100,isotropic_constructed_macro_nats_full_precision_v3,0552c7f4701ada91e31e916f992171b9418cb47d283a56e61f311581d66266cb
2008-08-07,0.3990834200847764,1,12/100,isotropic_constructed_macro_nats_full_precision_v3,0552c7f4701ada91e31e916f992171b9418cb47d283a56e61f311581d66266cb
2008-08-21,0.3762552046860367,1,12/100,isotropic_constructed_macro_nats_full_precision_v3,0552c7f4701ada91e31e916f992171b9418cb47d283a56e61f311581d66266cb
2008-09-05,0.5072824477744924,1,12/100,isotropic_constructed_macro_nats_full_precision_v3,0552c7f4701ada91e31e916f992171b9418cb47d283a56e61f311581d66266cb
2008-09-19,0.49829421611234287,1,12/100,isotropic_constructed_macro_nats_full_precision_v3,0552c7f4701ada91e31e916f992171b9418cb47d283a56e61f311581d66266cb
2008-10-03,0.44000688593235276,1,12/100,isotropic_constructed_macro_nats_full_precision_v3,0552c7f4701ada91e31e916f992171b9418cb47d283a56e61f311581d66266cb
2008-10-17,0.4757211554872659,3,12/100,isotropic_constructed_macro_nats_full_precision_v3,0552c7f4701ada91e31e916f992171b9418cb47d283a56e61f311581d66266cb
2008-10-31,0.45702634681283205,3,12/100,isotropic_constructed_macro_nats_full_precision_v3,0552c7f4701ada91e31e916f992171b9418cb47d283a56e61f311581d66266cb
2008-11-14,0.5011491971948066,2,12/100,isotropic_constructed_macro_nats_full_precision_v3,0552c7f4701ada91e31e916f992171b9418cb47d283a56e61f311581d66266cb
2008-12-01,0.5606029307321755,3,12/100,isotropic_constructed_macro_nats_full_precision_v3,0552c7f4701ada91e31e916f992171b9418cb47d283a56e61f311581d66266cb
2008-12-15,0.5835515067299348,2,12/100,isotropic_constructed_macro_nats_full_precision_v3,0552c7f4701ada91e31e916f992171b9418cb47d283a56e61f311581d66266cb
2008-12-30,0.6164983238450095,2,12/100,isotropic_constructed_macro_nats_full_precision_v3,0552c7f4701ada91e31e916f992171b9418cb47d283a56e61f311581d66266cb
2009-01-14,0.6227306234814723,2,12/100,isotropic_constructed_macro_nats_full_precision_v3,0552c7f4701ada91e31e916f992171b9418cb47d283a56e61f311581d66266cb
2009-01-29,0.598912602432144,2,12/100,isotropic_constructed_macro_nats_full_precision_v3,0552c7f4701ada91e31e916f992171b9418cb47d283a56e61f311581d66266cb
2009-02-12,0.5336839949981375,2,12/100,isotropic_constructed_macro_nats_full_precision_v3,0552c7f4701ada91e31e916f992171b9418cb47d283a56e61f311581d66266cb
2009-02-27,0.559844549461145,2,12/100,isotropic_constructed_macro_nats_full_precision_v3,0552c7f4701ada91e31e916f992171b9418cb47d283a56e61f311581d66266cb
2009-03-13,0.5390998164943622,2,12/100,isotropic_constructed_macro_nats_full_precision_v3,0552c7f4701ada91e31e916f992171b9418cb47d283a56e61f311581d66266cb
2009-03-27,0.5124563568247642,2,12/100,isotropic_constructed_macro_nats_full_precision_v3,0552c7f4701ada91e31e916f992171b9418cb47d283a56e61f311581d66266cb
2009-04-13,0.5490540429373612,2,12/100,isotropic_constructed_macro_nats_full_precision_v3,0552c7f4701ada91e31e916f992171b9418cb47d283a56e61f311581d66266cb
2009-04-27,0.5342662842894705,2,12/100,isotropic_constructed_macro_nats_full_precision_v3,0552c7f4701ada91e31e916f992171b9418cb47d283a56e61f311581d66266cb
2009-05-11,0.520528698310736,1,12/100,isotropic_constructed_macro_nats_full_precision_v3,0552c7f4701ada91e31e916f992171b9418cb47d283a56e61f311581d66266cb
2009-05-26,0.5403961352027191,2,12/100,isotropic_constructed_macro_nats_full_precision_v3,0552c7f4701ada91e31e916f992171b9418cb47d283a56e61f311581d66266cb
2009-06-09,0.5278638069517132,2,12/100,isotropic_constructed_macro_nats_full_precision_v3,0552c7f4701ada91e31e916f992171b9418cb47d283a56e61f311581d66266cb
2009-06-23,0.5116673137949985,2,12/100,isotropic_constructed_macro_nats_full_precision_v3,0552c7f4701ada91e31e916f992171b9418cb47d283a56e61f311581d66266cb
2009-07-08,0.498541506850497,3,12/100,isotropic_constructed_macro_nats_full_precision_v3,0552c7f4701ada91e31e916f992171b9418cb47d283a56e61f311581d66266cb
2009-07-22,0.5200397975587032,3,12/100,isotropic_constructed_macro_nats_full_precision_v3,0552c7f4701ada91e31e916f992171b9418cb47d283a56e61f311581d66266cb
2009-08-05,0.5237586495869235,3,12/100,isotropic_constructed_macro_nats_full_precision_v3,0552c7f4701ada91e31e916f992171b9418cb47d283a56e61f311581d66266cb
2009-08-19,0.5052680291090605,2,12/100,isotropic_constructed_macro_nats_full_precision_v3,0552c7f4701ada91e31e916f992171b9418cb47d283a56e61f311581d66266cb
2009-09-02,0.5178315425962119,3,12/100,isotropic_constructed_macro_nats_full_precision_v3,0552c7f4701ada91e31e916f992171b9418cb47d283a56e61f311581d66266cb
2009-09-17,0.5027628130022417,2,12/100,isotropic_constructed_macro_nats_full_precision_v3,0552c7f4701ada91e31e916f992171b9418cb47d283a56e61f311581d66266cb
2009-10-01,0.4977149460081641,2,12/100,isotropic_constructed_macro_nats_full_precision_v3,0552c7f4701ada91e31e916f992171b9418cb47d283a56e61f311581d66266cb
2009-10-15,0.4971335033285166,3,12/100,isotropic_constructed_macro_nats_full_precision_v3,0552c7f4701ada91e31e916f992171b9418cb47d283a56e61f311581d66266cb
2009-10-29,0.5056488343747088,3,12/100,isotropic_constructed_macro_nats_full_precision_v3,0552c7f4701ada91e31e916f992171b9418cb47d283a56e61f311581d66266cb
2009-11-12,0.5315323554834057,1,12/100,isotropic_constructed_macro_nats_full_precision_v3,0552c7f4701ada91e31e916f992171b9418cb47d283a56e61f311581d66266cb
2009-11-27,0.5306705968529581,2,12/100,isotropic_constructed_macro_nats_full_precision_v3,0552c7f4701ada91e31e916f992171b9418cb47d283a56e61f311581d66266cb
2009-12-11,0.5337083879894702,3,12/100,isotropic_constructed_macro_nats_full_precision_v3,0552c7f4701ada91e31e916f992171b9418cb47d283a56e61f311581d66266cb
2009-12-28,0.5360205998587773,3,12/100,isotropic_constructed_macro_nats_full_precision_v3,0552c7f4701ada91e31e916f992171b9418cb47d283a56e61f311581d66266cb
2010-01-12,0.5449086275120127,3,12/100,isotropic_constructed_macro_nats_full_precision_v3,0552c7f4701ada91e31e916f992171b9418cb47d283a56e61f311581d66266cb
2010-01-27,0.5212431664888346,1,12/100,isotropic_constructed_macro_nats_full_precision_v3,0552c7f4701ada91e31e916f992171b9418cb47d283a56e61f311581d66266cb
2010-02-10,0.5105387153492777,4,12/100,isotropic_constructed_macro_nats_full_precision_v3,0552c7f4701ada91e31e916f992171b9418cb47d283a56e61f311581d66266cb
2010-02-25,0.5105330004765398,2,12/100,isotropic_constructed_macro_nats_full_precision_v3,0552c7f4701ada91e31e916f992171b9418cb47d283a56e61f311581d66266cb
2010-03-11,0.534294848980982,3,12/100,isotropic_constructed_macro_nats_full_precision_v3,0552c7f4701ada91e31e916f992171b9418cb47d283a56e61f311581d66266cb
2010-03-25,0.5162727459230627,4,12/100,isotropic_constructed_macro_nats_full_precision_v3,0552c7f4701ada91e31e916f992171b9418cb47d283a56e61f311581d66266cb
2010-04-09,0.505265604090291,4,12/100,isotropic_constructed_macro_nats_full_precision_v3,0552c7f4701ada91e31e916f992171b9418cb47d283a56e61f311581d66266cb
2010-04-23,0.5213751317534591,4,12/100,isotropic_constructed_macro_nats_full_precision_v3,0552c7f4701ada91e31e916f992171b9418cb47d283a56e61f311581d66266cb
2010-05-07,0.5160245768189895,3,12/100,isotropic_constructed_macro_nats_full_precision_v3,0552c7f4701ada91e31e916f992171b9418cb47d283a56e61f311581d66266cb
2010-05-21,0.531950336250199,3,12/100,isotropic_constructed_macro_nats_full_precision_v3,0552c7f4701ada91e31e916f992171b9418cb47d283a56e61f311581d66266cb
2010-06-07,0.5140907628902105,2,12/100,isotropic_constructed_macro_nats_full_precision_v3,0552c7f4701ada91e31e916f992171b9418cb47d283a56e61f311581d66266cb
2010-06-21,0.4969650476250049,4,12/100,isotropic_constructed_macro_nats_full_precision_v3,0552c7f4701ada91e31e916f992171b9418cb47d283a56e61f311581d66266cb
2010-07-06,0.48943062962360145,5,12/100,isotropic_constructed_macro_nats_full_precision_v3,0552c7f4701ada91e31e916f992171b9418cb47d283a56e61f311581d66266cb
2010-07-20,0.4989158073237498,3,12/100,isotropic_constructed_macro_nats_full_precision_v3,0552c7f4701ada91e31e916f992171b9418cb47d283a56e61f311581d66266cb
2010-08-03,0.4889587912901765,5,12/100,isotropic_constructed_macro_nats_full_precision_v3,0552c7f4701ada91e31e916f992171b9418cb47d283a56e61f311581d66266cb
2010-08-17,0.4936975567599216,3,12/100,isotropic_constructed_macro_nats_full_precision_v3,0552c7f4701ada91e31e916f992171b9418cb47d283a56e61f311581d66266cb
2010-08-31,0.48220210681463993,5,12/100,isotropic_constructed_macro_nats_full_precision_v3,0552c7f4701ada91e31e916f992171b9418cb47d283a56e61f311581d66266cb
2010-09-15,0.49333364702402954,3,12/100,isotropic_constructed_macro_nats_full_precision_v3,0552c7f4701ada91e31e916f992171b9418cb47d283a56e61f311581d66266cb
2010-09-29,0.4905574275420331,3,12/100,isotropic_constructed_macro_nats_full_precision_v3,0552c7f4701ada91e31e916f992171b9418cb47d283a56e61f311581d66266cb
2010-10-13,0.5080830319534442,3,12/100,isotropic_constructed_macro_nats_full_precision_v3,0552c7f4701ada91e31e916f992171b9418cb47d283a56e61f311581d66266cb
2010-10-27,0.4749148232593229,3,12/100,isotropic_constructed_macro_nats_full_precision_v3,0552c7f4701ada91e31e916f992171b9418cb47d283a56e61f311581d66266cb
2010-11-10,0.45480689122959006,5,12/100,isotropic_constructed_macro_nats_full_precision_v3,0552c7f4701ada91e31e916f992171b9418cb47d283a56e61f311581d66266cb
2010-11-24,0.4667709443049939,4,12/100,isotropic_constructed_macro_nats_full_precision_v3,0552c7f4701ada91e31e916f992171b9418cb47d283a56e61f311581d66266cb
2010-12-09,0.5141091623671017,3,12/100,isotropic_constructed_macro_nats_full_precision_v3,0552c7f4701ada91e31e916f992171b9418cb47d283a56e61f311581d66266cb
2010-12-23,0.49755591354412354,4,12/100,isotropic_constructed_macro_nats_full_precision_v3,0552c7f4701ada91e31e916f992171b9418cb47d283a56e61f311581d66266cb
2011-01-07,0.5385140859185704,2,12/100,isotropic_constructed_macro_nats_full_precision_v3,0552c7f4701ada91e31e916f992171b9418cb47d283a56e61f311581d66266cb
2011-01-24,0.5183899251372771,2,12/100,isotropic_constructed_macro_nats_full_precision_v3,0552c7f4701ada91e31e916f992171b9418cb47d283a56e61f311581d66266cb
2011-02-07,0.46873745300351377,2,12/100,isotropic_constructed_macro_nats_full_precision_v3,0552c7f4701ada91e31e916f992171b9418cb47d283a56e61f311581d66266cb
2011-02-22,0.4254232725994757,3,12/100,isotropic_constructed_macro_nats_full_precision_v3,0552c7f4701ada91e31e916f992171b9418cb47d283a56e61f311581d66266cb
2011-03-08,0.40442589383916233,3,12/100,isotropic_constructed_macro_nats_full_precision_v3,0552c7f4701ada91e31e916f992171b9418cb47d283a56e61f311581d66266cb
2011-03-22,0.41857517500284946,2,12/100,isotropic_constructed_macro_nats_full_precision_v3,0552c7f4701ada91e31e916f992171b9418cb47d283a56e61f311581d66266cb
2011-04-05,0.3819005748289257,2,12/100,isotropic_constructed_macro_nats_full_precision_v3,0552c7f4701ada91e31e916f992171b9418cb47d283a56e61f311581d66266cb
2011-04-19,0.37533403594125936,5,12/100,isotropic_constructed_macro_nats_full_precision_v3,0552c7f4701ada91e31e916f992171b9418cb47d283a56e61f311581d66266cb
2011-05-04,0.36120961856479616,1,12/100,isotropic_constructed_macro_nats_full_precision_v3,0552c7f4701ada91e31e916f992171b9418cb47d283a56e61f311581d66266cb
2011-05-18,0.34544734690924833,5,12/100,isotropic_constructed_macro_nats_full_precision_v3,0552c7f4701ada91e31e916f992171b9418cb47d283a56e61f311581d66266cb
2011-06-02,0.38609725266841927,4,12/100,isotropic_constructed_macro_nats_full_precision_v3,0552c7f4701ada91e31e916f992171b9418cb47d283a56e61f311581d66266cb
2011-06-16,0.33313707942089155,4,12/100,isotropic_constructed_macro_nats_full_precision_v3,0552c7f4701ada91e31e916f992171b9418cb47d283a56e61f311581d66266cb
2011-06-30,0.3303360746582516,4,12/100,isotropic_constructed_macro_nats_full_precision_v3,0552c7f4701ada91e31e916f992171b9418cb47d283a56e61f311581d66266cb
2011-07-15,0.33884170864585245,5,12/100,isotropic_constructed_macro_nats_full_precision_v3,0552c7f4701ada91e31e916f992171b9418cb47d283a56e61f311581d66266cb
2011-07-29,0.38305903341484604,1,12/100,isotropic_constructed_macro_nats_full_precision_v3,0552c7f4701ada91e31e916f992171b9418cb47d283a56e61f311581d66266cb
2011-08-12,0.35478269239007304,3,12/100,isotropic_constructed_macro_nats_full_precision_v3,0552c7f4701ada91e31e916f992171b9418cb47d283a56e61f311581d66266cb
2011-08-26,0.3789690541111724,2,12/100,isotropic_constructed_macro_nats_full_precision_v3,0552c7f4701ada91e31e916f992171b9418cb47d283a56e61f311581d66266cb
2011-09-12,0.35727137506819145,3,12/100,isotropic_constructed_macro_nats_full_precision_v3,0552c7f4701ada91e31e916f992171b9418cb47d283a56e61f311581d66266cb
2011-09-26,0.3479463701958369,2,12/100,isotropic_constructed_macro_nats_full_precision_v3,0552c7f4701ada91e31e916f992171b9418cb47d283a56e61f311581d66266cb
2011-10-10,0.39221301920519613,4,12/100,isotropic_constructed_macro_nats_full_precision_v3,0552c7f4701ada91e31e916f992171b9418cb47d283a56e61f311581d66266cb
2011-10-24,0.3747000211552604,4,12/100,isotropic_constructed_macro_nats_full_precision_v3,0552c7f4701ada91e31e916f992171b9418cb47d283a56e61f311581d66266cb
2011-11-07,0.3853138346122588,2,12/100,isotropic_constructed_macro_nats_full_precision_v3,0552c7f4701ada91e31e916f992171b9418cb47d283a56e61f311581d66266cb
2011-11-21,0.3994075142241389,3,12/100,isotropic_constructed_macro_nats_full_precision_v3,0552c7f4701ada91e31e916f992171b9418cb47d283a56e61f311581d66266cb
2011-12-06,0.3897996650512651,4,12/100,isotropic_constructed_macro_nats_full_precision_v3,0552c7f4701ada91e31e916f992171b9418cb47d283a56e61f311581d66266cb
2011-12-20,0.38538951485795975,3,12/100,isotropic_constructed_macro_nats_full_precision_v3,0552c7f4701ada91e31e916f992171b9418cb47d283a56e61f311581d66266cb
2012-01-05,0.376432519735009,6,12/100,isotropic_constructed_macro_nats_full_precision_v3,0552c7f4701ada91e31e916f992171b9418cb47d283a56e61f311581d66266cb
2012-01-20,0.37547510788252364,4,12/100,isotropic_constructed_macro_nats_full_precision_v3,0552c7f4701ada91e31e916f992171b9418cb47d283a56e61f311581d66266cb
2012-02-03,0.3950237099308811,4,12/100,isotropic_constructed_macro_nats_full_precision_v3,0552c7f4701ada91e31e916f992171b9418cb47d283a56e61f311581d66266cb
2012-02-17,0.41759218570150725,4,12/100,isotropic_constructed_macro_nats_full_precision_v3,0552c7f4701ada91e31e916f992171b9418cb47d283a56e61f311581d66266cb
2012-03-05,0.40202209048838805,3,12/100,isotropic_constructed_macro_nats_full_precision_v3,0552c7f4701ada91e31e916f992171b9418cb47d283a56e61f311581d66266cb
2012-03-19,0.4239163533437065,3,12/100,isotropic_constructed_macro_nats_full_precision_v3,0552c7f4701ada91e31e916f992171b9418cb47d283a56e61f311581d66266cb
2012-04-02,0.3975170300541422,4,12/100,isotropic_constructed_macro_nats_full_precision_v3,0552c7f4701ada91e31e916f992171b9418cb47d283a56e61f311581d66266cb
2012-04-17,0.3972895543633597,3,12/100,isotropic_constructed_macro_nats_full_precision_v3,0552c7f4701ada91e31e916f992171b9418cb47d283a56e61f311581d66266cb
2012-05-01,0.3943502090464496,2,12/100,isotropic_constructed_macro_nats_full_precision_v3,0552c7f4701ada91e31e916f992171b9418cb47d283a56e61f311581d66266cb
2012-05-15,0.3753960239398241,3,12/100,isotropic_constructed_macro_nats_full_precision_v3,0552c7f4701ada91e31e916f992171b9418cb47d283a56e61f311581d66266cb
2012-05-30,0.3857996634966461,3,12/100,isotropic_constructed_macro_nats_full_precision_v3,0552c7f4701ada91e31e916f992171b9418cb47d283a56e61f311581d66266cb
2012-06-13,0.43513011559932835,2,12/100,isotropic_constructed_macro_nats_full_precision_v3,0552c7f4701ada91e31e916f992171b9418cb47d283a56e61f311581d66266cb
2012-06-27,0.41167893019848795,5,12/100,isotropic_constructed_macro_nats_full_precision_v3,0552c7f4701ada91e31e916f992171b9418cb47d283a56e61f311581d66266cb
2012-07-12,0.4298601698483899,2,12/100,isotropic_constructed_macro_nats_full_precision_v3,0552c7f4701ada91e31e916f992171b9418cb47d283a56e61f311581d66266cb
2012-07-26,0.41691233542409933,4,12/100,isotropic_constructed_macro_nats_full_precision_v3,0552c7f4701ada91e31e916f992171b9418cb47d283a56e61f311581d66266cb
2012-08-09,0.423034176757176,5,12/100,isotropic_constructed_macro_nats_full_precision_v3,0552c7f4701ada91e31e916f992171b9418cb47d283a56e61f311581d66266cb
2012-08-23,0.4238396739117583,3,12/100,isotropic_constructed_macro_nats_full_precision_v3,0552c7f4701ada91e31e916f992171b9418cb47d283a56e61f311581d66266cb
2012-09-07,0.39748650252394147,5,12/100,isotropic_constructed_macro_nats_full_precision_v3,0552c7f4701ada91e31e916f992171b9418cb47d283a56e61f311581d66266cb
2012-09-21,0.42154167979446255,4,12/100,isotropic_constructed_macro_nats_full_precision_v3,0552c7f4701ada91e31e916f992171b9418cb47d283a56e61f311581d66266cb
2012-10-05,0.41933423852392404,4,12/100,isotropic_constructed_macro_nats_full_precision_v3,0552c7f4701ada91e31e916f992171b9418cb47d283a56e61f311581d66266cb
2012-10-19,0.4030371445226824,3,12/100,isotropic_constructed_macro_nats_full_precision_v3,0552c7f4701ada91e31e916f992171b9418cb47d283a56e61f311581d66266cb
2012-11-06,0.4235828019814853,2,12/100,isotropic_constructed_macro_nats_full_precision_v3,0552c7f4701ada91e31e916f992171b9418cb47d283a56e61f311581d66266cb
2012-11-20,0.40834833127192915,4,12/100,isotropic_constructed_macro_nats_full_precision_v3,0552c7f4701ada91e31e916f992171b9418cb47d283a56e61f311581d66266cb
2012-12-05,0.4170330675266534,4,12/100,isotropic_constructed_macro_nats_full_precision_v3,0552c7f4701ada91e31e916f992171b9418cb47d283a56e61f311581d66266cb
2012-12-19,0.40387098109192127,4,12/100,isotropic_constructed_macro_nats_full_precision_v3,0552c7f4701ada91e31e916f992171b9418cb47d283a56e61f311581d66266cb
2013-01-04,0.3856723348125678,3,12/100,isotropic_constructed_macro_nats_full_precision_v3,0552c7f4701ada91e31e916f992171b9418cb47d283a56e61f311581d66266cb
2013-01-18,0.4112893415267331,4,12/100,isotropic_constructed_macro_nats_full_precision_v3,0552c7f4701ada91e31e916f992171b9418cb47d283a56e61f311581d66266cb
2013-02-04,0.46732513962025163,3,12/100,isotropic_constructed_macro_nats_full_precision_v3,0552c7f4701ada91e31e916f992171b9418cb47d283a56e61f311581d66266cb
2013-02-19,0.3996324808161111,4,12/100,isotropic_constructed_macro_nats_full_precision_v3,0552c7f4701ada91e31e916f992171b9418cb47d283a56e61f311581d66266cb
2013-03-05,0.39290563987311167,3,12/100,isotropic_constructed_macro_nats_full_precision_v3,0552c7f4701ada91e31e916f992171b9418cb47d283a56e61f311581d66266cb
2013-03-19,0.39316268469204435,4,12/100,isotropic_constructed_macro_nats_full_precision_v3,0552c7f4701ada91e31e916f992171b9418cb47d283a56e61f311581d66266cb
2013-04-03,0.3970568539964194,2,12/100,isotropic_constructed_macro_nats_full_precision_v3,0552c7f4701ada91e31e916f992171b9418cb47d283a56e61f311581d66266cb
2013-04-17,0.4339033009360249,3,12/100,isotropic_constructed_macro_nats_full_precision_v3,0552c7f4701ada91e31e916f992171b9418cb47d283a56e61f311581d66266cb
2013-05-01,0.4317613581903297,5,12/100,isotropic_constructed_macro_nats_full_precision_v3,0552c7f4701ada91e31e916f992171b9418cb47d283a56e61f311581d66266cb
2013-05-15,0.41074183529667874,5,12/100,isotropic_constructed_macro_nats_full_precision_v3,0552c7f4701ada91e31e916f992171b9418cb47d283a56e61f311581d66266cb
2013-05-30,0.42905690832341487,1,12/100,isotropic_constructed_macro_nats_full_precision_v3,0552c7f4701ada91e31e916f992171b9418cb47d283a56e61f311581d66266cb
2013-06-13,0.4220093346100155,1,12/100,isotropic_constructed_macro_nats_full_precision_v3,0552c7f4701ada91e31e916f992171b9418cb47d283a56e61f311581d66266cb
2013-06-27,0.4095400697354769,3,12/100,isotropic_constructed_macro_nats_full_precision_v3,0552c7f4701ada91e31e916f992171b9418cb47d283a56e61f311581d66266cb
2013-07-12,0.4135043743522313,4,12/100,isotropic_constructed_macro_nats_full_precision_v3,0552c7f4701ada91e31e916f992171b9418cb47d283a56e61f311581d66266cb
2013-07-26,0.4538830839188882,1,12/100,isotropic_constructed_macro_nats_full_precision_v3,0552c7f4701ada91e31e916f992171b9418cb47d283a56e61f311581d66266cb
2013-08-09,0.3758106504145966,3,12/100,isotropic_constructed_macro_nats_full_precision_v3,0552c7f4701ada91e31e916f992171b9418cb47d283a56e61f311581d66266cb
2013-08-23,0.43724564890147444,2,12/100,isotropic_constructed_macro_nats_full_precision_v3,0552c7f4701ada91e31e916f992171b9418cb47d283a56e61f311581d66266cb
2013-09-09,0.4165297027074621,1,12/100,isotropic_constructed_macro_nats_full_precision_v3,0552c7f4701ada91e31e916f992171b9418cb47d283a56e61f311581d66266cb
2013-09-23,0.37009669068169465,5,12/100,isotropic_constructed_macro_nats_full_precision_v3,0552c7f4701ada91e31e916f992171b9418cb47d283a56e61f311581d66266cb
2013-10-07,0.37698530559448346,2,12/100,isotropic_constructed_macro_nats_full_precision_v3,0552c7f4701ada91e31e916f992171b9418cb47d283a56e61f311581d66266cb
2013-10-21,0.3728367637273026,4,12/100,isotropic_constructed_macro_nats_full_precision_v3,0552c7f4701ada91e31e916f992171b9418cb47d283a56e61f311581d66266cb
2013-11-04,0.31212817702810336,5,12/100,isotropic_constructed_macro_nats_full_precision_v3,0552c7f4701ada91e31e916f992171b9418cb47d283a56e61f311581d66266cb
2013-11-18,0.36570024156361686,2,12/100,isotropic_constructed_macro_nats_full_precision_v3,0552c7f4701ada91e31e916f992171b9418cb47d283a56e61f311581d66266cb
2013-12-03,0.3474411962812016,2,12/100,isotropic_constructed_macro_nats_full_precision_v3,0552c7f4701ada91e31e916f992171b9418cb47d283a56e61f311581d66266cb
2013-12-17,0.3221626880655869,2,12/100,isotropic_constructed_macro_nats_full_precision_v3,0552c7f4701ada91e31e916f992171b9418cb47d283a56e61f311581d66266cb
2014-01-02,0.3095571882483673,2,12/100,isotropic_constructed_macro_nats_full_precision_v3,0552c7f4701ada91e31e916f992171b9418cb47d283a56e61f311581d66266cb
2014-01-16,0.3073242671727007,4,12/100,isotropic_constructed_macro_nats_full_precision_v3,0552c7f4701ada91e31e916f992171b9418cb47d283a56e61f311581d66266cb
2014-01-31,0.2988606798257696,2,12/100,isotropic_constructed_macro_nats_full_precision_v3,0552c7f4701ada91e31e916f992171b9418cb47d283a56e61f311581d66266cb
2014-02-14,0.38022296064968375,2,12/100,isotropic_constructed_macro_nats_full_precision_v3,0552c7f4701ada91e31e916f992171b9418cb47d283a56e61f311581d66266cb
2014-03-03,0.3609556801080556,2,12/100,isotropic_constructed_macro_nats_full_precision_v3,0552c7f4701ada91e31e916f992171b9418cb47d283a56e61f311581d66266cb
2014-03-17,0.42432639224901714,1,12/100,isotropic_constructed_macro_nats_full_precision_v3,0552c7f4701ada91e31e916f992171b9418cb47d283a56e61f311581d66266cb
2014-03-31,0.358024849530253,1,12/100,isotropic_constructed_macro_nats_full_precision_v3,0552c7f4701ada91e31e916f992171b9418cb47d283a56e61f311581d66266cb
2014-04-14,0.3074682867606837,3,12/100,isotropic_constructed_macro_nats_full_precision_v3,0552c7f4701ada91e31e916f992171b9418cb47d283a56e61f311581d66266cb
2014-04-29,0.33294099751962664,3,12/100,isotropic_constructed_macro_nats_full_precision_v3,0552c7f4701ada91e31e916f992171b9418cb47d283a56e61f311581d66266cb
2014-05-13,0.3239954787312248,3,12/100,isotropic_constructed_macro_nats_full_precision_v3,0552c7f4701ada91e31e916f992171b9418cb47d283a56e61f311581d66266cb
2014-05-28,0.3130552829032417,4,12/100,isotropic_constructed_macro_nats_full_precision_v3,0552c7f4701ada91e31e916f992171b9418cb47d283a56e61f311581d66266cb
2014-06-11,0.29018537346481266,4,12/100,isotropic_constructed_macro_nats_full_precision_v3,0552c7f4701ada91e31e916f992171b9418cb47d283a56e61f311581d66266cb
2014-06-25,0.28615389958766224,4,12/100,isotropic_constructed_macro_nats_full_precision_v3,0552c7f4701ada91e31e916f992171b9418cb47d283a56e61f311581d66266cb
2014-07-10,0.31278209038440274,1,12/100,isotropic_constructed_macro_nats_full_precision_v3,0552c7f4701ada91e31e916f992171b9418cb47d283a56e61f311581d66266cb
2014-07-24,0.31040408451108936,2,12/100,isotropic_constructed_macro_nats_full_precision_v3,0552c7f4701ada91e31e916f992171b9418cb47d283a56e61f311581d66266cb
2014-08-07,0.27101536808196985,4,12/100,isotropic_constructed_macro_nats_full_precision_v3,0552c7f4701ada91e31e916f992171b9418cb47d283a56e61f311581d66266cb
2014-08-21,0.30963063758926346,1,12/100,isotropic_constructed_macro_nats_full_precision_v3,0552c7f4701ada91e31e916f992171b9418cb47d283a56e61f311581d66266cb
2014-09-05,0.29584595340983966,1,12/100,isotropic_constructed_macro_nats_full_precision_v3,0552c7f4701ada91e31e916f992171b9418cb47d283a56e61f311581d66266cb
2014-09-19,0.32168474560205884,2,12/100,isotropic_constructed_macro_nats_full_precision_v3,0552c7f4701ada91e31e916f992171b9418cb47d283a56e61f311581d66266cb
2014-10-03,0.3268226533646922,2,12/100,isotropic_constructed_macro_nats_full_precision_v3,0552c7f4701ada91e31e916f992171b9418cb47d283a56e61f311581d66266cb
2014-10-17,0.36597815860053395,1,12/100,isotropic_constructed_macro_nats_full_precision_v3,0552c7f4701ada91e31e916f992171b9418cb47d283a56e61f311581d66266cb
2014-10-31,0.35256105930391696,1,12/100,isotropic_constructed_macro_nats_full_precision_v3,0552c7f4701ada91e31e916f992171b9418cb47d283a56e61f311581d66266cb
2014-11-14,0.2791136123708948,1,12/100,isotropic_constructed_macro_nats_full_precision_v3,0552c7f4701ada91e31e916f992171b9418cb47d283a56e61f311581d66266cb
2014-12-01,0.2821765974056909,2,12/100,isotropic_constructed_macro_nats_full_precision_v3,0552c7f4701ada91e31e916f992171b9418cb47d283a56e61f311581d66266cb
2014-12-15,0.28688262891711663,3,12/100,isotropic_constructed_macro_nats_full_precision_v3,0552c7f4701ada91e31e916f992171b9418cb47d283a56e61f311581d66266cb
2014-12-30,0.31692538333908393,4,12/100,isotropic_constructed_macro_nats_full_precision_v3,0552c7f4701ada91e31e916f992171b9418cb47d283a56e61f311581d66266cb
2015-01-14,0.3629810839947948,1,12/100,isotropic_constructed_macro_nats_full_precision_v3,0552c7f4701ada91e31e916f992171b9418cb47d283a56e61f311581d66266cb
2015-01-29,0.32861892425896994,1,12/100,isotropic_constructed_macro_nats_full_precision_v3,0552c7f4701ada91e31e916f992171b9418cb47d283a56e61f311581d66266cb
2015-02-12,0.312745297493575,2,12/100,isotropic_constructed_macro_nats_full_precision_v3,0552c7f4701ada91e31e916f992171b9418cb47d283a56e61f311581d66266cb
2015-02-27,0.3010597788223324,3,12/100,isotropic_constructed_macro_nats_full_precision_v3,0552c7f4701ada91e31e916f992171b9418cb47d283a56e61f311581d66266cb
2015-03-13,0.30489869559532723,3,12/100,isotropic_constructed_macro_nats_full_precision_v3,0552c7f4701ada91e31e916f992171b9418cb47d283a56e61f311581d66266cb
2015-03-27,0.29370893949599775,6,12/100,isotropic_constructed_macro_nats_full_precision_v3,0552c7f4701ada91e31e916f992171b9418cb47d283a56e61f311581d66266cb
2015-04-13,0.3194435322640151,3,12/100,isotropic_constructed_macro_nats_full_precision_v3,0552c7f4701ada91e31e916f992171b9418cb47d283a56e61f311581d66266cb
2015-04-27,0.2710879800902641,1,12/100,isotropic_constructed_macro_nats_full_precision_v3,0552c7f4701ada91e31e916f992171b9418cb47d283a56e61f311581d66266cb
2015-05-11,0.3163887362707465,2,12/100,isotropic_constructed_macro_nats_full_precision_v3,0552c7f4701ada91e31e916f992171b9418cb47d283a56e61f311581d66266cb
2015-05-26,0.2798256806705851,3,12/100,isotropic_constructed_macro_nats_full_precision_v3,0552c7f4701ada91e31e916f992171b9418cb47d283a56e61f311581d66266cb
2015-06-09,0.311568303966192,3,12/100,isotropic_constructed_macro_nats_full_precision_v3,0552c7f4701ada91e31e916f992171b9418cb47d283a56e61f311581d66266cb
2015-06-23,0.2907286403603524,5,12/100,isotropic_constructed_macro_nats_full_precision_v3,0552c7f4701ada91e31e916f992171b9418cb47d283a56e61f311581d66266cb
2015-07-08,0.3692280456059853,2,12/100,isotropic_constructed_macro_nats_full_precision_v3,0552c7f4701ada91e31e916f992171b9418cb47d283a56e61f311581d66266cb
2015-07-22,0.3318576046667564,1,12/100,isotropic_constructed_macro_nats_full_precision_v3,0552c7f4701ada91e31e916f992171b9418cb47d283a56e61f311581d66266cb
2015-08-05,0.3901101427409709,1,12/100,isotropic_constructed_macro_nats_full_precision_v3,0552c7f4701ada91e31e916f992171b9418cb47d283a56e61f311581d66266cb
2015-08-19,0.3313469915488202,1,12/100,isotropic_constructed_macro_nats_full_precision_v3,0552c7f4701ada91e31e916f992171b9418cb47d283a56e61f311581d66266cb
2015-09-02,0.2983207210241563,5,12/100,isotropic_constructed_macro_nats_full_precision_v3,0552c7f4701ada91e31e916f992171b9418cb47d283a56e61f311581d66266cb
2015-09-17,0.3017473607552066,1,12/100,isotropic_constructed_macro_nats_full_precision_v3,0552c7f4701ada91e31e916f992171b9418cb47d283a56e61f311581d66266cb
2015-10-01,0.25486107226240073,2,12/100,isotropic_constructed_macro_nats_full_precision_v3,0552c7f4701ada91e31e916f992171b9418cb47d283a56e61f311581d66266cb
2015-10-15,0.2750844123932965,4,12/100,isotropic_constructed_macro_nats_full_precision_v3,0552c7f4701ada91e31e916f992171b9418cb47d283a56e61f311581d66266cb
2015-10-29,0.315056292420671,3,12/100,isotropic_constructed_macro_nats_full_precision_v3,0552c7f4701ada91e31e916f992171b9418cb47d283a56e61f311581d66266cb
2015-11-12,0.29669690365638646,1,12/100,isotropic_constructed_macro_nats_full_precision_v3,0552c7f4701ada91e31e916f992171b9418cb47d283a56e61f311581d66266cb
2015-11-27,0.32078378129848206,5,12/100,isotropic_constructed_macro_nats_full_precision_v3,0552c7f4701ada91e31e916f992171b9418cb47d283a56e61f311581d66266cb
2015-12-11,0.38922525706410643,1,12/100,isotropic_constructed_macro_nats_full_precision_v3,0552c7f4701ada91e31e916f992171b9418cb47d283a56e61f311581d66266cb
2015-12-28,0.40471089612332073,1,12/100,isotropic_constructed_macro_nats_full_precision_v3,0552c7f4701ada91e31e916f992171b9418cb47d283a56e61f311581d66266cb
2016-01-12,0.36008050605168956,1,12/100,isotropic_constructed_macro_nats_full_precision_v3,0552c7f4701ada91e31e916f992171b9418cb47d283a56e61f311581d66266cb
2016-01-27,0.3833592495277966,1,12/100,isotropic_constructed_macro_nats_full_precision_v3,0552c7f4701ada91e31e916f992171b9418cb47d283a56e61f311581d66266cb
2016-02-10,0.3599675969550224,2,12/100,isotropic_constructed_macro_nats_full_precision_v3,0552c7f4701ada91e31e916f992171b9418cb47d283a56e61f311581d66266cb
2016-02-25,0.4002488168124224,2,12/100,isotropic_constructed_macro_nats_full_precision_v3,0552c7f4701ada91e31e916f992171b9418cb47d283a56e61f311581d66266cb
2016-03-10,0.391062391080687,1,12/100,isotropic_constructed_macro_nats_full_precision_v3,0552c7f4701ada91e31e916f992171b9418cb47d283a56e61f311581d66266cb
2016-03-24,0.42884372382826413,1,12/100,isotropic_constructed_macro_nats_full_precision_v3,0552c7f4701ada91e31e916f992171b9418cb47d283a56e61f311581d66266cb
2016-04-08,0.37845951823548923,3,12/100,isotropic_constructed_macro_nats_full_precision_v3,0552c7f4701ada91e31e916f992171b9418cb47d283a56e61f311581d66266cb
2016-04-22,0.4260899717674191,1,12/100,isotropic_constructed_macro_nats_full_precision_v3,0552c7f4701ada91e31e916f992171b9418cb47d283a56e61f311581d66266cb
2016-05-06,0.3599069603706243,3,12/100,isotropic_constructed_macro_nats_full_precision_v3,0552c7f4701ada91e31e916f992171b9418cb47d283a56e61f311581d66266cb
2016-05-20,0.39088275647911824,2,12/100,isotropic_constructed_macro_nats_full_precision_v3,0552c7f4701ada91e31e916f992171b9418cb47d283a56e61f311581d66266cb
2016-06-06,0.457546348583186,2,12/100,isotropic_constructed_macro_nats_full_precision_v3,0552c7f4701ada91e31e916f992171b9418cb47d283a56e61f311581d66266cb
2016-06-20,0.4607670503205959,1,12/100,isotropic_constructed_macro_nats_full_precision_v3,0552c7f4701ada91e31e916f992171b9418cb47d283a56e61f311581d66266cb
2016-07-05,0.5300282387903903,1,12/100,isotropic_constructed_macro_nats_full_precision_v3,0552c7f4701ada91e31e916f992171b9418cb47d283a56e61f311581d66266cb
2016-07-19,0.5156399324542048,1,12/100,isotropic_constructed_macro_nats_full_precision_v3,0552c7f4701ada91e31e916f992171b9418cb47d283a56e61f311581d66266cb
2016-08-02,0.4594155164574281,1,12/100,isotropic_constructed_macro_nats_full_precision_v3,0552c7f4701ada91e31e916f992171b9418cb47d283a56e61f311581d66266cb
2016-08-16,0.4531631981352598,1,12/100,isotropic_constructed_macro_nats_full_precision_v3,0552c7f4701ada91e31e916f992171b9418cb47d283a56e61f311581d66266cb
2016-08-30,0.45489829830672784,1,12/100,isotropic_constructed_macro_nats_full_precision_v3,0552c7f4701ada91e31e916f992171b9418cb47d283a56e61f311581d66266cb
2016-09-14,0.4642071240024791,1,12/100,isotropic_constructed_macro_nats_full_precision_v3,0552c7f4701ada91e31e916f992171b9418cb47d283a56e61f311581d66266cb
2016-09-28,0.4466643301767523,1,12/100,isotropic_constructed_macro_nats_full_precision_v3,0552c7f4701ada91e31e916f992171b9418cb47d283a56e61f311581d66266cb
2016-10-12,0.42460059518827525,3,12/100,isotropic_constructed_macro_nats_full_precision_v3,0552c7f4701ada91e31e916f992171b9418cb47d283a56e61f311581d66266cb
2016-10-26,0.42855636271508185,1,12/100,isotropic_constructed_macro_nats_full_precision_v3,0552c7f4701ada91e31e916f992171b9418cb47d283a56e61f311581d66266cb
2016-11-09,0.43314697613466313,1,12/100,isotropic_constructed_macro_nats_full_precision_v3,0552c7f4701ada91e31e916f992171b9418cb47d283a56e61f311581d66266cb
2016-11-23,0.4503698650900784,1,12/100,isotropic_constructed_macro_nats_full_precision_v3,0552c7f4701ada91e31e916f992171b9418cb47d283a56e61f311581d66266cb
2016-12-08,0.4652227508132047,1,12/100,isotropic_constructed_macro_nats_full_precision_v3,0552c7f4701ada91e31e916f992171b9418cb47d283a56e61f311581d66266cb
2016-12-22,0.46726431563737286,1,12/100,isotropic_constructed_macro_nats_full_precision_v3,0552c7f4701ada91e31e916f992171b9418cb47d283a56e61f311581d66266cb
2017-01-09,0.5397220026251008,1,12/100,isotropic_constructed_macro_nats_full_precision_v3,0552c7f4701ada91e31e916f992171b9418cb47d283a56e61f311581d66266cb
2017-01-24,0.4764114962649679,1,12/100,isotropic_constructed_macro_nats_full_precision_v3,0552c7f4701ada91e31e916f992171b9418cb47d283a56e61f311581d66266cb
2017-02-07,0.4623939365317352,1,12/100,isotropic_constructed_macro_nats_full_precision_v3,0552c7f4701ada91e31e916f992171b9418cb47d283a56e61f311581d66266cb
2017-02-22,0.45892492635640675,1,12/100,isotropic_constructed_macro_nats_full_precision_v3,0552c7f4701ada91e31e916f992171b9418cb47d283a56e61f311581d66266cb
2017-03-08,0.46939208489393663,1,12/100,isotropic_constructed_macro_nats_full_precision_v3,0552c7f4701ada91e31e916f992171b9418cb47d283a56e61f311581d66266cb
2017-03-22,0.4704088313688251,1,12/100,isotropic_constructed_macro_nats_full_precision_v3,0552c7f4701ada91e31e916f992171b9418cb47d283a56e61f311581d66266cb
2017-04-05,0.47986955303877066,1,12/100,isotropic_constructed_macro_nats_full_precision_v3,0552c7f4701ada91e31e916f992171b9418cb47d283a56e61f311581d66266cb
2017-04-20,0.4524672366897279,1,12/100,isotropic_constructed_macro_nats_full_precision_v3,0552c7f4701ada91e31e916f992171b9418cb47d283a56e61f311581d66266cb
2017-05-04,0.44733965358125555,1,12/100,isotropic_constructed_macro_nats_full_precision_v3,0552c7f4701ada91e31e916f992171b9418cb47d283a56e61f311581d66266cb
2017-05-18,0.4572952369816166,1,12/100,isotropic_constructed_macro_nats_full_precision_v3,0552c7f4701ada91e31e916f992171b9418cb47d283a56e61f311581d66266cb
2017-06-02,0.47692079912608604,1,12/100,isotropic_constructed_macro_nats_full_precision_v3,0552c7f4701ada91e31e916f992171b9418cb47d283a56e61f311581d66266cb
2017-06-16,0.458588119554956,1,12/100,isotropic_constructed_macro_nats_full_precision_v3,0552c7f4701ada91e31e916f992171b9418cb47d283a56e61f311581d66266cb
2017-06-30,0.4754691866664743,1,12/100,isotropic_constructed_macro_nats_full_precision_v3,0552c7f4701ada91e31e916f992171b9418cb47d283a56e61f311581d66266cb
2017-07-17,0.39172636752780543,5,12/100,isotropic_constructed_macro_nats_full_precision_v3,0552c7f4701ada91e31e916f992171b9418cb47d283a56e61f311581d66266cb
2017-07-31,0.4604339265894459,1,12/100,isotropic_constructed_macro_nats_full_precision_v3,0552c7f4701ada91e31e916f992171b9418cb47d283a56e61f311581d66266cb
2017-08-14,0.44155368838896814,1,12/100,isotropic_constructed_macro_nats_full_precision_v3,0552c7f4701ada91e31e916f992171b9418cb47d283a56e61f311581d66266cb
2017-08-28,0.3829874164312132,3,12/100,isotropic_constructed_macro_nats_full_precision_v3,0552c7f4701ada91e31e916f992171b9418cb47d283a56e61f311581d66266cb
2017-09-12,0.35600322789222083,3,12/100,isotropic_constructed_macro_nats_full_precision_v3,0552c7f4701ada91e31e916f992171b9418cb47d283a56e61f311581d66266cb
2017-09-26,0.44926779092673086,1,12/100,isotropic_constructed_macro_nats_full_precision_v3,0552c7f4701ada91e31e916f992171b9418cb47d283a56e61f311581d66266cb
2017-10-10,0.40441201084126,1,12/100,isotropic_constructed_macro_nats_full_precision_v3,0552c7f4701ada91e31e916f992171b9418cb47d283a56e61f311581d66266cb
2017-10-24,0.3899845695649866,1,12/100,isotropic_constructed_macro_nats_full_precision_v3,0552c7f4701ada91e31e916f992171b9418cb47d283a56e61f311581d66266cb
2017-11-07,0.3616181144541477,2,12/100,isotropic_constructed_macro_nats_full_precision_v3,0552c7f4701ada91e31e916f992171b9418cb47d283a56e61f311581d66266cb
2017-11-21,0.4139841423415897,1,12/100,isotropic_constructed_macro_nats_full_precision_v3,0552c7f4701ada91e31e916f992171b9418cb47d283a56e61f311581d66266cb
2017-12-06,0.38933032270055834,1,12/100,isotropic_constructed_macro_nats_full_precision_v3,0552c7f4701ada91e31e916f992171b9418cb47d283a56e61f311581d66266cb
2017-12-20,0.34017214976674554,3,12/100,isotropic_constructed_macro_nats_full_precision_v3,0552c7f4701ada91e31e916f992171b9418cb47d283a56e61f311581d66266cb
2018-01-05,0.3646824536980904,1,12/100,isotropic_constructed_macro_nats_full_precision_v3,0552c7f4701ada91e31e916f992171b9418cb47d283a56e61f311581d66266cb
2018-01-22,0.35521957538919136,1,12/100,isotropic_constructed_macro_nats_full_precision_v3,0552c7f4701ada91e31e916f992171b9418cb47d283a56e61f311581d66266cb
2018-02-05,0.3022863795977726,2,12/100,isotropic_constructed_macro_nats_full_precision_v3,0552c7f4701ada91e31e916f992171b9418cb47d283a56e61f311581d66266cb
2018-02-20,0.2978849422898364,1,12/100,isotropic_constructed_macro_nats_full_precision_v3,0552c7f4701ada91e31e916f992171b9418cb47d283a56e61f311581d66266cb
2018-03-06,0.3269356451254042,2,12/100,isotropic_constructed_macro_nats_full_precision_v3,0552c7f4701ada91e31e916f992171b9418cb47d283a56e61f311581d66266cb
2018-03-20,0.32006322336471493,1,12/100,isotropic_constructed_macro_nats_full_precision_v3,0552c7f4701ada91e31e916f992171b9418cb47d283a56e61f311581d66266cb
2018-04-04,0.33863160476667076,1,12/100,isotropic_constructed_macro_nats_full_precision_v3,0552c7f4701ada91e31e916f992171b9418cb47d283a56e61f311581d66266cb
2018-04-18,0.34386879540474946,1,12/100,isotropic_constructed_macro_nats_full_precision_v3,0552c7f4701ada91e31e916f992171b9418cb47d283a56e61f311581d66266cb
2018-05-02,0.35774504457027523,1,12/100,isotropic_constructed_macro_nats_full_precision_v3,0552c7f4701ada91e31e916f992171b9418cb47d283a56e61f311581d66266cb
2018-05-16,0.33343176590654044,1,12/100,isotropic_constructed_macro_nats_full_precision_v3,0552c7f4701ada91e31e916f992171b9418cb47d283a56e61f311581d66266cb
2018-05-31,0.33038150748773554,2,12/100,isotropic_constructed_macro_nats_full_precision_v3,0552c7f4701ada91e31e916f992171b9418cb47d283a56e61f311581d66266cb
2018-06-14,0.3745541751168975,1,12/100,isotropic_constructed_macro_nats_full_precision_v3,0552c7f4701ada91e31e916f992171b9418cb47d283a56e61f311581d66266cb
2018-06-28,0.3557317042792528,1,12/100,isotropic_constructed_macro_nats_full_precision_v3,0552c7f4701ada91e31e916f992171b9418cb47d283a56e61f311581d66266cb
2018-07-13,0.29147598513629697,3,12/100,isotropic_constructed_macro_nats_full_precision_v3,0552c7f4701ada91e31e916f992171b9418cb47d283a56e61f311581d66266cb
2018-07-27,0.340758469847048,2,12/100,isotropic_constructed_macro_nats_full_precision_v3,0552c7f4701ada91e31e916f992171b9418cb47d283a56e61f311581d66266cb
2018-08-10,0.3197554680469922,1,12/100,isotropic_constructed_macro_nats_full_precision_v3,0552c7f4701ada91e31e916f992171b9418cb47d283a56e61f311581d66266cb
2018-08-24,0.3502725284446556,1,12/100,isotropic_constructed_macro_nats_full_precision_v3,0552c7f4701ada91e31e916f992171b9418cb47d283a56e61f311581d66266cb
2018-09-10,0.35742946844072065,1,12/100,isotropic_constructed_macro_nats_full_precision_v3,0552c7f4701ada91e31e916f992171b9418cb47d283a56e61f311581d66266cb
2018-09-24,0.3461738173629162,2,12/100,isotropic_constructed_macro_nats_full_precision_v3,0552c7f4701ada91e31e916f992171b9418cb47d283a56e61f311581d66266cb
2018-10-08,0.3306781044057415,1,12/100,isotropic_constructed_macro_nats_full_precision_v3,0552c7f4701ada91e31e916f992171b9418cb47d283a56e61f311581d66266cb
2018-10-22,0.3730939096101555,1,12/100,isotropic_constructed_macro_nats_full_precision_v3,0552c7f4701ada91e31e916f992171b9418cb47d283a56e61f311581d66266cb
2018-11-05,0.4233082109138973,1,12/100,isotropic_constructed_macro_nats_full_precision_v3,0552c7f4701ada91e31e916f992171b9418cb47d283a56e61f311581d66266cb
2018-11-19,0.3831800190942638,2,12/100,isotropic_constructed_macro_nats_full_precision_v3,0552c7f4701ada91e31e916f992171b9418cb47d283a56e61f311581d66266cb
2018-12-04,0.39668853112690744,2,12/100,isotropic_constructed_macro_nats_full_precision_v3,0552c7f4701ada91e31e916f992171b9418cb47d283a56e61f311581d66266cb
2018-12-19,0.427463820943863,2,12/100,isotropic_constructed_macro_nats_full_precision_v3,0552c7f4701ada91e31e916f992171b9418cb47d283a56e61f311581d66266cb
2019-01-04,0.3990020303074641,2,12/100,isotropic_constructed_macro_nats_full_precision_v3,0552c7f4701ada91e31e916f992171b9418cb47d283a56e61f311581d66266cb
2019-01-18,0.41121225367248504,2,12/100,isotropic_constructed_macro_nats_full_precision_v3,0552c7f4701ada91e31e916f992171b9418cb47d283a56e61f311581d66266cb
2019-02-04,0.3902229150887179,1,12/100,isotropic_constructed_macro_nats_full_precision_v3,0552c7f4701ada91e31e916f992171b9418cb47d283a56e61f311581d66266cb
2019-02-19,0.3535642607002806,1,12/100,isotropic_constructed_macro_nats_full_precision_v3,0552c7f4701ada91e31e916f992171b9418cb47d283a56e61f311581d66266cb
2019-03-05,0.4170039904774887,1,12/100,isotropic_constructed_macro_nats_full_precision_v3,0552c7f4701ada91e31e916f992171b9418cb47d283a56e61f311581d66266cb
2019-03-19,0.38642836331159636,1,12/100,isotropic_constructed_macro_nats_full_precision_v3,0552c7f4701ada91e31e916f992171b9418cb47d283a56e61f311581d66266cb
2019-04-02,0.39453265762288003,2,12/100,isotropic_constructed_macro_nats_full_precision_v3,0552c7f4701ada91e31e916f992171b9418cb47d283a56e61f311581d66266cb
2019-04-16,0.4202340581576519,1,12/100,isotropic_constructed_macro_nats_full_precision_v3,0552c7f4701ada91e31e916f992171b9418cb47d283a56e61f311581d66266cb
2019-05-01,0.3907953723831915,2,12/100,isotropic_constructed_macro_nats_full_precision_v3,0552c7f4701ada91e31e916f992171b9418cb47d283a56e61f311581d66266cb
2019-05-15,0.42087416335922334,2,12/100,isotropic_constructed_macro_nats_full_precision_v3,0552c7f4701ada91e31e916f992171b9418cb47d283a56e61f311581d66266cb
2019-05-30,0.44704422555906326,1,12/100,isotropic_constructed_macro_nats_full_precision_v3,0552c7f4701ada91e31e916f992171b9418cb47d283a56e61f311581d66266cb
2019-06-13,0.4145683738972876,1,12/100,isotropic_constructed_macro_nats_full_precision_v3,0552c7f4701ada91e31e916f992171b9418cb47d283a56e61f311581d66266cb
2019-06-27,0.4172503795076863,2,12/100,isotropic_constructed_macro_nats_full_precision_v3,0552c7f4701ada91e31e916f992171b9418cb47d283a56e61f311581d66266cb
2019-07-12,0.41984329183476143,1,12/100,isotropic_constructed_macro_nats_full_precision_v3,0552c7f4701ada91e31e916f992171b9418cb47d283a56e61f311581d66266cb
2019-07-26,0.4467398912147036,1,12/100,isotropic_constructed_macro_nats_full_precision_v3,0552c7f4701ada91e31e916f992171b9418cb47d283a56e61f311581d66266cb
2019-08-09,0.3614775966239036,1,12/100,isotropic_constructed_macro_nats_full_precision_v3,0552c7f4701ada91e31e916f992171b9418cb47d283a56e61f311581d66266cb
2019-08-23,0.3343704816434842,1,12/100,isotropic_constructed_macro_nats_full_precision_v3,0552c7f4701ada91e31e916f992171b9418cb47d283a56e61f311581d66266cb
2019-09-09,0.3681640901504447,1,12/100,isotropic_constructed_macro_nats_full_precision_v3,0552c7f4701ada91e31e916f992171b9418cb47d283a56e61f311581d66266cb
2019-09-23,0.3415427425436408,2,12/100,isotropic_constructed_macro_nats_full_precision_v3,0552c7f4701ada91e31e916f992171b9418cb47d283a56e61f311581d66266cb
2019-10-07,0.33640029999489496,2,12/100,isotropic_constructed_macro_nats_full_precision_v3,0552c7f4701ada91e31e916f992171b9418cb47d283a56e61f311581d66266cb
2019-10-21,0.3458501578671448,1,12/100,isotropic_constructed_macro_nats_full_precision_v3,0552c7f4701ada91e31e916f992171b9418cb47d283a56e61f311581d66266cb
2019-11-04,0.33463719658493435,2,12/100,isotropic_constructed_macro_nats_full_precision_v3,0552c7f4701ada91e31e916f992171b9418cb47d283a56e61f311581d66266cb
2019-11-18,0.31370773220729997,3,12/100,isotropic_constructed_macro_nats_full_precision_v3,0552c7f4701ada91e31e916f992171b9418cb47d283a56e61f311581d66266cb
2019-12-03,0.2845481989950115,3,12/100,isotropic_constructed_macro_nats_full_precision_v3,0552c7f4701ada91e31e916f992171b9418cb47d283a56e61f311581d66266cb
2019-12-17,0.31198720832191174,3,12/100,isotropic_constructed_macro_nats_full_precision_v3,0552c7f4701ada91e31e916f992171b9418cb47d283a56e61f311581d66266cb
2020-01-02,0.29596257583335317,3,12/100,isotropic_constructed_macro_nats_full_precision_v3,0552c7f4701ada91e31e916f992171b9418cb47d283a56e61f311581d66266cb
2020-01-16,0.31782975531143887,1,12/100,isotropic_constructed_macro_nats_full_precision_v3,0552c7f4701ada91e31e916f992171b9418cb47d283a56e61f311581d66266cb
2020-01-31,0.3294328827534463,4,12/100,isotropic_constructed_macro_nats_full_precision_v3,0552c7f4701ada91e31e916f992171b9418cb47d283a56e61f311581d66266cb
2020-02-14,0.3497172421228655,1,12/100,isotropic_constructed_macro_nats_full_precision_v3,0552c7f4701ada91e31e916f992171b9418cb47d283a56e61f311581d66266cb
2020-03-02,0.32418534798543985,2,12/100,isotropic_constructed_macro_nats_full_precision_v3,0552c7f4701ada91e31e916f992171b9418cb47d283a56e61f311581d66266cb
2020-03-16,0.5376456120360091,1,12/100,isotropic_constructed_macro_nats_full_precision_v3,0552c7f4701ada91e31e916f992171b9418cb47d283a56e61f311581d66266cb
2020-03-30,0.4496591202464975,2,12/100,isotropic_constructed_macro_nats_full_precision_v3,0552c7f4701ada91e31e916f992171b9418cb47d283a56e61f311581d66266cb
2020-04-14,0.5218426988985041,2,12/100,isotropic_constructed_macro_nats_full_precision_v3,0552c7f4701ada91e31e916f992171b9418cb47d283a56e61f311581d66266cb
2020-04-28,0.48154404492671155,3,12/100,isotropic_constructed_macro_nats_full_precision_v3,0552c7f4701ada91e31e916f992171b9418cb47d283a56e61f311581d66266cb
2020-05-12,0.5284454716575873,2,12/100,isotropic_constructed_macro_nats_full_precision_v3,0552c7f4701ada91e31e916f992171b9418cb47d283a56e61f311581d66266cb
2020-05-27,0.5159887598712576,2,12/100,isotropic_constructed_macro_nats_full_precision_v3,0552c7f4701ada91e31e916f992171b9418cb47d283a56e61f311581d66266cb
2020-06-10,0.5500771343557517,2,12/100,isotropic_constructed_macro_nats_full_precision_v3,0552c7f4701ada91e31e916f992171b9418cb47d283a56e61f311581d66266cb
2020-06-24,0.5014467561968041,4,12/100,isotropic_constructed_macro_nats_full_precision_v3,0552c7f4701ada91e31e916f992171b9418cb47d283a56e61f311581d66266cb
2020-07-09,0.5183666611565616,2,12/100,isotropic_constructed_macro_nats_full_precision_v3,0552c7f4701ada91e31e916f992171b9418cb47d283a56e61f311581d66266cb
2020-07-23,0.49396082511324046,3,12/100,isotropic_constructed_macro_nats_full_precision_v3,0552c7f4701ada91e31e916f992171b9418cb47d283a56e61f311581d66266cb
2020-08-06,0.46819620609507484,2,12/100,isotropic_constructed_macro_nats_full_precision_v3,0552c7f4701ada91e31e916f992171b9418cb47d283a56e61f311581d66266cb
2020-08-20,0.4765917410368559,2,12/100,isotropic_constructed_macro_nats_full_precision_v3,0552c7f4701ada91e31e916f992171b9418cb47d283a56e61f311581d66266cb
2020-09-03,0.4830360886689342,3,12/100,isotropic_constructed_macro_nats_full_precision_v3,0552c7f4701ada91e31e916f992171b9418cb47d283a56e61f311581d66266cb
2020-09-18,0.4901957903087829,3,12/100,isotropic_constructed_macro_nats_full_precision_v3,0552c7f4701ada91e31e916f992171b9418cb47d283a56e61f311581d66266cb
2020-10-02,0.44913227735774564,5,12/100,isotropic_constructed_macro_nats_full_precision_v3,0552c7f4701ada91e31e916f992171b9418cb47d283a56e61f311581d66266cb
2020-10-16,0.4379936628557835,3,12/100,isotropic_constructed_macro_nats_full_precision_v3,0552c7f4701ada91e31e916f992171b9418cb47d283a56e61f311581d66266cb
2020-10-30,0.45080389150732364,3,12/100,isotropic_constructed_macro_nats_full_precision_v3,0552c7f4701ada91e31e916f992171b9418cb47d283a56e61f311581d66266cb
2020-11-13,0.4645751391446387,3,12/100,isotropic_constructed_macro_nats_full_precision_v3,0552c7f4701ada91e31e916f992171b9418cb47d283a56e61f311581d66266cb
2020-11-30,0.4644226141345498,1,12/100,isotropic_constructed_macro_nats_full_precision_v3,0552c7f4701ada91e31e916f992171b9418cb47d283a56e61f311581d66266cb
2020-12-14,0.44486939575616874,1,12/100,isotropic_constructed_macro_nats_full_precision_v3,0552c7f4701ada91e31e916f992171b9418cb47d283a56e61f311581d66266cb
2020-12-29,0.44692043041827456,4,12/100,isotropic_constructed_macro_nats_full_precision_v3,0552c7f4701ada91e31e916f992171b9418cb47d283a56e61f311581d66266cb
2021-01-13,0.44780117259671365,1,12/100,isotropic_constructed_macro_nats_full_precision_v3,0552c7f4701ada91e31e916f992171b9418cb47d283a56e61f311581d66266cb
2021-01-28,0.5184603165261388,2,12/100,isotropic_constructed_macro_nats_full_precision_v3,0552c7f4701ada91e31e916f992171b9418cb47d283a56e61f311581d66266cb
2021-02-11,0.4826441180784197,2,12/100,isotropic_constructed_macro_nats_full_precision_v3,0552c7f4701ada91e31e916f992171b9418cb47d283a56e61f311581d66266cb
2021-02-26,0.46706298297324683,1,12/100,isotropic_constructed_macro_nats_full_precision_v3,0552c7f4701ada91e31e916f992171b9418cb47d283a56e61f311581d66266cb
2021-03-12,0.46163455050470675,3,12/100,isotropic_constructed_macro_nats_full_precision_v3,0552c7f4701ada91e31e916f992171b9418cb47d283a56e61f311581d66266cb
2021-03-26,0.4973005909725061,2,12/100,isotropic_constructed_macro_nats_full_precision_v3,0552c7f4701ada91e31e916f992171b9418cb47d283a56e61f311581d66266cb
2021-04-12,0.45848377769085785,4,12/100,isotropic_constructed_macro_nats_full_precision_v3,0552c7f4701ada91e31e916f992171b9418cb47d283a56e61f311581d66266cb
2021-04-26,0.44306601366283055,1,12/100,isotropic_constructed_macro_nats_full_precision_v3,0552c7f4701ada91e31e916f992171b9418cb47d283a56e61f311581d66266cb
2021-05-10,0.4666622348702955,2,12/100,isotropic_constructed_macro_nats_full_precision_v3,0552c7f4701ada91e31e916f992171b9418cb47d283a56e61f311581d66266cb
2021-05-24,0.47321731215517115,3,12/100,isotropic_constructed_macro_nats_full_precision_v3,0552c7f4701ada91e31e916f992171b9418cb47d283a56e61f311581d66266cb
2021-06-08,0.46716312719503655,2,12/100,isotropic_constructed_macro_nats_full_precision_v3,0552c7f4701ada91e31e916f992171b9418cb47d283a56e61f311581d66266cb
2021-06-22,0.4581249176257332,4,12/100,isotropic_constructed_macro_nats_full_precision_v3,0552c7f4701ada91e31e916f992171b9418cb47d283a56e61f311581d66266cb
2021-07-07,0.4640404720875848,3,12/100,isotropic_constructed_macro_nats_full_precision_v3,0552c7f4701ada91e31e916f992171b9418cb47d283a56e61f311581d66266cb
2021-07-21,0.48022619951620743,3,12/100,isotropic_constructed_macro_nats_full_precision_v3,0552c7f4701ada91e31e916f992171b9418cb47d283a56e61f311581d66266cb
2021-08-04,0.5189161481972384,2,12/100,isotropic_constructed_macro_nats_full_precision_v3,0552c7f4701ada91e31e916f992171b9418cb47d283a56e61f311581d66266cb
2021-08-18,0.4921904915313129,3,12/100,isotropic_constructed_macro_nats_full_precision_v3,0552c7f4701ada91e31e916f992171b9418cb47d283a56e61f311581d66266cb
2021-09-01,0.5069527215826058,2,12/100,isotropic_constructed_macro_nats_full_precision_v3,0552c7f4701ada91e31e916f992171b9418cb47d283a56e61f311581d66266cb
2021-09-16,0.5066892078867575,2,12/100,isotropic_constructed_macro_nats_full_precision_v3,0552c7f4701ada91e31e916f992171b9418cb47d283a56e61f311581d66266cb
2021-09-30,0.5179764834613955,1,12/100,isotropic_constructed_macro_nats_full_precision_v3,0552c7f4701ada91e31e916f992171b9418cb47d283a56e61f311581d66266cb
2021-10-14,0.5200951325353627,2,12/100,isotropic_constructed_macro_nats_full_precision_v3,0552c7f4701ada91e31e916f992171b9418cb47d283a56e61f311581d66266cb
2021-10-28,0.5112516392389972,2,12/100,isotropic_constructed_macro_nats_full_precision_v3,0552c7f4701ada91e31e916f992171b9418cb47d283a56e61f311581d66266cb
2021-11-11,0.5105170677564432,2,12/100,isotropic_constructed_macro_nats_full_precision_v3,0552c7f4701ada91e31e916f992171b9418cb47d283a56e61f311581d66266cb
2021-11-26,0.5126789234739372,2,12/100,isotropic_constructed_macro_nats_full_precision_v3,0552c7f4701ada91e31e916f992171b9418cb47d283a56e61f311581d66266cb
2021-12-10,0.5501566900394189,3,12/100,isotropic_constructed_macro_nats_full_precision_v3,0552c7f4701ada91e31e916f992171b9418cb47d283a56e61f311581d66266cb
2021-12-27,0.543663996343063,2,12/100,isotropic_constructed_macro_nats_full_precision_v3,0552c7f4701ada91e31e916f992171b9418cb47d283a56e61f311581d66266cb
2022-01-10,0.5540148208942463,2,12/100,isotropic_constructed_macro_nats_full_precision_v3,0552c7f4701ada91e31e916f992171b9418cb47d283a56e61f311581d66266cb
2022-01-25,0.5202217658743669,2,12/100,isotropic_constructed_macro_nats_full_precision_v3,0552c7f4701ada91e31e916f992171b9418cb47d283a56e61f311581d66266cb
2022-02-08,0.5118919945251886,2,12/100,isotropic_constructed_macro_nats_full_precision_v3,0552c7f4701ada91e31e916f992171b9418cb47d283a56e61f311581d66266cb
2022-02-23,0.5470432215344858,3,12/100,isotropic_constructed_macro_nats_full_precision_v3,0552c7f4701ada91e31e916f992171b9418cb47d283a56e61f311581d66266cb
2022-03-09,0.5257575103490753,1,12/100,isotropic_constructed_macro_nats_full_precision_v3,0552c7f4701ada91e31e916f992171b9418cb47d283a56e61f311581d66266cb
2022-03-23,0.40584219589588566,2,12/100,isotropic_constructed_macro_nats_full_precision_v3,0552c7f4701ada91e31e916f992171b9418cb47d283a56e61f311581d66266cb
2022-04-06,0.4435166152303837,3,12/100,isotropic_constructed_macro_nats_full_precision_v3,0552c7f4701ada91e31e916f992171b9418cb47d283a56e61f311581d66266cb
2022-04-21,0.4313381251437209,3,12/100,isotropic_constructed_macro_nats_full_precision_v3,0552c7f4701ada91e31e916f992171b9418cb47d283a56e61f311581d66266cb
2022-05-05,0.4473761334108093,3,12/100,isotropic_constructed_macro_nats_full_precision_v3,0552c7f4701ada91e31e916f992171b9418cb47d283a56e61f311581d66266cb
2022-05-19,0.41846546075600194,3,12/100,isotropic_constructed_macro_nats_full_precision_v3,0552c7f4701ada91e31e916f992171b9418cb47d283a56e61f311581d66266cb
2022-06-03,0.3956280669864791,3,12/100,isotropic_constructed_macro_nats_full_precision_v3,0552c7f4701ada91e31e916f992171b9418cb47d283a56e61f311581d66266cb
2022-06-17,0.3946725985104726,3,12/100,isotropic_constructed_macro_nats_full_precision_v3,0552c7f4701ada91e31e916f992171b9418cb47d283a56e61f311581d66266cb
2022-07-05,0.42285192375034875,1,12/100,isotropic_constructed_macro_nats_full_precision_v3,0552c7f4701ada91e31e916f992171b9418cb47d283a56e61f311581d66266cb
2022-07-19,0.42763042771850335,1,12/100,isotropic_constructed_macro_nats_full_precision_v3,0552c7f4701ada91e31e916f992171b9418cb47d283a56e61f311581d66266cb
2022-08-02,0.411436474699254,2,12/100,isotropic_constructed_macro_nats_full_precision_v3,0552c7f4701ada91e31e916f992171b9418cb47d283a56e61f311581d66266cb
2022-08-16,0.3994551137161641,1,12/100,isotropic_constructed_macro_nats_full_precision_v3,0552c7f4701ada91e31e916f992171b9418cb47d283a56e61f311581d66266cb
2022-08-30,0.393072222801895,3,12/100,isotropic_constructed_macro_nats_full_precision_v3,0552c7f4701ada91e31e916f992171b9418cb47d283a56e61f311581d66266cb
2022-09-14,0.4114938380207535,2,12/100,isotropic_constructed_macro_nats_full_precision_v3,0552c7f4701ada91e31e916f992171b9418cb47d283a56e61f311581d66266cb
2022-09-28,0.4103291979022404,3,12/100,isotropic_constructed_macro_nats_full_precision_v3,0552c7f4701ada91e31e916f992171b9418cb47d283a56e61f311581d66266cb
2022-10-12,0.4501128606287729,2,12/100,isotropic_constructed_macro_nats_full_precision_v3,0552c7f4701ada91e31e916f992171b9418cb47d283a56e61f311581d66266cb
2022-10-26,0.43208073752907766,2,12/100,isotropic_constructed_macro_nats_full_precision_v3,0552c7f4701ada91e31e916f992171b9418cb47d283a56e61f311581d66266cb
2022-11-09,0.39262815454462696,2,12/100,isotropic_constructed_macro_nats_full_precision_v3,0552c7f4701ada91e31e916f992171b9418cb47d283a56e61f311581d66266cb
2022-11-23,0.38527431077034313,3,12/100,isotropic_constructed_macro_nats_full_precision_v3,0552c7f4701ada91e31e916f992171b9418cb47d283a56e61f311581d66266cb
2022-12-08,0.3861064166423734,3,12/100,isotropic_constructed_macro_nats_full_precision_v3,0552c7f4701ada91e31e916f992171b9418cb47d283a56e61f311581d66266cb
2022-12-22,0.40208313017201874,3,12/100,isotropic_constructed_macro_nats_full_precision_v3,0552c7f4701ada91e31e916f992171b9418cb47d283a56e61f311581d66266cb
2023-01-09,0.39918690276534974,4,12/100,isotropic_constructed_macro_nats_full_precision_v3,0552c7f4701ada91e31e916f992171b9418cb47d283a56e61f311581d66266cb
2023-01-24,0.41234013530266905,3,12/100,isotropic_constructed_macro_nats_full_precision_v3,0552c7f4701ada91e31e916f992171b9418cb47d283a56e61f311581d66266cb
2023-02-07,0.4465842100501114,4,12/100,isotropic_constructed_macro_nats_full_precision_v3,0552c7f4701ada91e31e916f992171b9418cb47d283a56e61f311581d66266cb
2023-02-22,0.4149835142598641,4,12/100,isotropic_constructed_macro_nats_full_precision_v3,0552c7f4701ada91e31e916f992171b9418cb47d283a56e61f311581d66266cb
2023-03-08,0.3819229715294297,1,12/100,isotropic_constructed_macro_nats_full_precision_v3,0552c7f4701ada91e31e916f992171b9418cb47d283a56e61f311581d66266cb
2023-03-22,0.4063424319472689,4,12/100,isotropic_constructed_macro_nats_full_precision_v3,0552c7f4701ada91e31e916f992171b9418cb47d283a56e61f311581d66266cb
2023-04-05,0.40514593917942815,3,12/100,isotropic_constructed_macro_nats_full_precision_v3,0552c7f4701ada91e31e916f992171b9418cb47d283a56e61f311581d66266cb
2023-04-20,0.41233600753294425,3,12/100,isotropic_constructed_macro_nats_full_precision_v3,0552c7f4701ada91e31e916f992171b9418cb47d283a56e61f311581d66266cb
2023-05-04,0.39148417884497977,2,12/100,isotropic_constructed_macro_nats_full_precision_v3,0552c7f4701ada91e31e916f992171b9418cb47d283a56e61f311581d66266cb
2023-05-18,0.39565457818574995,3,12/100,isotropic_constructed_macro_nats_full_precision_v3,0552c7f4701ada91e31e916f992171b9418cb47d283a56e61f311581d66266cb
2023-06-02,0.38494761239546543,2,12/100,isotropic_constructed_macro_nats_full_precision_v3,0552c7f4701ada91e31e916f992171b9418cb47d283a56e61f311581d66266cb
2023-06-16,0.38371186299358695,3,12/100,isotropic_constructed_macro_nats_full_precision_v3,0552c7f4701ada91e31e916f992171b9418cb47d283a56e61f311581d66266cb
2023-07-03,0.401768382944101,3,12/100,isotropic_constructed_macro_nats_full_precision_v3,0552c7f4701ada91e31e916f992171b9418cb47d283a56e61f311581d66266cb
2023-07-18,0.3729082466981227,2,12/100,isotropic_constructed_macro_nats_full_precision_v3,0552c7f4701ada91e31e916f992171b9418cb47d283a56e61f311581d66266cb
2023-08-01,0.37244330994008923,3,12/100,isotropic_constructed_macro_nats_full_precision_v3,0552c7f4701ada91e31e916f992171b9418cb47d283a56e61f311581d66266cb
2023-08-15,0.35761600991693715,3,12/100,isotropic_constructed_macro_nats_full_precision_v3,0552c7f4701ada91e31e916f992171b9418cb47d283a56e61f311581d66266cb
2023-08-29,0.3499645709080517,2,12/100,isotropic_constructed_macro_nats_full_precision_v3,0552c7f4701ada91e31e916f992171b9418cb47d283a56e61f311581d66266cb
2023-09-13,0.39150260800624975,2,12/100,isotropic_constructed_macro_nats_full_precision_v3,0552c7f4701ada91e31e916f992171b9418cb47d283a56e61f311581d66266cb
2023-09-27,0.349317992094734,3,12/100,isotropic_constructed_macro_nats_full_precision_v3,0552c7f4701ada91e31e916f992171b9418cb47d283a56e61f311581d66266cb
2023-10-11,0.3518437097826306,3,12/100,isotropic_constructed_macro_nats_full_precision_v3,0552c7f4701ada91e31e916f992171b9418cb47d283a56e61f311581d66266cb
2023-10-25,0.3497604432284873,3,12/100,isotropic_constructed_macro_nats_full_precision_v3,0552c7f4701ada91e31e916f992171b9418cb47d283a56e61f311581d66266cb
2023-11-08,0.3521235179611034,3,12/100,isotropic_constructed_macro_nats_full_precision_v3,0552c7f4701ada91e31e916f992171b9418cb47d283a56e61f311581d66266cb
2023-11-22,0.36516048473477225,1,12/100,isotropic_constructed_macro_nats_full_precision_v3,0552c7f4701ada91e31e916f992171b9418cb47d283a56e61f311581d66266cb
2023-12-07,0.37057659645164065,1,12/100,isotropic_constructed_macro_nats_full_precision_v3,0552c7f4701ada91e31e916f992171b9418cb47d283a56e61f311581d66266cb
2023-12-21,0.3653471199694001,1,12/100,isotropic_constructed_macro_nats_full_precision_v3,0552c7f4701ada91e31e916f992171b9418cb47d283a56e61f311581d66266cb
2024-01-08,0.3918814331106121,3,12/100,isotropic_constructed_macro_nats_full_precision_v3,0552c7f4701ada91e31e916f992171b9418cb47d283a56e61f311581d66266cb
2024-01-23,0.36057069256877566,4,12/100,isotropic_constructed_macro_nats_full_precision_v3,0552c7f4701ada91e31e916f992171b9418cb47d283a56e61f311581d66266cb
2024-02-06,0.367442664471199,3,12/100,isotropic_constructed_macro_nats_full_precision_v3,0552c7f4701ada91e31e916f992171b9418cb47d283a56e61f311581d66266cb
2024-02-21,0.36498490113520954,4,12/100,isotropic_constructed_macro_nats_full_precision_v3,0552c7f4701ada91e31e916f992171b9418cb47d283a56e61f311581d66266cb
2024-03-06,0.38028422684800006,2,12/100,isotropic_constructed_macro_nats_full_precision_v3,0552c7f4701ada91e31e916f992171b9418cb47d283a56e61f311581d66266cb
2024-03-20,0.37029007140418874,1,12/100,isotropic_constructed_macro_nats_full_precision_v3,0552c7f4701ada91e31e916f992171b9418cb47d283a56e61f311581d66266cb
2024-04-04,0.3377748406463873,1,12/100,isotropic_constructed_macro_nats_full_precision_v3,0552c7f4701ada91e31e916f992171b9418cb47d283a56e61f311581d66266cb
2024-04-18,0.3509931917073623,3,12/100,isotropic_constructed_macro_nats_full_precision_v3,0552c7f4701ada91e31e916f992171b9418cb47d283a56e61f311581d66266cb
2024-05-02,0.3521542001683657,1,12/100,isotropic_constructed_macro_nats_full_precision_v3,0552c7f4701ada91e31e916f992171b9418cb47d283a56e61f311581d66266cb
2024-05-16,0.3782372982814116,1,12/100,isotropic_constructed_macro_nats_full_precision_v3,0552c7f4701ada91e31e916f992171b9418cb47d283a56e61f311581d66266cb
2024-05-31,0.34822334840042046,1,12/100,isotropic_constructed_macro_nats_full_precision_v3,0552c7f4701ada91e31e916f992171b9418cb47d283a56e61f311581d66266cb
2024-06-14,0.4060117675665073,1,12/100,isotropic_constructed_macro_nats_full_precision_v3,0552c7f4701ada91e31e916f992171b9418cb47d283a56e61f311581d66266cb
2024-07-01,0.3469761555189954,1,12/100,isotropic_constructed_macro_nats_full_precision_v3,0552c7f4701ada91e31e916f992171b9418cb47d283a56e61f311581d66266cb
2024-07-16,0.35083648113022703,1,12/100,isotropic_constructed_macro_nats_full_precision_v3,0552c7f4701ada91e31e916f992171b9418cb47d283a56e61f311581d66266cb
2024-07-30,0.3474968936253721,1,12/100,isotropic_constructed_macro_nats_full_precision_v3,0552c7f4701ada91e31e916f992171b9418cb47d283a56e61f311581d66266cb
2024-08-13,0.32035511813484074,1,12/100,isotropic_constructed_macro_nats_full_precision_v3,0552c7f4701ada91e31e916f992171b9418cb47d283a56e61f311581d66266cb
2024-08-27,0.3104625898152905,1,12/100,isotropic_constructed_macro_nats_full_precision_v3,0552c7f4701ada91e31e916f992171b9418cb47d283a56e61f311581d66266cb
2024-09-11,0.3387836200038813,1,12/100,isotropic_constructed_macro_nats_full_precision_v3,0552c7f4701ada91e31e916f992171b9418cb47d283a56e61f311581d66266cb
2024-09-25,0.33145356533604464,1,12/100,isotropic_constructed_macro_nats_full_precision_v3,0552c7f4701ada91e31e916f992171b9418cb47d283a56e61f311581d66266cb
2024-10-09,0.3172862515021343,1,12/100,isotropic_constructed_macro_nats_full_precision_v3,0552c7f4701ada91e31e916f992171b9418cb47d283a56e61f311581d66266cb
2024-10-23,0.3637494662698135,1,12/100,isotropic_constructed_macro_nats_full_precision_v3,0552c7f4701ada91e31e916f992171b9418cb47d283a56e61f311581d66266cb
2024-11-06,0.3585064179496811,1,12/100,isotropic_constructed_macro_nats_full_precision_v3,0552c7f4701ada91e31e916f992171b9418cb47d283a56e61f311581d66266cb
2024-11-20,0.3344298984180301,1,12/100,isotropic_constructed_macro_nats_full_precision_v3,0552c7f4701ada91e31e916f992171b9418cb47d283a56e61f311581d66266cb
2024-12-05,0.27570982838555935,1,12/100,isotropic_constructed_macro_nats_full_precision_v3,0552c7f4701ada91e31e916f992171b9418cb47d283a56e61f311581d66266cb
2024-12-19,0.33666891576259084,2,12/100,isotropic_constructed_macro_nats_full_precision_v3,0552c7f4701ada91e31e916f992171b9418cb47d283a56e61f311581d66266cb
2025-01-06,0.3368597189994924,1,12/100,isotropic_constructed_macro_nats_full_precision_v3,0552c7f4701ada91e31e916f992171b9418cb47d283a56e61f311581d66266cb
2025-01-22,0.3210575608886109,1,12/100,isotropic_constructed_macro_nats_full_precision_v3,0552c7f4701ada91e31e916f992171b9418cb47d283a56e61f311581d66266cb
2025-02-05,0.3289146782537461,1,12/100,isotropic_constructed_macro_nats_full_precision_v3,0552c7f4701ada91e31e916f992171b9418cb47d283a56e61f311581d66266cb
2025-02-20,0.3284384350405702,1,12/100,isotropic_constructed_macro_nats_full_precision_v3,0552c7f4701ada91e31e916f992171b9418cb47d283a56e61f311581d66266cb
2025-03-06,0.3331307524432352,1,12/100,isotropic_constructed_macro_nats_full_precision_v3,0552c7f4701ada91e31e916f992171b9418cb47d283a56e61f311581d66266cb
2025-03-20,0.3694198673952909,1,12/100,isotropic_constructed_macro_nats_full_precision_v3,0552c7f4701ada91e31e916f992171b9418cb47d283a56e61f311581d66266cb
2025-04-03,0.3523932998379707,1,12/100,isotropic_constructed_macro_nats_full_precision_v3,0552c7f4701ada91e31e916f992171b9418cb47d283a56e61f311581d66266cb
2025-04-17,0.3347436061756136,1,12/100,isotropic_constructed_macro_nats_full_precision_v3,0552c7f4701ada91e31e916f992171b9418cb47d283a56e61f311581d66266cb
2025-05-02,0.3201097595844519,2,12/100,isotropic_constructed_macro_nats_full_precision_v3,0552c7f4701ada91e31e916f992171b9418cb47d283a56e61f311581d66266cb
2025-05-16,0.3610827245771,1,12/100,isotropic_constructed_macro_nats_full_precision_v3,0552c7f4701ada91e31e916f992171b9418cb47d283a56e61f311581d66266cb
2025-06-02,0.31614704549646855,1,12/100,isotropic_constructed_macro_nats_full_precision_v3,0552c7f4701ada91e31e916f992171b9418cb47d283a56e61f311581d66266cb
2025-06-16,0.34611439315173065,1,12/100,isotropic_constructed_macro_nats_full_precision_v3,0552c7f4701ada91e31e916f992171b9418cb47d283a56e61f311581d66266cb
2025-07-01,0.3556730180261771,1,12/100,isotropic_constructed_macro_nats_full_precision_v3,0552c7f4701ada91e31e916f992171b9418cb47d283a56e61f311581d66266cb
2025-07-16,0.3800925508578176,1,12/100,isotropic_constructed_macro_nats_full_precision_v3,0552c7f4701ada91e31e916f992171b9418cb47d283a56e61f311581d66266cb
2025-07-30,0.3450490591649312,1,12/100,isotropic_constructed_macro_nats_full_precision_v3,0552c7f4701ada91e31e916f992171b9418cb47d283a56e61f311581d66266cb
2025-08-13,0.36642971512675604,1,12/100,isotropic_constructed_macro_nats_full_precision_v3,0552c7f4701ada91e31e916f992171b9418cb47d283a56e61f311581d66266cb
2025-08-27,0.37530055917337724,1,12/100,isotropic_constructed_macro_nats_full_precision_v3,0552c7f4701ada91e31e916f992171b9418cb47d283a56e61f311581d66266cb
2025-09-11,0.325831268531922,2,12/100,isotropic_constructed_macro_nats_full_precision_v3,0552c7f4701ada91e31e916f992171b9418cb47d283a56e61f311581d66266cb
2025-09-25,0.27810051750526477,1,12/100,isotropic_constructed_macro_nats_full_precision_v3,0552c7f4701ada91e31e916f992171b9418cb47d283a56e61f311581d66266cb
2025-10-09,0.31368182321474936,1,12/100,isotropic_constructed_macro_nats_full_precision_v3,0552c7f4701ada91e31e916f992171b9418cb47d283a56e61f311581d66266cb
2025-10-23,0.36548317641250117,1,12/100,isotropic_constructed_macro_nats_full_precision_v3,0552c7f4701ada91e31e916f992171b9418cb47d283a56e61f311581d66266cb
2025-11-06,0.3171305935730897,1,12/100,isotropic_constructed_macro_nats_full_precision_v3,0552c7f4701ada91e31e916f992171b9418cb47d283a56e61f311581d66266cb
2025-11-20,0.3393407688674167,1,12/100,isotropic_constructed_macro_nats_full_precision_v3,0552c7f4701ada91e31e916f992171b9418cb47d283a56e61f311581d66266cb
2025-12-05,0.34227615761644764,1,12/100,isotropic_constructed_macro_nats_full_precision_v3,0552c7f4701ada91e31e916f992171b9418cb47d283a56e61f311581d66266cb
2025-12-19,0.3421300794692924,1,12/100,isotropic_constructed_macro_nats_full_precision_v3,0552c7f4701ada91e31e916f992171b9418cb47d283a56e61f311581d66266cb
2026-01-06,0.3585849246714458,1,12/100,isotropic_constructed_macro_nats_full_precision_v3,0552c7f4701ada91e31e916f992171b9418cb47d283a56e61f311581d66266cb
2026-01-21,0.3590676724846069,1,12/100,isotropic_constructed_macro_nats_full_precision_v3,0552c7f4701ada91e31e916f992171b9418cb47d283a56e61f311581d66266cb
2026-02-04,0.37481511185006355,1,12/100,isotropic_constructed_macro_nats_full_precision_v3,0552c7f4701ada91e31e916f992171b9418cb47d283a56e61f311581d66266cb
2026-02-19,0.3483951221122573,1,12/100,isotropic_constructed_macro_nats_full_precision_v3,0552c7f4701ada91e31e916f992171b9418cb47d283a56e61f311581d66266cb
2026-03-05,0.3555209084633785,1,12/100,isotropic_constructed_macro_nats_full_precision_v3,0552c7f4701ada91e31e916f992171b9418cb47d283a56e61f311581d66266cb
2026-03-19,0.3389465689121893,1,12/100,isotropic_constructed_macro_nats_full_precision_v3,0552c7f4701ada91e31e916f992171b9418cb47d283a56e61f311581d66266cb
2026-04-02,0.2768048354399014,3,12/100,isotropic_constructed_macro_nats_full_precision_v3,0552c7f4701ada91e31e916f992171b9418cb47d283a56e61f311581d66266cb
2026-04-17,0.2961930919105369,1,12/100,isotropic_constructed_macro_nats_full_precision_v3,0552c7f4701ada91e31e916f992171b9418cb47d283a56e61f311581d66266cb
2026-05-01,0.27690674290667516,1,12/100,isotropic_constructed_macro_nats_full_precision_v3,0552c7f4701ada91e31e916f992171b9418cb47d283a56e61f311581d66266cb
2026-05-15,0.2803069072313733,1,12/100,isotropic_constructed_macro_nats_full_precision_v3,0552c7f4701ada91e31e916f992171b9418cb47d283a56e61f311581d66266cb
2026-06-01,0.2783874757297998,1,12/100,isotropic_constructed_macro_nats_full_precision_v3,0552c7f4701ada91e31e916f992171b9418cb47d283a56e61f311581d66266cb
2026-06-15,0.3176191306916225,1,12/100,isotropic_constructed_macro_nats_full_precision_v3,0552c7f4701ada91e31e916f992171b9418cb47d283a56e61f311581d66266cb
2026-06-30,0.2988871924412725,3,12/100,isotropic_constructed_macro_nats_full_precision_v3,0552c7f4701ada91e31e916f992171b9418cb47d283a56e61f311581d66266cb
