Date,cefi,estimator_spec,estimator_sha256
1992-12-16,0.4679551464821693,isotropic_constructed_macro_nats_full_precision_v3,0552c7f4701ada91e31e916f992171b9418cb47d283a56e61f311581d66266cb
1992-12-18,0.47268966296445436,isotropic_constructed_macro_nats_full_precision_v3,0552c7f4701ada91e31e916f992171b9418cb47d283a56e61f311581d66266cb
1992-12-22,0.49273231952524005,isotropic_constructed_macro_nats_full_precision_v3,0552c7f4701ada91e31e916f992171b9418cb47d283a56e61f311581d66266cb
1992-12-24,0.4437729090060354,isotropic_constructed_macro_nats_full_precision_v3,0552c7f4701ada91e31e916f992171b9418cb47d283a56e61f311581d66266cb
1992-12-29,0.44602619117830544,isotropic_constructed_macro_nats_full_precision_v3,0552c7f4701ada91e31e916f992171b9418cb47d283a56e61f311581d66266cb
1992-12-31,0.48768416042515716,isotropic_constructed_macro_nats_full_precision_v3,0552c7f4701ada91e31e916f992171b9418cb47d283a56e61f311581d66266cb
1993-01-05,0.44268510453871746,isotropic_constructed_macro_nats_full_precision_v3,0552c7f4701ada91e31e916f992171b9418cb47d283a56e61f311581d66266cb
1993-01-07,0.4600206850851817,isotropic_constructed_macro_nats_full_precision_v3,0552c7f4701ada91e31e916f992171b9418cb47d283a56e61f311581d66266cb
1993-01-11,0.466702616348526,isotropic_constructed_macro_nats_full_precision_v3,0552c7f4701ada91e31e916f992171b9418cb47d283a56e61f311581d66266cb
1993-01-13,0.4118275846081363,isotropic_constructed_macro_nats_full_precision_v3,0552c7f4701ada91e31e916f992171b9418cb47d283a56e61f311581d66266cb
1993-01-15,0.46634771811330916,isotropic_constructed_macro_nats_full_precision_v3,0552c7f4701ada91e31e916f992171b9418cb47d283a56e61f311581d66266cb
1993-01-19,0.3824534555391741,isotropic_constructed_macro_nats_full_precision_v3,0552c7f4701ada91e31e916f992171b9418cb47d283a56e61f311581d66266cb
1993-01-21,0.44146484016283394,isotropic_constructed_macro_nats_full_precision_v3,0552c7f4701ada91e31e916f992171b9418cb47d283a56e61f311581d66266cb
1993-01-25,0.3980938131048304,isotropic_constructed_macro_nats_full_precision_v3,0552c7f4701ada91e31e916f992171b9418cb47d283a56e61f311581d66266cb
1993-01-27,0.40160026356773054,isotropic_constructed_macro_nats_full_precision_v3,0552c7f4701ada91e31e916f992171b9418cb47d283a56e61f311581d66266cb
1993-01-29,0.4188030071941934,isotropic_constructed_macro_nats_full_precision_v3,0552c7f4701ada91e31e916f992171b9418cb47d283a56e61f311581d66266cb
1993-02-02,0.4222706489332795,isotropic_constructed_macro_nats_full_precision_v3,0552c7f4701ada91e31e916f992171b9418cb47d283a56e61f311581d66266cb
1993-02-04,0.42089716971725705,isotropic_constructed_macro_nats_full_precision_v3,0552c7f4701ada91e31e916f992171b9418cb47d283a56e61f311581d66266cb
1993-02-08,0.40904557372841377,isotropic_constructed_macro_nats_full_precision_v3,0552c7f4701ada91e31e916f992171b9418cb47d283a56e61f311581d66266cb
1993-02-10,0.40478576884700185,isotropic_constructed_macro_nats_full_precision_v3,0552c7f4701ada91e31e916f992171b9418cb47d283a56e61f311581d66266cb
1993-02-12,0.40851850753177227,isotropic_constructed_macro_nats_full_precision_v3,0552c7f4701ada91e31e916f992171b9418cb47d283a56e61f311581d66266cb
1993-02-17,0.47424332523707596,isotropic_constructed_macro_nats_full_precision_v3,0552c7f4701ada91e31e916f992171b9418cb47d283a56e61f311581d66266cb
1993-02-19,0.4360963919236749,isotropic_constructed_macro_nats_full_precision_v3,0552c7f4701ada91e31e916f992171b9418cb47d283a56e61f311581d66266cb
1993-02-23,0.4196610710127078,isotropic_constructed_macro_nats_full_precision_v3,0552c7f4701ada91e31e916f992171b9418cb47d283a56e61f311581d66266cb
1993-02-25,0.41304609991288765,isotropic_constructed_macro_nats_full_precision_v3,0552c7f4701ada91e31e916f992171b9418cb47d283a56e61f311581d66266cb
1993-03-01,0.4452989947637906,isotropic_constructed_macro_nats_full_precision_v3,0552c7f4701ada91e31e916f992171b9418cb47d283a56e61f311581d66266cb
1993-03-03,0.3960801661480335,isotropic_constructed_macro_nats_full_precision_v3,0552c7f4701ada91e31e916f992171b9418cb47d283a56e61f311581d66266cb
1993-03-05,0.38270024273851594,isotropic_constructed_macro_nats_full_precision_v3,0552c7f4701ada91e31e916f992171b9418cb47d283a56e61f311581d66266cb
1993-03-09,0.3865963943191775,isotropic_constructed_macro_nats_full_precision_v3,0552c7f4701ada91e31e916f992171b9418cb47d283a56e61f311581d66266cb
1993-03-11,0.44307862227668277,isotropic_constructed_macro_nats_full_precision_v3,0552c7f4701ada91e31e916f992171b9418cb47d283a56e61f311581d66266cb
1993-03-15,0.37494657717736163,isotropic_constructed_macro_nats_full_precision_v3,0552c7f4701ada91e31e916f992171b9418cb47d283a56e61f311581d66266cb
1993-03-17,0.3436020255482895,isotropic_constructed_macro_nats_full_precision_v3,0552c7f4701ada91e31e916f992171b9418cb47d283a56e61f311581d66266cb
1993-03-19,0.3904390837568279,isotropic_constructed_macro_nats_full_precision_v3,0552c7f4701ada91e31e916f992171b9418cb47d283a56e61f311581d66266cb
1993-03-23,0.35723987513235195,isotropic_constructed_macro_nats_full_precision_v3,0552c7f4701ada91e31e916f992171b9418cb47d283a56e61f311581d66266cb
1993-03-25,0.423898281060148,isotropic_constructed_macro_nats_full_precision_v3,0552c7f4701ada91e31e916f992171b9418cb47d283a56e61f311581d66266cb
1993-03-29,0.45620997646292283,isotropic_constructed_macro_nats_full_precision_v3,0552c7f4701ada91e31e916f992171b9418cb47d283a56e61f311581d66266cb
1993-03-31,0.4246285784915573,isotropic_constructed_macro_nats_full_precision_v3,0552c7f4701ada91e31e916f992171b9418cb47d283a56e61f311581d66266cb
1993-04-02,0.3360680209867051,isotropic_constructed_macro_nats_full_precision_v3,0552c7f4701ada91e31e916f992171b9418cb47d283a56e61f311581d66266cb
1993-04-06,0.34605088300931125,isotropic_constructed_macro_nats_full_precision_v3,0552c7f4701ada91e31e916f992171b9418cb47d283a56e61f311581d66266cb
1993-04-08,0.3405699377292056,isotropic_constructed_macro_nats_full_precision_v3,0552c7f4701ada91e31e916f992171b9418cb47d283a56e61f311581d66266cb
1993-04-13,0.3930219868328679,isotropic_constructed_macro_nats_full_precision_v3,0552c7f4701ada91e31e916f992171b9418cb47d283a56e61f311581d66266cb
1993-04-15,0.4626550327524632,isotropic_constructed_macro_nats_full_precision_v3,0552c7f4701ada91e31e916f992171b9418cb47d283a56e61f311581d66266cb
1993-04-19,0.3753077973827284,isotropic_constructed_macro_nats_full_precision_v3,0552c7f4701ada91e31e916f992171b9418cb47d283a56e61f311581d66266cb
1993-04-21,0.40018801118828334,isotropic_constructed_macro_nats_full_precision_v3,0552c7f4701ada91e31e916f992171b9418cb47d283a56e61f311581d66266cb
1993-04-23,0.3804664817277576,isotropic_constructed_macro_nats_full_precision_v3,0552c7f4701ada91e31e916f992171b9418cb47d283a56e61f311581d66266cb
1993-04-27,0.34575809537905644,isotropic_constructed_macro_nats_full_precision_v3,0552c7f4701ada91e31e916f992171b9418cb47d283a56e61f311581d66266cb
1993-04-29,0.42998166593252213,isotropic_constructed_macro_nats_full_precision_v3,0552c7f4701ada91e31e916f992171b9418cb47d283a56e61f311581d66266cb
1993-05-03,0.34682604453224847,isotropic_constructed_macro_nats_full_precision_v3,0552c7f4701ada91e31e916f992171b9418cb47d283a56e61f311581d66266cb
1993-05-05,0.33979523918637256,isotropic_constructed_macro_nats_full_precision_v3,0552c7f4701ada91e31e916f992171b9418cb47d283a56e61f311581d66266cb
1993-05-07,0.38990164003471894,isotropic_constructed_macro_nats_full_precision_v3,0552c7f4701ada91e31e916f992171b9418cb47d283a56e61f311581d66266cb
1993-05-11,0.34598691420970984,isotropic_constructed_macro_nats_full_precision_v3,0552c7f4701ada91e31e916f992171b9418cb47d283a56e61f311581d66266cb
1993-05-13,0.35028267457285256,isotropic_constructed_macro_nats_full_precision_v3,0552c7f4701ada91e31e916f992171b9418cb47d283a56e61f311581d66266cb
1993-05-17,0.3523319492374862,isotropic_constructed_macro_nats_full_precision_v3,0552c7f4701ada91e31e916f992171b9418cb47d283a56e61f311581d66266cb
1993-05-19,0.35105246178349087,isotropic_constructed_macro_nats_full_precision_v3,0552c7f4701ada91e31e916f992171b9418cb47d283a56e61f311581d66266cb
1993-05-21,0.3786167376133391,isotropic_constructed_macro_nats_full_precision_v3,0552c7f4701ada91e31e916f992171b9418cb47d283a56e61f311581d66266cb
1993-05-25,0.3794273187948085,isotropic_constructed_macro_nats_full_precision_v3,0552c7f4701ada91e31e916f992171b9418cb47d283a56e61f311581d66266cb
1993-05-27,0.37780946436945423,isotropic_constructed_macro_nats_full_precision_v3,0552c7f4701ada91e31e916f992171b9418cb47d283a56e61f311581d66266cb
1993-06-01,0.36064132306447066,isotropic_constructed_macro_nats_full_precision_v3,0552c7f4701ada91e31e916f992171b9418cb47d283a56e61f311581d66266cb
1993-06-03,0.3635476521195392,isotropic_constructed_macro_nats_full_precision_v3,0552c7f4701ada91e31e916f992171b9418cb47d283a56e61f311581d66266cb
1993-06-07,0.3671039904230152,isotropic_constructed_macro_nats_full_precision_v3,0552c7f4701ada91e31e916f992171b9418cb47d283a56e61f311581d66266cb
1993-06-09,0.3739587657156237,isotropic_constructed_macro_nats_full_precision_v3,0552c7f4701ada91e31e916f992171b9418cb47d283a56e61f311581d66266cb
1993-06-11,0.3831950573121566,isotropic_constructed_macro_nats_full_precision_v3,0552c7f4701ada91e31e916f992171b9418cb47d283a56e61f311581d66266cb
1993-06-15,0.3852222922615113,isotropic_constructed_macro_nats_full_precision_v3,0552c7f4701ada91e31e916f992171b9418cb47d283a56e61f311581d66266cb
1993-06-17,0.39467926301509304,isotropic_constructed_macro_nats_full_precision_v3,0552c7f4701ada91e31e916f992171b9418cb47d283a56e61f311581d66266cb
1993-06-21,0.3971637587231555,isotropic_constructed_macro_nats_full_precision_v3,0552c7f4701ada91e31e916f992171b9418cb47d283a56e61f311581d66266cb
1993-06-23,0.4055998989339294,isotropic_constructed_macro_nats_full_precision_v3,0552c7f4701ada91e31e916f992171b9418cb47d283a56e61f311581d66266cb
1993-06-25,0.4042556666350093,isotropic_constructed_macro_nats_full_precision_v3,0552c7f4701ada91e31e916f992171b9418cb47d283a56e61f311581d66266cb
1993-06-29,0.39807184238845955,isotropic_constructed_macro_nats_full_precision_v3,0552c7f4701ada91e31e916f992171b9418cb47d283a56e61f311581d66266cb
1993-07-01,0.400642107734055,isotropic_constructed_macro_nats_full_precision_v3,0552c7f4701ada91e31e916f992171b9418cb47d283a56e61f311581d66266cb
1993-07-06,0.3970864873867871,isotropic_constructed_macro_nats_full_precision_v3,0552c7f4701ada91e31e916f992171b9418cb47d283a56e61f311581d66266cb
1993-07-08,0.4067987876653254,isotropic_constructed_macro_nats_full_precision_v3,0552c7f4701ada91e31e916f992171b9418cb47d283a56e61f311581d66266cb
1993-07-12,0.4084463708511179,isotropic_constructed_macro_nats_full_precision_v3,0552c7f4701ada91e31e916f992171b9418cb47d283a56e61f311581d66266cb
1993-07-14,0.4177607690132295,isotropic_constructed_macro_nats_full_precision_v3,0552c7f4701ada91e31e916f992171b9418cb47d283a56e61f311581d66266cb
1993-07-16,0.39508512347295754,isotropic_constructed_macro_nats_full_precision_v3,0552c7f4701ada91e31e916f992171b9418cb47d283a56e61f311581d66266cb
1993-07-20,0.42104563039962356,isotropic_constructed_macro_nats_full_precision_v3,0552c7f4701ada91e31e916f992171b9418cb47d283a56e61f311581d66266cb
1993-07-22,0.39428299075930406,isotropic_constructed_macro_nats_full_precision_v3,0552c7f4701ada91e31e916f992171b9418cb47d283a56e61f311581d66266cb
1993-07-26,0.37875732973796633,isotropic_constructed_macro_nats_full_precision_v3,0552c7f4701ada91e31e916f992171b9418cb47d283a56e61f311581d66266cb
1993-07-28,0.3881418477854487,isotropic_constructed_macro_nats_full_precision_v3,0552c7f4701ada91e31e916f992171b9418cb47d283a56e61f311581d66266cb
1993-07-30,0.3741365282347012,isotropic_constructed_macro_nats_full_precision_v3,0552c7f4701ada91e31e916f992171b9418cb47d283a56e61f311581d66266cb
1993-08-03,0.36947768361099587,isotropic_constructed_macro_nats_full_precision_v3,0552c7f4701ada91e31e916f992171b9418cb47d283a56e61f311581d66266cb
1993-08-05,0.37274208187837665,isotropic_constructed_macro_nats_full_precision_v3,0552c7f4701ada91e31e916f992171b9418cb47d283a56e61f311581d66266cb
1993-08-09,0.3878596986145926,isotropic_constructed_macro_nats_full_precision_v3,0552c7f4701ada91e31e916f992171b9418cb47d283a56e61f311581d66266cb
1993-08-11,0.43456685123015,isotropic_constructed_macro_nats_full_precision_v3,0552c7f4701ada91e31e916f992171b9418cb47d283a56e61f311581d66266cb
1993-08-13,0.42833815559081206,isotropic_constructed_macro_nats_full_precision_v3,0552c7f4701ada91e31e916f992171b9418cb47d283a56e61f311581d66266cb
1993-08-17,0.42131056707363806,isotropic_constructed_macro_nats_full_precision_v3,0552c7f4701ada91e31e916f992171b9418cb47d283a56e61f311581d66266cb
1993-08-19,0.39638388843841216,isotropic_constructed_macro_nats_full_precision_v3,0552c7f4701ada91e31e916f992171b9418cb47d283a56e61f311581d66266cb
1993-08-23,0.43267213720528486,isotropic_constructed_macro_nats_full_precision_v3,0552c7f4701ada91e31e916f992171b9418cb47d283a56e61f311581d66266cb
1993-08-25,0.4346094122935168,isotropic_constructed_macro_nats_full_precision_v3,0552c7f4701ada91e31e916f992171b9418cb47d283a56e61f311581d66266cb
1993-08-27,0.4018843804306007,isotropic_constructed_macro_nats_full_precision_v3,0552c7f4701ada91e31e916f992171b9418cb47d283a56e61f311581d66266cb
1993-08-31,0.43379624069385025,isotropic_constructed_macro_nats_full_precision_v3,0552c7f4701ada91e31e916f992171b9418cb47d283a56e61f311581d66266cb
1993-09-02,0.3932446786878723,isotropic_constructed_macro_nats_full_precision_v3,0552c7f4701ada91e31e916f992171b9418cb47d283a56e61f311581d66266cb
1993-09-07,0.4102899696380875,isotropic_constructed_macro_nats_full_precision_v3,0552c7f4701ada91e31e916f992171b9418cb47d283a56e61f311581d66266cb
1993-09-09,0.4102547185880252,isotropic_constructed_macro_nats_full_precision_v3,0552c7f4701ada91e31e916f992171b9418cb47d283a56e61f311581d66266cb
1993-09-13,0.4371803250296787,isotropic_constructed_macro_nats_full_precision_v3,0552c7f4701ada91e31e916f992171b9418cb47d283a56e61f311581d66266cb
1993-09-15,0.43858203259880746,isotropic_constructed_macro_nats_full_precision_v3,0552c7f4701ada91e31e916f992171b9418cb47d283a56e61f311581d66266cb
1993-09-17,0.4441553303034514,isotropic_constructed_macro_nats_full_precision_v3,0552c7f4701ada91e31e916f992171b9418cb47d283a56e61f311581d66266cb
1993-09-21,0.440860184496231,isotropic_constructed_macro_nats_full_precision_v3,0552c7f4701ada91e31e916f992171b9418cb47d283a56e61f311581d66266cb
1993-09-23,0.4377048824225395,isotropic_constructed_macro_nats_full_precision_v3,0552c7f4701ada91e31e916f992171b9418cb47d283a56e61f311581d66266cb
1993-09-27,0.4416398524057695,isotropic_constructed_macro_nats_full_precision_v3,0552c7f4701ada91e31e916f992171b9418cb47d283a56e61f311581d66266cb
1993-09-29,0.43035367615174575,isotropic_constructed_macro_nats_full_precision_v3,0552c7f4701ada91e31e916f992171b9418cb47d283a56e61f311581d66266cb
1993-10-01,0.4370408662925123,isotropic_constructed_macro_nats_full_precision_v3,0552c7f4701ada91e31e916f992171b9418cb47d283a56e61f311581d66266cb
1993-10-05,0.4282982454332679,isotropic_constructed_macro_nats_full_precision_v3,0552c7f4701ada91e31e916f992171b9418cb47d283a56e61f311581d66266cb
1993-10-07,0.4278542876427595,isotropic_constructed_macro_nats_full_precision_v3,0552c7f4701ada91e31e916f992171b9418cb47d283a56e61f311581d66266cb
1993-10-11,0.42322829202407086,isotropic_constructed_macro_nats_full_precision_v3,0552c7f4701ada91e31e916f992171b9418cb47d283a56e61f311581d66266cb
1993-10-13,0.43325907774649275,isotropic_constructed_macro_nats_full_precision_v3,0552c7f4701ada91e31e916f992171b9418cb47d283a56e61f311581d66266cb
1993-10-15,0.42378847928792823,isotropic_constructed_macro_nats_full_precision_v3,0552c7f4701ada91e31e916f992171b9418cb47d283a56e61f311581d66266cb
1993-10-19,0.41393322773686625,isotropic_constructed_macro_nats_full_precision_v3,0552c7f4701ada91e31e916f992171b9418cb47d283a56e61f311581d66266cb
1993-10-21,0.40799121984891085,isotropic_constructed_macro_nats_full_precision_v3,0552c7f4701ada91e31e916f992171b9418cb47d283a56e61f311581d66266cb
1993-10-25,0.40923508774519,isotropic_constructed_macro_nats_full_precision_v3,0552c7f4701ada91e31e916f992171b9418cb47d283a56e61f311581d66266cb
1993-10-27,0.4135414659983541,isotropic_constructed_macro_nats_full_precision_v3,0552c7f4701ada91e31e916f992171b9418cb47d283a56e61f311581d66266cb
1993-10-29,0.4162722868464475,isotropic_constructed_macro_nats_full_precision_v3,0552c7f4701ada91e31e916f992171b9418cb47d283a56e61f311581d66266cb
1993-11-02,0.411700660406796,isotropic_constructed_macro_nats_full_precision_v3,0552c7f4701ada91e31e916f992171b9418cb47d283a56e61f311581d66266cb
1993-11-04,0.46445572387580947,isotropic_constructed_macro_nats_full_precision_v3,0552c7f4701ada91e31e916f992171b9418cb47d283a56e61f311581d66266cb
1993-11-08,0.4520214421424446,isotropic_constructed_macro_nats_full_precision_v3,0552c7f4701ada91e31e916f992171b9418cb47d283a56e61f311581d66266cb
1993-11-10,0.45426441969968917,isotropic_constructed_macro_nats_full_precision_v3,0552c7f4701ada91e31e916f992171b9418cb47d283a56e61f311581d66266cb
1993-11-12,0.44705887057813526,isotropic_constructed_macro_nats_full_precision_v3,0552c7f4701ada91e31e916f992171b9418cb47d283a56e61f311581d66266cb
1993-11-16,0.4094350920807777,isotropic_constructed_macro_nats_full_precision_v3,0552c7f4701ada91e31e916f992171b9418cb47d283a56e61f311581d66266cb
1993-11-18,0.39207619966033497,isotropic_constructed_macro_nats_full_precision_v3,0552c7f4701ada91e31e916f992171b9418cb47d283a56e61f311581d66266cb
1993-11-22,0.38846273433247336,isotropic_constructed_macro_nats_full_precision_v3,0552c7f4701ada91e31e916f992171b9418cb47d283a56e61f311581d66266cb
1993-11-24,0.3824591559558653,isotropic_constructed_macro_nats_full_precision_v3,0552c7f4701ada91e31e916f992171b9418cb47d283a56e61f311581d66266cb
1993-11-29,0.3797807515845517,isotropic_constructed_macro_nats_full_precision_v3,0552c7f4701ada91e31e916f992171b9418cb47d283a56e61f311581d66266cb
1993-12-01,0.3779802052005241,isotropic_constructed_macro_nats_full_precision_v3,0552c7f4701ada91e31e916f992171b9418cb47d283a56e61f311581d66266cb
1993-12-03,0.3737726667375557,isotropic_constructed_macro_nats_full_precision_v3,0552c7f4701ada91e31e916f992171b9418cb47d283a56e61f311581d66266cb
1993-12-07,0.36660940812521325,isotropic_constructed_macro_nats_full_precision_v3,0552c7f4701ada91e31e916f992171b9418cb47d283a56e61f311581d66266cb
1993-12-09,0.3638810774496464,isotropic_constructed_macro_nats_full_precision_v3,0552c7f4701ada91e31e916f992171b9418cb47d283a56e61f311581d66266cb
1993-12-13,0.36051173839694756,isotropic_constructed_macro_nats_full_precision_v3,0552c7f4701ada91e31e916f992171b9418cb47d283a56e61f311581d66266cb
1993-12-15,0.3598271484281553,isotropic_constructed_macro_nats_full_precision_v3,0552c7f4701ada91e31e916f992171b9418cb47d283a56e61f311581d66266cb
1993-12-17,0.3625075016594742,isotropic_constructed_macro_nats_full_precision_v3,0552c7f4701ada91e31e916f992171b9418cb47d283a56e61f311581d66266cb
1993-12-21,0.36443788921322595,isotropic_constructed_macro_nats_full_precision_v3,0552c7f4701ada91e31e916f992171b9418cb47d283a56e61f311581d66266cb
1993-12-23,0.36573630242549254,isotropic_constructed_macro_nats_full_precision_v3,0552c7f4701ada91e31e916f992171b9418cb47d283a56e61f311581d66266cb
1993-12-28,0.36593918985147367,isotropic_constructed_macro_nats_full_precision_v3,0552c7f4701ada91e31e916f992171b9418cb47d283a56e61f311581d66266cb
1993-12-30,0.3572089323459196,isotropic_constructed_macro_nats_full_precision_v3,0552c7f4701ada91e31e916f992171b9418cb47d283a56e61f311581d66266cb
1994-01-03,0.3630345614552197,isotropic_constructed_macro_nats_full_precision_v3,0552c7f4701ada91e31e916f992171b9418cb47d283a56e61f311581d66266cb
1994-01-05,0.3532993472189223,isotropic_constructed_macro_nats_full_precision_v3,0552c7f4701ada91e31e916f992171b9418cb47d283a56e61f311581d66266cb
1994-01-07,0.3458157786994552,isotropic_constructed_macro_nats_full_precision_v3,0552c7f4701ada91e31e916f992171b9418cb47d283a56e61f311581d66266cb
1994-01-11,0.33861322302172125,isotropic_constructed_macro_nats_full_precision_v3,0552c7f4701ada91e31e916f992171b9418cb47d283a56e61f311581d66266cb
1994-01-13,0.3335031459433354,isotropic_constructed_macro_nats_full_precision_v3,0552c7f4701ada91e31e916f992171b9418cb47d283a56e61f311581d66266cb
1994-01-17,0.34128527013287047,isotropic_constructed_macro_nats_full_precision_v3,0552c7f4701ada91e31e916f992171b9418cb47d283a56e61f311581d66266cb
1994-01-19,0.3334439687419273,isotropic_constructed_macro_nats_full_precision_v3,0552c7f4701ada91e31e916f992171b9418cb47d283a56e61f311581d66266cb
1994-01-21,0.3533893709331093,isotropic_constructed_macro_nats_full_precision_v3,0552c7f4701ada91e31e916f992171b9418cb47d283a56e61f311581d66266cb
1994-01-25,0.3566013215182453,isotropic_constructed_macro_nats_full_precision_v3,0552c7f4701ada91e31e916f992171b9418cb47d283a56e61f311581d66266cb
1994-01-27,0.3532640274009459,isotropic_constructed_macro_nats_full_precision_v3,0552c7f4701ada91e31e916f992171b9418cb47d283a56e61f311581d66266cb
1994-01-31,0.3287233171273758,isotropic_constructed_macro_nats_full_precision_v3,0552c7f4701ada91e31e916f992171b9418cb47d283a56e61f311581d66266cb
1994-02-02,0.3265923798167738,isotropic_constructed_macro_nats_full_precision_v3,0552c7f4701ada91e31e916f992171b9418cb47d283a56e61f311581d66266cb
1994-02-04,0.3295340640315388,isotropic_constructed_macro_nats_full_precision_v3,0552c7f4701ada91e31e916f992171b9418cb47d283a56e61f311581d66266cb
1994-02-08,0.33140266751320324,isotropic_constructed_macro_nats_full_precision_v3,0552c7f4701ada91e31e916f992171b9418cb47d283a56e61f311581d66266cb
1994-02-10,0.3215492569515827,isotropic_constructed_macro_nats_full_precision_v3,0552c7f4701ada91e31e916f992171b9418cb47d283a56e61f311581d66266cb
1994-02-14,0.30976263168772006,isotropic_constructed_macro_nats_full_precision_v3,0552c7f4701ada91e31e916f992171b9418cb47d283a56e61f311581d66266cb
1994-02-16,0.3106462126505475,isotropic_constructed_macro_nats_full_precision_v3,0552c7f4701ada91e31e916f992171b9418cb47d283a56e61f311581d66266cb
1994-02-18,0.30302082693350396,isotropic_constructed_macro_nats_full_precision_v3,0552c7f4701ada91e31e916f992171b9418cb47d283a56e61f311581d66266cb
1994-02-23,0.28849494821349675,isotropic_constructed_macro_nats_full_precision_v3,0552c7f4701ada91e31e916f992171b9418cb47d283a56e61f311581d66266cb
1994-02-25,0.29246480524454493,isotropic_constructed_macro_nats_full_precision_v3,0552c7f4701ada91e31e916f992171b9418cb47d283a56e61f311581d66266cb
1994-03-01,0.2917612301923363,isotropic_constructed_macro_nats_full_precision_v3,0552c7f4701ada91e31e916f992171b9418cb47d283a56e61f311581d66266cb
1994-03-03,0.2905240427328914,isotropic_constructed_macro_nats_full_precision_v3,0552c7f4701ada91e31e916f992171b9418cb47d283a56e61f311581d66266cb
1994-03-07,0.2965815844774635,isotropic_constructed_macro_nats_full_precision_v3,0552c7f4701ada91e31e916f992171b9418cb47d283a56e61f311581d66266cb
1994-03-09,0.27421029935129876,isotropic_constructed_macro_nats_full_precision_v3,0552c7f4701ada91e31e916f992171b9418cb47d283a56e61f311581d66266cb
1994-03-11,0.27353533842823474,isotropic_constructed_macro_nats_full_precision_v3,0552c7f4701ada91e31e916f992171b9418cb47d283a56e61f311581d66266cb
1994-03-15,0.2747910633294499,isotropic_constructed_macro_nats_full_precision_v3,0552c7f4701ada91e31e916f992171b9418cb47d283a56e61f311581d66266cb
1994-03-17,0.27726810320831075,isotropic_constructed_macro_nats_full_precision_v3,0552c7f4701ada91e31e916f992171b9418cb47d283a56e61f311581d66266cb
1994-03-21,0.26825359975967944,isotropic_constructed_macro_nats_full_precision_v3,0552c7f4701ada91e31e916f992171b9418cb47d283a56e61f311581d66266cb
1994-03-23,0.2634244594207554,isotropic_constructed_macro_nats_full_precision_v3,0552c7f4701ada91e31e916f992171b9418cb47d283a56e61f311581d66266cb
1994-03-25,0.2585357977000527,isotropic_constructed_macro_nats_full_precision_v3,0552c7f4701ada91e31e916f992171b9418cb47d283a56e61f311581d66266cb
1994-03-29,0.24416046659992627,isotropic_constructed_macro_nats_full_precision_v3,0552c7f4701ada91e31e916f992171b9418cb47d283a56e61f311581d66266cb
1994-03-31,0.2535891313341042,isotropic_constructed_macro_nats_full_precision_v3,0552c7f4701ada91e31e916f992171b9418cb47d283a56e61f311581d66266cb
1994-04-05,0.24108675399651885,isotropic_constructed_macro_nats_full_precision_v3,0552c7f4701ada91e31e916f992171b9418cb47d283a56e61f311581d66266cb
1994-04-07,0.24429707510811127,isotropic_constructed_macro_nats_full_precision_v3,0552c7f4701ada91e31e916f992171b9418cb47d283a56e61f311581d66266cb
1994-04-11,0.23765604222064873,isotropic_constructed_macro_nats_full_precision_v3,0552c7f4701ada91e31e916f992171b9418cb47d283a56e61f311581d66266cb
1994-04-13,0.23629853693191555,isotropic_constructed_macro_nats_full_precision_v3,0552c7f4701ada91e31e916f992171b9418cb47d283a56e61f311581d66266cb
1994-04-15,0.23140837226468178,isotropic_constructed_macro_nats_full_precision_v3,0552c7f4701ada91e31e916f992171b9418cb47d283a56e61f311581d66266cb
1994-04-19,0.23314574443448682,isotropic_constructed_macro_nats_full_precision_v3,0552c7f4701ada91e31e916f992171b9418cb47d283a56e61f311581d66266cb
1994-04-21,0.22776696006139113,isotropic_constructed_macro_nats_full_precision_v3,0552c7f4701ada91e31e916f992171b9418cb47d283a56e61f311581d66266cb
1994-04-25,0.231283505487901,isotropic_constructed_macro_nats_full_precision_v3,0552c7f4701ada91e31e916f992171b9418cb47d283a56e61f311581d66266cb
1994-04-28,0.2287080822652849,isotropic_constructed_macro_nats_full_precision_v3,0552c7f4701ada91e31e916f992171b9418cb47d283a56e61f311581d66266cb
1994-05-02,0.2292097460067392,isotropic_constructed_macro_nats_full_precision_v3,0552c7f4701ada91e31e916f992171b9418cb47d283a56e61f311581d66266cb
1994-05-04,0.23394519868855373,isotropic_constructed_macro_nats_full_precision_v3,0552c7f4701ada91e31e916f992171b9418cb47d283a56e61f311581d66266cb
1994-05-06,0.24208793084642427,isotropic_constructed_macro_nats_full_precision_v3,0552c7f4701ada91e31e916f992171b9418cb47d283a56e61f311581d66266cb
1994-05-10,0.24909350537684438,isotropic_constructed_macro_nats_full_precision_v3,0552c7f4701ada91e31e916f992171b9418cb47d283a56e61f311581d66266cb
1994-05-12,0.24639171299494872,isotropic_constructed_macro_nats_full_precision_v3,0552c7f4701ada91e31e916f992171b9418cb47d283a56e61f311581d66266cb
1994-05-16,0.24571059932023714,isotropic_constructed_macro_nats_full_precision_v3,0552c7f4701ada91e31e916f992171b9418cb47d283a56e61f311581d66266cb
1994-05-18,0.2481725700622249,isotropic_constructed_macro_nats_full_precision_v3,0552c7f4701ada91e31e916f992171b9418cb47d283a56e61f311581d66266cb
1994-05-20,0.25665931627058514,isotropic_constructed_macro_nats_full_precision_v3,0552c7f4701ada91e31e916f992171b9418cb47d283a56e61f311581d66266cb
1994-05-24,0.2562018767685575,isotropic_constructed_macro_nats_full_precision_v3,0552c7f4701ada91e31e916f992171b9418cb47d283a56e61f311581d66266cb
1994-05-26,0.2549437091878447,isotropic_constructed_macro_nats_full_precision_v3,0552c7f4701ada91e31e916f992171b9418cb47d283a56e61f311581d66266cb
1994-05-31,0.2554556494173761,isotropic_constructed_macro_nats_full_precision_v3,0552c7f4701ada91e31e916f992171b9418cb47d283a56e61f311581d66266cb
1994-06-02,0.2488207932620793,isotropic_constructed_macro_nats_full_precision_v3,0552c7f4701ada91e31e916f992171b9418cb47d283a56e61f311581d66266cb
1994-06-06,0.2489842680329098,isotropic_constructed_macro_nats_full_precision_v3,0552c7f4701ada91e31e916f992171b9418cb47d283a56e61f311581d66266cb
1994-06-08,0.24667918320872423,isotropic_constructed_macro_nats_full_precision_v3,0552c7f4701ada91e31e916f992171b9418cb47d283a56e61f311581d66266cb
1994-06-10,0.2560738261110372,isotropic_constructed_macro_nats_full_precision_v3,0552c7f4701ada91e31e916f992171b9418cb47d283a56e61f311581d66266cb
1994-06-14,0.255340454329141,isotropic_constructed_macro_nats_full_precision_v3,0552c7f4701ada91e31e916f992171b9418cb47d283a56e61f311581d66266cb
1994-06-16,0.25278215207501686,isotropic_constructed_macro_nats_full_precision_v3,0552c7f4701ada91e31e916f992171b9418cb47d283a56e61f311581d66266cb
1994-06-20,0.24881614226376203,isotropic_constructed_macro_nats_full_precision_v3,0552c7f4701ada91e31e916f992171b9418cb47d283a56e61f311581d66266cb
1994-06-22,0.24895665610562745,isotropic_constructed_macro_nats_full_precision_v3,0552c7f4701ada91e31e916f992171b9418cb47d283a56e61f311581d66266cb
1994-06-24,0.25076584278608205,isotropic_constructed_macro_nats_full_precision_v3,0552c7f4701ada91e31e916f992171b9418cb47d283a56e61f311581d66266cb
1994-06-28,0.25292750236894024,isotropic_constructed_macro_nats_full_precision_v3,0552c7f4701ada91e31e916f992171b9418cb47d283a56e61f311581d66266cb
1994-06-30,0.24816479674853079,isotropic_constructed_macro_nats_full_precision_v3,0552c7f4701ada91e31e916f992171b9418cb47d283a56e61f311581d66266cb
1994-07-05,0.24804406048699612,isotropic_constructed_macro_nats_full_precision_v3,0552c7f4701ada91e31e916f992171b9418cb47d283a56e61f311581d66266cb
1994-07-07,0.2470861299865201,isotropic_constructed_macro_nats_full_precision_v3,0552c7f4701ada91e31e916f992171b9418cb47d283a56e61f311581d66266cb
1994-07-11,0.24375699454284122,isotropic_constructed_macro_nats_full_precision_v3,0552c7f4701ada91e31e916f992171b9418cb47d283a56e61f311581d66266cb
1994-07-13,0.2366346160669485,isotropic_constructed_macro_nats_full_precision_v3,0552c7f4701ada91e31e916f992171b9418cb47d283a56e61f311581d66266cb
1994-07-15,0.23197700848011796,isotropic_constructed_macro_nats_full_precision_v3,0552c7f4701ada91e31e916f992171b9418cb47d283a56e61f311581d66266cb
1994-07-19,0.23075542178993547,isotropic_constructed_macro_nats_full_precision_v3,0552c7f4701ada91e31e916f992171b9418cb47d283a56e61f311581d66266cb
1994-07-21,0.23358980950346944,isotropic_constructed_macro_nats_full_precision_v3,0552c7f4701ada91e31e916f992171b9418cb47d283a56e61f311581d66266cb
1994-07-25,0.23768494943235474,isotropic_constructed_macro_nats_full_precision_v3,0552c7f4701ada91e31e916f992171b9418cb47d283a56e61f311581d66266cb
1994-07-27,0.24425810720336685,isotropic_constructed_macro_nats_full_precision_v3,0552c7f4701ada91e31e916f992171b9418cb47d283a56e61f311581d66266cb
1994-07-29,0.22013532666762103,isotropic_constructed_macro_nats_full_precision_v3,0552c7f4701ada91e31e916f992171b9418cb47d283a56e61f311581d66266cb
1994-08-02,0.21110696535537976,isotropic_constructed_macro_nats_full_precision_v3,0552c7f4701ada91e31e916f992171b9418cb47d283a56e61f311581d66266cb
1994-08-04,0.21107663905807456,isotropic_constructed_macro_nats_full_precision_v3,0552c7f4701ada91e31e916f992171b9418cb47d283a56e61f311581d66266cb
1994-08-08,0.21708561392635736,isotropic_constructed_macro_nats_full_precision_v3,0552c7f4701ada91e31e916f992171b9418cb47d283a56e61f311581d66266cb
1994-08-10,0.19375842675805482,isotropic_constructed_macro_nats_full_precision_v3,0552c7f4701ada91e31e916f992171b9418cb47d283a56e61f311581d66266cb
1994-08-12,0.19293484376615186,isotropic_constructed_macro_nats_full_precision_v3,0552c7f4701ada91e31e916f992171b9418cb47d283a56e61f311581d66266cb
1994-08-16,0.1928336374919557,isotropic_constructed_macro_nats_full_precision_v3,0552c7f4701ada91e31e916f992171b9418cb47d283a56e61f311581d66266cb
1994-08-18,0.2050870638209198,isotropic_constructed_macro_nats_full_precision_v3,0552c7f4701ada91e31e916f992171b9418cb47d283a56e61f311581d66266cb
1994-08-22,0.20925952271980552,isotropic_constructed_macro_nats_full_precision_v3,0552c7f4701ada91e31e916f992171b9418cb47d283a56e61f311581d66266cb
1994-08-24,0.20933493234538253,isotropic_constructed_macro_nats_full_precision_v3,0552c7f4701ada91e31e916f992171b9418cb47d283a56e61f311581d66266cb
1994-08-26,0.21229340796543367,isotropic_constructed_macro_nats_full_precision_v3,0552c7f4701ada91e31e916f992171b9418cb47d283a56e61f311581d66266cb
1994-08-30,0.21051377721737813,isotropic_constructed_macro_nats_full_precision_v3,0552c7f4701ada91e31e916f992171b9418cb47d283a56e61f311581d66266cb
1994-09-01,0.2101397036989192,isotropic_constructed_macro_nats_full_precision_v3,0552c7f4701ada91e31e916f992171b9418cb47d283a56e61f311581d66266cb
1994-09-06,0.20259702781459227,isotropic_constructed_macro_nats_full_precision_v3,0552c7f4701ada91e31e916f992171b9418cb47d283a56e61f311581d66266cb
1994-09-08,0.2049065777308123,isotropic_constructed_macro_nats_full_precision_v3,0552c7f4701ada91e31e916f992171b9418cb47d283a56e61f311581d66266cb
1994-09-12,0.2098991297471119,isotropic_constructed_macro_nats_full_precision_v3,0552c7f4701ada91e31e916f992171b9418cb47d283a56e61f311581d66266cb
1994-09-14,0.20800763057007204,isotropic_constructed_macro_nats_full_precision_v3,0552c7f4701ada91e31e916f992171b9418cb47d283a56e61f311581d66266cb
1994-09-16,0.21089300604478095,isotropic_constructed_macro_nats_full_precision_v3,0552c7f4701ada91e31e916f992171b9418cb47d283a56e61f311581d66266cb
1994-09-20,0.21660398607557946,isotropic_constructed_macro_nats_full_precision_v3,0552c7f4701ada91e31e916f992171b9418cb47d283a56e61f311581d66266cb
1994-09-22,0.19694674634625448,isotropic_constructed_macro_nats_full_precision_v3,0552c7f4701ada91e31e916f992171b9418cb47d283a56e61f311581d66266cb
1994-09-26,0.1864695422741751,isotropic_constructed_macro_nats_full_precision_v3,0552c7f4701ada91e31e916f992171b9418cb47d283a56e61f311581d66266cb
1994-09-28,0.19011018115908887,isotropic_constructed_macro_nats_full_precision_v3,0552c7f4701ada91e31e916f992171b9418cb47d283a56e61f311581d66266cb
1994-09-30,0.19075378985356034,isotropic_constructed_macro_nats_full_precision_v3,0552c7f4701ada91e31e916f992171b9418cb47d283a56e61f311581d66266cb
1994-10-04,0.19991371624524004,isotropic_constructed_macro_nats_full_precision_v3,0552c7f4701ada91e31e916f992171b9418cb47d283a56e61f311581d66266cb
1994-10-06,0.21377971646656335,isotropic_constructed_macro_nats_full_precision_v3,0552c7f4701ada91e31e916f992171b9418cb47d283a56e61f311581d66266cb
1994-10-10,0.22557119852023752,isotropic_constructed_macro_nats_full_precision_v3,0552c7f4701ada91e31e916f992171b9418cb47d283a56e61f311581d66266cb
1994-10-12,0.23120210061622218,isotropic_constructed_macro_nats_full_precision_v3,0552c7f4701ada91e31e916f992171b9418cb47d283a56e61f311581d66266cb
1994-10-14,0.23108176139183928,isotropic_constructed_macro_nats_full_precision_v3,0552c7f4701ada91e31e916f992171b9418cb47d283a56e61f311581d66266cb
1994-10-18,0.2403966500138764,isotropic_constructed_macro_nats_full_precision_v3,0552c7f4701ada91e31e916f992171b9418cb47d283a56e61f311581d66266cb
1994-10-20,0.246297094486913,isotropic_constructed_macro_nats_full_precision_v3,0552c7f4701ada91e31e916f992171b9418cb47d283a56e61f311581d66266cb
1994-10-24,0.24297939385737177,isotropic_constructed_macro_nats_full_precision_v3,0552c7f4701ada91e31e916f992171b9418cb47d283a56e61f311581d66266cb
1994-10-26,0.23872129810680065,isotropic_constructed_macro_nats_full_precision_v3,0552c7f4701ada91e31e916f992171b9418cb47d283a56e61f311581d66266cb
1994-10-28,0.24224099101546426,isotropic_constructed_macro_nats_full_precision_v3,0552c7f4701ada91e31e916f992171b9418cb47d283a56e61f311581d66266cb
1994-11-01,0.24189400102937936,isotropic_constructed_macro_nats_full_precision_v3,0552c7f4701ada91e31e916f992171b9418cb47d283a56e61f311581d66266cb
1994-11-03,0.2343191347293379,isotropic_constructed_macro_nats_full_precision_v3,0552c7f4701ada91e31e916f992171b9418cb47d283a56e61f311581d66266cb
1994-11-07,0.23112715442159104,isotropic_constructed_macro_nats_full_precision_v3,0552c7f4701ada91e31e916f992171b9418cb47d283a56e61f311581d66266cb
1994-11-09,0.1875007470902915,isotropic_constructed_macro_nats_full_precision_v3,0552c7f4701ada91e31e916f992171b9418cb47d283a56e61f311581d66266cb
1994-11-11,0.1889321229169057,isotropic_constructed_macro_nats_full_precision_v3,0552c7f4701ada91e31e916f992171b9418cb47d283a56e61f311581d66266cb
1994-11-15,0.18740034513037168,isotropic_constructed_macro_nats_full_precision_v3,0552c7f4701ada91e31e916f992171b9418cb47d283a56e61f311581d66266cb
1994-11-17,0.15960925832349246,isotropic_constructed_macro_nats_full_precision_v3,0552c7f4701ada91e31e916f992171b9418cb47d283a56e61f311581d66266cb
1994-11-21,0.16345690177049144,isotropic_constructed_macro_nats_full_precision_v3,0552c7f4701ada91e31e916f992171b9418cb47d283a56e61f311581d66266cb
1994-11-23,0.17962434850370557,isotropic_constructed_macro_nats_full_precision_v3,0552c7f4701ada91e31e916f992171b9418cb47d283a56e61f311581d66266cb
1994-11-28,0.17179656908987234,isotropic_constructed_macro_nats_full_precision_v3,0552c7f4701ada91e31e916f992171b9418cb47d283a56e61f311581d66266cb
1994-11-30,0.17040191397537346,isotropic_constructed_macro_nats_full_precision_v3,0552c7f4701ada91e31e916f992171b9418cb47d283a56e61f311581d66266cb
1994-12-02,0.1652266546877999,isotropic_constructed_macro_nats_full_precision_v3,0552c7f4701ada91e31e916f992171b9418cb47d283a56e61f311581d66266cb
1994-12-06,0.1654346111126013,isotropic_constructed_macro_nats_full_precision_v3,0552c7f4701ada91e31e916f992171b9418cb47d283a56e61f311581d66266cb
1994-12-08,0.16568993131479987,isotropic_constructed_macro_nats_full_precision_v3,0552c7f4701ada91e31e916f992171b9418cb47d283a56e61f311581d66266cb
1994-12-12,0.1677372911421818,isotropic_constructed_macro_nats_full_precision_v3,0552c7f4701ada91e31e916f992171b9418cb47d283a56e61f311581d66266cb
1994-12-14,0.1667533183125675,isotropic_constructed_macro_nats_full_precision_v3,0552c7f4701ada91e31e916f992171b9418cb47d283a56e61f311581d66266cb
1994-12-16,0.17471328725238777,isotropic_constructed_macro_nats_full_precision_v3,0552c7f4701ada91e31e916f992171b9418cb47d283a56e61f311581d66266cb
1994-12-20,0.17186101601926773,isotropic_constructed_macro_nats_full_precision_v3,0552c7f4701ada91e31e916f992171b9418cb47d283a56e61f311581d66266cb
1994-12-22,0.1696479649728337,isotropic_constructed_macro_nats_full_precision_v3,0552c7f4701ada91e31e916f992171b9418cb47d283a56e61f311581d66266cb
1994-12-27,0.1677629911952992,isotropic_constructed_macro_nats_full_precision_v3,0552c7f4701ada91e31e916f992171b9418cb47d283a56e61f311581d66266cb
1994-12-29,0.1636766635055949,isotropic_constructed_macro_nats_full_precision_v3,0552c7f4701ada91e31e916f992171b9418cb47d283a56e61f311581d66266cb
1995-01-03,0.1569396001665573,isotropic_constructed_macro_nats_full_precision_v3,0552c7f4701ada91e31e916f992171b9418cb47d283a56e61f311581d66266cb
1995-01-05,0.16085803365126655,isotropic_constructed_macro_nats_full_precision_v3,0552c7f4701ada91e31e916f992171b9418cb47d283a56e61f311581d66266cb
1995-01-09,0.15879104517704667,isotropic_constructed_macro_nats_full_precision_v3,0552c7f4701ada91e31e916f992171b9418cb47d283a56e61f311581d66266cb
1995-01-11,0.16263696434506852,isotropic_constructed_macro_nats_full_precision_v3,0552c7f4701ada91e31e916f992171b9418cb47d283a56e61f311581d66266cb
1995-01-13,0.1654005009443789,isotropic_constructed_macro_nats_full_precision_v3,0552c7f4701ada91e31e916f992171b9418cb47d283a56e61f311581d66266cb
1995-01-17,0.1681493984200128,isotropic_constructed_macro_nats_full_precision_v3,0552c7f4701ada91e31e916f992171b9418cb47d283a56e61f311581d66266cb
1995-01-19,0.17500855900029014,isotropic_constructed_macro_nats_full_precision_v3,0552c7f4701ada91e31e916f992171b9418cb47d283a56e61f311581d66266cb
1995-01-23,0.17286531682341277,isotropic_constructed_macro_nats_full_precision_v3,0552c7f4701ada91e31e916f992171b9418cb47d283a56e61f311581d66266cb
1995-01-25,0.17697723942536486,isotropic_constructed_macro_nats_full_precision_v3,0552c7f4701ada91e31e916f992171b9418cb47d283a56e61f311581d66266cb
1995-01-27,0.1783808142816216,isotropic_constructed_macro_nats_full_precision_v3,0552c7f4701ada91e31e916f992171b9418cb47d283a56e61f311581d66266cb
1995-01-31,0.1803873002148069,isotropic_constructed_macro_nats_full_precision_v3,0552c7f4701ada91e31e916f992171b9418cb47d283a56e61f311581d66266cb
1995-02-02,0.17872975681294107,isotropic_constructed_macro_nats_full_precision_v3,0552c7f4701ada91e31e916f992171b9418cb47d283a56e61f311581d66266cb
1995-02-06,0.18015004450505295,isotropic_constructed_macro_nats_full_precision_v3,0552c7f4701ada91e31e916f992171b9418cb47d283a56e61f311581d66266cb
1995-02-08,0.17195125035164144,isotropic_constructed_macro_nats_full_precision_v3,0552c7f4701ada91e31e916f992171b9418cb47d283a56e61f311581d66266cb
1995-02-10,0.19241150389885184,isotropic_constructed_macro_nats_full_precision_v3,0552c7f4701ada91e31e916f992171b9418cb47d283a56e61f311581d66266cb
1995-02-14,0.1903922175099355,isotropic_constructed_macro_nats_full_precision_v3,0552c7f4701ada91e31e916f992171b9418cb47d283a56e61f311581d66266cb
1995-02-16,0.18725761173804595,isotropic_constructed_macro_nats_full_precision_v3,0552c7f4701ada91e31e916f992171b9418cb47d283a56e61f311581d66266cb
1995-02-21,0.1844206564649153,isotropic_constructed_macro_nats_full_precision_v3,0552c7f4701ada91e31e916f992171b9418cb47d283a56e61f311581d66266cb
1995-02-23,0.18660768667761254,isotropic_constructed_macro_nats_full_precision_v3,0552c7f4701ada91e31e916f992171b9418cb47d283a56e61f311581d66266cb
1995-02-27,0.1924284824016516,isotropic_constructed_macro_nats_full_precision_v3,0552c7f4701ada91e31e916f992171b9418cb47d283a56e61f311581d66266cb
1995-03-01,0.1855349738771821,isotropic_constructed_macro_nats_full_precision_v3,0552c7f4701ada91e31e916f992171b9418cb47d283a56e61f311581d66266cb
1995-03-03,0.1811350154447485,isotropic_constructed_macro_nats_full_precision_v3,0552c7f4701ada91e31e916f992171b9418cb47d283a56e61f311581d66266cb
1995-03-07,0.18090551938199328,isotropic_constructed_macro_nats_full_precision_v3,0552c7f4701ada91e31e916f992171b9418cb47d283a56e61f311581d66266cb
1995-03-09,0.18068271974839167,isotropic_constructed_macro_nats_full_precision_v3,0552c7f4701ada91e31e916f992171b9418cb47d283a56e61f311581d66266cb
1995-03-13,0.1850815665355268,isotropic_constructed_macro_nats_full_precision_v3,0552c7f4701ada91e31e916f992171b9418cb47d283a56e61f311581d66266cb
1995-03-15,0.18617208849587935,isotropic_constructed_macro_nats_full_precision_v3,0552c7f4701ada91e31e916f992171b9418cb47d283a56e61f311581d66266cb
1995-03-17,0.1832048071958358,isotropic_constructed_macro_nats_full_precision_v3,0552c7f4701ada91e31e916f992171b9418cb47d283a56e61f311581d66266cb
1995-03-21,0.18735596929729556,isotropic_constructed_macro_nats_full_precision_v3,0552c7f4701ada91e31e916f992171b9418cb47d283a56e61f311581d66266cb
1995-03-23,0.18380520593486172,isotropic_constructed_macro_nats_full_precision_v3,0552c7f4701ada91e31e916f992171b9418cb47d283a56e61f311581d66266cb
1995-03-27,0.1809457281664119,isotropic_constructed_macro_nats_full_precision_v3,0552c7f4701ada91e31e916f992171b9418cb47d283a56e61f311581d66266cb
1995-03-29,0.1768317856282075,isotropic_constructed_macro_nats_full_precision_v3,0552c7f4701ada91e31e916f992171b9418cb47d283a56e61f311581d66266cb
1995-03-31,0.18455196255364653,isotropic_constructed_macro_nats_full_precision_v3,0552c7f4701ada91e31e916f992171b9418cb47d283a56e61f311581d66266cb
1995-04-04,0.17940914421339346,isotropic_constructed_macro_nats_full_precision_v3,0552c7f4701ada91e31e916f992171b9418cb47d283a56e61f311581d66266cb
1995-04-06,0.1826713092705838,isotropic_constructed_macro_nats_full_precision_v3,0552c7f4701ada91e31e916f992171b9418cb47d283a56e61f311581d66266cb
1995-04-10,0.17854758240817148,isotropic_constructed_macro_nats_full_precision_v3,0552c7f4701ada91e31e916f992171b9418cb47d283a56e61f311581d66266cb
1995-04-12,0.17167362829661603,isotropic_constructed_macro_nats_full_precision_v3,0552c7f4701ada91e31e916f992171b9418cb47d283a56e61f311581d66266cb
1995-04-17,0.1676755725407593,isotropic_constructed_macro_nats_full_precision_v3,0552c7f4701ada91e31e916f992171b9418cb47d283a56e61f311581d66266cb
1995-04-19,0.1617619922972124,isotropic_constructed_macro_nats_full_precision_v3,0552c7f4701ada91e31e916f992171b9418cb47d283a56e61f311581d66266cb
1995-04-21,0.1920734446879719,isotropic_constructed_macro_nats_full_precision_v3,0552c7f4701ada91e31e916f992171b9418cb47d283a56e61f311581d66266cb
1995-04-25,0.1876898534434278,isotropic_constructed_macro_nats_full_precision_v3,0552c7f4701ada91e31e916f992171b9418cb47d283a56e61f311581d66266cb
1995-04-27,0.1835870863260998,isotropic_constructed_macro_nats_full_precision_v3,0552c7f4701ada91e31e916f992171b9418cb47d283a56e61f311581d66266cb
1995-05-01,0.18117597932749707,isotropic_constructed_macro_nats_full_precision_v3,0552c7f4701ada91e31e916f992171b9418cb47d283a56e61f311581d66266cb
1995-05-03,0.1898460069602323,isotropic_constructed_macro_nats_full_precision_v3,0552c7f4701ada91e31e916f992171b9418cb47d283a56e61f311581d66266cb
1995-05-05,0.20491920998059274,isotropic_constructed_macro_nats_full_precision_v3,0552c7f4701ada91e31e916f992171b9418cb47d283a56e61f311581d66266cb
1995-05-09,0.22457333716621614,isotropic_constructed_macro_nats_full_precision_v3,0552c7f4701ada91e31e916f992171b9418cb47d283a56e61f311581d66266cb
1995-05-11,0.22088805441447998,isotropic_constructed_macro_nats_full_precision_v3,0552c7f4701ada91e31e916f992171b9418cb47d283a56e61f311581d66266cb
1995-05-15,0.23571610539977036,isotropic_constructed_macro_nats_full_precision_v3,0552c7f4701ada91e31e916f992171b9418cb47d283a56e61f311581d66266cb
1995-05-17,0.23035581255267185,isotropic_constructed_macro_nats_full_precision_v3,0552c7f4701ada91e31e916f992171b9418cb47d283a56e61f311581d66266cb
1995-05-19,0.23065933331891078,isotropic_constructed_macro_nats_full_precision_v3,0552c7f4701ada91e31e916f992171b9418cb47d283a56e61f311581d66266cb
1995-05-23,0.23916581375297125,isotropic_constructed_macro_nats_full_precision_v3,0552c7f4701ada91e31e916f992171b9418cb47d283a56e61f311581d66266cb
1995-05-25,0.23299175888054907,isotropic_constructed_macro_nats_full_precision_v3,0552c7f4701ada91e31e916f992171b9418cb47d283a56e61f311581d66266cb
1995-05-30,0.2252627205500964,isotropic_constructed_macro_nats_full_precision_v3,0552c7f4701ada91e31e916f992171b9418cb47d283a56e61f311581d66266cb
1995-06-01,0.22268735712548732,isotropic_constructed_macro_nats_full_precision_v3,0552c7f4701ada91e31e916f992171b9418cb47d283a56e61f311581d66266cb
1995-06-05,0.21728383879926672,isotropic_constructed_macro_nats_full_precision_v3,0552c7f4701ada91e31e916f992171b9418cb47d283a56e61f311581d66266cb
1995-06-07,0.22857326221391083,isotropic_constructed_macro_nats_full_precision_v3,0552c7f4701ada91e31e916f992171b9418cb47d283a56e61f311581d66266cb
1995-06-09,0.22947706628243508,isotropic_constructed_macro_nats_full_precision_v3,0552c7f4701ada91e31e916f992171b9418cb47d283a56e61f311581d66266cb
1995-06-13,0.21766902010204064,isotropic_constructed_macro_nats_full_precision_v3,0552c7f4701ada91e31e916f992171b9418cb47d283a56e61f311581d66266cb
1995-06-15,0.21098905273486074,isotropic_constructed_macro_nats_full_precision_v3,0552c7f4701ada91e31e916f992171b9418cb47d283a56e61f311581d66266cb
1995-06-19,0.2091679082559284,isotropic_constructed_macro_nats_full_precision_v3,0552c7f4701ada91e31e916f992171b9418cb47d283a56e61f311581d66266cb
1995-06-21,0.2168815862977804,isotropic_constructed_macro_nats_full_precision_v3,0552c7f4701ada91e31e916f992171b9418cb47d283a56e61f311581d66266cb
1995-06-23,0.2180721888715155,isotropic_constructed_macro_nats_full_precision_v3,0552c7f4701ada91e31e916f992171b9418cb47d283a56e61f311581d66266cb
1995-06-27,0.2170404071421433,isotropic_constructed_macro_nats_full_precision_v3,0552c7f4701ada91e31e916f992171b9418cb47d283a56e61f311581d66266cb
1995-06-29,0.22861726493020584,isotropic_constructed_macro_nats_full_precision_v3,0552c7f4701ada91e31e916f992171b9418cb47d283a56e61f311581d66266cb
1995-07-03,0.2215024778524798,isotropic_constructed_macro_nats_full_precision_v3,0552c7f4701ada91e31e916f992171b9418cb47d283a56e61f311581d66266cb
1995-07-06,0.22404505117523713,isotropic_constructed_macro_nats_full_precision_v3,0552c7f4701ada91e31e916f992171b9418cb47d283a56e61f311581d66266cb
1995-07-10,0.22960447081355467,isotropic_constructed_macro_nats_full_precision_v3,0552c7f4701ada91e31e916f992171b9418cb47d283a56e61f311581d66266cb
1995-07-12,0.22582584497392547,isotropic_constructed_macro_nats_full_precision_v3,0552c7f4701ada91e31e916f992171b9418cb47d283a56e61f311581d66266cb
1995-07-14,0.22577042865426974,isotropic_constructed_macro_nats_full_precision_v3,0552c7f4701ada91e31e916f992171b9418cb47d283a56e61f311581d66266cb
1995-07-18,0.22250055387899953,isotropic_constructed_macro_nats_full_precision_v3,0552c7f4701ada91e31e916f992171b9418cb47d283a56e61f311581d66266cb
1995-07-20,0.22323281869391942,isotropic_constructed_macro_nats_full_precision_v3,0552c7f4701ada91e31e916f992171b9418cb47d283a56e61f311581d66266cb
1995-07-24,0.22507890047292545,isotropic_constructed_macro_nats_full_precision_v3,0552c7f4701ada91e31e916f992171b9418cb47d283a56e61f311581d66266cb
1995-07-26,0.21836640638912197,isotropic_constructed_macro_nats_full_precision_v3,0552c7f4701ada91e31e916f992171b9418cb47d283a56e61f311581d66266cb
1995-07-28,0.22368215818683646,isotropic_constructed_macro_nats_full_precision_v3,0552c7f4701ada91e31e916f992171b9418cb47d283a56e61f311581d66266cb
1995-08-01,0.22277167138627335,isotropic_constructed_macro_nats_full_precision_v3,0552c7f4701ada91e31e916f992171b9418cb47d283a56e61f311581d66266cb
1995-08-03,0.20528636335775902,isotropic_constructed_macro_nats_full_precision_v3,0552c7f4701ada91e31e916f992171b9418cb47d283a56e61f311581d66266cb
1995-08-07,0.19810530295030898,isotropic_constructed_macro_nats_full_precision_v3,0552c7f4701ada91e31e916f992171b9418cb47d283a56e61f311581d66266cb
1995-08-09,0.21711925185218273,isotropic_constructed_macro_nats_full_precision_v3,0552c7f4701ada91e31e916f992171b9418cb47d283a56e61f311581d66266cb
1995-08-11,0.2096580587108687,isotropic_constructed_macro_nats_full_precision_v3,0552c7f4701ada91e31e916f992171b9418cb47d283a56e61f311581d66266cb
1995-08-15,0.21249911055044435,isotropic_constructed_macro_nats_full_precision_v3,0552c7f4701ada91e31e916f992171b9418cb47d283a56e61f311581d66266cb
1995-08-17,0.2086313726896451,isotropic_constructed_macro_nats_full_precision_v3,0552c7f4701ada91e31e916f992171b9418cb47d283a56e61f311581d66266cb
1995-08-21,0.21012300039395898,isotropic_constructed_macro_nats_full_precision_v3,0552c7f4701ada91e31e916f992171b9418cb47d283a56e61f311581d66266cb
1995-08-23,0.20756959104211353,isotropic_constructed_macro_nats_full_precision_v3,0552c7f4701ada91e31e916f992171b9418cb47d283a56e61f311581d66266cb
1995-08-25,0.21110922651032848,isotropic_constructed_macro_nats_full_precision_v3,0552c7f4701ada91e31e916f992171b9418cb47d283a56e61f311581d66266cb
1995-08-29,0.2147338999069742,isotropic_constructed_macro_nats_full_precision_v3,0552c7f4701ada91e31e916f992171b9418cb47d283a56e61f311581d66266cb
1995-08-31,0.21203179916859985,isotropic_constructed_macro_nats_full_precision_v3,0552c7f4701ada91e31e916f992171b9418cb47d283a56e61f311581d66266cb
1995-09-05,0.21195705002470144,isotropic_constructed_macro_nats_full_precision_v3,0552c7f4701ada91e31e916f992171b9418cb47d283a56e61f311581d66266cb
1995-09-07,0.2101661851075709,isotropic_constructed_macro_nats_full_precision_v3,0552c7f4701ada91e31e916f992171b9418cb47d283a56e61f311581d66266cb
1995-09-11,0.20434647889815682,isotropic_constructed_macro_nats_full_precision_v3,0552c7f4701ada91e31e916f992171b9418cb47d283a56e61f311581d66266cb
1995-09-13,0.2026519607657849,isotropic_constructed_macro_nats_full_precision_v3,0552c7f4701ada91e31e916f992171b9418cb47d283a56e61f311581d66266cb
1995-09-15,0.21340128585453394,isotropic_constructed_macro_nats_full_precision_v3,0552c7f4701ada91e31e916f992171b9418cb47d283a56e61f311581d66266cb
1995-09-19,0.18623577436273464,isotropic_constructed_macro_nats_full_precision_v3,0552c7f4701ada91e31e916f992171b9418cb47d283a56e61f311581d66266cb
1995-09-21,0.1905985052769517,isotropic_constructed_macro_nats_full_precision_v3,0552c7f4701ada91e31e916f992171b9418cb47d283a56e61f311581d66266cb
1995-09-25,0.18826175270249557,isotropic_constructed_macro_nats_full_precision_v3,0552c7f4701ada91e31e916f992171b9418cb47d283a56e61f311581d66266cb
1995-09-27,0.1857774255509907,isotropic_constructed_macro_nats_full_precision_v3,0552c7f4701ada91e31e916f992171b9418cb47d283a56e61f311581d66266cb
1995-09-29,0.18127555464108008,isotropic_constructed_macro_nats_full_precision_v3,0552c7f4701ada91e31e916f992171b9418cb47d283a56e61f311581d66266cb
1995-10-03,0.18177649184621175,isotropic_constructed_macro_nats_full_precision_v3,0552c7f4701ada91e31e916f992171b9418cb47d283a56e61f311581d66266cb
1995-10-05,0.1745609475784527,isotropic_constructed_macro_nats_full_precision_v3,0552c7f4701ada91e31e916f992171b9418cb47d283a56e61f311581d66266cb
1995-10-09,0.17804646679322503,isotropic_constructed_macro_nats_full_precision_v3,0552c7f4701ada91e31e916f992171b9418cb47d283a56e61f311581d66266cb
1995-10-11,0.17806668457162195,isotropic_constructed_macro_nats_full_precision_v3,0552c7f4701ada91e31e916f992171b9418cb47d283a56e61f311581d66266cb
1995-10-13,0.1777027710440122,isotropic_constructed_macro_nats_full_precision_v3,0552c7f4701ada91e31e916f992171b9418cb47d283a56e61f311581d66266cb
1995-10-17,0.17843432683969268,isotropic_constructed_macro_nats_full_precision_v3,0552c7f4701ada91e31e916f992171b9418cb47d283a56e61f311581d66266cb
1995-10-19,0.17676192338684538,isotropic_constructed_macro_nats_full_precision_v3,0552c7f4701ada91e31e916f992171b9418cb47d283a56e61f311581d66266cb
1995-10-23,0.17627233780645996,isotropic_constructed_macro_nats_full_precision_v3,0552c7f4701ada91e31e916f992171b9418cb47d283a56e61f311581d66266cb
1995-10-25,0.17690431805889173,isotropic_constructed_macro_nats_full_precision_v3,0552c7f4701ada91e31e916f992171b9418cb47d283a56e61f311581d66266cb
1995-10-27,0.17666031351430544,isotropic_constructed_macro_nats_full_precision_v3,0552c7f4701ada91e31e916f992171b9418cb47d283a56e61f311581d66266cb
1995-10-31,0.16548340356811608,isotropic_constructed_macro_nats_full_precision_v3,0552c7f4701ada91e31e916f992171b9418cb47d283a56e61f311581d66266cb
1995-11-02,0.14417293129857783,isotropic_constructed_macro_nats_full_precision_v3,0552c7f4701ada91e31e916f992171b9418cb47d283a56e61f311581d66266cb
1995-11-06,0.13885861642915803,isotropic_constructed_macro_nats_full_precision_v3,0552c7f4701ada91e31e916f992171b9418cb47d283a56e61f311581d66266cb
1995-11-08,0.13772356714839742,isotropic_constructed_macro_nats_full_precision_v3,0552c7f4701ada91e31e916f992171b9418cb47d283a56e61f311581d66266cb
1995-11-10,0.13275559276013538,isotropic_constructed_macro_nats_full_precision_v3,0552c7f4701ada91e31e916f992171b9418cb47d283a56e61f311581d66266cb
1995-11-14,0.13888074655883714,isotropic_constructed_macro_nats_full_precision_v3,0552c7f4701ada91e31e916f992171b9418cb47d283a56e61f311581d66266cb
1995-11-16,0.12606985832862588,isotropic_constructed_macro_nats_full_precision_v3,0552c7f4701ada91e31e916f992171b9418cb47d283a56e61f311581d66266cb
1995-11-20,0.12929111388537962,isotropic_constructed_macro_nats_full_precision_v3,0552c7f4701ada91e31e916f992171b9418cb47d283a56e61f311581d66266cb
1995-11-22,0.12578265781357195,isotropic_constructed_macro_nats_full_precision_v3,0552c7f4701ada91e31e916f992171b9418cb47d283a56e61f311581d66266cb
1995-11-27,0.12443180364643573,isotropic_constructed_macro_nats_full_precision_v3,0552c7f4701ada91e31e916f992171b9418cb47d283a56e61f311581d66266cb
1995-11-29,0.12348746557934061,isotropic_constructed_macro_nats_full_precision_v3,0552c7f4701ada91e31e916f992171b9418cb47d283a56e61f311581d66266cb
1995-12-01,0.12301488960705444,isotropic_constructed_macro_nats_full_precision_v3,0552c7f4701ada91e31e916f992171b9418cb47d283a56e61f311581d66266cb
1995-12-05,0.12048275447438321,isotropic_constructed_macro_nats_full_precision_v3,0552c7f4701ada91e31e916f992171b9418cb47d283a56e61f311581d66266cb
1995-12-07,0.12046336746983245,isotropic_constructed_macro_nats_full_precision_v3,0552c7f4701ada91e31e916f992171b9418cb47d283a56e61f311581d66266cb
1995-12-11,0.11240390702766127,isotropic_constructed_macro_nats_full_precision_v3,0552c7f4701ada91e31e916f992171b9418cb47d283a56e61f311581d66266cb
1995-12-13,0.11129892196015453,isotropic_constructed_macro_nats_full_precision_v3,0552c7f4701ada91e31e916f992171b9418cb47d283a56e61f311581d66266cb
1995-12-15,0.10257736611065796,isotropic_constructed_macro_nats_full_precision_v3,0552c7f4701ada91e31e916f992171b9418cb47d283a56e61f311581d66266cb
1995-12-19,0.09925998268288143,isotropic_constructed_macro_nats_full_precision_v3,0552c7f4701ada91e31e916f992171b9418cb47d283a56e61f311581d66266cb
1995-12-21,0.10262070823322329,isotropic_constructed_macro_nats_full_precision_v3,0552c7f4701ada91e31e916f992171b9418cb47d283a56e61f311581d66266cb
1995-12-26,0.09831636047003572,isotropic_constructed_macro_nats_full_precision_v3,0552c7f4701ada91e31e916f992171b9418cb47d283a56e61f311581d66266cb
1995-12-28,0.0992390717927974,isotropic_constructed_macro_nats_full_precision_v3,0552c7f4701ada91e31e916f992171b9418cb47d283a56e61f311581d66266cb
1996-01-02,0.09525598268404606,isotropic_constructed_macro_nats_full_precision_v3,0552c7f4701ada91e31e916f992171b9418cb47d283a56e61f311581d66266cb
1996-01-04,0.09717581046028065,isotropic_constructed_macro_nats_full_precision_v3,0552c7f4701ada91e31e916f992171b9418cb47d283a56e61f311581d66266cb
1996-01-08,0.09517991549800045,isotropic_constructed_macro_nats_full_precision_v3,0552c7f4701ada91e31e916f992171b9418cb47d283a56e61f311581d66266cb
1996-01-10,0.10126632679692135,isotropic_constructed_macro_nats_full_precision_v3,0552c7f4701ada91e31e916f992171b9418cb47d283a56e61f311581d66266cb
1996-01-12,0.08962982193208487,isotropic_constructed_macro_nats_full_precision_v3,0552c7f4701ada91e31e916f992171b9418cb47d283a56e61f311581d66266cb
1996-01-16,0.08838656113788315,isotropic_constructed_macro_nats_full_precision_v3,0552c7f4701ada91e31e916f992171b9418cb47d283a56e61f311581d66266cb
1996-01-18,0.0877851700260237,isotropic_constructed_macro_nats_full_precision_v3,0552c7f4701ada91e31e916f992171b9418cb47d283a56e61f311581d66266cb
1996-01-22,0.08671519041028705,isotropic_constructed_macro_nats_full_precision_v3,0552c7f4701ada91e31e916f992171b9418cb47d283a56e61f311581d66266cb
1996-01-24,0.09192346464484166,isotropic_constructed_macro_nats_full_precision_v3,0552c7f4701ada91e31e916f992171b9418cb47d283a56e61f311581d66266cb
1996-01-26,0.09453008601280721,isotropic_constructed_macro_nats_full_precision_v3,0552c7f4701ada91e31e916f992171b9418cb47d283a56e61f311581d66266cb
1996-01-30,0.09399105838861412,isotropic_constructed_macro_nats_full_precision_v3,0552c7f4701ada91e31e916f992171b9418cb47d283a56e61f311581d66266cb
1996-02-01,0.0935881686975943,isotropic_constructed_macro_nats_full_precision_v3,0552c7f4701ada91e31e916f992171b9418cb47d283a56e61f311581d66266cb
1996-02-05,0.09122692129829027,isotropic_constructed_macro_nats_full_precision_v3,0552c7f4701ada91e31e916f992171b9418cb47d283a56e61f311581d66266cb
1996-02-07,0.0950860047989415,isotropic_constructed_macro_nats_full_precision_v3,0552c7f4701ada91e31e916f992171b9418cb47d283a56e61f311581d66266cb
1996-02-09,0.09950926339600243,isotropic_constructed_macro_nats_full_precision_v3,0552c7f4701ada91e31e916f992171b9418cb47d283a56e61f311581d66266cb
1996-02-13,0.09845408817119973,isotropic_constructed_macro_nats_full_precision_v3,0552c7f4701ada91e31e916f992171b9418cb47d283a56e61f311581d66266cb
1996-02-15,0.0986632080401743,isotropic_constructed_macro_nats_full_precision_v3,0552c7f4701ada91e31e916f992171b9418cb47d283a56e61f311581d66266cb
1996-02-20,0.10203937212943288,isotropic_constructed_macro_nats_full_precision_v3,0552c7f4701ada91e31e916f992171b9418cb47d283a56e61f311581d66266cb
1996-02-22,0.10264496771364347,isotropic_constructed_macro_nats_full_precision_v3,0552c7f4701ada91e31e916f992171b9418cb47d283a56e61f311581d66266cb
1996-02-26,0.10215342215267989,isotropic_constructed_macro_nats_full_precision_v3,0552c7f4701ada91e31e916f992171b9418cb47d283a56e61f311581d66266cb
1996-02-28,0.10266827621815988,isotropic_constructed_macro_nats_full_precision_v3,0552c7f4701ada91e31e916f992171b9418cb47d283a56e61f311581d66266cb
1996-03-01,0.10411972078657226,isotropic_constructed_macro_nats_full_precision_v3,0552c7f4701ada91e31e916f992171b9418cb47d283a56e61f311581d66266cb
1996-03-05,0.10250189205266717,isotropic_constructed_macro_nats_full_precision_v3,0552c7f4701ada91e31e916f992171b9418cb47d283a56e61f311581d66266cb
1996-03-07,0.09882989450341272,isotropic_constructed_macro_nats_full_precision_v3,0552c7f4701ada91e31e916f992171b9418cb47d283a56e61f311581d66266cb
1996-03-11,0.09758967242910638,isotropic_constructed_macro_nats_full_precision_v3,0552c7f4701ada91e31e916f992171b9418cb47d283a56e61f311581d66266cb
1996-03-13,0.09547282495874108,isotropic_constructed_macro_nats_full_precision_v3,0552c7f4701ada91e31e916f992171b9418cb47d283a56e61f311581d66266cb
1996-03-15,0.09639861901044551,isotropic_constructed_macro_nats_full_precision_v3,0552c7f4701ada91e31e916f992171b9418cb47d283a56e61f311581d66266cb
1996-03-19,0.09346430505196685,isotropic_constructed_macro_nats_full_precision_v3,0552c7f4701ada91e31e916f992171b9418cb47d283a56e61f311581d66266cb
1996-03-21,0.08956383878952892,isotropic_constructed_macro_nats_full_precision_v3,0552c7f4701ada91e31e916f992171b9418cb47d283a56e61f311581d66266cb
1996-03-25,0.08482663069988039,isotropic_constructed_macro_nats_full_precision_v3,0552c7f4701ada91e31e916f992171b9418cb47d283a56e61f311581d66266cb
1996-03-27,0.08289505986115552,isotropic_constructed_macro_nats_full_precision_v3,0552c7f4701ada91e31e916f992171b9418cb47d283a56e61f311581d66266cb
1996-03-29,0.08583964893714302,isotropic_constructed_macro_nats_full_precision_v3,0552c7f4701ada91e31e916f992171b9418cb47d283a56e61f311581d66266cb
1996-04-02,0.08181487763736725,isotropic_constructed_macro_nats_full_precision_v3,0552c7f4701ada91e31e916f992171b9418cb47d283a56e61f311581d66266cb
1996-04-04,0.08219164273103553,isotropic_constructed_macro_nats_full_precision_v3,0552c7f4701ada91e31e916f992171b9418cb47d283a56e61f311581d66266cb
1996-04-09,0.07487487638639312,isotropic_constructed_macro_nats_full_precision_v3,0552c7f4701ada91e31e916f992171b9418cb47d283a56e61f311581d66266cb
1996-04-11,0.07214322104088253,isotropic_constructed_macro_nats_full_precision_v3,0552c7f4701ada91e31e916f992171b9418cb47d283a56e61f311581d66266cb
1996-04-15,0.07499863014383176,isotropic_constructed_macro_nats_full_precision_v3,0552c7f4701ada91e31e916f992171b9418cb47d283a56e61f311581d66266cb
1996-04-17,0.07651530006664728,isotropic_constructed_macro_nats_full_precision_v3,0552c7f4701ada91e31e916f992171b9418cb47d283a56e61f311581d66266cb
1996-04-19,0.07031466023004374,isotropic_constructed_macro_nats_full_precision_v3,0552c7f4701ada91e31e916f992171b9418cb47d283a56e61f311581d66266cb
1996-04-23,0.07035488938812033,isotropic_constructed_macro_nats_full_precision_v3,0552c7f4701ada91e31e916f992171b9418cb47d283a56e61f311581d66266cb
1996-04-25,0.07079657837337562,isotropic_constructed_macro_nats_full_precision_v3,0552c7f4701ada91e31e916f992171b9418cb47d283a56e61f311581d66266cb
1996-04-29,0.07277408740955961,isotropic_constructed_macro_nats_full_precision_v3,0552c7f4701ada91e31e916f992171b9418cb47d283a56e61f311581d66266cb
1996-05-01,0.07474845193749875,isotropic_constructed_macro_nats_full_precision_v3,0552c7f4701ada91e31e916f992171b9418cb47d283a56e61f311581d66266cb
1996-05-03,0.08324282355417113,isotropic_constructed_macro_nats_full_precision_v3,0552c7f4701ada91e31e916f992171b9418cb47d283a56e61f311581d66266cb
1996-05-07,0.07390080844485236,isotropic_constructed_macro_nats_full_precision_v3,0552c7f4701ada91e31e916f992171b9418cb47d283a56e61f311581d66266cb
1996-05-09,0.06943857294733391,isotropic_constructed_macro_nats_full_precision_v3,0552c7f4701ada91e31e916f992171b9418cb47d283a56e61f311581d66266cb
1996-05-13,0.06822229635789619,isotropic_constructed_macro_nats_full_precision_v3,0552c7f4701ada91e31e916f992171b9418cb47d283a56e61f311581d66266cb
1996-05-15,0.07485426421939838,isotropic_constructed_macro_nats_full_precision_v3,0552c7f4701ada91e31e916f992171b9418cb47d283a56e61f311581d66266cb
1996-05-17,0.07749392148963026,isotropic_constructed_macro_nats_full_precision_v3,0552c7f4701ada91e31e916f992171b9418cb47d283a56e61f311581d66266cb
1996-05-21,0.07796978103330474,isotropic_constructed_macro_nats_full_precision_v3,0552c7f4701ada91e31e916f992171b9418cb47d283a56e61f311581d66266cb
1996-05-23,0.08633385897021242,isotropic_constructed_macro_nats_full_precision_v3,0552c7f4701ada91e31e916f992171b9418cb47d283a56e61f311581d66266cb
1996-05-28,0.08319225202112068,isotropic_constructed_macro_nats_full_precision_v3,0552c7f4701ada91e31e916f992171b9418cb47d283a56e61f311581d66266cb
1996-05-30,0.08245838237043651,isotropic_constructed_macro_nats_full_precision_v3,0552c7f4701ada91e31e916f992171b9418cb47d283a56e61f311581d66266cb
1996-06-03,0.0856836396435245,isotropic_constructed_macro_nats_full_precision_v3,0552c7f4701ada91e31e916f992171b9418cb47d283a56e61f311581d66266cb
1996-06-05,0.09111313604941056,isotropic_constructed_macro_nats_full_precision_v3,0552c7f4701ada91e31e916f992171b9418cb47d283a56e61f311581d66266cb
1996-06-07,0.07310540813376326,isotropic_constructed_macro_nats_full_precision_v3,0552c7f4701ada91e31e916f992171b9418cb47d283a56e61f311581d66266cb
1996-06-11,0.07949248144315503,isotropic_constructed_macro_nats_full_precision_v3,0552c7f4701ada91e31e916f992171b9418cb47d283a56e61f311581d66266cb
1996-06-13,0.08062946161218487,isotropic_constructed_macro_nats_full_precision_v3,0552c7f4701ada91e31e916f992171b9418cb47d283a56e61f311581d66266cb
1996-06-17,0.09433191892423103,isotropic_constructed_macro_nats_full_precision_v3,0552c7f4701ada91e31e916f992171b9418cb47d283a56e61f311581d66266cb
1996-06-19,0.09402037513301557,isotropic_constructed_macro_nats_full_precision_v3,0552c7f4701ada91e31e916f992171b9418cb47d283a56e61f311581d66266cb
1996-06-21,0.09370881636221522,isotropic_constructed_macro_nats_full_precision_v3,0552c7f4701ada91e31e916f992171b9418cb47d283a56e61f311581d66266cb
1996-06-25,0.07975293065973,isotropic_constructed_macro_nats_full_precision_v3,0552c7f4701ada91e31e916f992171b9418cb47d283a56e61f311581d66266cb
1996-06-27,0.08687793273951527,isotropic_constructed_macro_nats_full_precision_v3,0552c7f4701ada91e31e916f992171b9418cb47d283a56e61f311581d66266cb
1996-07-01,0.09183132291088227,isotropic_constructed_macro_nats_full_precision_v3,0552c7f4701ada91e31e916f992171b9418cb47d283a56e61f311581d66266cb
1996-07-03,0.08568671455477646,isotropic_constructed_macro_nats_full_precision_v3,0552c7f4701ada91e31e916f992171b9418cb47d283a56e61f311581d66266cb
1996-07-08,0.0912921292498698,isotropic_constructed_macro_nats_full_precision_v3,0552c7f4701ada91e31e916f992171b9418cb47d283a56e61f311581d66266cb
1996-07-10,0.0916712684646989,isotropic_constructed_macro_nats_full_precision_v3,0552c7f4701ada91e31e916f992171b9418cb47d283a56e61f311581d66266cb
1996-07-12,0.07885224679677894,isotropic_constructed_macro_nats_full_precision_v3,0552c7f4701ada91e31e916f992171b9418cb47d283a56e61f311581d66266cb
1996-07-16,0.09347480718089755,isotropic_constructed_macro_nats_full_precision_v3,0552c7f4701ada91e31e916f992171b9418cb47d283a56e61f311581d66266cb
1996-07-18,0.08095176018165902,isotropic_constructed_macro_nats_full_precision_v3,0552c7f4701ada91e31e916f992171b9418cb47d283a56e61f311581d66266cb
1996-07-22,0.07766856490640398,isotropic_constructed_macro_nats_full_precision_v3,0552c7f4701ada91e31e916f992171b9418cb47d283a56e61f311581d66266cb
1996-07-24,0.07313889583831153,isotropic_constructed_macro_nats_full_precision_v3,0552c7f4701ada91e31e916f992171b9418cb47d283a56e61f311581d66266cb
1996-07-26,0.07167941149828488,isotropic_constructed_macro_nats_full_precision_v3,0552c7f4701ada91e31e916f992171b9418cb47d283a56e61f311581d66266cb
1996-07-30,0.07520085832537807,isotropic_constructed_macro_nats_full_precision_v3,0552c7f4701ada91e31e916f992171b9418cb47d283a56e61f311581d66266cb
1996-08-01,0.07661548911834674,isotropic_constructed_macro_nats_full_precision_v3,0552c7f4701ada91e31e916f992171b9418cb47d283a56e61f311581d66266cb
1996-08-05,0.07782855861239443,isotropic_constructed_macro_nats_full_precision_v3,0552c7f4701ada91e31e916f992171b9418cb47d283a56e61f311581d66266cb
1996-08-07,0.07140944440657068,isotropic_constructed_macro_nats_full_precision_v3,0552c7f4701ada91e31e916f992171b9418cb47d283a56e61f311581d66266cb
1996-08-09,0.07348603951714996,isotropic_constructed_macro_nats_full_precision_v3,0552c7f4701ada91e31e916f992171b9418cb47d283a56e61f311581d66266cb
1996-08-13,0.07033679366933565,isotropic_constructed_macro_nats_full_precision_v3,0552c7f4701ada91e31e916f992171b9418cb47d283a56e61f311581d66266cb
1996-08-15,0.06919770764161388,isotropic_constructed_macro_nats_full_precision_v3,0552c7f4701ada91e31e916f992171b9418cb47d283a56e61f311581d66266cb
1996-08-19,0.07121958576139634,isotropic_constructed_macro_nats_full_precision_v3,0552c7f4701ada91e31e916f992171b9418cb47d283a56e61f311581d66266cb
1996-08-21,0.07169775859301475,isotropic_constructed_macro_nats_full_precision_v3,0552c7f4701ada91e31e916f992171b9418cb47d283a56e61f311581d66266cb
1996-08-23,0.0703340744140877,isotropic_constructed_macro_nats_full_precision_v3,0552c7f4701ada91e31e916f992171b9418cb47d283a56e61f311581d66266cb
1996-08-27,0.07053897356913108,isotropic_constructed_macro_nats_full_precision_v3,0552c7f4701ada91e31e916f992171b9418cb47d283a56e61f311581d66266cb
1996-08-29,0.06685168319796121,isotropic_constructed_macro_nats_full_precision_v3,0552c7f4701ada91e31e916f992171b9418cb47d283a56e61f311581d66266cb
1996-09-03,0.06685700376119161,isotropic_constructed_macro_nats_full_precision_v3,0552c7f4701ada91e31e916f992171b9418cb47d283a56e61f311581d66266cb
1996-09-05,0.06489633432805046,isotropic_constructed_macro_nats_full_precision_v3,0552c7f4701ada91e31e916f992171b9418cb47d283a56e61f311581d66266cb
1996-09-09,0.06698091685374692,isotropic_constructed_macro_nats_full_precision_v3,0552c7f4701ada91e31e916f992171b9418cb47d283a56e61f311581d66266cb
1996-09-11,0.06537321073662798,isotropic_constructed_macro_nats_full_precision_v3,0552c7f4701ada91e31e916f992171b9418cb47d283a56e61f311581d66266cb
1996-09-13,0.06436112135145393,isotropic_constructed_macro_nats_full_precision_v3,0552c7f4701ada91e31e916f992171b9418cb47d283a56e61f311581d66266cb
1996-09-17,0.06253396075327267,isotropic_constructed_macro_nats_full_precision_v3,0552c7f4701ada91e31e916f992171b9418cb47d283a56e61f311581d66266cb
1996-09-19,0.06543557566703127,isotropic_constructed_macro_nats_full_precision_v3,0552c7f4701ada91e31e916f992171b9418cb47d283a56e61f311581d66266cb
1996-09-23,0.06508864323700626,isotropic_constructed_macro_nats_full_precision_v3,0552c7f4701ada91e31e916f992171b9418cb47d283a56e61f311581d66266cb
1996-09-25,0.06778595258276461,isotropic_constructed_macro_nats_full_precision_v3,0552c7f4701ada91e31e916f992171b9418cb47d283a56e61f311581d66266cb
1996-09-27,0.06879800279625907,isotropic_constructed_macro_nats_full_precision_v3,0552c7f4701ada91e31e916f992171b9418cb47d283a56e61f311581d66266cb
1996-10-01,0.06476410204524086,isotropic_constructed_macro_nats_full_precision_v3,0552c7f4701ada91e31e916f992171b9418cb47d283a56e61f311581d66266cb
1996-10-03,0.060577257982319804,isotropic_constructed_macro_nats_full_precision_v3,0552c7f4701ada91e31e916f992171b9418cb47d283a56e61f311581d66266cb
1996-10-07,0.05992730469851798,isotropic_constructed_macro_nats_full_precision_v3,0552c7f4701ada91e31e916f992171b9418cb47d283a56e61f311581d66266cb
1996-10-09,0.061707876586543975,isotropic_constructed_macro_nats_full_precision_v3,0552c7f4701ada91e31e916f992171b9418cb47d283a56e61f311581d66266cb
1996-10-11,0.0640956090814337,isotropic_constructed_macro_nats_full_precision_v3,0552c7f4701ada91e31e916f992171b9418cb47d283a56e61f311581d66266cb
1996-10-15,0.06544834142750665,isotropic_constructed_macro_nats_full_precision_v3,0552c7f4701ada91e31e916f992171b9418cb47d283a56e61f311581d66266cb
1996-10-17,0.06559862166231696,isotropic_constructed_macro_nats_full_precision_v3,0552c7f4701ada91e31e916f992171b9418cb47d283a56e61f311581d66266cb
1996-10-21,0.06444659754353357,isotropic_constructed_macro_nats_full_precision_v3,0552c7f4701ada91e31e916f992171b9418cb47d283a56e61f311581d66266cb
1996-10-23,0.06439056186321797,isotropic_constructed_macro_nats_full_precision_v3,0552c7f4701ada91e31e916f992171b9418cb47d283a56e61f311581d66266cb
1996-10-25,0.06364581993498294,isotropic_constructed_macro_nats_full_precision_v3,0552c7f4701ada91e31e916f992171b9418cb47d283a56e61f311581d66266cb
1996-10-29,0.060789472911676856,isotropic_constructed_macro_nats_full_precision_v3,0552c7f4701ada91e31e916f992171b9418cb47d283a56e61f311581d66266cb
1996-10-31,0.060982332127183486,isotropic_constructed_macro_nats_full_precision_v3,0552c7f4701ada91e31e916f992171b9418cb47d283a56e61f311581d66266cb
1996-11-04,0.06302924486714699,isotropic_constructed_macro_nats_full_precision_v3,0552c7f4701ada91e31e916f992171b9418cb47d283a56e61f311581d66266cb
1996-11-06,0.0628007681947705,isotropic_constructed_macro_nats_full_precision_v3,0552c7f4701ada91e31e916f992171b9418cb47d283a56e61f311581d66266cb
1996-11-08,0.060158865644764956,isotropic_constructed_macro_nats_full_precision_v3,0552c7f4701ada91e31e916f992171b9418cb47d283a56e61f311581d66266cb
1996-11-12,0.05959396266788215,isotropic_constructed_macro_nats_full_precision_v3,0552c7f4701ada91e31e916f992171b9418cb47d283a56e61f311581d66266cb
1996-11-14,0.06006871352753956,isotropic_constructed_macro_nats_full_precision_v3,0552c7f4701ada91e31e916f992171b9418cb47d283a56e61f311581d66266cb
1996-11-18,0.05711660071739123,isotropic_constructed_macro_nats_full_precision_v3,0552c7f4701ada91e31e916f992171b9418cb47d283a56e61f311581d66266cb
1996-11-20,0.06641627987869576,isotropic_constructed_macro_nats_full_precision_v3,0552c7f4701ada91e31e916f992171b9418cb47d283a56e61f311581d66266cb
1996-11-22,0.0664032913364912,isotropic_constructed_macro_nats_full_precision_v3,0552c7f4701ada91e31e916f992171b9418cb47d283a56e61f311581d66266cb
1996-11-26,0.05780803773062307,isotropic_constructed_macro_nats_full_precision_v3,0552c7f4701ada91e31e916f992171b9418cb47d283a56e61f311581d66266cb
1996-11-29,0.05809230398526352,isotropic_constructed_macro_nats_full_precision_v3,0552c7f4701ada91e31e916f992171b9418cb47d283a56e61f311581d66266cb
1996-12-03,0.060779599003946666,isotropic_constructed_macro_nats_full_precision_v3,0552c7f4701ada91e31e916f992171b9418cb47d283a56e61f311581d66266cb
1996-12-05,0.057776263951726387,isotropic_constructed_macro_nats_full_precision_v3,0552c7f4701ada91e31e916f992171b9418cb47d283a56e61f311581d66266cb
1996-12-09,0.06421993662733681,isotropic_constructed_macro_nats_full_precision_v3,0552c7f4701ada91e31e916f992171b9418cb47d283a56e61f311581d66266cb
1996-12-11,0.07066244409161643,isotropic_constructed_macro_nats_full_precision_v3,0552c7f4701ada91e31e916f992171b9418cb47d283a56e61f311581d66266cb
1996-12-13,0.06894332656668964,isotropic_constructed_macro_nats_full_precision_v3,0552c7f4701ada91e31e916f992171b9418cb47d283a56e61f311581d66266cb
1996-12-17,0.06775554967600919,isotropic_constructed_macro_nats_full_precision_v3,0552c7f4701ada91e31e916f992171b9418cb47d283a56e61f311581d66266cb
1996-12-19,0.06610362138077246,isotropic_constructed_macro_nats_full_precision_v3,0552c7f4701ada91e31e916f992171b9418cb47d283a56e61f311581d66266cb
1996-12-23,0.06849272425261095,isotropic_constructed_macro_nats_full_precision_v3,0552c7f4701ada91e31e916f992171b9418cb47d283a56e61f311581d66266cb
1996-12-26,0.06085776295629361,isotropic_constructed_macro_nats_full_precision_v3,0552c7f4701ada91e31e916f992171b9418cb47d283a56e61f311581d66266cb
1996-12-30,0.0643441466115099,isotropic_constructed_macro_nats_full_precision_v3,0552c7f4701ada91e31e916f992171b9418cb47d283a56e61f311581d66266cb
1997-01-02,0.05978002008315944,isotropic_constructed_macro_nats_full_precision_v3,0552c7f4701ada91e31e916f992171b9418cb47d283a56e61f311581d66266cb
1997-01-06,0.049986185074651066,isotropic_constructed_macro_nats_full_precision_v3,0552c7f4701ada91e31e916f992171b9418cb47d283a56e61f311581d66266cb
1997-01-08,0.052194781800988355,isotropic_constructed_macro_nats_full_precision_v3,0552c7f4701ada91e31e916f992171b9418cb47d283a56e61f311581d66266cb
1997-01-10,0.05575495472980449,isotropic_constructed_macro_nats_full_precision_v3,0552c7f4701ada91e31e916f992171b9418cb47d283a56e61f311581d66266cb
1997-01-14,0.05580355519492576,isotropic_constructed_macro_nats_full_precision_v3,0552c7f4701ada91e31e916f992171b9418cb47d283a56e61f311581d66266cb
1997-01-16,0.05508816774309923,isotropic_constructed_macro_nats_full_precision_v3,0552c7f4701ada91e31e916f992171b9418cb47d283a56e61f311581d66266cb
1997-01-20,0.052828955402002845,isotropic_constructed_macro_nats_full_precision_v3,0552c7f4701ada91e31e916f992171b9418cb47d283a56e61f311581d66266cb
1997-01-22,0.049191890310804176,isotropic_constructed_macro_nats_full_precision_v3,0552c7f4701ada91e31e916f992171b9418cb47d283a56e61f311581d66266cb
1997-01-24,0.05286697302931338,isotropic_constructed_macro_nats_full_precision_v3,0552c7f4701ada91e31e916f992171b9418cb47d283a56e61f311581d66266cb
1997-01-28,0.057952035921365996,isotropic_constructed_macro_nats_full_precision_v3,0552c7f4701ada91e31e916f992171b9418cb47d283a56e61f311581d66266cb
1997-01-30,0.05186197924474835,isotropic_constructed_macro_nats_full_precision_v3,0552c7f4701ada91e31e916f992171b9418cb47d283a56e61f311581d66266cb
1997-02-03,0.05372136267435258,isotropic_constructed_macro_nats_full_precision_v3,0552c7f4701ada91e31e916f992171b9418cb47d283a56e61f311581d66266cb
1997-02-05,0.052498191170812336,isotropic_constructed_macro_nats_full_precision_v3,0552c7f4701ada91e31e916f992171b9418cb47d283a56e61f311581d66266cb
1997-02-07,0.051796826640430976,isotropic_constructed_macro_nats_full_precision_v3,0552c7f4701ada91e31e916f992171b9418cb47d283a56e61f311581d66266cb
1997-02-11,0.056263038802836715,isotropic_constructed_macro_nats_full_precision_v3,0552c7f4701ada91e31e916f992171b9418cb47d283a56e61f311581d66266cb
1997-02-13,0.05691113895813332,isotropic_constructed_macro_nats_full_precision_v3,0552c7f4701ada91e31e916f992171b9418cb47d283a56e61f311581d66266cb
1997-02-18,0.05773103680400925,isotropic_constructed_macro_nats_full_precision_v3,0552c7f4701ada91e31e916f992171b9418cb47d283a56e61f311581d66266cb
1997-02-20,0.0599613102019866,isotropic_constructed_macro_nats_full_precision_v3,0552c7f4701ada91e31e916f992171b9418cb47d283a56e61f311581d66266cb
1997-02-24,0.059995432638527996,isotropic_constructed_macro_nats_full_precision_v3,0552c7f4701ada91e31e916f992171b9418cb47d283a56e61f311581d66266cb
1997-02-26,0.05999812044526347,isotropic_constructed_macro_nats_full_precision_v3,0552c7f4701ada91e31e916f992171b9418cb47d283a56e61f311581d66266cb
1997-02-28,0.05788630602312944,isotropic_constructed_macro_nats_full_precision_v3,0552c7f4701ada91e31e916f992171b9418cb47d283a56e61f311581d66266cb
1997-03-04,0.0514932758861736,isotropic_constructed_macro_nats_full_precision_v3,0552c7f4701ada91e31e916f992171b9418cb47d283a56e61f311581d66266cb
1997-03-06,0.051243140963743036,isotropic_constructed_macro_nats_full_precision_v3,0552c7f4701ada91e31e916f992171b9418cb47d283a56e61f311581d66266cb
1997-03-10,0.0492775119227339,isotropic_constructed_macro_nats_full_precision_v3,0552c7f4701ada91e31e916f992171b9418cb47d283a56e61f311581d66266cb
1997-03-12,0.05028602048487939,isotropic_constructed_macro_nats_full_precision_v3,0552c7f4701ada91e31e916f992171b9418cb47d283a56e61f311581d66266cb
1997-03-14,0.05434324324089654,isotropic_constructed_macro_nats_full_precision_v3,0552c7f4701ada91e31e916f992171b9418cb47d283a56e61f311581d66266cb
1997-03-18,0.05689978924399289,isotropic_constructed_macro_nats_full_precision_v3,0552c7f4701ada91e31e916f992171b9418cb47d283a56e61f311581d66266cb
1997-03-20,0.054097492301078964,isotropic_constructed_macro_nats_full_precision_v3,0552c7f4701ada91e31e916f992171b9418cb47d283a56e61f311581d66266cb
1997-03-24,0.052468718711109585,isotropic_constructed_macro_nats_full_precision_v3,0552c7f4701ada91e31e916f992171b9418cb47d283a56e61f311581d66266cb
1997-03-26,0.05005216866961852,isotropic_constructed_macro_nats_full_precision_v3,0552c7f4701ada91e31e916f992171b9418cb47d283a56e61f311581d66266cb
1997-03-31,0.04564319214399752,isotropic_constructed_macro_nats_full_precision_v3,0552c7f4701ada91e31e916f992171b9418cb47d283a56e61f311581d66266cb
1997-04-02,0.04814103709221171,isotropic_constructed_macro_nats_full_precision_v3,0552c7f4701ada91e31e916f992171b9418cb47d283a56e61f311581d66266cb
1997-04-04,0.050933064335582576,isotropic_constructed_macro_nats_full_precision_v3,0552c7f4701ada91e31e916f992171b9418cb47d283a56e61f311581d66266cb
1997-04-08,0.05063815746228126,isotropic_constructed_macro_nats_full_precision_v3,0552c7f4701ada91e31e916f992171b9418cb47d283a56e61f311581d66266cb
1997-04-10,0.05523929340427779,isotropic_constructed_macro_nats_full_precision_v3,0552c7f4701ada91e31e916f992171b9418cb47d283a56e61f311581d66266cb
1997-04-14,0.058339842916405676,isotropic_constructed_macro_nats_full_precision_v3,0552c7f4701ada91e31e916f992171b9418cb47d283a56e61f311581d66266cb
1997-04-16,0.06162201121235912,isotropic_constructed_macro_nats_full_precision_v3,0552c7f4701ada91e31e916f992171b9418cb47d283a56e61f311581d66266cb
1997-04-18,0.06897067739394001,isotropic_constructed_macro_nats_full_precision_v3,0552c7f4701ada91e31e916f992171b9418cb47d283a56e61f311581d66266cb
1997-04-22,0.0669199322893236,isotropic_constructed_macro_nats_full_precision_v3,0552c7f4701ada91e31e916f992171b9418cb47d283a56e61f311581d66266cb
1997-04-24,0.06692608822185721,isotropic_constructed_macro_nats_full_precision_v3,0552c7f4701ada91e31e916f992171b9418cb47d283a56e61f311581d66266cb
1997-04-28,0.06236619482625805,isotropic_constructed_macro_nats_full_precision_v3,0552c7f4701ada91e31e916f992171b9418cb47d283a56e61f311581d66266cb
1997-04-30,0.06586877137272408,isotropic_constructed_macro_nats_full_precision_v3,0552c7f4701ada91e31e916f992171b9418cb47d283a56e61f311581d66266cb
1997-05-02,0.0777034171758902,isotropic_constructed_macro_nats_full_precision_v3,0552c7f4701ada91e31e916f992171b9418cb47d283a56e61f311581d66266cb
1997-05-06,0.0871134007878912,isotropic_constructed_macro_nats_full_precision_v3,0552c7f4701ada91e31e916f992171b9418cb47d283a56e61f311581d66266cb
1997-05-08,0.08288666696532404,isotropic_constructed_macro_nats_full_precision_v3,0552c7f4701ada91e31e916f992171b9418cb47d283a56e61f311581d66266cb
1997-05-12,0.09267064848007134,isotropic_constructed_macro_nats_full_precision_v3,0552c7f4701ada91e31e916f992171b9418cb47d283a56e61f311581d66266cb
1997-05-14,0.10497637681449307,isotropic_constructed_macro_nats_full_precision_v3,0552c7f4701ada91e31e916f992171b9418cb47d283a56e61f311581d66266cb
1997-05-16,0.10074590112083127,isotropic_constructed_macro_nats_full_precision_v3,0552c7f4701ada91e31e916f992171b9418cb47d283a56e61f311581d66266cb
1997-05-20,0.09895000861818559,isotropic_constructed_macro_nats_full_precision_v3,0552c7f4701ada91e31e916f992171b9418cb47d283a56e61f311581d66266cb
1997-05-22,0.10598821189536664,isotropic_constructed_macro_nats_full_precision_v3,0552c7f4701ada91e31e916f992171b9418cb47d283a56e61f311581d66266cb
1997-05-27,0.10511708417694751,isotropic_constructed_macro_nats_full_precision_v3,0552c7f4701ada91e31e916f992171b9418cb47d283a56e61f311581d66266cb
1997-05-29,0.10156792496586806,isotropic_constructed_macro_nats_full_precision_v3,0552c7f4701ada91e31e916f992171b9418cb47d283a56e61f311581d66266cb
1997-06-02,0.11149849012975092,isotropic_constructed_macro_nats_full_precision_v3,0552c7f4701ada91e31e916f992171b9418cb47d283a56e61f311581d66266cb
1997-06-04,0.10915460959706369,isotropic_constructed_macro_nats_full_precision_v3,0552c7f4701ada91e31e916f992171b9418cb47d283a56e61f311581d66266cb
1997-06-06,0.11389360149228664,isotropic_constructed_macro_nats_full_precision_v3,0552c7f4701ada91e31e916f992171b9418cb47d283a56e61f311581d66266cb
1997-06-10,0.10923759476379295,isotropic_constructed_macro_nats_full_precision_v3,0552c7f4701ada91e31e916f992171b9418cb47d283a56e61f311581d66266cb
1997-06-12,0.11608085359991088,isotropic_constructed_macro_nats_full_precision_v3,0552c7f4701ada91e31e916f992171b9418cb47d283a56e61f311581d66266cb
1997-06-16,0.11261527530875384,isotropic_constructed_macro_nats_full_precision_v3,0552c7f4701ada91e31e916f992171b9418cb47d283a56e61f311581d66266cb
1997-06-18,0.11013685905872972,isotropic_constructed_macro_nats_full_precision_v3,0552c7f4701ada91e31e916f992171b9418cb47d283a56e61f311581d66266cb
1997-06-20,0.11251663986826746,isotropic_constructed_macro_nats_full_precision_v3,0552c7f4701ada91e31e916f992171b9418cb47d283a56e61f311581d66266cb
1997-06-24,0.09682441014162896,isotropic_constructed_macro_nats_full_precision_v3,0552c7f4701ada91e31e916f992171b9418cb47d283a56e61f311581d66266cb
1997-06-26,0.09717609904793628,isotropic_constructed_macro_nats_full_precision_v3,0552c7f4701ada91e31e916f992171b9418cb47d283a56e61f311581d66266cb
1997-06-30,0.0929120873191082,isotropic_constructed_macro_nats_full_precision_v3,0552c7f4701ada91e31e916f992171b9418cb47d283a56e61f311581d66266cb
1997-07-02,0.09840026376723827,isotropic_constructed_macro_nats_full_precision_v3,0552c7f4701ada91e31e916f992171b9418cb47d283a56e61f311581d66266cb
1997-07-07,0.10254018094132225,isotropic_constructed_macro_nats_full_precision_v3,0552c7f4701ada91e31e916f992171b9418cb47d283a56e61f311581d66266cb
1997-07-09,0.11048458620198011,isotropic_constructed_macro_nats_full_precision_v3,0552c7f4701ada91e31e916f992171b9418cb47d283a56e61f311581d66266cb
1997-07-11,0.11158837756989755,isotropic_constructed_macro_nats_full_precision_v3,0552c7f4701ada91e31e916f992171b9418cb47d283a56e61f311581d66266cb
1997-07-15,0.10641051283800534,isotropic_constructed_macro_nats_full_precision_v3,0552c7f4701ada91e31e916f992171b9418cb47d283a56e61f311581d66266cb
1997-07-17,0.10627371747139887,isotropic_constructed_macro_nats_full_precision_v3,0552c7f4701ada91e31e916f992171b9418cb47d283a56e61f311581d66266cb
1997-07-21,0.11679465587548356,isotropic_constructed_macro_nats_full_precision_v3,0552c7f4701ada91e31e916f992171b9418cb47d283a56e61f311581d66266cb
1997-07-23,0.11225021974570026,isotropic_constructed_macro_nats_full_precision_v3,0552c7f4701ada91e31e916f992171b9418cb47d283a56e61f311581d66266cb
1997-07-25,0.11546519156556237,isotropic_constructed_macro_nats_full_precision_v3,0552c7f4701ada91e31e916f992171b9418cb47d283a56e61f311581d66266cb
1997-07-29,0.12335606363664299,isotropic_constructed_macro_nats_full_precision_v3,0552c7f4701ada91e31e916f992171b9418cb47d283a56e61f311581d66266cb
1997-07-31,0.1250280516682427,isotropic_constructed_macro_nats_full_precision_v3,0552c7f4701ada91e31e916f992171b9418cb47d283a56e61f311581d66266cb
1997-08-04,0.12452853744610923,isotropic_constructed_macro_nats_full_precision_v3,0552c7f4701ada91e31e916f992171b9418cb47d283a56e61f311581d66266cb
1997-08-06,0.12617299299181195,isotropic_constructed_macro_nats_full_precision_v3,0552c7f4701ada91e31e916f992171b9418cb47d283a56e61f311581d66266cb
1997-08-08,0.13378040732862076,isotropic_constructed_macro_nats_full_precision_v3,0552c7f4701ada91e31e916f992171b9418cb47d283a56e61f311581d66266cb
1997-08-12,0.13688489576559587,isotropic_constructed_macro_nats_full_precision_v3,0552c7f4701ada91e31e916f992171b9418cb47d283a56e61f311581d66266cb
1997-08-14,0.13312515050798285,isotropic_constructed_macro_nats_full_precision_v3,0552c7f4701ada91e31e916f992171b9418cb47d283a56e61f311581d66266cb
1997-08-18,0.13490217870456955,isotropic_constructed_macro_nats_full_precision_v3,0552c7f4701ada91e31e916f992171b9418cb47d283a56e61f311581d66266cb
1997-08-20,0.12393979499186566,isotropic_constructed_macro_nats_full_precision_v3,0552c7f4701ada91e31e916f992171b9418cb47d283a56e61f311581d66266cb
1997-08-22,0.12055244922770736,isotropic_constructed_macro_nats_full_precision_v3,0552c7f4701ada91e31e916f992171b9418cb47d283a56e61f311581d66266cb
1997-08-26,0.12181232832037493,isotropic_constructed_macro_nats_full_precision_v3,0552c7f4701ada91e31e916f992171b9418cb47d283a56e61f311581d66266cb
1997-08-28,0.11940857017048281,isotropic_constructed_macro_nats_full_precision_v3,0552c7f4701ada91e31e916f992171b9418cb47d283a56e61f311581d66266cb
1997-09-02,0.12105651422820986,isotropic_constructed_macro_nats_full_precision_v3,0552c7f4701ada91e31e916f992171b9418cb47d283a56e61f311581d66266cb
1997-09-04,0.12022839195899078,isotropic_constructed_macro_nats_full_precision_v3,0552c7f4701ada91e31e916f992171b9418cb47d283a56e61f311581d66266cb
1997-09-08,0.12056226678233019,isotropic_constructed_macro_nats_full_precision_v3,0552c7f4701ada91e31e916f992171b9418cb47d283a56e61f311581d66266cb
1997-09-10,0.1195252959418698,isotropic_constructed_macro_nats_full_precision_v3,0552c7f4701ada91e31e916f992171b9418cb47d283a56e61f311581d66266cb
1997-09-12,0.12066259242040699,isotropic_constructed_macro_nats_full_precision_v3,0552c7f4701ada91e31e916f992171b9418cb47d283a56e61f311581d66266cb
1997-09-16,0.1221906377081062,isotropic_constructed_macro_nats_full_precision_v3,0552c7f4701ada91e31e916f992171b9418cb47d283a56e61f311581d66266cb
1997-09-18,0.12732259920325226,isotropic_constructed_macro_nats_full_precision_v3,0552c7f4701ada91e31e916f992171b9418cb47d283a56e61f311581d66266cb
1997-09-22,0.12988940016411502,isotropic_constructed_macro_nats_full_precision_v3,0552c7f4701ada91e31e916f992171b9418cb47d283a56e61f311581d66266cb
1997-09-24,0.13431291252809813,isotropic_constructed_macro_nats_full_precision_v3,0552c7f4701ada91e31e916f992171b9418cb47d283a56e61f311581d66266cb
1997-09-26,0.13652057258354583,isotropic_constructed_macro_nats_full_precision_v3,0552c7f4701ada91e31e916f992171b9418cb47d283a56e61f311581d66266cb
1997-09-30,0.13734804150090346,isotropic_constructed_macro_nats_full_precision_v3,0552c7f4701ada91e31e916f992171b9418cb47d283a56e61f311581d66266cb
1997-10-02,0.13529839513754324,isotropic_constructed_macro_nats_full_precision_v3,0552c7f4701ada91e31e916f992171b9418cb47d283a56e61f311581d66266cb
1997-10-06,0.13278335000017472,isotropic_constructed_macro_nats_full_precision_v3,0552c7f4701ada91e31e916f992171b9418cb47d283a56e61f311581d66266cb
1997-10-08,0.13183351418812753,isotropic_constructed_macro_nats_full_precision_v3,0552c7f4701ada91e31e916f992171b9418cb47d283a56e61f311581d66266cb
1997-10-10,0.13357468126437788,isotropic_constructed_macro_nats_full_precision_v3,0552c7f4701ada91e31e916f992171b9418cb47d283a56e61f311581d66266cb
1997-10-14,0.13329504456766833,isotropic_constructed_macro_nats_full_precision_v3,0552c7f4701ada91e31e916f992171b9418cb47d283a56e61f311581d66266cb
1997-10-16,0.1302400392286699,isotropic_constructed_macro_nats_full_precision_v3,0552c7f4701ada91e31e916f992171b9418cb47d283a56e61f311581d66266cb
1997-10-20,0.13411492645321993,isotropic_constructed_macro_nats_full_precision_v3,0552c7f4701ada91e31e916f992171b9418cb47d283a56e61f311581d66266cb
1997-10-22,0.1360423751688885,isotropic_constructed_macro_nats_full_precision_v3,0552c7f4701ada91e31e916f992171b9418cb47d283a56e61f311581d66266cb
1997-10-24,0.13822753354856326,isotropic_constructed_macro_nats_full_precision_v3,0552c7f4701ada91e31e916f992171b9418cb47d283a56e61f311581d66266cb
1997-10-28,0.1528919276069157,isotropic_constructed_macro_nats_full_precision_v3,0552c7f4701ada91e31e916f992171b9418cb47d283a56e61f311581d66266cb
1997-10-30,0.1552413631336183,isotropic_constructed_macro_nats_full_precision_v3,0552c7f4701ada91e31e916f992171b9418cb47d283a56e61f311581d66266cb
1997-11-03,0.14922503349746793,isotropic_constructed_macro_nats_full_precision_v3,0552c7f4701ada91e31e916f992171b9418cb47d283a56e61f311581d66266cb
1997-11-05,0.14998728845598203,isotropic_constructed_macro_nats_full_precision_v3,0552c7f4701ada91e31e916f992171b9418cb47d283a56e61f311581d66266cb
1997-11-07,0.1506568853688473,isotropic_constructed_macro_nats_full_precision_v3,0552c7f4701ada91e31e916f992171b9418cb47d283a56e61f311581d66266cb
1997-11-11,0.15001363427529976,isotropic_constructed_macro_nats_full_precision_v3,0552c7f4701ada91e31e916f992171b9418cb47d283a56e61f311581d66266cb
1997-11-13,0.15699811558662524,isotropic_constructed_macro_nats_full_precision_v3,0552c7f4701ada91e31e916f992171b9418cb47d283a56e61f311581d66266cb
1997-11-17,0.15137452002887897,isotropic_constructed_macro_nats_full_precision_v3,0552c7f4701ada91e31e916f992171b9418cb47d283a56e61f311581d66266cb
1997-11-19,0.14573169558637283,isotropic_constructed_macro_nats_full_precision_v3,0552c7f4701ada91e31e916f992171b9418cb47d283a56e61f311581d66266cb
1997-11-21,0.14776747377404498,isotropic_constructed_macro_nats_full_precision_v3,0552c7f4701ada91e31e916f992171b9418cb47d283a56e61f311581d66266cb
1997-11-25,0.14277936695339322,isotropic_constructed_macro_nats_full_precision_v3,0552c7f4701ada91e31e916f992171b9418cb47d283a56e61f311581d66266cb
1997-11-28,0.1418841403703933,isotropic_constructed_macro_nats_full_precision_v3,0552c7f4701ada91e31e916f992171b9418cb47d283a56e61f311581d66266cb
1997-12-02,0.13623679711767256,isotropic_constructed_macro_nats_full_precision_v3,0552c7f4701ada91e31e916f992171b9418cb47d283a56e61f311581d66266cb
1997-12-04,0.13909245475026127,isotropic_constructed_macro_nats_full_precision_v3,0552c7f4701ada91e31e916f992171b9418cb47d283a56e61f311581d66266cb
1997-12-08,0.14471833999008207,isotropic_constructed_macro_nats_full_precision_v3,0552c7f4701ada91e31e916f992171b9418cb47d283a56e61f311581d66266cb
1997-12-10,0.14459556888673997,isotropic_constructed_macro_nats_full_precision_v3,0552c7f4701ada91e31e916f992171b9418cb47d283a56e61f311581d66266cb
1997-12-12,0.14316920671732264,isotropic_constructed_macro_nats_full_precision_v3,0552c7f4701ada91e31e916f992171b9418cb47d283a56e61f311581d66266cb
1997-12-16,0.14218349441108052,isotropic_constructed_macro_nats_full_precision_v3,0552c7f4701ada91e31e916f992171b9418cb47d283a56e61f311581d66266cb
1997-12-18,0.14837139381027126,isotropic_constructed_macro_nats_full_precision_v3,0552c7f4701ada91e31e916f992171b9418cb47d283a56e61f311581d66266cb
1997-12-22,0.16409166265851335,isotropic_constructed_macro_nats_full_precision_v3,0552c7f4701ada91e31e916f992171b9418cb47d283a56e61f311581d66266cb
1997-12-24,0.18314333495813018,isotropic_constructed_macro_nats_full_precision_v3,0552c7f4701ada91e31e916f992171b9418cb47d283a56e61f311581d66266cb
1997-12-29,0.18334450524501472,isotropic_constructed_macro_nats_full_precision_v3,0552c7f4701ada91e31e916f992171b9418cb47d283a56e61f311581d66266cb
1997-12-31,0.18236042514226658,isotropic_constructed_macro_nats_full_precision_v3,0552c7f4701ada91e31e916f992171b9418cb47d283a56e61f311581d66266cb
1998-01-05,0.1695214011273028,isotropic_constructed_macro_nats_full_precision_v3,0552c7f4701ada91e31e916f992171b9418cb47d283a56e61f311581d66266cb
1998-01-07,0.17281114795426872,isotropic_constructed_macro_nats_full_precision_v3,0552c7f4701ada91e31e916f992171b9418cb47d283a56e61f311581d66266cb
1998-01-09,0.17825860567104002,isotropic_constructed_macro_nats_full_precision_v3,0552c7f4701ada91e31e916f992171b9418cb47d283a56e61f311581d66266cb
1998-01-13,0.18493521031082044,isotropic_constructed_macro_nats_full_precision_v3,0552c7f4701ada91e31e916f992171b9418cb47d283a56e61f311581d66266cb
1998-01-15,0.18731833043069052,isotropic_constructed_macro_nats_full_precision_v3,0552c7f4701ada91e31e916f992171b9418cb47d283a56e61f311581d66266cb
1998-01-20,0.2000224466992513,isotropic_constructed_macro_nats_full_precision_v3,0552c7f4701ada91e31e916f992171b9418cb47d283a56e61f311581d66266cb
1998-01-22,0.1964376284852979,isotropic_constructed_macro_nats_full_precision_v3,0552c7f4701ada91e31e916f992171b9418cb47d283a56e61f311581d66266cb
1998-01-26,0.19930968065871485,isotropic_constructed_macro_nats_full_precision_v3,0552c7f4701ada91e31e916f992171b9418cb47d283a56e61f311581d66266cb
1998-01-28,0.19929974534929884,isotropic_constructed_macro_nats_full_precision_v3,0552c7f4701ada91e31e916f992171b9418cb47d283a56e61f311581d66266cb
1998-01-30,0.19844293322970324,isotropic_constructed_macro_nats_full_precision_v3,0552c7f4701ada91e31e916f992171b9418cb47d283a56e61f311581d66266cb
1998-02-03,0.20084330671901002,isotropic_constructed_macro_nats_full_precision_v3,0552c7f4701ada91e31e916f992171b9418cb47d283a56e61f311581d66266cb
1998-02-05,0.19987139136132057,isotropic_constructed_macro_nats_full_precision_v3,0552c7f4701ada91e31e916f992171b9418cb47d283a56e61f311581d66266cb
1998-02-09,0.19625118741353137,isotropic_constructed_macro_nats_full_precision_v3,0552c7f4701ada91e31e916f992171b9418cb47d283a56e61f311581d66266cb
1998-02-11,0.2015175862446495,isotropic_constructed_macro_nats_full_precision_v3,0552c7f4701ada91e31e916f992171b9418cb47d283a56e61f311581d66266cb
1998-02-13,0.2026269135189315,isotropic_constructed_macro_nats_full_precision_v3,0552c7f4701ada91e31e916f992171b9418cb47d283a56e61f311581d66266cb
1998-02-18,0.19907519589401126,isotropic_constructed_macro_nats_full_precision_v3,0552c7f4701ada91e31e916f992171b9418cb47d283a56e61f311581d66266cb
1998-02-20,0.20129337821471605,isotropic_constructed_macro_nats_full_precision_v3,0552c7f4701ada91e31e916f992171b9418cb47d283a56e61f311581d66266cb
1998-02-24,0.20024572522071454,isotropic_constructed_macro_nats_full_precision_v3,0552c7f4701ada91e31e916f992171b9418cb47d283a56e61f311581d66266cb
1998-02-26,0.2012091543560947,isotropic_constructed_macro_nats_full_precision_v3,0552c7f4701ada91e31e916f992171b9418cb47d283a56e61f311581d66266cb
1998-03-02,0.1995968894743267,isotropic_constructed_macro_nats_full_precision_v3,0552c7f4701ada91e31e916f992171b9418cb47d283a56e61f311581d66266cb
1998-03-04,0.20275654547374475,isotropic_constructed_macro_nats_full_precision_v3,0552c7f4701ada91e31e916f992171b9418cb47d283a56e61f311581d66266cb
1998-03-06,0.20449550351587586,isotropic_constructed_macro_nats_full_precision_v3,0552c7f4701ada91e31e916f992171b9418cb47d283a56e61f311581d66266cb
1998-03-10,0.20696880863877568,isotropic_constructed_macro_nats_full_precision_v3,0552c7f4701ada91e31e916f992171b9418cb47d283a56e61f311581d66266cb
1998-03-12,0.20959421710469162,isotropic_constructed_macro_nats_full_precision_v3,0552c7f4701ada91e31e916f992171b9418cb47d283a56e61f311581d66266cb
1998-03-16,0.21305382603414494,isotropic_constructed_macro_nats_full_precision_v3,0552c7f4701ada91e31e916f992171b9418cb47d283a56e61f311581d66266cb
1998-03-18,0.2140023595009123,isotropic_constructed_macro_nats_full_precision_v3,0552c7f4701ada91e31e916f992171b9418cb47d283a56e61f311581d66266cb
1998-03-20,0.21216860038747268,isotropic_constructed_macro_nats_full_precision_v3,0552c7f4701ada91e31e916f992171b9418cb47d283a56e61f311581d66266cb
1998-03-24,0.21121994136782848,isotropic_constructed_macro_nats_full_precision_v3,0552c7f4701ada91e31e916f992171b9418cb47d283a56e61f311581d66266cb
1998-03-26,0.20868149678566777,isotropic_constructed_macro_nats_full_precision_v3,0552c7f4701ada91e31e916f992171b9418cb47d283a56e61f311581d66266cb
1998-03-30,0.20822972405855994,isotropic_constructed_macro_nats_full_precision_v3,0552c7f4701ada91e31e916f992171b9418cb47d283a56e61f311581d66266cb
1998-04-01,0.19648178676625622,isotropic_constructed_macro_nats_full_precision_v3,0552c7f4701ada91e31e916f992171b9418cb47d283a56e61f311581d66266cb
1998-04-03,0.1942913273268837,isotropic_constructed_macro_nats_full_precision_v3,0552c7f4701ada91e31e916f992171b9418cb47d283a56e61f311581d66266cb
1998-04-07,0.19363296783411538,isotropic_constructed_macro_nats_full_precision_v3,0552c7f4701ada91e31e916f992171b9418cb47d283a56e61f311581d66266cb
1998-04-09,0.19189374934189923,isotropic_constructed_macro_nats_full_precision_v3,0552c7f4701ada91e31e916f992171b9418cb47d283a56e61f311581d66266cb
1998-04-14,0.18822617964295763,isotropic_constructed_macro_nats_full_precision_v3,0552c7f4701ada91e31e916f992171b9418cb47d283a56e61f311581d66266cb
1998-04-16,0.1857537387276363,isotropic_constructed_macro_nats_full_precision_v3,0552c7f4701ada91e31e916f992171b9418cb47d283a56e61f311581d66266cb
1998-04-20,0.1826509112481718,isotropic_constructed_macro_nats_full_precision_v3,0552c7f4701ada91e31e916f992171b9418cb47d283a56e61f311581d66266cb
1998-04-22,0.18533798902650922,isotropic_constructed_macro_nats_full_precision_v3,0552c7f4701ada91e31e916f992171b9418cb47d283a56e61f311581d66266cb
1998-04-24,0.182024105490746,isotropic_constructed_macro_nats_full_precision_v3,0552c7f4701ada91e31e916f992171b9418cb47d283a56e61f311581d66266cb
1998-04-28,0.18796876848935049,isotropic_constructed_macro_nats_full_precision_v3,0552c7f4701ada91e31e916f992171b9418cb47d283a56e61f311581d66266cb
1998-04-30,0.18780447962769903,isotropic_constructed_macro_nats_full_precision_v3,0552c7f4701ada91e31e916f992171b9418cb47d283a56e61f311581d66266cb
1998-05-04,0.1716228487987013,isotropic_constructed_macro_nats_full_precision_v3,0552c7f4701ada91e31e916f992171b9418cb47d283a56e61f311581d66266cb
1998-05-06,0.17513723398425107,isotropic_constructed_macro_nats_full_precision_v3,0552c7f4701ada91e31e916f992171b9418cb47d283a56e61f311581d66266cb
1998-05-08,0.17294926040764966,isotropic_constructed_macro_nats_full_precision_v3,0552c7f4701ada91e31e916f992171b9418cb47d283a56e61f311581d66266cb
1998-05-12,0.1727669428273191,isotropic_constructed_macro_nats_full_precision_v3,0552c7f4701ada91e31e916f992171b9418cb47d283a56e61f311581d66266cb
1998-05-14,0.1869431143092152,isotropic_constructed_macro_nats_full_precision_v3,0552c7f4701ada91e31e916f992171b9418cb47d283a56e61f311581d66266cb
1998-05-18,0.18594029416526425,isotropic_constructed_macro_nats_full_precision_v3,0552c7f4701ada91e31e916f992171b9418cb47d283a56e61f311581d66266cb
1998-05-20,0.18865498531888453,isotropic_constructed_macro_nats_full_precision_v3,0552c7f4701ada91e31e916f992171b9418cb47d283a56e61f311581d66266cb
1998-05-22,0.1919797435703845,isotropic_constructed_macro_nats_full_precision_v3,0552c7f4701ada91e31e916f992171b9418cb47d283a56e61f311581d66266cb
1998-05-27,0.18734215022842893,isotropic_constructed_macro_nats_full_precision_v3,0552c7f4701ada91e31e916f992171b9418cb47d283a56e61f311581d66266cb
1998-05-29,0.19587234435778467,isotropic_constructed_macro_nats_full_precision_v3,0552c7f4701ada91e31e916f992171b9418cb47d283a56e61f311581d66266cb
1998-06-02,0.1881133669715594,isotropic_constructed_macro_nats_full_precision_v3,0552c7f4701ada91e31e916f992171b9418cb47d283a56e61f311581d66266cb
1998-06-04,0.18588862187822147,isotropic_constructed_macro_nats_full_precision_v3,0552c7f4701ada91e31e916f992171b9418cb47d283a56e61f311581d66266cb
1998-06-08,0.1874353368623914,isotropic_constructed_macro_nats_full_precision_v3,0552c7f4701ada91e31e916f992171b9418cb47d283a56e61f311581d66266cb
1998-06-10,0.1895733752693633,isotropic_constructed_macro_nats_full_precision_v3,0552c7f4701ada91e31e916f992171b9418cb47d283a56e61f311581d66266cb
1998-06-12,0.1980733164475152,isotropic_constructed_macro_nats_full_precision_v3,0552c7f4701ada91e31e916f992171b9418cb47d283a56e61f311581d66266cb
1998-06-16,0.1991483157393437,isotropic_constructed_macro_nats_full_precision_v3,0552c7f4701ada91e31e916f992171b9418cb47d283a56e61f311581d66266cb
1998-06-18,0.19359640923049765,isotropic_constructed_macro_nats_full_precision_v3,0552c7f4701ada91e31e916f992171b9418cb47d283a56e61f311581d66266cb
1998-06-22,0.19651959613224895,isotropic_constructed_macro_nats_full_precision_v3,0552c7f4701ada91e31e916f992171b9418cb47d283a56e61f311581d66266cb
1998-06-24,0.20918910102084237,isotropic_constructed_macro_nats_full_precision_v3,0552c7f4701ada91e31e916f992171b9418cb47d283a56e61f311581d66266cb
1998-06-26,0.2090553592934965,isotropic_constructed_macro_nats_full_precision_v3,0552c7f4701ada91e31e916f992171b9418cb47d283a56e61f311581d66266cb
1998-06-30,0.21379421059303247,isotropic_constructed_macro_nats_full_precision_v3,0552c7f4701ada91e31e916f992171b9418cb47d283a56e61f311581d66266cb
1998-07-02,0.21438927931403254,isotropic_constructed_macro_nats_full_precision_v3,0552c7f4701ada91e31e916f992171b9418cb47d283a56e61f311581d66266cb
1998-07-07,0.21895546871994775,isotropic_constructed_macro_nats_full_precision_v3,0552c7f4701ada91e31e916f992171b9418cb47d283a56e61f311581d66266cb
1998-07-09,0.2162656900503806,isotropic_constructed_macro_nats_full_precision_v3,0552c7f4701ada91e31e916f992171b9418cb47d283a56e61f311581d66266cb
1998-07-13,0.2186643821135591,isotropic_constructed_macro_nats_full_precision_v3,0552c7f4701ada91e31e916f992171b9418cb47d283a56e61f311581d66266cb
1998-07-15,0.21313640839498738,isotropic_constructed_macro_nats_full_precision_v3,0552c7f4701ada91e31e916f992171b9418cb47d283a56e61f311581d66266cb
1998-07-17,0.21353438895732535,isotropic_constructed_macro_nats_full_precision_v3,0552c7f4701ada91e31e916f992171b9418cb47d283a56e61f311581d66266cb
1998-07-21,0.21363749078506372,isotropic_constructed_macro_nats_full_precision_v3,0552c7f4701ada91e31e916f992171b9418cb47d283a56e61f311581d66266cb
1998-07-23,0.21648270312158652,isotropic_constructed_macro_nats_full_precision_v3,0552c7f4701ada91e31e916f992171b9418cb47d283a56e61f311581d66266cb
1998-07-27,0.2165479138634719,isotropic_constructed_macro_nats_full_precision_v3,0552c7f4701ada91e31e916f992171b9418cb47d283a56e61f311581d66266cb
1998-07-29,0.21742622807844758,isotropic_constructed_macro_nats_full_precision_v3,0552c7f4701ada91e31e916f992171b9418cb47d283a56e61f311581d66266cb
1998-07-31,0.21786281795630497,isotropic_constructed_macro_nats_full_precision_v3,0552c7f4701ada91e31e916f992171b9418cb47d283a56e61f311581d66266cb
1998-08-04,0.21069645444313484,isotropic_constructed_macro_nats_full_precision_v3,0552c7f4701ada91e31e916f992171b9418cb47d283a56e61f311581d66266cb
1998-08-06,0.2107697590632991,isotropic_constructed_macro_nats_full_precision_v3,0552c7f4701ada91e31e916f992171b9418cb47d283a56e61f311581d66266cb
1998-08-10,0.20648555554180098,isotropic_constructed_macro_nats_full_precision_v3,0552c7f4701ada91e31e916f992171b9418cb47d283a56e61f311581d66266cb
1998-08-12,0.20748585098818073,isotropic_constructed_macro_nats_full_precision_v3,0552c7f4701ada91e31e916f992171b9418cb47d283a56e61f311581d66266cb
1998-08-14,0.20866190240928784,isotropic_constructed_macro_nats_full_precision_v3,0552c7f4701ada91e31e916f992171b9418cb47d283a56e61f311581d66266cb
1998-08-18,0.20502788328822857,isotropic_constructed_macro_nats_full_precision_v3,0552c7f4701ada91e31e916f992171b9418cb47d283a56e61f311581d66266cb
1998-08-20,0.20247157040207486,isotropic_constructed_macro_nats_full_precision_v3,0552c7f4701ada91e31e916f992171b9418cb47d283a56e61f311581d66266cb
1998-08-24,0.1858018464755298,isotropic_constructed_macro_nats_full_precision_v3,0552c7f4701ada91e31e916f992171b9418cb47d283a56e61f311581d66266cb
1998-08-26,0.17268937264564196,isotropic_constructed_macro_nats_full_precision_v3,0552c7f4701ada91e31e916f992171b9418cb47d283a56e61f311581d66266cb
1998-08-28,0.19079120675920508,isotropic_constructed_macro_nats_full_precision_v3,0552c7f4701ada91e31e916f992171b9418cb47d283a56e61f311581d66266cb
1998-09-01,0.19827420516019129,isotropic_constructed_macro_nats_full_precision_v3,0552c7f4701ada91e31e916f992171b9418cb47d283a56e61f311581d66266cb
1998-09-03,0.1836611027027637,isotropic_constructed_macro_nats_full_precision_v3,0552c7f4701ada91e31e916f992171b9418cb47d283a56e61f311581d66266cb
1998-09-08,0.16974806234979792,isotropic_constructed_macro_nats_full_precision_v3,0552c7f4701ada91e31e916f992171b9418cb47d283a56e61f311581d66266cb
1998-09-10,0.16930942273728256,isotropic_constructed_macro_nats_full_precision_v3,0552c7f4701ada91e31e916f992171b9418cb47d283a56e61f311581d66266cb
1998-09-14,0.15063089520781348,isotropic_constructed_macro_nats_full_precision_v3,0552c7f4701ada91e31e916f992171b9418cb47d283a56e61f311581d66266cb
1998-09-16,0.15947924553539278,isotropic_constructed_macro_nats_full_precision_v3,0552c7f4701ada91e31e916f992171b9418cb47d283a56e61f311581d66266cb
1998-09-18,0.17321665545976855,isotropic_constructed_macro_nats_full_precision_v3,0552c7f4701ada91e31e916f992171b9418cb47d283a56e61f311581d66266cb
1998-09-22,0.1698317241332522,isotropic_constructed_macro_nats_full_precision_v3,0552c7f4701ada91e31e916f992171b9418cb47d283a56e61f311581d66266cb
1998-09-24,0.1810664712950879,isotropic_constructed_macro_nats_full_precision_v3,0552c7f4701ada91e31e916f992171b9418cb47d283a56e61f311581d66266cb
1998-09-28,0.18372803284128353,isotropic_constructed_macro_nats_full_precision_v3,0552c7f4701ada91e31e916f992171b9418cb47d283a56e61f311581d66266cb
1998-09-30,0.19104019926911456,isotropic_constructed_macro_nats_full_precision_v3,0552c7f4701ada91e31e916f992171b9418cb47d283a56e61f311581d66266cb
1998-10-02,0.2149609510157015,isotropic_constructed_macro_nats_full_precision_v3,0552c7f4701ada91e31e916f992171b9418cb47d283a56e61f311581d66266cb
1998-10-06,0.2168310954900234,isotropic_constructed_macro_nats_full_precision_v3,0552c7f4701ada91e31e916f992171b9418cb47d283a56e61f311581d66266cb
1998-10-08,0.21148723214816922,isotropic_constructed_macro_nats_full_precision_v3,0552c7f4701ada91e31e916f992171b9418cb47d283a56e61f311581d66266cb
1998-10-12,0.26905706502711285,isotropic_constructed_macro_nats_full_precision_v3,0552c7f4701ada91e31e916f992171b9418cb47d283a56e61f311581d66266cb
1998-10-14,0.23385129055738563,isotropic_constructed_macro_nats_full_precision_v3,0552c7f4701ada91e31e916f992171b9418cb47d283a56e61f311581d66266cb
1998-10-16,0.17751240752488257,isotropic_constructed_macro_nats_full_precision_v3,0552c7f4701ada91e31e916f992171b9418cb47d283a56e61f311581d66266cb
1998-10-20,0.18647005433879943,isotropic_constructed_macro_nats_full_precision_v3,0552c7f4701ada91e31e916f992171b9418cb47d283a56e61f311581d66266cb
1998-10-22,0.1855344838114909,isotropic_constructed_macro_nats_full_precision_v3,0552c7f4701ada91e31e916f992171b9418cb47d283a56e61f311581d66266cb
1998-10-26,0.18349853169835667,isotropic_constructed_macro_nats_full_precision_v3,0552c7f4701ada91e31e916f992171b9418cb47d283a56e61f311581d66266cb
1998-10-28,0.1870951378191616,isotropic_constructed_macro_nats_full_precision_v3,0552c7f4701ada91e31e916f992171b9418cb47d283a56e61f311581d66266cb
1998-10-30,0.18332222069064746,isotropic_constructed_macro_nats_full_precision_v3,0552c7f4701ada91e31e916f992171b9418cb47d283a56e61f311581d66266cb
1998-11-03,0.18382557995402293,isotropic_constructed_macro_nats_full_precision_v3,0552c7f4701ada91e31e916f992171b9418cb47d283a56e61f311581d66266cb
1998-11-05,0.18223079425668687,isotropic_constructed_macro_nats_full_precision_v3,0552c7f4701ada91e31e916f992171b9418cb47d283a56e61f311581d66266cb
1998-11-09,0.1735667396826211,isotropic_constructed_macro_nats_full_precision_v3,0552c7f4701ada91e31e916f992171b9418cb47d283a56e61f311581d66266cb
1998-11-11,0.1546780096222366,isotropic_constructed_macro_nats_full_precision_v3,0552c7f4701ada91e31e916f992171b9418cb47d283a56e61f311581d66266cb
1998-11-13,0.13565074900551366,isotropic_constructed_macro_nats_full_precision_v3,0552c7f4701ada91e31e916f992171b9418cb47d283a56e61f311581d66266cb
1998-11-17,0.12828923864953712,isotropic_constructed_macro_nats_full_precision_v3,0552c7f4701ada91e31e916f992171b9418cb47d283a56e61f311581d66266cb
1998-11-19,0.12176455163024909,isotropic_constructed_macro_nats_full_precision_v3,0552c7f4701ada91e31e916f992171b9418cb47d283a56e61f311581d66266cb
1998-11-23,0.1271123429119116,isotropic_constructed_macro_nats_full_precision_v3,0552c7f4701ada91e31e916f992171b9418cb47d283a56e61f311581d66266cb
1998-11-25,0.1173896680087624,isotropic_constructed_macro_nats_full_precision_v3,0552c7f4701ada91e31e916f992171b9418cb47d283a56e61f311581d66266cb
1998-11-30,0.12564539474755787,isotropic_constructed_macro_nats_full_precision_v3,0552c7f4701ada91e31e916f992171b9418cb47d283a56e61f311581d66266cb
1998-12-02,0.11346047465629443,isotropic_constructed_macro_nats_full_precision_v3,0552c7f4701ada91e31e916f992171b9418cb47d283a56e61f311581d66266cb
1998-12-04,0.10103910041417284,isotropic_constructed_macro_nats_full_precision_v3,0552c7f4701ada91e31e916f992171b9418cb47d283a56e61f311581d66266cb
1998-12-08,0.09190838045156746,isotropic_constructed_macro_nats_full_precision_v3,0552c7f4701ada91e31e916f992171b9418cb47d283a56e61f311581d66266cb
1998-12-10,0.09536043203195525,isotropic_constructed_macro_nats_full_precision_v3,0552c7f4701ada91e31e916f992171b9418cb47d283a56e61f311581d66266cb
1998-12-14,0.09980946493965098,isotropic_constructed_macro_nats_full_precision_v3,0552c7f4701ada91e31e916f992171b9418cb47d283a56e61f311581d66266cb
1998-12-16,0.10273334401254874,isotropic_constructed_macro_nats_full_precision_v3,0552c7f4701ada91e31e916f992171b9418cb47d283a56e61f311581d66266cb
1998-12-18,0.09928969005575373,isotropic_constructed_macro_nats_full_precision_v3,0552c7f4701ada91e31e916f992171b9418cb47d283a56e61f311581d66266cb
1998-12-22,0.09567861190778638,isotropic_constructed_macro_nats_full_precision_v3,0552c7f4701ada91e31e916f992171b9418cb47d283a56e61f311581d66266cb
1998-12-24,0.09241806015383033,isotropic_constructed_macro_nats_full_precision_v3,0552c7f4701ada91e31e916f992171b9418cb47d283a56e61f311581d66266cb
1998-12-29,0.08932375734412105,isotropic_constructed_macro_nats_full_precision_v3,0552c7f4701ada91e31e916f992171b9418cb47d283a56e61f311581d66266cb
1998-12-31,0.08755442425485473,isotropic_constructed_macro_nats_full_precision_v3,0552c7f4701ada91e31e916f992171b9418cb47d283a56e61f311581d66266cb
1999-01-05,0.0867915758905878,isotropic_constructed_macro_nats_full_precision_v3,0552c7f4701ada91e31e916f992171b9418cb47d283a56e61f311581d66266cb
1999-01-07,0.08974511071024788,isotropic_constructed_macro_nats_full_precision_v3,0552c7f4701ada91e31e916f992171b9418cb47d283a56e61f311581d66266cb
1999-01-11,0.08802716593746555,isotropic_constructed_macro_nats_full_precision_v3,0552c7f4701ada91e31e916f992171b9418cb47d283a56e61f311581d66266cb
1999-01-13,0.09328858705054616,isotropic_constructed_macro_nats_full_precision_v3,0552c7f4701ada91e31e916f992171b9418cb47d283a56e61f311581d66266cb
1999-01-15,0.1012462613599831,isotropic_constructed_macro_nats_full_precision_v3,0552c7f4701ada91e31e916f992171b9418cb47d283a56e61f311581d66266cb
1999-01-20,0.10328376217095527,isotropic_constructed_macro_nats_full_precision_v3,0552c7f4701ada91e31e916f992171b9418cb47d283a56e61f311581d66266cb
1999-01-22,0.0911986151701435,isotropic_constructed_macro_nats_full_precision_v3,0552c7f4701ada91e31e916f992171b9418cb47d283a56e61f311581d66266cb
1999-01-26,0.0907596779880197,isotropic_constructed_macro_nats_full_precision_v3,0552c7f4701ada91e31e916f992171b9418cb47d283a56e61f311581d66266cb
1999-01-28,0.09732204253613025,isotropic_constructed_macro_nats_full_precision_v3,0552c7f4701ada91e31e916f992171b9418cb47d283a56e61f311581d66266cb
1999-02-01,0.11169093597324652,isotropic_constructed_macro_nats_full_precision_v3,0552c7f4701ada91e31e916f992171b9418cb47d283a56e61f311581d66266cb
1999-02-03,0.11069172825671536,isotropic_constructed_macro_nats_full_precision_v3,0552c7f4701ada91e31e916f992171b9418cb47d283a56e61f311581d66266cb
1999-02-05,0.10535145611639868,isotropic_constructed_macro_nats_full_precision_v3,0552c7f4701ada91e31e916f992171b9418cb47d283a56e61f311581d66266cb
1999-02-09,0.10250852665502629,isotropic_constructed_macro_nats_full_precision_v3,0552c7f4701ada91e31e916f992171b9418cb47d283a56e61f311581d66266cb
1999-02-11,0.1081035083684555,isotropic_constructed_macro_nats_full_precision_v3,0552c7f4701ada91e31e916f992171b9418cb47d283a56e61f311581d66266cb
1999-02-16,0.1134283284469071,isotropic_constructed_macro_nats_full_precision_v3,0552c7f4701ada91e31e916f992171b9418cb47d283a56e61f311581d66266cb
1999-02-18,0.11431490892160448,isotropic_constructed_macro_nats_full_precision_v3,0552c7f4701ada91e31e916f992171b9418cb47d283a56e61f311581d66266cb
1999-02-22,0.11060189155316617,isotropic_constructed_macro_nats_full_precision_v3,0552c7f4701ada91e31e916f992171b9418cb47d283a56e61f311581d66266cb
1999-02-24,0.10160361581125367,isotropic_constructed_macro_nats_full_precision_v3,0552c7f4701ada91e31e916f992171b9418cb47d283a56e61f311581d66266cb
1999-02-26,0.10349751027123003,isotropic_constructed_macro_nats_full_precision_v3,0552c7f4701ada91e31e916f992171b9418cb47d283a56e61f311581d66266cb
1999-03-02,0.10298264598932576,isotropic_constructed_macro_nats_full_precision_v3,0552c7f4701ada91e31e916f992171b9418cb47d283a56e61f311581d66266cb
1999-03-04,0.1049720056379338,isotropic_constructed_macro_nats_full_precision_v3,0552c7f4701ada91e31e916f992171b9418cb47d283a56e61f311581d66266cb
1999-03-08,0.10406139158519008,isotropic_constructed_macro_nats_full_precision_v3,0552c7f4701ada91e31e916f992171b9418cb47d283a56e61f311581d66266cb
1999-03-10,0.1039996627987616,isotropic_constructed_macro_nats_full_precision_v3,0552c7f4701ada91e31e916f992171b9418cb47d283a56e61f311581d66266cb
1999-03-12,0.10104968197017036,isotropic_constructed_macro_nats_full_precision_v3,0552c7f4701ada91e31e916f992171b9418cb47d283a56e61f311581d66266cb
1999-03-16,0.07213515206344064,isotropic_constructed_macro_nats_full_precision_v3,0552c7f4701ada91e31e916f992171b9418cb47d283a56e61f311581d66266cb
1999-03-18,0.07637266270365525,isotropic_constructed_macro_nats_full_precision_v3,0552c7f4701ada91e31e916f992171b9418cb47d283a56e61f311581d66266cb
1999-03-22,0.07685746436197842,isotropic_constructed_macro_nats_full_precision_v3,0552c7f4701ada91e31e916f992171b9418cb47d283a56e61f311581d66266cb
1999-03-24,0.07783968890623694,isotropic_constructed_macro_nats_full_precision_v3,0552c7f4701ada91e31e916f992171b9418cb47d283a56e61f311581d66266cb
1999-03-26,0.07267512890408276,isotropic_constructed_macro_nats_full_precision_v3,0552c7f4701ada91e31e916f992171b9418cb47d283a56e61f311581d66266cb
1999-03-30,0.07866247259274312,isotropic_constructed_macro_nats_full_precision_v3,0552c7f4701ada91e31e916f992171b9418cb47d283a56e61f311581d66266cb
1999-04-01,0.07094230035680968,isotropic_constructed_macro_nats_full_precision_v3,0552c7f4701ada91e31e916f992171b9418cb47d283a56e61f311581d66266cb
1999-04-06,0.06387841189119872,isotropic_constructed_macro_nats_full_precision_v3,0552c7f4701ada91e31e916f992171b9418cb47d283a56e61f311581d66266cb
1999-04-08,0.05843265559088576,isotropic_constructed_macro_nats_full_precision_v3,0552c7f4701ada91e31e916f992171b9418cb47d283a56e61f311581d66266cb
1999-04-12,0.051793162186184405,isotropic_constructed_macro_nats_full_precision_v3,0552c7f4701ada91e31e916f992171b9418cb47d283a56e61f311581d66266cb
1999-04-14,0.05362163680163419,isotropic_constructed_macro_nats_full_precision_v3,0552c7f4701ada91e31e916f992171b9418cb47d283a56e61f311581d66266cb
1999-04-16,0.0640042010727847,isotropic_constructed_macro_nats_full_precision_v3,0552c7f4701ada91e31e916f992171b9418cb47d283a56e61f311581d66266cb
1999-04-20,0.06582373234930028,isotropic_constructed_macro_nats_full_precision_v3,0552c7f4701ada91e31e916f992171b9418cb47d283a56e61f311581d66266cb
1999-04-22,0.06669480530915936,isotropic_constructed_macro_nats_full_precision_v3,0552c7f4701ada91e31e916f992171b9418cb47d283a56e61f311581d66266cb
1999-04-26,0.0819443028443704,isotropic_constructed_macro_nats_full_precision_v3,0552c7f4701ada91e31e916f992171b9418cb47d283a56e61f311581d66266cb
1999-04-28,0.07999902046638016,isotropic_constructed_macro_nats_full_precision_v3,0552c7f4701ada91e31e916f992171b9418cb47d283a56e61f311581d66266cb
1999-04-30,0.08453905146911153,isotropic_constructed_macro_nats_full_precision_v3,0552c7f4701ada91e31e916f992171b9418cb47d283a56e61f311581d66266cb
1999-05-04,0.09492595878306431,isotropic_constructed_macro_nats_full_precision_v3,0552c7f4701ada91e31e916f992171b9418cb47d283a56e61f311581d66266cb
1999-05-06,0.08679165226417312,isotropic_constructed_macro_nats_full_precision_v3,0552c7f4701ada91e31e916f992171b9418cb47d283a56e61f311581d66266cb
1999-05-10,0.08839227505543316,isotropic_constructed_macro_nats_full_precision_v3,0552c7f4701ada91e31e916f992171b9418cb47d283a56e61f311581d66266cb
1999-05-12,0.09130894783870976,isotropic_constructed_macro_nats_full_precision_v3,0552c7f4701ada91e31e916f992171b9418cb47d283a56e61f311581d66266cb
1999-05-14,0.08349588728486257,isotropic_constructed_macro_nats_full_precision_v3,0552c7f4701ada91e31e916f992171b9418cb47d283a56e61f311581d66266cb
1999-05-18,0.08256201735066379,isotropic_constructed_macro_nats_full_precision_v3,0552c7f4701ada91e31e916f992171b9418cb47d283a56e61f311581d66266cb
1999-05-20,0.0853608087518852,isotropic_constructed_macro_nats_full_precision_v3,0552c7f4701ada91e31e916f992171b9418cb47d283a56e61f311581d66266cb
1999-05-24,0.0894577584846979,isotropic_constructed_macro_nats_full_precision_v3,0552c7f4701ada91e31e916f992171b9418cb47d283a56e61f311581d66266cb
1999-05-26,0.08620543861893874,isotropic_constructed_macro_nats_full_precision_v3,0552c7f4701ada91e31e916f992171b9418cb47d283a56e61f311581d66266cb
1999-05-28,0.08560769027855446,isotropic_constructed_macro_nats_full_precision_v3,0552c7f4701ada91e31e916f992171b9418cb47d283a56e61f311581d66266cb
1999-06-02,0.08610168385482175,isotropic_constructed_macro_nats_full_precision_v3,0552c7f4701ada91e31e916f992171b9418cb47d283a56e61f311581d66266cb
1999-06-04,0.07860076526181566,isotropic_constructed_macro_nats_full_precision_v3,0552c7f4701ada91e31e916f992171b9418cb47d283a56e61f311581d66266cb
1999-06-08,0.07815029901811256,isotropic_constructed_macro_nats_full_precision_v3,0552c7f4701ada91e31e916f992171b9418cb47d283a56e61f311581d66266cb
1999-06-10,0.07674156251656025,isotropic_constructed_macro_nats_full_precision_v3,0552c7f4701ada91e31e916f992171b9418cb47d283a56e61f311581d66266cb
1999-06-14,0.08495704977266806,isotropic_constructed_macro_nats_full_precision_v3,0552c7f4701ada91e31e916f992171b9418cb47d283a56e61f311581d66266cb
1999-06-16,0.07764170273906063,isotropic_constructed_macro_nats_full_precision_v3,0552c7f4701ada91e31e916f992171b9418cb47d283a56e61f311581d66266cb
1999-06-18,0.07540471966544782,isotropic_constructed_macro_nats_full_precision_v3,0552c7f4701ada91e31e916f992171b9418cb47d283a56e61f311581d66266cb
1999-06-22,0.07911605590689863,isotropic_constructed_macro_nats_full_precision_v3,0552c7f4701ada91e31e916f992171b9418cb47d283a56e61f311581d66266cb
1999-06-24,0.08036809449075495,isotropic_constructed_macro_nats_full_precision_v3,0552c7f4701ada91e31e916f992171b9418cb47d283a56e61f311581d66266cb
1999-06-28,0.0815892192333108,isotropic_constructed_macro_nats_full_precision_v3,0552c7f4701ada91e31e916f992171b9418cb47d283a56e61f311581d66266cb
1999-06-30,0.08083551637902335,isotropic_constructed_macro_nats_full_precision_v3,0552c7f4701ada91e31e916f992171b9418cb47d283a56e61f311581d66266cb
1999-07-02,0.06688680944103342,isotropic_constructed_macro_nats_full_precision_v3,0552c7f4701ada91e31e916f992171b9418cb47d283a56e61f311581d66266cb
1999-07-07,0.04024970914311607,isotropic_constructed_macro_nats_full_precision_v3,0552c7f4701ada91e31e916f992171b9418cb47d283a56e61f311581d66266cb
1999-07-09,0.03820162096757461,isotropic_constructed_macro_nats_full_precision_v3,0552c7f4701ada91e31e916f992171b9418cb47d283a56e61f311581d66266cb
1999-07-13,0.03769276523387362,isotropic_constructed_macro_nats_full_precision_v3,0552c7f4701ada91e31e916f992171b9418cb47d283a56e61f311581d66266cb
1999-07-15,0.03601537876884307,isotropic_constructed_macro_nats_full_precision_v3,0552c7f4701ada91e31e916f992171b9418cb47d283a56e61f311581d66266cb
1999-07-19,0.03674072373340391,isotropic_constructed_macro_nats_full_precision_v3,0552c7f4701ada91e31e916f992171b9418cb47d283a56e61f311581d66266cb
1999-07-21,0.03769703253810365,isotropic_constructed_macro_nats_full_precision_v3,0552c7f4701ada91e31e916f992171b9418cb47d283a56e61f311581d66266cb
1999-07-23,0.03659204463140665,isotropic_constructed_macro_nats_full_precision_v3,0552c7f4701ada91e31e916f992171b9418cb47d283a56e61f311581d66266cb
1999-07-27,0.035728886937641036,isotropic_constructed_macro_nats_full_precision_v3,0552c7f4701ada91e31e916f992171b9418cb47d283a56e61f311581d66266cb
1999-07-29,0.035140218645421675,isotropic_constructed_macro_nats_full_precision_v3,0552c7f4701ada91e31e916f992171b9418cb47d283a56e61f311581d66266cb
1999-08-02,0.03513230150278296,isotropic_constructed_macro_nats_full_precision_v3,0552c7f4701ada91e31e916f992171b9418cb47d283a56e61f311581d66266cb
1999-08-04,0.03606854882429052,isotropic_constructed_macro_nats_full_precision_v3,0552c7f4701ada91e31e916f992171b9418cb47d283a56e61f311581d66266cb
1999-08-06,0.036817684383967555,isotropic_constructed_macro_nats_full_precision_v3,0552c7f4701ada91e31e916f992171b9418cb47d283a56e61f311581d66266cb
1999-08-10,0.03694841334533845,isotropic_constructed_macro_nats_full_precision_v3,0552c7f4701ada91e31e916f992171b9418cb47d283a56e61f311581d66266cb
1999-08-12,0.035607957730787204,isotropic_constructed_macro_nats_full_precision_v3,0552c7f4701ada91e31e916f992171b9418cb47d283a56e61f311581d66266cb
1999-08-16,0.04481757570048028,isotropic_constructed_macro_nats_full_precision_v3,0552c7f4701ada91e31e916f992171b9418cb47d283a56e61f311581d66266cb
1999-08-18,0.04520623955475642,isotropic_constructed_macro_nats_full_precision_v3,0552c7f4701ada91e31e916f992171b9418cb47d283a56e61f311581d66266cb
1999-08-20,0.04519093287273683,isotropic_constructed_macro_nats_full_precision_v3,0552c7f4701ada91e31e916f992171b9418cb47d283a56e61f311581d66266cb
1999-08-24,0.03897025074504719,isotropic_constructed_macro_nats_full_precision_v3,0552c7f4701ada91e31e916f992171b9418cb47d283a56e61f311581d66266cb
1999-08-26,0.03881982119484029,isotropic_constructed_macro_nats_full_precision_v3,0552c7f4701ada91e31e916f992171b9418cb47d283a56e61f311581d66266cb
1999-08-30,0.040763784935566136,isotropic_constructed_macro_nats_full_precision_v3,0552c7f4701ada91e31e916f992171b9418cb47d283a56e61f311581d66266cb
1999-09-01,0.04003158028471704,isotropic_constructed_macro_nats_full_precision_v3,0552c7f4701ada91e31e916f992171b9418cb47d283a56e61f311581d66266cb
1999-09-03,0.04114014150597782,isotropic_constructed_macro_nats_full_precision_v3,0552c7f4701ada91e31e916f992171b9418cb47d283a56e61f311581d66266cb
1999-09-08,0.04163336528882719,isotropic_constructed_macro_nats_full_precision_v3,0552c7f4701ada91e31e916f992171b9418cb47d283a56e61f311581d66266cb
1999-09-10,0.038582767813991475,isotropic_constructed_macro_nats_full_precision_v3,0552c7f4701ada91e31e916f992171b9418cb47d283a56e61f311581d66266cb
1999-09-14,0.03670661411738868,isotropic_constructed_macro_nats_full_precision_v3,0552c7f4701ada91e31e916f992171b9418cb47d283a56e61f311581d66266cb
1999-09-16,0.0361649544837625,isotropic_constructed_macro_nats_full_precision_v3,0552c7f4701ada91e31e916f992171b9418cb47d283a56e61f311581d66266cb
1999-09-20,0.03845080594363459,isotropic_constructed_macro_nats_full_precision_v3,0552c7f4701ada91e31e916f992171b9418cb47d283a56e61f311581d66266cb
1999-09-22,0.04189782897120302,isotropic_constructed_macro_nats_full_precision_v3,0552c7f4701ada91e31e916f992171b9418cb47d283a56e61f311581d66266cb
1999-09-24,0.04304996783905099,isotropic_constructed_macro_nats_full_precision_v3,0552c7f4701ada91e31e916f992171b9418cb47d283a56e61f311581d66266cb
1999-09-28,0.04333263419089868,isotropic_constructed_macro_nats_full_precision_v3,0552c7f4701ada91e31e916f992171b9418cb47d283a56e61f311581d66266cb
1999-09-30,0.037266179854151316,isotropic_constructed_macro_nats_full_precision_v3,0552c7f4701ada91e31e916f992171b9418cb47d283a56e61f311581d66266cb
1999-10-04,0.03662336475983852,isotropic_constructed_macro_nats_full_precision_v3,0552c7f4701ada91e31e916f992171b9418cb47d283a56e61f311581d66266cb
1999-10-06,0.04004061927799096,isotropic_constructed_macro_nats_full_precision_v3,0552c7f4701ada91e31e916f992171b9418cb47d283a56e61f311581d66266cb
1999-10-08,0.05769978368200815,isotropic_constructed_macro_nats_full_precision_v3,0552c7f4701ada91e31e916f992171b9418cb47d283a56e61f311581d66266cb
1999-10-12,0.05760327863277545,isotropic_constructed_macro_nats_full_precision_v3,0552c7f4701ada91e31e916f992171b9418cb47d283a56e61f311581d66266cb
1999-10-14,0.05279544752446519,isotropic_constructed_macro_nats_full_precision_v3,0552c7f4701ada91e31e916f992171b9418cb47d283a56e61f311581d66266cb
1999-10-18,0.05228756175793012,isotropic_constructed_macro_nats_full_precision_v3,0552c7f4701ada91e31e916f992171b9418cb47d283a56e61f311581d66266cb
1999-10-20,0.06140137675163283,isotropic_constructed_macro_nats_full_precision_v3,0552c7f4701ada91e31e916f992171b9418cb47d283a56e61f311581d66266cb
1999-10-22,0.06675956950796914,isotropic_constructed_macro_nats_full_precision_v3,0552c7f4701ada91e31e916f992171b9418cb47d283a56e61f311581d66266cb
1999-10-26,0.06303899105187144,isotropic_constructed_macro_nats_full_precision_v3,0552c7f4701ada91e31e916f992171b9418cb47d283a56e61f311581d66266cb
1999-10-28,0.054942422867044746,isotropic_constructed_macro_nats_full_precision_v3,0552c7f4701ada91e31e916f992171b9418cb47d283a56e61f311581d66266cb
1999-11-01,0.056496400555560794,isotropic_constructed_macro_nats_full_precision_v3,0552c7f4701ada91e31e916f992171b9418cb47d283a56e61f311581d66266cb
1999-11-03,0.06672190884120516,isotropic_constructed_macro_nats_full_precision_v3,0552c7f4701ada91e31e916f992171b9418cb47d283a56e61f311581d66266cb
1999-11-05,0.04758367467457851,isotropic_constructed_macro_nats_full_precision_v3,0552c7f4701ada91e31e916f992171b9418cb47d283a56e61f311581d66266cb
1999-11-09,0.0481348279822192,isotropic_constructed_macro_nats_full_precision_v3,0552c7f4701ada91e31e916f992171b9418cb47d283a56e61f311581d66266cb
1999-11-11,0.04968538983057608,isotropic_constructed_macro_nats_full_precision_v3,0552c7f4701ada91e31e916f992171b9418cb47d283a56e61f311581d66266cb
1999-11-15,0.04628762268974569,isotropic_constructed_macro_nats_full_precision_v3,0552c7f4701ada91e31e916f992171b9418cb47d283a56e61f311581d66266cb
1999-11-17,0.05007229312926882,isotropic_constructed_macro_nats_full_precision_v3,0552c7f4701ada91e31e916f992171b9418cb47d283a56e61f311581d66266cb
1999-11-19,0.052014269251650924,isotropic_constructed_macro_nats_full_precision_v3,0552c7f4701ada91e31e916f992171b9418cb47d283a56e61f311581d66266cb
1999-11-23,0.05405542294197563,isotropic_constructed_macro_nats_full_precision_v3,0552c7f4701ada91e31e916f992171b9418cb47d283a56e61f311581d66266cb
1999-11-26,0.05463571554273425,isotropic_constructed_macro_nats_full_precision_v3,0552c7f4701ada91e31e916f992171b9418cb47d283a56e61f311581d66266cb
1999-11-30,0.039900938599180036,isotropic_constructed_macro_nats_full_precision_v3,0552c7f4701ada91e31e916f992171b9418cb47d283a56e61f311581d66266cb
1999-12-02,0.048600558670272714,isotropic_constructed_macro_nats_full_precision_v3,0552c7f4701ada91e31e916f992171b9418cb47d283a56e61f311581d66266cb
1999-12-06,0.05229939873950572,isotropic_constructed_macro_nats_full_precision_v3,0552c7f4701ada91e31e916f992171b9418cb47d283a56e61f311581d66266cb
1999-12-08,0.056554990860692086,isotropic_constructed_macro_nats_full_precision_v3,0552c7f4701ada91e31e916f992171b9418cb47d283a56e61f311581d66266cb
1999-12-10,0.04491822220240689,isotropic_constructed_macro_nats_full_precision_v3,0552c7f4701ada91e31e916f992171b9418cb47d283a56e61f311581d66266cb
1999-12-14,0.04782180513055104,isotropic_constructed_macro_nats_full_precision_v3,0552c7f4701ada91e31e916f992171b9418cb47d283a56e61f311581d66266cb
1999-12-16,0.037196118576379195,isotropic_constructed_macro_nats_full_precision_v3,0552c7f4701ada91e31e916f992171b9418cb47d283a56e61f311581d66266cb
1999-12-20,0.03937929491372216,isotropic_constructed_macro_nats_full_precision_v3,0552c7f4701ada91e31e916f992171b9418cb47d283a56e61f311581d66266cb
1999-12-22,0.037013593654548774,isotropic_constructed_macro_nats_full_precision_v3,0552c7f4701ada91e31e916f992171b9418cb47d283a56e61f311581d66266cb
1999-12-27,0.041436237327970346,isotropic_constructed_macro_nats_full_precision_v3,0552c7f4701ada91e31e916f992171b9418cb47d283a56e61f311581d66266cb
1999-12-29,0.04511533730998986,isotropic_constructed_macro_nats_full_precision_v3,0552c7f4701ada91e31e916f992171b9418cb47d283a56e61f311581d66266cb
1999-12-31,0.046279313810653616,isotropic_constructed_macro_nats_full_precision_v3,0552c7f4701ada91e31e916f992171b9418cb47d283a56e61f311581d66266cb
2000-01-04,0.0523124599729138,isotropic_constructed_macro_nats_full_precision_v3,0552c7f4701ada91e31e916f992171b9418cb47d283a56e61f311581d66266cb
2000-01-06,0.05617869408805791,isotropic_constructed_macro_nats_full_precision_v3,0552c7f4701ada91e31e916f992171b9418cb47d283a56e61f311581d66266cb
2000-01-10,0.03975341417892787,isotropic_constructed_macro_nats_full_precision_v3,0552c7f4701ada91e31e916f992171b9418cb47d283a56e61f311581d66266cb
2000-01-12,0.03870843015087691,isotropic_constructed_macro_nats_full_precision_v3,0552c7f4701ada91e31e916f992171b9418cb47d283a56e61f311581d66266cb
2000-01-14,0.04035408074654327,isotropic_constructed_macro_nats_full_precision_v3,0552c7f4701ada91e31e916f992171b9418cb47d283a56e61f311581d66266cb
2000-01-19,0.04521012788299933,isotropic_constructed_macro_nats_full_precision_v3,0552c7f4701ada91e31e916f992171b9418cb47d283a56e61f311581d66266cb
2000-01-21,0.08166741458318405,isotropic_constructed_macro_nats_full_precision_v3,0552c7f4701ada91e31e916f992171b9418cb47d283a56e61f311581d66266cb
2000-01-25,0.06946544987726747,isotropic_constructed_macro_nats_full_precision_v3,0552c7f4701ada91e31e916f992171b9418cb47d283a56e61f311581d66266cb
2000-01-27,0.07508980777365414,isotropic_constructed_macro_nats_full_precision_v3,0552c7f4701ada91e31e916f992171b9418cb47d283a56e61f311581d66266cb
2000-01-31,0.04524367271271608,isotropic_constructed_macro_nats_full_precision_v3,0552c7f4701ada91e31e916f992171b9418cb47d283a56e61f311581d66266cb
2000-02-02,0.04074369439099067,isotropic_constructed_macro_nats_full_precision_v3,0552c7f4701ada91e31e916f992171b9418cb47d283a56e61f311581d66266cb
2000-02-04,0.04179485469236367,isotropic_constructed_macro_nats_full_precision_v3,0552c7f4701ada91e31e916f992171b9418cb47d283a56e61f311581d66266cb
2000-02-08,0.046636585498508215,isotropic_constructed_macro_nats_full_precision_v3,0552c7f4701ada91e31e916f992171b9418cb47d283a56e61f311581d66266cb
2000-02-10,0.05036567352102493,isotropic_constructed_macro_nats_full_precision_v3,0552c7f4701ada91e31e916f992171b9418cb47d283a56e61f311581d66266cb
2000-02-14,0.061017517696401014,isotropic_constructed_macro_nats_full_precision_v3,0552c7f4701ada91e31e916f992171b9418cb47d283a56e61f311581d66266cb
2000-02-16,0.04553741166342587,isotropic_constructed_macro_nats_full_precision_v3,0552c7f4701ada91e31e916f992171b9418cb47d283a56e61f311581d66266cb
2000-02-18,0.04004994620314145,isotropic_constructed_macro_nats_full_precision_v3,0552c7f4701ada91e31e916f992171b9418cb47d283a56e61f311581d66266cb
2000-02-23,0.0435659414758265,isotropic_constructed_macro_nats_full_precision_v3,0552c7f4701ada91e31e916f992171b9418cb47d283a56e61f311581d66266cb
2000-02-25,0.04054328465541156,isotropic_constructed_macro_nats_full_precision_v3,0552c7f4701ada91e31e916f992171b9418cb47d283a56e61f311581d66266cb
2000-02-29,0.03618999179178872,isotropic_constructed_macro_nats_full_precision_v3,0552c7f4701ada91e31e916f992171b9418cb47d283a56e61f311581d66266cb
2000-03-02,0.038309647195872154,isotropic_constructed_macro_nats_full_precision_v3,0552c7f4701ada91e31e916f992171b9418cb47d283a56e61f311581d66266cb
2000-03-06,0.03718268948172536,isotropic_constructed_macro_nats_full_precision_v3,0552c7f4701ada91e31e916f992171b9418cb47d283a56e61f311581d66266cb
2000-03-08,0.04909030739305885,isotropic_constructed_macro_nats_full_precision_v3,0552c7f4701ada91e31e916f992171b9418cb47d283a56e61f311581d66266cb
2000-03-10,0.05099721716049549,isotropic_constructed_macro_nats_full_precision_v3,0552c7f4701ada91e31e916f992171b9418cb47d283a56e61f311581d66266cb
2000-03-14,0.05147251574591885,isotropic_constructed_macro_nats_full_precision_v3,0552c7f4701ada91e31e916f992171b9418cb47d283a56e61f311581d66266cb
2000-03-16,0.053092673567590926,isotropic_constructed_macro_nats_full_precision_v3,0552c7f4701ada91e31e916f992171b9418cb47d283a56e61f311581d66266cb
2000-03-20,0.046427802333543156,isotropic_constructed_macro_nats_full_precision_v3,0552c7f4701ada91e31e916f992171b9418cb47d283a56e61f311581d66266cb
2000-03-22,0.04810418071802389,isotropic_constructed_macro_nats_full_precision_v3,0552c7f4701ada91e31e916f992171b9418cb47d283a56e61f311581d66266cb
2000-03-24,0.05080043084054654,isotropic_constructed_macro_nats_full_precision_v3,0552c7f4701ada91e31e916f992171b9418cb47d283a56e61f311581d66266cb
2000-03-28,0.05529608938492303,isotropic_constructed_macro_nats_full_precision_v3,0552c7f4701ada91e31e916f992171b9418cb47d283a56e61f311581d66266cb
2000-03-30,0.05571871537765885,isotropic_constructed_macro_nats_full_precision_v3,0552c7f4701ada91e31e916f992171b9418cb47d283a56e61f311581d66266cb
2000-04-03,0.051223097857325664,isotropic_constructed_macro_nats_full_precision_v3,0552c7f4701ada91e31e916f992171b9418cb47d283a56e61f311581d66266cb
2000-04-05,0.051289224970381506,isotropic_constructed_macro_nats_full_precision_v3,0552c7f4701ada91e31e916f992171b9418cb47d283a56e61f311581d66266cb
2000-04-07,0.05217101681321855,isotropic_constructed_macro_nats_full_precision_v3,0552c7f4701ada91e31e916f992171b9418cb47d283a56e61f311581d66266cb
2000-04-11,0.05416395044551266,isotropic_constructed_macro_nats_full_precision_v3,0552c7f4701ada91e31e916f992171b9418cb47d283a56e61f311581d66266cb
2000-04-13,0.0704541199334142,isotropic_constructed_macro_nats_full_precision_v3,0552c7f4701ada91e31e916f992171b9418cb47d283a56e61f311581d66266cb
2000-04-17,0.07282028158690525,isotropic_constructed_macro_nats_full_precision_v3,0552c7f4701ada91e31e916f992171b9418cb47d283a56e61f311581d66266cb
2000-04-19,0.08021404992769281,isotropic_constructed_macro_nats_full_precision_v3,0552c7f4701ada91e31e916f992171b9418cb47d283a56e61f311581d66266cb
2000-04-24,0.08545450832574902,isotropic_constructed_macro_nats_full_precision_v3,0552c7f4701ada91e31e916f992171b9418cb47d283a56e61f311581d66266cb
2000-04-26,0.07965072741232007,isotropic_constructed_macro_nats_full_precision_v3,0552c7f4701ada91e31e916f992171b9418cb47d283a56e61f311581d66266cb
2000-04-28,0.07807891664606523,isotropic_constructed_macro_nats_full_precision_v3,0552c7f4701ada91e31e916f992171b9418cb47d283a56e61f311581d66266cb
2000-05-02,0.08467412971700447,isotropic_constructed_macro_nats_full_precision_v3,0552c7f4701ada91e31e916f992171b9418cb47d283a56e61f311581d66266cb
2000-05-04,0.08083415273191338,isotropic_constructed_macro_nats_full_precision_v3,0552c7f4701ada91e31e916f992171b9418cb47d283a56e61f311581d66266cb
2000-05-08,0.07608578848157976,isotropic_constructed_macro_nats_full_precision_v3,0552c7f4701ada91e31e916f992171b9418cb47d283a56e61f311581d66266cb
2000-05-10,0.07846591405978244,isotropic_constructed_macro_nats_full_precision_v3,0552c7f4701ada91e31e916f992171b9418cb47d283a56e61f311581d66266cb
2000-05-12,0.07993418291358101,isotropic_constructed_macro_nats_full_precision_v3,0552c7f4701ada91e31e916f992171b9418cb47d283a56e61f311581d66266cb
2000-05-16,0.0815369332199668,isotropic_constructed_macro_nats_full_precision_v3,0552c7f4701ada91e31e916f992171b9418cb47d283a56e61f311581d66266cb
2000-05-18,0.08327183026547733,isotropic_constructed_macro_nats_full_precision_v3,0552c7f4701ada91e31e916f992171b9418cb47d283a56e61f311581d66266cb
2000-05-22,0.08441995405232926,isotropic_constructed_macro_nats_full_precision_v3,0552c7f4701ada91e31e916f992171b9418cb47d283a56e61f311581d66266cb
2000-05-24,0.0850319170403163,isotropic_constructed_macro_nats_full_precision_v3,0552c7f4701ada91e31e916f992171b9418cb47d283a56e61f311581d66266cb
2000-05-26,0.08002949993824135,isotropic_constructed_macro_nats_full_precision_v3,0552c7f4701ada91e31e916f992171b9418cb47d283a56e61f311581d66266cb
2000-05-31,0.07172552425923466,isotropic_constructed_macro_nats_full_precision_v3,0552c7f4701ada91e31e916f992171b9418cb47d283a56e61f311581d66266cb
2000-06-02,0.07244223430964482,isotropic_constructed_macro_nats_full_precision_v3,0552c7f4701ada91e31e916f992171b9418cb47d283a56e61f311581d66266cb
2000-06-06,0.07209324312529627,isotropic_constructed_macro_nats_full_precision_v3,0552c7f4701ada91e31e916f992171b9418cb47d283a56e61f311581d66266cb
2000-06-08,0.06715122285380677,isotropic_constructed_macro_nats_full_precision_v3,0552c7f4701ada91e31e916f992171b9418cb47d283a56e61f311581d66266cb
2000-06-12,0.07714011819675512,isotropic_constructed_macro_nats_full_precision_v3,0552c7f4701ada91e31e916f992171b9418cb47d283a56e61f311581d66266cb
2000-06-14,0.07867768891279436,isotropic_constructed_macro_nats_full_precision_v3,0552c7f4701ada91e31e916f992171b9418cb47d283a56e61f311581d66266cb
2000-06-16,0.0783545922546628,isotropic_constructed_macro_nats_full_precision_v3,0552c7f4701ada91e31e916f992171b9418cb47d283a56e61f311581d66266cb
2000-06-20,0.07882090724702664,isotropic_constructed_macro_nats_full_precision_v3,0552c7f4701ada91e31e916f992171b9418cb47d283a56e61f311581d66266cb
2000-06-22,0.08027756054577917,isotropic_constructed_macro_nats_full_precision_v3,0552c7f4701ada91e31e916f992171b9418cb47d283a56e61f311581d66266cb
2000-06-26,0.08133831064924107,isotropic_constructed_macro_nats_full_precision_v3,0552c7f4701ada91e31e916f992171b9418cb47d283a56e61f311581d66266cb
2000-06-28,0.08180295718624842,isotropic_constructed_macro_nats_full_precision_v3,0552c7f4701ada91e31e916f992171b9418cb47d283a56e61f311581d66266cb
2000-06-30,0.0772284489791872,isotropic_constructed_macro_nats_full_precision_v3,0552c7f4701ada91e31e916f992171b9418cb47d283a56e61f311581d66266cb
2000-07-05,0.080622205030937,isotropic_constructed_macro_nats_full_precision_v3,0552c7f4701ada91e31e916f992171b9418cb47d283a56e61f311581d66266cb
2000-07-07,0.07742367378900401,isotropic_constructed_macro_nats_full_precision_v3,0552c7f4701ada91e31e916f992171b9418cb47d283a56e61f311581d66266cb
2000-07-11,0.07901485631182534,isotropic_constructed_macro_nats_full_precision_v3,0552c7f4701ada91e31e916f992171b9418cb47d283a56e61f311581d66266cb
2000-07-13,0.07844081033857671,isotropic_constructed_macro_nats_full_precision_v3,0552c7f4701ada91e31e916f992171b9418cb47d283a56e61f311581d66266cb
2000-07-17,0.0776914504557818,isotropic_constructed_macro_nats_full_precision_v3,0552c7f4701ada91e31e916f992171b9418cb47d283a56e61f311581d66266cb
2000-07-19,0.07816120804611278,isotropic_constructed_macro_nats_full_precision_v3,0552c7f4701ada91e31e916f992171b9418cb47d283a56e61f311581d66266cb
2000-07-21,0.07554936023130582,isotropic_constructed_macro_nats_full_precision_v3,0552c7f4701ada91e31e916f992171b9418cb47d283a56e61f311581d66266cb
2000-07-25,0.07562655159183258,isotropic_constructed_macro_nats_full_precision_v3,0552c7f4701ada91e31e916f992171b9418cb47d283a56e61f311581d66266cb
2000-07-27,0.07399028468751596,isotropic_constructed_macro_nats_full_precision_v3,0552c7f4701ada91e31e916f992171b9418cb47d283a56e61f311581d66266cb
2000-07-31,0.07107932656692881,isotropic_constructed_macro_nats_full_precision_v3,0552c7f4701ada91e31e916f992171b9418cb47d283a56e61f311581d66266cb
2000-08-02,0.06996517174587837,isotropic_constructed_macro_nats_full_precision_v3,0552c7f4701ada91e31e916f992171b9418cb47d283a56e61f311581d66266cb
2000-08-04,0.06894637493640952,isotropic_constructed_macro_nats_full_precision_v3,0552c7f4701ada91e31e916f992171b9418cb47d283a56e61f311581d66266cb
2000-08-08,0.06991356991578888,isotropic_constructed_macro_nats_full_precision_v3,0552c7f4701ada91e31e916f992171b9418cb47d283a56e61f311581d66266cb
2000-08-10,0.07064807062581137,isotropic_constructed_macro_nats_full_precision_v3,0552c7f4701ada91e31e916f992171b9418cb47d283a56e61f311581d66266cb
2000-08-14,0.0713204514200773,isotropic_constructed_macro_nats_full_precision_v3,0552c7f4701ada91e31e916f992171b9418cb47d283a56e61f311581d66266cb
2000-08-16,0.06979880995729341,isotropic_constructed_macro_nats_full_precision_v3,0552c7f4701ada91e31e916f992171b9418cb47d283a56e61f311581d66266cb
2000-08-18,0.06899741311305758,isotropic_constructed_macro_nats_full_precision_v3,0552c7f4701ada91e31e916f992171b9418cb47d283a56e61f311581d66266cb
2000-08-22,0.0685977311567811,isotropic_constructed_macro_nats_full_precision_v3,0552c7f4701ada91e31e916f992171b9418cb47d283a56e61f311581d66266cb
2000-08-24,0.06749064145547976,isotropic_constructed_macro_nats_full_precision_v3,0552c7f4701ada91e31e916f992171b9418cb47d283a56e61f311581d66266cb
2000-08-28,0.07059159126507333,isotropic_constructed_macro_nats_full_precision_v3,0552c7f4701ada91e31e916f992171b9418cb47d283a56e61f311581d66266cb
2000-08-30,0.07335381660292613,isotropic_constructed_macro_nats_full_precision_v3,0552c7f4701ada91e31e916f992171b9418cb47d283a56e61f311581d66266cb
2000-09-01,0.07256727022536241,isotropic_constructed_macro_nats_full_precision_v3,0552c7f4701ada91e31e916f992171b9418cb47d283a56e61f311581d66266cb
2000-09-06,0.07281143136987869,isotropic_constructed_macro_nats_full_precision_v3,0552c7f4701ada91e31e916f992171b9418cb47d283a56e61f311581d66266cb
2000-09-08,0.0715464128222031,isotropic_constructed_macro_nats_full_precision_v3,0552c7f4701ada91e31e916f992171b9418cb47d283a56e61f311581d66266cb
2000-09-12,0.06974230316759839,isotropic_constructed_macro_nats_full_precision_v3,0552c7f4701ada91e31e916f992171b9418cb47d283a56e61f311581d66266cb
2000-09-14,0.06831481016806717,isotropic_constructed_macro_nats_full_precision_v3,0552c7f4701ada91e31e916f992171b9418cb47d283a56e61f311581d66266cb
2000-09-18,0.06976075565534749,isotropic_constructed_macro_nats_full_precision_v3,0552c7f4701ada91e31e916f992171b9418cb47d283a56e61f311581d66266cb
2000-09-20,0.07019017171314512,isotropic_constructed_macro_nats_full_precision_v3,0552c7f4701ada91e31e916f992171b9418cb47d283a56e61f311581d66266cb
2000-09-22,0.06906349005263314,isotropic_constructed_macro_nats_full_precision_v3,0552c7f4701ada91e31e916f992171b9418cb47d283a56e61f311581d66266cb
2000-09-26,0.07103389722249318,isotropic_constructed_macro_nats_full_precision_v3,0552c7f4701ada91e31e916f992171b9418cb47d283a56e61f311581d66266cb
2000-09-28,0.06693446192073295,isotropic_constructed_macro_nats_full_precision_v3,0552c7f4701ada91e31e916f992171b9418cb47d283a56e61f311581d66266cb
2000-10-02,0.06693960799503326,isotropic_constructed_macro_nats_full_precision_v3,0552c7f4701ada91e31e916f992171b9418cb47d283a56e61f311581d66266cb
2000-10-04,0.059392904962940196,isotropic_constructed_macro_nats_full_precision_v3,0552c7f4701ada91e31e916f992171b9418cb47d283a56e61f311581d66266cb
2000-10-06,0.06010742466030064,isotropic_constructed_macro_nats_full_precision_v3,0552c7f4701ada91e31e916f992171b9418cb47d283a56e61f311581d66266cb
2000-10-10,0.062381702369212144,isotropic_constructed_macro_nats_full_precision_v3,0552c7f4701ada91e31e916f992171b9418cb47d283a56e61f311581d66266cb
2000-10-12,0.05801477568461556,isotropic_constructed_macro_nats_full_precision_v3,0552c7f4701ada91e31e916f992171b9418cb47d283a56e61f311581d66266cb
2000-10-16,0.0529895323466338,isotropic_constructed_macro_nats_full_precision_v3,0552c7f4701ada91e31e916f992171b9418cb47d283a56e61f311581d66266cb
2000-10-18,0.055037163519372476,isotropic_constructed_macro_nats_full_precision_v3,0552c7f4701ada91e31e916f992171b9418cb47d283a56e61f311581d66266cb
2000-10-20,0.05690602350322273,isotropic_constructed_macro_nats_full_precision_v3,0552c7f4701ada91e31e916f992171b9418cb47d283a56e61f311581d66266cb
2000-10-24,0.05840326053577366,isotropic_constructed_macro_nats_full_precision_v3,0552c7f4701ada91e31e916f992171b9418cb47d283a56e61f311581d66266cb
2000-10-26,0.05605608581872752,isotropic_constructed_macro_nats_full_precision_v3,0552c7f4701ada91e31e916f992171b9418cb47d283a56e61f311581d66266cb
2000-10-30,0.05673319242644426,isotropic_constructed_macro_nats_full_precision_v3,0552c7f4701ada91e31e916f992171b9418cb47d283a56e61f311581d66266cb
2000-11-01,0.05726830289589463,isotropic_constructed_macro_nats_full_precision_v3,0552c7f4701ada91e31e916f992171b9418cb47d283a56e61f311581d66266cb
2000-11-03,0.05682205684719695,isotropic_constructed_macro_nats_full_precision_v3,0552c7f4701ada91e31e916f992171b9418cb47d283a56e61f311581d66266cb
2000-11-07,0.05629221967107251,isotropic_constructed_macro_nats_full_precision_v3,0552c7f4701ada91e31e916f992171b9418cb47d283a56e61f311581d66266cb
2000-11-09,0.05651420037821543,isotropic_constructed_macro_nats_full_precision_v3,0552c7f4701ada91e31e916f992171b9418cb47d283a56e61f311581d66266cb
2000-11-13,0.05596474179524891,isotropic_constructed_macro_nats_full_precision_v3,0552c7f4701ada91e31e916f992171b9418cb47d283a56e61f311581d66266cb
2000-11-15,0.05685821416370575,isotropic_constructed_macro_nats_full_precision_v3,0552c7f4701ada91e31e916f992171b9418cb47d283a56e61f311581d66266cb
2000-11-17,0.05694637177304429,isotropic_constructed_macro_nats_full_precision_v3,0552c7f4701ada91e31e916f992171b9418cb47d283a56e61f311581d66266cb
2000-11-21,0.054890793812711516,isotropic_constructed_macro_nats_full_precision_v3,0552c7f4701ada91e31e916f992171b9418cb47d283a56e61f311581d66266cb
2000-11-24,0.057872206969978274,isotropic_constructed_macro_nats_full_precision_v3,0552c7f4701ada91e31e916f992171b9418cb47d283a56e61f311581d66266cb
2000-11-28,0.05839299114612591,isotropic_constructed_macro_nats_full_precision_v3,0552c7f4701ada91e31e916f992171b9418cb47d283a56e61f311581d66266cb
2000-11-30,0.05408256811056564,isotropic_constructed_macro_nats_full_precision_v3,0552c7f4701ada91e31e916f992171b9418cb47d283a56e61f311581d66266cb
2000-12-04,0.05470770129579658,isotropic_constructed_macro_nats_full_precision_v3,0552c7f4701ada91e31e916f992171b9418cb47d283a56e61f311581d66266cb
2000-12-06,0.056649827802250835,isotropic_constructed_macro_nats_full_precision_v3,0552c7f4701ada91e31e916f992171b9418cb47d283a56e61f311581d66266cb
2000-12-08,0.05692864380566694,isotropic_constructed_macro_nats_full_precision_v3,0552c7f4701ada91e31e916f992171b9418cb47d283a56e61f311581d66266cb
2000-12-12,0.0596770734185417,isotropic_constructed_macro_nats_full_precision_v3,0552c7f4701ada91e31e916f992171b9418cb47d283a56e61f311581d66266cb
2000-12-14,0.05730643286090213,isotropic_constructed_macro_nats_full_precision_v3,0552c7f4701ada91e31e916f992171b9418cb47d283a56e61f311581d66266cb
2000-12-18,0.05234707010850918,isotropic_constructed_macro_nats_full_precision_v3,0552c7f4701ada91e31e916f992171b9418cb47d283a56e61f311581d66266cb
2000-12-20,0.0526436273838191,isotropic_constructed_macro_nats_full_precision_v3,0552c7f4701ada91e31e916f992171b9418cb47d283a56e61f311581d66266cb
2000-12-22,0.05384514580476296,isotropic_constructed_macro_nats_full_precision_v3,0552c7f4701ada91e31e916f992171b9418cb47d283a56e61f311581d66266cb
2000-12-27,0.05528108012682295,isotropic_constructed_macro_nats_full_precision_v3,0552c7f4701ada91e31e916f992171b9418cb47d283a56e61f311581d66266cb
2000-12-29,0.05648468008444342,isotropic_constructed_macro_nats_full_precision_v3,0552c7f4701ada91e31e916f992171b9418cb47d283a56e61f311581d66266cb
2001-01-03,0.060984201148714945,isotropic_constructed_macro_nats_full_precision_v3,0552c7f4701ada91e31e916f992171b9418cb47d283a56e61f311581d66266cb
2001-01-05,0.0614174829675915,isotropic_constructed_macro_nats_full_precision_v3,0552c7f4701ada91e31e916f992171b9418cb47d283a56e61f311581d66266cb
2001-01-09,0.06152177058983975,isotropic_constructed_macro_nats_full_precision_v3,0552c7f4701ada91e31e916f992171b9418cb47d283a56e61f311581d66266cb
2001-01-11,0.06102610343115722,isotropic_constructed_macro_nats_full_precision_v3,0552c7f4701ada91e31e916f992171b9418cb47d283a56e61f311581d66266cb
2001-01-16,0.06030495255415573,isotropic_constructed_macro_nats_full_precision_v3,0552c7f4701ada91e31e916f992171b9418cb47d283a56e61f311581d66266cb
2001-01-18,0.05696087376503661,isotropic_constructed_macro_nats_full_precision_v3,0552c7f4701ada91e31e916f992171b9418cb47d283a56e61f311581d66266cb
2001-01-22,0.05543097159137507,isotropic_constructed_macro_nats_full_precision_v3,0552c7f4701ada91e31e916f992171b9418cb47d283a56e61f311581d66266cb
2001-01-24,0.05460039411629533,isotropic_constructed_macro_nats_full_precision_v3,0552c7f4701ada91e31e916f992171b9418cb47d283a56e61f311581d66266cb
2001-01-26,0.047718763360450334,isotropic_constructed_macro_nats_full_precision_v3,0552c7f4701ada91e31e916f992171b9418cb47d283a56e61f311581d66266cb
2001-01-30,0.04636377902159765,isotropic_constructed_macro_nats_full_precision_v3,0552c7f4701ada91e31e916f992171b9418cb47d283a56e61f311581d66266cb
2001-02-01,0.04377445277618079,isotropic_constructed_macro_nats_full_precision_v3,0552c7f4701ada91e31e916f992171b9418cb47d283a56e61f311581d66266cb
2001-02-05,0.043786199984993,isotropic_constructed_macro_nats_full_precision_v3,0552c7f4701ada91e31e916f992171b9418cb47d283a56e61f311581d66266cb
2001-02-07,0.04373855824060323,isotropic_constructed_macro_nats_full_precision_v3,0552c7f4701ada91e31e916f992171b9418cb47d283a56e61f311581d66266cb
2001-02-09,0.04332767781360604,isotropic_constructed_macro_nats_full_precision_v3,0552c7f4701ada91e31e916f992171b9418cb47d283a56e61f311581d66266cb
2001-02-13,0.04449099249638094,isotropic_constructed_macro_nats_full_precision_v3,0552c7f4701ada91e31e916f992171b9418cb47d283a56e61f311581d66266cb
2001-02-15,0.04223852244637846,isotropic_constructed_macro_nats_full_precision_v3,0552c7f4701ada91e31e916f992171b9418cb47d283a56e61f311581d66266cb
2001-02-20,0.04428642601946961,isotropic_constructed_macro_nats_full_precision_v3,0552c7f4701ada91e31e916f992171b9418cb47d283a56e61f311581d66266cb
2001-02-22,0.04464649536719764,isotropic_constructed_macro_nats_full_precision_v3,0552c7f4701ada91e31e916f992171b9418cb47d283a56e61f311581d66266cb
2001-02-26,0.046048038558537965,isotropic_constructed_macro_nats_full_precision_v3,0552c7f4701ada91e31e916f992171b9418cb47d283a56e61f311581d66266cb
2001-02-28,0.048125050207991765,isotropic_constructed_macro_nats_full_precision_v3,0552c7f4701ada91e31e916f992171b9418cb47d283a56e61f311581d66266cb
2001-03-02,0.046586573285036556,isotropic_constructed_macro_nats_full_precision_v3,0552c7f4701ada91e31e916f992171b9418cb47d283a56e61f311581d66266cb
2001-03-06,0.045844262169307134,isotropic_constructed_macro_nats_full_precision_v3,0552c7f4701ada91e31e916f992171b9418cb47d283a56e61f311581d66266cb
2001-03-08,0.0469917364754707,isotropic_constructed_macro_nats_full_precision_v3,0552c7f4701ada91e31e916f992171b9418cb47d283a56e61f311581d66266cb
2001-03-12,0.049436763041083506,isotropic_constructed_macro_nats_full_precision_v3,0552c7f4701ada91e31e916f992171b9418cb47d283a56e61f311581d66266cb
2001-03-14,0.049347333612558344,isotropic_constructed_macro_nats_full_precision_v3,0552c7f4701ada91e31e916f992171b9418cb47d283a56e61f311581d66266cb
2001-03-16,0.05096501303701377,isotropic_constructed_macro_nats_full_precision_v3,0552c7f4701ada91e31e916f992171b9418cb47d283a56e61f311581d66266cb
2001-03-20,0.04655675715216839,isotropic_constructed_macro_nats_full_precision_v3,0552c7f4701ada91e31e916f992171b9418cb47d283a56e61f311581d66266cb
2001-03-22,0.04688438606678709,isotropic_constructed_macro_nats_full_precision_v3,0552c7f4701ada91e31e916f992171b9418cb47d283a56e61f311581d66266cb
2001-03-26,0.0459325121069457,isotropic_constructed_macro_nats_full_precision_v3,0552c7f4701ada91e31e916f992171b9418cb47d283a56e61f311581d66266cb
2001-03-28,0.04150686848803685,isotropic_constructed_macro_nats_full_precision_v3,0552c7f4701ada91e31e916f992171b9418cb47d283a56e61f311581d66266cb
2001-03-30,0.044455175225699736,isotropic_constructed_macro_nats_full_precision_v3,0552c7f4701ada91e31e916f992171b9418cb47d283a56e61f311581d66266cb
2001-04-03,0.04161405106079788,isotropic_constructed_macro_nats_full_precision_v3,0552c7f4701ada91e31e916f992171b9418cb47d283a56e61f311581d66266cb
2001-04-05,0.042357768122374864,isotropic_constructed_macro_nats_full_precision_v3,0552c7f4701ada91e31e916f992171b9418cb47d283a56e61f311581d66266cb
2001-04-09,0.04527932911193998,isotropic_constructed_macro_nats_full_precision_v3,0552c7f4701ada91e31e916f992171b9418cb47d283a56e61f311581d66266cb
2001-04-11,0.04680255462650476,isotropic_constructed_macro_nats_full_precision_v3,0552c7f4701ada91e31e916f992171b9418cb47d283a56e61f311581d66266cb
2001-04-16,0.04748502969582197,isotropic_constructed_macro_nats_full_precision_v3,0552c7f4701ada91e31e916f992171b9418cb47d283a56e61f311581d66266cb
2001-04-18,0.047588023582800065,isotropic_constructed_macro_nats_full_precision_v3,0552c7f4701ada91e31e916f992171b9418cb47d283a56e61f311581d66266cb
2001-04-20,0.04974385729472992,isotropic_constructed_macro_nats_full_precision_v3,0552c7f4701ada91e31e916f992171b9418cb47d283a56e61f311581d66266cb
2001-04-24,0.05148910065264389,isotropic_constructed_macro_nats_full_precision_v3,0552c7f4701ada91e31e916f992171b9418cb47d283a56e61f311581d66266cb
2001-04-26,0.051076568970331235,isotropic_constructed_macro_nats_full_precision_v3,0552c7f4701ada91e31e916f992171b9418cb47d283a56e61f311581d66266cb
2001-04-30,0.05149485376596204,isotropic_constructed_macro_nats_full_precision_v3,0552c7f4701ada91e31e916f992171b9418cb47d283a56e61f311581d66266cb
2001-05-02,0.04968858152184942,isotropic_constructed_macro_nats_full_precision_v3,0552c7f4701ada91e31e916f992171b9418cb47d283a56e61f311581d66266cb
2001-05-04,0.05172027637445212,isotropic_constructed_macro_nats_full_precision_v3,0552c7f4701ada91e31e916f992171b9418cb47d283a56e61f311581d66266cb
2001-05-08,0.05205442234415139,isotropic_constructed_macro_nats_full_precision_v3,0552c7f4701ada91e31e916f992171b9418cb47d283a56e61f311581d66266cb
2001-05-10,0.0497124805864433,isotropic_constructed_macro_nats_full_precision_v3,0552c7f4701ada91e31e916f992171b9418cb47d283a56e61f311581d66266cb
2001-05-14,0.05028596498598906,isotropic_constructed_macro_nats_full_precision_v3,0552c7f4701ada91e31e916f992171b9418cb47d283a56e61f311581d66266cb
2001-05-16,0.051147713504407236,isotropic_constructed_macro_nats_full_precision_v3,0552c7f4701ada91e31e916f992171b9418cb47d283a56e61f311581d66266cb
2001-05-18,0.04611509136775721,isotropic_constructed_macro_nats_full_precision_v3,0552c7f4701ada91e31e916f992171b9418cb47d283a56e61f311581d66266cb
2001-05-22,0.04509242693641012,isotropic_constructed_macro_nats_full_precision_v3,0552c7f4701ada91e31e916f992171b9418cb47d283a56e61f311581d66266cb
2001-05-24,0.04527239283221694,isotropic_constructed_macro_nats_full_precision_v3,0552c7f4701ada91e31e916f992171b9418cb47d283a56e61f311581d66266cb
2001-05-29,0.04569200265045931,isotropic_constructed_macro_nats_full_precision_v3,0552c7f4701ada91e31e916f992171b9418cb47d283a56e61f311581d66266cb
2001-05-31,0.04532922972972553,isotropic_constructed_macro_nats_full_precision_v3,0552c7f4701ada91e31e916f992171b9418cb47d283a56e61f311581d66266cb
2001-06-04,0.043660750118149974,isotropic_constructed_macro_nats_full_precision_v3,0552c7f4701ada91e31e916f992171b9418cb47d283a56e61f311581d66266cb
2001-06-06,0.04459903759390198,isotropic_constructed_macro_nats_full_precision_v3,0552c7f4701ada91e31e916f992171b9418cb47d283a56e61f311581d66266cb
2001-06-08,0.044033905674712895,isotropic_constructed_macro_nats_full_precision_v3,0552c7f4701ada91e31e916f992171b9418cb47d283a56e61f311581d66266cb
2001-06-12,0.04475433699487491,isotropic_constructed_macro_nats_full_precision_v3,0552c7f4701ada91e31e916f992171b9418cb47d283a56e61f311581d66266cb
2001-06-14,0.04507312376019226,isotropic_constructed_macro_nats_full_precision_v3,0552c7f4701ada91e31e916f992171b9418cb47d283a56e61f311581d66266cb
2001-06-18,0.04431504392342375,isotropic_constructed_macro_nats_full_precision_v3,0552c7f4701ada91e31e916f992171b9418cb47d283a56e61f311581d66266cb
2001-06-20,0.046137647403929435,isotropic_constructed_macro_nats_full_precision_v3,0552c7f4701ada91e31e916f992171b9418cb47d283a56e61f311581d66266cb
2001-06-22,0.045086903705030906,isotropic_constructed_macro_nats_full_precision_v3,0552c7f4701ada91e31e916f992171b9418cb47d283a56e61f311581d66266cb
2001-06-26,0.04535785979375266,isotropic_constructed_macro_nats_full_precision_v3,0552c7f4701ada91e31e916f992171b9418cb47d283a56e61f311581d66266cb
2001-06-28,0.04485756548096363,isotropic_constructed_macro_nats_full_precision_v3,0552c7f4701ada91e31e916f992171b9418cb47d283a56e61f311581d66266cb
2001-07-02,0.044571734337694596,isotropic_constructed_macro_nats_full_precision_v3,0552c7f4701ada91e31e916f992171b9418cb47d283a56e61f311581d66266cb
2001-07-05,0.04394804803998878,isotropic_constructed_macro_nats_full_precision_v3,0552c7f4701ada91e31e916f992171b9418cb47d283a56e61f311581d66266cb
2001-07-09,0.04398772154501897,isotropic_constructed_macro_nats_full_precision_v3,0552c7f4701ada91e31e916f992171b9418cb47d283a56e61f311581d66266cb
2001-07-11,0.03982389067303972,isotropic_constructed_macro_nats_full_precision_v3,0552c7f4701ada91e31e916f992171b9418cb47d283a56e61f311581d66266cb
2001-07-13,0.03898282348474756,isotropic_constructed_macro_nats_full_precision_v3,0552c7f4701ada91e31e916f992171b9418cb47d283a56e61f311581d66266cb
2001-07-17,0.036496610611181035,isotropic_constructed_macro_nats_full_precision_v3,0552c7f4701ada91e31e916f992171b9418cb47d283a56e61f311581d66266cb
2001-07-19,0.03153487962254656,isotropic_constructed_macro_nats_full_precision_v3,0552c7f4701ada91e31e916f992171b9418cb47d283a56e61f311581d66266cb
2001-07-23,0.031917974204176025,isotropic_constructed_macro_nats_full_precision_v3,0552c7f4701ada91e31e916f992171b9418cb47d283a56e61f311581d66266cb
2001-07-25,0.0312882198198937,isotropic_constructed_macro_nats_full_precision_v3,0552c7f4701ada91e31e916f992171b9418cb47d283a56e61f311581d66266cb
2001-07-27,0.031797545421899304,isotropic_constructed_macro_nats_full_precision_v3,0552c7f4701ada91e31e916f992171b9418cb47d283a56e61f311581d66266cb
2001-07-31,0.031659269880778385,isotropic_constructed_macro_nats_full_precision_v3,0552c7f4701ada91e31e916f992171b9418cb47d283a56e61f311581d66266cb
2001-08-02,0.03136238649453915,isotropic_constructed_macro_nats_full_precision_v3,0552c7f4701ada91e31e916f992171b9418cb47d283a56e61f311581d66266cb
2001-08-06,0.03191773415320351,isotropic_constructed_macro_nats_full_precision_v3,0552c7f4701ada91e31e916f992171b9418cb47d283a56e61f311581d66266cb
2001-08-08,0.03230679947213452,isotropic_constructed_macro_nats_full_precision_v3,0552c7f4701ada91e31e916f992171b9418cb47d283a56e61f311581d66266cb
2001-08-10,0.03344711000144554,isotropic_constructed_macro_nats_full_precision_v3,0552c7f4701ada91e31e916f992171b9418cb47d283a56e61f311581d66266cb
2001-08-14,0.03215811059698066,isotropic_constructed_macro_nats_full_precision_v3,0552c7f4701ada91e31e916f992171b9418cb47d283a56e61f311581d66266cb
2001-08-16,0.033226931125369674,isotropic_constructed_macro_nats_full_precision_v3,0552c7f4701ada91e31e916f992171b9418cb47d283a56e61f311581d66266cb
2001-08-20,0.03539341345214855,isotropic_constructed_macro_nats_full_precision_v3,0552c7f4701ada91e31e916f992171b9418cb47d283a56e61f311581d66266cb
2001-08-22,0.0326037214105791,isotropic_constructed_macro_nats_full_precision_v3,0552c7f4701ada91e31e916f992171b9418cb47d283a56e61f311581d66266cb
2001-08-24,0.03752750457432831,isotropic_constructed_macro_nats_full_precision_v3,0552c7f4701ada91e31e916f992171b9418cb47d283a56e61f311581d66266cb
2001-08-28,0.034527668297965636,isotropic_constructed_macro_nats_full_precision_v3,0552c7f4701ada91e31e916f992171b9418cb47d283a56e61f311581d66266cb
2001-08-30,0.03519060925790758,isotropic_constructed_macro_nats_full_precision_v3,0552c7f4701ada91e31e916f992171b9418cb47d283a56e61f311581d66266cb
2001-09-04,0.03532830155405098,isotropic_constructed_macro_nats_full_precision_v3,0552c7f4701ada91e31e916f992171b9418cb47d283a56e61f311581d66266cb
2001-09-06,0.033721985104248134,isotropic_constructed_macro_nats_full_precision_v3,0552c7f4701ada91e31e916f992171b9418cb47d283a56e61f311581d66266cb
2001-09-10,0.035144426801045126,isotropic_constructed_macro_nats_full_precision_v3,0552c7f4701ada91e31e916f992171b9418cb47d283a56e61f311581d66266cb
2001-09-18,0.036257446205430935,isotropic_constructed_macro_nats_full_precision_v3,0552c7f4701ada91e31e916f992171b9418cb47d283a56e61f311581d66266cb
2001-09-20,0.03300193134931284,isotropic_constructed_macro_nats_full_precision_v3,0552c7f4701ada91e31e916f992171b9418cb47d283a56e61f311581d66266cb
2001-09-24,0.035499176763702775,isotropic_constructed_macro_nats_full_precision_v3,0552c7f4701ada91e31e916f992171b9418cb47d283a56e61f311581d66266cb
2001-09-26,0.0367648221417962,isotropic_constructed_macro_nats_full_precision_v3,0552c7f4701ada91e31e916f992171b9418cb47d283a56e61f311581d66266cb
2001-09-28,0.03464732034887537,isotropic_constructed_macro_nats_full_precision_v3,0552c7f4701ada91e31e916f992171b9418cb47d283a56e61f311581d66266cb
2001-10-02,0.03377893127957682,isotropic_constructed_macro_nats_full_precision_v3,0552c7f4701ada91e31e916f992171b9418cb47d283a56e61f311581d66266cb
2001-10-04,0.033667173294985045,isotropic_constructed_macro_nats_full_precision_v3,0552c7f4701ada91e31e916f992171b9418cb47d283a56e61f311581d66266cb
2001-10-08,0.033245792609425825,isotropic_constructed_macro_nats_full_precision_v3,0552c7f4701ada91e31e916f992171b9418cb47d283a56e61f311581d66266cb
2001-10-10,0.033203923279000944,isotropic_constructed_macro_nats_full_precision_v3,0552c7f4701ada91e31e916f992171b9418cb47d283a56e61f311581d66266cb
2001-10-12,0.03628665057001701,isotropic_constructed_macro_nats_full_precision_v3,0552c7f4701ada91e31e916f992171b9418cb47d283a56e61f311581d66266cb
2001-10-16,0.03525772401001531,isotropic_constructed_macro_nats_full_precision_v3,0552c7f4701ada91e31e916f992171b9418cb47d283a56e61f311581d66266cb
2001-10-18,0.034881179152784075,isotropic_constructed_macro_nats_full_precision_v3,0552c7f4701ada91e31e916f992171b9418cb47d283a56e61f311581d66266cb
2001-10-22,0.0352502361914679,isotropic_constructed_macro_nats_full_precision_v3,0552c7f4701ada91e31e916f992171b9418cb47d283a56e61f311581d66266cb
2001-10-24,0.03815726039900204,isotropic_constructed_macro_nats_full_precision_v3,0552c7f4701ada91e31e916f992171b9418cb47d283a56e61f311581d66266cb
2001-10-26,0.0356032253559487,isotropic_constructed_macro_nats_full_precision_v3,0552c7f4701ada91e31e916f992171b9418cb47d283a56e61f311581d66266cb
2001-10-30,0.03359886434010022,isotropic_constructed_macro_nats_full_precision_v3,0552c7f4701ada91e31e916f992171b9418cb47d283a56e61f311581d66266cb
2001-11-01,0.03535491429965561,isotropic_constructed_macro_nats_full_precision_v3,0552c7f4701ada91e31e916f992171b9418cb47d283a56e61f311581d66266cb
2001-11-05,0.036177111248079305,isotropic_constructed_macro_nats_full_precision_v3,0552c7f4701ada91e31e916f992171b9418cb47d283a56e61f311581d66266cb
2001-11-07,0.03609653842642899,isotropic_constructed_macro_nats_full_precision_v3,0552c7f4701ada91e31e916f992171b9418cb47d283a56e61f311581d66266cb
2001-11-09,0.0355165782423235,isotropic_constructed_macro_nats_full_precision_v3,0552c7f4701ada91e31e916f992171b9418cb47d283a56e61f311581d66266cb
2001-11-13,0.03667189325598923,isotropic_constructed_macro_nats_full_precision_v3,0552c7f4701ada91e31e916f992171b9418cb47d283a56e61f311581d66266cb
2001-11-15,0.03603075794791456,isotropic_constructed_macro_nats_full_precision_v3,0552c7f4701ada91e31e916f992171b9418cb47d283a56e61f311581d66266cb
2001-11-19,0.035745368022949364,isotropic_constructed_macro_nats_full_precision_v3,0552c7f4701ada91e31e916f992171b9418cb47d283a56e61f311581d66266cb
2001-11-21,0.03696884173915435,isotropic_constructed_macro_nats_full_precision_v3,0552c7f4701ada91e31e916f992171b9418cb47d283a56e61f311581d66266cb
2001-11-26,0.03621435666386634,isotropic_constructed_macro_nats_full_precision_v3,0552c7f4701ada91e31e916f992171b9418cb47d283a56e61f311581d66266cb
2001-11-28,0.03414578751752621,isotropic_constructed_macro_nats_full_precision_v3,0552c7f4701ada91e31e916f992171b9418cb47d283a56e61f311581d66266cb
2001-11-30,0.03236347344430748,isotropic_constructed_macro_nats_full_precision_v3,0552c7f4701ada91e31e916f992171b9418cb47d283a56e61f311581d66266cb
2001-12-04,0.032722572394389,isotropic_constructed_macro_nats_full_precision_v3,0552c7f4701ada91e31e916f992171b9418cb47d283a56e61f311581d66266cb
2001-12-06,0.03363762925110793,isotropic_constructed_macro_nats_full_precision_v3,0552c7f4701ada91e31e916f992171b9418cb47d283a56e61f311581d66266cb
2001-12-10,0.034023715272470834,isotropic_constructed_macro_nats_full_precision_v3,0552c7f4701ada91e31e916f992171b9418cb47d283a56e61f311581d66266cb
2001-12-12,0.03517412420169641,isotropic_constructed_macro_nats_full_precision_v3,0552c7f4701ada91e31e916f992171b9418cb47d283a56e61f311581d66266cb
2001-12-14,0.033852842137444605,isotropic_constructed_macro_nats_full_precision_v3,0552c7f4701ada91e31e916f992171b9418cb47d283a56e61f311581d66266cb
2001-12-18,0.033297841155664254,isotropic_constructed_macro_nats_full_precision_v3,0552c7f4701ada91e31e916f992171b9418cb47d283a56e61f311581d66266cb
2001-12-20,0.035346932254211316,isotropic_constructed_macro_nats_full_precision_v3,0552c7f4701ada91e31e916f992171b9418cb47d283a56e61f311581d66266cb
2001-12-24,0.035401557522209734,isotropic_constructed_macro_nats_full_precision_v3,0552c7f4701ada91e31e916f992171b9418cb47d283a56e61f311581d66266cb
2001-12-27,0.034135235949940446,isotropic_constructed_macro_nats_full_precision_v3,0552c7f4701ada91e31e916f992171b9418cb47d283a56e61f311581d66266cb
2001-12-31,0.03515146029310093,isotropic_constructed_macro_nats_full_precision_v3,0552c7f4701ada91e31e916f992171b9418cb47d283a56e61f311581d66266cb
2002-01-03,0.03473433787825696,isotropic_constructed_macro_nats_full_precision_v3,0552c7f4701ada91e31e916f992171b9418cb47d283a56e61f311581d66266cb
2002-01-07,0.035465554341046854,isotropic_constructed_macro_nats_full_precision_v3,0552c7f4701ada91e31e916f992171b9418cb47d283a56e61f311581d66266cb
2002-01-09,0.035583172619106845,isotropic_constructed_macro_nats_full_precision_v3,0552c7f4701ada91e31e916f992171b9418cb47d283a56e61f311581d66266cb
2002-01-11,0.0356616348528655,isotropic_constructed_macro_nats_full_precision_v3,0552c7f4701ada91e31e916f992171b9418cb47d283a56e61f311581d66266cb
2002-01-15,0.03858312750356674,isotropic_constructed_macro_nats_full_precision_v3,0552c7f4701ada91e31e916f992171b9418cb47d283a56e61f311581d66266cb
2002-01-17,0.03891296713670768,isotropic_constructed_macro_nats_full_precision_v3,0552c7f4701ada91e31e916f992171b9418cb47d283a56e61f311581d66266cb
2002-01-22,0.03722854886633632,isotropic_constructed_macro_nats_full_precision_v3,0552c7f4701ada91e31e916f992171b9418cb47d283a56e61f311581d66266cb
2002-01-24,0.04362019400036582,isotropic_constructed_macro_nats_full_precision_v3,0552c7f4701ada91e31e916f992171b9418cb47d283a56e61f311581d66266cb
2002-01-28,0.04403397550458159,isotropic_constructed_macro_nats_full_precision_v3,0552c7f4701ada91e31e916f992171b9418cb47d283a56e61f311581d66266cb
2002-01-30,0.03858020130686507,isotropic_constructed_macro_nats_full_precision_v3,0552c7f4701ada91e31e916f992171b9418cb47d283a56e61f311581d66266cb
2002-02-01,0.03777633155579346,isotropic_constructed_macro_nats_full_precision_v3,0552c7f4701ada91e31e916f992171b9418cb47d283a56e61f311581d66266cb
2002-02-05,0.03757194530357626,isotropic_constructed_macro_nats_full_precision_v3,0552c7f4701ada91e31e916f992171b9418cb47d283a56e61f311581d66266cb
2002-02-07,0.04704953667788814,isotropic_constructed_macro_nats_full_precision_v3,0552c7f4701ada91e31e916f992171b9418cb47d283a56e61f311581d66266cb
2002-02-11,0.043228817139306194,isotropic_constructed_macro_nats_full_precision_v3,0552c7f4701ada91e31e916f992171b9418cb47d283a56e61f311581d66266cb
2002-02-13,0.042909461730867626,isotropic_constructed_macro_nats_full_precision_v3,0552c7f4701ada91e31e916f992171b9418cb47d283a56e61f311581d66266cb
2002-02-15,0.037693085116119754,isotropic_constructed_macro_nats_full_precision_v3,0552c7f4701ada91e31e916f992171b9418cb47d283a56e61f311581d66266cb
2002-02-20,0.03783868573932227,isotropic_constructed_macro_nats_full_precision_v3,0552c7f4701ada91e31e916f992171b9418cb47d283a56e61f311581d66266cb
2002-02-22,0.03717984637006927,isotropic_constructed_macro_nats_full_precision_v3,0552c7f4701ada91e31e916f992171b9418cb47d283a56e61f311581d66266cb
2002-02-26,0.03553990697309052,isotropic_constructed_macro_nats_full_precision_v3,0552c7f4701ada91e31e916f992171b9418cb47d283a56e61f311581d66266cb
2002-02-28,0.037084616516446664,isotropic_constructed_macro_nats_full_precision_v3,0552c7f4701ada91e31e916f992171b9418cb47d283a56e61f311581d66266cb
2002-03-04,0.0385159517171811,isotropic_constructed_macro_nats_full_precision_v3,0552c7f4701ada91e31e916f992171b9418cb47d283a56e61f311581d66266cb
2002-03-06,0.03785426788572094,isotropic_constructed_macro_nats_full_precision_v3,0552c7f4701ada91e31e916f992171b9418cb47d283a56e61f311581d66266cb
2002-03-08,0.04033916593124498,isotropic_constructed_macro_nats_full_precision_v3,0552c7f4701ada91e31e916f992171b9418cb47d283a56e61f311581d66266cb
2002-03-12,0.04198475343005051,isotropic_constructed_macro_nats_full_precision_v3,0552c7f4701ada91e31e916f992171b9418cb47d283a56e61f311581d66266cb
2002-03-14,0.04197577234139949,isotropic_constructed_macro_nats_full_precision_v3,0552c7f4701ada91e31e916f992171b9418cb47d283a56e61f311581d66266cb
2002-03-18,0.042500347565472954,isotropic_constructed_macro_nats_full_precision_v3,0552c7f4701ada91e31e916f992171b9418cb47d283a56e61f311581d66266cb
2002-03-20,0.043361023915637745,isotropic_constructed_macro_nats_full_precision_v3,0552c7f4701ada91e31e916f992171b9418cb47d283a56e61f311581d66266cb
2002-03-22,0.04334342864031898,isotropic_constructed_macro_nats_full_precision_v3,0552c7f4701ada91e31e916f992171b9418cb47d283a56e61f311581d66266cb
2002-03-26,0.042885020596443196,isotropic_constructed_macro_nats_full_precision_v3,0552c7f4701ada91e31e916f992171b9418cb47d283a56e61f311581d66266cb
2002-03-28,0.04140810772395068,isotropic_constructed_macro_nats_full_precision_v3,0552c7f4701ada91e31e916f992171b9418cb47d283a56e61f311581d66266cb
2002-04-02,0.043837770491178915,isotropic_constructed_macro_nats_full_precision_v3,0552c7f4701ada91e31e916f992171b9418cb47d283a56e61f311581d66266cb
2002-04-04,0.04230623492246774,isotropic_constructed_macro_nats_full_precision_v3,0552c7f4701ada91e31e916f992171b9418cb47d283a56e61f311581d66266cb
2002-04-08,0.040920295585552144,isotropic_constructed_macro_nats_full_precision_v3,0552c7f4701ada91e31e916f992171b9418cb47d283a56e61f311581d66266cb
2002-04-10,0.04056911248849815,isotropic_constructed_macro_nats_full_precision_v3,0552c7f4701ada91e31e916f992171b9418cb47d283a56e61f311581d66266cb
2002-04-12,0.03921258628498195,isotropic_constructed_macro_nats_full_precision_v3,0552c7f4701ada91e31e916f992171b9418cb47d283a56e61f311581d66266cb
2002-04-16,0.037263716848308925,isotropic_constructed_macro_nats_full_precision_v3,0552c7f4701ada91e31e916f992171b9418cb47d283a56e61f311581d66266cb
2002-04-18,0.036253464856319376,isotropic_constructed_macro_nats_full_precision_v3,0552c7f4701ada91e31e916f992171b9418cb47d283a56e61f311581d66266cb
2002-04-22,0.0357587138255326,isotropic_constructed_macro_nats_full_precision_v3,0552c7f4701ada91e31e916f992171b9418cb47d283a56e61f311581d66266cb
2002-04-24,0.0362247264939556,isotropic_constructed_macro_nats_full_precision_v3,0552c7f4701ada91e31e916f992171b9418cb47d283a56e61f311581d66266cb
2002-04-26,0.03635963552111647,isotropic_constructed_macro_nats_full_precision_v3,0552c7f4701ada91e31e916f992171b9418cb47d283a56e61f311581d66266cb
2002-04-30,0.03781706622774965,isotropic_constructed_macro_nats_full_precision_v3,0552c7f4701ada91e31e916f992171b9418cb47d283a56e61f311581d66266cb
2002-05-02,0.038085551998602266,isotropic_constructed_macro_nats_full_precision_v3,0552c7f4701ada91e31e916f992171b9418cb47d283a56e61f311581d66266cb
2002-05-06,0.03814653050744592,isotropic_constructed_macro_nats_full_precision_v3,0552c7f4701ada91e31e916f992171b9418cb47d283a56e61f311581d66266cb
2002-05-08,0.04190058523412479,isotropic_constructed_macro_nats_full_precision_v3,0552c7f4701ada91e31e916f992171b9418cb47d283a56e61f311581d66266cb
2002-05-10,0.040798690662705125,isotropic_constructed_macro_nats_full_precision_v3,0552c7f4701ada91e31e916f992171b9418cb47d283a56e61f311581d66266cb
2002-05-14,0.04137287766490427,isotropic_constructed_macro_nats_full_precision_v3,0552c7f4701ada91e31e916f992171b9418cb47d283a56e61f311581d66266cb
2002-05-16,0.04280079760324558,isotropic_constructed_macro_nats_full_precision_v3,0552c7f4701ada91e31e916f992171b9418cb47d283a56e61f311581d66266cb
2002-05-20,0.04342989708169233,isotropic_constructed_macro_nats_full_precision_v3,0552c7f4701ada91e31e916f992171b9418cb47d283a56e61f311581d66266cb
2002-05-22,0.044110146948930284,isotropic_constructed_macro_nats_full_precision_v3,0552c7f4701ada91e31e916f992171b9418cb47d283a56e61f311581d66266cb
2002-05-24,0.043069300702815796,isotropic_constructed_macro_nats_full_precision_v3,0552c7f4701ada91e31e916f992171b9418cb47d283a56e61f311581d66266cb
2002-05-29,0.0433587637001466,isotropic_constructed_macro_nats_full_precision_v3,0552c7f4701ada91e31e916f992171b9418cb47d283a56e61f311581d66266cb
2002-05-31,0.04511046932075692,isotropic_constructed_macro_nats_full_precision_v3,0552c7f4701ada91e31e916f992171b9418cb47d283a56e61f311581d66266cb
2002-06-04,0.04415459630277194,isotropic_constructed_macro_nats_full_precision_v3,0552c7f4701ada91e31e916f992171b9418cb47d283a56e61f311581d66266cb
2002-06-06,0.04209374766565771,isotropic_constructed_macro_nats_full_precision_v3,0552c7f4701ada91e31e916f992171b9418cb47d283a56e61f311581d66266cb
2002-06-10,0.04115281488780702,isotropic_constructed_macro_nats_full_precision_v3,0552c7f4701ada91e31e916f992171b9418cb47d283a56e61f311581d66266cb
2002-06-12,0.0413720488714624,isotropic_constructed_macro_nats_full_precision_v3,0552c7f4701ada91e31e916f992171b9418cb47d283a56e61f311581d66266cb
2002-06-14,0.03989566708320147,isotropic_constructed_macro_nats_full_precision_v3,0552c7f4701ada91e31e916f992171b9418cb47d283a56e61f311581d66266cb
2002-06-18,0.044291759039711276,isotropic_constructed_macro_nats_full_precision_v3,0552c7f4701ada91e31e916f992171b9418cb47d283a56e61f311581d66266cb
2002-06-20,0.04487591401666412,isotropic_constructed_macro_nats_full_precision_v3,0552c7f4701ada91e31e916f992171b9418cb47d283a56e61f311581d66266cb
2002-06-24,0.04795347193362248,isotropic_constructed_macro_nats_full_precision_v3,0552c7f4701ada91e31e916f992171b9418cb47d283a56e61f311581d66266cb
2002-06-26,0.05032040642481442,isotropic_constructed_macro_nats_full_precision_v3,0552c7f4701ada91e31e916f992171b9418cb47d283a56e61f311581d66266cb
2002-06-28,0.04981260366228095,isotropic_constructed_macro_nats_full_precision_v3,0552c7f4701ada91e31e916f992171b9418cb47d283a56e61f311581d66266cb
2002-07-02,0.05092314569827856,isotropic_constructed_macro_nats_full_precision_v3,0552c7f4701ada91e31e916f992171b9418cb47d283a56e61f311581d66266cb
2002-07-05,0.048916852233796784,isotropic_constructed_macro_nats_full_precision_v3,0552c7f4701ada91e31e916f992171b9418cb47d283a56e61f311581d66266cb
2002-07-09,0.04963441961970089,isotropic_constructed_macro_nats_full_precision_v3,0552c7f4701ada91e31e916f992171b9418cb47d283a56e61f311581d66266cb
2002-07-11,0.051112298434689285,isotropic_constructed_macro_nats_full_precision_v3,0552c7f4701ada91e31e916f992171b9418cb47d283a56e61f311581d66266cb
2002-07-15,0.05020110773541997,isotropic_constructed_macro_nats_full_precision_v3,0552c7f4701ada91e31e916f992171b9418cb47d283a56e61f311581d66266cb
2002-07-17,0.050474551532735515,isotropic_constructed_macro_nats_full_precision_v3,0552c7f4701ada91e31e916f992171b9418cb47d283a56e61f311581d66266cb
2002-07-19,0.055957588481393414,isotropic_constructed_macro_nats_full_precision_v3,0552c7f4701ada91e31e916f992171b9418cb47d283a56e61f311581d66266cb
2002-07-23,0.0599398535990435,isotropic_constructed_macro_nats_full_precision_v3,0552c7f4701ada91e31e916f992171b9418cb47d283a56e61f311581d66266cb
2002-07-25,0.061626452446538305,isotropic_constructed_macro_nats_full_precision_v3,0552c7f4701ada91e31e916f992171b9418cb47d283a56e61f311581d66266cb
2002-07-29,0.06656849382027186,isotropic_constructed_macro_nats_full_precision_v3,0552c7f4701ada91e31e916f992171b9418cb47d283a56e61f311581d66266cb
2002-07-31,0.07206954681622708,isotropic_constructed_macro_nats_full_precision_v3,0552c7f4701ada91e31e916f992171b9418cb47d283a56e61f311581d66266cb
2002-08-02,0.0746009793464711,isotropic_constructed_macro_nats_full_precision_v3,0552c7f4701ada91e31e916f992171b9418cb47d283a56e61f311581d66266cb
2002-08-06,0.07321049131807923,isotropic_constructed_macro_nats_full_precision_v3,0552c7f4701ada91e31e916f992171b9418cb47d283a56e61f311581d66266cb
2002-08-08,0.07396024295298283,isotropic_constructed_macro_nats_full_precision_v3,0552c7f4701ada91e31e916f992171b9418cb47d283a56e61f311581d66266cb
2002-08-12,0.07390352709667448,isotropic_constructed_macro_nats_full_precision_v3,0552c7f4701ada91e31e916f992171b9418cb47d283a56e61f311581d66266cb
2002-08-14,0.08044065197977127,isotropic_constructed_macro_nats_full_precision_v3,0552c7f4701ada91e31e916f992171b9418cb47d283a56e61f311581d66266cb
2002-08-16,0.08127975638623297,isotropic_constructed_macro_nats_full_precision_v3,0552c7f4701ada91e31e916f992171b9418cb47d283a56e61f311581d66266cb
2002-08-20,0.08563261510978654,isotropic_constructed_macro_nats_full_precision_v3,0552c7f4701ada91e31e916f992171b9418cb47d283a56e61f311581d66266cb
2002-08-22,0.08417192858272926,isotropic_constructed_macro_nats_full_precision_v3,0552c7f4701ada91e31e916f992171b9418cb47d283a56e61f311581d66266cb
2002-08-26,0.08230763423286866,isotropic_constructed_macro_nats_full_precision_v3,0552c7f4701ada91e31e916f992171b9418cb47d283a56e61f311581d66266cb
2002-08-28,0.07518106496733583,isotropic_constructed_macro_nats_full_precision_v3,0552c7f4701ada91e31e916f992171b9418cb47d283a56e61f311581d66266cb
2002-08-30,0.07309648321727771,isotropic_constructed_macro_nats_full_precision_v3,0552c7f4701ada91e31e916f992171b9418cb47d283a56e61f311581d66266cb
2002-09-04,0.07700340462382271,isotropic_constructed_macro_nats_full_precision_v3,0552c7f4701ada91e31e916f992171b9418cb47d283a56e61f311581d66266cb
2002-09-06,0.07677160722705612,isotropic_constructed_macro_nats_full_precision_v3,0552c7f4701ada91e31e916f992171b9418cb47d283a56e61f311581d66266cb
2002-09-10,0.07930825228005135,isotropic_constructed_macro_nats_full_precision_v3,0552c7f4701ada91e31e916f992171b9418cb47d283a56e61f311581d66266cb
2002-09-12,0.0699080573818185,isotropic_constructed_macro_nats_full_precision_v3,0552c7f4701ada91e31e916f992171b9418cb47d283a56e61f311581d66266cb
2002-09-16,0.0645883189429553,isotropic_constructed_macro_nats_full_precision_v3,0552c7f4701ada91e31e916f992171b9418cb47d283a56e61f311581d66266cb
2002-09-18,0.06739060726952169,isotropic_constructed_macro_nats_full_precision_v3,0552c7f4701ada91e31e916f992171b9418cb47d283a56e61f311581d66266cb
2002-09-20,0.07498800597737709,isotropic_constructed_macro_nats_full_precision_v3,0552c7f4701ada91e31e916f992171b9418cb47d283a56e61f311581d66266cb
2002-09-24,0.0735038873280778,isotropic_constructed_macro_nats_full_precision_v3,0552c7f4701ada91e31e916f992171b9418cb47d283a56e61f311581d66266cb
2002-09-26,0.07315611080823778,isotropic_constructed_macro_nats_full_precision_v3,0552c7f4701ada91e31e916f992171b9418cb47d283a56e61f311581d66266cb
2002-09-30,0.08642312911920377,isotropic_constructed_macro_nats_full_precision_v3,0552c7f4701ada91e31e916f992171b9418cb47d283a56e61f311581d66266cb
2002-10-02,0.0726670614754821,isotropic_constructed_macro_nats_full_precision_v3,0552c7f4701ada91e31e916f992171b9418cb47d283a56e61f311581d66266cb
2002-10-04,0.06304556643075637,isotropic_constructed_macro_nats_full_precision_v3,0552c7f4701ada91e31e916f992171b9418cb47d283a56e61f311581d66266cb
2002-10-08,0.07113149400357142,isotropic_constructed_macro_nats_full_precision_v3,0552c7f4701ada91e31e916f992171b9418cb47d283a56e61f311581d66266cb
2002-10-10,0.08806860242193236,isotropic_constructed_macro_nats_full_precision_v3,0552c7f4701ada91e31e916f992171b9418cb47d283a56e61f311581d66266cb
2002-10-14,0.08224944196132013,isotropic_constructed_macro_nats_full_precision_v3,0552c7f4701ada91e31e916f992171b9418cb47d283a56e61f311581d66266cb
2002-10-16,0.07996779604157413,isotropic_constructed_macro_nats_full_precision_v3,0552c7f4701ada91e31e916f992171b9418cb47d283a56e61f311581d66266cb
2002-10-18,0.08218423896808502,isotropic_constructed_macro_nats_full_precision_v3,0552c7f4701ada91e31e916f992171b9418cb47d283a56e61f311581d66266cb
2002-10-22,0.06756662834658111,isotropic_constructed_macro_nats_full_precision_v3,0552c7f4701ada91e31e916f992171b9418cb47d283a56e61f311581d66266cb
2002-10-24,0.06952157834849763,isotropic_constructed_macro_nats_full_precision_v3,0552c7f4701ada91e31e916f992171b9418cb47d283a56e61f311581d66266cb
2002-10-28,0.06812793427196648,isotropic_constructed_macro_nats_full_precision_v3,0552c7f4701ada91e31e916f992171b9418cb47d283a56e61f311581d66266cb
2002-10-30,0.0682626945775939,isotropic_constructed_macro_nats_full_precision_v3,0552c7f4701ada91e31e916f992171b9418cb47d283a56e61f311581d66266cb
2002-11-01,0.06806340416133547,isotropic_constructed_macro_nats_full_precision_v3,0552c7f4701ada91e31e916f992171b9418cb47d283a56e61f311581d66266cb
2002-11-05,0.07434365949172062,isotropic_constructed_macro_nats_full_precision_v3,0552c7f4701ada91e31e916f992171b9418cb47d283a56e61f311581d66266cb
2002-11-07,0.06954829650267016,isotropic_constructed_macro_nats_full_precision_v3,0552c7f4701ada91e31e916f992171b9418cb47d283a56e61f311581d66266cb
2002-11-11,0.06507960179143127,isotropic_constructed_macro_nats_full_precision_v3,0552c7f4701ada91e31e916f992171b9418cb47d283a56e61f311581d66266cb
2002-11-13,0.06629331553581336,isotropic_constructed_macro_nats_full_precision_v3,0552c7f4701ada91e31e916f992171b9418cb47d283a56e61f311581d66266cb
2002-11-15,0.06551306905113007,isotropic_constructed_macro_nats_full_precision_v3,0552c7f4701ada91e31e916f992171b9418cb47d283a56e61f311581d66266cb
2002-11-19,0.07819894970576252,isotropic_constructed_macro_nats_full_precision_v3,0552c7f4701ada91e31e916f992171b9418cb47d283a56e61f311581d66266cb
2002-11-21,0.07983151380220246,isotropic_constructed_macro_nats_full_precision_v3,0552c7f4701ada91e31e916f992171b9418cb47d283a56e61f311581d66266cb
2002-11-25,0.08303907889352799,isotropic_constructed_macro_nats_full_precision_v3,0552c7f4701ada91e31e916f992171b9418cb47d283a56e61f311581d66266cb
2002-11-27,0.08068115920868013,isotropic_constructed_macro_nats_full_precision_v3,0552c7f4701ada91e31e916f992171b9418cb47d283a56e61f311581d66266cb
2002-12-02,0.08019750702000567,isotropic_constructed_macro_nats_full_precision_v3,0552c7f4701ada91e31e916f992171b9418cb47d283a56e61f311581d66266cb
2002-12-04,0.08895664740884435,isotropic_constructed_macro_nats_full_precision_v3,0552c7f4701ada91e31e916f992171b9418cb47d283a56e61f311581d66266cb
2002-12-06,0.08043700395329345,isotropic_constructed_macro_nats_full_precision_v3,0552c7f4701ada91e31e916f992171b9418cb47d283a56e61f311581d66266cb
2002-12-10,0.08565876967058876,isotropic_constructed_macro_nats_full_precision_v3,0552c7f4701ada91e31e916f992171b9418cb47d283a56e61f311581d66266cb
2002-12-12,0.08262617975625541,isotropic_constructed_macro_nats_full_precision_v3,0552c7f4701ada91e31e916f992171b9418cb47d283a56e61f311581d66266cb
2002-12-16,0.08622732930054398,isotropic_constructed_macro_nats_full_precision_v3,0552c7f4701ada91e31e916f992171b9418cb47d283a56e61f311581d66266cb
2002-12-18,0.08901360359341103,isotropic_constructed_macro_nats_full_precision_v3,0552c7f4701ada91e31e916f992171b9418cb47d283a56e61f311581d66266cb
2002-12-20,0.09063668174848871,isotropic_constructed_macro_nats_full_precision_v3,0552c7f4701ada91e31e916f992171b9418cb47d283a56e61f311581d66266cb
2002-12-24,0.09517864720740594,isotropic_constructed_macro_nats_full_precision_v3,0552c7f4701ada91e31e916f992171b9418cb47d283a56e61f311581d66266cb
2002-12-27,0.08428684428829836,isotropic_constructed_macro_nats_full_precision_v3,0552c7f4701ada91e31e916f992171b9418cb47d283a56e61f311581d66266cb
2002-12-31,0.07721342768330969,isotropic_constructed_macro_nats_full_precision_v3,0552c7f4701ada91e31e916f992171b9418cb47d283a56e61f311581d66266cb
2003-01-03,0.06920229073975802,isotropic_constructed_macro_nats_full_precision_v3,0552c7f4701ada91e31e916f992171b9418cb47d283a56e61f311581d66266cb
2003-01-07,0.08972601881506541,isotropic_constructed_macro_nats_full_precision_v3,0552c7f4701ada91e31e916f992171b9418cb47d283a56e61f311581d66266cb
2003-01-09,0.08766784275007958,isotropic_constructed_macro_nats_full_precision_v3,0552c7f4701ada91e31e916f992171b9418cb47d283a56e61f311581d66266cb
2003-01-13,0.08890565903821876,isotropic_constructed_macro_nats_full_precision_v3,0552c7f4701ada91e31e916f992171b9418cb47d283a56e61f311581d66266cb
2003-01-15,0.0887768936966919,isotropic_constructed_macro_nats_full_precision_v3,0552c7f4701ada91e31e916f992171b9418cb47d283a56e61f311581d66266cb
2003-01-17,0.08361298846836268,isotropic_constructed_macro_nats_full_precision_v3,0552c7f4701ada91e31e916f992171b9418cb47d283a56e61f311581d66266cb
2003-01-22,0.09116037997503958,isotropic_constructed_macro_nats_full_precision_v3,0552c7f4701ada91e31e916f992171b9418cb47d283a56e61f311581d66266cb
2003-01-24,0.07815175645171343,isotropic_constructed_macro_nats_full_precision_v3,0552c7f4701ada91e31e916f992171b9418cb47d283a56e61f311581d66266cb
2003-01-28,0.07886517733544013,isotropic_constructed_macro_nats_full_precision_v3,0552c7f4701ada91e31e916f992171b9418cb47d283a56e61f311581d66266cb
2003-01-30,0.09580410469220961,isotropic_constructed_macro_nats_full_precision_v3,0552c7f4701ada91e31e916f992171b9418cb47d283a56e61f311581d66266cb
2003-02-03,0.08607052963891662,isotropic_constructed_macro_nats_full_precision_v3,0552c7f4701ada91e31e916f992171b9418cb47d283a56e61f311581d66266cb
2003-02-05,0.08022187369060264,isotropic_constructed_macro_nats_full_precision_v3,0552c7f4701ada91e31e916f992171b9418cb47d283a56e61f311581d66266cb
2003-02-07,0.0779752239520441,isotropic_constructed_macro_nats_full_precision_v3,0552c7f4701ada91e31e916f992171b9418cb47d283a56e61f311581d66266cb
2003-02-11,0.0686544083659421,isotropic_constructed_macro_nats_full_precision_v3,0552c7f4701ada91e31e916f992171b9418cb47d283a56e61f311581d66266cb
2003-02-13,0.0702278321981589,isotropic_constructed_macro_nats_full_precision_v3,0552c7f4701ada91e31e916f992171b9418cb47d283a56e61f311581d66266cb
2003-02-18,0.06502971724191262,isotropic_constructed_macro_nats_full_precision_v3,0552c7f4701ada91e31e916f992171b9418cb47d283a56e61f311581d66266cb
2003-02-20,0.06743220147523026,isotropic_constructed_macro_nats_full_precision_v3,0552c7f4701ada91e31e916f992171b9418cb47d283a56e61f311581d66266cb
2003-02-24,0.06689384095452884,isotropic_constructed_macro_nats_full_precision_v3,0552c7f4701ada91e31e916f992171b9418cb47d283a56e61f311581d66266cb
2003-02-26,0.06256557265337376,isotropic_constructed_macro_nats_full_precision_v3,0552c7f4701ada91e31e916f992171b9418cb47d283a56e61f311581d66266cb
2003-02-28,0.060274056802583215,isotropic_constructed_macro_nats_full_precision_v3,0552c7f4701ada91e31e916f992171b9418cb47d283a56e61f311581d66266cb
2003-03-04,0.06963156414297178,isotropic_constructed_macro_nats_full_precision_v3,0552c7f4701ada91e31e916f992171b9418cb47d283a56e61f311581d66266cb
2003-03-06,0.051458244189141425,isotropic_constructed_macro_nats_full_precision_v3,0552c7f4701ada91e31e916f992171b9418cb47d283a56e61f311581d66266cb
2003-03-10,0.05113948827252769,isotropic_constructed_macro_nats_full_precision_v3,0552c7f4701ada91e31e916f992171b9418cb47d283a56e61f311581d66266cb
2003-03-12,0.05327774570745944,isotropic_constructed_macro_nats_full_precision_v3,0552c7f4701ada91e31e916f992171b9418cb47d283a56e61f311581d66266cb
2003-03-14,0.054867451314083576,isotropic_constructed_macro_nats_full_precision_v3,0552c7f4701ada91e31e916f992171b9418cb47d283a56e61f311581d66266cb
2003-03-18,0.09319750415747,isotropic_constructed_macro_nats_full_precision_v3,0552c7f4701ada91e31e916f992171b9418cb47d283a56e61f311581d66266cb
2003-03-20,0.10695434450607462,isotropic_constructed_macro_nats_full_precision_v3,0552c7f4701ada91e31e916f992171b9418cb47d283a56e61f311581d66266cb
2003-03-24,0.10282797358869356,isotropic_constructed_macro_nats_full_precision_v3,0552c7f4701ada91e31e916f992171b9418cb47d283a56e61f311581d66266cb
2003-03-26,0.08350913057586969,isotropic_constructed_macro_nats_full_precision_v3,0552c7f4701ada91e31e916f992171b9418cb47d283a56e61f311581d66266cb
2003-03-28,0.08200802715751697,isotropic_constructed_macro_nats_full_precision_v3,0552c7f4701ada91e31e916f992171b9418cb47d283a56e61f311581d66266cb
2003-04-01,0.07683262106450352,isotropic_constructed_macro_nats_full_precision_v3,0552c7f4701ada91e31e916f992171b9418cb47d283a56e61f311581d66266cb
2003-04-03,0.10048001981926233,isotropic_constructed_macro_nats_full_precision_v3,0552c7f4701ada91e31e916f992171b9418cb47d283a56e61f311581d66266cb
2003-04-07,0.10299837022855692,isotropic_constructed_macro_nats_full_precision_v3,0552c7f4701ada91e31e916f992171b9418cb47d283a56e61f311581d66266cb
2003-04-09,0.10282644755826963,isotropic_constructed_macro_nats_full_precision_v3,0552c7f4701ada91e31e916f992171b9418cb47d283a56e61f311581d66266cb
2003-04-11,0.1330177187882428,isotropic_constructed_macro_nats_full_precision_v3,0552c7f4701ada91e31e916f992171b9418cb47d283a56e61f311581d66266cb
2003-04-15,0.11561472983503579,isotropic_constructed_macro_nats_full_precision_v3,0552c7f4701ada91e31e916f992171b9418cb47d283a56e61f311581d66266cb
2003-04-17,0.1281884960470086,isotropic_constructed_macro_nats_full_precision_v3,0552c7f4701ada91e31e916f992171b9418cb47d283a56e61f311581d66266cb
2003-04-22,0.11703251470007009,isotropic_constructed_macro_nats_full_precision_v3,0552c7f4701ada91e31e916f992171b9418cb47d283a56e61f311581d66266cb
2003-04-24,0.12972562998807852,isotropic_constructed_macro_nats_full_precision_v3,0552c7f4701ada91e31e916f992171b9418cb47d283a56e61f311581d66266cb
2003-04-28,0.12539598804687657,isotropic_constructed_macro_nats_full_precision_v3,0552c7f4701ada91e31e916f992171b9418cb47d283a56e61f311581d66266cb
2003-04-30,0.13625825760766574,isotropic_constructed_macro_nats_full_precision_v3,0552c7f4701ada91e31e916f992171b9418cb47d283a56e61f311581d66266cb
2003-05-02,0.1645543458274639,isotropic_constructed_macro_nats_full_precision_v3,0552c7f4701ada91e31e916f992171b9418cb47d283a56e61f311581d66266cb
2003-05-06,0.16436273289380376,isotropic_constructed_macro_nats_full_precision_v3,0552c7f4701ada91e31e916f992171b9418cb47d283a56e61f311581d66266cb
2003-05-08,0.1611263064420913,isotropic_constructed_macro_nats_full_precision_v3,0552c7f4701ada91e31e916f992171b9418cb47d283a56e61f311581d66266cb
2003-05-12,0.16629482298250703,isotropic_constructed_macro_nats_full_precision_v3,0552c7f4701ada91e31e916f992171b9418cb47d283a56e61f311581d66266cb
2003-05-14,0.16665343986045872,isotropic_constructed_macro_nats_full_precision_v3,0552c7f4701ada91e31e916f992171b9418cb47d283a56e61f311581d66266cb
2003-05-16,0.1579908919295015,isotropic_constructed_macro_nats_full_precision_v3,0552c7f4701ada91e31e916f992171b9418cb47d283a56e61f311581d66266cb
2003-05-20,0.1614211889985904,isotropic_constructed_macro_nats_full_precision_v3,0552c7f4701ada91e31e916f992171b9418cb47d283a56e61f311581d66266cb
2003-05-22,0.16016113377693972,isotropic_constructed_macro_nats_full_precision_v3,0552c7f4701ada91e31e916f992171b9418cb47d283a56e61f311581d66266cb
2003-05-27,0.15816804824704758,isotropic_constructed_macro_nats_full_precision_v3,0552c7f4701ada91e31e916f992171b9418cb47d283a56e61f311581d66266cb
2003-05-29,0.15549939038187996,isotropic_constructed_macro_nats_full_precision_v3,0552c7f4701ada91e31e916f992171b9418cb47d283a56e61f311581d66266cb
2003-06-02,0.1730712974934492,isotropic_constructed_macro_nats_full_precision_v3,0552c7f4701ada91e31e916f992171b9418cb47d283a56e61f311581d66266cb
2003-06-04,0.16976007292120193,isotropic_constructed_macro_nats_full_precision_v3,0552c7f4701ada91e31e916f992171b9418cb47d283a56e61f311581d66266cb
2003-06-06,0.17823478145128224,isotropic_constructed_macro_nats_full_precision_v3,0552c7f4701ada91e31e916f992171b9418cb47d283a56e61f311581d66266cb
2003-06-10,0.1769680073264576,isotropic_constructed_macro_nats_full_precision_v3,0552c7f4701ada91e31e916f992171b9418cb47d283a56e61f311581d66266cb
2003-06-12,0.17342654950178876,isotropic_constructed_macro_nats_full_precision_v3,0552c7f4701ada91e31e916f992171b9418cb47d283a56e61f311581d66266cb
2003-06-16,0.1712976805603244,isotropic_constructed_macro_nats_full_precision_v3,0552c7f4701ada91e31e916f992171b9418cb47d283a56e61f311581d66266cb
2003-06-18,0.17038589415520852,isotropic_constructed_macro_nats_full_precision_v3,0552c7f4701ada91e31e916f992171b9418cb47d283a56e61f311581d66266cb
2003-06-20,0.16700156902162383,isotropic_constructed_macro_nats_full_precision_v3,0552c7f4701ada91e31e916f992171b9418cb47d283a56e61f311581d66266cb
2003-06-24,0.1722361009815112,isotropic_constructed_macro_nats_full_precision_v3,0552c7f4701ada91e31e916f992171b9418cb47d283a56e61f311581d66266cb
2003-06-26,0.1635136994885586,isotropic_constructed_macro_nats_full_precision_v3,0552c7f4701ada91e31e916f992171b9418cb47d283a56e61f311581d66266cb
2003-06-30,0.15372444472412602,isotropic_constructed_macro_nats_full_precision_v3,0552c7f4701ada91e31e916f992171b9418cb47d283a56e61f311581d66266cb
2003-07-02,0.15306507273679482,isotropic_constructed_macro_nats_full_precision_v3,0552c7f4701ada91e31e916f992171b9418cb47d283a56e61f311581d66266cb
2003-07-07,0.15279710855088102,isotropic_constructed_macro_nats_full_precision_v3,0552c7f4701ada91e31e916f992171b9418cb47d283a56e61f311581d66266cb
2003-07-09,0.15287404101123775,isotropic_constructed_macro_nats_full_precision_v3,0552c7f4701ada91e31e916f992171b9418cb47d283a56e61f311581d66266cb
2003-07-11,0.15120086606519798,isotropic_constructed_macro_nats_full_precision_v3,0552c7f4701ada91e31e916f992171b9418cb47d283a56e61f311581d66266cb
2003-07-15,0.13700122838262346,isotropic_constructed_macro_nats_full_precision_v3,0552c7f4701ada91e31e916f992171b9418cb47d283a56e61f311581d66266cb
2003-07-17,0.14686148691598055,isotropic_constructed_macro_nats_full_precision_v3,0552c7f4701ada91e31e916f992171b9418cb47d283a56e61f311581d66266cb
2003-07-21,0.15227856378637944,isotropic_constructed_macro_nats_full_precision_v3,0552c7f4701ada91e31e916f992171b9418cb47d283a56e61f311581d66266cb
2003-07-23,0.13631609300018177,isotropic_constructed_macro_nats_full_precision_v3,0552c7f4701ada91e31e916f992171b9418cb47d283a56e61f311581d66266cb
2003-07-25,0.14311621879662273,isotropic_constructed_macro_nats_full_precision_v3,0552c7f4701ada91e31e916f992171b9418cb47d283a56e61f311581d66266cb
2003-07-29,0.14146763553922798,isotropic_constructed_macro_nats_full_precision_v3,0552c7f4701ada91e31e916f992171b9418cb47d283a56e61f311581d66266cb
2003-07-31,0.147447985553817,isotropic_constructed_macro_nats_full_precision_v3,0552c7f4701ada91e31e916f992171b9418cb47d283a56e61f311581d66266cb
2003-08-04,0.14982065438229153,isotropic_constructed_macro_nats_full_precision_v3,0552c7f4701ada91e31e916f992171b9418cb47d283a56e61f311581d66266cb
2003-08-06,0.14929328420923565,isotropic_constructed_macro_nats_full_precision_v3,0552c7f4701ada91e31e916f992171b9418cb47d283a56e61f311581d66266cb
2003-08-08,0.13706650851827096,isotropic_constructed_macro_nats_full_precision_v3,0552c7f4701ada91e31e916f992171b9418cb47d283a56e61f311581d66266cb
2003-08-12,0.14157401465884162,isotropic_constructed_macro_nats_full_precision_v3,0552c7f4701ada91e31e916f992171b9418cb47d283a56e61f311581d66266cb
2003-08-14,0.14809039244611877,isotropic_constructed_macro_nats_full_precision_v3,0552c7f4701ada91e31e916f992171b9418cb47d283a56e61f311581d66266cb
2003-08-18,0.13016832422542174,isotropic_constructed_macro_nats_full_precision_v3,0552c7f4701ada91e31e916f992171b9418cb47d283a56e61f311581d66266cb
2003-08-20,0.15210547325166549,isotropic_constructed_macro_nats_full_precision_v3,0552c7f4701ada91e31e916f992171b9418cb47d283a56e61f311581d66266cb
2003-08-22,0.15260987200673154,isotropic_constructed_macro_nats_full_precision_v3,0552c7f4701ada91e31e916f992171b9418cb47d283a56e61f311581d66266cb
2003-08-26,0.14888124540524822,isotropic_constructed_macro_nats_full_precision_v3,0552c7f4701ada91e31e916f992171b9418cb47d283a56e61f311581d66266cb
2003-08-28,0.15905047589151172,isotropic_constructed_macro_nats_full_precision_v3,0552c7f4701ada91e31e916f992171b9418cb47d283a56e61f311581d66266cb
2003-09-02,0.16140485756006595,isotropic_constructed_macro_nats_full_precision_v3,0552c7f4701ada91e31e916f992171b9418cb47d283a56e61f311581d66266cb
2003-09-04,0.1778184669784863,isotropic_constructed_macro_nats_full_precision_v3,0552c7f4701ada91e31e916f992171b9418cb47d283a56e61f311581d66266cb
2003-09-08,0.1839570459458857,isotropic_constructed_macro_nats_full_precision_v3,0552c7f4701ada91e31e916f992171b9418cb47d283a56e61f311581d66266cb
2003-09-10,0.1959181574780752,isotropic_constructed_macro_nats_full_precision_v3,0552c7f4701ada91e31e916f992171b9418cb47d283a56e61f311581d66266cb
2003-09-12,0.20269222080470736,isotropic_constructed_macro_nats_full_precision_v3,0552c7f4701ada91e31e916f992171b9418cb47d283a56e61f311581d66266cb
2003-09-16,0.19450223857662466,isotropic_constructed_macro_nats_full_precision_v3,0552c7f4701ada91e31e916f992171b9418cb47d283a56e61f311581d66266cb
2003-09-18,0.18620201623016647,isotropic_constructed_macro_nats_full_precision_v3,0552c7f4701ada91e31e916f992171b9418cb47d283a56e61f311581d66266cb
2003-09-22,0.1652297352834921,isotropic_constructed_macro_nats_full_precision_v3,0552c7f4701ada91e31e916f992171b9418cb47d283a56e61f311581d66266cb
2003-09-24,0.1708047444450917,isotropic_constructed_macro_nats_full_precision_v3,0552c7f4701ada91e31e916f992171b9418cb47d283a56e61f311581d66266cb
2003-09-26,0.17292756619045466,isotropic_constructed_macro_nats_full_precision_v3,0552c7f4701ada91e31e916f992171b9418cb47d283a56e61f311581d66266cb
2003-09-30,0.18082994193068688,isotropic_constructed_macro_nats_full_precision_v3,0552c7f4701ada91e31e916f992171b9418cb47d283a56e61f311581d66266cb
2003-10-02,0.16442690101909085,isotropic_constructed_macro_nats_full_precision_v3,0552c7f4701ada91e31e916f992171b9418cb47d283a56e61f311581d66266cb
2003-10-06,0.15345926399946433,isotropic_constructed_macro_nats_full_precision_v3,0552c7f4701ada91e31e916f992171b9418cb47d283a56e61f311581d66266cb
2003-10-08,0.14984268537152315,isotropic_constructed_macro_nats_full_precision_v3,0552c7f4701ada91e31e916f992171b9418cb47d283a56e61f311581d66266cb
2003-10-10,0.15433344516954542,isotropic_constructed_macro_nats_full_precision_v3,0552c7f4701ada91e31e916f992171b9418cb47d283a56e61f311581d66266cb
2003-10-14,0.14410495956903305,isotropic_constructed_macro_nats_full_precision_v3,0552c7f4701ada91e31e916f992171b9418cb47d283a56e61f311581d66266cb
2003-10-16,0.13124641005165227,isotropic_constructed_macro_nats_full_precision_v3,0552c7f4701ada91e31e916f992171b9418cb47d283a56e61f311581d66266cb
2003-10-20,0.1604985975352795,isotropic_constructed_macro_nats_full_precision_v3,0552c7f4701ada91e31e916f992171b9418cb47d283a56e61f311581d66266cb
2003-10-22,0.16271671334793053,isotropic_constructed_macro_nats_full_precision_v3,0552c7f4701ada91e31e916f992171b9418cb47d283a56e61f311581d66266cb
2003-10-24,0.1625633085529461,isotropic_constructed_macro_nats_full_precision_v3,0552c7f4701ada91e31e916f992171b9418cb47d283a56e61f311581d66266cb
2003-10-28,0.15846079412962594,isotropic_constructed_macro_nats_full_precision_v3,0552c7f4701ada91e31e916f992171b9418cb47d283a56e61f311581d66266cb
2003-10-30,0.1689356243649978,isotropic_constructed_macro_nats_full_precision_v3,0552c7f4701ada91e31e916f992171b9418cb47d283a56e61f311581d66266cb
2003-11-03,0.17673771370668845,isotropic_constructed_macro_nats_full_precision_v3,0552c7f4701ada91e31e916f992171b9418cb47d283a56e61f311581d66266cb
2003-11-05,0.17856447004032514,isotropic_constructed_macro_nats_full_precision_v3,0552c7f4701ada91e31e916f992171b9418cb47d283a56e61f311581d66266cb
2003-11-07,0.17275249935910128,isotropic_constructed_macro_nats_full_precision_v3,0552c7f4701ada91e31e916f992171b9418cb47d283a56e61f311581d66266cb
2003-11-11,0.159049193961116,isotropic_constructed_macro_nats_full_precision_v3,0552c7f4701ada91e31e916f992171b9418cb47d283a56e61f311581d66266cb
2003-11-13,0.14397770782134356,isotropic_constructed_macro_nats_full_precision_v3,0552c7f4701ada91e31e916f992171b9418cb47d283a56e61f311581d66266cb
2003-11-17,0.14745925560062356,isotropic_constructed_macro_nats_full_precision_v3,0552c7f4701ada91e31e916f992171b9418cb47d283a56e61f311581d66266cb
2003-11-19,0.14569790063887722,isotropic_constructed_macro_nats_full_precision_v3,0552c7f4701ada91e31e916f992171b9418cb47d283a56e61f311581d66266cb
2003-11-21,0.14456054356433246,isotropic_constructed_macro_nats_full_precision_v3,0552c7f4701ada91e31e916f992171b9418cb47d283a56e61f311581d66266cb
2003-11-25,0.1446365356342953,isotropic_constructed_macro_nats_full_precision_v3,0552c7f4701ada91e31e916f992171b9418cb47d283a56e61f311581d66266cb
2003-11-28,0.14062040545600768,isotropic_constructed_macro_nats_full_precision_v3,0552c7f4701ada91e31e916f992171b9418cb47d283a56e61f311581d66266cb
2003-12-02,0.1438893088236809,isotropic_constructed_macro_nats_full_precision_v3,0552c7f4701ada91e31e916f992171b9418cb47d283a56e61f311581d66266cb
2003-12-04,0.13411520750479375,isotropic_constructed_macro_nats_full_precision_v3,0552c7f4701ada91e31e916f992171b9418cb47d283a56e61f311581d66266cb
2003-12-08,0.14859169435238656,isotropic_constructed_macro_nats_full_precision_v3,0552c7f4701ada91e31e916f992171b9418cb47d283a56e61f311581d66266cb
2003-12-10,0.16393617061847982,isotropic_constructed_macro_nats_full_precision_v3,0552c7f4701ada91e31e916f992171b9418cb47d283a56e61f311581d66266cb
2003-12-12,0.16014639682316018,isotropic_constructed_macro_nats_full_precision_v3,0552c7f4701ada91e31e916f992171b9418cb47d283a56e61f311581d66266cb
2003-12-16,0.16175649079678828,isotropic_constructed_macro_nats_full_precision_v3,0552c7f4701ada91e31e916f992171b9418cb47d283a56e61f311581d66266cb
2003-12-18,0.16120590824846043,isotropic_constructed_macro_nats_full_precision_v3,0552c7f4701ada91e31e916f992171b9418cb47d283a56e61f311581d66266cb
2003-12-22,0.14857088954706144,isotropic_constructed_macro_nats_full_precision_v3,0552c7f4701ada91e31e916f992171b9418cb47d283a56e61f311581d66266cb
2003-12-24,0.1511838363805189,isotropic_constructed_macro_nats_full_precision_v3,0552c7f4701ada91e31e916f992171b9418cb47d283a56e61f311581d66266cb
2003-12-29,0.15969037360461596,isotropic_constructed_macro_nats_full_precision_v3,0552c7f4701ada91e31e916f992171b9418cb47d283a56e61f311581d66266cb
2003-12-31,0.16757342672210002,isotropic_constructed_macro_nats_full_precision_v3,0552c7f4701ada91e31e916f992171b9418cb47d283a56e61f311581d66266cb
2004-01-05,0.1661410382812269,isotropic_constructed_macro_nats_full_precision_v3,0552c7f4701ada91e31e916f992171b9418cb47d283a56e61f311581d66266cb
2004-01-07,0.157993759918463,isotropic_constructed_macro_nats_full_precision_v3,0552c7f4701ada91e31e916f992171b9418cb47d283a56e61f311581d66266cb
2004-01-09,0.16492936925794321,isotropic_constructed_macro_nats_full_precision_v3,0552c7f4701ada91e31e916f992171b9418cb47d283a56e61f311581d66266cb
2004-01-13,0.15307323433433015,isotropic_constructed_macro_nats_full_precision_v3,0552c7f4701ada91e31e916f992171b9418cb47d283a56e61f311581d66266cb
2004-01-15,0.12868054953090666,isotropic_constructed_macro_nats_full_precision_v3,0552c7f4701ada91e31e916f992171b9418cb47d283a56e61f311581d66266cb
2004-01-20,0.13020962580941942,isotropic_constructed_macro_nats_full_precision_v3,0552c7f4701ada91e31e916f992171b9418cb47d283a56e61f311581d66266cb
2004-01-22,0.12997259678361536,isotropic_constructed_macro_nats_full_precision_v3,0552c7f4701ada91e31e916f992171b9418cb47d283a56e61f311581d66266cb
2004-01-26,0.1308871828312612,isotropic_constructed_macro_nats_full_precision_v3,0552c7f4701ada91e31e916f992171b9418cb47d283a56e61f311581d66266cb
2004-01-28,0.1356714292859575,isotropic_constructed_macro_nats_full_precision_v3,0552c7f4701ada91e31e916f992171b9418cb47d283a56e61f311581d66266cb
2004-01-30,0.13943635894990103,isotropic_constructed_macro_nats_full_precision_v3,0552c7f4701ada91e31e916f992171b9418cb47d283a56e61f311581d66266cb
2004-02-03,0.14060342528180514,isotropic_constructed_macro_nats_full_precision_v3,0552c7f4701ada91e31e916f992171b9418cb47d283a56e61f311581d66266cb
2004-02-05,0.14107562941614116,isotropic_constructed_macro_nats_full_precision_v3,0552c7f4701ada91e31e916f992171b9418cb47d283a56e61f311581d66266cb
2004-02-09,0.14214273052120707,isotropic_constructed_macro_nats_full_precision_v3,0552c7f4701ada91e31e916f992171b9418cb47d283a56e61f311581d66266cb
2004-02-11,0.14445225591577143,isotropic_constructed_macro_nats_full_precision_v3,0552c7f4701ada91e31e916f992171b9418cb47d283a56e61f311581d66266cb
2004-02-13,0.12701794022378407,isotropic_constructed_macro_nats_full_precision_v3,0552c7f4701ada91e31e916f992171b9418cb47d283a56e61f311581d66266cb
2004-02-18,0.15419081180570188,isotropic_constructed_macro_nats_full_precision_v3,0552c7f4701ada91e31e916f992171b9418cb47d283a56e61f311581d66266cb
2004-02-20,0.1533547128654708,isotropic_constructed_macro_nats_full_precision_v3,0552c7f4701ada91e31e916f992171b9418cb47d283a56e61f311581d66266cb
2004-02-24,0.14810605155548018,isotropic_constructed_macro_nats_full_precision_v3,0552c7f4701ada91e31e916f992171b9418cb47d283a56e61f311581d66266cb
2004-02-26,0.14790914776690295,isotropic_constructed_macro_nats_full_precision_v3,0552c7f4701ada91e31e916f992171b9418cb47d283a56e61f311581d66266cb
2004-03-01,0.14288956779621764,isotropic_constructed_macro_nats_full_precision_v3,0552c7f4701ada91e31e916f992171b9418cb47d283a56e61f311581d66266cb
2004-03-03,0.14294239035470457,isotropic_constructed_macro_nats_full_precision_v3,0552c7f4701ada91e31e916f992171b9418cb47d283a56e61f311581d66266cb
2004-03-05,0.1420505435681717,isotropic_constructed_macro_nats_full_precision_v3,0552c7f4701ada91e31e916f992171b9418cb47d283a56e61f311581d66266cb
2004-03-09,0.13531767758905394,isotropic_constructed_macro_nats_full_precision_v3,0552c7f4701ada91e31e916f992171b9418cb47d283a56e61f311581d66266cb
2004-03-11,0.12328476518584329,isotropic_constructed_macro_nats_full_precision_v3,0552c7f4701ada91e31e916f992171b9418cb47d283a56e61f311581d66266cb
2004-03-15,0.12513374763972007,isotropic_constructed_macro_nats_full_precision_v3,0552c7f4701ada91e31e916f992171b9418cb47d283a56e61f311581d66266cb
2004-03-17,0.1296841030511202,isotropic_constructed_macro_nats_full_precision_v3,0552c7f4701ada91e31e916f992171b9418cb47d283a56e61f311581d66266cb
2004-03-19,0.1402352081476304,isotropic_constructed_macro_nats_full_precision_v3,0552c7f4701ada91e31e916f992171b9418cb47d283a56e61f311581d66266cb
2004-03-23,0.14003806234689015,isotropic_constructed_macro_nats_full_precision_v3,0552c7f4701ada91e31e916f992171b9418cb47d283a56e61f311581d66266cb
2004-03-25,0.13602361235083038,isotropic_constructed_macro_nats_full_precision_v3,0552c7f4701ada91e31e916f992171b9418cb47d283a56e61f311581d66266cb
2004-03-29,0.1390835412175156,isotropic_constructed_macro_nats_full_precision_v3,0552c7f4701ada91e31e916f992171b9418cb47d283a56e61f311581d66266cb
2004-03-31,0.13352914345923733,isotropic_constructed_macro_nats_full_precision_v3,0552c7f4701ada91e31e916f992171b9418cb47d283a56e61f311581d66266cb
2004-04-02,0.11267560952760143,isotropic_constructed_macro_nats_full_precision_v3,0552c7f4701ada91e31e916f992171b9418cb47d283a56e61f311581d66266cb
2004-04-06,0.09098433143208039,isotropic_constructed_macro_nats_full_precision_v3,0552c7f4701ada91e31e916f992171b9418cb47d283a56e61f311581d66266cb
2004-04-08,0.08986018819050917,isotropic_constructed_macro_nats_full_precision_v3,0552c7f4701ada91e31e916f992171b9418cb47d283a56e61f311581d66266cb
2004-04-13,0.08925061255686605,isotropic_constructed_macro_nats_full_precision_v3,0552c7f4701ada91e31e916f992171b9418cb47d283a56e61f311581d66266cb
2004-04-15,0.10236418941297434,isotropic_constructed_macro_nats_full_precision_v3,0552c7f4701ada91e31e916f992171b9418cb47d283a56e61f311581d66266cb
2004-04-19,0.10244004918936654,isotropic_constructed_macro_nats_full_precision_v3,0552c7f4701ada91e31e916f992171b9418cb47d283a56e61f311581d66266cb
2004-04-21,0.09328448060209156,isotropic_constructed_macro_nats_full_precision_v3,0552c7f4701ada91e31e916f992171b9418cb47d283a56e61f311581d66266cb
2004-04-23,0.09703861654008819,isotropic_constructed_macro_nats_full_precision_v3,0552c7f4701ada91e31e916f992171b9418cb47d283a56e61f311581d66266cb
2004-04-27,0.09658199556941983,isotropic_constructed_macro_nats_full_precision_v3,0552c7f4701ada91e31e916f992171b9418cb47d283a56e61f311581d66266cb
2004-04-29,0.09571855324803853,isotropic_constructed_macro_nats_full_precision_v3,0552c7f4701ada91e31e916f992171b9418cb47d283a56e61f311581d66266cb
2004-05-03,0.09689033219885819,isotropic_constructed_macro_nats_full_precision_v3,0552c7f4701ada91e31e916f992171b9418cb47d283a56e61f311581d66266cb
2004-05-05,0.09509903677725275,isotropic_constructed_macro_nats_full_precision_v3,0552c7f4701ada91e31e916f992171b9418cb47d283a56e61f311581d66266cb
2004-05-07,0.09714006656831226,isotropic_constructed_macro_nats_full_precision_v3,0552c7f4701ada91e31e916f992171b9418cb47d283a56e61f311581d66266cb
2004-05-11,0.10274721073138314,isotropic_constructed_macro_nats_full_precision_v3,0552c7f4701ada91e31e916f992171b9418cb47d283a56e61f311581d66266cb
2004-05-13,0.10188927210834794,isotropic_constructed_macro_nats_full_precision_v3,0552c7f4701ada91e31e916f992171b9418cb47d283a56e61f311581d66266cb
2004-05-17,0.10407490209361718,isotropic_constructed_macro_nats_full_precision_v3,0552c7f4701ada91e31e916f992171b9418cb47d283a56e61f311581d66266cb
2004-05-19,0.103982936721554,isotropic_constructed_macro_nats_full_precision_v3,0552c7f4701ada91e31e916f992171b9418cb47d283a56e61f311581d66266cb
2004-05-21,0.10427038357078224,isotropic_constructed_macro_nats_full_precision_v3,0552c7f4701ada91e31e916f992171b9418cb47d283a56e61f311581d66266cb
2004-05-25,0.1035784478294185,isotropic_constructed_macro_nats_full_precision_v3,0552c7f4701ada91e31e916f992171b9418cb47d283a56e61f311581d66266cb
2004-05-27,0.09914917061894132,isotropic_constructed_macro_nats_full_precision_v3,0552c7f4701ada91e31e916f992171b9418cb47d283a56e61f311581d66266cb
2004-06-01,0.10363931297049783,isotropic_constructed_macro_nats_full_precision_v3,0552c7f4701ada91e31e916f992171b9418cb47d283a56e61f311581d66266cb
2004-06-03,0.10228204746491265,isotropic_constructed_macro_nats_full_precision_v3,0552c7f4701ada91e31e916f992171b9418cb47d283a56e61f311581d66266cb
2004-06-07,0.10421011302057401,isotropic_constructed_macro_nats_full_precision_v3,0552c7f4701ada91e31e916f992171b9418cb47d283a56e61f311581d66266cb
2004-06-09,0.10369384282427323,isotropic_constructed_macro_nats_full_precision_v3,0552c7f4701ada91e31e916f992171b9418cb47d283a56e61f311581d66266cb
2004-06-14,0.10297737567421117,isotropic_constructed_macro_nats_full_precision_v3,0552c7f4701ada91e31e916f992171b9418cb47d283a56e61f311581d66266cb
2004-06-16,0.10282031057005422,isotropic_constructed_macro_nats_full_precision_v3,0552c7f4701ada91e31e916f992171b9418cb47d283a56e61f311581d66266cb
2004-06-18,0.1250814552692498,isotropic_constructed_macro_nats_full_precision_v3,0552c7f4701ada91e31e916f992171b9418cb47d283a56e61f311581d66266cb
2004-06-22,0.1308719528115864,isotropic_constructed_macro_nats_full_precision_v3,0552c7f4701ada91e31e916f992171b9418cb47d283a56e61f311581d66266cb
2004-06-24,0.12509536935320242,isotropic_constructed_macro_nats_full_precision_v3,0552c7f4701ada91e31e916f992171b9418cb47d283a56e61f311581d66266cb
2004-06-28,0.12651623963426176,isotropic_constructed_macro_nats_full_precision_v3,0552c7f4701ada91e31e916f992171b9418cb47d283a56e61f311581d66266cb
2004-06-30,0.12084190169921143,isotropic_constructed_macro_nats_full_precision_v3,0552c7f4701ada91e31e916f992171b9418cb47d283a56e61f311581d66266cb
2004-07-02,0.13031468274945868,isotropic_constructed_macro_nats_full_precision_v3,0552c7f4701ada91e31e916f992171b9418cb47d283a56e61f311581d66266cb
2004-07-07,0.1291894626383569,isotropic_constructed_macro_nats_full_precision_v3,0552c7f4701ada91e31e916f992171b9418cb47d283a56e61f311581d66266cb
2004-07-09,0.1283707646259155,isotropic_constructed_macro_nats_full_precision_v3,0552c7f4701ada91e31e916f992171b9418cb47d283a56e61f311581d66266cb
2004-07-13,0.13182259712030503,isotropic_constructed_macro_nats_full_precision_v3,0552c7f4701ada91e31e916f992171b9418cb47d283a56e61f311581d66266cb
2004-07-15,0.1408695651193317,isotropic_constructed_macro_nats_full_precision_v3,0552c7f4701ada91e31e916f992171b9418cb47d283a56e61f311581d66266cb
2004-07-19,0.14680533447657773,isotropic_constructed_macro_nats_full_precision_v3,0552c7f4701ada91e31e916f992171b9418cb47d283a56e61f311581d66266cb
2004-07-21,0.1422712729224907,isotropic_constructed_macro_nats_full_precision_v3,0552c7f4701ada91e31e916f992171b9418cb47d283a56e61f311581d66266cb
2004-07-23,0.16512982159212725,isotropic_constructed_macro_nats_full_precision_v3,0552c7f4701ada91e31e916f992171b9418cb47d283a56e61f311581d66266cb
2004-07-27,0.18093464980273133,isotropic_constructed_macro_nats_full_precision_v3,0552c7f4701ada91e31e916f992171b9418cb47d283a56e61f311581d66266cb
2004-07-29,0.1854529610465266,isotropic_constructed_macro_nats_full_precision_v3,0552c7f4701ada91e31e916f992171b9418cb47d283a56e61f311581d66266cb
2004-08-02,0.19108196067217625,isotropic_constructed_macro_nats_full_precision_v3,0552c7f4701ada91e31e916f992171b9418cb47d283a56e61f311581d66266cb
2004-08-04,0.18945841515188366,isotropic_constructed_macro_nats_full_precision_v3,0552c7f4701ada91e31e916f992171b9418cb47d283a56e61f311581d66266cb
2004-08-06,0.1938432531335651,isotropic_constructed_macro_nats_full_precision_v3,0552c7f4701ada91e31e916f992171b9418cb47d283a56e61f311581d66266cb
2004-08-10,0.19037027099652337,isotropic_constructed_macro_nats_full_precision_v3,0552c7f4701ada91e31e916f992171b9418cb47d283a56e61f311581d66266cb
2004-08-12,0.20098942938341158,isotropic_constructed_macro_nats_full_precision_v3,0552c7f4701ada91e31e916f992171b9418cb47d283a56e61f311581d66266cb
2004-08-16,0.20598380015625373,isotropic_constructed_macro_nats_full_precision_v3,0552c7f4701ada91e31e916f992171b9418cb47d283a56e61f311581d66266cb
2004-08-18,0.2057570415180333,isotropic_constructed_macro_nats_full_precision_v3,0552c7f4701ada91e31e916f992171b9418cb47d283a56e61f311581d66266cb
2004-08-20,0.20343699957784434,isotropic_constructed_macro_nats_full_precision_v3,0552c7f4701ada91e31e916f992171b9418cb47d283a56e61f311581d66266cb
2004-08-24,0.21825391222404483,isotropic_constructed_macro_nats_full_precision_v3,0552c7f4701ada91e31e916f992171b9418cb47d283a56e61f311581d66266cb
2004-08-26,0.21641043850916541,isotropic_constructed_macro_nats_full_precision_v3,0552c7f4701ada91e31e916f992171b9418cb47d283a56e61f311581d66266cb
2004-08-30,0.20700925266284653,isotropic_constructed_macro_nats_full_precision_v3,0552c7f4701ada91e31e916f992171b9418cb47d283a56e61f311581d66266cb
2004-09-01,0.20210033440802183,isotropic_constructed_macro_nats_full_precision_v3,0552c7f4701ada91e31e916f992171b9418cb47d283a56e61f311581d66266cb
2004-09-03,0.20218310731256922,isotropic_constructed_macro_nats_full_precision_v3,0552c7f4701ada91e31e916f992171b9418cb47d283a56e61f311581d66266cb
2004-09-08,0.20387702616743042,isotropic_constructed_macro_nats_full_precision_v3,0552c7f4701ada91e31e916f992171b9418cb47d283a56e61f311581d66266cb
2004-09-10,0.21121726499481824,isotropic_constructed_macro_nats_full_precision_v3,0552c7f4701ada91e31e916f992171b9418cb47d283a56e61f311581d66266cb
2004-09-14,0.19503983136930259,isotropic_constructed_macro_nats_full_precision_v3,0552c7f4701ada91e31e916f992171b9418cb47d283a56e61f311581d66266cb
2004-09-16,0.18302202212072066,isotropic_constructed_macro_nats_full_precision_v3,0552c7f4701ada91e31e916f992171b9418cb47d283a56e61f311581d66266cb
2004-09-20,0.194392969026783,isotropic_constructed_macro_nats_full_precision_v3,0552c7f4701ada91e31e916f992171b9418cb47d283a56e61f311581d66266cb
2004-09-22,0.19983007008920767,isotropic_constructed_macro_nats_full_precision_v3,0552c7f4701ada91e31e916f992171b9418cb47d283a56e61f311581d66266cb
2004-09-24,0.1910078931987065,isotropic_constructed_macro_nats_full_precision_v3,0552c7f4701ada91e31e916f992171b9418cb47d283a56e61f311581d66266cb
2004-09-28,0.18746959558695336,isotropic_constructed_macro_nats_full_precision_v3,0552c7f4701ada91e31e916f992171b9418cb47d283a56e61f311581d66266cb
2004-09-30,0.1865547672721471,isotropic_constructed_macro_nats_full_precision_v3,0552c7f4701ada91e31e916f992171b9418cb47d283a56e61f311581d66266cb
2004-10-04,0.18507245871425682,isotropic_constructed_macro_nats_full_precision_v3,0552c7f4701ada91e31e916f992171b9418cb47d283a56e61f311581d66266cb
2004-10-06,0.19724172710670468,isotropic_constructed_macro_nats_full_precision_v3,0552c7f4701ada91e31e916f992171b9418cb47d283a56e61f311581d66266cb
2004-10-08,0.20416396652427982,isotropic_constructed_macro_nats_full_precision_v3,0552c7f4701ada91e31e916f992171b9418cb47d283a56e61f311581d66266cb
2004-10-12,0.19438083077414692,isotropic_constructed_macro_nats_full_precision_v3,0552c7f4701ada91e31e916f992171b9418cb47d283a56e61f311581d66266cb
2004-10-14,0.18501076278959533,isotropic_constructed_macro_nats_full_precision_v3,0552c7f4701ada91e31e916f992171b9418cb47d283a56e61f311581d66266cb
2004-10-18,0.18116370213830968,isotropic_constructed_macro_nats_full_precision_v3,0552c7f4701ada91e31e916f992171b9418cb47d283a56e61f311581d66266cb
2004-10-20,0.1859682294270117,isotropic_constructed_macro_nats_full_precision_v3,0552c7f4701ada91e31e916f992171b9418cb47d283a56e61f311581d66266cb
2004-10-22,0.18186032287700052,isotropic_constructed_macro_nats_full_precision_v3,0552c7f4701ada91e31e916f992171b9418cb47d283a56e61f311581d66266cb
2004-10-26,0.18009095246781825,isotropic_constructed_macro_nats_full_precision_v3,0552c7f4701ada91e31e916f992171b9418cb47d283a56e61f311581d66266cb
2004-10-28,0.17754015732657913,isotropic_constructed_macro_nats_full_precision_v3,0552c7f4701ada91e31e916f992171b9418cb47d283a56e61f311581d66266cb
2004-11-01,0.17565018746964328,isotropic_constructed_macro_nats_full_precision_v3,0552c7f4701ada91e31e916f992171b9418cb47d283a56e61f311581d66266cb
2004-11-03,0.17102869390346456,isotropic_constructed_macro_nats_full_precision_v3,0552c7f4701ada91e31e916f992171b9418cb47d283a56e61f311581d66266cb
2004-11-05,0.16357958705954323,isotropic_constructed_macro_nats_full_precision_v3,0552c7f4701ada91e31e916f992171b9418cb47d283a56e61f311581d66266cb
2004-11-09,0.16739660125004724,isotropic_constructed_macro_nats_full_precision_v3,0552c7f4701ada91e31e916f992171b9418cb47d283a56e61f311581d66266cb
2004-11-11,0.15901138424371108,isotropic_constructed_macro_nats_full_precision_v3,0552c7f4701ada91e31e916f992171b9418cb47d283a56e61f311581d66266cb
2004-11-15,0.14318325712475188,isotropic_constructed_macro_nats_full_precision_v3,0552c7f4701ada91e31e916f992171b9418cb47d283a56e61f311581d66266cb
2004-11-17,0.151136470478612,isotropic_constructed_macro_nats_full_precision_v3,0552c7f4701ada91e31e916f992171b9418cb47d283a56e61f311581d66266cb
2004-11-19,0.14566308034466763,isotropic_constructed_macro_nats_full_precision_v3,0552c7f4701ada91e31e916f992171b9418cb47d283a56e61f311581d66266cb
2004-11-23,0.1491950060391907,isotropic_constructed_macro_nats_full_precision_v3,0552c7f4701ada91e31e916f992171b9418cb47d283a56e61f311581d66266cb
2004-11-26,0.1387101795218169,isotropic_constructed_macro_nats_full_precision_v3,0552c7f4701ada91e31e916f992171b9418cb47d283a56e61f311581d66266cb
2004-11-30,0.12355468069531218,isotropic_constructed_macro_nats_full_precision_v3,0552c7f4701ada91e31e916f992171b9418cb47d283a56e61f311581d66266cb
2004-12-02,0.1173882404388193,isotropic_constructed_macro_nats_full_precision_v3,0552c7f4701ada91e31e916f992171b9418cb47d283a56e61f311581d66266cb
2004-12-06,0.11754743788212571,isotropic_constructed_macro_nats_full_precision_v3,0552c7f4701ada91e31e916f992171b9418cb47d283a56e61f311581d66266cb
2004-12-08,0.12052178502949171,isotropic_constructed_macro_nats_full_precision_v3,0552c7f4701ada91e31e916f992171b9418cb47d283a56e61f311581d66266cb
2004-12-10,0.12048222043068903,isotropic_constructed_macro_nats_full_precision_v3,0552c7f4701ada91e31e916f992171b9418cb47d283a56e61f311581d66266cb
2004-12-14,0.11930190492880115,isotropic_constructed_macro_nats_full_precision_v3,0552c7f4701ada91e31e916f992171b9418cb47d283a56e61f311581d66266cb
2004-12-16,0.12010769408393322,isotropic_constructed_macro_nats_full_precision_v3,0552c7f4701ada91e31e916f992171b9418cb47d283a56e61f311581d66266cb
2004-12-20,0.11977011933887453,isotropic_constructed_macro_nats_full_precision_v3,0552c7f4701ada91e31e916f992171b9418cb47d283a56e61f311581d66266cb
2004-12-22,0.13038078990722762,isotropic_constructed_macro_nats_full_precision_v3,0552c7f4701ada91e31e916f992171b9418cb47d283a56e61f311581d66266cb
2004-12-27,0.12446131425047458,isotropic_constructed_macro_nats_full_precision_v3,0552c7f4701ada91e31e916f992171b9418cb47d283a56e61f311581d66266cb
2004-12-29,0.12547242468434022,isotropic_constructed_macro_nats_full_precision_v3,0552c7f4701ada91e31e916f992171b9418cb47d283a56e61f311581d66266cb
2004-12-31,0.1428179655373576,isotropic_constructed_macro_nats_full_precision_v3,0552c7f4701ada91e31e916f992171b9418cb47d283a56e61f311581d66266cb
2005-01-04,0.14547389045359924,isotropic_constructed_macro_nats_full_precision_v3,0552c7f4701ada91e31e916f992171b9418cb47d283a56e61f311581d66266cb
2005-01-06,0.13572713197898303,isotropic_constructed_macro_nats_full_precision_v3,0552c7f4701ada91e31e916f992171b9418cb47d283a56e61f311581d66266cb
2005-01-10,0.13636010331545112,isotropic_constructed_macro_nats_full_precision_v3,0552c7f4701ada91e31e916f992171b9418cb47d283a56e61f311581d66266cb
2005-01-12,0.13598274364911395,isotropic_constructed_macro_nats_full_precision_v3,0552c7f4701ada91e31e916f992171b9418cb47d283a56e61f311581d66266cb
2005-01-14,0.1502323767362122,isotropic_constructed_macro_nats_full_precision_v3,0552c7f4701ada91e31e916f992171b9418cb47d283a56e61f311581d66266cb
2005-01-19,0.15694810093610953,isotropic_constructed_macro_nats_full_precision_v3,0552c7f4701ada91e31e916f992171b9418cb47d283a56e61f311581d66266cb
2005-01-21,0.1548430557462701,isotropic_constructed_macro_nats_full_precision_v3,0552c7f4701ada91e31e916f992171b9418cb47d283a56e61f311581d66266cb
2005-01-25,0.15423918519313223,isotropic_constructed_macro_nats_full_precision_v3,0552c7f4701ada91e31e916f992171b9418cb47d283a56e61f311581d66266cb
2005-01-27,0.15553351308336522,isotropic_constructed_macro_nats_full_precision_v3,0552c7f4701ada91e31e916f992171b9418cb47d283a56e61f311581d66266cb
2005-01-31,0.1556094158236726,isotropic_constructed_macro_nats_full_precision_v3,0552c7f4701ada91e31e916f992171b9418cb47d283a56e61f311581d66266cb
2005-02-02,0.1507758390063162,isotropic_constructed_macro_nats_full_precision_v3,0552c7f4701ada91e31e916f992171b9418cb47d283a56e61f311581d66266cb
2005-02-04,0.14997549206267907,isotropic_constructed_macro_nats_full_precision_v3,0552c7f4701ada91e31e916f992171b9418cb47d283a56e61f311581d66266cb
2005-02-08,0.14995975509915893,isotropic_constructed_macro_nats_full_precision_v3,0552c7f4701ada91e31e916f992171b9418cb47d283a56e61f311581d66266cb
2005-02-10,0.14475947850473297,isotropic_constructed_macro_nats_full_precision_v3,0552c7f4701ada91e31e916f992171b9418cb47d283a56e61f311581d66266cb
2005-02-14,0.14906260995305812,isotropic_constructed_macro_nats_full_precision_v3,0552c7f4701ada91e31e916f992171b9418cb47d283a56e61f311581d66266cb
2005-02-16,0.15347555181688038,isotropic_constructed_macro_nats_full_precision_v3,0552c7f4701ada91e31e916f992171b9418cb47d283a56e61f311581d66266cb
2005-02-18,0.14877278627077567,isotropic_constructed_macro_nats_full_precision_v3,0552c7f4701ada91e31e916f992171b9418cb47d283a56e61f311581d66266cb
2005-02-23,0.1438690521864217,isotropic_constructed_macro_nats_full_precision_v3,0552c7f4701ada91e31e916f992171b9418cb47d283a56e61f311581d66266cb
2005-02-25,0.14026925807617374,isotropic_constructed_macro_nats_full_precision_v3,0552c7f4701ada91e31e916f992171b9418cb47d283a56e61f311581d66266cb
2005-03-01,0.13683297756556834,isotropic_constructed_macro_nats_full_precision_v3,0552c7f4701ada91e31e916f992171b9418cb47d283a56e61f311581d66266cb
2005-03-03,0.13851051143570886,isotropic_constructed_macro_nats_full_precision_v3,0552c7f4701ada91e31e916f992171b9418cb47d283a56e61f311581d66266cb
2005-03-07,0.13872351780828704,isotropic_constructed_macro_nats_full_precision_v3,0552c7f4701ada91e31e916f992171b9418cb47d283a56e61f311581d66266cb
2005-03-09,0.139411552681662,isotropic_constructed_macro_nats_full_precision_v3,0552c7f4701ada91e31e916f992171b9418cb47d283a56e61f311581d66266cb
2005-03-11,0.13297745798892086,isotropic_constructed_macro_nats_full_precision_v3,0552c7f4701ada91e31e916f992171b9418cb47d283a56e61f311581d66266cb
2005-03-15,0.1305673627528361,isotropic_constructed_macro_nats_full_precision_v3,0552c7f4701ada91e31e916f992171b9418cb47d283a56e61f311581d66266cb
2005-03-17,0.12717677475771022,isotropic_constructed_macro_nats_full_precision_v3,0552c7f4701ada91e31e916f992171b9418cb47d283a56e61f311581d66266cb
2005-03-21,0.12359663465529162,isotropic_constructed_macro_nats_full_precision_v3,0552c7f4701ada91e31e916f992171b9418cb47d283a56e61f311581d66266cb
2005-03-23,0.12504891667546875,isotropic_constructed_macro_nats_full_precision_v3,0552c7f4701ada91e31e916f992171b9418cb47d283a56e61f311581d66266cb
2005-03-28,0.122768719832287,isotropic_constructed_macro_nats_full_precision_v3,0552c7f4701ada91e31e916f992171b9418cb47d283a56e61f311581d66266cb
2005-03-30,0.12321877530319819,isotropic_constructed_macro_nats_full_precision_v3,0552c7f4701ada91e31e916f992171b9418cb47d283a56e61f311581d66266cb
2005-04-01,0.12710574486877962,isotropic_constructed_macro_nats_full_precision_v3,0552c7f4701ada91e31e916f992171b9418cb47d283a56e61f311581d66266cb
2005-04-05,0.12177496491288516,isotropic_constructed_macro_nats_full_precision_v3,0552c7f4701ada91e31e916f992171b9418cb47d283a56e61f311581d66266cb
2005-04-07,0.12047107276820436,isotropic_constructed_macro_nats_full_precision_v3,0552c7f4701ada91e31e916f992171b9418cb47d283a56e61f311581d66266cb
2005-04-11,0.12321529886137987,isotropic_constructed_macro_nats_full_precision_v3,0552c7f4701ada91e31e916f992171b9418cb47d283a56e61f311581d66266cb
2005-04-13,0.13855130691622405,isotropic_constructed_macro_nats_full_precision_v3,0552c7f4701ada91e31e916f992171b9418cb47d283a56e61f311581d66266cb
2005-04-15,0.11973000262280198,isotropic_constructed_macro_nats_full_precision_v3,0552c7f4701ada91e31e916f992171b9418cb47d283a56e61f311581d66266cb
2005-04-19,0.1051729408618914,isotropic_constructed_macro_nats_full_precision_v3,0552c7f4701ada91e31e916f992171b9418cb47d283a56e61f311581d66266cb
2005-04-21,0.1116907473927227,isotropic_constructed_macro_nats_full_precision_v3,0552c7f4701ada91e31e916f992171b9418cb47d283a56e61f311581d66266cb
2005-04-25,0.11306599741787925,isotropic_constructed_macro_nats_full_precision_v3,0552c7f4701ada91e31e916f992171b9418cb47d283a56e61f311581d66266cb
2005-04-27,0.10801396256844367,isotropic_constructed_macro_nats_full_precision_v3,0552c7f4701ada91e31e916f992171b9418cb47d283a56e61f311581d66266cb
2005-04-29,0.10774557189461849,isotropic_constructed_macro_nats_full_precision_v3,0552c7f4701ada91e31e916f992171b9418cb47d283a56e61f311581d66266cb
2005-05-03,0.10053803126367526,isotropic_constructed_macro_nats_full_precision_v3,0552c7f4701ada91e31e916f992171b9418cb47d283a56e61f311581d66266cb
2005-05-05,0.09802807958681493,isotropic_constructed_macro_nats_full_precision_v3,0552c7f4701ada91e31e916f992171b9418cb47d283a56e61f311581d66266cb
2005-05-09,0.10182329815386416,isotropic_constructed_macro_nats_full_precision_v3,0552c7f4701ada91e31e916f992171b9418cb47d283a56e61f311581d66266cb
2005-05-11,0.1069602393243261,isotropic_constructed_macro_nats_full_precision_v3,0552c7f4701ada91e31e916f992171b9418cb47d283a56e61f311581d66266cb
2005-05-13,0.1011182922795502,isotropic_constructed_macro_nats_full_precision_v3,0552c7f4701ada91e31e916f992171b9418cb47d283a56e61f311581d66266cb
2005-05-17,0.09875540064690598,isotropic_constructed_macro_nats_full_precision_v3,0552c7f4701ada91e31e916f992171b9418cb47d283a56e61f311581d66266cb
2005-05-19,0.09634602596170437,isotropic_constructed_macro_nats_full_precision_v3,0552c7f4701ada91e31e916f992171b9418cb47d283a56e61f311581d66266cb
2005-05-23,0.09833652099694407,isotropic_constructed_macro_nats_full_precision_v3,0552c7f4701ada91e31e916f992171b9418cb47d283a56e61f311581d66266cb
2005-05-25,0.09445393670712032,isotropic_constructed_macro_nats_full_precision_v3,0552c7f4701ada91e31e916f992171b9418cb47d283a56e61f311581d66266cb
2005-05-27,0.095191208750579,isotropic_constructed_macro_nats_full_precision_v3,0552c7f4701ada91e31e916f992171b9418cb47d283a56e61f311581d66266cb
2005-06-01,0.12508045383656424,isotropic_constructed_macro_nats_full_precision_v3,0552c7f4701ada91e31e916f992171b9418cb47d283a56e61f311581d66266cb
2005-06-03,0.11836698934378156,isotropic_constructed_macro_nats_full_precision_v3,0552c7f4701ada91e31e916f992171b9418cb47d283a56e61f311581d66266cb
2005-06-07,0.10116901698507187,isotropic_constructed_macro_nats_full_precision_v3,0552c7f4701ada91e31e916f992171b9418cb47d283a56e61f311581d66266cb
2005-06-09,0.1029074727190976,isotropic_constructed_macro_nats_full_precision_v3,0552c7f4701ada91e31e916f992171b9418cb47d283a56e61f311581d66266cb
2005-06-13,0.10165770914300566,isotropic_constructed_macro_nats_full_precision_v3,0552c7f4701ada91e31e916f992171b9418cb47d283a56e61f311581d66266cb
2005-06-15,0.11946530037768449,isotropic_constructed_macro_nats_full_precision_v3,0552c7f4701ada91e31e916f992171b9418cb47d283a56e61f311581d66266cb
2005-06-17,0.1255895729134591,isotropic_constructed_macro_nats_full_precision_v3,0552c7f4701ada91e31e916f992171b9418cb47d283a56e61f311581d66266cb
2005-06-21,0.13820233688714628,isotropic_constructed_macro_nats_full_precision_v3,0552c7f4701ada91e31e916f992171b9418cb47d283a56e61f311581d66266cb
2005-06-23,0.15000678769022413,isotropic_constructed_macro_nats_full_precision_v3,0552c7f4701ada91e31e916f992171b9418cb47d283a56e61f311581d66266cb
2005-06-27,0.14331385218205028,isotropic_constructed_macro_nats_full_precision_v3,0552c7f4701ada91e31e916f992171b9418cb47d283a56e61f311581d66266cb
2005-06-29,0.1372890575814799,isotropic_constructed_macro_nats_full_precision_v3,0552c7f4701ada91e31e916f992171b9418cb47d283a56e61f311581d66266cb
2005-07-01,0.13613715548930597,isotropic_constructed_macro_nats_full_precision_v3,0552c7f4701ada91e31e916f992171b9418cb47d283a56e61f311581d66266cb
2005-07-06,0.139653870607791,isotropic_constructed_macro_nats_full_precision_v3,0552c7f4701ada91e31e916f992171b9418cb47d283a56e61f311581d66266cb
2005-07-08,0.15835149476258895,isotropic_constructed_macro_nats_full_precision_v3,0552c7f4701ada91e31e916f992171b9418cb47d283a56e61f311581d66266cb
2005-07-12,0.13610425660087633,isotropic_constructed_macro_nats_full_precision_v3,0552c7f4701ada91e31e916f992171b9418cb47d283a56e61f311581d66266cb
2005-07-14,0.1380946717970939,isotropic_constructed_macro_nats_full_precision_v3,0552c7f4701ada91e31e916f992171b9418cb47d283a56e61f311581d66266cb
2005-07-18,0.1281781881035619,isotropic_constructed_macro_nats_full_precision_v3,0552c7f4701ada91e31e916f992171b9418cb47d283a56e61f311581d66266cb
2005-07-20,0.12117209428088689,isotropic_constructed_macro_nats_full_precision_v3,0552c7f4701ada91e31e916f992171b9418cb47d283a56e61f311581d66266cb
2005-07-22,0.11915625058348217,isotropic_constructed_macro_nats_full_precision_v3,0552c7f4701ada91e31e916f992171b9418cb47d283a56e61f311581d66266cb
2005-07-26,0.10682539015162161,isotropic_constructed_macro_nats_full_precision_v3,0552c7f4701ada91e31e916f992171b9418cb47d283a56e61f311581d66266cb
2005-07-28,0.14628190711964884,isotropic_constructed_macro_nats_full_precision_v3,0552c7f4701ada91e31e916f992171b9418cb47d283a56e61f311581d66266cb
2005-08-01,0.14390947019922168,isotropic_constructed_macro_nats_full_precision_v3,0552c7f4701ada91e31e916f992171b9418cb47d283a56e61f311581d66266cb
2005-08-03,0.15396509746803466,isotropic_constructed_macro_nats_full_precision_v3,0552c7f4701ada91e31e916f992171b9418cb47d283a56e61f311581d66266cb
2005-08-05,0.1638922277392385,isotropic_constructed_macro_nats_full_precision_v3,0552c7f4701ada91e31e916f992171b9418cb47d283a56e61f311581d66266cb
2005-08-09,0.15877984021781538,isotropic_constructed_macro_nats_full_precision_v3,0552c7f4701ada91e31e916f992171b9418cb47d283a56e61f311581d66266cb
2005-08-11,0.16040111696417975,isotropic_constructed_macro_nats_full_precision_v3,0552c7f4701ada91e31e916f992171b9418cb47d283a56e61f311581d66266cb
2005-08-15,0.1636722162028984,isotropic_constructed_macro_nats_full_precision_v3,0552c7f4701ada91e31e916f992171b9418cb47d283a56e61f311581d66266cb
2005-08-17,0.16526510224235624,isotropic_constructed_macro_nats_full_precision_v3,0552c7f4701ada91e31e916f992171b9418cb47d283a56e61f311581d66266cb
2005-08-19,0.16470072659078383,isotropic_constructed_macro_nats_full_precision_v3,0552c7f4701ada91e31e916f992171b9418cb47d283a56e61f311581d66266cb
2005-08-23,0.16415692062022658,isotropic_constructed_macro_nats_full_precision_v3,0552c7f4701ada91e31e916f992171b9418cb47d283a56e61f311581d66266cb
2005-08-25,0.15655236634685063,isotropic_constructed_macro_nats_full_precision_v3,0552c7f4701ada91e31e916f992171b9418cb47d283a56e61f311581d66266cb
2005-08-29,0.1546713474747034,isotropic_constructed_macro_nats_full_precision_v3,0552c7f4701ada91e31e916f992171b9418cb47d283a56e61f311581d66266cb
2005-08-31,0.15153841967225756,isotropic_constructed_macro_nats_full_precision_v3,0552c7f4701ada91e31e916f992171b9418cb47d283a56e61f311581d66266cb
2005-09-02,0.15523098937067298,isotropic_constructed_macro_nats_full_precision_v3,0552c7f4701ada91e31e916f992171b9418cb47d283a56e61f311581d66266cb
2005-09-07,0.1575649095929365,isotropic_constructed_macro_nats_full_precision_v3,0552c7f4701ada91e31e916f992171b9418cb47d283a56e61f311581d66266cb
2005-09-09,0.15608693023846082,isotropic_constructed_macro_nats_full_precision_v3,0552c7f4701ada91e31e916f992171b9418cb47d283a56e61f311581d66266cb
2005-09-13,0.15371825523260607,isotropic_constructed_macro_nats_full_precision_v3,0552c7f4701ada91e31e916f992171b9418cb47d283a56e61f311581d66266cb
2005-09-15,0.1535709753703769,isotropic_constructed_macro_nats_full_precision_v3,0552c7f4701ada91e31e916f992171b9418cb47d283a56e61f311581d66266cb
2005-09-19,0.15161467739722784,isotropic_constructed_macro_nats_full_precision_v3,0552c7f4701ada91e31e916f992171b9418cb47d283a56e61f311581d66266cb
2005-09-21,0.14920127025927515,isotropic_constructed_macro_nats_full_precision_v3,0552c7f4701ada91e31e916f992171b9418cb47d283a56e61f311581d66266cb
2005-09-23,0.1375993768785765,isotropic_constructed_macro_nats_full_precision_v3,0552c7f4701ada91e31e916f992171b9418cb47d283a56e61f311581d66266cb
2005-09-27,0.1250913988238906,isotropic_constructed_macro_nats_full_precision_v3,0552c7f4701ada91e31e916f992171b9418cb47d283a56e61f311581d66266cb
2005-09-29,0.12138093783114101,isotropic_constructed_macro_nats_full_precision_v3,0552c7f4701ada91e31e916f992171b9418cb47d283a56e61f311581d66266cb
2005-10-03,0.10116069834639058,isotropic_constructed_macro_nats_full_precision_v3,0552c7f4701ada91e31e916f992171b9418cb47d283a56e61f311581d66266cb
2005-10-05,0.10123024523432171,isotropic_constructed_macro_nats_full_precision_v3,0552c7f4701ada91e31e916f992171b9418cb47d283a56e61f311581d66266cb
2005-10-07,0.06251852186993521,isotropic_constructed_macro_nats_full_precision_v3,0552c7f4701ada91e31e916f992171b9418cb47d283a56e61f311581d66266cb
2005-10-11,0.06397701612462973,isotropic_constructed_macro_nats_full_precision_v3,0552c7f4701ada91e31e916f992171b9418cb47d283a56e61f311581d66266cb
2005-10-13,0.0608232319151341,isotropic_constructed_macro_nats_full_precision_v3,0552c7f4701ada91e31e916f992171b9418cb47d283a56e61f311581d66266cb
2005-10-17,0.0751282767852965,isotropic_constructed_macro_nats_full_precision_v3,0552c7f4701ada91e31e916f992171b9418cb47d283a56e61f311581d66266cb
2005-10-19,0.06084032273640337,isotropic_constructed_macro_nats_full_precision_v3,0552c7f4701ada91e31e916f992171b9418cb47d283a56e61f311581d66266cb
2005-10-21,0.0811344632742917,isotropic_constructed_macro_nats_full_precision_v3,0552c7f4701ada91e31e916f992171b9418cb47d283a56e61f311581d66266cb
2005-10-25,0.06556280913029718,isotropic_constructed_macro_nats_full_precision_v3,0552c7f4701ada91e31e916f992171b9418cb47d283a56e61f311581d66266cb
2005-10-27,0.057375585812002625,isotropic_constructed_macro_nats_full_precision_v3,0552c7f4701ada91e31e916f992171b9418cb47d283a56e61f311581d66266cb
2005-10-31,0.07100048942411234,isotropic_constructed_macro_nats_full_precision_v3,0552c7f4701ada91e31e916f992171b9418cb47d283a56e61f311581d66266cb
2005-11-02,0.08070566633009939,isotropic_constructed_macro_nats_full_precision_v3,0552c7f4701ada91e31e916f992171b9418cb47d283a56e61f311581d66266cb
2005-11-04,0.07347389405355198,isotropic_constructed_macro_nats_full_precision_v3,0552c7f4701ada91e31e916f992171b9418cb47d283a56e61f311581d66266cb
2005-11-08,0.05389385967914048,isotropic_constructed_macro_nats_full_precision_v3,0552c7f4701ada91e31e916f992171b9418cb47d283a56e61f311581d66266cb
2005-11-10,0.07647548623720629,isotropic_constructed_macro_nats_full_precision_v3,0552c7f4701ada91e31e916f992171b9418cb47d283a56e61f311581d66266cb
2005-11-14,0.06955061726842923,isotropic_constructed_macro_nats_full_precision_v3,0552c7f4701ada91e31e916f992171b9418cb47d283a56e61f311581d66266cb
2005-11-16,0.07203989954424166,isotropic_constructed_macro_nats_full_precision_v3,0552c7f4701ada91e31e916f992171b9418cb47d283a56e61f311581d66266cb
2005-11-18,0.08472409119964723,isotropic_constructed_macro_nats_full_precision_v3,0552c7f4701ada91e31e916f992171b9418cb47d283a56e61f311581d66266cb
2005-11-22,0.08992087830573764,isotropic_constructed_macro_nats_full_precision_v3,0552c7f4701ada91e31e916f992171b9418cb47d283a56e61f311581d66266cb
2005-11-25,0.09244355546985966,isotropic_constructed_macro_nats_full_precision_v3,0552c7f4701ada91e31e916f992171b9418cb47d283a56e61f311581d66266cb
2005-11-29,0.09210432990120665,isotropic_constructed_macro_nats_full_precision_v3,0552c7f4701ada91e31e916f992171b9418cb47d283a56e61f311581d66266cb
2005-12-01,0.08756837417859209,isotropic_constructed_macro_nats_full_precision_v3,0552c7f4701ada91e31e916f992171b9418cb47d283a56e61f311581d66266cb
2005-12-05,0.07532709824598237,isotropic_constructed_macro_nats_full_precision_v3,0552c7f4701ada91e31e916f992171b9418cb47d283a56e61f311581d66266cb
2005-12-07,0.09766109400453088,isotropic_constructed_macro_nats_full_precision_v3,0552c7f4701ada91e31e916f992171b9418cb47d283a56e61f311581d66266cb
2005-12-09,0.10878651835977535,isotropic_constructed_macro_nats_full_precision_v3,0552c7f4701ada91e31e916f992171b9418cb47d283a56e61f311581d66266cb
2005-12-13,0.10690048899299817,isotropic_constructed_macro_nats_full_precision_v3,0552c7f4701ada91e31e916f992171b9418cb47d283a56e61f311581d66266cb
2005-12-15,0.10468129005943107,isotropic_constructed_macro_nats_full_precision_v3,0552c7f4701ada91e31e916f992171b9418cb47d283a56e61f311581d66266cb
2005-12-19,0.108908172110582,isotropic_constructed_macro_nats_full_precision_v3,0552c7f4701ada91e31e916f992171b9418cb47d283a56e61f311581d66266cb
2005-12-21,0.10117918378383539,isotropic_constructed_macro_nats_full_precision_v3,0552c7f4701ada91e31e916f992171b9418cb47d283a56e61f311581d66266cb
2005-12-23,0.092838371632149,isotropic_constructed_macro_nats_full_precision_v3,0552c7f4701ada91e31e916f992171b9418cb47d283a56e61f311581d66266cb
2005-12-28,0.06744572861523654,isotropic_constructed_macro_nats_full_precision_v3,0552c7f4701ada91e31e916f992171b9418cb47d283a56e61f311581d66266cb
2005-12-30,0.061418073356714564,isotropic_constructed_macro_nats_full_precision_v3,0552c7f4701ada91e31e916f992171b9418cb47d283a56e61f311581d66266cb
2006-01-04,0.062140429656138,isotropic_constructed_macro_nats_full_precision_v3,0552c7f4701ada91e31e916f992171b9418cb47d283a56e61f311581d66266cb
2006-01-06,0.055230586778771004,isotropic_constructed_macro_nats_full_precision_v3,0552c7f4701ada91e31e916f992171b9418cb47d283a56e61f311581d66266cb
2006-01-10,0.07332717426299204,isotropic_constructed_macro_nats_full_precision_v3,0552c7f4701ada91e31e916f992171b9418cb47d283a56e61f311581d66266cb
2006-01-12,0.08028061249929301,isotropic_constructed_macro_nats_full_precision_v3,0552c7f4701ada91e31e916f992171b9418cb47d283a56e61f311581d66266cb
2006-01-17,0.09654668228506331,isotropic_constructed_macro_nats_full_precision_v3,0552c7f4701ada91e31e916f992171b9418cb47d283a56e61f311581d66266cb
2006-01-19,0.10342919199049477,isotropic_constructed_macro_nats_full_precision_v3,0552c7f4701ada91e31e916f992171b9418cb47d283a56e61f311581d66266cb
2006-01-23,0.07449662903061931,isotropic_constructed_macro_nats_full_precision_v3,0552c7f4701ada91e31e916f992171b9418cb47d283a56e61f311581d66266cb
2006-01-25,0.07940261183214445,isotropic_constructed_macro_nats_full_precision_v3,0552c7f4701ada91e31e916f992171b9418cb47d283a56e61f311581d66266cb
2006-01-27,0.05056280532940817,isotropic_constructed_macro_nats_full_precision_v3,0552c7f4701ada91e31e916f992171b9418cb47d283a56e61f311581d66266cb
2006-01-31,0.05044493873473102,isotropic_constructed_macro_nats_full_precision_v3,0552c7f4701ada91e31e916f992171b9418cb47d283a56e61f311581d66266cb
2006-02-02,0.08810860945644616,isotropic_constructed_macro_nats_full_precision_v3,0552c7f4701ada91e31e916f992171b9418cb47d283a56e61f311581d66266cb
2006-02-06,0.04756938277644404,isotropic_constructed_macro_nats_full_precision_v3,0552c7f4701ada91e31e916f992171b9418cb47d283a56e61f311581d66266cb
2006-02-08,0.05148640380638578,isotropic_constructed_macro_nats_full_precision_v3,0552c7f4701ada91e31e916f992171b9418cb47d283a56e61f311581d66266cb
2006-02-10,0.05783613800418379,isotropic_constructed_macro_nats_full_precision_v3,0552c7f4701ada91e31e916f992171b9418cb47d283a56e61f311581d66266cb
2006-02-14,0.07138024647575296,isotropic_constructed_macro_nats_full_precision_v3,0552c7f4701ada91e31e916f992171b9418cb47d283a56e61f311581d66266cb
2006-02-16,0.08206290317379886,isotropic_constructed_macro_nats_full_precision_v3,0552c7f4701ada91e31e916f992171b9418cb47d283a56e61f311581d66266cb
2006-02-21,0.06056518776538304,isotropic_constructed_macro_nats_full_precision_v3,0552c7f4701ada91e31e916f992171b9418cb47d283a56e61f311581d66266cb
2006-02-23,0.06753316160936851,isotropic_constructed_macro_nats_full_precision_v3,0552c7f4701ada91e31e916f992171b9418cb47d283a56e61f311581d66266cb
2006-02-27,0.06571061618142753,isotropic_constructed_macro_nats_full_precision_v3,0552c7f4701ada91e31e916f992171b9418cb47d283a56e61f311581d66266cb
2006-03-01,0.06475190520863207,isotropic_constructed_macro_nats_full_precision_v3,0552c7f4701ada91e31e916f992171b9418cb47d283a56e61f311581d66266cb
2006-03-03,0.06680276932710232,isotropic_constructed_macro_nats_full_precision_v3,0552c7f4701ada91e31e916f992171b9418cb47d283a56e61f311581d66266cb
2006-03-07,0.060998403888980646,isotropic_constructed_macro_nats_full_precision_v3,0552c7f4701ada91e31e916f992171b9418cb47d283a56e61f311581d66266cb
2006-03-09,0.06274318618887491,isotropic_constructed_macro_nats_full_precision_v3,0552c7f4701ada91e31e916f992171b9418cb47d283a56e61f311581d66266cb
2006-03-13,0.05820152850277853,isotropic_constructed_macro_nats_full_precision_v3,0552c7f4701ada91e31e916f992171b9418cb47d283a56e61f311581d66266cb
2006-03-15,0.06210354783694268,isotropic_constructed_macro_nats_full_precision_v3,0552c7f4701ada91e31e916f992171b9418cb47d283a56e61f311581d66266cb
2006-03-17,0.060565946980642715,isotropic_constructed_macro_nats_full_precision_v3,0552c7f4701ada91e31e916f992171b9418cb47d283a56e61f311581d66266cb
2006-03-21,0.06090279822426983,isotropic_constructed_macro_nats_full_precision_v3,0552c7f4701ada91e31e916f992171b9418cb47d283a56e61f311581d66266cb
2006-03-23,0.05861632043768748,isotropic_constructed_macro_nats_full_precision_v3,0552c7f4701ada91e31e916f992171b9418cb47d283a56e61f311581d66266cb
2006-03-27,0.063821228077012,isotropic_constructed_macro_nats_full_precision_v3,0552c7f4701ada91e31e916f992171b9418cb47d283a56e61f311581d66266cb
2006-03-29,0.06551430559874867,isotropic_constructed_macro_nats_full_precision_v3,0552c7f4701ada91e31e916f992171b9418cb47d283a56e61f311581d66266cb
2006-03-31,0.06333918304883142,isotropic_constructed_macro_nats_full_precision_v3,0552c7f4701ada91e31e916f992171b9418cb47d283a56e61f311581d66266cb
2006-04-04,0.06375950672614135,isotropic_constructed_macro_nats_full_precision_v3,0552c7f4701ada91e31e916f992171b9418cb47d283a56e61f311581d66266cb
2006-04-06,0.054917167842340214,isotropic_constructed_macro_nats_full_precision_v3,0552c7f4701ada91e31e916f992171b9418cb47d283a56e61f311581d66266cb
2006-04-10,0.06280507713249174,isotropic_constructed_macro_nats_full_precision_v3,0552c7f4701ada91e31e916f992171b9418cb47d283a56e61f311581d66266cb
2006-04-12,0.0682852405518067,isotropic_constructed_macro_nats_full_precision_v3,0552c7f4701ada91e31e916f992171b9418cb47d283a56e61f311581d66266cb
2006-04-17,0.07071476388689947,isotropic_constructed_macro_nats_full_precision_v3,0552c7f4701ada91e31e916f992171b9418cb47d283a56e61f311581d66266cb
2006-04-19,0.0701320275033296,isotropic_constructed_macro_nats_full_precision_v3,0552c7f4701ada91e31e916f992171b9418cb47d283a56e61f311581d66266cb
2006-04-21,0.06749538939902328,isotropic_constructed_macro_nats_full_precision_v3,0552c7f4701ada91e31e916f992171b9418cb47d283a56e61f311581d66266cb
2006-04-25,0.07376043707092907,isotropic_constructed_macro_nats_full_precision_v3,0552c7f4701ada91e31e916f992171b9418cb47d283a56e61f311581d66266cb
2006-04-27,0.07409190686584578,isotropic_constructed_macro_nats_full_precision_v3,0552c7f4701ada91e31e916f992171b9418cb47d283a56e61f311581d66266cb
2006-05-01,0.07251447554284335,isotropic_constructed_macro_nats_full_precision_v3,0552c7f4701ada91e31e916f992171b9418cb47d283a56e61f311581d66266cb
2006-05-03,0.06861166261400496,isotropic_constructed_macro_nats_full_precision_v3,0552c7f4701ada91e31e916f992171b9418cb47d283a56e61f311581d66266cb
2006-05-05,0.0745409328926409,isotropic_constructed_macro_nats_full_precision_v3,0552c7f4701ada91e31e916f992171b9418cb47d283a56e61f311581d66266cb
2006-05-09,0.06294974684737262,isotropic_constructed_macro_nats_full_precision_v3,0552c7f4701ada91e31e916f992171b9418cb47d283a56e61f311581d66266cb
2006-05-11,0.06374354872170637,isotropic_constructed_macro_nats_full_precision_v3,0552c7f4701ada91e31e916f992171b9418cb47d283a56e61f311581d66266cb
2006-05-15,0.061719187449521234,isotropic_constructed_macro_nats_full_precision_v3,0552c7f4701ada91e31e916f992171b9418cb47d283a56e61f311581d66266cb
2006-05-17,0.05725809297858919,isotropic_constructed_macro_nats_full_precision_v3,0552c7f4701ada91e31e916f992171b9418cb47d283a56e61f311581d66266cb
2006-05-19,0.05915273159298806,isotropic_constructed_macro_nats_full_precision_v3,0552c7f4701ada91e31e916f992171b9418cb47d283a56e61f311581d66266cb
2006-05-23,0.05790340771958148,isotropic_constructed_macro_nats_full_precision_v3,0552c7f4701ada91e31e916f992171b9418cb47d283a56e61f311581d66266cb
2006-05-25,0.05939005777683845,isotropic_constructed_macro_nats_full_precision_v3,0552c7f4701ada91e31e916f992171b9418cb47d283a56e61f311581d66266cb
2006-05-30,0.05685244486978937,isotropic_constructed_macro_nats_full_precision_v3,0552c7f4701ada91e31e916f992171b9418cb47d283a56e61f311581d66266cb
2006-06-01,0.054414616649495956,isotropic_constructed_macro_nats_full_precision_v3,0552c7f4701ada91e31e916f992171b9418cb47d283a56e61f311581d66266cb
2006-06-05,0.05200371984183996,isotropic_constructed_macro_nats_full_precision_v3,0552c7f4701ada91e31e916f992171b9418cb47d283a56e61f311581d66266cb
2006-06-07,0.06314348650051489,isotropic_constructed_macro_nats_full_precision_v3,0552c7f4701ada91e31e916f992171b9418cb47d283a56e61f311581d66266cb
2006-06-09,0.06081936834773885,isotropic_constructed_macro_nats_full_precision_v3,0552c7f4701ada91e31e916f992171b9418cb47d283a56e61f311581d66266cb
2006-06-13,0.062442277942458685,isotropic_constructed_macro_nats_full_precision_v3,0552c7f4701ada91e31e916f992171b9418cb47d283a56e61f311581d66266cb
2006-06-15,0.0707505235299563,isotropic_constructed_macro_nats_full_precision_v3,0552c7f4701ada91e31e916f992171b9418cb47d283a56e61f311581d66266cb
2006-06-19,0.06798142316528424,isotropic_constructed_macro_nats_full_precision_v3,0552c7f4701ada91e31e916f992171b9418cb47d283a56e61f311581d66266cb
2006-06-21,0.06652281286489098,isotropic_constructed_macro_nats_full_precision_v3,0552c7f4701ada91e31e916f992171b9418cb47d283a56e61f311581d66266cb
2006-06-23,0.06728152353341746,isotropic_constructed_macro_nats_full_precision_v3,0552c7f4701ada91e31e916f992171b9418cb47d283a56e61f311581d66266cb
2006-06-27,0.06653733428980732,isotropic_constructed_macro_nats_full_precision_v3,0552c7f4701ada91e31e916f992171b9418cb47d283a56e61f311581d66266cb
2006-06-29,0.06875794405080787,isotropic_constructed_macro_nats_full_precision_v3,0552c7f4701ada91e31e916f992171b9418cb47d283a56e61f311581d66266cb
2006-07-03,0.07494990213791883,isotropic_constructed_macro_nats_full_precision_v3,0552c7f4701ada91e31e916f992171b9418cb47d283a56e61f311581d66266cb
2006-07-06,0.0915169848995859,isotropic_constructed_macro_nats_full_precision_v3,0552c7f4701ada91e31e916f992171b9418cb47d283a56e61f311581d66266cb
2006-07-10,0.10966039601015479,isotropic_constructed_macro_nats_full_precision_v3,0552c7f4701ada91e31e916f992171b9418cb47d283a56e61f311581d66266cb
2006-07-12,0.10634655610734635,isotropic_constructed_macro_nats_full_precision_v3,0552c7f4701ada91e31e916f992171b9418cb47d283a56e61f311581d66266cb
2006-07-14,0.10779961373685953,isotropic_constructed_macro_nats_full_precision_v3,0552c7f4701ada91e31e916f992171b9418cb47d283a56e61f311581d66266cb
2006-07-18,0.10589854209554843,isotropic_constructed_macro_nats_full_precision_v3,0552c7f4701ada91e31e916f992171b9418cb47d283a56e61f311581d66266cb
2006-07-20,0.15222846300752255,isotropic_constructed_macro_nats_full_precision_v3,0552c7f4701ada91e31e916f992171b9418cb47d283a56e61f311581d66266cb
2006-07-24,0.14537394283342214,isotropic_constructed_macro_nats_full_precision_v3,0552c7f4701ada91e31e916f992171b9418cb47d283a56e61f311581d66266cb
2006-07-26,0.15074164425974962,isotropic_constructed_macro_nats_full_precision_v3,0552c7f4701ada91e31e916f992171b9418cb47d283a56e61f311581d66266cb
2006-07-28,0.1519003307344413,isotropic_constructed_macro_nats_full_precision_v3,0552c7f4701ada91e31e916f992171b9418cb47d283a56e61f311581d66266cb
2006-08-01,0.15855277305087973,isotropic_constructed_macro_nats_full_precision_v3,0552c7f4701ada91e31e916f992171b9418cb47d283a56e61f311581d66266cb
2006-08-03,0.15955629779445163,isotropic_constructed_macro_nats_full_precision_v3,0552c7f4701ada91e31e916f992171b9418cb47d283a56e61f311581d66266cb
2006-08-07,0.15695996839053142,isotropic_constructed_macro_nats_full_precision_v3,0552c7f4701ada91e31e916f992171b9418cb47d283a56e61f311581d66266cb
2006-08-09,0.14527840483261745,isotropic_constructed_macro_nats_full_precision_v3,0552c7f4701ada91e31e916f992171b9418cb47d283a56e61f311581d66266cb
2006-08-11,0.14920739904910374,isotropic_constructed_macro_nats_full_precision_v3,0552c7f4701ada91e31e916f992171b9418cb47d283a56e61f311581d66266cb
2006-08-15,0.15110344351004504,isotropic_constructed_macro_nats_full_precision_v3,0552c7f4701ada91e31e916f992171b9418cb47d283a56e61f311581d66266cb
2006-08-17,0.14133046864563953,isotropic_constructed_macro_nats_full_precision_v3,0552c7f4701ada91e31e916f992171b9418cb47d283a56e61f311581d66266cb
2006-08-21,0.13576009303234948,isotropic_constructed_macro_nats_full_precision_v3,0552c7f4701ada91e31e916f992171b9418cb47d283a56e61f311581d66266cb
2006-08-23,0.1384099050620733,isotropic_constructed_macro_nats_full_precision_v3,0552c7f4701ada91e31e916f992171b9418cb47d283a56e61f311581d66266cb
2006-08-25,0.1392695650078015,isotropic_constructed_macro_nats_full_precision_v3,0552c7f4701ada91e31e916f992171b9418cb47d283a56e61f311581d66266cb
2006-08-29,0.13894029651409917,isotropic_constructed_macro_nats_full_precision_v3,0552c7f4701ada91e31e916f992171b9418cb47d283a56e61f311581d66266cb
2006-08-31,0.13584098616719498,isotropic_constructed_macro_nats_full_precision_v3,0552c7f4701ada91e31e916f992171b9418cb47d283a56e61f311581d66266cb
2006-09-05,0.12449756453023676,isotropic_constructed_macro_nats_full_precision_v3,0552c7f4701ada91e31e916f992171b9418cb47d283a56e61f311581d66266cb
2006-09-07,0.14148872339066482,isotropic_constructed_macro_nats_full_precision_v3,0552c7f4701ada91e31e916f992171b9418cb47d283a56e61f311581d66266cb
2006-09-11,0.1396039591841235,isotropic_constructed_macro_nats_full_precision_v3,0552c7f4701ada91e31e916f992171b9418cb47d283a56e61f311581d66266cb
2006-09-13,0.1439352336499659,isotropic_constructed_macro_nats_full_precision_v3,0552c7f4701ada91e31e916f992171b9418cb47d283a56e61f311581d66266cb
2006-09-15,0.14982260547501536,isotropic_constructed_macro_nats_full_precision_v3,0552c7f4701ada91e31e916f992171b9418cb47d283a56e61f311581d66266cb
2006-09-19,0.15410546808096998,isotropic_constructed_macro_nats_full_precision_v3,0552c7f4701ada91e31e916f992171b9418cb47d283a56e61f311581d66266cb
2006-09-21,0.15931398723750312,isotropic_constructed_macro_nats_full_precision_v3,0552c7f4701ada91e31e916f992171b9418cb47d283a56e61f311581d66266cb
2006-09-25,0.15620570635598957,isotropic_constructed_macro_nats_full_precision_v3,0552c7f4701ada91e31e916f992171b9418cb47d283a56e61f311581d66266cb
2006-09-27,0.15441750248500039,isotropic_constructed_macro_nats_full_precision_v3,0552c7f4701ada91e31e916f992171b9418cb47d283a56e61f311581d66266cb
2006-09-29,0.15549503198930004,isotropic_constructed_macro_nats_full_precision_v3,0552c7f4701ada91e31e916f992171b9418cb47d283a56e61f311581d66266cb
2006-10-03,0.14637076301331742,isotropic_constructed_macro_nats_full_precision_v3,0552c7f4701ada91e31e916f992171b9418cb47d283a56e61f311581d66266cb
2006-10-05,0.1350578421395871,isotropic_constructed_macro_nats_full_precision_v3,0552c7f4701ada91e31e916f992171b9418cb47d283a56e61f311581d66266cb
2006-10-09,0.13369569500778478,isotropic_constructed_macro_nats_full_precision_v3,0552c7f4701ada91e31e916f992171b9418cb47d283a56e61f311581d66266cb
2006-10-11,0.14351413803438562,isotropic_constructed_macro_nats_full_precision_v3,0552c7f4701ada91e31e916f992171b9418cb47d283a56e61f311581d66266cb
2006-10-13,0.13231747066416003,isotropic_constructed_macro_nats_full_precision_v3,0552c7f4701ada91e31e916f992171b9418cb47d283a56e61f311581d66266cb
2006-10-17,0.1315288188014705,isotropic_constructed_macro_nats_full_precision_v3,0552c7f4701ada91e31e916f992171b9418cb47d283a56e61f311581d66266cb
2006-10-19,0.1342306347775631,isotropic_constructed_macro_nats_full_precision_v3,0552c7f4701ada91e31e916f992171b9418cb47d283a56e61f311581d66266cb
2006-10-23,0.13781728518852834,isotropic_constructed_macro_nats_full_precision_v3,0552c7f4701ada91e31e916f992171b9418cb47d283a56e61f311581d66266cb
2006-10-25,0.1372218423785611,isotropic_constructed_macro_nats_full_precision_v3,0552c7f4701ada91e31e916f992171b9418cb47d283a56e61f311581d66266cb
2006-10-27,0.13525903506378373,isotropic_constructed_macro_nats_full_precision_v3,0552c7f4701ada91e31e916f992171b9418cb47d283a56e61f311581d66266cb
2006-10-31,0.13675961170539577,isotropic_constructed_macro_nats_full_precision_v3,0552c7f4701ada91e31e916f992171b9418cb47d283a56e61f311581d66266cb
2006-11-02,0.13350736590809842,isotropic_constructed_macro_nats_full_precision_v3,0552c7f4701ada91e31e916f992171b9418cb47d283a56e61f311581d66266cb
2006-11-06,0.13861689028109675,isotropic_constructed_macro_nats_full_precision_v3,0552c7f4701ada91e31e916f992171b9418cb47d283a56e61f311581d66266cb
2006-11-08,0.13799094936893375,isotropic_constructed_macro_nats_full_precision_v3,0552c7f4701ada91e31e916f992171b9418cb47d283a56e61f311581d66266cb
2006-11-10,0.14480672795996047,isotropic_constructed_macro_nats_full_precision_v3,0552c7f4701ada91e31e916f992171b9418cb47d283a56e61f311581d66266cb
2006-11-14,0.1534443129123297,isotropic_constructed_macro_nats_full_precision_v3,0552c7f4701ada91e31e916f992171b9418cb47d283a56e61f311581d66266cb
2006-11-16,0.15869231755281393,isotropic_constructed_macro_nats_full_precision_v3,0552c7f4701ada91e31e916f992171b9418cb47d283a56e61f311581d66266cb
2006-11-20,0.1662615193585062,isotropic_constructed_macro_nats_full_precision_v3,0552c7f4701ada91e31e916f992171b9418cb47d283a56e61f311581d66266cb
2006-11-22,0.16633405858325692,isotropic_constructed_macro_nats_full_precision_v3,0552c7f4701ada91e31e916f992171b9418cb47d283a56e61f311581d66266cb
2006-11-27,0.16420737917068878,isotropic_constructed_macro_nats_full_precision_v3,0552c7f4701ada91e31e916f992171b9418cb47d283a56e61f311581d66266cb
2006-11-29,0.16988999095183388,isotropic_constructed_macro_nats_full_precision_v3,0552c7f4701ada91e31e916f992171b9418cb47d283a56e61f311581d66266cb
2006-12-01,0.16973129740040543,isotropic_constructed_macro_nats_full_precision_v3,0552c7f4701ada91e31e916f992171b9418cb47d283a56e61f311581d66266cb
2006-12-05,0.17831901106596132,isotropic_constructed_macro_nats_full_precision_v3,0552c7f4701ada91e31e916f992171b9418cb47d283a56e61f311581d66266cb
2006-12-07,0.19254538711693592,isotropic_constructed_macro_nats_full_precision_v3,0552c7f4701ada91e31e916f992171b9418cb47d283a56e61f311581d66266cb
2006-12-11,0.18997643705318368,isotropic_constructed_macro_nats_full_precision_v3,0552c7f4701ada91e31e916f992171b9418cb47d283a56e61f311581d66266cb
2006-12-13,0.20671083350526387,isotropic_constructed_macro_nats_full_precision_v3,0552c7f4701ada91e31e916f992171b9418cb47d283a56e61f311581d66266cb
2006-12-15,0.20524675342916893,isotropic_constructed_macro_nats_full_precision_v3,0552c7f4701ada91e31e916f992171b9418cb47d283a56e61f311581d66266cb
2006-12-19,0.2024146504102456,isotropic_constructed_macro_nats_full_precision_v3,0552c7f4701ada91e31e916f992171b9418cb47d283a56e61f311581d66266cb
2006-12-21,0.20298705184081517,isotropic_constructed_macro_nats_full_precision_v3,0552c7f4701ada91e31e916f992171b9418cb47d283a56e61f311581d66266cb
2006-12-26,0.19966789725464149,isotropic_constructed_macro_nats_full_precision_v3,0552c7f4701ada91e31e916f992171b9418cb47d283a56e61f311581d66266cb
2006-12-28,0.20149296586889348,isotropic_constructed_macro_nats_full_precision_v3,0552c7f4701ada91e31e916f992171b9418cb47d283a56e61f311581d66266cb
2007-01-03,0.20338848949693022,isotropic_constructed_macro_nats_full_precision_v3,0552c7f4701ada91e31e916f992171b9418cb47d283a56e61f311581d66266cb
2007-01-05,0.19874710677934454,isotropic_constructed_macro_nats_full_precision_v3,0552c7f4701ada91e31e916f992171b9418cb47d283a56e61f311581d66266cb
2007-01-09,0.19827981396485708,isotropic_constructed_macro_nats_full_precision_v3,0552c7f4701ada91e31e916f992171b9418cb47d283a56e61f311581d66266cb
2007-01-11,0.19017007403251268,isotropic_constructed_macro_nats_full_precision_v3,0552c7f4701ada91e31e916f992171b9418cb47d283a56e61f311581d66266cb
2007-01-16,0.1909964710284107,isotropic_constructed_macro_nats_full_precision_v3,0552c7f4701ada91e31e916f992171b9418cb47d283a56e61f311581d66266cb
2007-01-18,0.19047387262039606,isotropic_constructed_macro_nats_full_precision_v3,0552c7f4701ada91e31e916f992171b9418cb47d283a56e61f311581d66266cb
2007-01-22,0.2027603257626818,isotropic_constructed_macro_nats_full_precision_v3,0552c7f4701ada91e31e916f992171b9418cb47d283a56e61f311581d66266cb
2007-01-24,0.20108836948900616,isotropic_constructed_macro_nats_full_precision_v3,0552c7f4701ada91e31e916f992171b9418cb47d283a56e61f311581d66266cb
2007-01-26,0.19854803541788132,isotropic_constructed_macro_nats_full_precision_v3,0552c7f4701ada91e31e916f992171b9418cb47d283a56e61f311581d66266cb
2007-01-30,0.16175079657258476,isotropic_constructed_macro_nats_full_precision_v3,0552c7f4701ada91e31e916f992171b9418cb47d283a56e61f311581d66266cb
2007-02-01,0.14824522050444972,isotropic_constructed_macro_nats_full_precision_v3,0552c7f4701ada91e31e916f992171b9418cb47d283a56e61f311581d66266cb
2007-02-05,0.140296067663632,isotropic_constructed_macro_nats_full_precision_v3,0552c7f4701ada91e31e916f992171b9418cb47d283a56e61f311581d66266cb
2007-02-07,0.14641445266741893,isotropic_constructed_macro_nats_full_precision_v3,0552c7f4701ada91e31e916f992171b9418cb47d283a56e61f311581d66266cb
2007-02-09,0.1498686156150071,isotropic_constructed_macro_nats_full_precision_v3,0552c7f4701ada91e31e916f992171b9418cb47d283a56e61f311581d66266cb
2007-02-13,0.1482422896603732,isotropic_constructed_macro_nats_full_precision_v3,0552c7f4701ada91e31e916f992171b9418cb47d283a56e61f311581d66266cb
2007-02-15,0.14817861793401335,isotropic_constructed_macro_nats_full_precision_v3,0552c7f4701ada91e31e916f992171b9418cb47d283a56e61f311581d66266cb
2007-02-20,0.15468276911127643,isotropic_constructed_macro_nats_full_precision_v3,0552c7f4701ada91e31e916f992171b9418cb47d283a56e61f311581d66266cb
2007-02-22,0.15758925510307661,isotropic_constructed_macro_nats_full_precision_v3,0552c7f4701ada91e31e916f992171b9418cb47d283a56e61f311581d66266cb
2007-02-26,0.1586115121016653,isotropic_constructed_macro_nats_full_precision_v3,0552c7f4701ada91e31e916f992171b9418cb47d283a56e61f311581d66266cb
2007-02-28,0.14185760259402264,isotropic_constructed_macro_nats_full_precision_v3,0552c7f4701ada91e31e916f992171b9418cb47d283a56e61f311581d66266cb
2007-03-02,0.1406806318165777,isotropic_constructed_macro_nats_full_precision_v3,0552c7f4701ada91e31e916f992171b9418cb47d283a56e61f311581d66266cb
2007-03-06,0.1298833699530822,isotropic_constructed_macro_nats_full_precision_v3,0552c7f4701ada91e31e916f992171b9418cb47d283a56e61f311581d66266cb
2007-03-08,0.12408037055272629,isotropic_constructed_macro_nats_full_precision_v3,0552c7f4701ada91e31e916f992171b9418cb47d283a56e61f311581d66266cb
2007-03-12,0.12557144018360084,isotropic_constructed_macro_nats_full_precision_v3,0552c7f4701ada91e31e916f992171b9418cb47d283a56e61f311581d66266cb
2007-03-14,0.12660545543427404,isotropic_constructed_macro_nats_full_precision_v3,0552c7f4701ada91e31e916f992171b9418cb47d283a56e61f311581d66266cb
2007-03-16,0.1280211887286543,isotropic_constructed_macro_nats_full_precision_v3,0552c7f4701ada91e31e916f992171b9418cb47d283a56e61f311581d66266cb
2007-03-20,0.1261237810290123,isotropic_constructed_macro_nats_full_precision_v3,0552c7f4701ada91e31e916f992171b9418cb47d283a56e61f311581d66266cb
2007-03-22,0.12766630555595396,isotropic_constructed_macro_nats_full_precision_v3,0552c7f4701ada91e31e916f992171b9418cb47d283a56e61f311581d66266cb
2007-03-26,0.12887588353369878,isotropic_constructed_macro_nats_full_precision_v3,0552c7f4701ada91e31e916f992171b9418cb47d283a56e61f311581d66266cb
2007-03-28,0.13341678052833253,isotropic_constructed_macro_nats_full_precision_v3,0552c7f4701ada91e31e916f992171b9418cb47d283a56e61f311581d66266cb
2007-03-30,0.12946315069675532,isotropic_constructed_macro_nats_full_precision_v3,0552c7f4701ada91e31e916f992171b9418cb47d283a56e61f311581d66266cb
2007-04-03,0.1285583341096407,isotropic_constructed_macro_nats_full_precision_v3,0552c7f4701ada91e31e916f992171b9418cb47d283a56e61f311581d66266cb
2007-04-05,0.12372460485566593,isotropic_constructed_macro_nats_full_precision_v3,0552c7f4701ada91e31e916f992171b9418cb47d283a56e61f311581d66266cb
2007-04-10,0.11851873403992214,isotropic_constructed_macro_nats_full_precision_v3,0552c7f4701ada91e31e916f992171b9418cb47d283a56e61f311581d66266cb
2007-04-12,0.11752079734379499,isotropic_constructed_macro_nats_full_precision_v3,0552c7f4701ada91e31e916f992171b9418cb47d283a56e61f311581d66266cb
2007-04-16,0.10358709476146152,isotropic_constructed_macro_nats_full_precision_v3,0552c7f4701ada91e31e916f992171b9418cb47d283a56e61f311581d66266cb
2007-04-18,0.1005888300940556,isotropic_constructed_macro_nats_full_precision_v3,0552c7f4701ada91e31e916f992171b9418cb47d283a56e61f311581d66266cb
2007-04-20,0.10286093911033879,isotropic_constructed_macro_nats_full_precision_v3,0552c7f4701ada91e31e916f992171b9418cb47d283a56e61f311581d66266cb
2007-04-24,0.10245595984804096,isotropic_constructed_macro_nats_full_precision_v3,0552c7f4701ada91e31e916f992171b9418cb47d283a56e61f311581d66266cb
2007-04-26,0.09903129908620283,isotropic_constructed_macro_nats_full_precision_v3,0552c7f4701ada91e31e916f992171b9418cb47d283a56e61f311581d66266cb
2007-04-30,0.09270774951752554,isotropic_constructed_macro_nats_full_precision_v3,0552c7f4701ada91e31e916f992171b9418cb47d283a56e61f311581d66266cb
2007-05-02,0.09605266503255816,isotropic_constructed_macro_nats_full_precision_v3,0552c7f4701ada91e31e916f992171b9418cb47d283a56e61f311581d66266cb
2007-05-04,0.09269648644320974,isotropic_constructed_macro_nats_full_precision_v3,0552c7f4701ada91e31e916f992171b9418cb47d283a56e61f311581d66266cb
2007-05-08,0.08730879347543911,isotropic_constructed_macro_nats_full_precision_v3,0552c7f4701ada91e31e916f992171b9418cb47d283a56e61f311581d66266cb
2007-05-10,0.08595282681447322,isotropic_constructed_macro_nats_full_precision_v3,0552c7f4701ada91e31e916f992171b9418cb47d283a56e61f311581d66266cb
2007-05-14,0.08490132928663184,isotropic_constructed_macro_nats_full_precision_v3,0552c7f4701ada91e31e916f992171b9418cb47d283a56e61f311581d66266cb
2007-05-16,0.0922030608904042,isotropic_constructed_macro_nats_full_precision_v3,0552c7f4701ada91e31e916f992171b9418cb47d283a56e61f311581d66266cb
2007-05-18,0.09473522154802776,isotropic_constructed_macro_nats_full_precision_v3,0552c7f4701ada91e31e916f992171b9418cb47d283a56e61f311581d66266cb
2007-05-22,0.09949268630189892,isotropic_constructed_macro_nats_full_precision_v3,0552c7f4701ada91e31e916f992171b9418cb47d283a56e61f311581d66266cb
2007-05-24,0.09414697279889263,isotropic_constructed_macro_nats_full_precision_v3,0552c7f4701ada91e31e916f992171b9418cb47d283a56e61f311581d66266cb
2007-05-29,0.09244922019115834,isotropic_constructed_macro_nats_full_precision_v3,0552c7f4701ada91e31e916f992171b9418cb47d283a56e61f311581d66266cb
2007-05-31,0.09847963827125242,isotropic_constructed_macro_nats_full_precision_v3,0552c7f4701ada91e31e916f992171b9418cb47d283a56e61f311581d66266cb
2007-06-04,0.096315573478005,isotropic_constructed_macro_nats_full_precision_v3,0552c7f4701ada91e31e916f992171b9418cb47d283a56e61f311581d66266cb
2007-06-06,0.10289069069811141,isotropic_constructed_macro_nats_full_precision_v3,0552c7f4701ada91e31e916f992171b9418cb47d283a56e61f311581d66266cb
2007-06-08,0.10729540213993012,isotropic_constructed_macro_nats_full_precision_v3,0552c7f4701ada91e31e916f992171b9418cb47d283a56e61f311581d66266cb
2007-06-12,0.10810641359873933,isotropic_constructed_macro_nats_full_precision_v3,0552c7f4701ada91e31e916f992171b9418cb47d283a56e61f311581d66266cb
2007-06-14,0.10429081594192086,isotropic_constructed_macro_nats_full_precision_v3,0552c7f4701ada91e31e916f992171b9418cb47d283a56e61f311581d66266cb
2007-06-18,0.10523858533283205,isotropic_constructed_macro_nats_full_precision_v3,0552c7f4701ada91e31e916f992171b9418cb47d283a56e61f311581d66266cb
2007-06-20,0.10510208464193412,isotropic_constructed_macro_nats_full_precision_v3,0552c7f4701ada91e31e916f992171b9418cb47d283a56e61f311581d66266cb
2007-06-22,0.11898463177974641,isotropic_constructed_macro_nats_full_precision_v3,0552c7f4701ada91e31e916f992171b9418cb47d283a56e61f311581d66266cb
2007-06-26,0.11853633504122019,isotropic_constructed_macro_nats_full_precision_v3,0552c7f4701ada91e31e916f992171b9418cb47d283a56e61f311581d66266cb
2007-06-28,0.11743301692254438,isotropic_constructed_macro_nats_full_precision_v3,0552c7f4701ada91e31e916f992171b9418cb47d283a56e61f311581d66266cb
2007-07-02,0.12213355088220995,isotropic_constructed_macro_nats_full_precision_v3,0552c7f4701ada91e31e916f992171b9418cb47d283a56e61f311581d66266cb
2007-07-05,0.12537870351390096,isotropic_constructed_macro_nats_full_precision_v3,0552c7f4701ada91e31e916f992171b9418cb47d283a56e61f311581d66266cb
2007-07-09,0.11947572614111521,isotropic_constructed_macro_nats_full_precision_v3,0552c7f4701ada91e31e916f992171b9418cb47d283a56e61f311581d66266cb
2007-07-11,0.12056522844081285,isotropic_constructed_macro_nats_full_precision_v3,0552c7f4701ada91e31e916f992171b9418cb47d283a56e61f311581d66266cb
2007-07-13,0.12262113048351898,isotropic_constructed_macro_nats_full_precision_v3,0552c7f4701ada91e31e916f992171b9418cb47d283a56e61f311581d66266cb
2007-07-17,0.11610108476361199,isotropic_constructed_macro_nats_full_precision_v3,0552c7f4701ada91e31e916f992171b9418cb47d283a56e61f311581d66266cb
2007-07-19,0.11366283903247332,isotropic_constructed_macro_nats_full_precision_v3,0552c7f4701ada91e31e916f992171b9418cb47d283a56e61f311581d66266cb
2007-07-23,0.09615838242993065,isotropic_constructed_macro_nats_full_precision_v3,0552c7f4701ada91e31e916f992171b9418cb47d283a56e61f311581d66266cb
2007-07-25,0.08548071531586512,isotropic_constructed_macro_nats_full_precision_v3,0552c7f4701ada91e31e916f992171b9418cb47d283a56e61f311581d66266cb
2007-07-27,0.10368660873427456,isotropic_constructed_macro_nats_full_precision_v3,0552c7f4701ada91e31e916f992171b9418cb47d283a56e61f311581d66266cb
2007-07-31,0.10066577631774276,isotropic_constructed_macro_nats_full_precision_v3,0552c7f4701ada91e31e916f992171b9418cb47d283a56e61f311581d66266cb
2007-08-02,0.10822465308160627,isotropic_constructed_macro_nats_full_precision_v3,0552c7f4701ada91e31e916f992171b9418cb47d283a56e61f311581d66266cb
2007-08-06,0.10766187405043327,isotropic_constructed_macro_nats_full_precision_v3,0552c7f4701ada91e31e916f992171b9418cb47d283a56e61f311581d66266cb
2007-08-08,0.10396464572836805,isotropic_constructed_macro_nats_full_precision_v3,0552c7f4701ada91e31e916f992171b9418cb47d283a56e61f311581d66266cb
2007-08-10,0.10922527333489,isotropic_constructed_macro_nats_full_precision_v3,0552c7f4701ada91e31e916f992171b9418cb47d283a56e61f311581d66266cb
2007-08-14,0.10227906802562395,isotropic_constructed_macro_nats_full_precision_v3,0552c7f4701ada91e31e916f992171b9418cb47d283a56e61f311581d66266cb
2007-08-16,0.11359987215421138,isotropic_constructed_macro_nats_full_precision_v3,0552c7f4701ada91e31e916f992171b9418cb47d283a56e61f311581d66266cb
2007-08-20,0.10411613368470446,isotropic_constructed_macro_nats_full_precision_v3,0552c7f4701ada91e31e916f992171b9418cb47d283a56e61f311581d66266cb
2007-08-22,0.10762668012670051,isotropic_constructed_macro_nats_full_precision_v3,0552c7f4701ada91e31e916f992171b9418cb47d283a56e61f311581d66266cb
2007-08-24,0.10876664020807673,isotropic_constructed_macro_nats_full_precision_v3,0552c7f4701ada91e31e916f992171b9418cb47d283a56e61f311581d66266cb
2007-08-28,0.10917484121499328,isotropic_constructed_macro_nats_full_precision_v3,0552c7f4701ada91e31e916f992171b9418cb47d283a56e61f311581d66266cb
2007-08-30,0.1156478483492999,isotropic_constructed_macro_nats_full_precision_v3,0552c7f4701ada91e31e916f992171b9418cb47d283a56e61f311581d66266cb
2007-09-04,0.11500852503938143,isotropic_constructed_macro_nats_full_precision_v3,0552c7f4701ada91e31e916f992171b9418cb47d283a56e61f311581d66266cb
2007-09-06,0.11865603718853462,isotropic_constructed_macro_nats_full_precision_v3,0552c7f4701ada91e31e916f992171b9418cb47d283a56e61f311581d66266cb
2007-09-10,0.12929686873460788,isotropic_constructed_macro_nats_full_precision_v3,0552c7f4701ada91e31e916f992171b9418cb47d283a56e61f311581d66266cb
2007-09-12,0.12810396215459208,isotropic_constructed_macro_nats_full_precision_v3,0552c7f4701ada91e31e916f992171b9418cb47d283a56e61f311581d66266cb
2007-09-14,0.12579176956731547,isotropic_constructed_macro_nats_full_precision_v3,0552c7f4701ada91e31e916f992171b9418cb47d283a56e61f311581d66266cb
2007-09-18,0.13053652003578892,isotropic_constructed_macro_nats_full_precision_v3,0552c7f4701ada91e31e916f992171b9418cb47d283a56e61f311581d66266cb
2007-09-20,0.12943935463459558,isotropic_constructed_macro_nats_full_precision_v3,0552c7f4701ada91e31e916f992171b9418cb47d283a56e61f311581d66266cb
2007-09-24,0.12653657010618832,isotropic_constructed_macro_nats_full_precision_v3,0552c7f4701ada91e31e916f992171b9418cb47d283a56e61f311581d66266cb
2007-09-26,0.1265717775362295,isotropic_constructed_macro_nats_full_precision_v3,0552c7f4701ada91e31e916f992171b9418cb47d283a56e61f311581d66266cb
2007-09-28,0.12403969539166239,isotropic_constructed_macro_nats_full_precision_v3,0552c7f4701ada91e31e916f992171b9418cb47d283a56e61f311581d66266cb
2007-10-02,0.12411270160106808,isotropic_constructed_macro_nats_full_precision_v3,0552c7f4701ada91e31e916f992171b9418cb47d283a56e61f311581d66266cb
2007-10-04,0.12138517940562003,isotropic_constructed_macro_nats_full_precision_v3,0552c7f4701ada91e31e916f992171b9418cb47d283a56e61f311581d66266cb
2007-10-08,0.11639615642951699,isotropic_constructed_macro_nats_full_precision_v3,0552c7f4701ada91e31e916f992171b9418cb47d283a56e61f311581d66266cb
2007-10-10,0.1167960137625185,isotropic_constructed_macro_nats_full_precision_v3,0552c7f4701ada91e31e916f992171b9418cb47d283a56e61f311581d66266cb
2007-10-12,0.11834992397093001,isotropic_constructed_macro_nats_full_precision_v3,0552c7f4701ada91e31e916f992171b9418cb47d283a56e61f311581d66266cb
2007-10-16,0.12467378663543804,isotropic_constructed_macro_nats_full_precision_v3,0552c7f4701ada91e31e916f992171b9418cb47d283a56e61f311581d66266cb
2007-10-18,0.12570363520644734,isotropic_constructed_macro_nats_full_precision_v3,0552c7f4701ada91e31e916f992171b9418cb47d283a56e61f311581d66266cb
2007-10-22,0.12653281537357372,isotropic_constructed_macro_nats_full_precision_v3,0552c7f4701ada91e31e916f992171b9418cb47d283a56e61f311581d66266cb
2007-10-24,0.12737878478566678,isotropic_constructed_macro_nats_full_precision_v3,0552c7f4701ada91e31e916f992171b9418cb47d283a56e61f311581d66266cb
2007-10-26,0.13035387925406622,isotropic_constructed_macro_nats_full_precision_v3,0552c7f4701ada91e31e916f992171b9418cb47d283a56e61f311581d66266cb
2007-10-30,0.11672752696101542,isotropic_constructed_macro_nats_full_precision_v3,0552c7f4701ada91e31e916f992171b9418cb47d283a56e61f311581d66266cb
2007-11-01,0.12792873210795563,isotropic_constructed_macro_nats_full_precision_v3,0552c7f4701ada91e31e916f992171b9418cb47d283a56e61f311581d66266cb
2007-11-05,0.13555549918652154,isotropic_constructed_macro_nats_full_precision_v3,0552c7f4701ada91e31e916f992171b9418cb47d283a56e61f311581d66266cb
2007-11-07,0.12745607069916726,isotropic_constructed_macro_nats_full_precision_v3,0552c7f4701ada91e31e916f992171b9418cb47d283a56e61f311581d66266cb
2007-11-09,0.11979938197248104,isotropic_constructed_macro_nats_full_precision_v3,0552c7f4701ada91e31e916f992171b9418cb47d283a56e61f311581d66266cb
2007-11-13,0.1273743000652055,isotropic_constructed_macro_nats_full_precision_v3,0552c7f4701ada91e31e916f992171b9418cb47d283a56e61f311581d66266cb
2007-11-15,0.11518042614393842,isotropic_constructed_macro_nats_full_precision_v3,0552c7f4701ada91e31e916f992171b9418cb47d283a56e61f311581d66266cb
2007-11-19,0.1123340800954266,isotropic_constructed_macro_nats_full_precision_v3,0552c7f4701ada91e31e916f992171b9418cb47d283a56e61f311581d66266cb
2007-11-21,0.1052326844655387,isotropic_constructed_macro_nats_full_precision_v3,0552c7f4701ada91e31e916f992171b9418cb47d283a56e61f311581d66266cb
2007-11-26,0.11319820743433458,isotropic_constructed_macro_nats_full_precision_v3,0552c7f4701ada91e31e916f992171b9418cb47d283a56e61f311581d66266cb
2007-11-28,0.11357149355344057,isotropic_constructed_macro_nats_full_precision_v3,0552c7f4701ada91e31e916f992171b9418cb47d283a56e61f311581d66266cb
2007-11-30,0.10649146923309315,isotropic_constructed_macro_nats_full_precision_v3,0552c7f4701ada91e31e916f992171b9418cb47d283a56e61f311581d66266cb
2007-12-04,0.10572844069729624,isotropic_constructed_macro_nats_full_precision_v3,0552c7f4701ada91e31e916f992171b9418cb47d283a56e61f311581d66266cb
2007-12-06,0.10954349475772122,isotropic_constructed_macro_nats_full_precision_v3,0552c7f4701ada91e31e916f992171b9418cb47d283a56e61f311581d66266cb
2007-12-10,0.12537926872181804,isotropic_constructed_macro_nats_full_precision_v3,0552c7f4701ada91e31e916f992171b9418cb47d283a56e61f311581d66266cb
2007-12-12,0.11638348234498626,isotropic_constructed_macro_nats_full_precision_v3,0552c7f4701ada91e31e916f992171b9418cb47d283a56e61f311581d66266cb
2007-12-14,0.10586362540843665,isotropic_constructed_macro_nats_full_precision_v3,0552c7f4701ada91e31e916f992171b9418cb47d283a56e61f311581d66266cb
2007-12-18,0.10805535960906294,isotropic_constructed_macro_nats_full_precision_v3,0552c7f4701ada91e31e916f992171b9418cb47d283a56e61f311581d66266cb
2007-12-20,0.08466595798217645,isotropic_constructed_macro_nats_full_precision_v3,0552c7f4701ada91e31e916f992171b9418cb47d283a56e61f311581d66266cb
2007-12-24,0.08345075969205266,isotropic_constructed_macro_nats_full_precision_v3,0552c7f4701ada91e31e916f992171b9418cb47d283a56e61f311581d66266cb
2007-12-27,0.08283673973809776,isotropic_constructed_macro_nats_full_precision_v3,0552c7f4701ada91e31e916f992171b9418cb47d283a56e61f311581d66266cb
2007-12-31,0.08249945734383508,isotropic_constructed_macro_nats_full_precision_v3,0552c7f4701ada91e31e916f992171b9418cb47d283a56e61f311581d66266cb
2008-01-03,0.08141138507648603,isotropic_constructed_macro_nats_full_precision_v3,0552c7f4701ada91e31e916f992171b9418cb47d283a56e61f311581d66266cb
2008-01-07,0.10266884730689856,isotropic_constructed_macro_nats_full_precision_v3,0552c7f4701ada91e31e916f992171b9418cb47d283a56e61f311581d66266cb
2008-01-09,0.1414952653619927,isotropic_constructed_macro_nats_full_precision_v3,0552c7f4701ada91e31e916f992171b9418cb47d283a56e61f311581d66266cb
2008-01-11,0.10455703851874613,isotropic_constructed_macro_nats_full_precision_v3,0552c7f4701ada91e31e916f992171b9418cb47d283a56e61f311581d66266cb
2008-01-15,0.11470555535326891,isotropic_constructed_macro_nats_full_precision_v3,0552c7f4701ada91e31e916f992171b9418cb47d283a56e61f311581d66266cb
2008-01-17,0.12418697173612135,isotropic_constructed_macro_nats_full_precision_v3,0552c7f4701ada91e31e916f992171b9418cb47d283a56e61f311581d66266cb
2008-01-22,0.12687419825852142,isotropic_constructed_macro_nats_full_precision_v3,0552c7f4701ada91e31e916f992171b9418cb47d283a56e61f311581d66266cb
2008-01-24,0.12024819244466808,isotropic_constructed_macro_nats_full_precision_v3,0552c7f4701ada91e31e916f992171b9418cb47d283a56e61f311581d66266cb
2008-01-28,0.12008142594264253,isotropic_constructed_macro_nats_full_precision_v3,0552c7f4701ada91e31e916f992171b9418cb47d283a56e61f311581d66266cb
2008-01-30,0.1328496006172879,isotropic_constructed_macro_nats_full_precision_v3,0552c7f4701ada91e31e916f992171b9418cb47d283a56e61f311581d66266cb
2008-02-01,0.1225096579692637,isotropic_constructed_macro_nats_full_precision_v3,0552c7f4701ada91e31e916f992171b9418cb47d283a56e61f311581d66266cb
2008-02-05,0.1248858034740537,isotropic_constructed_macro_nats_full_precision_v3,0552c7f4701ada91e31e916f992171b9418cb47d283a56e61f311581d66266cb
2008-02-07,0.11603933977504466,isotropic_constructed_macro_nats_full_precision_v3,0552c7f4701ada91e31e916f992171b9418cb47d283a56e61f311581d66266cb
2008-02-11,0.12035002705194178,isotropic_constructed_macro_nats_full_precision_v3,0552c7f4701ada91e31e916f992171b9418cb47d283a56e61f311581d66266cb
2008-02-13,0.10707747677120813,isotropic_constructed_macro_nats_full_precision_v3,0552c7f4701ada91e31e916f992171b9418cb47d283a56e61f311581d66266cb
2008-02-15,0.10912107827712121,isotropic_constructed_macro_nats_full_precision_v3,0552c7f4701ada91e31e916f992171b9418cb47d283a56e61f311581d66266cb
2008-02-20,0.10883589743309822,isotropic_constructed_macro_nats_full_precision_v3,0552c7f4701ada91e31e916f992171b9418cb47d283a56e61f311581d66266cb
2008-02-22,0.11270414611831553,isotropic_constructed_macro_nats_full_precision_v3,0552c7f4701ada91e31e916f992171b9418cb47d283a56e61f311581d66266cb
2008-02-26,0.10435775099875523,isotropic_constructed_macro_nats_full_precision_v3,0552c7f4701ada91e31e916f992171b9418cb47d283a56e61f311581d66266cb
2008-02-28,0.10148863904358893,isotropic_constructed_macro_nats_full_precision_v3,0552c7f4701ada91e31e916f992171b9418cb47d283a56e61f311581d66266cb
2008-03-03,0.0992704999260179,isotropic_constructed_macro_nats_full_precision_v3,0552c7f4701ada91e31e916f992171b9418cb47d283a56e61f311581d66266cb
2008-03-05,0.09329698377605862,isotropic_constructed_macro_nats_full_precision_v3,0552c7f4701ada91e31e916f992171b9418cb47d283a56e61f311581d66266cb
2008-03-07,0.1068641413962504,isotropic_constructed_macro_nats_full_precision_v3,0552c7f4701ada91e31e916f992171b9418cb47d283a56e61f311581d66266cb
2008-03-11,0.11031846724943281,isotropic_constructed_macro_nats_full_precision_v3,0552c7f4701ada91e31e916f992171b9418cb47d283a56e61f311581d66266cb
2008-03-13,0.13354850467962204,isotropic_constructed_macro_nats_full_precision_v3,0552c7f4701ada91e31e916f992171b9418cb47d283a56e61f311581d66266cb
2008-03-17,0.12085628140544269,isotropic_constructed_macro_nats_full_precision_v3,0552c7f4701ada91e31e916f992171b9418cb47d283a56e61f311581d66266cb
2008-03-19,0.13592338851278007,isotropic_constructed_macro_nats_full_precision_v3,0552c7f4701ada91e31e916f992171b9418cb47d283a56e61f311581d66266cb
2008-03-24,0.12063163914975424,isotropic_constructed_macro_nats_full_precision_v3,0552c7f4701ada91e31e916f992171b9418cb47d283a56e61f311581d66266cb
2008-03-26,0.10673200354178314,isotropic_constructed_macro_nats_full_precision_v3,0552c7f4701ada91e31e916f992171b9418cb47d283a56e61f311581d66266cb
2008-03-28,0.10769482941212238,isotropic_constructed_macro_nats_full_precision_v3,0552c7f4701ada91e31e916f992171b9418cb47d283a56e61f311581d66266cb
2008-04-01,0.10836410011418494,isotropic_constructed_macro_nats_full_precision_v3,0552c7f4701ada91e31e916f992171b9418cb47d283a56e61f311581d66266cb
2008-04-03,0.11391560126383667,isotropic_constructed_macro_nats_full_precision_v3,0552c7f4701ada91e31e916f992171b9418cb47d283a56e61f311581d66266cb
2008-04-07,0.10835423713424557,isotropic_constructed_macro_nats_full_precision_v3,0552c7f4701ada91e31e916f992171b9418cb47d283a56e61f311581d66266cb
2008-04-09,0.11189345737163651,isotropic_constructed_macro_nats_full_precision_v3,0552c7f4701ada91e31e916f992171b9418cb47d283a56e61f311581d66266cb
2008-04-11,0.13514770649117291,isotropic_constructed_macro_nats_full_precision_v3,0552c7f4701ada91e31e916f992171b9418cb47d283a56e61f311581d66266cb
2008-04-15,0.14714580301286512,isotropic_constructed_macro_nats_full_precision_v3,0552c7f4701ada91e31e916f992171b9418cb47d283a56e61f311581d66266cb
2008-04-17,0.14664393076444646,isotropic_constructed_macro_nats_full_precision_v3,0552c7f4701ada91e31e916f992171b9418cb47d283a56e61f311581d66266cb
2008-04-21,0.15166290355553713,isotropic_constructed_macro_nats_full_precision_v3,0552c7f4701ada91e31e916f992171b9418cb47d283a56e61f311581d66266cb
2008-04-23,0.1521156920950813,isotropic_constructed_macro_nats_full_precision_v3,0552c7f4701ada91e31e916f992171b9418cb47d283a56e61f311581d66266cb
2008-04-25,0.14494816051362272,isotropic_constructed_macro_nats_full_precision_v3,0552c7f4701ada91e31e916f992171b9418cb47d283a56e61f311581d66266cb
2008-04-29,0.13742954040577882,isotropic_constructed_macro_nats_full_precision_v3,0552c7f4701ada91e31e916f992171b9418cb47d283a56e61f311581d66266cb
2008-05-01,0.12737495675558547,isotropic_constructed_macro_nats_full_precision_v3,0552c7f4701ada91e31e916f992171b9418cb47d283a56e61f311581d66266cb
2008-05-05,0.12503833880510246,isotropic_constructed_macro_nats_full_precision_v3,0552c7f4701ada91e31e916f992171b9418cb47d283a56e61f311581d66266cb
2008-05-07,0.11808957820543545,isotropic_constructed_macro_nats_full_precision_v3,0552c7f4701ada91e31e916f992171b9418cb47d283a56e61f311581d66266cb
2008-05-09,0.11524342100588196,isotropic_constructed_macro_nats_full_precision_v3,0552c7f4701ada91e31e916f992171b9418cb47d283a56e61f311581d66266cb
2008-05-13,0.11620779930228291,isotropic_constructed_macro_nats_full_precision_v3,0552c7f4701ada91e31e916f992171b9418cb47d283a56e61f311581d66266cb
2008-05-15,0.11758626765843659,isotropic_constructed_macro_nats_full_precision_v3,0552c7f4701ada91e31e916f992171b9418cb47d283a56e61f311581d66266cb
2008-05-19,0.12209662992296622,isotropic_constructed_macro_nats_full_precision_v3,0552c7f4701ada91e31e916f992171b9418cb47d283a56e61f311581d66266cb
2008-05-21,0.12259242113961027,isotropic_constructed_macro_nats_full_precision_v3,0552c7f4701ada91e31e916f992171b9418cb47d283a56e61f311581d66266cb
2008-05-23,0.12186383682399106,isotropic_constructed_macro_nats_full_precision_v3,0552c7f4701ada91e31e916f992171b9418cb47d283a56e61f311581d66266cb
2008-05-28,0.1262043226733791,isotropic_constructed_macro_nats_full_precision_v3,0552c7f4701ada91e31e916f992171b9418cb47d283a56e61f311581d66266cb
2008-05-30,0.12390307261005731,isotropic_constructed_macro_nats_full_precision_v3,0552c7f4701ada91e31e916f992171b9418cb47d283a56e61f311581d66266cb
2008-06-03,0.12453270042293507,isotropic_constructed_macro_nats_full_precision_v3,0552c7f4701ada91e31e916f992171b9418cb47d283a56e61f311581d66266cb
2008-06-05,0.12642928878554138,isotropic_constructed_macro_nats_full_precision_v3,0552c7f4701ada91e31e916f992171b9418cb47d283a56e61f311581d66266cb
2008-06-09,0.12268302140507513,isotropic_constructed_macro_nats_full_precision_v3,0552c7f4701ada91e31e916f992171b9418cb47d283a56e61f311581d66266cb
2008-06-11,0.12165659337712811,isotropic_constructed_macro_nats_full_precision_v3,0552c7f4701ada91e31e916f992171b9418cb47d283a56e61f311581d66266cb
2008-06-13,0.11315856301966119,isotropic_constructed_macro_nats_full_precision_v3,0552c7f4701ada91e31e916f992171b9418cb47d283a56e61f311581d66266cb
2008-06-17,0.12001099810409095,isotropic_constructed_macro_nats_full_precision_v3,0552c7f4701ada91e31e916f992171b9418cb47d283a56e61f311581d66266cb
2008-06-19,0.12412327995339047,isotropic_constructed_macro_nats_full_precision_v3,0552c7f4701ada91e31e916f992171b9418cb47d283a56e61f311581d66266cb
2008-06-23,0.13014923205081608,isotropic_constructed_macro_nats_full_precision_v3,0552c7f4701ada91e31e916f992171b9418cb47d283a56e61f311581d66266cb
2008-06-25,0.13625980170577848,isotropic_constructed_macro_nats_full_precision_v3,0552c7f4701ada91e31e916f992171b9418cb47d283a56e61f311581d66266cb
2008-06-27,0.12827460289494985,isotropic_constructed_macro_nats_full_precision_v3,0552c7f4701ada91e31e916f992171b9418cb47d283a56e61f311581d66266cb
2008-07-01,0.13295965160585463,isotropic_constructed_macro_nats_full_precision_v3,0552c7f4701ada91e31e916f992171b9418cb47d283a56e61f311581d66266cb
2008-07-03,0.14152227989121968,isotropic_constructed_macro_nats_full_precision_v3,0552c7f4701ada91e31e916f992171b9418cb47d283a56e61f311581d66266cb
2008-07-08,0.14166322676823895,isotropic_constructed_macro_nats_full_precision_v3,0552c7f4701ada91e31e916f992171b9418cb47d283a56e61f311581d66266cb
2008-07-10,0.14848575368793626,isotropic_constructed_macro_nats_full_precision_v3,0552c7f4701ada91e31e916f992171b9418cb47d283a56e61f311581d66266cb
2008-07-14,0.1479740556814208,isotropic_constructed_macro_nats_full_precision_v3,0552c7f4701ada91e31e916f992171b9418cb47d283a56e61f311581d66266cb
2008-07-16,0.13356562124651236,isotropic_constructed_macro_nats_full_precision_v3,0552c7f4701ada91e31e916f992171b9418cb47d283a56e61f311581d66266cb
2008-07-18,0.1386776917363464,isotropic_constructed_macro_nats_full_precision_v3,0552c7f4701ada91e31e916f992171b9418cb47d283a56e61f311581d66266cb
2008-07-22,0.1402131673343387,isotropic_constructed_macro_nats_full_precision_v3,0552c7f4701ada91e31e916f992171b9418cb47d283a56e61f311581d66266cb
2008-07-24,0.1425847091941484,isotropic_constructed_macro_nats_full_precision_v3,0552c7f4701ada91e31e916f992171b9418cb47d283a56e61f311581d66266cb
2008-07-28,0.14285827984304908,isotropic_constructed_macro_nats_full_precision_v3,0552c7f4701ada91e31e916f992171b9418cb47d283a56e61f311581d66266cb
2008-07-30,0.14372605867398297,isotropic_constructed_macro_nats_full_precision_v3,0552c7f4701ada91e31e916f992171b9418cb47d283a56e61f311581d66266cb
2008-08-01,0.14386475709177504,isotropic_constructed_macro_nats_full_precision_v3,0552c7f4701ada91e31e916f992171b9418cb47d283a56e61f311581d66266cb
2008-08-05,0.1407808958125732,isotropic_constructed_macro_nats_full_precision_v3,0552c7f4701ada91e31e916f992171b9418cb47d283a56e61f311581d66266cb
2008-08-07,0.13238546386249556,isotropic_constructed_macro_nats_full_precision_v3,0552c7f4701ada91e31e916f992171b9418cb47d283a56e61f311581d66266cb
2008-08-11,0.1358617446679937,isotropic_constructed_macro_nats_full_precision_v3,0552c7f4701ada91e31e916f992171b9418cb47d283a56e61f311581d66266cb
2008-08-13,0.1225994245456791,isotropic_constructed_macro_nats_full_precision_v3,0552c7f4701ada91e31e916f992171b9418cb47d283a56e61f311581d66266cb
2008-08-15,0.12943924382890037,isotropic_constructed_macro_nats_full_precision_v3,0552c7f4701ada91e31e916f992171b9418cb47d283a56e61f311581d66266cb
2008-08-19,0.12510633824859554,isotropic_constructed_macro_nats_full_precision_v3,0552c7f4701ada91e31e916f992171b9418cb47d283a56e61f311581d66266cb
2008-08-21,0.12145872961871712,isotropic_constructed_macro_nats_full_precision_v3,0552c7f4701ada91e31e916f992171b9418cb47d283a56e61f311581d66266cb
2008-08-25,0.12161290956364337,isotropic_constructed_macro_nats_full_precision_v3,0552c7f4701ada91e31e916f992171b9418cb47d283a56e61f311581d66266cb
2008-08-27,0.12133744166908068,isotropic_constructed_macro_nats_full_precision_v3,0552c7f4701ada91e31e916f992171b9418cb47d283a56e61f311581d66266cb
2008-08-29,0.12230960080960518,isotropic_constructed_macro_nats_full_precision_v3,0552c7f4701ada91e31e916f992171b9418cb47d283a56e61f311581d66266cb
2008-09-03,0.12447244221569119,isotropic_constructed_macro_nats_full_precision_v3,0552c7f4701ada91e31e916f992171b9418cb47d283a56e61f311581d66266cb
2008-09-05,0.13129698168780415,isotropic_constructed_macro_nats_full_precision_v3,0552c7f4701ada91e31e916f992171b9418cb47d283a56e61f311581d66266cb
2008-09-09,0.13015429120754957,isotropic_constructed_macro_nats_full_precision_v3,0552c7f4701ada91e31e916f992171b9418cb47d283a56e61f311581d66266cb
2008-09-11,0.12582071457702138,isotropic_constructed_macro_nats_full_precision_v3,0552c7f4701ada91e31e916f992171b9418cb47d283a56e61f311581d66266cb
2008-09-15,0.1305079277773427,isotropic_constructed_macro_nats_full_precision_v3,0552c7f4701ada91e31e916f992171b9418cb47d283a56e61f311581d66266cb
2008-09-17,0.13384016568466914,isotropic_constructed_macro_nats_full_precision_v3,0552c7f4701ada91e31e916f992171b9418cb47d283a56e61f311581d66266cb
2008-09-19,0.1392766712977414,isotropic_constructed_macro_nats_full_precision_v3,0552c7f4701ada91e31e916f992171b9418cb47d283a56e61f311581d66266cb
2008-09-23,0.1326348624970563,isotropic_constructed_macro_nats_full_precision_v3,0552c7f4701ada91e31e916f992171b9418cb47d283a56e61f311581d66266cb
2008-09-25,0.1406282240939097,isotropic_constructed_macro_nats_full_precision_v3,0552c7f4701ada91e31e916f992171b9418cb47d283a56e61f311581d66266cb
2008-09-29,0.14441464886064517,isotropic_constructed_macro_nats_full_precision_v3,0552c7f4701ada91e31e916f992171b9418cb47d283a56e61f311581d66266cb
2008-10-01,0.1482988845483551,isotropic_constructed_macro_nats_full_precision_v3,0552c7f4701ada91e31e916f992171b9418cb47d283a56e61f311581d66266cb
2008-10-03,0.15468201773349555,isotropic_constructed_macro_nats_full_precision_v3,0552c7f4701ada91e31e916f992171b9418cb47d283a56e61f311581d66266cb
2008-10-07,0.12822345128103832,isotropic_constructed_macro_nats_full_precision_v3,0552c7f4701ada91e31e916f992171b9418cb47d283a56e61f311581d66266cb
2008-10-09,0.12432733001712074,isotropic_constructed_macro_nats_full_precision_v3,0552c7f4701ada91e31e916f992171b9418cb47d283a56e61f311581d66266cb
2008-10-13,0.1748410109249175,isotropic_constructed_macro_nats_full_precision_v3,0552c7f4701ada91e31e916f992171b9418cb47d283a56e61f311581d66266cb
2008-10-15,0.2193421868089293,isotropic_constructed_macro_nats_full_precision_v3,0552c7f4701ada91e31e916f992171b9418cb47d283a56e61f311581d66266cb
2008-10-17,0.20900319632040473,isotropic_constructed_macro_nats_full_precision_v3,0552c7f4701ada91e31e916f992171b9418cb47d283a56e61f311581d66266cb
2008-10-21,0.2030791091137571,isotropic_constructed_macro_nats_full_precision_v3,0552c7f4701ada91e31e916f992171b9418cb47d283a56e61f311581d66266cb
2008-10-23,0.23233482092091803,isotropic_constructed_macro_nats_full_precision_v3,0552c7f4701ada91e31e916f992171b9418cb47d283a56e61f311581d66266cb
2008-10-27,0.257852136765922,isotropic_constructed_macro_nats_full_precision_v3,0552c7f4701ada91e31e916f992171b9418cb47d283a56e61f311581d66266cb
2008-10-29,0.2444622912861479,isotropic_constructed_macro_nats_full_precision_v3,0552c7f4701ada91e31e916f992171b9418cb47d283a56e61f311581d66266cb
2008-10-31,0.23888525826635404,isotropic_constructed_macro_nats_full_precision_v3,0552c7f4701ada91e31e916f992171b9418cb47d283a56e61f311581d66266cb
2008-11-04,0.23079240997161782,isotropic_constructed_macro_nats_full_precision_v3,0552c7f4701ada91e31e916f992171b9418cb47d283a56e61f311581d66266cb
2008-11-06,0.2187416549973919,isotropic_constructed_macro_nats_full_precision_v3,0552c7f4701ada91e31e916f992171b9418cb47d283a56e61f311581d66266cb
2008-11-10,0.24838122902248916,isotropic_constructed_macro_nats_full_precision_v3,0552c7f4701ada91e31e916f992171b9418cb47d283a56e61f311581d66266cb
2008-11-12,0.2418859880780652,isotropic_constructed_macro_nats_full_precision_v3,0552c7f4701ada91e31e916f992171b9418cb47d283a56e61f311581d66266cb
2008-11-14,0.2650541646772917,isotropic_constructed_macro_nats_full_precision_v3,0552c7f4701ada91e31e916f992171b9418cb47d283a56e61f311581d66266cb
2008-11-18,0.27067374977205305,isotropic_constructed_macro_nats_full_precision_v3,0552c7f4701ada91e31e916f992171b9418cb47d283a56e61f311581d66266cb
2008-11-20,0.2432249121128064,isotropic_constructed_macro_nats_full_precision_v3,0552c7f4701ada91e31e916f992171b9418cb47d283a56e61f311581d66266cb
2008-11-24,0.3114598034064139,isotropic_constructed_macro_nats_full_precision_v3,0552c7f4701ada91e31e916f992171b9418cb47d283a56e61f311581d66266cb
2008-11-26,0.31205005914559103,isotropic_constructed_macro_nats_full_precision_v3,0552c7f4701ada91e31e916f992171b9418cb47d283a56e61f311581d66266cb
2008-12-01,0.3098559507190056,isotropic_constructed_macro_nats_full_precision_v3,0552c7f4701ada91e31e916f992171b9418cb47d283a56e61f311581d66266cb
2008-12-03,0.31880847677169166,isotropic_constructed_macro_nats_full_precision_v3,0552c7f4701ada91e31e916f992171b9418cb47d283a56e61f311581d66266cb
2008-12-05,0.3441757984631787,isotropic_constructed_macro_nats_full_precision_v3,0552c7f4701ada91e31e916f992171b9418cb47d283a56e61f311581d66266cb
2008-12-09,0.31834368694327864,isotropic_constructed_macro_nats_full_precision_v3,0552c7f4701ada91e31e916f992171b9418cb47d283a56e61f311581d66266cb
2008-12-11,0.3456074405378859,isotropic_constructed_macro_nats_full_precision_v3,0552c7f4701ada91e31e916f992171b9418cb47d283a56e61f311581d66266cb
2008-12-15,0.34689323098876423,isotropic_constructed_macro_nats_full_precision_v3,0552c7f4701ada91e31e916f992171b9418cb47d283a56e61f311581d66266cb
2008-12-17,0.3391769951574636,isotropic_constructed_macro_nats_full_precision_v3,0552c7f4701ada91e31e916f992171b9418cb47d283a56e61f311581d66266cb
2008-12-19,0.3559545367020661,isotropic_constructed_macro_nats_full_precision_v3,0552c7f4701ada91e31e916f992171b9418cb47d283a56e61f311581d66266cb
2008-12-23,0.35613154791014784,isotropic_constructed_macro_nats_full_precision_v3,0552c7f4701ada91e31e916f992171b9418cb47d283a56e61f311581d66266cb
2008-12-26,0.3541544905798546,isotropic_constructed_macro_nats_full_precision_v3,0552c7f4701ada91e31e916f992171b9418cb47d283a56e61f311581d66266cb
2008-12-30,0.3573358136482627,isotropic_constructed_macro_nats_full_precision_v3,0552c7f4701ada91e31e916f992171b9418cb47d283a56e61f311581d66266cb
2009-01-02,0.35038630015287175,isotropic_constructed_macro_nats_full_precision_v3,0552c7f4701ada91e31e916f992171b9418cb47d283a56e61f311581d66266cb
2009-01-06,0.371225526164033,isotropic_constructed_macro_nats_full_precision_v3,0552c7f4701ada91e31e916f992171b9418cb47d283a56e61f311581d66266cb
2009-01-08,0.3480431720337592,isotropic_constructed_macro_nats_full_precision_v3,0552c7f4701ada91e31e916f992171b9418cb47d283a56e61f311581d66266cb
2009-01-12,0.3522551751555543,isotropic_constructed_macro_nats_full_precision_v3,0552c7f4701ada91e31e916f992171b9418cb47d283a56e61f311581d66266cb
2009-01-14,0.35081088434777763,isotropic_constructed_macro_nats_full_precision_v3,0552c7f4701ada91e31e916f992171b9418cb47d283a56e61f311581d66266cb
2009-01-16,0.3593531465761249,isotropic_constructed_macro_nats_full_precision_v3,0552c7f4701ada91e31e916f992171b9418cb47d283a56e61f311581d66266cb
2009-01-21,0.3522190402882028,isotropic_constructed_macro_nats_full_precision_v3,0552c7f4701ada91e31e916f992171b9418cb47d283a56e61f311581d66266cb
2009-01-23,0.35257086184076497,isotropic_constructed_macro_nats_full_precision_v3,0552c7f4701ada91e31e916f992171b9418cb47d283a56e61f311581d66266cb
2009-01-27,0.294917590266096,isotropic_constructed_macro_nats_full_precision_v3,0552c7f4701ada91e31e916f992171b9418cb47d283a56e61f311581d66266cb
2009-01-29,0.2801046875723934,isotropic_constructed_macro_nats_full_precision_v3,0552c7f4701ada91e31e916f992171b9418cb47d283a56e61f311581d66266cb
2009-02-02,0.28038103559902794,isotropic_constructed_macro_nats_full_precision_v3,0552c7f4701ada91e31e916f992171b9418cb47d283a56e61f311581d66266cb
2009-02-04,0.2858675250120296,isotropic_constructed_macro_nats_full_precision_v3,0552c7f4701ada91e31e916f992171b9418cb47d283a56e61f311581d66266cb
2009-02-06,0.2858551281580882,isotropic_constructed_macro_nats_full_precision_v3,0552c7f4701ada91e31e916f992171b9418cb47d283a56e61f311581d66266cb
2009-02-10,0.28579865538721944,isotropic_constructed_macro_nats_full_precision_v3,0552c7f4701ada91e31e916f992171b9418cb47d283a56e61f311581d66266cb
2009-02-12,0.28596453066634964,isotropic_constructed_macro_nats_full_precision_v3,0552c7f4701ada91e31e916f992171b9418cb47d283a56e61f311581d66266cb
2009-02-17,0.28674433570042135,isotropic_constructed_macro_nats_full_precision_v3,0552c7f4701ada91e31e916f992171b9418cb47d283a56e61f311581d66266cb
2009-02-19,0.29318828020087895,isotropic_constructed_macro_nats_full_precision_v3,0552c7f4701ada91e31e916f992171b9418cb47d283a56e61f311581d66266cb
2009-02-23,0.2903993314661185,isotropic_constructed_macro_nats_full_precision_v3,0552c7f4701ada91e31e916f992171b9418cb47d283a56e61f311581d66266cb
2009-02-25,0.2818482276312374,isotropic_constructed_macro_nats_full_precision_v3,0552c7f4701ada91e31e916f992171b9418cb47d283a56e61f311581d66266cb
2009-02-27,0.30807119180885395,isotropic_constructed_macro_nats_full_precision_v3,0552c7f4701ada91e31e916f992171b9418cb47d283a56e61f311581d66266cb
2009-03-03,0.28707114987205684,isotropic_constructed_macro_nats_full_precision_v3,0552c7f4701ada91e31e916f992171b9418cb47d283a56e61f311581d66266cb
2009-03-05,0.2907714132212297,isotropic_constructed_macro_nats_full_precision_v3,0552c7f4701ada91e31e916f992171b9418cb47d283a56e61f311581d66266cb
2009-03-09,0.25630094753484145,isotropic_constructed_macro_nats_full_precision_v3,0552c7f4701ada91e31e916f992171b9418cb47d283a56e61f311581d66266cb
2009-03-11,0.2400751089612066,isotropic_constructed_macro_nats_full_precision_v3,0552c7f4701ada91e31e916f992171b9418cb47d283a56e61f311581d66266cb
2009-03-13,0.23866679750721664,isotropic_constructed_macro_nats_full_precision_v3,0552c7f4701ada91e31e916f992171b9418cb47d283a56e61f311581d66266cb
2009-03-17,0.23753543255880297,isotropic_constructed_macro_nats_full_precision_v3,0552c7f4701ada91e31e916f992171b9418cb47d283a56e61f311581d66266cb
2009-03-19,0.2378387463688967,isotropic_constructed_macro_nats_full_precision_v3,0552c7f4701ada91e31e916f992171b9418cb47d283a56e61f311581d66266cb
2009-03-23,0.26464932636640415,isotropic_constructed_macro_nats_full_precision_v3,0552c7f4701ada91e31e916f992171b9418cb47d283a56e61f311581d66266cb
2009-03-25,0.26918923043837767,isotropic_constructed_macro_nats_full_precision_v3,0552c7f4701ada91e31e916f992171b9418cb47d283a56e61f311581d66266cb
2009-03-27,0.23447544946149207,isotropic_constructed_macro_nats_full_precision_v3,0552c7f4701ada91e31e916f992171b9418cb47d283a56e61f311581d66266cb
2009-03-31,0.24030775696026516,isotropic_constructed_macro_nats_full_precision_v3,0552c7f4701ada91e31e916f992171b9418cb47d283a56e61f311581d66266cb
2009-04-02,0.25454321890408776,isotropic_constructed_macro_nats_full_precision_v3,0552c7f4701ada91e31e916f992171b9418cb47d283a56e61f311581d66266cb
2009-04-06,0.2504533176231549,isotropic_constructed_macro_nats_full_precision_v3,0552c7f4701ada91e31e916f992171b9418cb47d283a56e61f311581d66266cb
2009-04-08,0.23734935912484711,isotropic_constructed_macro_nats_full_precision_v3,0552c7f4701ada91e31e916f992171b9418cb47d283a56e61f311581d66266cb
2009-04-13,0.22874218610944885,isotropic_constructed_macro_nats_full_precision_v3,0552c7f4701ada91e31e916f992171b9418cb47d283a56e61f311581d66266cb
2009-04-15,0.23160274483254098,isotropic_constructed_macro_nats_full_precision_v3,0552c7f4701ada91e31e916f992171b9418cb47d283a56e61f311581d66266cb
2009-04-17,0.23861900227285207,isotropic_constructed_macro_nats_full_precision_v3,0552c7f4701ada91e31e916f992171b9418cb47d283a56e61f311581d66266cb
2009-04-21,0.2519076911216108,isotropic_constructed_macro_nats_full_precision_v3,0552c7f4701ada91e31e916f992171b9418cb47d283a56e61f311581d66266cb
2009-04-23,0.24222400899700827,isotropic_constructed_macro_nats_full_precision_v3,0552c7f4701ada91e31e916f992171b9418cb47d283a56e61f311581d66266cb
2009-04-27,0.24211465390974957,isotropic_constructed_macro_nats_full_precision_v3,0552c7f4701ada91e31e916f992171b9418cb47d283a56e61f311581d66266cb
2009-04-29,0.2572206656073346,isotropic_constructed_macro_nats_full_precision_v3,0552c7f4701ada91e31e916f992171b9418cb47d283a56e61f311581d66266cb
2009-05-01,0.2545891616175079,isotropic_constructed_macro_nats_full_precision_v3,0552c7f4701ada91e31e916f992171b9418cb47d283a56e61f311581d66266cb
2009-05-05,0.2365629210161487,isotropic_constructed_macro_nats_full_precision_v3,0552c7f4701ada91e31e916f992171b9418cb47d283a56e61f311581d66266cb
2009-05-07,0.2435316473235872,isotropic_constructed_macro_nats_full_precision_v3,0552c7f4701ada91e31e916f992171b9418cb47d283a56e61f311581d66266cb
2009-05-11,0.23634940756654402,isotropic_constructed_macro_nats_full_precision_v3,0552c7f4701ada91e31e916f992171b9418cb47d283a56e61f311581d66266cb
2009-05-13,0.23990686102074787,isotropic_constructed_macro_nats_full_precision_v3,0552c7f4701ada91e31e916f992171b9418cb47d283a56e61f311581d66266cb
2009-05-15,0.23131238351919364,isotropic_constructed_macro_nats_full_precision_v3,0552c7f4701ada91e31e916f992171b9418cb47d283a56e61f311581d66266cb
2009-05-19,0.2380418550300124,isotropic_constructed_macro_nats_full_precision_v3,0552c7f4701ada91e31e916f992171b9418cb47d283a56e61f311581d66266cb
2009-05-21,0.23154814754178937,isotropic_constructed_macro_nats_full_precision_v3,0552c7f4701ada91e31e916f992171b9418cb47d283a56e61f311581d66266cb
2009-05-26,0.22891964916779298,isotropic_constructed_macro_nats_full_precision_v3,0552c7f4701ada91e31e916f992171b9418cb47d283a56e61f311581d66266cb
2009-05-28,0.2283319209274848,isotropic_constructed_macro_nats_full_precision_v3,0552c7f4701ada91e31e916f992171b9418cb47d283a56e61f311581d66266cb
2009-06-01,0.22550626468291637,isotropic_constructed_macro_nats_full_precision_v3,0552c7f4701ada91e31e916f992171b9418cb47d283a56e61f311581d66266cb
2009-06-03,0.22066102855532133,isotropic_constructed_macro_nats_full_precision_v3,0552c7f4701ada91e31e916f992171b9418cb47d283a56e61f311581d66266cb
2009-06-05,0.2201294372847195,isotropic_constructed_macro_nats_full_precision_v3,0552c7f4701ada91e31e916f992171b9418cb47d283a56e61f311581d66266cb
2009-06-09,0.21761542743429974,isotropic_constructed_macro_nats_full_precision_v3,0552c7f4701ada91e31e916f992171b9418cb47d283a56e61f311581d66266cb
2009-06-11,0.22046162777534123,isotropic_constructed_macro_nats_full_precision_v3,0552c7f4701ada91e31e916f992171b9418cb47d283a56e61f311581d66266cb
2009-06-15,0.2178588934611311,isotropic_constructed_macro_nats_full_precision_v3,0552c7f4701ada91e31e916f992171b9418cb47d283a56e61f311581d66266cb
2009-06-17,0.21564490193640182,isotropic_constructed_macro_nats_full_precision_v3,0552c7f4701ada91e31e916f992171b9418cb47d283a56e61f311581d66266cb
2009-06-19,0.21428032350349227,isotropic_constructed_macro_nats_full_precision_v3,0552c7f4701ada91e31e916f992171b9418cb47d283a56e61f311581d66266cb
2009-06-23,0.22005192461881465,isotropic_constructed_macro_nats_full_precision_v3,0552c7f4701ada91e31e916f992171b9418cb47d283a56e61f311581d66266cb
2009-06-25,0.21930226938089448,isotropic_constructed_macro_nats_full_precision_v3,0552c7f4701ada91e31e916f992171b9418cb47d283a56e61f311581d66266cb
2009-06-29,0.21654980842335192,isotropic_constructed_macro_nats_full_precision_v3,0552c7f4701ada91e31e916f992171b9418cb47d283a56e61f311581d66266cb
2009-07-01,0.21428483752743244,isotropic_constructed_macro_nats_full_precision_v3,0552c7f4701ada91e31e916f992171b9418cb47d283a56e61f311581d66266cb
2009-07-06,0.20898597159637294,isotropic_constructed_macro_nats_full_precision_v3,0552c7f4701ada91e31e916f992171b9418cb47d283a56e61f311581d66266cb
2009-07-08,0.21296110939359736,isotropic_constructed_macro_nats_full_precision_v3,0552c7f4701ada91e31e916f992171b9418cb47d283a56e61f311581d66266cb
2009-07-10,0.2150471372370261,isotropic_constructed_macro_nats_full_precision_v3,0552c7f4701ada91e31e916f992171b9418cb47d283a56e61f311581d66266cb
2009-07-14,0.21250038458221646,isotropic_constructed_macro_nats_full_precision_v3,0552c7f4701ada91e31e916f992171b9418cb47d283a56e61f311581d66266cb
2009-07-16,0.22262696694862177,isotropic_constructed_macro_nats_full_precision_v3,0552c7f4701ada91e31e916f992171b9418cb47d283a56e61f311581d66266cb
2009-07-20,0.21620663574612742,isotropic_constructed_macro_nats_full_precision_v3,0552c7f4701ada91e31e916f992171b9418cb47d283a56e61f311581d66266cb
2009-07-22,0.2119773870802839,isotropic_constructed_macro_nats_full_precision_v3,0552c7f4701ada91e31e916f992171b9418cb47d283a56e61f311581d66266cb
2009-07-24,0.20851527944742373,isotropic_constructed_macro_nats_full_precision_v3,0552c7f4701ada91e31e916f992171b9418cb47d283a56e61f311581d66266cb
2009-07-28,0.21134246501029755,isotropic_constructed_macro_nats_full_precision_v3,0552c7f4701ada91e31e916f992171b9418cb47d283a56e61f311581d66266cb
2009-07-30,0.2125026416629251,isotropic_constructed_macro_nats_full_precision_v3,0552c7f4701ada91e31e916f992171b9418cb47d283a56e61f311581d66266cb
2009-08-03,0.2246443986649595,isotropic_constructed_macro_nats_full_precision_v3,0552c7f4701ada91e31e916f992171b9418cb47d283a56e61f311581d66266cb
2009-08-05,0.227114674962836,isotropic_constructed_macro_nats_full_precision_v3,0552c7f4701ada91e31e916f992171b9418cb47d283a56e61f311581d66266cb
2009-08-07,0.23032211962678512,isotropic_constructed_macro_nats_full_precision_v3,0552c7f4701ada91e31e916f992171b9418cb47d283a56e61f311581d66266cb
2009-08-11,0.2220315075351323,isotropic_constructed_macro_nats_full_precision_v3,0552c7f4701ada91e31e916f992171b9418cb47d283a56e61f311581d66266cb
2009-08-13,0.23026467548381113,isotropic_constructed_macro_nats_full_precision_v3,0552c7f4701ada91e31e916f992171b9418cb47d283a56e61f311581d66266cb
2009-08-17,0.22561730541317124,isotropic_constructed_macro_nats_full_precision_v3,0552c7f4701ada91e31e916f992171b9418cb47d283a56e61f311581d66266cb
2009-08-19,0.22352821548351914,isotropic_constructed_macro_nats_full_precision_v3,0552c7f4701ada91e31e916f992171b9418cb47d283a56e61f311581d66266cb
2009-08-21,0.22713658722769417,isotropic_constructed_macro_nats_full_precision_v3,0552c7f4701ada91e31e916f992171b9418cb47d283a56e61f311581d66266cb
2009-08-25,0.226685787907462,isotropic_constructed_macro_nats_full_precision_v3,0552c7f4701ada91e31e916f992171b9418cb47d283a56e61f311581d66266cb
2009-08-27,0.220340699585631,isotropic_constructed_macro_nats_full_precision_v3,0552c7f4701ada91e31e916f992171b9418cb47d283a56e61f311581d66266cb
2009-08-31,0.21880714421621425,isotropic_constructed_macro_nats_full_precision_v3,0552c7f4701ada91e31e916f992171b9418cb47d283a56e61f311581d66266cb
2009-09-02,0.22043969079906794,isotropic_constructed_macro_nats_full_precision_v3,0552c7f4701ada91e31e916f992171b9418cb47d283a56e61f311581d66266cb
2009-09-04,0.21847331705561923,isotropic_constructed_macro_nats_full_precision_v3,0552c7f4701ada91e31e916f992171b9418cb47d283a56e61f311581d66266cb
2009-09-09,0.21569766384719705,isotropic_constructed_macro_nats_full_precision_v3,0552c7f4701ada91e31e916f992171b9418cb47d283a56e61f311581d66266cb
2009-09-11,0.21551457601187882,isotropic_constructed_macro_nats_full_precision_v3,0552c7f4701ada91e31e916f992171b9418cb47d283a56e61f311581d66266cb
2009-09-15,0.2149931958450326,isotropic_constructed_macro_nats_full_precision_v3,0552c7f4701ada91e31e916f992171b9418cb47d283a56e61f311581d66266cb
2009-09-17,0.2202747197788857,isotropic_constructed_macro_nats_full_precision_v3,0552c7f4701ada91e31e916f992171b9418cb47d283a56e61f311581d66266cb
2009-09-21,0.23267633033135168,isotropic_constructed_macro_nats_full_precision_v3,0552c7f4701ada91e31e916f992171b9418cb47d283a56e61f311581d66266cb
2009-09-23,0.23348506354238505,isotropic_constructed_macro_nats_full_precision_v3,0552c7f4701ada91e31e916f992171b9418cb47d283a56e61f311581d66266cb
2009-09-25,0.2360606324723241,isotropic_constructed_macro_nats_full_precision_v3,0552c7f4701ada91e31e916f992171b9418cb47d283a56e61f311581d66266cb
2009-09-29,0.24127110205767732,isotropic_constructed_macro_nats_full_precision_v3,0552c7f4701ada91e31e916f992171b9418cb47d283a56e61f311581d66266cb
2009-10-01,0.23248382141446272,isotropic_constructed_macro_nats_full_precision_v3,0552c7f4701ada91e31e916f992171b9418cb47d283a56e61f311581d66266cb
2009-10-05,0.2344760323233741,isotropic_constructed_macro_nats_full_precision_v3,0552c7f4701ada91e31e916f992171b9418cb47d283a56e61f311581d66266cb
2009-10-07,0.2342431650501139,isotropic_constructed_macro_nats_full_precision_v3,0552c7f4701ada91e31e916f992171b9418cb47d283a56e61f311581d66266cb
2009-10-09,0.23276848159655542,isotropic_constructed_macro_nats_full_precision_v3,0552c7f4701ada91e31e916f992171b9418cb47d283a56e61f311581d66266cb
2009-10-13,0.24197510193930682,isotropic_constructed_macro_nats_full_precision_v3,0552c7f4701ada91e31e916f992171b9418cb47d283a56e61f311581d66266cb
2009-10-15,0.22952145183476583,isotropic_constructed_macro_nats_full_precision_v3,0552c7f4701ada91e31e916f992171b9418cb47d283a56e61f311581d66266cb
2009-10-19,0.22852960344280468,isotropic_constructed_macro_nats_full_precision_v3,0552c7f4701ada91e31e916f992171b9418cb47d283a56e61f311581d66266cb
2009-10-21,0.22672537560275535,isotropic_constructed_macro_nats_full_precision_v3,0552c7f4701ada91e31e916f992171b9418cb47d283a56e61f311581d66266cb
2009-10-23,0.22160990581539095,isotropic_constructed_macro_nats_full_precision_v3,0552c7f4701ada91e31e916f992171b9418cb47d283a56e61f311581d66266cb
2009-10-27,0.21786237589097623,isotropic_constructed_macro_nats_full_precision_v3,0552c7f4701ada91e31e916f992171b9418cb47d283a56e61f311581d66266cb
2009-10-29,0.22159881331627757,isotropic_constructed_macro_nats_full_precision_v3,0552c7f4701ada91e31e916f992171b9418cb47d283a56e61f311581d66266cb
2009-11-02,0.2531426168093365,isotropic_constructed_macro_nats_full_precision_v3,0552c7f4701ada91e31e916f992171b9418cb47d283a56e61f311581d66266cb
2009-11-04,0.23770920589702935,isotropic_constructed_macro_nats_full_precision_v3,0552c7f4701ada91e31e916f992171b9418cb47d283a56e61f311581d66266cb
2009-11-06,0.23947290747331867,isotropic_constructed_macro_nats_full_precision_v3,0552c7f4701ada91e31e916f992171b9418cb47d283a56e61f311581d66266cb
2009-11-10,0.240197505359311,isotropic_constructed_macro_nats_full_precision_v3,0552c7f4701ada91e31e916f992171b9418cb47d283a56e61f311581d66266cb
2009-11-12,0.23674943023602113,isotropic_constructed_macro_nats_full_precision_v3,0552c7f4701ada91e31e916f992171b9418cb47d283a56e61f311581d66266cb
2009-11-16,0.23600541491094731,isotropic_constructed_macro_nats_full_precision_v3,0552c7f4701ada91e31e916f992171b9418cb47d283a56e61f311581d66266cb
2009-11-18,0.2398139151471473,isotropic_constructed_macro_nats_full_precision_v3,0552c7f4701ada91e31e916f992171b9418cb47d283a56e61f311581d66266cb
2009-11-20,0.23430832487985423,isotropic_constructed_macro_nats_full_precision_v3,0552c7f4701ada91e31e916f992171b9418cb47d283a56e61f311581d66266cb
2009-11-24,0.23826658633941894,isotropic_constructed_macro_nats_full_precision_v3,0552c7f4701ada91e31e916f992171b9418cb47d283a56e61f311581d66266cb
2009-11-27,0.24162211300347702,isotropic_constructed_macro_nats_full_precision_v3,0552c7f4701ada91e31e916f992171b9418cb47d283a56e61f311581d66266cb
2009-12-01,0.24524857684861867,isotropic_constructed_macro_nats_full_precision_v3,0552c7f4701ada91e31e916f992171b9418cb47d283a56e61f311581d66266cb
2009-12-03,0.23695272595810254,isotropic_constructed_macro_nats_full_precision_v3,0552c7f4701ada91e31e916f992171b9418cb47d283a56e61f311581d66266cb
2009-12-07,0.23486819834520128,isotropic_constructed_macro_nats_full_precision_v3,0552c7f4701ada91e31e916f992171b9418cb47d283a56e61f311581d66266cb
2009-12-09,0.22728926176271216,isotropic_constructed_macro_nats_full_precision_v3,0552c7f4701ada91e31e916f992171b9418cb47d283a56e61f311581d66266cb
2009-12-11,0.23434273864903177,isotropic_constructed_macro_nats_full_precision_v3,0552c7f4701ada91e31e916f992171b9418cb47d283a56e61f311581d66266cb
2009-12-15,0.2346956719830385,isotropic_constructed_macro_nats_full_precision_v3,0552c7f4701ada91e31e916f992171b9418cb47d283a56e61f311581d66266cb
2009-12-17,0.23246512708232953,isotropic_constructed_macro_nats_full_precision_v3,0552c7f4701ada91e31e916f992171b9418cb47d283a56e61f311581d66266cb
2009-12-21,0.23163129765850027,isotropic_constructed_macro_nats_full_precision_v3,0552c7f4701ada91e31e916f992171b9418cb47d283a56e61f311581d66266cb
2009-12-23,0.23831135772094758,isotropic_constructed_macro_nats_full_precision_v3,0552c7f4701ada91e31e916f992171b9418cb47d283a56e61f311581d66266cb
2009-12-28,0.23264882236902965,isotropic_constructed_macro_nats_full_precision_v3,0552c7f4701ada91e31e916f992171b9418cb47d283a56e61f311581d66266cb
2009-12-30,0.22555811497307357,isotropic_constructed_macro_nats_full_precision_v3,0552c7f4701ada91e31e916f992171b9418cb47d283a56e61f311581d66266cb
2010-01-04,0.24983131567462954,isotropic_constructed_macro_nats_full_precision_v3,0552c7f4701ada91e31e916f992171b9418cb47d283a56e61f311581d66266cb
2010-01-06,0.23025343289015077,isotropic_constructed_macro_nats_full_precision_v3,0552c7f4701ada91e31e916f992171b9418cb47d283a56e61f311581d66266cb
2010-01-08,0.2343173215903023,isotropic_constructed_macro_nats_full_precision_v3,0552c7f4701ada91e31e916f992171b9418cb47d283a56e61f311581d66266cb
2010-01-12,0.23408181533152864,isotropic_constructed_macro_nats_full_precision_v3,0552c7f4701ada91e31e916f992171b9418cb47d283a56e61f311581d66266cb
2010-01-14,0.24412067358406278,isotropic_constructed_macro_nats_full_precision_v3,0552c7f4701ada91e31e916f992171b9418cb47d283a56e61f311581d66266cb
2010-01-19,0.23503379038914757,isotropic_constructed_macro_nats_full_precision_v3,0552c7f4701ada91e31e916f992171b9418cb47d283a56e61f311581d66266cb
2010-01-21,0.24068815879426023,isotropic_constructed_macro_nats_full_precision_v3,0552c7f4701ada91e31e916f992171b9418cb47d283a56e61f311581d66266cb
2010-01-25,0.2397139178582401,isotropic_constructed_macro_nats_full_precision_v3,0552c7f4701ada91e31e916f992171b9418cb47d283a56e61f311581d66266cb
2010-01-27,0.23669350220668375,isotropic_constructed_macro_nats_full_precision_v3,0552c7f4701ada91e31e916f992171b9418cb47d283a56e61f311581d66266cb
2010-01-29,0.23420867859863564,isotropic_constructed_macro_nats_full_precision_v3,0552c7f4701ada91e31e916f992171b9418cb47d283a56e61f311581d66266cb
2010-02-02,0.2602416484460871,isotropic_constructed_macro_nats_full_precision_v3,0552c7f4701ada91e31e916f992171b9418cb47d283a56e61f311581d66266cb
2010-02-04,0.22897903673758022,isotropic_constructed_macro_nats_full_precision_v3,0552c7f4701ada91e31e916f992171b9418cb47d283a56e61f311581d66266cb
2010-02-08,0.2372448127800162,isotropic_constructed_macro_nats_full_precision_v3,0552c7f4701ada91e31e916f992171b9418cb47d283a56e61f311581d66266cb
2010-02-10,0.2512952961987137,isotropic_constructed_macro_nats_full_precision_v3,0552c7f4701ada91e31e916f992171b9418cb47d283a56e61f311581d66266cb
2010-02-12,0.24044013251998891,isotropic_constructed_macro_nats_full_precision_v3,0552c7f4701ada91e31e916f992171b9418cb47d283a56e61f311581d66266cb
2010-02-17,0.24183276836601614,isotropic_constructed_macro_nats_full_precision_v3,0552c7f4701ada91e31e916f992171b9418cb47d283a56e61f311581d66266cb
2010-02-19,0.24867171456560372,isotropic_constructed_macro_nats_full_precision_v3,0552c7f4701ada91e31e916f992171b9418cb47d283a56e61f311581d66266cb
2010-02-23,0.2432513090414616,isotropic_constructed_macro_nats_full_precision_v3,0552c7f4701ada91e31e916f992171b9418cb47d283a56e61f311581d66266cb
2010-02-25,0.24871663293400414,isotropic_constructed_macro_nats_full_precision_v3,0552c7f4701ada91e31e916f992171b9418cb47d283a56e61f311581d66266cb
2010-03-01,0.24979330578381695,isotropic_constructed_macro_nats_full_precision_v3,0552c7f4701ada91e31e916f992171b9418cb47d283a56e61f311581d66266cb
2010-03-03,0.23105689789770215,isotropic_constructed_macro_nats_full_precision_v3,0552c7f4701ada91e31e916f992171b9418cb47d283a56e61f311581d66266cb
2010-03-05,0.23456774756053136,isotropic_constructed_macro_nats_full_precision_v3,0552c7f4701ada91e31e916f992171b9418cb47d283a56e61f311581d66266cb
2010-03-09,0.23591451382793358,isotropic_constructed_macro_nats_full_precision_v3,0552c7f4701ada91e31e916f992171b9418cb47d283a56e61f311581d66266cb
2010-03-11,0.24250218363895423,isotropic_constructed_macro_nats_full_precision_v3,0552c7f4701ada91e31e916f992171b9418cb47d283a56e61f311581d66266cb
2010-03-15,0.25008385942629374,isotropic_constructed_macro_nats_full_precision_v3,0552c7f4701ada91e31e916f992171b9418cb47d283a56e61f311581d66266cb
2010-03-17,0.252948312074715,isotropic_constructed_macro_nats_full_precision_v3,0552c7f4701ada91e31e916f992171b9418cb47d283a56e61f311581d66266cb
2010-03-19,0.2528554137811696,isotropic_constructed_macro_nats_full_precision_v3,0552c7f4701ada91e31e916f992171b9418cb47d283a56e61f311581d66266cb
2010-03-23,0.2311263349099244,isotropic_constructed_macro_nats_full_precision_v3,0552c7f4701ada91e31e916f992171b9418cb47d283a56e61f311581d66266cb
2010-03-25,0.24453668522991315,isotropic_constructed_macro_nats_full_precision_v3,0552c7f4701ada91e31e916f992171b9418cb47d283a56e61f311581d66266cb
2010-03-29,0.2502128738223365,isotropic_constructed_macro_nats_full_precision_v3,0552c7f4701ada91e31e916f992171b9418cb47d283a56e61f311581d66266cb
2010-03-31,0.2497407649963636,isotropic_constructed_macro_nats_full_precision_v3,0552c7f4701ada91e31e916f992171b9418cb47d283a56e61f311581d66266cb
2010-04-05,0.25254621113884246,isotropic_constructed_macro_nats_full_precision_v3,0552c7f4701ada91e31e916f992171b9418cb47d283a56e61f311581d66266cb
2010-04-07,0.246679938536007,isotropic_constructed_macro_nats_full_precision_v3,0552c7f4701ada91e31e916f992171b9418cb47d283a56e61f311581d66266cb
2010-04-09,0.24761489258541491,isotropic_constructed_macro_nats_full_precision_v3,0552c7f4701ada91e31e916f992171b9418cb47d283a56e61f311581d66266cb
2010-04-13,0.23839005103105368,isotropic_constructed_macro_nats_full_precision_v3,0552c7f4701ada91e31e916f992171b9418cb47d283a56e61f311581d66266cb
2010-04-15,0.23743735898250679,isotropic_constructed_macro_nats_full_precision_v3,0552c7f4701ada91e31e916f992171b9418cb47d283a56e61f311581d66266cb
2010-04-19,0.24066031072106306,isotropic_constructed_macro_nats_full_precision_v3,0552c7f4701ada91e31e916f992171b9418cb47d283a56e61f311581d66266cb
2010-04-21,0.24636688104681473,isotropic_constructed_macro_nats_full_precision_v3,0552c7f4701ada91e31e916f992171b9418cb47d283a56e61f311581d66266cb
2010-04-23,0.24793726533803,isotropic_constructed_macro_nats_full_precision_v3,0552c7f4701ada91e31e916f992171b9418cb47d283a56e61f311581d66266cb
2010-04-27,0.24421684517074616,isotropic_constructed_macro_nats_full_precision_v3,0552c7f4701ada91e31e916f992171b9418cb47d283a56e61f311581d66266cb
2010-04-29,0.24902635958421998,isotropic_constructed_macro_nats_full_precision_v3,0552c7f4701ada91e31e916f992171b9418cb47d283a56e61f311581d66266cb
2010-05-03,0.2475026591872658,isotropic_constructed_macro_nats_full_precision_v3,0552c7f4701ada91e31e916f992171b9418cb47d283a56e61f311581d66266cb
2010-05-05,0.25221409147310614,isotropic_constructed_macro_nats_full_precision_v3,0552c7f4701ada91e31e916f992171b9418cb47d283a56e61f311581d66266cb
2010-05-07,0.2545131649985568,isotropic_constructed_macro_nats_full_precision_v3,0552c7f4701ada91e31e916f992171b9418cb47d283a56e61f311581d66266cb
2010-05-11,0.24582499175698422,isotropic_constructed_macro_nats_full_precision_v3,0552c7f4701ada91e31e916f992171b9418cb47d283a56e61f311581d66266cb
2010-05-13,0.2524651605905017,isotropic_constructed_macro_nats_full_precision_v3,0552c7f4701ada91e31e916f992171b9418cb47d283a56e61f311581d66266cb
2010-05-17,0.2407073772655771,isotropic_constructed_macro_nats_full_precision_v3,0552c7f4701ada91e31e916f992171b9418cb47d283a56e61f311581d66266cb
2010-05-19,0.2502088421367449,isotropic_constructed_macro_nats_full_precision_v3,0552c7f4701ada91e31e916f992171b9418cb47d283a56e61f311581d66266cb
2010-05-21,0.24183445460382094,isotropic_constructed_macro_nats_full_precision_v3,0552c7f4701ada91e31e916f992171b9418cb47d283a56e61f311581d66266cb
2010-05-25,0.24156636498023887,isotropic_constructed_macro_nats_full_precision_v3,0552c7f4701ada91e31e916f992171b9418cb47d283a56e61f311581d66266cb
2010-05-27,0.23889967082320474,isotropic_constructed_macro_nats_full_precision_v3,0552c7f4701ada91e31e916f992171b9418cb47d283a56e61f311581d66266cb
2010-06-01,0.2471085269527298,isotropic_constructed_macro_nats_full_precision_v3,0552c7f4701ada91e31e916f992171b9418cb47d283a56e61f311581d66266cb
2010-06-03,0.235349044682176,isotropic_constructed_macro_nats_full_precision_v3,0552c7f4701ada91e31e916f992171b9418cb47d283a56e61f311581d66266cb
2010-06-07,0.2479610090564288,isotropic_constructed_macro_nats_full_precision_v3,0552c7f4701ada91e31e916f992171b9418cb47d283a56e61f311581d66266cb
2010-06-09,0.24445673664456286,isotropic_constructed_macro_nats_full_precision_v3,0552c7f4701ada91e31e916f992171b9418cb47d283a56e61f311581d66266cb
2010-06-11,0.224361848482654,isotropic_constructed_macro_nats_full_precision_v3,0552c7f4701ada91e31e916f992171b9418cb47d283a56e61f311581d66266cb
2010-06-15,0.22742193008972234,isotropic_constructed_macro_nats_full_precision_v3,0552c7f4701ada91e31e916f992171b9418cb47d283a56e61f311581d66266cb
2010-06-17,0.223606314244642,isotropic_constructed_macro_nats_full_precision_v3,0552c7f4701ada91e31e916f992171b9418cb47d283a56e61f311581d66266cb
2010-06-21,0.22426986848184818,isotropic_constructed_macro_nats_full_precision_v3,0552c7f4701ada91e31e916f992171b9418cb47d283a56e61f311581d66266cb
2010-06-23,0.2327962255886058,isotropic_constructed_macro_nats_full_precision_v3,0552c7f4701ada91e31e916f992171b9418cb47d283a56e61f311581d66266cb
2010-06-25,0.2400030999386896,isotropic_constructed_macro_nats_full_precision_v3,0552c7f4701ada91e31e916f992171b9418cb47d283a56e61f311581d66266cb
2010-06-29,0.22745072300289143,isotropic_constructed_macro_nats_full_precision_v3,0552c7f4701ada91e31e916f992171b9418cb47d283a56e61f311581d66266cb
2010-07-01,0.2191964631772233,isotropic_constructed_macro_nats_full_precision_v3,0552c7f4701ada91e31e916f992171b9418cb47d283a56e61f311581d66266cb
2010-07-06,0.22791539843001474,isotropic_constructed_macro_nats_full_precision_v3,0552c7f4701ada91e31e916f992171b9418cb47d283a56e61f311581d66266cb
2010-07-08,0.23038551696700804,isotropic_constructed_macro_nats_full_precision_v3,0552c7f4701ada91e31e916f992171b9418cb47d283a56e61f311581d66266cb
2010-07-12,0.24179492738850625,isotropic_constructed_macro_nats_full_precision_v3,0552c7f4701ada91e31e916f992171b9418cb47d283a56e61f311581d66266cb
2010-07-14,0.24583636315441035,isotropic_constructed_macro_nats_full_precision_v3,0552c7f4701ada91e31e916f992171b9418cb47d283a56e61f311581d66266cb
2010-07-16,0.24388783977073872,isotropic_constructed_macro_nats_full_precision_v3,0552c7f4701ada91e31e916f992171b9418cb47d283a56e61f311581d66266cb
2010-07-20,0.23993486738031583,isotropic_constructed_macro_nats_full_precision_v3,0552c7f4701ada91e31e916f992171b9418cb47d283a56e61f311581d66266cb
2010-07-22,0.2539993991610001,isotropic_constructed_macro_nats_full_precision_v3,0552c7f4701ada91e31e916f992171b9418cb47d283a56e61f311581d66266cb
2010-07-26,0.24447611298991892,isotropic_constructed_macro_nats_full_precision_v3,0552c7f4701ada91e31e916f992171b9418cb47d283a56e61f311581d66266cb
2010-07-28,0.23756292328617107,isotropic_constructed_macro_nats_full_precision_v3,0552c7f4701ada91e31e916f992171b9418cb47d283a56e61f311581d66266cb
2010-07-30,0.2629540167160651,isotropic_constructed_macro_nats_full_precision_v3,0552c7f4701ada91e31e916f992171b9418cb47d283a56e61f311581d66266cb
2010-08-03,0.2383092906693137,isotropic_constructed_macro_nats_full_precision_v3,0552c7f4701ada91e31e916f992171b9418cb47d283a56e61f311581d66266cb
2010-08-05,0.2534502990509595,isotropic_constructed_macro_nats_full_precision_v3,0552c7f4701ada91e31e916f992171b9418cb47d283a56e61f311581d66266cb
2010-08-09,0.24690126568240534,isotropic_constructed_macro_nats_full_precision_v3,0552c7f4701ada91e31e916f992171b9418cb47d283a56e61f311581d66266cb
2010-08-11,0.2352538457965043,isotropic_constructed_macro_nats_full_precision_v3,0552c7f4701ada91e31e916f992171b9418cb47d283a56e61f311581d66266cb
2010-08-13,0.23441560462842437,isotropic_constructed_macro_nats_full_precision_v3,0552c7f4701ada91e31e916f992171b9418cb47d283a56e61f311581d66266cb
2010-08-17,0.22935225131149672,isotropic_constructed_macro_nats_full_precision_v3,0552c7f4701ada91e31e916f992171b9418cb47d283a56e61f311581d66266cb
2010-08-19,0.2355852247076778,isotropic_constructed_macro_nats_full_precision_v3,0552c7f4701ada91e31e916f992171b9418cb47d283a56e61f311581d66266cb
2010-08-23,0.23932434350573817,isotropic_constructed_macro_nats_full_precision_v3,0552c7f4701ada91e31e916f992171b9418cb47d283a56e61f311581d66266cb
2010-08-25,0.23415991695575017,isotropic_constructed_macro_nats_full_precision_v3,0552c7f4701ada91e31e916f992171b9418cb47d283a56e61f311581d66266cb
2010-08-27,0.2369898684180658,isotropic_constructed_macro_nats_full_precision_v3,0552c7f4701ada91e31e916f992171b9418cb47d283a56e61f311581d66266cb
2010-08-31,0.24100250417020963,isotropic_constructed_macro_nats_full_precision_v3,0552c7f4701ada91e31e916f992171b9418cb47d283a56e61f311581d66266cb
2010-09-02,0.24121967989300663,isotropic_constructed_macro_nats_full_precision_v3,0552c7f4701ada91e31e916f992171b9418cb47d283a56e61f311581d66266cb
2010-09-07,0.23822120448660192,isotropic_constructed_macro_nats_full_precision_v3,0552c7f4701ada91e31e916f992171b9418cb47d283a56e61f311581d66266cb
2010-09-09,0.23599470868015246,isotropic_constructed_macro_nats_full_precision_v3,0552c7f4701ada91e31e916f992171b9418cb47d283a56e61f311581d66266cb
2010-09-13,0.23460747017589417,isotropic_constructed_macro_nats_full_precision_v3,0552c7f4701ada91e31e916f992171b9418cb47d283a56e61f311581d66266cb
2010-09-15,0.2343954846004976,isotropic_constructed_macro_nats_full_precision_v3,0552c7f4701ada91e31e916f992171b9418cb47d283a56e61f311581d66266cb
2010-09-17,0.22168448889486073,isotropic_constructed_macro_nats_full_precision_v3,0552c7f4701ada91e31e916f992171b9418cb47d283a56e61f311581d66266cb
2010-09-21,0.249751936925298,isotropic_constructed_macro_nats_full_precision_v3,0552c7f4701ada91e31e916f992171b9418cb47d283a56e61f311581d66266cb
2010-09-23,0.23983510479660275,isotropic_constructed_macro_nats_full_precision_v3,0552c7f4701ada91e31e916f992171b9418cb47d283a56e61f311581d66266cb
2010-09-27,0.2486555244623038,isotropic_constructed_macro_nats_full_precision_v3,0552c7f4701ada91e31e916f992171b9418cb47d283a56e61f311581d66266cb
2010-09-29,0.24889604021021405,isotropic_constructed_macro_nats_full_precision_v3,0552c7f4701ada91e31e916f992171b9418cb47d283a56e61f311581d66266cb
2010-10-01,0.2492710536614394,isotropic_constructed_macro_nats_full_precision_v3,0552c7f4701ada91e31e916f992171b9418cb47d283a56e61f311581d66266cb
2010-10-05,0.2559529008694454,isotropic_constructed_macro_nats_full_precision_v3,0552c7f4701ada91e31e916f992171b9418cb47d283a56e61f311581d66266cb
2010-10-07,0.2242103588413492,isotropic_constructed_macro_nats_full_precision_v3,0552c7f4701ada91e31e916f992171b9418cb47d283a56e61f311581d66266cb
2010-10-11,0.24824728252751438,isotropic_constructed_macro_nats_full_precision_v3,0552c7f4701ada91e31e916f992171b9418cb47d283a56e61f311581d66266cb
2010-10-13,0.2181345632051243,isotropic_constructed_macro_nats_full_precision_v3,0552c7f4701ada91e31e916f992171b9418cb47d283a56e61f311581d66266cb
2010-10-15,0.23334354098151874,isotropic_constructed_macro_nats_full_precision_v3,0552c7f4701ada91e31e916f992171b9418cb47d283a56e61f311581d66266cb
2010-10-19,0.2352108639125376,isotropic_constructed_macro_nats_full_precision_v3,0552c7f4701ada91e31e916f992171b9418cb47d283a56e61f311581d66266cb
2010-10-21,0.2364275579222819,isotropic_constructed_macro_nats_full_precision_v3,0552c7f4701ada91e31e916f992171b9418cb47d283a56e61f311581d66266cb
2010-10-25,0.2185367836514486,isotropic_constructed_macro_nats_full_precision_v3,0552c7f4701ada91e31e916f992171b9418cb47d283a56e61f311581d66266cb
2010-10-27,0.2370329988341439,isotropic_constructed_macro_nats_full_precision_v3,0552c7f4701ada91e31e916f992171b9418cb47d283a56e61f311581d66266cb
2010-10-29,0.23485693903504526,isotropic_constructed_macro_nats_full_precision_v3,0552c7f4701ada91e31e916f992171b9418cb47d283a56e61f311581d66266cb
2010-11-02,0.26394744891289035,isotropic_constructed_macro_nats_full_precision_v3,0552c7f4701ada91e31e916f992171b9418cb47d283a56e61f311581d66266cb
2010-11-04,0.23248170941412336,isotropic_constructed_macro_nats_full_precision_v3,0552c7f4701ada91e31e916f992171b9418cb47d283a56e61f311581d66266cb
2010-11-08,0.2362370444712919,isotropic_constructed_macro_nats_full_precision_v3,0552c7f4701ada91e31e916f992171b9418cb47d283a56e61f311581d66266cb
2010-11-10,0.24857199970067329,isotropic_constructed_macro_nats_full_precision_v3,0552c7f4701ada91e31e916f992171b9418cb47d283a56e61f311581d66266cb
2010-11-12,0.2378164017138239,isotropic_constructed_macro_nats_full_precision_v3,0552c7f4701ada91e31e916f992171b9418cb47d283a56e61f311581d66266cb
2010-11-16,0.27268151152293363,isotropic_constructed_macro_nats_full_precision_v3,0552c7f4701ada91e31e916f992171b9418cb47d283a56e61f311581d66266cb
2010-11-18,0.2096130764195924,isotropic_constructed_macro_nats_full_precision_v3,0552c7f4701ada91e31e916f992171b9418cb47d283a56e61f311581d66266cb
2010-11-22,0.23992658291035743,isotropic_constructed_macro_nats_full_precision_v3,0552c7f4701ada91e31e916f992171b9418cb47d283a56e61f311581d66266cb
2010-11-24,0.24717289370265158,isotropic_constructed_macro_nats_full_precision_v3,0552c7f4701ada91e31e916f992171b9418cb47d283a56e61f311581d66266cb
2010-11-29,0.23190234203734356,isotropic_constructed_macro_nats_full_precision_v3,0552c7f4701ada91e31e916f992171b9418cb47d283a56e61f311581d66266cb
2010-12-01,0.2375397474152834,isotropic_constructed_macro_nats_full_precision_v3,0552c7f4701ada91e31e916f992171b9418cb47d283a56e61f311581d66266cb
2010-12-03,0.23539979821566037,isotropic_constructed_macro_nats_full_precision_v3,0552c7f4701ada91e31e916f992171b9418cb47d283a56e61f311581d66266cb
2010-12-07,0.2301229116509068,isotropic_constructed_macro_nats_full_precision_v3,0552c7f4701ada91e31e916f992171b9418cb47d283a56e61f311581d66266cb
2010-12-09,0.24120792521799775,isotropic_constructed_macro_nats_full_precision_v3,0552c7f4701ada91e31e916f992171b9418cb47d283a56e61f311581d66266cb
2010-12-13,0.2589503801338975,isotropic_constructed_macro_nats_full_precision_v3,0552c7f4701ada91e31e916f992171b9418cb47d283a56e61f311581d66266cb
2010-12-15,0.23154757218828512,isotropic_constructed_macro_nats_full_precision_v3,0552c7f4701ada91e31e916f992171b9418cb47d283a56e61f311581d66266cb
2010-12-17,0.23857275025515345,isotropic_constructed_macro_nats_full_precision_v3,0552c7f4701ada91e31e916f992171b9418cb47d283a56e61f311581d66266cb
2010-12-21,0.23352102235764416,isotropic_constructed_macro_nats_full_precision_v3,0552c7f4701ada91e31e916f992171b9418cb47d283a56e61f311581d66266cb
2010-12-23,0.23378322266495283,isotropic_constructed_macro_nats_full_precision_v3,0552c7f4701ada91e31e916f992171b9418cb47d283a56e61f311581d66266cb
2010-12-28,0.2340407626491116,isotropic_constructed_macro_nats_full_precision_v3,0552c7f4701ada91e31e916f992171b9418cb47d283a56e61f311581d66266cb
2010-12-30,0.2053824225290665,isotropic_constructed_macro_nats_full_precision_v3,0552c7f4701ada91e31e916f992171b9418cb47d283a56e61f311581d66266cb
2011-01-03,0.2544778798944419,isotropic_constructed_macro_nats_full_precision_v3,0552c7f4701ada91e31e916f992171b9418cb47d283a56e61f311581d66266cb
2011-01-05,0.23505788741864247,isotropic_constructed_macro_nats_full_precision_v3,0552c7f4701ada91e31e916f992171b9418cb47d283a56e61f311581d66266cb
2011-01-07,0.23760174927312175,isotropic_constructed_macro_nats_full_precision_v3,0552c7f4701ada91e31e916f992171b9418cb47d283a56e61f311581d66266cb
2011-01-11,0.21214941591512926,isotropic_constructed_macro_nats_full_precision_v3,0552c7f4701ada91e31e916f992171b9418cb47d283a56e61f311581d66266cb
2011-01-13,0.23201071777921312,isotropic_constructed_macro_nats_full_precision_v3,0552c7f4701ada91e31e916f992171b9418cb47d283a56e61f311581d66266cb
2011-01-18,0.2583789790420955,isotropic_constructed_macro_nats_full_precision_v3,0552c7f4701ada91e31e916f992171b9418cb47d283a56e61f311581d66266cb
2011-01-20,0.2348157470953309,isotropic_constructed_macro_nats_full_precision_v3,0552c7f4701ada91e31e916f992171b9418cb47d283a56e61f311581d66266cb
2011-01-24,0.19776950477787877,isotropic_constructed_macro_nats_full_precision_v3,0552c7f4701ada91e31e916f992171b9418cb47d283a56e61f311581d66266cb
2011-01-26,0.21807461557840743,isotropic_constructed_macro_nats_full_precision_v3,0552c7f4701ada91e31e916f992171b9418cb47d283a56e61f311581d66266cb
2011-01-28,0.22612733241715688,isotropic_constructed_macro_nats_full_precision_v3,0552c7f4701ada91e31e916f992171b9418cb47d283a56e61f311581d66266cb
2011-02-01,0.23030941869151914,isotropic_constructed_macro_nats_full_precision_v3,0552c7f4701ada91e31e916f992171b9418cb47d283a56e61f311581d66266cb
2011-02-03,0.21788979867867772,isotropic_constructed_macro_nats_full_precision_v3,0552c7f4701ada91e31e916f992171b9418cb47d283a56e61f311581d66266cb
2011-02-07,0.2128755257829198,isotropic_constructed_macro_nats_full_precision_v3,0552c7f4701ada91e31e916f992171b9418cb47d283a56e61f311581d66266cb
2011-02-09,0.23663325159315582,isotropic_constructed_macro_nats_full_precision_v3,0552c7f4701ada91e31e916f992171b9418cb47d283a56e61f311581d66266cb
2011-02-11,0.23816959617578407,isotropic_constructed_macro_nats_full_precision_v3,0552c7f4701ada91e31e916f992171b9418cb47d283a56e61f311581d66266cb
2011-02-15,0.21265025093688736,isotropic_constructed_macro_nats_full_precision_v3,0552c7f4701ada91e31e916f992171b9418cb47d283a56e61f311581d66266cb
2011-02-17,0.22700761645816395,isotropic_constructed_macro_nats_full_precision_v3,0552c7f4701ada91e31e916f992171b9418cb47d283a56e61f311581d66266cb
2011-02-22,0.2245497122258664,isotropic_constructed_macro_nats_full_precision_v3,0552c7f4701ada91e31e916f992171b9418cb47d283a56e61f311581d66266cb
2011-02-24,0.22855126606834208,isotropic_constructed_macro_nats_full_precision_v3,0552c7f4701ada91e31e916f992171b9418cb47d283a56e61f311581d66266cb
2011-02-28,0.22954897331665086,isotropic_constructed_macro_nats_full_precision_v3,0552c7f4701ada91e31e916f992171b9418cb47d283a56e61f311581d66266cb
2011-03-02,0.24291864158508408,isotropic_constructed_macro_nats_full_precision_v3,0552c7f4701ada91e31e916f992171b9418cb47d283a56e61f311581d66266cb
2011-03-04,0.221908119655863,isotropic_constructed_macro_nats_full_precision_v3,0552c7f4701ada91e31e916f992171b9418cb47d283a56e61f311581d66266cb
2011-03-08,0.21698059814889065,isotropic_constructed_macro_nats_full_precision_v3,0552c7f4701ada91e31e916f992171b9418cb47d283a56e61f311581d66266cb
2011-03-10,0.2197288940353299,isotropic_constructed_macro_nats_full_precision_v3,0552c7f4701ada91e31e916f992171b9418cb47d283a56e61f311581d66266cb
2011-03-14,0.22847206722306504,isotropic_constructed_macro_nats_full_precision_v3,0552c7f4701ada91e31e916f992171b9418cb47d283a56e61f311581d66266cb
2011-03-16,0.21793648400149562,isotropic_constructed_macro_nats_full_precision_v3,0552c7f4701ada91e31e916f992171b9418cb47d283a56e61f311581d66266cb
2011-03-18,0.22767749232961046,isotropic_constructed_macro_nats_full_precision_v3,0552c7f4701ada91e31e916f992171b9418cb47d283a56e61f311581d66266cb
2011-03-22,0.21981833543479773,isotropic_constructed_macro_nats_full_precision_v3,0552c7f4701ada91e31e916f992171b9418cb47d283a56e61f311581d66266cb
2011-03-24,0.21824101377580268,isotropic_constructed_macro_nats_full_precision_v3,0552c7f4701ada91e31e916f992171b9418cb47d283a56e61f311581d66266cb
2011-03-28,0.2221715020551823,isotropic_constructed_macro_nats_full_precision_v3,0552c7f4701ada91e31e916f992171b9418cb47d283a56e61f311581d66266cb
2011-03-30,0.22001632537951915,isotropic_constructed_macro_nats_full_precision_v3,0552c7f4701ada91e31e916f992171b9418cb47d283a56e61f311581d66266cb
2011-04-01,0.21313073277666048,isotropic_constructed_macro_nats_full_precision_v3,0552c7f4701ada91e31e916f992171b9418cb47d283a56e61f311581d66266cb
2011-04-05,0.21330488072778717,isotropic_constructed_macro_nats_full_precision_v3,0552c7f4701ada91e31e916f992171b9418cb47d283a56e61f311581d66266cb
2011-04-07,0.2291575999478472,isotropic_constructed_macro_nats_full_precision_v3,0552c7f4701ada91e31e916f992171b9418cb47d283a56e61f311581d66266cb
2011-04-11,0.21233052837698566,isotropic_constructed_macro_nats_full_precision_v3,0552c7f4701ada91e31e916f992171b9418cb47d283a56e61f311581d66266cb
2011-04-13,0.22895742988728057,isotropic_constructed_macro_nats_full_precision_v3,0552c7f4701ada91e31e916f992171b9418cb47d283a56e61f311581d66266cb
2011-04-15,0.20962502810115496,isotropic_constructed_macro_nats_full_precision_v3,0552c7f4701ada91e31e916f992171b9418cb47d283a56e61f311581d66266cb
2011-04-19,0.21612523438054174,isotropic_constructed_macro_nats_full_precision_v3,0552c7f4701ada91e31e916f992171b9418cb47d283a56e61f311581d66266cb
2011-04-21,0.21706628783387294,isotropic_constructed_macro_nats_full_precision_v3,0552c7f4701ada91e31e916f992171b9418cb47d283a56e61f311581d66266cb
2011-04-26,0.21279006375217488,isotropic_constructed_macro_nats_full_precision_v3,0552c7f4701ada91e31e916f992171b9418cb47d283a56e61f311581d66266cb
2011-04-28,0.21213557265766286,isotropic_constructed_macro_nats_full_precision_v3,0552c7f4701ada91e31e916f992171b9418cb47d283a56e61f311581d66266cb
2011-05-02,0.21457532059186354,isotropic_constructed_macro_nats_full_precision_v3,0552c7f4701ada91e31e916f992171b9418cb47d283a56e61f311581d66266cb
2011-05-04,0.20401132968600963,isotropic_constructed_macro_nats_full_precision_v3,0552c7f4701ada91e31e916f992171b9418cb47d283a56e61f311581d66266cb
2011-05-06,0.20564393282946097,isotropic_constructed_macro_nats_full_precision_v3,0552c7f4701ada91e31e916f992171b9418cb47d283a56e61f311581d66266cb
2011-05-10,0.21748067679723135,isotropic_constructed_macro_nats_full_precision_v3,0552c7f4701ada91e31e916f992171b9418cb47d283a56e61f311581d66266cb
2011-05-12,0.20718784415647362,isotropic_constructed_macro_nats_full_precision_v3,0552c7f4701ada91e31e916f992171b9418cb47d283a56e61f311581d66266cb
2011-05-16,0.20701608397268265,isotropic_constructed_macro_nats_full_precision_v3,0552c7f4701ada91e31e916f992171b9418cb47d283a56e61f311581d66266cb
2011-05-18,0.2180961876846731,isotropic_constructed_macro_nats_full_precision_v3,0552c7f4701ada91e31e916f992171b9418cb47d283a56e61f311581d66266cb
2011-05-20,0.20154451064512297,isotropic_constructed_macro_nats_full_precision_v3,0552c7f4701ada91e31e916f992171b9418cb47d283a56e61f311581d66266cb
2011-05-24,0.2095653076265757,isotropic_constructed_macro_nats_full_precision_v3,0552c7f4701ada91e31e916f992171b9418cb47d283a56e61f311581d66266cb
2011-05-26,0.19932203675309856,isotropic_constructed_macro_nats_full_precision_v3,0552c7f4701ada91e31e916f992171b9418cb47d283a56e61f311581d66266cb
2011-05-31,0.20497422726278888,isotropic_constructed_macro_nats_full_precision_v3,0552c7f4701ada91e31e916f992171b9418cb47d283a56e61f311581d66266cb
2011-06-02,0.2069487102783958,isotropic_constructed_macro_nats_full_precision_v3,0552c7f4701ada91e31e916f992171b9418cb47d283a56e61f311581d66266cb
2011-06-06,0.2060362575909842,isotropic_constructed_macro_nats_full_precision_v3,0552c7f4701ada91e31e916f992171b9418cb47d283a56e61f311581d66266cb
2011-06-08,0.20841708861135,isotropic_constructed_macro_nats_full_precision_v3,0552c7f4701ada91e31e916f992171b9418cb47d283a56e61f311581d66266cb
2011-06-10,0.20791742207675679,isotropic_constructed_macro_nats_full_precision_v3,0552c7f4701ada91e31e916f992171b9418cb47d283a56e61f311581d66266cb
2011-06-14,0.21865181991886154,isotropic_constructed_macro_nats_full_precision_v3,0552c7f4701ada91e31e916f992171b9418cb47d283a56e61f311581d66266cb
2011-06-16,0.210691015695282,isotropic_constructed_macro_nats_full_precision_v3,0552c7f4701ada91e31e916f992171b9418cb47d283a56e61f311581d66266cb
2011-06-20,0.20406903092364362,isotropic_constructed_macro_nats_full_precision_v3,0552c7f4701ada91e31e916f992171b9418cb47d283a56e61f311581d66266cb
2011-06-22,0.20910700243230168,isotropic_constructed_macro_nats_full_precision_v3,0552c7f4701ada91e31e916f992171b9418cb47d283a56e61f311581d66266cb
2011-06-24,0.22186456230155632,isotropic_constructed_macro_nats_full_precision_v3,0552c7f4701ada91e31e916f992171b9418cb47d283a56e61f311581d66266cb
2011-06-28,0.23927392834458072,isotropic_constructed_macro_nats_full_precision_v3,0552c7f4701ada91e31e916f992171b9418cb47d283a56e61f311581d66266cb
2011-06-30,0.20794102836627376,isotropic_constructed_macro_nats_full_precision_v3,0552c7f4701ada91e31e916f992171b9418cb47d283a56e61f311581d66266cb
2011-07-05,0.2129717701435038,isotropic_constructed_macro_nats_full_precision_v3,0552c7f4701ada91e31e916f992171b9418cb47d283a56e61f311581d66266cb
2011-07-07,0.21915877011004473,isotropic_constructed_macro_nats_full_precision_v3,0552c7f4701ada91e31e916f992171b9418cb47d283a56e61f311581d66266cb
2011-07-11,0.21893202207289159,isotropic_constructed_macro_nats_full_precision_v3,0552c7f4701ada91e31e916f992171b9418cb47d283a56e61f311581d66266cb
2011-07-13,0.2358800561257097,isotropic_constructed_macro_nats_full_precision_v3,0552c7f4701ada91e31e916f992171b9418cb47d283a56e61f311581d66266cb
2011-07-15,0.2228574481920361,isotropic_constructed_macro_nats_full_precision_v3,0552c7f4701ada91e31e916f992171b9418cb47d283a56e61f311581d66266cb
2011-07-19,0.2272692387514079,isotropic_constructed_macro_nats_full_precision_v3,0552c7f4701ada91e31e916f992171b9418cb47d283a56e61f311581d66266cb
2011-07-21,0.23795739375449287,isotropic_constructed_macro_nats_full_precision_v3,0552c7f4701ada91e31e916f992171b9418cb47d283a56e61f311581d66266cb
2011-07-25,0.22694605397202453,isotropic_constructed_macro_nats_full_precision_v3,0552c7f4701ada91e31e916f992171b9418cb47d283a56e61f311581d66266cb
2011-07-27,0.2363545809106164,isotropic_constructed_macro_nats_full_precision_v3,0552c7f4701ada91e31e916f992171b9418cb47d283a56e61f311581d66266cb
2011-07-29,0.2317485111509849,isotropic_constructed_macro_nats_full_precision_v3,0552c7f4701ada91e31e916f992171b9418cb47d283a56e61f311581d66266cb
2011-08-02,0.23277601581481452,isotropic_constructed_macro_nats_full_precision_v3,0552c7f4701ada91e31e916f992171b9418cb47d283a56e61f311581d66266cb
2011-08-04,0.22834805787839613,isotropic_constructed_macro_nats_full_precision_v3,0552c7f4701ada91e31e916f992171b9418cb47d283a56e61f311581d66266cb
2011-08-08,0.2379599519106464,isotropic_constructed_macro_nats_full_precision_v3,0552c7f4701ada91e31e916f992171b9418cb47d283a56e61f311581d66266cb
2011-08-10,0.2402667720934801,isotropic_constructed_macro_nats_full_precision_v3,0552c7f4701ada91e31e916f992171b9418cb47d283a56e61f311581d66266cb
2011-08-12,0.2375694146255299,isotropic_constructed_macro_nats_full_precision_v3,0552c7f4701ada91e31e916f992171b9418cb47d283a56e61f311581d66266cb
2011-08-16,0.23942353226756077,isotropic_constructed_macro_nats_full_precision_v3,0552c7f4701ada91e31e916f992171b9418cb47d283a56e61f311581d66266cb
2011-08-18,0.2356703030148521,isotropic_constructed_macro_nats_full_precision_v3,0552c7f4701ada91e31e916f992171b9418cb47d283a56e61f311581d66266cb
2011-08-22,0.2433824107427519,isotropic_constructed_macro_nats_full_precision_v3,0552c7f4701ada91e31e916f992171b9418cb47d283a56e61f311581d66266cb
2011-08-24,0.24335466555790772,isotropic_constructed_macro_nats_full_precision_v3,0552c7f4701ada91e31e916f992171b9418cb47d283a56e61f311581d66266cb
2011-08-26,0.24158763238434539,isotropic_constructed_macro_nats_full_precision_v3,0552c7f4701ada91e31e916f992171b9418cb47d283a56e61f311581d66266cb
2011-08-30,0.24621250293214286,isotropic_constructed_macro_nats_full_precision_v3,0552c7f4701ada91e31e916f992171b9418cb47d283a56e61f311581d66266cb
2011-09-01,0.24290889943806232,isotropic_constructed_macro_nats_full_precision_v3,0552c7f4701ada91e31e916f992171b9418cb47d283a56e61f311581d66266cb
2011-09-06,0.2568064598888744,isotropic_constructed_macro_nats_full_precision_v3,0552c7f4701ada91e31e916f992171b9418cb47d283a56e61f311581d66266cb
2011-09-08,0.24432686805317638,isotropic_constructed_macro_nats_full_precision_v3,0552c7f4701ada91e31e916f992171b9418cb47d283a56e61f311581d66266cb
2011-09-12,0.2629297062614659,isotropic_constructed_macro_nats_full_precision_v3,0552c7f4701ada91e31e916f992171b9418cb47d283a56e61f311581d66266cb
2011-09-14,0.26224538484980353,isotropic_constructed_macro_nats_full_precision_v3,0552c7f4701ada91e31e916f992171b9418cb47d283a56e61f311581d66266cb
2011-09-16,0.2598378049680501,isotropic_constructed_macro_nats_full_precision_v3,0552c7f4701ada91e31e916f992171b9418cb47d283a56e61f311581d66266cb
2011-09-20,0.25772966886865684,isotropic_constructed_macro_nats_full_precision_v3,0552c7f4701ada91e31e916f992171b9418cb47d283a56e61f311581d66266cb
2011-09-22,0.25667156374864186,isotropic_constructed_macro_nats_full_precision_v3,0552c7f4701ada91e31e916f992171b9418cb47d283a56e61f311581d66266cb
2011-09-26,0.25959348082362155,isotropic_constructed_macro_nats_full_precision_v3,0552c7f4701ada91e31e916f992171b9418cb47d283a56e61f311581d66266cb
2011-09-28,0.2525812243910044,isotropic_constructed_macro_nats_full_precision_v3,0552c7f4701ada91e31e916f992171b9418cb47d283a56e61f311581d66266cb
2011-09-30,0.24588109583805298,isotropic_constructed_macro_nats_full_precision_v3,0552c7f4701ada91e31e916f992171b9418cb47d283a56e61f311581d66266cb
2011-10-04,0.2212188044800904,isotropic_constructed_macro_nats_full_precision_v3,0552c7f4701ada91e31e916f992171b9418cb47d283a56e61f311581d66266cb
2011-10-06,0.25038706260550136,isotropic_constructed_macro_nats_full_precision_v3,0552c7f4701ada91e31e916f992171b9418cb47d283a56e61f311581d66266cb
2011-10-10,0.24957979307209394,isotropic_constructed_macro_nats_full_precision_v3,0552c7f4701ada91e31e916f992171b9418cb47d283a56e61f311581d66266cb
2011-10-12,0.23358708934964922,isotropic_constructed_macro_nats_full_precision_v3,0552c7f4701ada91e31e916f992171b9418cb47d283a56e61f311581d66266cb
2011-10-14,0.3204155684641027,isotropic_constructed_macro_nats_full_precision_v3,0552c7f4701ada91e31e916f992171b9418cb47d283a56e61f311581d66266cb
2011-10-18,0.2210078019474705,isotropic_constructed_macro_nats_full_precision_v3,0552c7f4701ada91e31e916f992171b9418cb47d283a56e61f311581d66266cb
2011-10-20,0.2673755820192028,isotropic_constructed_macro_nats_full_precision_v3,0552c7f4701ada91e31e916f992171b9418cb47d283a56e61f311581d66266cb
2011-10-24,0.23900769599773591,isotropic_constructed_macro_nats_full_precision_v3,0552c7f4701ada91e31e916f992171b9418cb47d283a56e61f311581d66266cb
2011-10-26,0.19238093365026157,isotropic_constructed_macro_nats_full_precision_v3,0552c7f4701ada91e31e916f992171b9418cb47d283a56e61f311581d66266cb
2011-10-28,0.1985718224488851,isotropic_constructed_macro_nats_full_precision_v3,0552c7f4701ada91e31e916f992171b9418cb47d283a56e61f311581d66266cb
2011-11-01,0.24520828252039648,isotropic_constructed_macro_nats_full_precision_v3,0552c7f4701ada91e31e916f992171b9418cb47d283a56e61f311581d66266cb
2011-11-03,0.2516639612456496,isotropic_constructed_macro_nats_full_precision_v3,0552c7f4701ada91e31e916f992171b9418cb47d283a56e61f311581d66266cb
2011-11-07,0.23537253123951404,isotropic_constructed_macro_nats_full_precision_v3,0552c7f4701ada91e31e916f992171b9418cb47d283a56e61f311581d66266cb
2011-11-09,0.196355289070023,isotropic_constructed_macro_nats_full_precision_v3,0552c7f4701ada91e31e916f992171b9418cb47d283a56e61f311581d66266cb
2011-11-11,0.1953364144342451,isotropic_constructed_macro_nats_full_precision_v3,0552c7f4701ada91e31e916f992171b9418cb47d283a56e61f311581d66266cb
2011-11-15,0.19951684731006322,isotropic_constructed_macro_nats_full_precision_v3,0552c7f4701ada91e31e916f992171b9418cb47d283a56e61f311581d66266cb
2011-11-17,0.21720418491609728,isotropic_constructed_macro_nats_full_precision_v3,0552c7f4701ada91e31e916f992171b9418cb47d283a56e61f311581d66266cb
2011-11-21,0.18893466296253839,isotropic_constructed_macro_nats_full_precision_v3,0552c7f4701ada91e31e916f992171b9418cb47d283a56e61f311581d66266cb
2011-11-23,0.19542203844298686,isotropic_constructed_macro_nats_full_precision_v3,0552c7f4701ada91e31e916f992171b9418cb47d283a56e61f311581d66266cb
2011-11-28,0.21454793618530654,isotropic_constructed_macro_nats_full_precision_v3,0552c7f4701ada91e31e916f992171b9418cb47d283a56e61f311581d66266cb
2011-11-30,0.24355067321369409,isotropic_constructed_macro_nats_full_precision_v3,0552c7f4701ada91e31e916f992171b9418cb47d283a56e61f311581d66266cb
2011-12-02,0.2436246344637089,isotropic_constructed_macro_nats_full_precision_v3,0552c7f4701ada91e31e916f992171b9418cb47d283a56e61f311581d66266cb
2011-12-06,0.20139313774480846,isotropic_constructed_macro_nats_full_precision_v3,0552c7f4701ada91e31e916f992171b9418cb47d283a56e61f311581d66266cb
2011-12-08,0.22227018586451108,isotropic_constructed_macro_nats_full_precision_v3,0552c7f4701ada91e31e916f992171b9418cb47d283a56e61f311581d66266cb
2011-12-12,0.24183423373726368,isotropic_constructed_macro_nats_full_precision_v3,0552c7f4701ada91e31e916f992171b9418cb47d283a56e61f311581d66266cb
2011-12-14,0.2059574134322586,isotropic_constructed_macro_nats_full_precision_v3,0552c7f4701ada91e31e916f992171b9418cb47d283a56e61f311581d66266cb
2011-12-16,0.23070651674450757,isotropic_constructed_macro_nats_full_precision_v3,0552c7f4701ada91e31e916f992171b9418cb47d283a56e61f311581d66266cb
2011-12-20,0.236789159922321,isotropic_constructed_macro_nats_full_precision_v3,0552c7f4701ada91e31e916f992171b9418cb47d283a56e61f311581d66266cb
2011-12-22,0.20496407127611546,isotropic_constructed_macro_nats_full_precision_v3,0552c7f4701ada91e31e916f992171b9418cb47d283a56e61f311581d66266cb
2011-12-27,0.21903080605640934,isotropic_constructed_macro_nats_full_precision_v3,0552c7f4701ada91e31e916f992171b9418cb47d283a56e61f311581d66266cb
2011-12-29,0.2307497857372182,isotropic_constructed_macro_nats_full_precision_v3,0552c7f4701ada91e31e916f992171b9418cb47d283a56e61f311581d66266cb
2012-01-03,0.23464503665031564,isotropic_constructed_macro_nats_full_precision_v3,0552c7f4701ada91e31e916f992171b9418cb47d283a56e61f311581d66266cb
2012-01-05,0.21395660066496966,isotropic_constructed_macro_nats_full_precision_v3,0552c7f4701ada91e31e916f992171b9418cb47d283a56e61f311581d66266cb
2012-01-09,0.19595066514749115,isotropic_constructed_macro_nats_full_precision_v3,0552c7f4701ada91e31e916f992171b9418cb47d283a56e61f311581d66266cb
2012-01-11,0.18778105878802354,isotropic_constructed_macro_nats_full_precision_v3,0552c7f4701ada91e31e916f992171b9418cb47d283a56e61f311581d66266cb
2012-01-13,0.21731650988752438,isotropic_constructed_macro_nats_full_precision_v3,0552c7f4701ada91e31e916f992171b9418cb47d283a56e61f311581d66266cb
2012-01-18,0.22128458336865825,isotropic_constructed_macro_nats_full_precision_v3,0552c7f4701ada91e31e916f992171b9418cb47d283a56e61f311581d66266cb
2012-01-20,0.23079473201534326,isotropic_constructed_macro_nats_full_precision_v3,0552c7f4701ada91e31e916f992171b9418cb47d283a56e61f311581d66266cb
2012-01-24,0.24155827133122176,isotropic_constructed_macro_nats_full_precision_v3,0552c7f4701ada91e31e916f992171b9418cb47d283a56e61f311581d66266cb
2012-01-26,0.2289804689345529,isotropic_constructed_macro_nats_full_precision_v3,0552c7f4701ada91e31e916f992171b9418cb47d283a56e61f311581d66266cb
2012-01-30,0.24274264791047595,isotropic_constructed_macro_nats_full_precision_v3,0552c7f4701ada91e31e916f992171b9418cb47d283a56e61f311581d66266cb
2012-02-01,0.23652224314905215,isotropic_constructed_macro_nats_full_precision_v3,0552c7f4701ada91e31e916f992171b9418cb47d283a56e61f311581d66266cb
2012-02-03,0.24615395883884705,isotropic_constructed_macro_nats_full_precision_v3,0552c7f4701ada91e31e916f992171b9418cb47d283a56e61f311581d66266cb
2012-02-07,0.20580978565800645,isotropic_constructed_macro_nats_full_precision_v3,0552c7f4701ada91e31e916f992171b9418cb47d283a56e61f311581d66266cb
2012-02-09,0.20666942068236197,isotropic_constructed_macro_nats_full_precision_v3,0552c7f4701ada91e31e916f992171b9418cb47d283a56e61f311581d66266cb
2012-02-13,0.24805350264016307,isotropic_constructed_macro_nats_full_precision_v3,0552c7f4701ada91e31e916f992171b9418cb47d283a56e61f311581d66266cb
2012-02-15,0.22776119723882618,isotropic_constructed_macro_nats_full_precision_v3,0552c7f4701ada91e31e916f992171b9418cb47d283a56e61f311581d66266cb
2012-02-17,0.2154876364603688,isotropic_constructed_macro_nats_full_precision_v3,0552c7f4701ada91e31e916f992171b9418cb47d283a56e61f311581d66266cb
2012-02-22,0.1874664494013288,isotropic_constructed_macro_nats_full_precision_v3,0552c7f4701ada91e31e916f992171b9418cb47d283a56e61f311581d66266cb
2012-02-24,0.23734537999835273,isotropic_constructed_macro_nats_full_precision_v3,0552c7f4701ada91e31e916f992171b9418cb47d283a56e61f311581d66266cb
2012-02-28,0.20980776952208574,isotropic_constructed_macro_nats_full_precision_v3,0552c7f4701ada91e31e916f992171b9418cb47d283a56e61f311581d66266cb
2012-03-01,0.2082164579802819,isotropic_constructed_macro_nats_full_precision_v3,0552c7f4701ada91e31e916f992171b9418cb47d283a56e61f311581d66266cb
2012-03-05,0.1914420348822596,isotropic_constructed_macro_nats_full_precision_v3,0552c7f4701ada91e31e916f992171b9418cb47d283a56e61f311581d66266cb
2012-03-07,0.20139621545674527,isotropic_constructed_macro_nats_full_precision_v3,0552c7f4701ada91e31e916f992171b9418cb47d283a56e61f311581d66266cb
2012-03-09,0.21808349702792174,isotropic_constructed_macro_nats_full_precision_v3,0552c7f4701ada91e31e916f992171b9418cb47d283a56e61f311581d66266cb
2012-03-13,0.22903614207133566,isotropic_constructed_macro_nats_full_precision_v3,0552c7f4701ada91e31e916f992171b9418cb47d283a56e61f311581d66266cb
2012-03-15,0.19881601493414247,isotropic_constructed_macro_nats_full_precision_v3,0552c7f4701ada91e31e916f992171b9418cb47d283a56e61f311581d66266cb
2012-03-19,0.19885038683321826,isotropic_constructed_macro_nats_full_precision_v3,0552c7f4701ada91e31e916f992171b9418cb47d283a56e61f311581d66266cb
2012-03-21,0.19921550359963405,isotropic_constructed_macro_nats_full_precision_v3,0552c7f4701ada91e31e916f992171b9418cb47d283a56e61f311581d66266cb
2012-03-23,0.1911213467043412,isotropic_constructed_macro_nats_full_precision_v3,0552c7f4701ada91e31e916f992171b9418cb47d283a56e61f311581d66266cb
2012-03-27,0.18263107344425056,isotropic_constructed_macro_nats_full_precision_v3,0552c7f4701ada91e31e916f992171b9418cb47d283a56e61f311581d66266cb
2012-03-29,0.18729677832432112,isotropic_constructed_macro_nats_full_precision_v3,0552c7f4701ada91e31e916f992171b9418cb47d283a56e61f311581d66266cb
2012-04-02,0.2001094648456601,isotropic_constructed_macro_nats_full_precision_v3,0552c7f4701ada91e31e916f992171b9418cb47d283a56e61f311581d66266cb
2012-04-04,0.20711238703952942,isotropic_constructed_macro_nats_full_precision_v3,0552c7f4701ada91e31e916f992171b9418cb47d283a56e61f311581d66266cb
2012-04-09,0.20346656288210951,isotropic_constructed_macro_nats_full_precision_v3,0552c7f4701ada91e31e916f992171b9418cb47d283a56e61f311581d66266cb
2012-04-11,0.1952117896799294,isotropic_constructed_macro_nats_full_precision_v3,0552c7f4701ada91e31e916f992171b9418cb47d283a56e61f311581d66266cb
2012-04-13,0.21935023797097225,isotropic_constructed_macro_nats_full_precision_v3,0552c7f4701ada91e31e916f992171b9418cb47d283a56e61f311581d66266cb
2012-04-17,0.20639045739146103,isotropic_constructed_macro_nats_full_precision_v3,0552c7f4701ada91e31e916f992171b9418cb47d283a56e61f311581d66266cb
2012-04-19,0.19391297568606464,isotropic_constructed_macro_nats_full_precision_v3,0552c7f4701ada91e31e916f992171b9418cb47d283a56e61f311581d66266cb
2012-04-23,0.2417658245691508,isotropic_constructed_macro_nats_full_precision_v3,0552c7f4701ada91e31e916f992171b9418cb47d283a56e61f311581d66266cb
2012-04-25,0.24338126357729611,isotropic_constructed_macro_nats_full_precision_v3,0552c7f4701ada91e31e916f992171b9418cb47d283a56e61f311581d66266cb
2012-04-27,0.2084290546833967,isotropic_constructed_macro_nats_full_precision_v3,0552c7f4701ada91e31e916f992171b9418cb47d283a56e61f311581d66266cb
2012-05-01,0.16327325246814048,isotropic_constructed_macro_nats_full_precision_v3,0552c7f4701ada91e31e916f992171b9418cb47d283a56e61f311581d66266cb
2012-05-03,0.12271336037068803,isotropic_constructed_macro_nats_full_precision_v3,0552c7f4701ada91e31e916f992171b9418cb47d283a56e61f311581d66266cb
2012-05-07,0.13690967593885073,isotropic_constructed_macro_nats_full_precision_v3,0552c7f4701ada91e31e916f992171b9418cb47d283a56e61f311581d66266cb
2012-05-09,0.21157344038106032,isotropic_constructed_macro_nats_full_precision_v3,0552c7f4701ada91e31e916f992171b9418cb47d283a56e61f311581d66266cb
2012-05-11,0.20839580640067953,isotropic_constructed_macro_nats_full_precision_v3,0552c7f4701ada91e31e916f992171b9418cb47d283a56e61f311581d66266cb
2012-05-15,0.178985816154893,isotropic_constructed_macro_nats_full_precision_v3,0552c7f4701ada91e31e916f992171b9418cb47d283a56e61f311581d66266cb
2012-05-17,0.18158775020684334,isotropic_constructed_macro_nats_full_precision_v3,0552c7f4701ada91e31e916f992171b9418cb47d283a56e61f311581d66266cb
2012-05-21,0.22226619789543078,isotropic_constructed_macro_nats_full_precision_v3,0552c7f4701ada91e31e916f992171b9418cb47d283a56e61f311581d66266cb
2012-05-23,0.18911101490195334,isotropic_constructed_macro_nats_full_precision_v3,0552c7f4701ada91e31e916f992171b9418cb47d283a56e61f311581d66266cb
2012-05-25,0.14851063520874308,isotropic_constructed_macro_nats_full_precision_v3,0552c7f4701ada91e31e916f992171b9418cb47d283a56e61f311581d66266cb
2012-05-30,0.16220167026948604,isotropic_constructed_macro_nats_full_precision_v3,0552c7f4701ada91e31e916f992171b9418cb47d283a56e61f311581d66266cb
2012-06-01,0.16855628769571343,isotropic_constructed_macro_nats_full_precision_v3,0552c7f4701ada91e31e916f992171b9418cb47d283a56e61f311581d66266cb
2012-06-05,0.16141186007966718,isotropic_constructed_macro_nats_full_precision_v3,0552c7f4701ada91e31e916f992171b9418cb47d283a56e61f311581d66266cb
2012-06-07,0.1771944908121314,isotropic_constructed_macro_nats_full_precision_v3,0552c7f4701ada91e31e916f992171b9418cb47d283a56e61f311581d66266cb
2012-06-11,0.1801547175891206,isotropic_constructed_macro_nats_full_precision_v3,0552c7f4701ada91e31e916f992171b9418cb47d283a56e61f311581d66266cb
2012-06-13,0.17055081079477208,isotropic_constructed_macro_nats_full_precision_v3,0552c7f4701ada91e31e916f992171b9418cb47d283a56e61f311581d66266cb
2012-06-15,0.16409155001118528,isotropic_constructed_macro_nats_full_precision_v3,0552c7f4701ada91e31e916f992171b9418cb47d283a56e61f311581d66266cb
2012-06-19,0.1537430022911338,isotropic_constructed_macro_nats_full_precision_v3,0552c7f4701ada91e31e916f992171b9418cb47d283a56e61f311581d66266cb
2012-06-21,0.1844363246994361,isotropic_constructed_macro_nats_full_precision_v3,0552c7f4701ada91e31e916f992171b9418cb47d283a56e61f311581d66266cb
2012-06-25,0.19748923346993386,isotropic_constructed_macro_nats_full_precision_v3,0552c7f4701ada91e31e916f992171b9418cb47d283a56e61f311581d66266cb
2012-06-27,0.11551753659649416,isotropic_constructed_macro_nats_full_precision_v3,0552c7f4701ada91e31e916f992171b9418cb47d283a56e61f311581d66266cb
2012-06-29,0.10944610479508465,isotropic_constructed_macro_nats_full_precision_v3,0552c7f4701ada91e31e916f992171b9418cb47d283a56e61f311581d66266cb
2012-07-03,0.1255948514491872,isotropic_constructed_macro_nats_full_precision_v3,0552c7f4701ada91e31e916f992171b9418cb47d283a56e61f311581d66266cb
2012-07-06,0.14513696885149793,isotropic_constructed_macro_nats_full_precision_v3,0552c7f4701ada91e31e916f992171b9418cb47d283a56e61f311581d66266cb
2012-07-10,0.19392805543639535,isotropic_constructed_macro_nats_full_precision_v3,0552c7f4701ada91e31e916f992171b9418cb47d283a56e61f311581d66266cb
2012-07-12,0.207576775079157,isotropic_constructed_macro_nats_full_precision_v3,0552c7f4701ada91e31e916f992171b9418cb47d283a56e61f311581d66266cb
2012-07-16,0.17138296387314184,isotropic_constructed_macro_nats_full_precision_v3,0552c7f4701ada91e31e916f992171b9418cb47d283a56e61f311581d66266cb
2012-07-18,0.14049683080040964,isotropic_constructed_macro_nats_full_precision_v3,0552c7f4701ada91e31e916f992171b9418cb47d283a56e61f311581d66266cb
2012-07-20,0.16041804368082294,isotropic_constructed_macro_nats_full_precision_v3,0552c7f4701ada91e31e916f992171b9418cb47d283a56e61f311581d66266cb
2012-07-24,0.13661426314979513,isotropic_constructed_macro_nats_full_precision_v3,0552c7f4701ada91e31e916f992171b9418cb47d283a56e61f311581d66266cb
2012-07-26,0.1271696595934823,isotropic_constructed_macro_nats_full_precision_v3,0552c7f4701ada91e31e916f992171b9418cb47d283a56e61f311581d66266cb
2012-07-30,0.14974246531828672,isotropic_constructed_macro_nats_full_precision_v3,0552c7f4701ada91e31e916f992171b9418cb47d283a56e61f311581d66266cb
2012-08-01,0.1420938218763754,isotropic_constructed_macro_nats_full_precision_v3,0552c7f4701ada91e31e916f992171b9418cb47d283a56e61f311581d66266cb
2012-08-03,0.2061856613095752,isotropic_constructed_macro_nats_full_precision_v3,0552c7f4701ada91e31e916f992171b9418cb47d283a56e61f311581d66266cb
2012-08-07,0.1402369468729478,isotropic_constructed_macro_nats_full_precision_v3,0552c7f4701ada91e31e916f992171b9418cb47d283a56e61f311581d66266cb
2012-08-09,0.19861116005604995,isotropic_constructed_macro_nats_full_precision_v3,0552c7f4701ada91e31e916f992171b9418cb47d283a56e61f311581d66266cb
2012-08-13,0.16622653653595942,isotropic_constructed_macro_nats_full_precision_v3,0552c7f4701ada91e31e916f992171b9418cb47d283a56e61f311581d66266cb
2012-08-15,0.1509881048725545,isotropic_constructed_macro_nats_full_precision_v3,0552c7f4701ada91e31e916f992171b9418cb47d283a56e61f311581d66266cb
2012-08-17,0.15401432372751778,isotropic_constructed_macro_nats_full_precision_v3,0552c7f4701ada91e31e916f992171b9418cb47d283a56e61f311581d66266cb
2012-08-21,0.14938419662683386,isotropic_constructed_macro_nats_full_precision_v3,0552c7f4701ada91e31e916f992171b9418cb47d283a56e61f311581d66266cb
2012-08-23,0.13690991239760647,isotropic_constructed_macro_nats_full_precision_v3,0552c7f4701ada91e31e916f992171b9418cb47d283a56e61f311581d66266cb
2012-08-27,0.19416874621057142,isotropic_constructed_macro_nats_full_precision_v3,0552c7f4701ada91e31e916f992171b9418cb47d283a56e61f311581d66266cb
2012-08-29,0.1545070365971481,isotropic_constructed_macro_nats_full_precision_v3,0552c7f4701ada91e31e916f992171b9418cb47d283a56e61f311581d66266cb
2012-08-31,0.17336317659270975,isotropic_constructed_macro_nats_full_precision_v3,0552c7f4701ada91e31e916f992171b9418cb47d283a56e61f311581d66266cb
2012-09-05,0.1628508178084544,isotropic_constructed_macro_nats_full_precision_v3,0552c7f4701ada91e31e916f992171b9418cb47d283a56e61f311581d66266cb
2012-09-07,0.21515824605211686,isotropic_constructed_macro_nats_full_precision_v3,0552c7f4701ada91e31e916f992171b9418cb47d283a56e61f311581d66266cb
2012-09-11,0.16381450375736387,isotropic_constructed_macro_nats_full_precision_v3,0552c7f4701ada91e31e916f992171b9418cb47d283a56e61f311581d66266cb
2012-09-13,0.16077599036621806,isotropic_constructed_macro_nats_full_precision_v3,0552c7f4701ada91e31e916f992171b9418cb47d283a56e61f311581d66266cb
2012-09-17,0.16205435020249523,isotropic_constructed_macro_nats_full_precision_v3,0552c7f4701ada91e31e916f992171b9418cb47d283a56e61f311581d66266cb
2012-09-19,0.17169114538540978,isotropic_constructed_macro_nats_full_precision_v3,0552c7f4701ada91e31e916f992171b9418cb47d283a56e61f311581d66266cb
2012-09-21,0.16154960442669927,isotropic_constructed_macro_nats_full_precision_v3,0552c7f4701ada91e31e916f992171b9418cb47d283a56e61f311581d66266cb
2012-09-25,0.15730362232197972,isotropic_constructed_macro_nats_full_precision_v3,0552c7f4701ada91e31e916f992171b9418cb47d283a56e61f311581d66266cb
2012-09-27,0.18936368791352945,isotropic_constructed_macro_nats_full_precision_v3,0552c7f4701ada91e31e916f992171b9418cb47d283a56e61f311581d66266cb
2012-10-01,0.15786882111807998,isotropic_constructed_macro_nats_full_precision_v3,0552c7f4701ada91e31e916f992171b9418cb47d283a56e61f311581d66266cb
2012-10-03,0.16660364888866516,isotropic_constructed_macro_nats_full_precision_v3,0552c7f4701ada91e31e916f992171b9418cb47d283a56e61f311581d66266cb
2012-10-05,0.16623660613582747,isotropic_constructed_macro_nats_full_precision_v3,0552c7f4701ada91e31e916f992171b9418cb47d283a56e61f311581d66266cb
2012-10-09,0.19402589809210066,isotropic_constructed_macro_nats_full_precision_v3,0552c7f4701ada91e31e916f992171b9418cb47d283a56e61f311581d66266cb
2012-10-11,0.17206182330446892,isotropic_constructed_macro_nats_full_precision_v3,0552c7f4701ada91e31e916f992171b9418cb47d283a56e61f311581d66266cb
2012-10-15,0.17055664053147299,isotropic_constructed_macro_nats_full_precision_v3,0552c7f4701ada91e31e916f992171b9418cb47d283a56e61f311581d66266cb
2012-10-17,0.19941954107311427,isotropic_constructed_macro_nats_full_precision_v3,0552c7f4701ada91e31e916f992171b9418cb47d283a56e61f311581d66266cb
2012-10-19,0.1983399840913681,isotropic_constructed_macro_nats_full_precision_v3,0552c7f4701ada91e31e916f992171b9418cb47d283a56e61f311581d66266cb
2012-10-23,0.1976459510388906,isotropic_constructed_macro_nats_full_precision_v3,0552c7f4701ada91e31e916f992171b9418cb47d283a56e61f311581d66266cb
2012-10-25,0.17561710126963415,isotropic_constructed_macro_nats_full_precision_v3,0552c7f4701ada91e31e916f992171b9418cb47d283a56e61f311581d66266cb
2012-10-31,0.1635856592993262,isotropic_constructed_macro_nats_full_precision_v3,0552c7f4701ada91e31e916f992171b9418cb47d283a56e61f311581d66266cb
2012-11-02,0.1652673273546385,isotropic_constructed_macro_nats_full_precision_v3,0552c7f4701ada91e31e916f992171b9418cb47d283a56e61f311581d66266cb
2012-11-06,0.17358153421692354,isotropic_constructed_macro_nats_full_precision_v3,0552c7f4701ada91e31e916f992171b9418cb47d283a56e61f311581d66266cb
2012-11-08,0.1714342421852921,isotropic_constructed_macro_nats_full_precision_v3,0552c7f4701ada91e31e916f992171b9418cb47d283a56e61f311581d66266cb
2012-11-12,0.16983787733422087,isotropic_constructed_macro_nats_full_precision_v3,0552c7f4701ada91e31e916f992171b9418cb47d283a56e61f311581d66266cb
2012-11-14,0.17612892172619635,isotropic_constructed_macro_nats_full_precision_v3,0552c7f4701ada91e31e916f992171b9418cb47d283a56e61f311581d66266cb
2012-11-16,0.18152145414348422,isotropic_constructed_macro_nats_full_precision_v3,0552c7f4701ada91e31e916f992171b9418cb47d283a56e61f311581d66266cb
2012-11-20,0.17096123222103166,isotropic_constructed_macro_nats_full_precision_v3,0552c7f4701ada91e31e916f992171b9418cb47d283a56e61f311581d66266cb
2012-11-23,0.19531377416167567,isotropic_constructed_macro_nats_full_precision_v3,0552c7f4701ada91e31e916f992171b9418cb47d283a56e61f311581d66266cb
2012-11-27,0.17137242330432864,isotropic_constructed_macro_nats_full_precision_v3,0552c7f4701ada91e31e916f992171b9418cb47d283a56e61f311581d66266cb
2012-11-29,0.1728034881703944,isotropic_constructed_macro_nats_full_precision_v3,0552c7f4701ada91e31e916f992171b9418cb47d283a56e61f311581d66266cb
2012-12-03,0.16855931843416283,isotropic_constructed_macro_nats_full_precision_v3,0552c7f4701ada91e31e916f992171b9418cb47d283a56e61f311581d66266cb
2012-12-05,0.17128587472835524,isotropic_constructed_macro_nats_full_precision_v3,0552c7f4701ada91e31e916f992171b9418cb47d283a56e61f311581d66266cb
2012-12-07,0.17725892676580376,isotropic_constructed_macro_nats_full_precision_v3,0552c7f4701ada91e31e916f992171b9418cb47d283a56e61f311581d66266cb
2012-12-11,0.19336805898593604,isotropic_constructed_macro_nats_full_precision_v3,0552c7f4701ada91e31e916f992171b9418cb47d283a56e61f311581d66266cb
2012-12-13,0.17552104695674203,isotropic_constructed_macro_nats_full_precision_v3,0552c7f4701ada91e31e916f992171b9418cb47d283a56e61f311581d66266cb
2012-12-17,0.1941554309704141,isotropic_constructed_macro_nats_full_precision_v3,0552c7f4701ada91e31e916f992171b9418cb47d283a56e61f311581d66266cb
2012-12-19,0.17526915211051874,isotropic_constructed_macro_nats_full_precision_v3,0552c7f4701ada91e31e916f992171b9418cb47d283a56e61f311581d66266cb
2012-12-21,0.1895586580096954,isotropic_constructed_macro_nats_full_precision_v3,0552c7f4701ada91e31e916f992171b9418cb47d283a56e61f311581d66266cb
2012-12-26,0.17556218909117075,isotropic_constructed_macro_nats_full_precision_v3,0552c7f4701ada91e31e916f992171b9418cb47d283a56e61f311581d66266cb
2012-12-28,0.20895372168896126,isotropic_constructed_macro_nats_full_precision_v3,0552c7f4701ada91e31e916f992171b9418cb47d283a56e61f311581d66266cb
2013-01-02,0.21024680859172645,isotropic_constructed_macro_nats_full_precision_v3,0552c7f4701ada91e31e916f992171b9418cb47d283a56e61f311581d66266cb
2013-01-04,0.18520532994263944,isotropic_constructed_macro_nats_full_precision_v3,0552c7f4701ada91e31e916f992171b9418cb47d283a56e61f311581d66266cb
2013-01-08,0.21564954590192867,isotropic_constructed_macro_nats_full_precision_v3,0552c7f4701ada91e31e916f992171b9418cb47d283a56e61f311581d66266cb
2013-01-10,0.20811755968065615,isotropic_constructed_macro_nats_full_precision_v3,0552c7f4701ada91e31e916f992171b9418cb47d283a56e61f311581d66266cb
2013-01-14,0.1856078250734937,isotropic_constructed_macro_nats_full_precision_v3,0552c7f4701ada91e31e916f992171b9418cb47d283a56e61f311581d66266cb
2013-01-16,0.17566480519299646,isotropic_constructed_macro_nats_full_precision_v3,0552c7f4701ada91e31e916f992171b9418cb47d283a56e61f311581d66266cb
2013-01-18,0.19142980795380704,isotropic_constructed_macro_nats_full_precision_v3,0552c7f4701ada91e31e916f992171b9418cb47d283a56e61f311581d66266cb
2013-01-23,0.18428410728649589,isotropic_constructed_macro_nats_full_precision_v3,0552c7f4701ada91e31e916f992171b9418cb47d283a56e61f311581d66266cb
2013-01-25,0.17459323763287032,isotropic_constructed_macro_nats_full_precision_v3,0552c7f4701ada91e31e916f992171b9418cb47d283a56e61f311581d66266cb
2013-01-29,0.17182565732157518,isotropic_constructed_macro_nats_full_precision_v3,0552c7f4701ada91e31e916f992171b9418cb47d283a56e61f311581d66266cb
2013-01-31,0.19100749635074835,isotropic_constructed_macro_nats_full_precision_v3,0552c7f4701ada91e31e916f992171b9418cb47d283a56e61f311581d66266cb
2013-02-04,0.17968966290811134,isotropic_constructed_macro_nats_full_precision_v3,0552c7f4701ada91e31e916f992171b9418cb47d283a56e61f311581d66266cb
2013-02-06,0.1675677366513689,isotropic_constructed_macro_nats_full_precision_v3,0552c7f4701ada91e31e916f992171b9418cb47d283a56e61f311581d66266cb
2013-02-08,0.16104801271124655,isotropic_constructed_macro_nats_full_precision_v3,0552c7f4701ada91e31e916f992171b9418cb47d283a56e61f311581d66266cb
2013-02-12,0.17145158971140056,isotropic_constructed_macro_nats_full_precision_v3,0552c7f4701ada91e31e916f992171b9418cb47d283a56e61f311581d66266cb
2013-02-14,0.19133117004305172,isotropic_constructed_macro_nats_full_precision_v3,0552c7f4701ada91e31e916f992171b9418cb47d283a56e61f311581d66266cb
2013-02-19,0.18282877921156834,isotropic_constructed_macro_nats_full_precision_v3,0552c7f4701ada91e31e916f992171b9418cb47d283a56e61f311581d66266cb
2013-02-21,0.16794935275072276,isotropic_constructed_macro_nats_full_precision_v3,0552c7f4701ada91e31e916f992171b9418cb47d283a56e61f311581d66266cb
2013-02-25,0.16962722224801746,isotropic_constructed_macro_nats_full_precision_v3,0552c7f4701ada91e31e916f992171b9418cb47d283a56e61f311581d66266cb
2013-02-27,0.2068707168754609,isotropic_constructed_macro_nats_full_precision_v3,0552c7f4701ada91e31e916f992171b9418cb47d283a56e61f311581d66266cb
2013-03-01,0.21155749272016405,isotropic_constructed_macro_nats_full_precision_v3,0552c7f4701ada91e31e916f992171b9418cb47d283a56e61f311581d66266cb
2013-03-05,0.21199905259217927,isotropic_constructed_macro_nats_full_precision_v3,0552c7f4701ada91e31e916f992171b9418cb47d283a56e61f311581d66266cb
2013-03-07,0.1984645128903008,isotropic_constructed_macro_nats_full_precision_v3,0552c7f4701ada91e31e916f992171b9418cb47d283a56e61f311581d66266cb
2013-03-11,0.18584653630948983,isotropic_constructed_macro_nats_full_precision_v3,0552c7f4701ada91e31e916f992171b9418cb47d283a56e61f311581d66266cb
2013-03-13,0.2080235730465926,isotropic_constructed_macro_nats_full_precision_v3,0552c7f4701ada91e31e916f992171b9418cb47d283a56e61f311581d66266cb
2013-03-15,0.18684515227994822,isotropic_constructed_macro_nats_full_precision_v3,0552c7f4701ada91e31e916f992171b9418cb47d283a56e61f311581d66266cb
2013-03-19,0.19939103111456463,isotropic_constructed_macro_nats_full_precision_v3,0552c7f4701ada91e31e916f992171b9418cb47d283a56e61f311581d66266cb
2013-03-21,0.1712075610169215,isotropic_constructed_macro_nats_full_precision_v3,0552c7f4701ada91e31e916f992171b9418cb47d283a56e61f311581d66266cb
2013-03-25,0.20769391094763362,isotropic_constructed_macro_nats_full_precision_v3,0552c7f4701ada91e31e916f992171b9418cb47d283a56e61f311581d66266cb
2013-03-27,0.17082963547842317,isotropic_constructed_macro_nats_full_precision_v3,0552c7f4701ada91e31e916f992171b9418cb47d283a56e61f311581d66266cb
2013-04-01,0.21448941458788215,isotropic_constructed_macro_nats_full_precision_v3,0552c7f4701ada91e31e916f992171b9418cb47d283a56e61f311581d66266cb
2013-04-03,0.17867078585793938,isotropic_constructed_macro_nats_full_precision_v3,0552c7f4701ada91e31e916f992171b9418cb47d283a56e61f311581d66266cb
2013-04-05,0.16210538302909586,isotropic_constructed_macro_nats_full_precision_v3,0552c7f4701ada91e31e916f992171b9418cb47d283a56e61f311581d66266cb
2013-04-09,0.2202373913636666,isotropic_constructed_macro_nats_full_precision_v3,0552c7f4701ada91e31e916f992171b9418cb47d283a56e61f311581d66266cb
2013-04-11,0.15821045079505017,isotropic_constructed_macro_nats_full_precision_v3,0552c7f4701ada91e31e916f992171b9418cb47d283a56e61f311581d66266cb
2013-04-15,0.15859372007716516,isotropic_constructed_macro_nats_full_precision_v3,0552c7f4701ada91e31e916f992171b9418cb47d283a56e61f311581d66266cb
2013-04-17,0.18899709660751174,isotropic_constructed_macro_nats_full_precision_v3,0552c7f4701ada91e31e916f992171b9418cb47d283a56e61f311581d66266cb
2013-04-19,0.21826772014709353,isotropic_constructed_macro_nats_full_precision_v3,0552c7f4701ada91e31e916f992171b9418cb47d283a56e61f311581d66266cb
2013-04-23,0.229870569459264,isotropic_constructed_macro_nats_full_precision_v3,0552c7f4701ada91e31e916f992171b9418cb47d283a56e61f311581d66266cb
2013-04-25,0.19835484642566037,isotropic_constructed_macro_nats_full_precision_v3,0552c7f4701ada91e31e916f992171b9418cb47d283a56e61f311581d66266cb
2013-04-29,0.19075380247330087,isotropic_constructed_macro_nats_full_precision_v3,0552c7f4701ada91e31e916f992171b9418cb47d283a56e61f311581d66266cb
2013-05-01,0.1624187543570978,isotropic_constructed_macro_nats_full_precision_v3,0552c7f4701ada91e31e916f992171b9418cb47d283a56e61f311581d66266cb
2013-05-03,0.17246290724538327,isotropic_constructed_macro_nats_full_precision_v3,0552c7f4701ada91e31e916f992171b9418cb47d283a56e61f311581d66266cb
2013-05-07,0.17581684366241337,isotropic_constructed_macro_nats_full_precision_v3,0552c7f4701ada91e31e916f992171b9418cb47d283a56e61f311581d66266cb
2013-05-09,0.18254182797379764,isotropic_constructed_macro_nats_full_precision_v3,0552c7f4701ada91e31e916f992171b9418cb47d283a56e61f311581d66266cb
2013-05-13,0.20633410682467737,isotropic_constructed_macro_nats_full_precision_v3,0552c7f4701ada91e31e916f992171b9418cb47d283a56e61f311581d66266cb
2013-05-15,0.18271704062915678,isotropic_constructed_macro_nats_full_precision_v3,0552c7f4701ada91e31e916f992171b9418cb47d283a56e61f311581d66266cb
2013-05-17,0.22724735534313942,isotropic_constructed_macro_nats_full_precision_v3,0552c7f4701ada91e31e916f992171b9418cb47d283a56e61f311581d66266cb
2013-05-21,0.2208301375216094,isotropic_constructed_macro_nats_full_precision_v3,0552c7f4701ada91e31e916f992171b9418cb47d283a56e61f311581d66266cb
2013-05-23,0.21864411134084777,isotropic_constructed_macro_nats_full_precision_v3,0552c7f4701ada91e31e916f992171b9418cb47d283a56e61f311581d66266cb
2013-05-28,0.18357107132934422,isotropic_constructed_macro_nats_full_precision_v3,0552c7f4701ada91e31e916f992171b9418cb47d283a56e61f311581d66266cb
2013-05-30,0.1997052419243127,isotropic_constructed_macro_nats_full_precision_v3,0552c7f4701ada91e31e916f992171b9418cb47d283a56e61f311581d66266cb
2013-06-03,0.21243424301480462,isotropic_constructed_macro_nats_full_precision_v3,0552c7f4701ada91e31e916f992171b9418cb47d283a56e61f311581d66266cb
2013-06-05,0.21201225457854336,isotropic_constructed_macro_nats_full_precision_v3,0552c7f4701ada91e31e916f992171b9418cb47d283a56e61f311581d66266cb
2013-06-07,0.2045806837279235,isotropic_constructed_macro_nats_full_precision_v3,0552c7f4701ada91e31e916f992171b9418cb47d283a56e61f311581d66266cb
2013-06-11,0.17825021687058207,isotropic_constructed_macro_nats_full_precision_v3,0552c7f4701ada91e31e916f992171b9418cb47d283a56e61f311581d66266cb
2013-06-13,0.18355875942905603,isotropic_constructed_macro_nats_full_precision_v3,0552c7f4701ada91e31e916f992171b9418cb47d283a56e61f311581d66266cb
2013-06-17,0.2154867349393435,isotropic_constructed_macro_nats_full_precision_v3,0552c7f4701ada91e31e916f992171b9418cb47d283a56e61f311581d66266cb
2013-06-19,0.19619687035959402,isotropic_constructed_macro_nats_full_precision_v3,0552c7f4701ada91e31e916f992171b9418cb47d283a56e61f311581d66266cb
2013-06-21,0.23132461827501474,isotropic_constructed_macro_nats_full_precision_v3,0552c7f4701ada91e31e916f992171b9418cb47d283a56e61f311581d66266cb
2013-06-25,0.2301468288289086,isotropic_constructed_macro_nats_full_precision_v3,0552c7f4701ada91e31e916f992171b9418cb47d283a56e61f311581d66266cb
2013-06-27,0.20702482880158915,isotropic_constructed_macro_nats_full_precision_v3,0552c7f4701ada91e31e916f992171b9418cb47d283a56e61f311581d66266cb
2013-07-01,0.19860855991706056,isotropic_constructed_macro_nats_full_precision_v3,0552c7f4701ada91e31e916f992171b9418cb47d283a56e61f311581d66266cb
2013-07-03,0.227736385577922,isotropic_constructed_macro_nats_full_precision_v3,0552c7f4701ada91e31e916f992171b9418cb47d283a56e61f311581d66266cb
2013-07-08,0.1888989271292447,isotropic_constructed_macro_nats_full_precision_v3,0552c7f4701ada91e31e916f992171b9418cb47d283a56e61f311581d66266cb
2013-07-10,0.18490414240214795,isotropic_constructed_macro_nats_full_precision_v3,0552c7f4701ada91e31e916f992171b9418cb47d283a56e61f311581d66266cb
2013-07-12,0.24299904171179557,isotropic_constructed_macro_nats_full_precision_v3,0552c7f4701ada91e31e916f992171b9418cb47d283a56e61f311581d66266cb
2013-07-16,0.21507715659941287,isotropic_constructed_macro_nats_full_precision_v3,0552c7f4701ada91e31e916f992171b9418cb47d283a56e61f311581d66266cb
2013-07-18,0.2514442388666729,isotropic_constructed_macro_nats_full_precision_v3,0552c7f4701ada91e31e916f992171b9418cb47d283a56e61f311581d66266cb
2013-07-22,0.24177324096541952,isotropic_constructed_macro_nats_full_precision_v3,0552c7f4701ada91e31e916f992171b9418cb47d283a56e61f311581d66266cb
2013-07-24,0.2076885079560359,isotropic_constructed_macro_nats_full_precision_v3,0552c7f4701ada91e31e916f992171b9418cb47d283a56e61f311581d66266cb
2013-07-26,0.20565303158489112,isotropic_constructed_macro_nats_full_precision_v3,0552c7f4701ada91e31e916f992171b9418cb47d283a56e61f311581d66266cb
2013-07-30,0.19236521333218376,isotropic_constructed_macro_nats_full_precision_v3,0552c7f4701ada91e31e916f992171b9418cb47d283a56e61f311581d66266cb
2013-08-01,0.20808182232268482,isotropic_constructed_macro_nats_full_precision_v3,0552c7f4701ada91e31e916f992171b9418cb47d283a56e61f311581d66266cb
2013-08-05,0.21773069908775,isotropic_constructed_macro_nats_full_precision_v3,0552c7f4701ada91e31e916f992171b9418cb47d283a56e61f311581d66266cb
2013-08-07,0.18910243922114933,isotropic_constructed_macro_nats_full_precision_v3,0552c7f4701ada91e31e916f992171b9418cb47d283a56e61f311581d66266cb
2013-08-09,0.20350703040295606,isotropic_constructed_macro_nats_full_precision_v3,0552c7f4701ada91e31e916f992171b9418cb47d283a56e61f311581d66266cb
2013-08-13,0.18166031475654149,isotropic_constructed_macro_nats_full_precision_v3,0552c7f4701ada91e31e916f992171b9418cb47d283a56e61f311581d66266cb
2013-08-15,0.21192429030047033,isotropic_constructed_macro_nats_full_precision_v3,0552c7f4701ada91e31e916f992171b9418cb47d283a56e61f311581d66266cb
2013-08-19,0.2522903641767932,isotropic_constructed_macro_nats_full_precision_v3,0552c7f4701ada91e31e916f992171b9418cb47d283a56e61f311581d66266cb
2013-08-21,0.23482310738782577,isotropic_constructed_macro_nats_full_precision_v3,0552c7f4701ada91e31e916f992171b9418cb47d283a56e61f311581d66266cb
2013-08-23,0.25340157477548336,isotropic_constructed_macro_nats_full_precision_v3,0552c7f4701ada91e31e916f992171b9418cb47d283a56e61f311581d66266cb
2013-08-27,0.2360105270345765,isotropic_constructed_macro_nats_full_precision_v3,0552c7f4701ada91e31e916f992171b9418cb47d283a56e61f311581d66266cb
2013-08-29,0.19026571688524327,isotropic_constructed_macro_nats_full_precision_v3,0552c7f4701ada91e31e916f992171b9418cb47d283a56e61f311581d66266cb
2013-09-03,0.24302535875489362,isotropic_constructed_macro_nats_full_precision_v3,0552c7f4701ada91e31e916f992171b9418cb47d283a56e61f311581d66266cb
2013-09-05,0.17455893305098014,isotropic_constructed_macro_nats_full_precision_v3,0552c7f4701ada91e31e916f992171b9418cb47d283a56e61f311581d66266cb
2013-09-09,0.1865969249957608,isotropic_constructed_macro_nats_full_precision_v3,0552c7f4701ada91e31e916f992171b9418cb47d283a56e61f311581d66266cb
2013-09-11,0.2299983159736861,isotropic_constructed_macro_nats_full_precision_v3,0552c7f4701ada91e31e916f992171b9418cb47d283a56e61f311581d66266cb
2013-09-13,0.2024843574819831,isotropic_constructed_macro_nats_full_precision_v3,0552c7f4701ada91e31e916f992171b9418cb47d283a56e61f311581d66266cb
2013-09-17,0.20542860638434407,isotropic_constructed_macro_nats_full_precision_v3,0552c7f4701ada91e31e916f992171b9418cb47d283a56e61f311581d66266cb
2013-09-19,0.22478407783076348,isotropic_constructed_macro_nats_full_precision_v3,0552c7f4701ada91e31e916f992171b9418cb47d283a56e61f311581d66266cb
2013-09-23,0.20691277962457455,isotropic_constructed_macro_nats_full_precision_v3,0552c7f4701ada91e31e916f992171b9418cb47d283a56e61f311581d66266cb
2013-09-25,0.22172370711425582,isotropic_constructed_macro_nats_full_precision_v3,0552c7f4701ada91e31e916f992171b9418cb47d283a56e61f311581d66266cb
2013-09-27,0.1915400697279646,isotropic_constructed_macro_nats_full_precision_v3,0552c7f4701ada91e31e916f992171b9418cb47d283a56e61f311581d66266cb
2013-10-01,0.20336009200617255,isotropic_constructed_macro_nats_full_precision_v3,0552c7f4701ada91e31e916f992171b9418cb47d283a56e61f311581d66266cb
2013-10-03,0.19116375271448055,isotropic_constructed_macro_nats_full_precision_v3,0552c7f4701ada91e31e916f992171b9418cb47d283a56e61f311581d66266cb
2013-10-07,0.2184122498279777,isotropic_constructed_macro_nats_full_precision_v3,0552c7f4701ada91e31e916f992171b9418cb47d283a56e61f311581d66266cb
2013-10-09,0.21007768515492073,isotropic_constructed_macro_nats_full_precision_v3,0552c7f4701ada91e31e916f992171b9418cb47d283a56e61f311581d66266cb
2013-10-11,0.2037243534009163,isotropic_constructed_macro_nats_full_precision_v3,0552c7f4701ada91e31e916f992171b9418cb47d283a56e61f311581d66266cb
2013-10-15,0.2577380235586577,isotropic_constructed_macro_nats_full_precision_v3,0552c7f4701ada91e31e916f992171b9418cb47d283a56e61f311581d66266cb
2013-10-17,0.2006614231103266,isotropic_constructed_macro_nats_full_precision_v3,0552c7f4701ada91e31e916f992171b9418cb47d283a56e61f311581d66266cb
2013-10-21,0.25225464505841744,isotropic_constructed_macro_nats_full_precision_v3,0552c7f4701ada91e31e916f992171b9418cb47d283a56e61f311581d66266cb
2013-10-23,0.20304842710786558,isotropic_constructed_macro_nats_full_precision_v3,0552c7f4701ada91e31e916f992171b9418cb47d283a56e61f311581d66266cb
2013-10-25,0.1915331910644547,isotropic_constructed_macro_nats_full_precision_v3,0552c7f4701ada91e31e916f992171b9418cb47d283a56e61f311581d66266cb
2013-10-29,0.21615571277374795,isotropic_constructed_macro_nats_full_precision_v3,0552c7f4701ada91e31e916f992171b9418cb47d283a56e61f311581d66266cb
2013-10-31,0.20695310939203151,isotropic_constructed_macro_nats_full_precision_v3,0552c7f4701ada91e31e916f992171b9418cb47d283a56e61f311581d66266cb
2013-11-04,0.2060943777870089,isotropic_constructed_macro_nats_full_precision_v3,0552c7f4701ada91e31e916f992171b9418cb47d283a56e61f311581d66266cb
2013-11-06,0.22004196225492284,isotropic_constructed_macro_nats_full_precision_v3,0552c7f4701ada91e31e916f992171b9418cb47d283a56e61f311581d66266cb
2013-11-08,0.20950579499057392,isotropic_constructed_macro_nats_full_precision_v3,0552c7f4701ada91e31e916f992171b9418cb47d283a56e61f311581d66266cb
2013-11-12,0.21529196112560336,isotropic_constructed_macro_nats_full_precision_v3,0552c7f4701ada91e31e916f992171b9418cb47d283a56e61f311581d66266cb
2013-11-14,0.20366076345499215,isotropic_constructed_macro_nats_full_precision_v3,0552c7f4701ada91e31e916f992171b9418cb47d283a56e61f311581d66266cb
2013-11-18,0.2065635912642985,isotropic_constructed_macro_nats_full_precision_v3,0552c7f4701ada91e31e916f992171b9418cb47d283a56e61f311581d66266cb
2013-11-20,0.2087825286750015,isotropic_constructed_macro_nats_full_precision_v3,0552c7f4701ada91e31e916f992171b9418cb47d283a56e61f311581d66266cb
2013-11-22,0.23314671061104578,isotropic_constructed_macro_nats_full_precision_v3,0552c7f4701ada91e31e916f992171b9418cb47d283a56e61f311581d66266cb
2013-11-26,0.23473352286581464,isotropic_constructed_macro_nats_full_precision_v3,0552c7f4701ada91e31e916f992171b9418cb47d283a56e61f311581d66266cb
2013-11-29,0.2175296834220281,isotropic_constructed_macro_nats_full_precision_v3,0552c7f4701ada91e31e916f992171b9418cb47d283a56e61f311581d66266cb
2013-12-03,0.1952203421965071,isotropic_constructed_macro_nats_full_precision_v3,0552c7f4701ada91e31e916f992171b9418cb47d283a56e61f311581d66266cb
2013-12-05,0.21894673406384277,isotropic_constructed_macro_nats_full_precision_v3,0552c7f4701ada91e31e916f992171b9418cb47d283a56e61f311581d66266cb
2013-12-09,0.2203545491455495,isotropic_constructed_macro_nats_full_precision_v3,0552c7f4701ada91e31e916f992171b9418cb47d283a56e61f311581d66266cb
2013-12-11,0.21451207251527957,isotropic_constructed_macro_nats_full_precision_v3,0552c7f4701ada91e31e916f992171b9418cb47d283a56e61f311581d66266cb
2013-12-13,0.21607130442131653,isotropic_constructed_macro_nats_full_precision_v3,0552c7f4701ada91e31e916f992171b9418cb47d283a56e61f311581d66266cb
2013-12-17,0.2116234931367368,isotropic_constructed_macro_nats_full_precision_v3,0552c7f4701ada91e31e916f992171b9418cb47d283a56e61f311581d66266cb
2013-12-19,0.21093624337614733,isotropic_constructed_macro_nats_full_precision_v3,0552c7f4701ada91e31e916f992171b9418cb47d283a56e61f311581d66266cb
2013-12-23,0.2124641549288776,isotropic_constructed_macro_nats_full_precision_v3,0552c7f4701ada91e31e916f992171b9418cb47d283a56e61f311581d66266cb
2013-12-26,0.2093127950256338,isotropic_constructed_macro_nats_full_precision_v3,0552c7f4701ada91e31e916f992171b9418cb47d283a56e61f311581d66266cb
2013-12-30,0.20475252033795838,isotropic_constructed_macro_nats_full_precision_v3,0552c7f4701ada91e31e916f992171b9418cb47d283a56e61f311581d66266cb
2014-01-02,0.20883379656640583,isotropic_constructed_macro_nats_full_precision_v3,0552c7f4701ada91e31e916f992171b9418cb47d283a56e61f311581d66266cb
2014-01-06,0.21950254299795346,isotropic_constructed_macro_nats_full_precision_v3,0552c7f4701ada91e31e916f992171b9418cb47d283a56e61f311581d66266cb
2014-01-08,0.18832958353430285,isotropic_constructed_macro_nats_full_precision_v3,0552c7f4701ada91e31e916f992171b9418cb47d283a56e61f311581d66266cb
2014-01-10,0.2218666367269888,isotropic_constructed_macro_nats_full_precision_v3,0552c7f4701ada91e31e916f992171b9418cb47d283a56e61f311581d66266cb
2014-01-14,0.21683525490297154,isotropic_constructed_macro_nats_full_precision_v3,0552c7f4701ada91e31e916f992171b9418cb47d283a56e61f311581d66266cb
2014-01-16,0.2042640625170047,isotropic_constructed_macro_nats_full_precision_v3,0552c7f4701ada91e31e916f992171b9418cb47d283a56e61f311581d66266cb
2014-01-21,0.18309756956645706,isotropic_constructed_macro_nats_full_precision_v3,0552c7f4701ada91e31e916f992171b9418cb47d283a56e61f311581d66266cb
2014-01-23,0.19236083926528505,isotropic_constructed_macro_nats_full_precision_v3,0552c7f4701ada91e31e916f992171b9418cb47d283a56e61f311581d66266cb
2014-01-27,0.17022262128466553,isotropic_constructed_macro_nats_full_precision_v3,0552c7f4701ada91e31e916f992171b9418cb47d283a56e61f311581d66266cb
2014-01-29,0.1614737073540508,isotropic_constructed_macro_nats_full_precision_v3,0552c7f4701ada91e31e916f992171b9418cb47d283a56e61f311581d66266cb
2014-01-31,0.20696906861724945,isotropic_constructed_macro_nats_full_precision_v3,0552c7f4701ada91e31e916f992171b9418cb47d283a56e61f311581d66266cb
2014-02-04,0.19381660980507717,isotropic_constructed_macro_nats_full_precision_v3,0552c7f4701ada91e31e916f992171b9418cb47d283a56e61f311581d66266cb
2014-02-06,0.17187022252874767,isotropic_constructed_macro_nats_full_precision_v3,0552c7f4701ada91e31e916f992171b9418cb47d283a56e61f311581d66266cb
2014-02-10,0.20551735334333093,isotropic_constructed_macro_nats_full_precision_v3,0552c7f4701ada91e31e916f992171b9418cb47d283a56e61f311581d66266cb
2014-02-12,0.20675016091472334,isotropic_constructed_macro_nats_full_precision_v3,0552c7f4701ada91e31e916f992171b9418cb47d283a56e61f311581d66266cb
2014-02-14,0.20957701152342204,isotropic_constructed_macro_nats_full_precision_v3,0552c7f4701ada91e31e916f992171b9418cb47d283a56e61f311581d66266cb
2014-02-19,0.1533725921741001,isotropic_constructed_macro_nats_full_precision_v3,0552c7f4701ada91e31e916f992171b9418cb47d283a56e61f311581d66266cb
2014-02-21,0.2159848291051184,isotropic_constructed_macro_nats_full_precision_v3,0552c7f4701ada91e31e916f992171b9418cb47d283a56e61f311581d66266cb
2014-02-25,0.21535546826436333,isotropic_constructed_macro_nats_full_precision_v3,0552c7f4701ada91e31e916f992171b9418cb47d283a56e61f311581d66266cb
2014-02-27,0.2157444481263142,isotropic_constructed_macro_nats_full_precision_v3,0552c7f4701ada91e31e916f992171b9418cb47d283a56e61f311581d66266cb
2014-03-03,0.22592729359234892,isotropic_constructed_macro_nats_full_precision_v3,0552c7f4701ada91e31e916f992171b9418cb47d283a56e61f311581d66266cb
2014-03-05,0.22798670388830022,isotropic_constructed_macro_nats_full_precision_v3,0552c7f4701ada91e31e916f992171b9418cb47d283a56e61f311581d66266cb
2014-03-07,0.20836543548596045,isotropic_constructed_macro_nats_full_precision_v3,0552c7f4701ada91e31e916f992171b9418cb47d283a56e61f311581d66266cb
2014-03-11,0.22145338560325356,isotropic_constructed_macro_nats_full_precision_v3,0552c7f4701ada91e31e916f992171b9418cb47d283a56e61f311581d66266cb
2014-03-13,0.18425518927227044,isotropic_constructed_macro_nats_full_precision_v3,0552c7f4701ada91e31e916f992171b9418cb47d283a56e61f311581d66266cb
2014-03-17,0.21751664942347806,isotropic_constructed_macro_nats_full_precision_v3,0552c7f4701ada91e31e916f992171b9418cb47d283a56e61f311581d66266cb
2014-03-19,0.2058686010780198,isotropic_constructed_macro_nats_full_precision_v3,0552c7f4701ada91e31e916f992171b9418cb47d283a56e61f311581d66266cb
2014-03-21,0.20864361896173503,isotropic_constructed_macro_nats_full_precision_v3,0552c7f4701ada91e31e916f992171b9418cb47d283a56e61f311581d66266cb
2014-03-25,0.209957195032268,isotropic_constructed_macro_nats_full_precision_v3,0552c7f4701ada91e31e916f992171b9418cb47d283a56e61f311581d66266cb
2014-03-27,0.21674027131562792,isotropic_constructed_macro_nats_full_precision_v3,0552c7f4701ada91e31e916f992171b9418cb47d283a56e61f311581d66266cb
2014-03-31,0.19250719514483952,isotropic_constructed_macro_nats_full_precision_v3,0552c7f4701ada91e31e916f992171b9418cb47d283a56e61f311581d66266cb
2014-04-02,0.19944369880388813,isotropic_constructed_macro_nats_full_precision_v3,0552c7f4701ada91e31e916f992171b9418cb47d283a56e61f311581d66266cb
2014-04-04,0.22036345147781067,isotropic_constructed_macro_nats_full_precision_v3,0552c7f4701ada91e31e916f992171b9418cb47d283a56e61f311581d66266cb
2014-04-08,0.18942694094049842,isotropic_constructed_macro_nats_full_precision_v3,0552c7f4701ada91e31e916f992171b9418cb47d283a56e61f311581d66266cb
2014-04-10,0.1915284675115125,isotropic_constructed_macro_nats_full_precision_v3,0552c7f4701ada91e31e916f992171b9418cb47d283a56e61f311581d66266cb
2014-04-14,0.23138594870521198,isotropic_constructed_macro_nats_full_precision_v3,0552c7f4701ada91e31e916f992171b9418cb47d283a56e61f311581d66266cb
2014-04-16,0.20252859370396337,isotropic_constructed_macro_nats_full_precision_v3,0552c7f4701ada91e31e916f992171b9418cb47d283a56e61f311581d66266cb
2014-04-21,0.21885089361555282,isotropic_constructed_macro_nats_full_precision_v3,0552c7f4701ada91e31e916f992171b9418cb47d283a56e61f311581d66266cb
2014-04-23,0.220562405416635,isotropic_constructed_macro_nats_full_precision_v3,0552c7f4701ada91e31e916f992171b9418cb47d283a56e61f311581d66266cb
2014-04-25,0.22390516322859072,isotropic_constructed_macro_nats_full_precision_v3,0552c7f4701ada91e31e916f992171b9418cb47d283a56e61f311581d66266cb
2014-04-29,0.20617180613335606,isotropic_constructed_macro_nats_full_precision_v3,0552c7f4701ada91e31e916f992171b9418cb47d283a56e61f311581d66266cb
2014-05-01,0.20900818240136812,isotropic_constructed_macro_nats_full_precision_v3,0552c7f4701ada91e31e916f992171b9418cb47d283a56e61f311581d66266cb
2014-05-05,0.20638508973524264,isotropic_constructed_macro_nats_full_precision_v3,0552c7f4701ada91e31e916f992171b9418cb47d283a56e61f311581d66266cb
2014-05-07,0.203221564089375,isotropic_constructed_macro_nats_full_precision_v3,0552c7f4701ada91e31e916f992171b9418cb47d283a56e61f311581d66266cb
2014-05-09,0.23017707693864894,isotropic_constructed_macro_nats_full_precision_v3,0552c7f4701ada91e31e916f992171b9418cb47d283a56e61f311581d66266cb
2014-05-13,0.20776576058287013,isotropic_constructed_macro_nats_full_precision_v3,0552c7f4701ada91e31e916f992171b9418cb47d283a56e61f311581d66266cb
2014-05-15,0.23411492765321984,isotropic_constructed_macro_nats_full_precision_v3,0552c7f4701ada91e31e916f992171b9418cb47d283a56e61f311581d66266cb
2014-05-19,0.2509233895153644,isotropic_constructed_macro_nats_full_precision_v3,0552c7f4701ada91e31e916f992171b9418cb47d283a56e61f311581d66266cb
2014-05-21,0.21559188870386095,isotropic_constructed_macro_nats_full_precision_v3,0552c7f4701ada91e31e916f992171b9418cb47d283a56e61f311581d66266cb
2014-05-23,0.223805594491697,isotropic_constructed_macro_nats_full_precision_v3,0552c7f4701ada91e31e916f992171b9418cb47d283a56e61f311581d66266cb
2014-05-28,0.24624521647103653,isotropic_constructed_macro_nats_full_precision_v3,0552c7f4701ada91e31e916f992171b9418cb47d283a56e61f311581d66266cb
2014-05-30,0.24484494538082568,isotropic_constructed_macro_nats_full_precision_v3,0552c7f4701ada91e31e916f992171b9418cb47d283a56e61f311581d66266cb
2014-06-03,0.2095062554143441,isotropic_constructed_macro_nats_full_precision_v3,0552c7f4701ada91e31e916f992171b9418cb47d283a56e61f311581d66266cb
2014-06-05,0.23180833018677316,isotropic_constructed_macro_nats_full_precision_v3,0552c7f4701ada91e31e916f992171b9418cb47d283a56e61f311581d66266cb
2014-06-09,0.22201057855336673,isotropic_constructed_macro_nats_full_precision_v3,0552c7f4701ada91e31e916f992171b9418cb47d283a56e61f311581d66266cb
2014-06-11,0.21780516958374854,isotropic_constructed_macro_nats_full_precision_v3,0552c7f4701ada91e31e916f992171b9418cb47d283a56e61f311581d66266cb
2014-06-13,0.23560500196833462,isotropic_constructed_macro_nats_full_precision_v3,0552c7f4701ada91e31e916f992171b9418cb47d283a56e61f311581d66266cb
2014-06-17,0.21687985289514847,isotropic_constructed_macro_nats_full_precision_v3,0552c7f4701ada91e31e916f992171b9418cb47d283a56e61f311581d66266cb
2014-06-19,0.2148556482633987,isotropic_constructed_macro_nats_full_precision_v3,0552c7f4701ada91e31e916f992171b9418cb47d283a56e61f311581d66266cb
2014-06-23,0.20465922151388985,isotropic_constructed_macro_nats_full_precision_v3,0552c7f4701ada91e31e916f992171b9418cb47d283a56e61f311581d66266cb
2014-06-25,0.21261794011989157,isotropic_constructed_macro_nats_full_precision_v3,0552c7f4701ada91e31e916f992171b9418cb47d283a56e61f311581d66266cb
2014-06-27,0.21175410421950266,isotropic_constructed_macro_nats_full_precision_v3,0552c7f4701ada91e31e916f992171b9418cb47d283a56e61f311581d66266cb
2014-07-01,0.20281954082581527,isotropic_constructed_macro_nats_full_precision_v3,0552c7f4701ada91e31e916f992171b9418cb47d283a56e61f311581d66266cb
2014-07-03,0.20254520962897563,isotropic_constructed_macro_nats_full_precision_v3,0552c7f4701ada91e31e916f992171b9418cb47d283a56e61f311581d66266cb
2014-07-08,0.1978061463957974,isotropic_constructed_macro_nats_full_precision_v3,0552c7f4701ada91e31e916f992171b9418cb47d283a56e61f311581d66266cb
2014-07-10,0.2276076663763682,isotropic_constructed_macro_nats_full_precision_v3,0552c7f4701ada91e31e916f992171b9418cb47d283a56e61f311581d66266cb
2014-07-14,0.23171017714985892,isotropic_constructed_macro_nats_full_precision_v3,0552c7f4701ada91e31e916f992171b9418cb47d283a56e61f311581d66266cb
2014-07-16,0.23297115809613753,isotropic_constructed_macro_nats_full_precision_v3,0552c7f4701ada91e31e916f992171b9418cb47d283a56e61f311581d66266cb
2014-07-18,0.2321257275937775,isotropic_constructed_macro_nats_full_precision_v3,0552c7f4701ada91e31e916f992171b9418cb47d283a56e61f311581d66266cb
2014-07-22,0.22231562664919996,isotropic_constructed_macro_nats_full_precision_v3,0552c7f4701ada91e31e916f992171b9418cb47d283a56e61f311581d66266cb
2014-07-24,0.22445195726273404,isotropic_constructed_macro_nats_full_precision_v3,0552c7f4701ada91e31e916f992171b9418cb47d283a56e61f311581d66266cb
2014-07-28,0.2473514024271921,isotropic_constructed_macro_nats_full_precision_v3,0552c7f4701ada91e31e916f992171b9418cb47d283a56e61f311581d66266cb
2014-07-30,0.24176286813819214,isotropic_constructed_macro_nats_full_precision_v3,0552c7f4701ada91e31e916f992171b9418cb47d283a56e61f311581d66266cb
2014-08-01,0.23853735472180482,isotropic_constructed_macro_nats_full_precision_v3,0552c7f4701ada91e31e916f992171b9418cb47d283a56e61f311581d66266cb
2014-08-05,0.21340047880823942,isotropic_constructed_macro_nats_full_precision_v3,0552c7f4701ada91e31e916f992171b9418cb47d283a56e61f311581d66266cb
2014-08-07,0.20552725279694622,isotropic_constructed_macro_nats_full_precision_v3,0552c7f4701ada91e31e916f992171b9418cb47d283a56e61f311581d66266cb
2014-08-11,0.20398965941903385,isotropic_constructed_macro_nats_full_precision_v3,0552c7f4701ada91e31e916f992171b9418cb47d283a56e61f311581d66266cb
2014-08-13,0.20132793063091886,isotropic_constructed_macro_nats_full_precision_v3,0552c7f4701ada91e31e916f992171b9418cb47d283a56e61f311581d66266cb
2014-08-15,0.198542175011355,isotropic_constructed_macro_nats_full_precision_v3,0552c7f4701ada91e31e916f992171b9418cb47d283a56e61f311581d66266cb
2014-08-19,0.1826312352273233,isotropic_constructed_macro_nats_full_precision_v3,0552c7f4701ada91e31e916f992171b9418cb47d283a56e61f311581d66266cb
2014-08-21,0.17125504172588676,isotropic_constructed_macro_nats_full_precision_v3,0552c7f4701ada91e31e916f992171b9418cb47d283a56e61f311581d66266cb
2014-08-25,0.17178734083770908,isotropic_constructed_macro_nats_full_precision_v3,0552c7f4701ada91e31e916f992171b9418cb47d283a56e61f311581d66266cb
2014-08-27,0.19224058027032834,isotropic_constructed_macro_nats_full_precision_v3,0552c7f4701ada91e31e916f992171b9418cb47d283a56e61f311581d66266cb
2014-08-29,0.17136824904901465,isotropic_constructed_macro_nats_full_precision_v3,0552c7f4701ada91e31e916f992171b9418cb47d283a56e61f311581d66266cb
2014-09-03,0.1696266389936362,isotropic_constructed_macro_nats_full_precision_v3,0552c7f4701ada91e31e916f992171b9418cb47d283a56e61f311581d66266cb
2014-09-05,0.1723812914275896,isotropic_constructed_macro_nats_full_precision_v3,0552c7f4701ada91e31e916f992171b9418cb47d283a56e61f311581d66266cb
2014-09-09,0.18054712864090358,isotropic_constructed_macro_nats_full_precision_v3,0552c7f4701ada91e31e916f992171b9418cb47d283a56e61f311581d66266cb
2014-09-11,0.1759737855044947,isotropic_constructed_macro_nats_full_precision_v3,0552c7f4701ada91e31e916f992171b9418cb47d283a56e61f311581d66266cb
2014-09-15,0.1776283703560793,isotropic_constructed_macro_nats_full_precision_v3,0552c7f4701ada91e31e916f992171b9418cb47d283a56e61f311581d66266cb
2014-09-17,0.18191167152215387,isotropic_constructed_macro_nats_full_precision_v3,0552c7f4701ada91e31e916f992171b9418cb47d283a56e61f311581d66266cb
2014-09-19,0.1835464140411147,isotropic_constructed_macro_nats_full_precision_v3,0552c7f4701ada91e31e916f992171b9418cb47d283a56e61f311581d66266cb
2014-09-23,0.18118602078130291,isotropic_constructed_macro_nats_full_precision_v3,0552c7f4701ada91e31e916f992171b9418cb47d283a56e61f311581d66266cb
2014-09-25,0.1756333152798482,isotropic_constructed_macro_nats_full_precision_v3,0552c7f4701ada91e31e916f992171b9418cb47d283a56e61f311581d66266cb
2014-09-29,0.17422337932782342,isotropic_constructed_macro_nats_full_precision_v3,0552c7f4701ada91e31e916f992171b9418cb47d283a56e61f311581d66266cb
2014-10-01,0.17678260519975636,isotropic_constructed_macro_nats_full_precision_v3,0552c7f4701ada91e31e916f992171b9418cb47d283a56e61f311581d66266cb
2014-10-03,0.17349328229558414,isotropic_constructed_macro_nats_full_precision_v3,0552c7f4701ada91e31e916f992171b9418cb47d283a56e61f311581d66266cb
2014-10-07,0.16450266093411142,isotropic_constructed_macro_nats_full_precision_v3,0552c7f4701ada91e31e916f992171b9418cb47d283a56e61f311581d66266cb
2014-10-09,0.16288734184442788,isotropic_constructed_macro_nats_full_precision_v3,0552c7f4701ada91e31e916f992171b9418cb47d283a56e61f311581d66266cb
2014-10-13,0.1721383956760506,isotropic_constructed_macro_nats_full_precision_v3,0552c7f4701ada91e31e916f992171b9418cb47d283a56e61f311581d66266cb
2014-10-15,0.17505785543744873,isotropic_constructed_macro_nats_full_precision_v3,0552c7f4701ada91e31e916f992171b9418cb47d283a56e61f311581d66266cb
2014-10-17,0.1897252214311529,isotropic_constructed_macro_nats_full_precision_v3,0552c7f4701ada91e31e916f992171b9418cb47d283a56e61f311581d66266cb
2014-10-21,0.1875435326847955,isotropic_constructed_macro_nats_full_precision_v3,0552c7f4701ada91e31e916f992171b9418cb47d283a56e61f311581d66266cb
2014-10-23,0.18209742940753265,isotropic_constructed_macro_nats_full_precision_v3,0552c7f4701ada91e31e916f992171b9418cb47d283a56e61f311581d66266cb
2014-10-27,0.19244663731619252,isotropic_constructed_macro_nats_full_precision_v3,0552c7f4701ada91e31e916f992171b9418cb47d283a56e61f311581d66266cb
2014-10-29,0.19464181645619194,isotropic_constructed_macro_nats_full_precision_v3,0552c7f4701ada91e31e916f992171b9418cb47d283a56e61f311581d66266cb
2014-10-31,0.19703118687300095,isotropic_constructed_macro_nats_full_precision_v3,0552c7f4701ada91e31e916f992171b9418cb47d283a56e61f311581d66266cb
2014-11-04,0.1871458587712772,isotropic_constructed_macro_nats_full_precision_v3,0552c7f4701ada91e31e916f992171b9418cb47d283a56e61f311581d66266cb
2014-11-06,0.13476301478585678,isotropic_constructed_macro_nats_full_precision_v3,0552c7f4701ada91e31e916f992171b9418cb47d283a56e61f311581d66266cb
2014-11-10,0.10710020082572089,isotropic_constructed_macro_nats_full_precision_v3,0552c7f4701ada91e31e916f992171b9418cb47d283a56e61f311581d66266cb
2014-11-12,0.10626720226286164,isotropic_constructed_macro_nats_full_precision_v3,0552c7f4701ada91e31e916f992171b9418cb47d283a56e61f311581d66266cb
2014-11-14,0.1070631746003676,isotropic_constructed_macro_nats_full_precision_v3,0552c7f4701ada91e31e916f992171b9418cb47d283a56e61f311581d66266cb
2014-11-18,0.10363229814416552,isotropic_constructed_macro_nats_full_precision_v3,0552c7f4701ada91e31e916f992171b9418cb47d283a56e61f311581d66266cb
2014-11-20,0.10032163673966146,isotropic_constructed_macro_nats_full_precision_v3,0552c7f4701ada91e31e916f992171b9418cb47d283a56e61f311581d66266cb
2014-11-24,0.08710666946174375,isotropic_constructed_macro_nats_full_precision_v3,0552c7f4701ada91e31e916f992171b9418cb47d283a56e61f311581d66266cb
2014-11-26,0.08251894533637033,isotropic_constructed_macro_nats_full_precision_v3,0552c7f4701ada91e31e916f992171b9418cb47d283a56e61f311581d66266cb
2014-12-01,0.08970571992300656,isotropic_constructed_macro_nats_full_precision_v3,0552c7f4701ada91e31e916f992171b9418cb47d283a56e61f311581d66266cb
2014-12-03,0.08045711939345945,isotropic_constructed_macro_nats_full_precision_v3,0552c7f4701ada91e31e916f992171b9418cb47d283a56e61f311581d66266cb
2014-12-05,0.09720367518611729,isotropic_constructed_macro_nats_full_precision_v3,0552c7f4701ada91e31e916f992171b9418cb47d283a56e61f311581d66266cb
2014-12-09,0.10069943459396734,isotropic_constructed_macro_nats_full_precision_v3,0552c7f4701ada91e31e916f992171b9418cb47d283a56e61f311581d66266cb
2014-12-11,0.09903415870221703,isotropic_constructed_macro_nats_full_precision_v3,0552c7f4701ada91e31e916f992171b9418cb47d283a56e61f311581d66266cb
2014-12-15,0.09580002485432004,isotropic_constructed_macro_nats_full_precision_v3,0552c7f4701ada91e31e916f992171b9418cb47d283a56e61f311581d66266cb
2014-12-17,0.10133143181134734,isotropic_constructed_macro_nats_full_precision_v3,0552c7f4701ada91e31e916f992171b9418cb47d283a56e61f311581d66266cb
2014-12-19,0.10801056336428919,isotropic_constructed_macro_nats_full_precision_v3,0552c7f4701ada91e31e916f992171b9418cb47d283a56e61f311581d66266cb
2014-12-23,0.10888535268986317,isotropic_constructed_macro_nats_full_precision_v3,0552c7f4701ada91e31e916f992171b9418cb47d283a56e61f311581d66266cb
2014-12-26,0.09827315076212913,isotropic_constructed_macro_nats_full_precision_v3,0552c7f4701ada91e31e916f992171b9418cb47d283a56e61f311581d66266cb
2014-12-30,0.09743691712732788,isotropic_constructed_macro_nats_full_precision_v3,0552c7f4701ada91e31e916f992171b9418cb47d283a56e61f311581d66266cb
2015-01-02,0.09721540683728064,isotropic_constructed_macro_nats_full_precision_v3,0552c7f4701ada91e31e916f992171b9418cb47d283a56e61f311581d66266cb
2015-01-06,0.07409430390403049,isotropic_constructed_macro_nats_full_precision_v3,0552c7f4701ada91e31e916f992171b9418cb47d283a56e61f311581d66266cb
2015-01-08,0.08611379091482269,isotropic_constructed_macro_nats_full_precision_v3,0552c7f4701ada91e31e916f992171b9418cb47d283a56e61f311581d66266cb
2015-01-12,0.09105201926032211,isotropic_constructed_macro_nats_full_precision_v3,0552c7f4701ada91e31e916f992171b9418cb47d283a56e61f311581d66266cb
2015-01-14,0.08676059179026385,isotropic_constructed_macro_nats_full_precision_v3,0552c7f4701ada91e31e916f992171b9418cb47d283a56e61f311581d66266cb
2015-01-16,0.07599679497993049,isotropic_constructed_macro_nats_full_precision_v3,0552c7f4701ada91e31e916f992171b9418cb47d283a56e61f311581d66266cb
2015-01-21,0.08011461250106813,isotropic_constructed_macro_nats_full_precision_v3,0552c7f4701ada91e31e916f992171b9418cb47d283a56e61f311581d66266cb
2015-01-23,0.08632319045103494,isotropic_constructed_macro_nats_full_precision_v3,0552c7f4701ada91e31e916f992171b9418cb47d283a56e61f311581d66266cb
2015-01-27,0.06811124903677027,isotropic_constructed_macro_nats_full_precision_v3,0552c7f4701ada91e31e916f992171b9418cb47d283a56e61f311581d66266cb
2015-01-29,0.07732754228859212,isotropic_constructed_macro_nats_full_precision_v3,0552c7f4701ada91e31e916f992171b9418cb47d283a56e61f311581d66266cb
2015-02-02,0.07690141550251545,isotropic_constructed_macro_nats_full_precision_v3,0552c7f4701ada91e31e916f992171b9418cb47d283a56e61f311581d66266cb
2015-02-04,0.08443440721295149,isotropic_constructed_macro_nats_full_precision_v3,0552c7f4701ada91e31e916f992171b9418cb47d283a56e61f311581d66266cb
2015-02-06,0.07937498924519605,isotropic_constructed_macro_nats_full_precision_v3,0552c7f4701ada91e31e916f992171b9418cb47d283a56e61f311581d66266cb
2015-02-10,0.08086781817974298,isotropic_constructed_macro_nats_full_precision_v3,0552c7f4701ada91e31e916f992171b9418cb47d283a56e61f311581d66266cb
2015-02-12,0.09184751069701018,isotropic_constructed_macro_nats_full_precision_v3,0552c7f4701ada91e31e916f992171b9418cb47d283a56e61f311581d66266cb
2015-02-17,0.08203645312352871,isotropic_constructed_macro_nats_full_precision_v3,0552c7f4701ada91e31e916f992171b9418cb47d283a56e61f311581d66266cb
2015-02-19,0.08383409107751642,isotropic_constructed_macro_nats_full_precision_v3,0552c7f4701ada91e31e916f992171b9418cb47d283a56e61f311581d66266cb
2015-02-23,0.08251956097647703,isotropic_constructed_macro_nats_full_precision_v3,0552c7f4701ada91e31e916f992171b9418cb47d283a56e61f311581d66266cb
2015-02-25,0.08396930213286045,isotropic_constructed_macro_nats_full_precision_v3,0552c7f4701ada91e31e916f992171b9418cb47d283a56e61f311581d66266cb
2015-02-27,0.07944239173285314,isotropic_constructed_macro_nats_full_precision_v3,0552c7f4701ada91e31e916f992171b9418cb47d283a56e61f311581d66266cb
2015-03-03,0.0807248110317984,isotropic_constructed_macro_nats_full_precision_v3,0552c7f4701ada91e31e916f992171b9418cb47d283a56e61f311581d66266cb
2015-03-05,0.088200097223685,isotropic_constructed_macro_nats_full_precision_v3,0552c7f4701ada91e31e916f992171b9418cb47d283a56e61f311581d66266cb
2015-03-09,0.08537503378402829,isotropic_constructed_macro_nats_full_precision_v3,0552c7f4701ada91e31e916f992171b9418cb47d283a56e61f311581d66266cb
2015-03-11,0.09910550864011072,isotropic_constructed_macro_nats_full_precision_v3,0552c7f4701ada91e31e916f992171b9418cb47d283a56e61f311581d66266cb
2015-03-13,0.09415505057375058,isotropic_constructed_macro_nats_full_precision_v3,0552c7f4701ada91e31e916f992171b9418cb47d283a56e61f311581d66266cb
2015-03-17,0.09718387474459392,isotropic_constructed_macro_nats_full_precision_v3,0552c7f4701ada91e31e916f992171b9418cb47d283a56e61f311581d66266cb
2015-03-19,0.09996598233358096,isotropic_constructed_macro_nats_full_precision_v3,0552c7f4701ada91e31e916f992171b9418cb47d283a56e61f311581d66266cb
2015-03-23,0.10061057934491516,isotropic_constructed_macro_nats_full_precision_v3,0552c7f4701ada91e31e916f992171b9418cb47d283a56e61f311581d66266cb
2015-03-25,0.11073638007197655,isotropic_constructed_macro_nats_full_precision_v3,0552c7f4701ada91e31e916f992171b9418cb47d283a56e61f311581d66266cb
2015-03-27,0.10990547162887984,isotropic_constructed_macro_nats_full_precision_v3,0552c7f4701ada91e31e916f992171b9418cb47d283a56e61f311581d66266cb
2015-03-31,0.10411000159309934,isotropic_constructed_macro_nats_full_precision_v3,0552c7f4701ada91e31e916f992171b9418cb47d283a56e61f311581d66266cb
2015-04-02,0.1040567246737505,isotropic_constructed_macro_nats_full_precision_v3,0552c7f4701ada91e31e916f992171b9418cb47d283a56e61f311581d66266cb
2015-04-07,0.1032879878442507,isotropic_constructed_macro_nats_full_precision_v3,0552c7f4701ada91e31e916f992171b9418cb47d283a56e61f311581d66266cb
2015-04-09,0.10615294813335413,isotropic_constructed_macro_nats_full_precision_v3,0552c7f4701ada91e31e916f992171b9418cb47d283a56e61f311581d66266cb
2015-04-13,0.10936928148715391,isotropic_constructed_macro_nats_full_precision_v3,0552c7f4701ada91e31e916f992171b9418cb47d283a56e61f311581d66266cb
2015-04-15,0.11245946230191467,isotropic_constructed_macro_nats_full_precision_v3,0552c7f4701ada91e31e916f992171b9418cb47d283a56e61f311581d66266cb
2015-04-17,0.11321426747408558,isotropic_constructed_macro_nats_full_precision_v3,0552c7f4701ada91e31e916f992171b9418cb47d283a56e61f311581d66266cb
2015-04-21,0.11171296658374305,isotropic_constructed_macro_nats_full_precision_v3,0552c7f4701ada91e31e916f992171b9418cb47d283a56e61f311581d66266cb
2015-04-23,0.10359375789299675,isotropic_constructed_macro_nats_full_precision_v3,0552c7f4701ada91e31e916f992171b9418cb47d283a56e61f311581d66266cb
2015-04-27,0.104037721129025,isotropic_constructed_macro_nats_full_precision_v3,0552c7f4701ada91e31e916f992171b9418cb47d283a56e61f311581d66266cb
2015-04-29,0.10232632505540261,isotropic_constructed_macro_nats_full_precision_v3,0552c7f4701ada91e31e916f992171b9418cb47d283a56e61f311581d66266cb
2015-05-01,0.11065659543500943,isotropic_constructed_macro_nats_full_precision_v3,0552c7f4701ada91e31e916f992171b9418cb47d283a56e61f311581d66266cb
2015-05-05,0.11067304282984265,isotropic_constructed_macro_nats_full_precision_v3,0552c7f4701ada91e31e916f992171b9418cb47d283a56e61f311581d66266cb
2015-05-07,0.11373794146079809,isotropic_constructed_macro_nats_full_precision_v3,0552c7f4701ada91e31e916f992171b9418cb47d283a56e61f311581d66266cb
2015-05-11,0.11656924362527676,isotropic_constructed_macro_nats_full_precision_v3,0552c7f4701ada91e31e916f992171b9418cb47d283a56e61f311581d66266cb
2015-05-13,0.11907167208527293,isotropic_constructed_macro_nats_full_precision_v3,0552c7f4701ada91e31e916f992171b9418cb47d283a56e61f311581d66266cb
2015-05-15,0.1165334191030612,isotropic_constructed_macro_nats_full_precision_v3,0552c7f4701ada91e31e916f992171b9418cb47d283a56e61f311581d66266cb
2015-05-19,0.11626494106761752,isotropic_constructed_macro_nats_full_precision_v3,0552c7f4701ada91e31e916f992171b9418cb47d283a56e61f311581d66266cb
2015-05-21,0.11929551276296389,isotropic_constructed_macro_nats_full_precision_v3,0552c7f4701ada91e31e916f992171b9418cb47d283a56e61f311581d66266cb
2015-05-26,0.12229260350897121,isotropic_constructed_macro_nats_full_precision_v3,0552c7f4701ada91e31e916f992171b9418cb47d283a56e61f311581d66266cb
2015-05-28,0.13066512448217932,isotropic_constructed_macro_nats_full_precision_v3,0552c7f4701ada91e31e916f992171b9418cb47d283a56e61f311581d66266cb
2015-06-01,0.1276899571472891,isotropic_constructed_macro_nats_full_precision_v3,0552c7f4701ada91e31e916f992171b9418cb47d283a56e61f311581d66266cb
2015-06-03,0.12816966984637568,isotropic_constructed_macro_nats_full_precision_v3,0552c7f4701ada91e31e916f992171b9418cb47d283a56e61f311581d66266cb
2015-06-05,0.12616851594795025,isotropic_constructed_macro_nats_full_precision_v3,0552c7f4701ada91e31e916f992171b9418cb47d283a56e61f311581d66266cb
2015-06-09,0.12451784570754279,isotropic_constructed_macro_nats_full_precision_v3,0552c7f4701ada91e31e916f992171b9418cb47d283a56e61f311581d66266cb
2015-06-11,0.11639970821822486,isotropic_constructed_macro_nats_full_precision_v3,0552c7f4701ada91e31e916f992171b9418cb47d283a56e61f311581d66266cb
2015-06-15,0.11422864044357024,isotropic_constructed_macro_nats_full_precision_v3,0552c7f4701ada91e31e916f992171b9418cb47d283a56e61f311581d66266cb
2015-06-17,0.11689413542071089,isotropic_constructed_macro_nats_full_precision_v3,0552c7f4701ada91e31e916f992171b9418cb47d283a56e61f311581d66266cb
2015-06-19,0.11492520391178639,isotropic_constructed_macro_nats_full_precision_v3,0552c7f4701ada91e31e916f992171b9418cb47d283a56e61f311581d66266cb
2015-06-23,0.11551012136703229,isotropic_constructed_macro_nats_full_precision_v3,0552c7f4701ada91e31e916f992171b9418cb47d283a56e61f311581d66266cb
2015-06-25,0.13461910946367728,isotropic_constructed_macro_nats_full_precision_v3,0552c7f4701ada91e31e916f992171b9418cb47d283a56e61f311581d66266cb
2015-06-29,0.14346048522651494,isotropic_constructed_macro_nats_full_precision_v3,0552c7f4701ada91e31e916f992171b9418cb47d283a56e61f311581d66266cb
2015-07-01,0.13340604966338176,isotropic_constructed_macro_nats_full_precision_v3,0552c7f4701ada91e31e916f992171b9418cb47d283a56e61f311581d66266cb
2015-07-06,0.12713908259892204,isotropic_constructed_macro_nats_full_precision_v3,0552c7f4701ada91e31e916f992171b9418cb47d283a56e61f311581d66266cb
2015-07-08,0.12428701299014665,isotropic_constructed_macro_nats_full_precision_v3,0552c7f4701ada91e31e916f992171b9418cb47d283a56e61f311581d66266cb
2015-07-10,0.12551206505061901,isotropic_constructed_macro_nats_full_precision_v3,0552c7f4701ada91e31e916f992171b9418cb47d283a56e61f311581d66266cb
2015-07-14,0.12625506849764226,isotropic_constructed_macro_nats_full_precision_v3,0552c7f4701ada91e31e916f992171b9418cb47d283a56e61f311581d66266cb
2015-07-16,0.12222721213103659,isotropic_constructed_macro_nats_full_precision_v3,0552c7f4701ada91e31e916f992171b9418cb47d283a56e61f311581d66266cb
2015-07-20,0.113725270174204,isotropic_constructed_macro_nats_full_precision_v3,0552c7f4701ada91e31e916f992171b9418cb47d283a56e61f311581d66266cb
2015-07-22,0.11095154946320833,isotropic_constructed_macro_nats_full_precision_v3,0552c7f4701ada91e31e916f992171b9418cb47d283a56e61f311581d66266cb
2015-07-24,0.10298914333547995,isotropic_constructed_macro_nats_full_precision_v3,0552c7f4701ada91e31e916f992171b9418cb47d283a56e61f311581d66266cb
2015-07-28,0.10773751123364239,isotropic_constructed_macro_nats_full_precision_v3,0552c7f4701ada91e31e916f992171b9418cb47d283a56e61f311581d66266cb
2015-07-30,0.11778671936433867,isotropic_constructed_macro_nats_full_precision_v3,0552c7f4701ada91e31e916f992171b9418cb47d283a56e61f311581d66266cb
2015-08-03,0.10806078938611538,isotropic_constructed_macro_nats_full_precision_v3,0552c7f4701ada91e31e916f992171b9418cb47d283a56e61f311581d66266cb
2015-08-05,0.11260352126842006,isotropic_constructed_macro_nats_full_precision_v3,0552c7f4701ada91e31e916f992171b9418cb47d283a56e61f311581d66266cb
2015-08-07,0.10479057432242507,isotropic_constructed_macro_nats_full_precision_v3,0552c7f4701ada91e31e916f992171b9418cb47d283a56e61f311581d66266cb
2015-08-11,0.1045192650961217,isotropic_constructed_macro_nats_full_precision_v3,0552c7f4701ada91e31e916f992171b9418cb47d283a56e61f311581d66266cb
2015-08-13,0.10625806877246902,isotropic_constructed_macro_nats_full_precision_v3,0552c7f4701ada91e31e916f992171b9418cb47d283a56e61f311581d66266cb
2015-08-17,0.1033082095697407,isotropic_constructed_macro_nats_full_precision_v3,0552c7f4701ada91e31e916f992171b9418cb47d283a56e61f311581d66266cb
2015-08-19,0.10312719887989177,isotropic_constructed_macro_nats_full_precision_v3,0552c7f4701ada91e31e916f992171b9418cb47d283a56e61f311581d66266cb
2015-08-21,0.10405170794875407,isotropic_constructed_macro_nats_full_precision_v3,0552c7f4701ada91e31e916f992171b9418cb47d283a56e61f311581d66266cb
2015-08-25,0.10433651015166062,isotropic_constructed_macro_nats_full_precision_v3,0552c7f4701ada91e31e916f992171b9418cb47d283a56e61f311581d66266cb
2015-08-27,0.11107957614329107,isotropic_constructed_macro_nats_full_precision_v3,0552c7f4701ada91e31e916f992171b9418cb47d283a56e61f311581d66266cb
2015-08-31,0.10888460016362912,isotropic_constructed_macro_nats_full_precision_v3,0552c7f4701ada91e31e916f992171b9418cb47d283a56e61f311581d66266cb
2015-09-02,0.10634439887997497,isotropic_constructed_macro_nats_full_precision_v3,0552c7f4701ada91e31e916f992171b9418cb47d283a56e61f311581d66266cb
2015-09-04,0.10719739951483666,isotropic_constructed_macro_nats_full_precision_v3,0552c7f4701ada91e31e916f992171b9418cb47d283a56e61f311581d66266cb
2015-09-09,0.10977722659994277,isotropic_constructed_macro_nats_full_precision_v3,0552c7f4701ada91e31e916f992171b9418cb47d283a56e61f311581d66266cb
2015-09-11,0.10698643486395458,isotropic_constructed_macro_nats_full_precision_v3,0552c7f4701ada91e31e916f992171b9418cb47d283a56e61f311581d66266cb
2015-09-15,0.10651843093212628,isotropic_constructed_macro_nats_full_precision_v3,0552c7f4701ada91e31e916f992171b9418cb47d283a56e61f311581d66266cb
2015-09-17,0.1085688092808894,isotropic_constructed_macro_nats_full_precision_v3,0552c7f4701ada91e31e916f992171b9418cb47d283a56e61f311581d66266cb
2015-09-21,0.1018219859330763,isotropic_constructed_macro_nats_full_precision_v3,0552c7f4701ada91e31e916f992171b9418cb47d283a56e61f311581d66266cb
2015-09-23,0.09945864643353677,isotropic_constructed_macro_nats_full_precision_v3,0552c7f4701ada91e31e916f992171b9418cb47d283a56e61f311581d66266cb
2015-09-25,0.10076895688166834,isotropic_constructed_macro_nats_full_precision_v3,0552c7f4701ada91e31e916f992171b9418cb47d283a56e61f311581d66266cb
2015-09-29,0.09874303203021242,isotropic_constructed_macro_nats_full_precision_v3,0552c7f4701ada91e31e916f992171b9418cb47d283a56e61f311581d66266cb
2015-10-01,0.10052077614177861,isotropic_constructed_macro_nats_full_precision_v3,0552c7f4701ada91e31e916f992171b9418cb47d283a56e61f311581d66266cb
2015-10-05,0.09832685863497634,isotropic_constructed_macro_nats_full_precision_v3,0552c7f4701ada91e31e916f992171b9418cb47d283a56e61f311581d66266cb
2015-10-07,0.10001504242833452,isotropic_constructed_macro_nats_full_precision_v3,0552c7f4701ada91e31e916f992171b9418cb47d283a56e61f311581d66266cb
2015-10-09,0.10005814548342992,isotropic_constructed_macro_nats_full_precision_v3,0552c7f4701ada91e31e916f992171b9418cb47d283a56e61f311581d66266cb
2015-10-13,0.10224287130790383,isotropic_constructed_macro_nats_full_precision_v3,0552c7f4701ada91e31e916f992171b9418cb47d283a56e61f311581d66266cb
2015-10-15,0.1057132410984085,isotropic_constructed_macro_nats_full_precision_v3,0552c7f4701ada91e31e916f992171b9418cb47d283a56e61f311581d66266cb
2015-10-19,0.10466616862385565,isotropic_constructed_macro_nats_full_precision_v3,0552c7f4701ada91e31e916f992171b9418cb47d283a56e61f311581d66266cb
2015-10-21,0.10591334493536202,isotropic_constructed_macro_nats_full_precision_v3,0552c7f4701ada91e31e916f992171b9418cb47d283a56e61f311581d66266cb
2015-10-23,0.10325929629479043,isotropic_constructed_macro_nats_full_precision_v3,0552c7f4701ada91e31e916f992171b9418cb47d283a56e61f311581d66266cb
2015-10-27,0.08396270517533513,isotropic_constructed_macro_nats_full_precision_v3,0552c7f4701ada91e31e916f992171b9418cb47d283a56e61f311581d66266cb
2015-10-29,0.08986161907009732,isotropic_constructed_macro_nats_full_precision_v3,0552c7f4701ada91e31e916f992171b9418cb47d283a56e61f311581d66266cb
2015-11-02,0.10428870053648993,isotropic_constructed_macro_nats_full_precision_v3,0552c7f4701ada91e31e916f992171b9418cb47d283a56e61f311581d66266cb
2015-11-04,0.11279180129313005,isotropic_constructed_macro_nats_full_precision_v3,0552c7f4701ada91e31e916f992171b9418cb47d283a56e61f311581d66266cb
2015-11-06,0.11013937935049659,isotropic_constructed_macro_nats_full_precision_v3,0552c7f4701ada91e31e916f992171b9418cb47d283a56e61f311581d66266cb
2015-11-10,0.1110851465391999,isotropic_constructed_macro_nats_full_precision_v3,0552c7f4701ada91e31e916f992171b9418cb47d283a56e61f311581d66266cb
2015-11-12,0.10116111435757033,isotropic_constructed_macro_nats_full_precision_v3,0552c7f4701ada91e31e916f992171b9418cb47d283a56e61f311581d66266cb
2015-11-16,0.10557644881470173,isotropic_constructed_macro_nats_full_precision_v3,0552c7f4701ada91e31e916f992171b9418cb47d283a56e61f311581d66266cb
2015-11-18,0.1041645147154961,isotropic_constructed_macro_nats_full_precision_v3,0552c7f4701ada91e31e916f992171b9418cb47d283a56e61f311581d66266cb
2015-11-20,0.10604021485271366,isotropic_constructed_macro_nats_full_precision_v3,0552c7f4701ada91e31e916f992171b9418cb47d283a56e61f311581d66266cb
2015-11-24,0.10298764706385567,isotropic_constructed_macro_nats_full_precision_v3,0552c7f4701ada91e31e916f992171b9418cb47d283a56e61f311581d66266cb
2015-11-27,0.10395683436848967,isotropic_constructed_macro_nats_full_precision_v3,0552c7f4701ada91e31e916f992171b9418cb47d283a56e61f311581d66266cb
2015-12-01,0.10409812999560586,isotropic_constructed_macro_nats_full_precision_v3,0552c7f4701ada91e31e916f992171b9418cb47d283a56e61f311581d66266cb
2015-12-03,0.10437714397029296,isotropic_constructed_macro_nats_full_precision_v3,0552c7f4701ada91e31e916f992171b9418cb47d283a56e61f311581d66266cb
2015-12-07,0.10867667454350265,isotropic_constructed_macro_nats_full_precision_v3,0552c7f4701ada91e31e916f992171b9418cb47d283a56e61f311581d66266cb
2015-12-09,0.10300027797362905,isotropic_constructed_macro_nats_full_precision_v3,0552c7f4701ada91e31e916f992171b9418cb47d283a56e61f311581d66266cb
2015-12-11,0.10759933282045674,isotropic_constructed_macro_nats_full_precision_v3,0552c7f4701ada91e31e916f992171b9418cb47d283a56e61f311581d66266cb
2015-12-15,0.10600618558465313,isotropic_constructed_macro_nats_full_precision_v3,0552c7f4701ada91e31e916f992171b9418cb47d283a56e61f311581d66266cb
2015-12-17,0.10336528427275127,isotropic_constructed_macro_nats_full_precision_v3,0552c7f4701ada91e31e916f992171b9418cb47d283a56e61f311581d66266cb
2015-12-21,0.10099574890344745,isotropic_constructed_macro_nats_full_precision_v3,0552c7f4701ada91e31e916f992171b9418cb47d283a56e61f311581d66266cb
2015-12-23,0.10175041247551549,isotropic_constructed_macro_nats_full_precision_v3,0552c7f4701ada91e31e916f992171b9418cb47d283a56e61f311581d66266cb
2015-12-28,0.09973363090639135,isotropic_constructed_macro_nats_full_precision_v3,0552c7f4701ada91e31e916f992171b9418cb47d283a56e61f311581d66266cb
2015-12-30,0.09723294680766277,isotropic_constructed_macro_nats_full_precision_v3,0552c7f4701ada91e31e916f992171b9418cb47d283a56e61f311581d66266cb
2016-01-04,0.10039908823967883,isotropic_constructed_macro_nats_full_precision_v3,0552c7f4701ada91e31e916f992171b9418cb47d283a56e61f311581d66266cb
2016-01-06,0.09876606920255651,isotropic_constructed_macro_nats_full_precision_v3,0552c7f4701ada91e31e916f992171b9418cb47d283a56e61f311581d66266cb
2016-01-08,0.1009352841562124,isotropic_constructed_macro_nats_full_precision_v3,0552c7f4701ada91e31e916f992171b9418cb47d283a56e61f311581d66266cb
2016-01-12,0.10298446723251,isotropic_constructed_macro_nats_full_precision_v3,0552c7f4701ada91e31e916f992171b9418cb47d283a56e61f311581d66266cb
2016-01-14,0.10780016108188241,isotropic_constructed_macro_nats_full_precision_v3,0552c7f4701ada91e31e916f992171b9418cb47d283a56e61f311581d66266cb
2016-01-19,0.10585250671168976,isotropic_constructed_macro_nats_full_precision_v3,0552c7f4701ada91e31e916f992171b9418cb47d283a56e61f311581d66266cb
2016-01-21,0.1088701538013046,isotropic_constructed_macro_nats_full_precision_v3,0552c7f4701ada91e31e916f992171b9418cb47d283a56e61f311581d66266cb
2016-01-25,0.11372964117492944,isotropic_constructed_macro_nats_full_precision_v3,0552c7f4701ada91e31e916f992171b9418cb47d283a56e61f311581d66266cb
2016-01-27,0.11315263167636508,isotropic_constructed_macro_nats_full_precision_v3,0552c7f4701ada91e31e916f992171b9418cb47d283a56e61f311581d66266cb
2016-01-29,0.11359069661832195,isotropic_constructed_macro_nats_full_precision_v3,0552c7f4701ada91e31e916f992171b9418cb47d283a56e61f311581d66266cb
2016-02-02,0.11112315663857662,isotropic_constructed_macro_nats_full_precision_v3,0552c7f4701ada91e31e916f992171b9418cb47d283a56e61f311581d66266cb
2016-02-04,0.11295626700047805,isotropic_constructed_macro_nats_full_precision_v3,0552c7f4701ada91e31e916f992171b9418cb47d283a56e61f311581d66266cb
2016-02-08,0.12308557675098027,isotropic_constructed_macro_nats_full_precision_v3,0552c7f4701ada91e31e916f992171b9418cb47d283a56e61f311581d66266cb
2016-02-10,0.11439503056683975,isotropic_constructed_macro_nats_full_precision_v3,0552c7f4701ada91e31e916f992171b9418cb47d283a56e61f311581d66266cb
2016-02-12,0.11377784086473557,isotropic_constructed_macro_nats_full_precision_v3,0552c7f4701ada91e31e916f992171b9418cb47d283a56e61f311581d66266cb
2016-02-17,0.11616363473763952,isotropic_constructed_macro_nats_full_precision_v3,0552c7f4701ada91e31e916f992171b9418cb47d283a56e61f311581d66266cb
2016-02-19,0.12202735364382918,isotropic_constructed_macro_nats_full_precision_v3,0552c7f4701ada91e31e916f992171b9418cb47d283a56e61f311581d66266cb
2016-02-23,0.12978114206152996,isotropic_constructed_macro_nats_full_precision_v3,0552c7f4701ada91e31e916f992171b9418cb47d283a56e61f311581d66266cb
2016-02-25,0.12440679387459792,isotropic_constructed_macro_nats_full_precision_v3,0552c7f4701ada91e31e916f992171b9418cb47d283a56e61f311581d66266cb
2016-02-29,0.13766048969147732,isotropic_constructed_macro_nats_full_precision_v3,0552c7f4701ada91e31e916f992171b9418cb47d283a56e61f311581d66266cb
2016-03-02,0.14363220983034483,isotropic_constructed_macro_nats_full_precision_v3,0552c7f4701ada91e31e916f992171b9418cb47d283a56e61f311581d66266cb
2016-03-04,0.1228187880047976,isotropic_constructed_macro_nats_full_precision_v3,0552c7f4701ada91e31e916f992171b9418cb47d283a56e61f311581d66266cb
2016-03-08,0.11671452192342008,isotropic_constructed_macro_nats_full_precision_v3,0552c7f4701ada91e31e916f992171b9418cb47d283a56e61f311581d66266cb
2016-03-10,0.1150406189293971,isotropic_constructed_macro_nats_full_precision_v3,0552c7f4701ada91e31e916f992171b9418cb47d283a56e61f311581d66266cb
2016-03-14,0.11406118213137795,isotropic_constructed_macro_nats_full_precision_v3,0552c7f4701ada91e31e916f992171b9418cb47d283a56e61f311581d66266cb
2016-03-16,0.11569146090224383,isotropic_constructed_macro_nats_full_precision_v3,0552c7f4701ada91e31e916f992171b9418cb47d283a56e61f311581d66266cb
2016-03-18,0.11448863590908166,isotropic_constructed_macro_nats_full_precision_v3,0552c7f4701ada91e31e916f992171b9418cb47d283a56e61f311581d66266cb
2016-03-22,0.11912320517268753,isotropic_constructed_macro_nats_full_precision_v3,0552c7f4701ada91e31e916f992171b9418cb47d283a56e61f311581d66266cb
2016-03-24,0.12929446790620186,isotropic_constructed_macro_nats_full_precision_v3,0552c7f4701ada91e31e916f992171b9418cb47d283a56e61f311581d66266cb
2016-03-29,0.1265540005859595,isotropic_constructed_macro_nats_full_precision_v3,0552c7f4701ada91e31e916f992171b9418cb47d283a56e61f311581d66266cb
2016-03-31,0.1293523478496486,isotropic_constructed_macro_nats_full_precision_v3,0552c7f4701ada91e31e916f992171b9418cb47d283a56e61f311581d66266cb
2016-04-04,0.14086371985574253,isotropic_constructed_macro_nats_full_precision_v3,0552c7f4701ada91e31e916f992171b9418cb47d283a56e61f311581d66266cb
2016-04-06,0.13735097013946748,isotropic_constructed_macro_nats_full_precision_v3,0552c7f4701ada91e31e916f992171b9418cb47d283a56e61f311581d66266cb
2016-04-08,0.13268249537216228,isotropic_constructed_macro_nats_full_precision_v3,0552c7f4701ada91e31e916f992171b9418cb47d283a56e61f311581d66266cb
2016-04-12,0.11601546739984941,isotropic_constructed_macro_nats_full_precision_v3,0552c7f4701ada91e31e916f992171b9418cb47d283a56e61f311581d66266cb
2016-04-14,0.11095771245014359,isotropic_constructed_macro_nats_full_precision_v3,0552c7f4701ada91e31e916f992171b9418cb47d283a56e61f311581d66266cb
2016-04-18,0.11805089347138326,isotropic_constructed_macro_nats_full_precision_v3,0552c7f4701ada91e31e916f992171b9418cb47d283a56e61f311581d66266cb
2016-04-20,0.1249744966338426,isotropic_constructed_macro_nats_full_precision_v3,0552c7f4701ada91e31e916f992171b9418cb47d283a56e61f311581d66266cb
2016-04-22,0.13686612808239823,isotropic_constructed_macro_nats_full_precision_v3,0552c7f4701ada91e31e916f992171b9418cb47d283a56e61f311581d66266cb
2016-04-26,0.1355997909807677,isotropic_constructed_macro_nats_full_precision_v3,0552c7f4701ada91e31e916f992171b9418cb47d283a56e61f311581d66266cb
2016-04-28,0.12358591386489906,isotropic_constructed_macro_nats_full_precision_v3,0552c7f4701ada91e31e916f992171b9418cb47d283a56e61f311581d66266cb
2016-05-02,0.11956203018662137,isotropic_constructed_macro_nats_full_precision_v3,0552c7f4701ada91e31e916f992171b9418cb47d283a56e61f311581d66266cb
2016-05-04,0.12170949119899942,isotropic_constructed_macro_nats_full_precision_v3,0552c7f4701ada91e31e916f992171b9418cb47d283a56e61f311581d66266cb
2016-05-06,0.11706118077228496,isotropic_constructed_macro_nats_full_precision_v3,0552c7f4701ada91e31e916f992171b9418cb47d283a56e61f311581d66266cb
2016-05-10,0.11540878215517682,isotropic_constructed_macro_nats_full_precision_v3,0552c7f4701ada91e31e916f992171b9418cb47d283a56e61f311581d66266cb
2016-05-12,0.11519844530025297,isotropic_constructed_macro_nats_full_precision_v3,0552c7f4701ada91e31e916f992171b9418cb47d283a56e61f311581d66266cb
2016-05-16,0.11113856060514049,isotropic_constructed_macro_nats_full_precision_v3,0552c7f4701ada91e31e916f992171b9418cb47d283a56e61f311581d66266cb
2016-05-18,0.11465109045379347,isotropic_constructed_macro_nats_full_precision_v3,0552c7f4701ada91e31e916f992171b9418cb47d283a56e61f311581d66266cb
2016-05-20,0.1095146877499871,isotropic_constructed_macro_nats_full_precision_v3,0552c7f4701ada91e31e916f992171b9418cb47d283a56e61f311581d66266cb
2016-05-24,0.11132898909070346,isotropic_constructed_macro_nats_full_precision_v3,0552c7f4701ada91e31e916f992171b9418cb47d283a56e61f311581d66266cb
2016-05-26,0.11552808213728495,isotropic_constructed_macro_nats_full_precision_v3,0552c7f4701ada91e31e916f992171b9418cb47d283a56e61f311581d66266cb
2016-05-31,0.11508587681136534,isotropic_constructed_macro_nats_full_precision_v3,0552c7f4701ada91e31e916f992171b9418cb47d283a56e61f311581d66266cb
2016-06-02,0.11063739512680862,isotropic_constructed_macro_nats_full_precision_v3,0552c7f4701ada91e31e916f992171b9418cb47d283a56e61f311581d66266cb
2016-06-06,0.12154534596549892,isotropic_constructed_macro_nats_full_precision_v3,0552c7f4701ada91e31e916f992171b9418cb47d283a56e61f311581d66266cb
2016-06-08,0.12271409072578401,isotropic_constructed_macro_nats_full_precision_v3,0552c7f4701ada91e31e916f992171b9418cb47d283a56e61f311581d66266cb
2016-06-10,0.1288246645955389,isotropic_constructed_macro_nats_full_precision_v3,0552c7f4701ada91e31e916f992171b9418cb47d283a56e61f311581d66266cb
2016-06-14,0.12836389819739533,isotropic_constructed_macro_nats_full_precision_v3,0552c7f4701ada91e31e916f992171b9418cb47d283a56e61f311581d66266cb
2016-06-16,0.12509624874067538,isotropic_constructed_macro_nats_full_precision_v3,0552c7f4701ada91e31e916f992171b9418cb47d283a56e61f311581d66266cb
2016-06-20,0.12552608415106647,isotropic_constructed_macro_nats_full_precision_v3,0552c7f4701ada91e31e916f992171b9418cb47d283a56e61f311581d66266cb
2016-06-22,0.11581792157818949,isotropic_constructed_macro_nats_full_precision_v3,0552c7f4701ada91e31e916f992171b9418cb47d283a56e61f311581d66266cb
2016-06-24,0.10774856451729255,isotropic_constructed_macro_nats_full_precision_v3,0552c7f4701ada91e31e916f992171b9418cb47d283a56e61f311581d66266cb
2016-06-28,0.11678874108176689,isotropic_constructed_macro_nats_full_precision_v3,0552c7f4701ada91e31e916f992171b9418cb47d283a56e61f311581d66266cb
2016-06-30,0.11724314279972704,isotropic_constructed_macro_nats_full_precision_v3,0552c7f4701ada91e31e916f992171b9418cb47d283a56e61f311581d66266cb
2016-07-05,0.11929259049044312,isotropic_constructed_macro_nats_full_precision_v3,0552c7f4701ada91e31e916f992171b9418cb47d283a56e61f311581d66266cb
2016-07-07,0.12813177376445917,isotropic_constructed_macro_nats_full_precision_v3,0552c7f4701ada91e31e916f992171b9418cb47d283a56e61f311581d66266cb
2016-07-11,0.12115554409032364,isotropic_constructed_macro_nats_full_precision_v3,0552c7f4701ada91e31e916f992171b9418cb47d283a56e61f311581d66266cb
2016-07-13,0.1200392687631405,isotropic_constructed_macro_nats_full_precision_v3,0552c7f4701ada91e31e916f992171b9418cb47d283a56e61f311581d66266cb
2016-07-15,0.12277893111517002,isotropic_constructed_macro_nats_full_precision_v3,0552c7f4701ada91e31e916f992171b9418cb47d283a56e61f311581d66266cb
2016-07-19,0.12520383355800432,isotropic_constructed_macro_nats_full_precision_v3,0552c7f4701ada91e31e916f992171b9418cb47d283a56e61f311581d66266cb
2016-07-21,0.12052548748005497,isotropic_constructed_macro_nats_full_precision_v3,0552c7f4701ada91e31e916f992171b9418cb47d283a56e61f311581d66266cb
2016-07-25,0.11395661189426581,isotropic_constructed_macro_nats_full_precision_v3,0552c7f4701ada91e31e916f992171b9418cb47d283a56e61f311581d66266cb
2016-07-27,0.1097885265518908,isotropic_constructed_macro_nats_full_precision_v3,0552c7f4701ada91e31e916f992171b9418cb47d283a56e61f311581d66266cb
2016-07-29,0.1112774845353993,isotropic_constructed_macro_nats_full_precision_v3,0552c7f4701ada91e31e916f992171b9418cb47d283a56e61f311581d66266cb
2016-08-02,0.10937667871272527,isotropic_constructed_macro_nats_full_precision_v3,0552c7f4701ada91e31e916f992171b9418cb47d283a56e61f311581d66266cb
2016-08-04,0.11656865442701582,isotropic_constructed_macro_nats_full_precision_v3,0552c7f4701ada91e31e916f992171b9418cb47d283a56e61f311581d66266cb
2016-08-08,0.12064558380075295,isotropic_constructed_macro_nats_full_precision_v3,0552c7f4701ada91e31e916f992171b9418cb47d283a56e61f311581d66266cb
2016-08-10,0.1162189085181804,isotropic_constructed_macro_nats_full_precision_v3,0552c7f4701ada91e31e916f992171b9418cb47d283a56e61f311581d66266cb
2016-08-12,0.11026182547464458,isotropic_constructed_macro_nats_full_precision_v3,0552c7f4701ada91e31e916f992171b9418cb47d283a56e61f311581d66266cb
2016-08-16,0.11144082354846509,isotropic_constructed_macro_nats_full_precision_v3,0552c7f4701ada91e31e916f992171b9418cb47d283a56e61f311581d66266cb
2016-08-18,0.11014449688210111,isotropic_constructed_macro_nats_full_precision_v3,0552c7f4701ada91e31e916f992171b9418cb47d283a56e61f311581d66266cb
2016-08-22,0.11007805290540192,isotropic_constructed_macro_nats_full_precision_v3,0552c7f4701ada91e31e916f992171b9418cb47d283a56e61f311581d66266cb
2016-08-24,0.11064583009782272,isotropic_constructed_macro_nats_full_precision_v3,0552c7f4701ada91e31e916f992171b9418cb47d283a56e61f311581d66266cb
2016-08-26,0.1103744808102313,isotropic_constructed_macro_nats_full_precision_v3,0552c7f4701ada91e31e916f992171b9418cb47d283a56e61f311581d66266cb
2016-08-30,0.10635705730155075,isotropic_constructed_macro_nats_full_precision_v3,0552c7f4701ada91e31e916f992171b9418cb47d283a56e61f311581d66266cb
2016-09-01,0.1101510146770498,isotropic_constructed_macro_nats_full_precision_v3,0552c7f4701ada91e31e916f992171b9418cb47d283a56e61f311581d66266cb
2016-09-06,0.1096328474268761,isotropic_constructed_macro_nats_full_precision_v3,0552c7f4701ada91e31e916f992171b9418cb47d283a56e61f311581d66266cb
2016-09-08,0.11176712998235072,isotropic_constructed_macro_nats_full_precision_v3,0552c7f4701ada91e31e916f992171b9418cb47d283a56e61f311581d66266cb
2016-09-12,0.11191171640557562,isotropic_constructed_macro_nats_full_precision_v3,0552c7f4701ada91e31e916f992171b9418cb47d283a56e61f311581d66266cb
2016-09-14,0.10865373421823693,isotropic_constructed_macro_nats_full_precision_v3,0552c7f4701ada91e31e916f992171b9418cb47d283a56e61f311581d66266cb
2016-09-16,0.1045249332874495,isotropic_constructed_macro_nats_full_precision_v3,0552c7f4701ada91e31e916f992171b9418cb47d283a56e61f311581d66266cb
2016-09-20,0.102763477263244,isotropic_constructed_macro_nats_full_precision_v3,0552c7f4701ada91e31e916f992171b9418cb47d283a56e61f311581d66266cb
2016-09-22,0.10504561803855204,isotropic_constructed_macro_nats_full_precision_v3,0552c7f4701ada91e31e916f992171b9418cb47d283a56e61f311581d66266cb
2016-09-26,0.10507416440900422,isotropic_constructed_macro_nats_full_precision_v3,0552c7f4701ada91e31e916f992171b9418cb47d283a56e61f311581d66266cb
2016-09-28,0.10389512703007119,isotropic_constructed_macro_nats_full_precision_v3,0552c7f4701ada91e31e916f992171b9418cb47d283a56e61f311581d66266cb
2016-09-30,0.10445208027132723,isotropic_constructed_macro_nats_full_precision_v3,0552c7f4701ada91e31e916f992171b9418cb47d283a56e61f311581d66266cb
2016-10-04,0.10704909486793965,isotropic_constructed_macro_nats_full_precision_v3,0552c7f4701ada91e31e916f992171b9418cb47d283a56e61f311581d66266cb
2016-10-06,0.10600195084284986,isotropic_constructed_macro_nats_full_precision_v3,0552c7f4701ada91e31e916f992171b9418cb47d283a56e61f311581d66266cb
2016-10-10,0.10570731122537426,isotropic_constructed_macro_nats_full_precision_v3,0552c7f4701ada91e31e916f992171b9418cb47d283a56e61f311581d66266cb
2016-10-12,0.10683555484894759,isotropic_constructed_macro_nats_full_precision_v3,0552c7f4701ada91e31e916f992171b9418cb47d283a56e61f311581d66266cb
2016-10-14,0.12028139845109287,isotropic_constructed_macro_nats_full_precision_v3,0552c7f4701ada91e31e916f992171b9418cb47d283a56e61f311581d66266cb
2016-10-18,0.11817013199312629,isotropic_constructed_macro_nats_full_precision_v3,0552c7f4701ada91e31e916f992171b9418cb47d283a56e61f311581d66266cb
2016-10-20,0.12057430034546848,isotropic_constructed_macro_nats_full_precision_v3,0552c7f4701ada91e31e916f992171b9418cb47d283a56e61f311581d66266cb
2016-10-24,0.13047529803499813,isotropic_constructed_macro_nats_full_precision_v3,0552c7f4701ada91e31e916f992171b9418cb47d283a56e61f311581d66266cb
2016-10-26,0.14133773461649657,isotropic_constructed_macro_nats_full_precision_v3,0552c7f4701ada91e31e916f992171b9418cb47d283a56e61f311581d66266cb
2016-10-28,0.14985472852249113,isotropic_constructed_macro_nats_full_precision_v3,0552c7f4701ada91e31e916f992171b9418cb47d283a56e61f311581d66266cb
2016-11-01,0.14972658888854679,isotropic_constructed_macro_nats_full_precision_v3,0552c7f4701ada91e31e916f992171b9418cb47d283a56e61f311581d66266cb
2016-11-03,0.14547187474521237,isotropic_constructed_macro_nats_full_precision_v3,0552c7f4701ada91e31e916f992171b9418cb47d283a56e61f311581d66266cb
2016-11-07,0.13862334493246625,isotropic_constructed_macro_nats_full_precision_v3,0552c7f4701ada91e31e916f992171b9418cb47d283a56e61f311581d66266cb
2016-11-09,0.13836686396188574,isotropic_constructed_macro_nats_full_precision_v3,0552c7f4701ada91e31e916f992171b9418cb47d283a56e61f311581d66266cb
2016-11-11,0.14005848070088558,isotropic_constructed_macro_nats_full_precision_v3,0552c7f4701ada91e31e916f992171b9418cb47d283a56e61f311581d66266cb
2016-11-15,0.1297941259088842,isotropic_constructed_macro_nats_full_precision_v3,0552c7f4701ada91e31e916f992171b9418cb47d283a56e61f311581d66266cb
2016-11-17,0.12439054857202882,isotropic_constructed_macro_nats_full_precision_v3,0552c7f4701ada91e31e916f992171b9418cb47d283a56e61f311581d66266cb
2016-11-21,0.12851097457735428,isotropic_constructed_macro_nats_full_precision_v3,0552c7f4701ada91e31e916f992171b9418cb47d283a56e61f311581d66266cb
2016-11-23,0.135614061889476,isotropic_constructed_macro_nats_full_precision_v3,0552c7f4701ada91e31e916f992171b9418cb47d283a56e61f311581d66266cb
2016-11-28,0.13671845455147713,isotropic_constructed_macro_nats_full_precision_v3,0552c7f4701ada91e31e916f992171b9418cb47d283a56e61f311581d66266cb
2016-11-30,0.13685374576367249,isotropic_constructed_macro_nats_full_precision_v3,0552c7f4701ada91e31e916f992171b9418cb47d283a56e61f311581d66266cb
2016-12-02,0.11250181364771202,isotropic_constructed_macro_nats_full_precision_v3,0552c7f4701ada91e31e916f992171b9418cb47d283a56e61f311581d66266cb
2016-12-06,0.11089351413113888,isotropic_constructed_macro_nats_full_precision_v3,0552c7f4701ada91e31e916f992171b9418cb47d283a56e61f311581d66266cb
2016-12-08,0.11312395368361976,isotropic_constructed_macro_nats_full_precision_v3,0552c7f4701ada91e31e916f992171b9418cb47d283a56e61f311581d66266cb
2016-12-12,0.1194742032919951,isotropic_constructed_macro_nats_full_precision_v3,0552c7f4701ada91e31e916f992171b9418cb47d283a56e61f311581d66266cb
2016-12-14,0.11604507540017177,isotropic_constructed_macro_nats_full_precision_v3,0552c7f4701ada91e31e916f992171b9418cb47d283a56e61f311581d66266cb
2016-12-16,0.11765015636026721,isotropic_constructed_macro_nats_full_precision_v3,0552c7f4701ada91e31e916f992171b9418cb47d283a56e61f311581d66266cb
2016-12-20,0.12285585055524505,isotropic_constructed_macro_nats_full_precision_v3,0552c7f4701ada91e31e916f992171b9418cb47d283a56e61f311581d66266cb
2016-12-22,0.12103406261433634,isotropic_constructed_macro_nats_full_precision_v3,0552c7f4701ada91e31e916f992171b9418cb47d283a56e61f311581d66266cb
2016-12-27,0.12727997403080368,isotropic_constructed_macro_nats_full_precision_v3,0552c7f4701ada91e31e916f992171b9418cb47d283a56e61f311581d66266cb
2016-12-29,0.12552686031276683,isotropic_constructed_macro_nats_full_precision_v3,0552c7f4701ada91e31e916f992171b9418cb47d283a56e61f311581d66266cb
2017-01-03,0.1326502946326017,isotropic_constructed_macro_nats_full_precision_v3,0552c7f4701ada91e31e916f992171b9418cb47d283a56e61f311581d66266cb
2017-01-05,0.12755220904114506,isotropic_constructed_macro_nats_full_precision_v3,0552c7f4701ada91e31e916f992171b9418cb47d283a56e61f311581d66266cb
2017-01-09,0.13412509616259022,isotropic_constructed_macro_nats_full_precision_v3,0552c7f4701ada91e31e916f992171b9418cb47d283a56e61f311581d66266cb
2017-01-11,0.1458488532794745,isotropic_constructed_macro_nats_full_precision_v3,0552c7f4701ada91e31e916f992171b9418cb47d283a56e61f311581d66266cb
2017-01-13,0.14691148036873655,isotropic_constructed_macro_nats_full_precision_v3,0552c7f4701ada91e31e916f992171b9418cb47d283a56e61f311581d66266cb
2017-01-18,0.12908507113562145,isotropic_constructed_macro_nats_full_precision_v3,0552c7f4701ada91e31e916f992171b9418cb47d283a56e61f311581d66266cb
2017-01-20,0.1415003923917083,isotropic_constructed_macro_nats_full_precision_v3,0552c7f4701ada91e31e916f992171b9418cb47d283a56e61f311581d66266cb
2017-01-24,0.14873101997694574,isotropic_constructed_macro_nats_full_precision_v3,0552c7f4701ada91e31e916f992171b9418cb47d283a56e61f311581d66266cb
2017-01-26,0.14292625963093736,isotropic_constructed_macro_nats_full_precision_v3,0552c7f4701ada91e31e916f992171b9418cb47d283a56e61f311581d66266cb
2017-01-30,0.1363757136453454,isotropic_constructed_macro_nats_full_precision_v3,0552c7f4701ada91e31e916f992171b9418cb47d283a56e61f311581d66266cb
2017-02-01,0.1362380021654649,isotropic_constructed_macro_nats_full_precision_v3,0552c7f4701ada91e31e916f992171b9418cb47d283a56e61f311581d66266cb
2017-02-03,0.13453120401768573,isotropic_constructed_macro_nats_full_precision_v3,0552c7f4701ada91e31e916f992171b9418cb47d283a56e61f311581d66266cb
2017-02-07,0.143456930810414,isotropic_constructed_macro_nats_full_precision_v3,0552c7f4701ada91e31e916f992171b9418cb47d283a56e61f311581d66266cb
2017-02-09,0.1438589497964824,isotropic_constructed_macro_nats_full_precision_v3,0552c7f4701ada91e31e916f992171b9418cb47d283a56e61f311581d66266cb
2017-02-13,0.14254058850264287,isotropic_constructed_macro_nats_full_precision_v3,0552c7f4701ada91e31e916f992171b9418cb47d283a56e61f311581d66266cb
2017-02-15,0.14155137038829319,isotropic_constructed_macro_nats_full_precision_v3,0552c7f4701ada91e31e916f992171b9418cb47d283a56e61f311581d66266cb
2017-02-17,0.13806787892081349,isotropic_constructed_macro_nats_full_precision_v3,0552c7f4701ada91e31e916f992171b9418cb47d283a56e61f311581d66266cb
2017-02-22,0.13928623282947078,isotropic_constructed_macro_nats_full_precision_v3,0552c7f4701ada91e31e916f992171b9418cb47d283a56e61f311581d66266cb
2017-02-24,0.15144715242748208,isotropic_constructed_macro_nats_full_precision_v3,0552c7f4701ada91e31e916f992171b9418cb47d283a56e61f311581d66266cb
2017-02-28,0.16215924278693758,isotropic_constructed_macro_nats_full_precision_v3,0552c7f4701ada91e31e916f992171b9418cb47d283a56e61f311581d66266cb
2017-03-02,0.17068102023534049,isotropic_constructed_macro_nats_full_precision_v3,0552c7f4701ada91e31e916f992171b9418cb47d283a56e61f311581d66266cb
2017-03-06,0.16734639651261668,isotropic_constructed_macro_nats_full_precision_v3,0552c7f4701ada91e31e916f992171b9418cb47d283a56e61f311581d66266cb
2017-03-08,0.1668933655712549,isotropic_constructed_macro_nats_full_precision_v3,0552c7f4701ada91e31e916f992171b9418cb47d283a56e61f311581d66266cb
2017-03-10,0.170340618293738,isotropic_constructed_macro_nats_full_precision_v3,0552c7f4701ada91e31e916f992171b9418cb47d283a56e61f311581d66266cb
2017-03-14,0.169987326423982,isotropic_constructed_macro_nats_full_precision_v3,0552c7f4701ada91e31e916f992171b9418cb47d283a56e61f311581d66266cb
2017-03-16,0.17006580445065983,isotropic_constructed_macro_nats_full_precision_v3,0552c7f4701ada91e31e916f992171b9418cb47d283a56e61f311581d66266cb
2017-03-20,0.16698006713158864,isotropic_constructed_macro_nats_full_precision_v3,0552c7f4701ada91e31e916f992171b9418cb47d283a56e61f311581d66266cb
2017-03-22,0.17217398099868073,isotropic_constructed_macro_nats_full_precision_v3,0552c7f4701ada91e31e916f992171b9418cb47d283a56e61f311581d66266cb
2017-03-24,0.1730167616976005,isotropic_constructed_macro_nats_full_precision_v3,0552c7f4701ada91e31e916f992171b9418cb47d283a56e61f311581d66266cb
2017-03-28,0.17390958365189485,isotropic_constructed_macro_nats_full_precision_v3,0552c7f4701ada91e31e916f992171b9418cb47d283a56e61f311581d66266cb
2017-03-30,0.17389081944317267,isotropic_constructed_macro_nats_full_precision_v3,0552c7f4701ada91e31e916f992171b9418cb47d283a56e61f311581d66266cb
2017-04-03,0.1718718401040342,isotropic_constructed_macro_nats_full_precision_v3,0552c7f4701ada91e31e916f992171b9418cb47d283a56e61f311581d66266cb
2017-04-05,0.1661533340738935,isotropic_constructed_macro_nats_full_precision_v3,0552c7f4701ada91e31e916f992171b9418cb47d283a56e61f311581d66266cb
2017-04-07,0.1664766541756025,isotropic_constructed_macro_nats_full_precision_v3,0552c7f4701ada91e31e916f992171b9418cb47d283a56e61f311581d66266cb
2017-04-11,0.17093026898732044,isotropic_constructed_macro_nats_full_precision_v3,0552c7f4701ada91e31e916f992171b9418cb47d283a56e61f311581d66266cb
2017-04-13,0.17778594101286777,isotropic_constructed_macro_nats_full_precision_v3,0552c7f4701ada91e31e916f992171b9418cb47d283a56e61f311581d66266cb
2017-04-18,0.18547116084692206,isotropic_constructed_macro_nats_full_precision_v3,0552c7f4701ada91e31e916f992171b9418cb47d283a56e61f311581d66266cb
2017-04-20,0.18309510617609703,isotropic_constructed_macro_nats_full_precision_v3,0552c7f4701ada91e31e916f992171b9418cb47d283a56e61f311581d66266cb
2017-04-24,0.1785799710838169,isotropic_constructed_macro_nats_full_precision_v3,0552c7f4701ada91e31e916f992171b9418cb47d283a56e61f311581d66266cb
2017-04-26,0.17797280395603768,isotropic_constructed_macro_nats_full_precision_v3,0552c7f4701ada91e31e916f992171b9418cb47d283a56e61f311581d66266cb
2017-04-28,0.18151384319285668,isotropic_constructed_macro_nats_full_precision_v3,0552c7f4701ada91e31e916f992171b9418cb47d283a56e61f311581d66266cb
2017-05-02,0.18971263708956024,isotropic_constructed_macro_nats_full_precision_v3,0552c7f4701ada91e31e916f992171b9418cb47d283a56e61f311581d66266cb
2017-05-04,0.19379023240725637,isotropic_constructed_macro_nats_full_precision_v3,0552c7f4701ada91e31e916f992171b9418cb47d283a56e61f311581d66266cb
2017-05-08,0.1931003846221973,isotropic_constructed_macro_nats_full_precision_v3,0552c7f4701ada91e31e916f992171b9418cb47d283a56e61f311581d66266cb
2017-05-10,0.17794393012123766,isotropic_constructed_macro_nats_full_precision_v3,0552c7f4701ada91e31e916f992171b9418cb47d283a56e61f311581d66266cb
2017-05-12,0.18753289826366656,isotropic_constructed_macro_nats_full_precision_v3,0552c7f4701ada91e31e916f992171b9418cb47d283a56e61f311581d66266cb
2017-05-16,0.18721863752434711,isotropic_constructed_macro_nats_full_precision_v3,0552c7f4701ada91e31e916f992171b9418cb47d283a56e61f311581d66266cb
2017-05-18,0.18778165192627175,isotropic_constructed_macro_nats_full_precision_v3,0552c7f4701ada91e31e916f992171b9418cb47d283a56e61f311581d66266cb
2017-05-22,0.18558385943233063,isotropic_constructed_macro_nats_full_precision_v3,0552c7f4701ada91e31e916f992171b9418cb47d283a56e61f311581d66266cb
2017-05-24,0.18651219985211837,isotropic_constructed_macro_nats_full_precision_v3,0552c7f4701ada91e31e916f992171b9418cb47d283a56e61f311581d66266cb
2017-05-26,0.1883381914153958,isotropic_constructed_macro_nats_full_precision_v3,0552c7f4701ada91e31e916f992171b9418cb47d283a56e61f311581d66266cb
2017-05-31,0.18847813291393067,isotropic_constructed_macro_nats_full_precision_v3,0552c7f4701ada91e31e916f992171b9418cb47d283a56e61f311581d66266cb
2017-06-02,0.18560821903990127,isotropic_constructed_macro_nats_full_precision_v3,0552c7f4701ada91e31e916f992171b9418cb47d283a56e61f311581d66266cb
2017-06-06,0.1841418438077378,isotropic_constructed_macro_nats_full_precision_v3,0552c7f4701ada91e31e916f992171b9418cb47d283a56e61f311581d66266cb
2017-06-08,0.1781702725232193,isotropic_constructed_macro_nats_full_precision_v3,0552c7f4701ada91e31e916f992171b9418cb47d283a56e61f311581d66266cb
2017-06-12,0.17957576040960105,isotropic_constructed_macro_nats_full_precision_v3,0552c7f4701ada91e31e916f992171b9418cb47d283a56e61f311581d66266cb
2017-06-14,0.1812656436001926,isotropic_constructed_macro_nats_full_precision_v3,0552c7f4701ada91e31e916f992171b9418cb47d283a56e61f311581d66266cb
2017-06-16,0.18286241898360564,isotropic_constructed_macro_nats_full_precision_v3,0552c7f4701ada91e31e916f992171b9418cb47d283a56e61f311581d66266cb
2017-06-20,0.18387529025712218,isotropic_constructed_macro_nats_full_precision_v3,0552c7f4701ada91e31e916f992171b9418cb47d283a56e61f311581d66266cb
2017-06-22,0.17976766674984385,isotropic_constructed_macro_nats_full_precision_v3,0552c7f4701ada91e31e916f992171b9418cb47d283a56e61f311581d66266cb
2017-06-26,0.17543609005042,isotropic_constructed_macro_nats_full_precision_v3,0552c7f4701ada91e31e916f992171b9418cb47d283a56e61f311581d66266cb
2017-06-28,0.17288795495825693,isotropic_constructed_macro_nats_full_precision_v3,0552c7f4701ada91e31e916f992171b9418cb47d283a56e61f311581d66266cb
2017-06-30,0.17371978772777433,isotropic_constructed_macro_nats_full_precision_v3,0552c7f4701ada91e31e916f992171b9418cb47d283a56e61f311581d66266cb
2017-07-05,0.17829906082373947,isotropic_constructed_macro_nats_full_precision_v3,0552c7f4701ada91e31e916f992171b9418cb47d283a56e61f311581d66266cb
2017-07-07,0.17914974157158725,isotropic_constructed_macro_nats_full_precision_v3,0552c7f4701ada91e31e916f992171b9418cb47d283a56e61f311581d66266cb
2017-07-11,0.17830620840327438,isotropic_constructed_macro_nats_full_precision_v3,0552c7f4701ada91e31e916f992171b9418cb47d283a56e61f311581d66266cb
2017-07-13,0.17758797634254364,isotropic_constructed_macro_nats_full_precision_v3,0552c7f4701ada91e31e916f992171b9418cb47d283a56e61f311581d66266cb
2017-07-17,0.17703687608962002,isotropic_constructed_macro_nats_full_precision_v3,0552c7f4701ada91e31e916f992171b9418cb47d283a56e61f311581d66266cb
2017-07-19,0.17904316162941664,isotropic_constructed_macro_nats_full_precision_v3,0552c7f4701ada91e31e916f992171b9418cb47d283a56e61f311581d66266cb
2017-07-21,0.18196658972114452,isotropic_constructed_macro_nats_full_precision_v3,0552c7f4701ada91e31e916f992171b9418cb47d283a56e61f311581d66266cb
2017-07-25,0.1834447985319299,isotropic_constructed_macro_nats_full_precision_v3,0552c7f4701ada91e31e916f992171b9418cb47d283a56e61f311581d66266cb
2017-07-27,0.18440033458940758,isotropic_constructed_macro_nats_full_precision_v3,0552c7f4701ada91e31e916f992171b9418cb47d283a56e61f311581d66266cb
2017-07-31,0.203553294716619,isotropic_constructed_macro_nats_full_precision_v3,0552c7f4701ada91e31e916f992171b9418cb47d283a56e61f311581d66266cb
2017-08-02,0.2059501936720349,isotropic_constructed_macro_nats_full_precision_v3,0552c7f4701ada91e31e916f992171b9418cb47d283a56e61f311581d66266cb
2017-08-04,0.2078522789199237,isotropic_constructed_macro_nats_full_precision_v3,0552c7f4701ada91e31e916f992171b9418cb47d283a56e61f311581d66266cb
2017-08-08,0.21074754363804948,isotropic_constructed_macro_nats_full_precision_v3,0552c7f4701ada91e31e916f992171b9418cb47d283a56e61f311581d66266cb
2017-08-10,0.21327541920212584,isotropic_constructed_macro_nats_full_precision_v3,0552c7f4701ada91e31e916f992171b9418cb47d283a56e61f311581d66266cb
2017-08-14,0.2102149056221276,isotropic_constructed_macro_nats_full_precision_v3,0552c7f4701ada91e31e916f992171b9418cb47d283a56e61f311581d66266cb
2017-08-16,0.20832084406926826,isotropic_constructed_macro_nats_full_precision_v3,0552c7f4701ada91e31e916f992171b9418cb47d283a56e61f311581d66266cb
2017-08-18,0.20808562250489093,isotropic_constructed_macro_nats_full_precision_v3,0552c7f4701ada91e31e916f992171b9418cb47d283a56e61f311581d66266cb
2017-08-22,0.20829594391567638,isotropic_constructed_macro_nats_full_precision_v3,0552c7f4701ada91e31e916f992171b9418cb47d283a56e61f311581d66266cb
2017-08-24,0.20323214991642075,isotropic_constructed_macro_nats_full_precision_v3,0552c7f4701ada91e31e916f992171b9418cb47d283a56e61f311581d66266cb
2017-08-28,0.20274953779750088,isotropic_constructed_macro_nats_full_precision_v3,0552c7f4701ada91e31e916f992171b9418cb47d283a56e61f311581d66266cb
2017-08-30,0.203782403114235,isotropic_constructed_macro_nats_full_precision_v3,0552c7f4701ada91e31e916f992171b9418cb47d283a56e61f311581d66266cb
2017-09-01,0.20337078058623448,isotropic_constructed_macro_nats_full_precision_v3,0552c7f4701ada91e31e916f992171b9418cb47d283a56e61f311581d66266cb
2017-09-06,0.2018159906172422,isotropic_constructed_macro_nats_full_precision_v3,0552c7f4701ada91e31e916f992171b9418cb47d283a56e61f311581d66266cb
2017-09-08,0.21392570728046262,isotropic_constructed_macro_nats_full_precision_v3,0552c7f4701ada91e31e916f992171b9418cb47d283a56e61f311581d66266cb
2017-09-12,0.21410897599749545,isotropic_constructed_macro_nats_full_precision_v3,0552c7f4701ada91e31e916f992171b9418cb47d283a56e61f311581d66266cb
2017-09-14,0.2155118862424357,isotropic_constructed_macro_nats_full_precision_v3,0552c7f4701ada91e31e916f992171b9418cb47d283a56e61f311581d66266cb
2017-09-18,0.21603492134589486,isotropic_constructed_macro_nats_full_precision_v3,0552c7f4701ada91e31e916f992171b9418cb47d283a56e61f311581d66266cb
2017-09-20,0.21731873640216404,isotropic_constructed_macro_nats_full_precision_v3,0552c7f4701ada91e31e916f992171b9418cb47d283a56e61f311581d66266cb
2017-09-22,0.21514024917151264,isotropic_constructed_macro_nats_full_precision_v3,0552c7f4701ada91e31e916f992171b9418cb47d283a56e61f311581d66266cb
2017-09-26,0.21475026387738322,isotropic_constructed_macro_nats_full_precision_v3,0552c7f4701ada91e31e916f992171b9418cb47d283a56e61f311581d66266cb
2017-09-28,0.21128978363937403,isotropic_constructed_macro_nats_full_precision_v3,0552c7f4701ada91e31e916f992171b9418cb47d283a56e61f311581d66266cb
2017-10-02,0.21236972377079621,isotropic_constructed_macro_nats_full_precision_v3,0552c7f4701ada91e31e916f992171b9418cb47d283a56e61f311581d66266cb
2017-10-04,0.21238283047171108,isotropic_constructed_macro_nats_full_precision_v3,0552c7f4701ada91e31e916f992171b9418cb47d283a56e61f311581d66266cb
2017-10-06,0.20742454880223998,isotropic_constructed_macro_nats_full_precision_v3,0552c7f4701ada91e31e916f992171b9418cb47d283a56e61f311581d66266cb
2017-10-10,0.20935715838741165,isotropic_constructed_macro_nats_full_precision_v3,0552c7f4701ada91e31e916f992171b9418cb47d283a56e61f311581d66266cb
2017-10-12,0.2068081453000869,isotropic_constructed_macro_nats_full_precision_v3,0552c7f4701ada91e31e916f992171b9418cb47d283a56e61f311581d66266cb
2017-10-16,0.20687189543207066,isotropic_constructed_macro_nats_full_precision_v3,0552c7f4701ada91e31e916f992171b9418cb47d283a56e61f311581d66266cb
2017-10-18,0.2115318872325912,isotropic_constructed_macro_nats_full_precision_v3,0552c7f4701ada91e31e916f992171b9418cb47d283a56e61f311581d66266cb
2017-10-20,0.21266426662719287,isotropic_constructed_macro_nats_full_precision_v3,0552c7f4701ada91e31e916f992171b9418cb47d283a56e61f311581d66266cb
2017-10-24,0.21081754518351992,isotropic_constructed_macro_nats_full_precision_v3,0552c7f4701ada91e31e916f992171b9418cb47d283a56e61f311581d66266cb
2017-10-26,0.21083535803827208,isotropic_constructed_macro_nats_full_precision_v3,0552c7f4701ada91e31e916f992171b9418cb47d283a56e61f311581d66266cb
2017-10-30,0.21374364393732848,isotropic_constructed_macro_nats_full_precision_v3,0552c7f4701ada91e31e916f992171b9418cb47d283a56e61f311581d66266cb
2017-11-01,0.20786486321816577,isotropic_constructed_macro_nats_full_precision_v3,0552c7f4701ada91e31e916f992171b9418cb47d283a56e61f311581d66266cb
2017-11-03,0.19973983217882196,isotropic_constructed_macro_nats_full_precision_v3,0552c7f4701ada91e31e916f992171b9418cb47d283a56e61f311581d66266cb
2017-11-07,0.19945932895449775,isotropic_constructed_macro_nats_full_precision_v3,0552c7f4701ada91e31e916f992171b9418cb47d283a56e61f311581d66266cb
2017-11-09,0.19353723817717738,isotropic_constructed_macro_nats_full_precision_v3,0552c7f4701ada91e31e916f992171b9418cb47d283a56e61f311581d66266cb
2017-11-13,0.19217832561819115,isotropic_constructed_macro_nats_full_precision_v3,0552c7f4701ada91e31e916f992171b9418cb47d283a56e61f311581d66266cb
2017-11-15,0.19180496117409995,isotropic_constructed_macro_nats_full_precision_v3,0552c7f4701ada91e31e916f992171b9418cb47d283a56e61f311581d66266cb
2017-11-17,0.19446071740185472,isotropic_constructed_macro_nats_full_precision_v3,0552c7f4701ada91e31e916f992171b9418cb47d283a56e61f311581d66266cb
2017-11-21,0.2008185864630261,isotropic_constructed_macro_nats_full_precision_v3,0552c7f4701ada91e31e916f992171b9418cb47d283a56e61f311581d66266cb
2017-11-24,0.20147234906812778,isotropic_constructed_macro_nats_full_precision_v3,0552c7f4701ada91e31e916f992171b9418cb47d283a56e61f311581d66266cb
2017-11-28,0.2011517779561271,isotropic_constructed_macro_nats_full_precision_v3,0552c7f4701ada91e31e916f992171b9418cb47d283a56e61f311581d66266cb
2017-11-30,0.18474280578686275,isotropic_constructed_macro_nats_full_precision_v3,0552c7f4701ada91e31e916f992171b9418cb47d283a56e61f311581d66266cb
2017-12-04,0.1802690052424098,isotropic_constructed_macro_nats_full_precision_v3,0552c7f4701ada91e31e916f992171b9418cb47d283a56e61f311581d66266cb
2017-12-06,0.17110133545645828,isotropic_constructed_macro_nats_full_precision_v3,0552c7f4701ada91e31e916f992171b9418cb47d283a56e61f311581d66266cb
2017-12-08,0.18316938523031384,isotropic_constructed_macro_nats_full_precision_v3,0552c7f4701ada91e31e916f992171b9418cb47d283a56e61f311581d66266cb
2017-12-12,0.17689486767285406,isotropic_constructed_macro_nats_full_precision_v3,0552c7f4701ada91e31e916f992171b9418cb47d283a56e61f311581d66266cb
2017-12-14,0.1730299022076351,isotropic_constructed_macro_nats_full_precision_v3,0552c7f4701ada91e31e916f992171b9418cb47d283a56e61f311581d66266cb
2017-12-18,0.1714623549477397,isotropic_constructed_macro_nats_full_precision_v3,0552c7f4701ada91e31e916f992171b9418cb47d283a56e61f311581d66266cb
2017-12-20,0.1712117454003393,isotropic_constructed_macro_nats_full_precision_v3,0552c7f4701ada91e31e916f992171b9418cb47d283a56e61f311581d66266cb
2017-12-22,0.17400286718253472,isotropic_constructed_macro_nats_full_precision_v3,0552c7f4701ada91e31e916f992171b9418cb47d283a56e61f311581d66266cb
2017-12-27,0.17292840630950704,isotropic_constructed_macro_nats_full_precision_v3,0552c7f4701ada91e31e916f992171b9418cb47d283a56e61f311581d66266cb
2017-12-29,0.17008480761991668,isotropic_constructed_macro_nats_full_precision_v3,0552c7f4701ada91e31e916f992171b9418cb47d283a56e61f311581d66266cb
2018-01-03,0.17119864740864663,isotropic_constructed_macro_nats_full_precision_v3,0552c7f4701ada91e31e916f992171b9418cb47d283a56e61f311581d66266cb
2018-01-05,0.17522361779674245,isotropic_constructed_macro_nats_full_precision_v3,0552c7f4701ada91e31e916f992171b9418cb47d283a56e61f311581d66266cb
2018-01-09,0.17019769818888833,isotropic_constructed_macro_nats_full_precision_v3,0552c7f4701ada91e31e916f992171b9418cb47d283a56e61f311581d66266cb
2018-01-11,0.16904002653154238,isotropic_constructed_macro_nats_full_precision_v3,0552c7f4701ada91e31e916f992171b9418cb47d283a56e61f311581d66266cb
2018-01-16,0.1602850666283663,isotropic_constructed_macro_nats_full_precision_v3,0552c7f4701ada91e31e916f992171b9418cb47d283a56e61f311581d66266cb
2018-01-18,0.1821053043807691,isotropic_constructed_macro_nats_full_precision_v3,0552c7f4701ada91e31e916f992171b9418cb47d283a56e61f311581d66266cb
2018-01-22,0.19058137144742715,isotropic_constructed_macro_nats_full_precision_v3,0552c7f4701ada91e31e916f992171b9418cb47d283a56e61f311581d66266cb
2018-01-24,0.1943313883210882,isotropic_constructed_macro_nats_full_precision_v3,0552c7f4701ada91e31e916f992171b9418cb47d283a56e61f311581d66266cb
2018-01-26,0.19535410585562457,isotropic_constructed_macro_nats_full_precision_v3,0552c7f4701ada91e31e916f992171b9418cb47d283a56e61f311581d66266cb
2018-01-30,0.2008000227980361,isotropic_constructed_macro_nats_full_precision_v3,0552c7f4701ada91e31e916f992171b9418cb47d283a56e61f311581d66266cb
2018-02-01,0.19093888015898652,isotropic_constructed_macro_nats_full_precision_v3,0552c7f4701ada91e31e916f992171b9418cb47d283a56e61f311581d66266cb
2018-02-05,0.2024458958352014,isotropic_constructed_macro_nats_full_precision_v3,0552c7f4701ada91e31e916f992171b9418cb47d283a56e61f311581d66266cb
2018-02-07,0.206648832011518,isotropic_constructed_macro_nats_full_precision_v3,0552c7f4701ada91e31e916f992171b9418cb47d283a56e61f311581d66266cb
2018-02-09,0.19416483881824415,isotropic_constructed_macro_nats_full_precision_v3,0552c7f4701ada91e31e916f992171b9418cb47d283a56e61f311581d66266cb
2018-02-13,0.19594367318947348,isotropic_constructed_macro_nats_full_precision_v3,0552c7f4701ada91e31e916f992171b9418cb47d283a56e61f311581d66266cb
2018-02-15,0.19549425986301247,isotropic_constructed_macro_nats_full_precision_v3,0552c7f4701ada91e31e916f992171b9418cb47d283a56e61f311581d66266cb
2018-02-20,0.19612469697081886,isotropic_constructed_macro_nats_full_precision_v3,0552c7f4701ada91e31e916f992171b9418cb47d283a56e61f311581d66266cb
2018-02-22,0.1964582168094628,isotropic_constructed_macro_nats_full_precision_v3,0552c7f4701ada91e31e916f992171b9418cb47d283a56e61f311581d66266cb
2018-02-26,0.20071184280389143,isotropic_constructed_macro_nats_full_precision_v3,0552c7f4701ada91e31e916f992171b9418cb47d283a56e61f311581d66266cb
2018-02-28,0.20844480553396416,isotropic_constructed_macro_nats_full_precision_v3,0552c7f4701ada91e31e916f992171b9418cb47d283a56e61f311581d66266cb
2018-03-02,0.2017685493216158,isotropic_constructed_macro_nats_full_precision_v3,0552c7f4701ada91e31e916f992171b9418cb47d283a56e61f311581d66266cb
2018-03-06,0.19638938675188822,isotropic_constructed_macro_nats_full_precision_v3,0552c7f4701ada91e31e916f992171b9418cb47d283a56e61f311581d66266cb
2018-03-08,0.20591371926679028,isotropic_constructed_macro_nats_full_precision_v3,0552c7f4701ada91e31e916f992171b9418cb47d283a56e61f311581d66266cb
2018-03-12,0.17411297800014225,isotropic_constructed_macro_nats_full_precision_v3,0552c7f4701ada91e31e916f992171b9418cb47d283a56e61f311581d66266cb
2018-03-14,0.18116382322131752,isotropic_constructed_macro_nats_full_precision_v3,0552c7f4701ada91e31e916f992171b9418cb47d283a56e61f311581d66266cb
2018-03-16,0.18426680280775154,isotropic_constructed_macro_nats_full_precision_v3,0552c7f4701ada91e31e916f992171b9418cb47d283a56e61f311581d66266cb
2018-03-20,0.18184194576417656,isotropic_constructed_macro_nats_full_precision_v3,0552c7f4701ada91e31e916f992171b9418cb47d283a56e61f311581d66266cb
2018-03-22,0.185709621366844,isotropic_constructed_macro_nats_full_precision_v3,0552c7f4701ada91e31e916f992171b9418cb47d283a56e61f311581d66266cb
2018-03-26,0.18292414755673098,isotropic_constructed_macro_nats_full_precision_v3,0552c7f4701ada91e31e916f992171b9418cb47d283a56e61f311581d66266cb
2018-03-28,0.18092427501024524,isotropic_constructed_macro_nats_full_precision_v3,0552c7f4701ada91e31e916f992171b9418cb47d283a56e61f311581d66266cb
2018-04-02,0.18536905578613955,isotropic_constructed_macro_nats_full_precision_v3,0552c7f4701ada91e31e916f992171b9418cb47d283a56e61f311581d66266cb
2018-04-04,0.1787645103779107,isotropic_constructed_macro_nats_full_precision_v3,0552c7f4701ada91e31e916f992171b9418cb47d283a56e61f311581d66266cb
2018-04-06,0.17720103732905096,isotropic_constructed_macro_nats_full_precision_v3,0552c7f4701ada91e31e916f992171b9418cb47d283a56e61f311581d66266cb
2018-04-10,0.16982037810700368,isotropic_constructed_macro_nats_full_precision_v3,0552c7f4701ada91e31e916f992171b9418cb47d283a56e61f311581d66266cb
2018-04-12,0.1690322445724424,isotropic_constructed_macro_nats_full_precision_v3,0552c7f4701ada91e31e916f992171b9418cb47d283a56e61f311581d66266cb
2018-04-16,0.15564860432057875,isotropic_constructed_macro_nats_full_precision_v3,0552c7f4701ada91e31e916f992171b9418cb47d283a56e61f311581d66266cb
2018-04-18,0.1498332966013102,isotropic_constructed_macro_nats_full_precision_v3,0552c7f4701ada91e31e916f992171b9418cb47d283a56e61f311581d66266cb
2018-04-20,0.1492862999236888,isotropic_constructed_macro_nats_full_precision_v3,0552c7f4701ada91e31e916f992171b9418cb47d283a56e61f311581d66266cb
2018-04-24,0.1512160399763195,isotropic_constructed_macro_nats_full_precision_v3,0552c7f4701ada91e31e916f992171b9418cb47d283a56e61f311581d66266cb
2018-04-26,0.15064123302855997,isotropic_constructed_macro_nats_full_precision_v3,0552c7f4701ada91e31e916f992171b9418cb47d283a56e61f311581d66266cb
2018-04-30,0.15483628517031334,isotropic_constructed_macro_nats_full_precision_v3,0552c7f4701ada91e31e916f992171b9418cb47d283a56e61f311581d66266cb
2018-05-02,0.15631626475637334,isotropic_constructed_macro_nats_full_precision_v3,0552c7f4701ada91e31e916f992171b9418cb47d283a56e61f311581d66266cb
2018-05-04,0.15004413571473052,isotropic_constructed_macro_nats_full_precision_v3,0552c7f4701ada91e31e916f992171b9418cb47d283a56e61f311581d66266cb
2018-05-08,0.15112409224186263,isotropic_constructed_macro_nats_full_precision_v3,0552c7f4701ada91e31e916f992171b9418cb47d283a56e61f311581d66266cb
2018-05-10,0.1575034322226872,isotropic_constructed_macro_nats_full_precision_v3,0552c7f4701ada91e31e916f992171b9418cb47d283a56e61f311581d66266cb
2018-05-14,0.15938384870259198,isotropic_constructed_macro_nats_full_precision_v3,0552c7f4701ada91e31e916f992171b9418cb47d283a56e61f311581d66266cb
2018-05-16,0.15911292788039422,isotropic_constructed_macro_nats_full_precision_v3,0552c7f4701ada91e31e916f992171b9418cb47d283a56e61f311581d66266cb
2018-05-18,0.15940717177261798,isotropic_constructed_macro_nats_full_precision_v3,0552c7f4701ada91e31e916f992171b9418cb47d283a56e61f311581d66266cb
2018-05-22,0.16019338442094905,isotropic_constructed_macro_nats_full_precision_v3,0552c7f4701ada91e31e916f992171b9418cb47d283a56e61f311581d66266cb
2018-05-24,0.16045304192516502,isotropic_constructed_macro_nats_full_precision_v3,0552c7f4701ada91e31e916f992171b9418cb47d283a56e61f311581d66266cb
2018-05-29,0.15663271374596283,isotropic_constructed_macro_nats_full_precision_v3,0552c7f4701ada91e31e916f992171b9418cb47d283a56e61f311581d66266cb
2018-05-31,0.15866020236748438,isotropic_constructed_macro_nats_full_precision_v3,0552c7f4701ada91e31e916f992171b9418cb47d283a56e61f311581d66266cb
2018-06-04,0.15827177223193295,isotropic_constructed_macro_nats_full_precision_v3,0552c7f4701ada91e31e916f992171b9418cb47d283a56e61f311581d66266cb
2018-06-06,0.16470911460241405,isotropic_constructed_macro_nats_full_precision_v3,0552c7f4701ada91e31e916f992171b9418cb47d283a56e61f311581d66266cb
2018-06-08,0.15140991488291047,isotropic_constructed_macro_nats_full_precision_v3,0552c7f4701ada91e31e916f992171b9418cb47d283a56e61f311581d66266cb
2018-06-12,0.1486251005583918,isotropic_constructed_macro_nats_full_precision_v3,0552c7f4701ada91e31e916f992171b9418cb47d283a56e61f311581d66266cb
2018-06-14,0.14603991108583442,isotropic_constructed_macro_nats_full_precision_v3,0552c7f4701ada91e31e916f992171b9418cb47d283a56e61f311581d66266cb
2018-06-18,0.14866526225141008,isotropic_constructed_macro_nats_full_precision_v3,0552c7f4701ada91e31e916f992171b9418cb47d283a56e61f311581d66266cb
2018-06-20,0.14406168137281644,isotropic_constructed_macro_nats_full_precision_v3,0552c7f4701ada91e31e916f992171b9418cb47d283a56e61f311581d66266cb
2018-06-22,0.1371814320732069,isotropic_constructed_macro_nats_full_precision_v3,0552c7f4701ada91e31e916f992171b9418cb47d283a56e61f311581d66266cb
2018-06-26,0.13760361167594143,isotropic_constructed_macro_nats_full_precision_v3,0552c7f4701ada91e31e916f992171b9418cb47d283a56e61f311581d66266cb
2018-06-28,0.13712029257252076,isotropic_constructed_macro_nats_full_precision_v3,0552c7f4701ada91e31e916f992171b9418cb47d283a56e61f311581d66266cb
2018-07-02,0.13577473021220832,isotropic_constructed_macro_nats_full_precision_v3,0552c7f4701ada91e31e916f992171b9418cb47d283a56e61f311581d66266cb
2018-07-05,0.13817524304288387,isotropic_constructed_macro_nats_full_precision_v3,0552c7f4701ada91e31e916f992171b9418cb47d283a56e61f311581d66266cb
2018-07-09,0.13620379979721384,isotropic_constructed_macro_nats_full_precision_v3,0552c7f4701ada91e31e916f992171b9418cb47d283a56e61f311581d66266cb
2018-07-11,0.13617686250025313,isotropic_constructed_macro_nats_full_precision_v3,0552c7f4701ada91e31e916f992171b9418cb47d283a56e61f311581d66266cb
2018-07-13,0.1421547432850484,isotropic_constructed_macro_nats_full_precision_v3,0552c7f4701ada91e31e916f992171b9418cb47d283a56e61f311581d66266cb
2018-07-17,0.15211472895624584,isotropic_constructed_macro_nats_full_precision_v3,0552c7f4701ada91e31e916f992171b9418cb47d283a56e61f311581d66266cb
2018-07-19,0.1183468454600158,isotropic_constructed_macro_nats_full_precision_v3,0552c7f4701ada91e31e916f992171b9418cb47d283a56e61f311581d66266cb
2018-07-23,0.11424532367869251,isotropic_constructed_macro_nats_full_precision_v3,0552c7f4701ada91e31e916f992171b9418cb47d283a56e61f311581d66266cb
2018-07-25,0.11321757274756443,isotropic_constructed_macro_nats_full_precision_v3,0552c7f4701ada91e31e916f992171b9418cb47d283a56e61f311581d66266cb
2018-07-27,0.12908953233626191,isotropic_constructed_macro_nats_full_precision_v3,0552c7f4701ada91e31e916f992171b9418cb47d283a56e61f311581d66266cb
2018-07-31,0.13566652322590284,isotropic_constructed_macro_nats_full_precision_v3,0552c7f4701ada91e31e916f992171b9418cb47d283a56e61f311581d66266cb
2018-08-02,0.1335154673817615,isotropic_constructed_macro_nats_full_precision_v3,0552c7f4701ada91e31e916f992171b9418cb47d283a56e61f311581d66266cb
2018-08-06,0.12522545150487385,isotropic_constructed_macro_nats_full_precision_v3,0552c7f4701ada91e31e916f992171b9418cb47d283a56e61f311581d66266cb
2018-08-08,0.11837855063910799,isotropic_constructed_macro_nats_full_precision_v3,0552c7f4701ada91e31e916f992171b9418cb47d283a56e61f311581d66266cb
2018-08-10,0.1159075335138595,isotropic_constructed_macro_nats_full_precision_v3,0552c7f4701ada91e31e916f992171b9418cb47d283a56e61f311581d66266cb
2018-08-14,0.1108017177873401,isotropic_constructed_macro_nats_full_precision_v3,0552c7f4701ada91e31e916f992171b9418cb47d283a56e61f311581d66266cb
2018-08-16,0.11156037881004953,isotropic_constructed_macro_nats_full_precision_v3,0552c7f4701ada91e31e916f992171b9418cb47d283a56e61f311581d66266cb
2018-08-20,0.1129724669519583,isotropic_constructed_macro_nats_full_precision_v3,0552c7f4701ada91e31e916f992171b9418cb47d283a56e61f311581d66266cb
2018-08-22,0.1180112301470756,isotropic_constructed_macro_nats_full_precision_v3,0552c7f4701ada91e31e916f992171b9418cb47d283a56e61f311581d66266cb
2018-08-24,0.11658851326581435,isotropic_constructed_macro_nats_full_precision_v3,0552c7f4701ada91e31e916f992171b9418cb47d283a56e61f311581d66266cb
2018-08-28,0.11839509298156763,isotropic_constructed_macro_nats_full_precision_v3,0552c7f4701ada91e31e916f992171b9418cb47d283a56e61f311581d66266cb
2018-08-30,0.11745997583031045,isotropic_constructed_macro_nats_full_precision_v3,0552c7f4701ada91e31e916f992171b9418cb47d283a56e61f311581d66266cb
2018-09-04,0.11786135365505862,isotropic_constructed_macro_nats_full_precision_v3,0552c7f4701ada91e31e916f992171b9418cb47d283a56e61f311581d66266cb
2018-09-06,0.11468921698757324,isotropic_constructed_macro_nats_full_precision_v3,0552c7f4701ada91e31e916f992171b9418cb47d283a56e61f311581d66266cb
2018-09-10,0.1137594803390194,isotropic_constructed_macro_nats_full_precision_v3,0552c7f4701ada91e31e916f992171b9418cb47d283a56e61f311581d66266cb
2018-09-12,0.11463858128026008,isotropic_constructed_macro_nats_full_precision_v3,0552c7f4701ada91e31e916f992171b9418cb47d283a56e61f311581d66266cb
2018-09-14,0.12527168955405327,isotropic_constructed_macro_nats_full_precision_v3,0552c7f4701ada91e31e916f992171b9418cb47d283a56e61f311581d66266cb
2018-09-18,0.13324247872735545,isotropic_constructed_macro_nats_full_precision_v3,0552c7f4701ada91e31e916f992171b9418cb47d283a56e61f311581d66266cb
2018-09-20,0.13235325619086408,isotropic_constructed_macro_nats_full_precision_v3,0552c7f4701ada91e31e916f992171b9418cb47d283a56e61f311581d66266cb
2018-09-24,0.12560532495750804,isotropic_constructed_macro_nats_full_precision_v3,0552c7f4701ada91e31e916f992171b9418cb47d283a56e61f311581d66266cb
2018-09-26,0.11604138515004739,isotropic_constructed_macro_nats_full_precision_v3,0552c7f4701ada91e31e916f992171b9418cb47d283a56e61f311581d66266cb
2018-09-28,0.11289705278038707,isotropic_constructed_macro_nats_full_precision_v3,0552c7f4701ada91e31e916f992171b9418cb47d283a56e61f311581d66266cb
2018-10-02,0.10539259795516323,isotropic_constructed_macro_nats_full_precision_v3,0552c7f4701ada91e31e916f992171b9418cb47d283a56e61f311581d66266cb
2018-10-04,0.10256079171415043,isotropic_constructed_macro_nats_full_precision_v3,0552c7f4701ada91e31e916f992171b9418cb47d283a56e61f311581d66266cb
2018-10-08,0.10213547087310632,isotropic_constructed_macro_nats_full_precision_v3,0552c7f4701ada91e31e916f992171b9418cb47d283a56e61f311581d66266cb
2018-10-10,0.11568522543918168,isotropic_constructed_macro_nats_full_precision_v3,0552c7f4701ada91e31e916f992171b9418cb47d283a56e61f311581d66266cb
2018-10-12,0.1053096122354683,isotropic_constructed_macro_nats_full_precision_v3,0552c7f4701ada91e31e916f992171b9418cb47d283a56e61f311581d66266cb
2018-10-16,0.10458180741869144,isotropic_constructed_macro_nats_full_precision_v3,0552c7f4701ada91e31e916f992171b9418cb47d283a56e61f311581d66266cb
2018-10-18,0.10600526594401637,isotropic_constructed_macro_nats_full_precision_v3,0552c7f4701ada91e31e916f992171b9418cb47d283a56e61f311581d66266cb
2018-10-22,0.1030368771096415,isotropic_constructed_macro_nats_full_precision_v3,0552c7f4701ada91e31e916f992171b9418cb47d283a56e61f311581d66266cb
2018-10-24,0.11197178163791423,isotropic_constructed_macro_nats_full_precision_v3,0552c7f4701ada91e31e916f992171b9418cb47d283a56e61f311581d66266cb
2018-10-26,0.10675209689199606,isotropic_constructed_macro_nats_full_precision_v3,0552c7f4701ada91e31e916f992171b9418cb47d283a56e61f311581d66266cb
2018-10-30,0.11619067257410046,isotropic_constructed_macro_nats_full_precision_v3,0552c7f4701ada91e31e916f992171b9418cb47d283a56e61f311581d66266cb
2018-11-01,0.11182238391147621,isotropic_constructed_macro_nats_full_precision_v3,0552c7f4701ada91e31e916f992171b9418cb47d283a56e61f311581d66266cb
2018-11-05,0.11159358133131636,isotropic_constructed_macro_nats_full_precision_v3,0552c7f4701ada91e31e916f992171b9418cb47d283a56e61f311581d66266cb
2018-11-07,0.09976179590903318,isotropic_constructed_macro_nats_full_precision_v3,0552c7f4701ada91e31e916f992171b9418cb47d283a56e61f311581d66266cb
2018-11-09,0.10184247362025615,isotropic_constructed_macro_nats_full_precision_v3,0552c7f4701ada91e31e916f992171b9418cb47d283a56e61f311581d66266cb
2018-11-13,0.09430732605274711,isotropic_constructed_macro_nats_full_precision_v3,0552c7f4701ada91e31e916f992171b9418cb47d283a56e61f311581d66266cb
2018-11-15,0.09374902847720931,isotropic_constructed_macro_nats_full_precision_v3,0552c7f4701ada91e31e916f992171b9418cb47d283a56e61f311581d66266cb
2018-11-19,0.0959517985783096,isotropic_constructed_macro_nats_full_precision_v3,0552c7f4701ada91e31e916f992171b9418cb47d283a56e61f311581d66266cb
2018-11-21,0.10389873444949878,isotropic_constructed_macro_nats_full_precision_v3,0552c7f4701ada91e31e916f992171b9418cb47d283a56e61f311581d66266cb
2018-11-26,0.11470527703360828,isotropic_constructed_macro_nats_full_precision_v3,0552c7f4701ada91e31e916f992171b9418cb47d283a56e61f311581d66266cb
2018-11-28,0.11292044307724923,isotropic_constructed_macro_nats_full_precision_v3,0552c7f4701ada91e31e916f992171b9418cb47d283a56e61f311581d66266cb
2018-11-30,0.1139549594584451,isotropic_constructed_macro_nats_full_precision_v3,0552c7f4701ada91e31e916f992171b9418cb47d283a56e61f311581d66266cb
2018-12-04,0.11772171578071411,isotropic_constructed_macro_nats_full_precision_v3,0552c7f4701ada91e31e916f992171b9418cb47d283a56e61f311581d66266cb
2018-12-07,0.11818222350669914,isotropic_constructed_macro_nats_full_precision_v3,0552c7f4701ada91e31e916f992171b9418cb47d283a56e61f311581d66266cb
2018-12-11,0.12150644458114393,isotropic_constructed_macro_nats_full_precision_v3,0552c7f4701ada91e31e916f992171b9418cb47d283a56e61f311581d66266cb
2018-12-13,0.12129850874032282,isotropic_constructed_macro_nats_full_precision_v3,0552c7f4701ada91e31e916f992171b9418cb47d283a56e61f311581d66266cb
2018-12-17,0.10971464116575103,isotropic_constructed_macro_nats_full_precision_v3,0552c7f4701ada91e31e916f992171b9418cb47d283a56e61f311581d66266cb
2018-12-19,0.11420788419683928,isotropic_constructed_macro_nats_full_precision_v3,0552c7f4701ada91e31e916f992171b9418cb47d283a56e61f311581d66266cb
2018-12-21,0.10971798118744402,isotropic_constructed_macro_nats_full_precision_v3,0552c7f4701ada91e31e916f992171b9418cb47d283a56e61f311581d66266cb
2018-12-26,0.11405230608553699,isotropic_constructed_macro_nats_full_precision_v3,0552c7f4701ada91e31e916f992171b9418cb47d283a56e61f311581d66266cb
2018-12-28,0.11510016412052468,isotropic_constructed_macro_nats_full_precision_v3,0552c7f4701ada91e31e916f992171b9418cb47d283a56e61f311581d66266cb
2019-01-02,0.11387148853318152,isotropic_constructed_macro_nats_full_precision_v3,0552c7f4701ada91e31e916f992171b9418cb47d283a56e61f311581d66266cb
2019-01-04,0.10762993538677801,isotropic_constructed_macro_nats_full_precision_v3,0552c7f4701ada91e31e916f992171b9418cb47d283a56e61f311581d66266cb
2019-01-08,0.10860641345512108,isotropic_constructed_macro_nats_full_precision_v3,0552c7f4701ada91e31e916f992171b9418cb47d283a56e61f311581d66266cb
2019-01-10,0.12217829840301728,isotropic_constructed_macro_nats_full_precision_v3,0552c7f4701ada91e31e916f992171b9418cb47d283a56e61f311581d66266cb
2019-01-14,0.11117766461003467,isotropic_constructed_macro_nats_full_precision_v3,0552c7f4701ada91e31e916f992171b9418cb47d283a56e61f311581d66266cb
2019-01-16,0.08250714781377617,isotropic_constructed_macro_nats_full_precision_v3,0552c7f4701ada91e31e916f992171b9418cb47d283a56e61f311581d66266cb
2019-01-18,0.08286243129546461,isotropic_constructed_macro_nats_full_precision_v3,0552c7f4701ada91e31e916f992171b9418cb47d283a56e61f311581d66266cb
2019-01-23,0.07991826097867084,isotropic_constructed_macro_nats_full_precision_v3,0552c7f4701ada91e31e916f992171b9418cb47d283a56e61f311581d66266cb
2019-01-25,0.07772277079537918,isotropic_constructed_macro_nats_full_precision_v3,0552c7f4701ada91e31e916f992171b9418cb47d283a56e61f311581d66266cb
2019-01-29,0.07399715110204082,isotropic_constructed_macro_nats_full_precision_v3,0552c7f4701ada91e31e916f992171b9418cb47d283a56e61f311581d66266cb
2019-01-31,0.08474453789844633,isotropic_constructed_macro_nats_full_precision_v3,0552c7f4701ada91e31e916f992171b9418cb47d283a56e61f311581d66266cb
2019-02-04,0.07582877618205354,isotropic_constructed_macro_nats_full_precision_v3,0552c7f4701ada91e31e916f992171b9418cb47d283a56e61f311581d66266cb
2019-02-06,0.07226453703135008,isotropic_constructed_macro_nats_full_precision_v3,0552c7f4701ada91e31e916f992171b9418cb47d283a56e61f311581d66266cb
2019-02-08,0.07163340004885073,isotropic_constructed_macro_nats_full_precision_v3,0552c7f4701ada91e31e916f992171b9418cb47d283a56e61f311581d66266cb
2019-02-12,0.07284007169535908,isotropic_constructed_macro_nats_full_precision_v3,0552c7f4701ada91e31e916f992171b9418cb47d283a56e61f311581d66266cb
2019-02-14,0.07079706262181802,isotropic_constructed_macro_nats_full_precision_v3,0552c7f4701ada91e31e916f992171b9418cb47d283a56e61f311581d66266cb
2019-02-19,0.06930045190793974,isotropic_constructed_macro_nats_full_precision_v3,0552c7f4701ada91e31e916f992171b9418cb47d283a56e61f311581d66266cb
2019-02-21,0.06894920326858045,isotropic_constructed_macro_nats_full_precision_v3,0552c7f4701ada91e31e916f992171b9418cb47d283a56e61f311581d66266cb
2019-02-25,0.06798766326552522,isotropic_constructed_macro_nats_full_precision_v3,0552c7f4701ada91e31e916f992171b9418cb47d283a56e61f311581d66266cb
2019-02-27,0.06687246275663726,isotropic_constructed_macro_nats_full_precision_v3,0552c7f4701ada91e31e916f992171b9418cb47d283a56e61f311581d66266cb
2019-03-01,0.07199061337553694,isotropic_constructed_macro_nats_full_precision_v3,0552c7f4701ada91e31e916f992171b9418cb47d283a56e61f311581d66266cb
2019-03-05,0.07563714938524141,isotropic_constructed_macro_nats_full_precision_v3,0552c7f4701ada91e31e916f992171b9418cb47d283a56e61f311581d66266cb
2019-03-07,0.07795853460819432,isotropic_constructed_macro_nats_full_precision_v3,0552c7f4701ada91e31e916f992171b9418cb47d283a56e61f311581d66266cb
2019-03-11,0.0818780864707414,isotropic_constructed_macro_nats_full_precision_v3,0552c7f4701ada91e31e916f992171b9418cb47d283a56e61f311581d66266cb
2019-03-13,0.0817507597195832,isotropic_constructed_macro_nats_full_precision_v3,0552c7f4701ada91e31e916f992171b9418cb47d283a56e61f311581d66266cb
2019-03-15,0.07896425084445517,isotropic_constructed_macro_nats_full_precision_v3,0552c7f4701ada91e31e916f992171b9418cb47d283a56e61f311581d66266cb
2019-03-19,0.0831865894433464,isotropic_constructed_macro_nats_full_precision_v3,0552c7f4701ada91e31e916f992171b9418cb47d283a56e61f311581d66266cb
2019-03-21,0.07898074650384561,isotropic_constructed_macro_nats_full_precision_v3,0552c7f4701ada91e31e916f992171b9418cb47d283a56e61f311581d66266cb
2019-03-25,0.08699006874664068,isotropic_constructed_macro_nats_full_precision_v3,0552c7f4701ada91e31e916f992171b9418cb47d283a56e61f311581d66266cb
2019-03-27,0.08875609089865755,isotropic_constructed_macro_nats_full_precision_v3,0552c7f4701ada91e31e916f992171b9418cb47d283a56e61f311581d66266cb
2019-03-29,0.09333654946490828,isotropic_constructed_macro_nats_full_precision_v3,0552c7f4701ada91e31e916f992171b9418cb47d283a56e61f311581d66266cb
2019-04-02,0.09783609140466538,isotropic_constructed_macro_nats_full_precision_v3,0552c7f4701ada91e31e916f992171b9418cb47d283a56e61f311581d66266cb
2019-04-04,0.1095708168574942,isotropic_constructed_macro_nats_full_precision_v3,0552c7f4701ada91e31e916f992171b9418cb47d283a56e61f311581d66266cb
2019-04-08,0.12109891042844693,isotropic_constructed_macro_nats_full_precision_v3,0552c7f4701ada91e31e916f992171b9418cb47d283a56e61f311581d66266cb
2019-04-10,0.12075428713980288,isotropic_constructed_macro_nats_full_precision_v3,0552c7f4701ada91e31e916f992171b9418cb47d283a56e61f311581d66266cb
2019-04-12,0.11587113705111735,isotropic_constructed_macro_nats_full_precision_v3,0552c7f4701ada91e31e916f992171b9418cb47d283a56e61f311581d66266cb
2019-04-16,0.12502028337476603,isotropic_constructed_macro_nats_full_precision_v3,0552c7f4701ada91e31e916f992171b9418cb47d283a56e61f311581d66266cb
2019-04-18,0.12520503459509313,isotropic_constructed_macro_nats_full_precision_v3,0552c7f4701ada91e31e916f992171b9418cb47d283a56e61f311581d66266cb
2019-04-23,0.13033779719519967,isotropic_constructed_macro_nats_full_precision_v3,0552c7f4701ada91e31e916f992171b9418cb47d283a56e61f311581d66266cb
2019-04-25,0.12469927182310651,isotropic_constructed_macro_nats_full_precision_v3,0552c7f4701ada91e31e916f992171b9418cb47d283a56e61f311581d66266cb
2019-04-29,0.11785744785141805,isotropic_constructed_macro_nats_full_precision_v3,0552c7f4701ada91e31e916f992171b9418cb47d283a56e61f311581d66266cb
2019-05-01,0.11496421093584164,isotropic_constructed_macro_nats_full_precision_v3,0552c7f4701ada91e31e916f992171b9418cb47d283a56e61f311581d66266cb
2019-05-03,0.1082665628201846,isotropic_constructed_macro_nats_full_precision_v3,0552c7f4701ada91e31e916f992171b9418cb47d283a56e61f311581d66266cb
2019-05-07,0.10583924108397648,isotropic_constructed_macro_nats_full_precision_v3,0552c7f4701ada91e31e916f992171b9418cb47d283a56e61f311581d66266cb
2019-05-09,0.10565416931634543,isotropic_constructed_macro_nats_full_precision_v3,0552c7f4701ada91e31e916f992171b9418cb47d283a56e61f311581d66266cb
2019-05-13,0.10618219720759044,isotropic_constructed_macro_nats_full_precision_v3,0552c7f4701ada91e31e916f992171b9418cb47d283a56e61f311581d66266cb
2019-05-15,0.1089124760618633,isotropic_constructed_macro_nats_full_precision_v3,0552c7f4701ada91e31e916f992171b9418cb47d283a56e61f311581d66266cb
2019-05-17,0.10363580694663437,isotropic_constructed_macro_nats_full_precision_v3,0552c7f4701ada91e31e916f992171b9418cb47d283a56e61f311581d66266cb
2019-05-21,0.107777364402942,isotropic_constructed_macro_nats_full_precision_v3,0552c7f4701ada91e31e916f992171b9418cb47d283a56e61f311581d66266cb
2019-05-23,0.10936462320540054,isotropic_constructed_macro_nats_full_precision_v3,0552c7f4701ada91e31e916f992171b9418cb47d283a56e61f311581d66266cb
2019-05-28,0.10478383462708223,isotropic_constructed_macro_nats_full_precision_v3,0552c7f4701ada91e31e916f992171b9418cb47d283a56e61f311581d66266cb
2019-05-30,0.10121685122388892,isotropic_constructed_macro_nats_full_precision_v3,0552c7f4701ada91e31e916f992171b9418cb47d283a56e61f311581d66266cb
2019-06-03,0.09127842887681777,isotropic_constructed_macro_nats_full_precision_v3,0552c7f4701ada91e31e916f992171b9418cb47d283a56e61f311581d66266cb
2019-06-05,0.08617754870925314,isotropic_constructed_macro_nats_full_precision_v3,0552c7f4701ada91e31e916f992171b9418cb47d283a56e61f311581d66266cb
2019-06-07,0.08728029469636821,isotropic_constructed_macro_nats_full_precision_v3,0552c7f4701ada91e31e916f992171b9418cb47d283a56e61f311581d66266cb
2019-06-11,0.08831026753632093,isotropic_constructed_macro_nats_full_precision_v3,0552c7f4701ada91e31e916f992171b9418cb47d283a56e61f311581d66266cb
2019-06-13,0.0883124513373262,isotropic_constructed_macro_nats_full_precision_v3,0552c7f4701ada91e31e916f992171b9418cb47d283a56e61f311581d66266cb
2019-06-17,0.0885181511183004,isotropic_constructed_macro_nats_full_precision_v3,0552c7f4701ada91e31e916f992171b9418cb47d283a56e61f311581d66266cb
2019-06-19,0.08084574897668428,isotropic_constructed_macro_nats_full_precision_v3,0552c7f4701ada91e31e916f992171b9418cb47d283a56e61f311581d66266cb
2019-06-21,0.07805308679253033,isotropic_constructed_macro_nats_full_precision_v3,0552c7f4701ada91e31e916f992171b9418cb47d283a56e61f311581d66266cb
2019-06-25,0.07565474468899894,isotropic_constructed_macro_nats_full_precision_v3,0552c7f4701ada91e31e916f992171b9418cb47d283a56e61f311581d66266cb
2019-06-27,0.07765116240059988,isotropic_constructed_macro_nats_full_precision_v3,0552c7f4701ada91e31e916f992171b9418cb47d283a56e61f311581d66266cb
2019-07-01,0.0763846198238296,isotropic_constructed_macro_nats_full_precision_v3,0552c7f4701ada91e31e916f992171b9418cb47d283a56e61f311581d66266cb
2019-07-03,0.07769200796324356,isotropic_constructed_macro_nats_full_precision_v3,0552c7f4701ada91e31e916f992171b9418cb47d283a56e61f311581d66266cb
2019-07-08,0.07571897400095225,isotropic_constructed_macro_nats_full_precision_v3,0552c7f4701ada91e31e916f992171b9418cb47d283a56e61f311581d66266cb
2019-07-10,0.072349704272806,isotropic_constructed_macro_nats_full_precision_v3,0552c7f4701ada91e31e916f992171b9418cb47d283a56e61f311581d66266cb
2019-07-12,0.06881807725936966,isotropic_constructed_macro_nats_full_precision_v3,0552c7f4701ada91e31e916f992171b9418cb47d283a56e61f311581d66266cb
2019-07-16,0.06622913594913543,isotropic_constructed_macro_nats_full_precision_v3,0552c7f4701ada91e31e916f992171b9418cb47d283a56e61f311581d66266cb
2019-07-18,0.06520153197787183,isotropic_constructed_macro_nats_full_precision_v3,0552c7f4701ada91e31e916f992171b9418cb47d283a56e61f311581d66266cb
2019-07-22,0.058731880350571156,isotropic_constructed_macro_nats_full_precision_v3,0552c7f4701ada91e31e916f992171b9418cb47d283a56e61f311581d66266cb
2019-07-24,0.06018671107422051,isotropic_constructed_macro_nats_full_precision_v3,0552c7f4701ada91e31e916f992171b9418cb47d283a56e61f311581d66266cb
2019-07-26,0.06647232834116365,isotropic_constructed_macro_nats_full_precision_v3,0552c7f4701ada91e31e916f992171b9418cb47d283a56e61f311581d66266cb
2019-07-30,0.06637214482574952,isotropic_constructed_macro_nats_full_precision_v3,0552c7f4701ada91e31e916f992171b9418cb47d283a56e61f311581d66266cb
2019-08-01,0.0655143852343611,isotropic_constructed_macro_nats_full_precision_v3,0552c7f4701ada91e31e916f992171b9418cb47d283a56e61f311581d66266cb
2019-08-05,0.06303829255331474,isotropic_constructed_macro_nats_full_precision_v3,0552c7f4701ada91e31e916f992171b9418cb47d283a56e61f311581d66266cb
2019-08-07,0.059997785344736806,isotropic_constructed_macro_nats_full_precision_v3,0552c7f4701ada91e31e916f992171b9418cb47d283a56e61f311581d66266cb
2019-08-09,0.061698051212869726,isotropic_constructed_macro_nats_full_precision_v3,0552c7f4701ada91e31e916f992171b9418cb47d283a56e61f311581d66266cb
2019-08-13,0.06069510123195816,isotropic_constructed_macro_nats_full_precision_v3,0552c7f4701ada91e31e916f992171b9418cb47d283a56e61f311581d66266cb
2019-08-15,0.06807735279064253,isotropic_constructed_macro_nats_full_precision_v3,0552c7f4701ada91e31e916f992171b9418cb47d283a56e61f311581d66266cb
2019-08-19,0.06649296702426029,isotropic_constructed_macro_nats_full_precision_v3,0552c7f4701ada91e31e916f992171b9418cb47d283a56e61f311581d66266cb
2019-08-21,0.06638207417184272,isotropic_constructed_macro_nats_full_precision_v3,0552c7f4701ada91e31e916f992171b9418cb47d283a56e61f311581d66266cb
2019-08-23,0.06895058680987838,isotropic_constructed_macro_nats_full_precision_v3,0552c7f4701ada91e31e916f992171b9418cb47d283a56e61f311581d66266cb
2019-08-27,0.07109532920242892,isotropic_constructed_macro_nats_full_precision_v3,0552c7f4701ada91e31e916f992171b9418cb47d283a56e61f311581d66266cb
2019-08-29,0.07065516159442614,isotropic_constructed_macro_nats_full_precision_v3,0552c7f4701ada91e31e916f992171b9418cb47d283a56e61f311581d66266cb
2019-09-03,0.07612140168622136,isotropic_constructed_macro_nats_full_precision_v3,0552c7f4701ada91e31e916f992171b9418cb47d283a56e61f311581d66266cb
2019-09-05,0.07551486887752669,isotropic_constructed_macro_nats_full_precision_v3,0552c7f4701ada91e31e916f992171b9418cb47d283a56e61f311581d66266cb
2019-09-09,0.07724070055769772,isotropic_constructed_macro_nats_full_precision_v3,0552c7f4701ada91e31e916f992171b9418cb47d283a56e61f311581d66266cb
2019-09-11,0.08417793818025009,isotropic_constructed_macro_nats_full_precision_v3,0552c7f4701ada91e31e916f992171b9418cb47d283a56e61f311581d66266cb
2019-09-13,0.08308942203672304,isotropic_constructed_macro_nats_full_precision_v3,0552c7f4701ada91e31e916f992171b9418cb47d283a56e61f311581d66266cb
2019-09-17,0.0809453742807103,isotropic_constructed_macro_nats_full_precision_v3,0552c7f4701ada91e31e916f992171b9418cb47d283a56e61f311581d66266cb
2019-09-19,0.08083579914758475,isotropic_constructed_macro_nats_full_precision_v3,0552c7f4701ada91e31e916f992171b9418cb47d283a56e61f311581d66266cb
2019-09-23,0.07633089701274445,isotropic_constructed_macro_nats_full_precision_v3,0552c7f4701ada91e31e916f992171b9418cb47d283a56e61f311581d66266cb
2019-09-25,0.0795270880989427,isotropic_constructed_macro_nats_full_precision_v3,0552c7f4701ada91e31e916f992171b9418cb47d283a56e61f311581d66266cb
2019-09-27,0.07919569028648431,isotropic_constructed_macro_nats_full_precision_v3,0552c7f4701ada91e31e916f992171b9418cb47d283a56e61f311581d66266cb
2019-10-01,0.0805488144751904,isotropic_constructed_macro_nats_full_precision_v3,0552c7f4701ada91e31e916f992171b9418cb47d283a56e61f311581d66266cb
2019-10-03,0.08185669722064617,isotropic_constructed_macro_nats_full_precision_v3,0552c7f4701ada91e31e916f992171b9418cb47d283a56e61f311581d66266cb
2019-10-07,0.08386044573666648,isotropic_constructed_macro_nats_full_precision_v3,0552c7f4701ada91e31e916f992171b9418cb47d283a56e61f311581d66266cb
2019-10-09,0.08358534283689516,isotropic_constructed_macro_nats_full_precision_v3,0552c7f4701ada91e31e916f992171b9418cb47d283a56e61f311581d66266cb
2019-10-11,0.08252715394026862,isotropic_constructed_macro_nats_full_precision_v3,0552c7f4701ada91e31e916f992171b9418cb47d283a56e61f311581d66266cb
2019-10-15,0.08253979310133842,isotropic_constructed_macro_nats_full_precision_v3,0552c7f4701ada91e31e916f992171b9418cb47d283a56e61f311581d66266cb
2019-10-17,0.08329474193614968,isotropic_constructed_macro_nats_full_precision_v3,0552c7f4701ada91e31e916f992171b9418cb47d283a56e61f311581d66266cb
2019-10-21,0.07986233590241788,isotropic_constructed_macro_nats_full_precision_v3,0552c7f4701ada91e31e916f992171b9418cb47d283a56e61f311581d66266cb
2019-10-23,0.07720939320566046,isotropic_constructed_macro_nats_full_precision_v3,0552c7f4701ada91e31e916f992171b9418cb47d283a56e61f311581d66266cb
2019-10-25,0.08417851584473653,isotropic_constructed_macro_nats_full_precision_v3,0552c7f4701ada91e31e916f992171b9418cb47d283a56e61f311581d66266cb
2019-10-29,0.08563616962792246,isotropic_constructed_macro_nats_full_precision_v3,0552c7f4701ada91e31e916f992171b9418cb47d283a56e61f311581d66266cb
2019-10-31,0.08510179237639653,isotropic_constructed_macro_nats_full_precision_v3,0552c7f4701ada91e31e916f992171b9418cb47d283a56e61f311581d66266cb
2019-11-04,0.09257145990602567,isotropic_constructed_macro_nats_full_precision_v3,0552c7f4701ada91e31e916f992171b9418cb47d283a56e61f311581d66266cb
2019-11-06,0.09139060419309342,isotropic_constructed_macro_nats_full_precision_v3,0552c7f4701ada91e31e916f992171b9418cb47d283a56e61f311581d66266cb
2019-11-08,0.09061784746644967,isotropic_constructed_macro_nats_full_precision_v3,0552c7f4701ada91e31e916f992171b9418cb47d283a56e61f311581d66266cb
2019-11-12,0.09082573823297899,isotropic_constructed_macro_nats_full_precision_v3,0552c7f4701ada91e31e916f992171b9418cb47d283a56e61f311581d66266cb
2019-11-14,0.09300005219757956,isotropic_constructed_macro_nats_full_precision_v3,0552c7f4701ada91e31e916f992171b9418cb47d283a56e61f311581d66266cb
2019-11-18,0.09088397497998849,isotropic_constructed_macro_nats_full_precision_v3,0552c7f4701ada91e31e916f992171b9418cb47d283a56e61f311581d66266cb
2019-11-20,0.09331133899146546,isotropic_constructed_macro_nats_full_precision_v3,0552c7f4701ada91e31e916f992171b9418cb47d283a56e61f311581d66266cb
2019-11-22,0.09740853304789597,isotropic_constructed_macro_nats_full_precision_v3,0552c7f4701ada91e31e916f992171b9418cb47d283a56e61f311581d66266cb
2019-11-26,0.09523705218781445,isotropic_constructed_macro_nats_full_precision_v3,0552c7f4701ada91e31e916f992171b9418cb47d283a56e61f311581d66266cb
2019-11-29,0.08675938711156536,isotropic_constructed_macro_nats_full_precision_v3,0552c7f4701ada91e31e916f992171b9418cb47d283a56e61f311581d66266cb
2019-12-03,0.0900935019991237,isotropic_constructed_macro_nats_full_precision_v3,0552c7f4701ada91e31e916f992171b9418cb47d283a56e61f311581d66266cb
2019-12-05,0.0873618148805735,isotropic_constructed_macro_nats_full_precision_v3,0552c7f4701ada91e31e916f992171b9418cb47d283a56e61f311581d66266cb
2019-12-09,0.08791259063345122,isotropic_constructed_macro_nats_full_precision_v3,0552c7f4701ada91e31e916f992171b9418cb47d283a56e61f311581d66266cb
2019-12-11,0.091166643572194,isotropic_constructed_macro_nats_full_precision_v3,0552c7f4701ada91e31e916f992171b9418cb47d283a56e61f311581d66266cb
2019-12-13,0.08790057026565101,isotropic_constructed_macro_nats_full_precision_v3,0552c7f4701ada91e31e916f992171b9418cb47d283a56e61f311581d66266cb
2019-12-17,0.0831686022141895,isotropic_constructed_macro_nats_full_precision_v3,0552c7f4701ada91e31e916f992171b9418cb47d283a56e61f311581d66266cb
2019-12-19,0.08111915408649537,isotropic_constructed_macro_nats_full_precision_v3,0552c7f4701ada91e31e916f992171b9418cb47d283a56e61f311581d66266cb
2019-12-23,0.08221747068473875,isotropic_constructed_macro_nats_full_precision_v3,0552c7f4701ada91e31e916f992171b9418cb47d283a56e61f311581d66266cb
2019-12-26,0.08083448947434893,isotropic_constructed_macro_nats_full_precision_v3,0552c7f4701ada91e31e916f992171b9418cb47d283a56e61f311581d66266cb
2019-12-30,0.07965351373034697,isotropic_constructed_macro_nats_full_precision_v3,0552c7f4701ada91e31e916f992171b9418cb47d283a56e61f311581d66266cb
2020-01-02,0.0772784679907699,isotropic_constructed_macro_nats_full_precision_v3,0552c7f4701ada91e31e916f992171b9418cb47d283a56e61f311581d66266cb
2020-01-06,0.08039131859118183,isotropic_constructed_macro_nats_full_precision_v3,0552c7f4701ada91e31e916f992171b9418cb47d283a56e61f311581d66266cb
2020-01-08,0.079617020751579,isotropic_constructed_macro_nats_full_precision_v3,0552c7f4701ada91e31e916f992171b9418cb47d283a56e61f311581d66266cb
2020-01-10,0.0792327392864891,isotropic_constructed_macro_nats_full_precision_v3,0552c7f4701ada91e31e916f992171b9418cb47d283a56e61f311581d66266cb
2020-01-14,0.08167946406726229,isotropic_constructed_macro_nats_full_precision_v3,0552c7f4701ada91e31e916f992171b9418cb47d283a56e61f311581d66266cb
2020-01-16,0.07964191369175513,isotropic_constructed_macro_nats_full_precision_v3,0552c7f4701ada91e31e916f992171b9418cb47d283a56e61f311581d66266cb
2020-01-21,0.08452594729716492,isotropic_constructed_macro_nats_full_precision_v3,0552c7f4701ada91e31e916f992171b9418cb47d283a56e61f311581d66266cb
2020-01-23,0.08261137478097406,isotropic_constructed_macro_nats_full_precision_v3,0552c7f4701ada91e31e916f992171b9418cb47d283a56e61f311581d66266cb
2020-01-27,0.0841216719416676,isotropic_constructed_macro_nats_full_precision_v3,0552c7f4701ada91e31e916f992171b9418cb47d283a56e61f311581d66266cb
2020-01-29,0.08487371490496398,isotropic_constructed_macro_nats_full_precision_v3,0552c7f4701ada91e31e916f992171b9418cb47d283a56e61f311581d66266cb
2020-01-31,0.08305205150554375,isotropic_constructed_macro_nats_full_precision_v3,0552c7f4701ada91e31e916f992171b9418cb47d283a56e61f311581d66266cb
2020-02-04,0.08647817246546148,isotropic_constructed_macro_nats_full_precision_v3,0552c7f4701ada91e31e916f992171b9418cb47d283a56e61f311581d66266cb
2020-02-06,0.08956741050548207,isotropic_constructed_macro_nats_full_precision_v3,0552c7f4701ada91e31e916f992171b9418cb47d283a56e61f311581d66266cb
2020-02-10,0.09736050930196978,isotropic_constructed_macro_nats_full_precision_v3,0552c7f4701ada91e31e916f992171b9418cb47d283a56e61f311581d66266cb
2020-02-12,0.0987013105977067,isotropic_constructed_macro_nats_full_precision_v3,0552c7f4701ada91e31e916f992171b9418cb47d283a56e61f311581d66266cb
2020-02-14,0.09468105276848202,isotropic_constructed_macro_nats_full_precision_v3,0552c7f4701ada91e31e916f992171b9418cb47d283a56e61f311581d66266cb
2020-02-19,0.09992554255292839,isotropic_constructed_macro_nats_full_precision_v3,0552c7f4701ada91e31e916f992171b9418cb47d283a56e61f311581d66266cb
2020-02-21,0.10223595357159537,isotropic_constructed_macro_nats_full_precision_v3,0552c7f4701ada91e31e916f992171b9418cb47d283a56e61f311581d66266cb
2020-02-25,0.10609539804853689,isotropic_constructed_macro_nats_full_precision_v3,0552c7f4701ada91e31e916f992171b9418cb47d283a56e61f311581d66266cb
2020-02-27,0.12220611961044087,isotropic_constructed_macro_nats_full_precision_v3,0552c7f4701ada91e31e916f992171b9418cb47d283a56e61f311581d66266cb
2020-03-02,0.12887037684088143,isotropic_constructed_macro_nats_full_precision_v3,0552c7f4701ada91e31e916f992171b9418cb47d283a56e61f311581d66266cb
2020-03-04,0.12849263297985433,isotropic_constructed_macro_nats_full_precision_v3,0552c7f4701ada91e31e916f992171b9418cb47d283a56e61f311581d66266cb
2020-03-06,0.13559862056551625,isotropic_constructed_macro_nats_full_precision_v3,0552c7f4701ada91e31e916f992171b9418cb47d283a56e61f311581d66266cb
2020-03-10,0.17227982097373484,isotropic_constructed_macro_nats_full_precision_v3,0552c7f4701ada91e31e916f992171b9418cb47d283a56e61f311581d66266cb
2020-03-12,0.18630174421670342,isotropic_constructed_macro_nats_full_precision_v3,0552c7f4701ada91e31e916f992171b9418cb47d283a56e61f311581d66266cb
2020-03-16,0.3012060975600177,isotropic_constructed_macro_nats_full_precision_v3,0552c7f4701ada91e31e916f992171b9418cb47d283a56e61f311581d66266cb
2020-03-18,0.29503477184180527,isotropic_constructed_macro_nats_full_precision_v3,0552c7f4701ada91e31e916f992171b9418cb47d283a56e61f311581d66266cb
2020-03-20,0.28462108380121426,isotropic_constructed_macro_nats_full_precision_v3,0552c7f4701ada91e31e916f992171b9418cb47d283a56e61f311581d66266cb
2020-03-24,0.257464315559075,isotropic_constructed_macro_nats_full_precision_v3,0552c7f4701ada91e31e916f992171b9418cb47d283a56e61f311581d66266cb
2020-03-26,0.28235489419854476,isotropic_constructed_macro_nats_full_precision_v3,0552c7f4701ada91e31e916f992171b9418cb47d283a56e61f311581d66266cb
2020-03-30,0.2621490829246662,isotropic_constructed_macro_nats_full_precision_v3,0552c7f4701ada91e31e916f992171b9418cb47d283a56e61f311581d66266cb
2020-04-01,0.25516971828297474,isotropic_constructed_macro_nats_full_precision_v3,0552c7f4701ada91e31e916f992171b9418cb47d283a56e61f311581d66266cb
2020-04-03,0.25778062980895344,isotropic_constructed_macro_nats_full_precision_v3,0552c7f4701ada91e31e916f992171b9418cb47d283a56e61f311581d66266cb
2020-04-07,0.24951256967807314,isotropic_constructed_macro_nats_full_precision_v3,0552c7f4701ada91e31e916f992171b9418cb47d283a56e61f311581d66266cb
2020-04-09,0.25281059938202644,isotropic_constructed_macro_nats_full_precision_v3,0552c7f4701ada91e31e916f992171b9418cb47d283a56e61f311581d66266cb
2020-04-14,0.24915112582421836,isotropic_constructed_macro_nats_full_precision_v3,0552c7f4701ada91e31e916f992171b9418cb47d283a56e61f311581d66266cb
2020-04-16,0.2578037613201083,isotropic_constructed_macro_nats_full_precision_v3,0552c7f4701ada91e31e916f992171b9418cb47d283a56e61f311581d66266cb
2020-04-20,0.2687479278180509,isotropic_constructed_macro_nats_full_precision_v3,0552c7f4701ada91e31e916f992171b9418cb47d283a56e61f311581d66266cb
2020-04-22,0.27339147578092193,isotropic_constructed_macro_nats_full_precision_v3,0552c7f4701ada91e31e916f992171b9418cb47d283a56e61f311581d66266cb
2020-04-24,0.26825399976230446,isotropic_constructed_macro_nats_full_precision_v3,0552c7f4701ada91e31e916f992171b9418cb47d283a56e61f311581d66266cb
2020-04-28,0.2752221866537569,isotropic_constructed_macro_nats_full_precision_v3,0552c7f4701ada91e31e916f992171b9418cb47d283a56e61f311581d66266cb
2020-04-30,0.2825912714266575,isotropic_constructed_macro_nats_full_precision_v3,0552c7f4701ada91e31e916f992171b9418cb47d283a56e61f311581d66266cb
2020-05-04,0.28721230991862556,isotropic_constructed_macro_nats_full_precision_v3,0552c7f4701ada91e31e916f992171b9418cb47d283a56e61f311581d66266cb
2020-05-06,0.29060524940783233,isotropic_constructed_macro_nats_full_precision_v3,0552c7f4701ada91e31e916f992171b9418cb47d283a56e61f311581d66266cb
2020-05-08,0.2743065735212964,isotropic_constructed_macro_nats_full_precision_v3,0552c7f4701ada91e31e916f992171b9418cb47d283a56e61f311581d66266cb
2020-05-12,0.28099284913032474,isotropic_constructed_macro_nats_full_precision_v3,0552c7f4701ada91e31e916f992171b9418cb47d283a56e61f311581d66266cb
2020-05-14,0.28038122697072887,isotropic_constructed_macro_nats_full_precision_v3,0552c7f4701ada91e31e916f992171b9418cb47d283a56e61f311581d66266cb
2020-05-18,0.2858237766865681,isotropic_constructed_macro_nats_full_precision_v3,0552c7f4701ada91e31e916f992171b9418cb47d283a56e61f311581d66266cb
2020-05-20,0.2951031984559578,isotropic_constructed_macro_nats_full_precision_v3,0552c7f4701ada91e31e916f992171b9418cb47d283a56e61f311581d66266cb
2020-05-22,0.2864193835689224,isotropic_constructed_macro_nats_full_precision_v3,0552c7f4701ada91e31e916f992171b9418cb47d283a56e61f311581d66266cb
2020-05-27,0.28868056562733935,isotropic_constructed_macro_nats_full_precision_v3,0552c7f4701ada91e31e916f992171b9418cb47d283a56e61f311581d66266cb
2020-05-29,0.2853720509932146,isotropic_constructed_macro_nats_full_precision_v3,0552c7f4701ada91e31e916f992171b9418cb47d283a56e61f311581d66266cb
2020-06-02,0.2933734185065172,isotropic_constructed_macro_nats_full_precision_v3,0552c7f4701ada91e31e916f992171b9418cb47d283a56e61f311581d66266cb
2020-06-04,0.2969688499860926,isotropic_constructed_macro_nats_full_precision_v3,0552c7f4701ada91e31e916f992171b9418cb47d283a56e61f311581d66266cb
2020-06-08,0.27734099411292856,isotropic_constructed_macro_nats_full_precision_v3,0552c7f4701ada91e31e916f992171b9418cb47d283a56e61f311581d66266cb
2020-06-10,0.27929543755262265,isotropic_constructed_macro_nats_full_precision_v3,0552c7f4701ada91e31e916f992171b9418cb47d283a56e61f311581d66266cb
2020-06-12,0.28518087925739644,isotropic_constructed_macro_nats_full_precision_v3,0552c7f4701ada91e31e916f992171b9418cb47d283a56e61f311581d66266cb
2020-06-16,0.28233882833481383,isotropic_constructed_macro_nats_full_precision_v3,0552c7f4701ada91e31e916f992171b9418cb47d283a56e61f311581d66266cb
2020-06-18,0.2793154608826486,isotropic_constructed_macro_nats_full_precision_v3,0552c7f4701ada91e31e916f992171b9418cb47d283a56e61f311581d66266cb
2020-06-22,0.2795338854915259,isotropic_constructed_macro_nats_full_precision_v3,0552c7f4701ada91e31e916f992171b9418cb47d283a56e61f311581d66266cb
2020-06-24,0.26986874978737385,isotropic_constructed_macro_nats_full_precision_v3,0552c7f4701ada91e31e916f992171b9418cb47d283a56e61f311581d66266cb
2020-06-26,0.27019979730968935,isotropic_constructed_macro_nats_full_precision_v3,0552c7f4701ada91e31e916f992171b9418cb47d283a56e61f311581d66266cb
2020-06-30,0.27190809486300205,isotropic_constructed_macro_nats_full_precision_v3,0552c7f4701ada91e31e916f992171b9418cb47d283a56e61f311581d66266cb
2020-07-02,0.2764624887462271,isotropic_constructed_macro_nats_full_precision_v3,0552c7f4701ada91e31e916f992171b9418cb47d283a56e61f311581d66266cb
2020-07-07,0.27826295713627924,isotropic_constructed_macro_nats_full_precision_v3,0552c7f4701ada91e31e916f992171b9418cb47d283a56e61f311581d66266cb
2020-07-09,0.28313834352723954,isotropic_constructed_macro_nats_full_precision_v3,0552c7f4701ada91e31e916f992171b9418cb47d283a56e61f311581d66266cb
2020-07-13,0.2748617934266456,isotropic_constructed_macro_nats_full_precision_v3,0552c7f4701ada91e31e916f992171b9418cb47d283a56e61f311581d66266cb
2020-07-15,0.26369059096317105,isotropic_constructed_macro_nats_full_precision_v3,0552c7f4701ada91e31e916f992171b9418cb47d283a56e61f311581d66266cb
2020-07-17,0.2674357745207774,isotropic_constructed_macro_nats_full_precision_v3,0552c7f4701ada91e31e916f992171b9418cb47d283a56e61f311581d66266cb
2020-07-21,0.26400506310921157,isotropic_constructed_macro_nats_full_precision_v3,0552c7f4701ada91e31e916f992171b9418cb47d283a56e61f311581d66266cb
2020-07-23,0.2692958343721872,isotropic_constructed_macro_nats_full_precision_v3,0552c7f4701ada91e31e916f992171b9418cb47d283a56e61f311581d66266cb
2020-07-27,0.26292708131323284,isotropic_constructed_macro_nats_full_precision_v3,0552c7f4701ada91e31e916f992171b9418cb47d283a56e61f311581d66266cb
2020-07-29,0.26358226871040275,isotropic_constructed_macro_nats_full_precision_v3,0552c7f4701ada91e31e916f992171b9418cb47d283a56e61f311581d66266cb
2020-07-31,0.25631446148403286,isotropic_constructed_macro_nats_full_precision_v3,0552c7f4701ada91e31e916f992171b9418cb47d283a56e61f311581d66266cb
2020-08-04,0.23912248307465755,isotropic_constructed_macro_nats_full_precision_v3,0552c7f4701ada91e31e916f992171b9418cb47d283a56e61f311581d66266cb
2020-08-06,0.24138042389718511,isotropic_constructed_macro_nats_full_precision_v3,0552c7f4701ada91e31e916f992171b9418cb47d283a56e61f311581d66266cb
2020-08-10,0.24111273507732883,isotropic_constructed_macro_nats_full_precision_v3,0552c7f4701ada91e31e916f992171b9418cb47d283a56e61f311581d66266cb
2020-08-12,0.2426965032595095,isotropic_constructed_macro_nats_full_precision_v3,0552c7f4701ada91e31e916f992171b9418cb47d283a56e61f311581d66266cb
2020-08-14,0.2377845069004558,isotropic_constructed_macro_nats_full_precision_v3,0552c7f4701ada91e31e916f992171b9418cb47d283a56e61f311581d66266cb
2020-08-18,0.2390687528050662,isotropic_constructed_macro_nats_full_precision_v3,0552c7f4701ada91e31e916f992171b9418cb47d283a56e61f311581d66266cb
2020-08-20,0.23977342656582307,isotropic_constructed_macro_nats_full_precision_v3,0552c7f4701ada91e31e916f992171b9418cb47d283a56e61f311581d66266cb
2020-08-24,0.2361937666935163,isotropic_constructed_macro_nats_full_precision_v3,0552c7f4701ada91e31e916f992171b9418cb47d283a56e61f311581d66266cb
2020-08-26,0.24173298866468543,isotropic_constructed_macro_nats_full_precision_v3,0552c7f4701ada91e31e916f992171b9418cb47d283a56e61f311581d66266cb
2020-08-28,0.23362688443695787,isotropic_constructed_macro_nats_full_precision_v3,0552c7f4701ada91e31e916f992171b9418cb47d283a56e61f311581d66266cb
2020-09-01,0.22575671994457486,isotropic_constructed_macro_nats_full_precision_v3,0552c7f4701ada91e31e916f992171b9418cb47d283a56e61f311581d66266cb
2020-09-03,0.22160244391508577,isotropic_constructed_macro_nats_full_precision_v3,0552c7f4701ada91e31e916f992171b9418cb47d283a56e61f311581d66266cb
2020-09-08,0.2282075752884961,isotropic_constructed_macro_nats_full_precision_v3,0552c7f4701ada91e31e916f992171b9418cb47d283a56e61f311581d66266cb
2020-09-10,0.23144337427422906,isotropic_constructed_macro_nats_full_precision_v3,0552c7f4701ada91e31e916f992171b9418cb47d283a56e61f311581d66266cb
2020-09-14,0.23231760621337805,isotropic_constructed_macro_nats_full_precision_v3,0552c7f4701ada91e31e916f992171b9418cb47d283a56e61f311581d66266cb
2020-09-16,0.22798276170412482,isotropic_constructed_macro_nats_full_precision_v3,0552c7f4701ada91e31e916f992171b9418cb47d283a56e61f311581d66266cb
2020-09-18,0.22588229674740568,isotropic_constructed_macro_nats_full_precision_v3,0552c7f4701ada91e31e916f992171b9418cb47d283a56e61f311581d66266cb
2020-09-22,0.23431184584834525,isotropic_constructed_macro_nats_full_precision_v3,0552c7f4701ada91e31e916f992171b9418cb47d283a56e61f311581d66266cb
2020-09-24,0.22994697406052178,isotropic_constructed_macro_nats_full_precision_v3,0552c7f4701ada91e31e916f992171b9418cb47d283a56e61f311581d66266cb
2020-09-28,0.21996685371209898,isotropic_constructed_macro_nats_full_precision_v3,0552c7f4701ada91e31e916f992171b9418cb47d283a56e61f311581d66266cb
2020-09-30,0.21600025253579513,isotropic_constructed_macro_nats_full_precision_v3,0552c7f4701ada91e31e916f992171b9418cb47d283a56e61f311581d66266cb
2020-10-02,0.21290842622064166,isotropic_constructed_macro_nats_full_precision_v3,0552c7f4701ada91e31e916f992171b9418cb47d283a56e61f311581d66266cb
2020-10-06,0.21599700795232005,isotropic_constructed_macro_nats_full_precision_v3,0552c7f4701ada91e31e916f992171b9418cb47d283a56e61f311581d66266cb
2020-10-08,0.21810897153232733,isotropic_constructed_macro_nats_full_precision_v3,0552c7f4701ada91e31e916f992171b9418cb47d283a56e61f311581d66266cb
2020-10-12,0.21493100383426408,isotropic_constructed_macro_nats_full_precision_v3,0552c7f4701ada91e31e916f992171b9418cb47d283a56e61f311581d66266cb
2020-10-14,0.2173553588850948,isotropic_constructed_macro_nats_full_precision_v3,0552c7f4701ada91e31e916f992171b9418cb47d283a56e61f311581d66266cb
2020-10-16,0.21470445663944335,isotropic_constructed_macro_nats_full_precision_v3,0552c7f4701ada91e31e916f992171b9418cb47d283a56e61f311581d66266cb
2020-10-20,0.21225075585637848,isotropic_constructed_macro_nats_full_precision_v3,0552c7f4701ada91e31e916f992171b9418cb47d283a56e61f311581d66266cb
2020-10-22,0.2146822874118896,isotropic_constructed_macro_nats_full_precision_v3,0552c7f4701ada91e31e916f992171b9418cb47d283a56e61f311581d66266cb
2020-10-26,0.21116369706481491,isotropic_constructed_macro_nats_full_precision_v3,0552c7f4701ada91e31e916f992171b9418cb47d283a56e61f311581d66266cb
2020-10-28,0.2097245690987253,isotropic_constructed_macro_nats_full_precision_v3,0552c7f4701ada91e31e916f992171b9418cb47d283a56e61f311581d66266cb
2020-10-30,0.2124109503103399,isotropic_constructed_macro_nats_full_precision_v3,0552c7f4701ada91e31e916f992171b9418cb47d283a56e61f311581d66266cb
2020-11-03,0.2142067500190125,isotropic_constructed_macro_nats_full_precision_v3,0552c7f4701ada91e31e916f992171b9418cb47d283a56e61f311581d66266cb
2020-11-05,0.21800569879624052,isotropic_constructed_macro_nats_full_precision_v3,0552c7f4701ada91e31e916f992171b9418cb47d283a56e61f311581d66266cb
2020-11-09,0.22547196716755583,isotropic_constructed_macro_nats_full_precision_v3,0552c7f4701ada91e31e916f992171b9418cb47d283a56e61f311581d66266cb
2020-11-11,0.23134658567171656,isotropic_constructed_macro_nats_full_precision_v3,0552c7f4701ada91e31e916f992171b9418cb47d283a56e61f311581d66266cb
2020-11-13,0.23153805746834402,isotropic_constructed_macro_nats_full_precision_v3,0552c7f4701ada91e31e916f992171b9418cb47d283a56e61f311581d66266cb
2020-11-17,0.23477790233036783,isotropic_constructed_macro_nats_full_precision_v3,0552c7f4701ada91e31e916f992171b9418cb47d283a56e61f311581d66266cb
2020-11-19,0.23507588210237984,isotropic_constructed_macro_nats_full_precision_v3,0552c7f4701ada91e31e916f992171b9418cb47d283a56e61f311581d66266cb
2020-11-23,0.23340147381411971,isotropic_constructed_macro_nats_full_precision_v3,0552c7f4701ada91e31e916f992171b9418cb47d283a56e61f311581d66266cb
2020-11-25,0.23771196109341386,isotropic_constructed_macro_nats_full_precision_v3,0552c7f4701ada91e31e916f992171b9418cb47d283a56e61f311581d66266cb
2020-11-30,0.24789508458727738,isotropic_constructed_macro_nats_full_precision_v3,0552c7f4701ada91e31e916f992171b9418cb47d283a56e61f311581d66266cb
2020-12-02,0.2349431161912482,isotropic_constructed_macro_nats_full_precision_v3,0552c7f4701ada91e31e916f992171b9418cb47d283a56e61f311581d66266cb
2020-12-04,0.2340468871952553,isotropic_constructed_macro_nats_full_precision_v3,0552c7f4701ada91e31e916f992171b9418cb47d283a56e61f311581d66266cb
2020-12-08,0.23937594013736346,isotropic_constructed_macro_nats_full_precision_v3,0552c7f4701ada91e31e916f992171b9418cb47d283a56e61f311581d66266cb
2020-12-10,0.2375999037016418,isotropic_constructed_macro_nats_full_precision_v3,0552c7f4701ada91e31e916f992171b9418cb47d283a56e61f311581d66266cb
2020-12-14,0.24134158469549832,isotropic_constructed_macro_nats_full_precision_v3,0552c7f4701ada91e31e916f992171b9418cb47d283a56e61f311581d66266cb
2020-12-16,0.24032140853833106,isotropic_constructed_macro_nats_full_precision_v3,0552c7f4701ada91e31e916f992171b9418cb47d283a56e61f311581d66266cb
2020-12-18,0.2406074656889966,isotropic_constructed_macro_nats_full_precision_v3,0552c7f4701ada91e31e916f992171b9418cb47d283a56e61f311581d66266cb
2020-12-22,0.24310269111158161,isotropic_constructed_macro_nats_full_precision_v3,0552c7f4701ada91e31e916f992171b9418cb47d283a56e61f311581d66266cb
2020-12-24,0.2450453656757535,isotropic_constructed_macro_nats_full_precision_v3,0552c7f4701ada91e31e916f992171b9418cb47d283a56e61f311581d66266cb
2020-12-29,0.24568895340252367,isotropic_constructed_macro_nats_full_precision_v3,0552c7f4701ada91e31e916f992171b9418cb47d283a56e61f311581d66266cb
2020-12-31,0.24685548865213605,isotropic_constructed_macro_nats_full_precision_v3,0552c7f4701ada91e31e916f992171b9418cb47d283a56e61f311581d66266cb
2021-01-05,0.24307474931278267,isotropic_constructed_macro_nats_full_precision_v3,0552c7f4701ada91e31e916f992171b9418cb47d283a56e61f311581d66266cb
2021-01-07,0.2531678021242586,isotropic_constructed_macro_nats_full_precision_v3,0552c7f4701ada91e31e916f992171b9418cb47d283a56e61f311581d66266cb
2021-01-11,0.252013237690969,isotropic_constructed_macro_nats_full_precision_v3,0552c7f4701ada91e31e916f992171b9418cb47d283a56e61f311581d66266cb
2021-01-13,0.25419798548218453,isotropic_constructed_macro_nats_full_precision_v3,0552c7f4701ada91e31e916f992171b9418cb47d283a56e61f311581d66266cb
2021-01-15,0.2624879191343886,isotropic_constructed_macro_nats_full_precision_v3,0552c7f4701ada91e31e916f992171b9418cb47d283a56e61f311581d66266cb
2021-01-20,0.26262151085011975,isotropic_constructed_macro_nats_full_precision_v3,0552c7f4701ada91e31e916f992171b9418cb47d283a56e61f311581d66266cb
2021-01-22,0.26453324630103214,isotropic_constructed_macro_nats_full_precision_v3,0552c7f4701ada91e31e916f992171b9418cb47d283a56e61f311581d66266cb
2021-01-26,0.27434705234551693,isotropic_constructed_macro_nats_full_precision_v3,0552c7f4701ada91e31e916f992171b9418cb47d283a56e61f311581d66266cb
2021-01-28,0.2680112483113378,isotropic_constructed_macro_nats_full_precision_v3,0552c7f4701ada91e31e916f992171b9418cb47d283a56e61f311581d66266cb
2021-02-01,0.27205950863410744,isotropic_constructed_macro_nats_full_precision_v3,0552c7f4701ada91e31e916f992171b9418cb47d283a56e61f311581d66266cb
2021-02-03,0.3122324632467327,isotropic_constructed_macro_nats_full_precision_v3,0552c7f4701ada91e31e916f992171b9418cb47d283a56e61f311581d66266cb
2021-02-05,0.2775353494543489,isotropic_constructed_macro_nats_full_precision_v3,0552c7f4701ada91e31e916f992171b9418cb47d283a56e61f311581d66266cb
2021-02-09,0.30574755835112677,isotropic_constructed_macro_nats_full_precision_v3,0552c7f4701ada91e31e916f992171b9418cb47d283a56e61f311581d66266cb
2021-02-11,0.2889602574797211,isotropic_constructed_macro_nats_full_precision_v3,0552c7f4701ada91e31e916f992171b9418cb47d283a56e61f311581d66266cb
2021-02-16,0.2753257254741888,isotropic_constructed_macro_nats_full_precision_v3,0552c7f4701ada91e31e916f992171b9418cb47d283a56e61f311581d66266cb
2021-02-18,0.2676220104760234,isotropic_constructed_macro_nats_full_precision_v3,0552c7f4701ada91e31e916f992171b9418cb47d283a56e61f311581d66266cb
2021-02-22,0.27324583473524383,isotropic_constructed_macro_nats_full_precision_v3,0552c7f4701ada91e31e916f992171b9418cb47d283a56e61f311581d66266cb
2021-02-24,0.3086114258768457,isotropic_constructed_macro_nats_full_precision_v3,0552c7f4701ada91e31e916f992171b9418cb47d283a56e61f311581d66266cb
2021-02-26,0.26846818748705303,isotropic_constructed_macro_nats_full_precision_v3,0552c7f4701ada91e31e916f992171b9418cb47d283a56e61f311581d66266cb
2021-03-02,0.25781991831703904,isotropic_constructed_macro_nats_full_precision_v3,0552c7f4701ada91e31e916f992171b9418cb47d283a56e61f311581d66266cb
2021-03-04,0.24938401897793738,isotropic_constructed_macro_nats_full_precision_v3,0552c7f4701ada91e31e916f992171b9418cb47d283a56e61f311581d66266cb
2021-03-08,0.27144307323113137,isotropic_constructed_macro_nats_full_precision_v3,0552c7f4701ada91e31e916f992171b9418cb47d283a56e61f311581d66266cb
2021-03-10,0.27639252267849324,isotropic_constructed_macro_nats_full_precision_v3,0552c7f4701ada91e31e916f992171b9418cb47d283a56e61f311581d66266cb
2021-03-12,0.2828757563380419,isotropic_constructed_macro_nats_full_precision_v3,0552c7f4701ada91e31e916f992171b9418cb47d283a56e61f311581d66266cb
2021-03-16,0.29617172973931993,isotropic_constructed_macro_nats_full_precision_v3,0552c7f4701ada91e31e916f992171b9418cb47d283a56e61f311581d66266cb
2021-03-18,0.29320231722690815,isotropic_constructed_macro_nats_full_precision_v3,0552c7f4701ada91e31e916f992171b9418cb47d283a56e61f311581d66266cb
2021-03-22,0.29964750741811863,isotropic_constructed_macro_nats_full_precision_v3,0552c7f4701ada91e31e916f992171b9418cb47d283a56e61f311581d66266cb
2021-03-24,0.29586484136606483,isotropic_constructed_macro_nats_full_precision_v3,0552c7f4701ada91e31e916f992171b9418cb47d283a56e61f311581d66266cb
2021-03-26,0.30553750981737327,isotropic_constructed_macro_nats_full_precision_v3,0552c7f4701ada91e31e916f992171b9418cb47d283a56e61f311581d66266cb
2021-03-30,0.3123006719844154,isotropic_constructed_macro_nats_full_precision_v3,0552c7f4701ada91e31e916f992171b9418cb47d283a56e61f311581d66266cb
2021-04-01,0.31831158247521063,isotropic_constructed_macro_nats_full_precision_v3,0552c7f4701ada91e31e916f992171b9418cb47d283a56e61f311581d66266cb
2021-04-06,0.30196995823398365,isotropic_constructed_macro_nats_full_precision_v3,0552c7f4701ada91e31e916f992171b9418cb47d283a56e61f311581d66266cb
2021-04-08,0.3086699616944093,isotropic_constructed_macro_nats_full_precision_v3,0552c7f4701ada91e31e916f992171b9418cb47d283a56e61f311581d66266cb
2021-04-12,0.3126545614136873,isotropic_constructed_macro_nats_full_precision_v3,0552c7f4701ada91e31e916f992171b9418cb47d283a56e61f311581d66266cb
2021-04-14,0.31931727139571164,isotropic_constructed_macro_nats_full_precision_v3,0552c7f4701ada91e31e916f992171b9418cb47d283a56e61f311581d66266cb
2021-04-16,0.3200540628972919,isotropic_constructed_macro_nats_full_precision_v3,0552c7f4701ada91e31e916f992171b9418cb47d283a56e61f311581d66266cb
2021-04-20,0.324399244323773,isotropic_constructed_macro_nats_full_precision_v3,0552c7f4701ada91e31e916f992171b9418cb47d283a56e61f311581d66266cb
2021-04-22,0.3214491034681948,isotropic_constructed_macro_nats_full_precision_v3,0552c7f4701ada91e31e916f992171b9418cb47d283a56e61f311581d66266cb
2021-04-26,0.3107281551424527,isotropic_constructed_macro_nats_full_precision_v3,0552c7f4701ada91e31e916f992171b9418cb47d283a56e61f311581d66266cb
2021-04-28,0.30631465746825737,isotropic_constructed_macro_nats_full_precision_v3,0552c7f4701ada91e31e916f992171b9418cb47d283a56e61f311581d66266cb
2021-04-30,0.30346141760261836,isotropic_constructed_macro_nats_full_precision_v3,0552c7f4701ada91e31e916f992171b9418cb47d283a56e61f311581d66266cb
2021-05-04,0.3153360264729651,isotropic_constructed_macro_nats_full_precision_v3,0552c7f4701ada91e31e916f992171b9418cb47d283a56e61f311581d66266cb
2021-05-06,0.2985323212749984,isotropic_constructed_macro_nats_full_precision_v3,0552c7f4701ada91e31e916f992171b9418cb47d283a56e61f311581d66266cb
2021-05-10,0.30716079467096646,isotropic_constructed_macro_nats_full_precision_v3,0552c7f4701ada91e31e916f992171b9418cb47d283a56e61f311581d66266cb
2021-05-12,0.2635629394436807,isotropic_constructed_macro_nats_full_precision_v3,0552c7f4701ada91e31e916f992171b9418cb47d283a56e61f311581d66266cb
2021-05-14,0.2660588735469637,isotropic_constructed_macro_nats_full_precision_v3,0552c7f4701ada91e31e916f992171b9418cb47d283a56e61f311581d66266cb
2021-05-18,0.29899042350775906,isotropic_constructed_macro_nats_full_precision_v3,0552c7f4701ada91e31e916f992171b9418cb47d283a56e61f311581d66266cb
2021-05-20,0.2984916676692216,isotropic_constructed_macro_nats_full_precision_v3,0552c7f4701ada91e31e916f992171b9418cb47d283a56e61f311581d66266cb
2021-05-24,0.29950325954812823,isotropic_constructed_macro_nats_full_precision_v3,0552c7f4701ada91e31e916f992171b9418cb47d283a56e61f311581d66266cb
2021-05-26,0.29526018951976096,isotropic_constructed_macro_nats_full_precision_v3,0552c7f4701ada91e31e916f992171b9418cb47d283a56e61f311581d66266cb
2021-05-28,0.297345585075906,isotropic_constructed_macro_nats_full_precision_v3,0552c7f4701ada91e31e916f992171b9418cb47d283a56e61f311581d66266cb
2021-06-02,0.2928940278793213,isotropic_constructed_macro_nats_full_precision_v3,0552c7f4701ada91e31e916f992171b9418cb47d283a56e61f311581d66266cb
2021-06-04,0.29884514643736,isotropic_constructed_macro_nats_full_precision_v3,0552c7f4701ada91e31e916f992171b9418cb47d283a56e61f311581d66266cb
2021-06-08,0.2800370707925466,isotropic_constructed_macro_nats_full_precision_v3,0552c7f4701ada91e31e916f992171b9418cb47d283a56e61f311581d66266cb
2021-06-10,0.27001100361926567,isotropic_constructed_macro_nats_full_precision_v3,0552c7f4701ada91e31e916f992171b9418cb47d283a56e61f311581d66266cb
2021-06-14,0.27068527384291363,isotropic_constructed_macro_nats_full_precision_v3,0552c7f4701ada91e31e916f992171b9418cb47d283a56e61f311581d66266cb
2021-06-16,0.28925385587685115,isotropic_constructed_macro_nats_full_precision_v3,0552c7f4701ada91e31e916f992171b9418cb47d283a56e61f311581d66266cb
2021-06-18,0.3044256817541028,isotropic_constructed_macro_nats_full_precision_v3,0552c7f4701ada91e31e916f992171b9418cb47d283a56e61f311581d66266cb
2021-06-22,0.2685027453458413,isotropic_constructed_macro_nats_full_precision_v3,0552c7f4701ada91e31e916f992171b9418cb47d283a56e61f311581d66266cb
2021-06-24,0.3143014516441848,isotropic_constructed_macro_nats_full_precision_v3,0552c7f4701ada91e31e916f992171b9418cb47d283a56e61f311581d66266cb
2021-06-28,0.26002043157993343,isotropic_constructed_macro_nats_full_precision_v3,0552c7f4701ada91e31e916f992171b9418cb47d283a56e61f311581d66266cb
2021-06-30,0.2746499098441373,isotropic_constructed_macro_nats_full_precision_v3,0552c7f4701ada91e31e916f992171b9418cb47d283a56e61f311581d66266cb
2021-07-02,0.29728250564382647,isotropic_constructed_macro_nats_full_precision_v3,0552c7f4701ada91e31e916f992171b9418cb47d283a56e61f311581d66266cb
2021-07-07,0.28996259922302003,isotropic_constructed_macro_nats_full_precision_v3,0552c7f4701ada91e31e916f992171b9418cb47d283a56e61f311581d66266cb
2021-07-09,0.2850292264258818,isotropic_constructed_macro_nats_full_precision_v3,0552c7f4701ada91e31e916f992171b9418cb47d283a56e61f311581d66266cb
2021-07-13,0.2946816095027504,isotropic_constructed_macro_nats_full_precision_v3,0552c7f4701ada91e31e916f992171b9418cb47d283a56e61f311581d66266cb
2021-07-15,0.28717802258959924,isotropic_constructed_macro_nats_full_precision_v3,0552c7f4701ada91e31e916f992171b9418cb47d283a56e61f311581d66266cb
2021-07-19,0.2831452835397861,isotropic_constructed_macro_nats_full_precision_v3,0552c7f4701ada91e31e916f992171b9418cb47d283a56e61f311581d66266cb
2021-07-21,0.2952090229631834,isotropic_constructed_macro_nats_full_precision_v3,0552c7f4701ada91e31e916f992171b9418cb47d283a56e61f311581d66266cb
2021-07-23,0.2894903720076975,isotropic_constructed_macro_nats_full_precision_v3,0552c7f4701ada91e31e916f992171b9418cb47d283a56e61f311581d66266cb
2021-07-27,0.29616408102103525,isotropic_constructed_macro_nats_full_precision_v3,0552c7f4701ada91e31e916f992171b9418cb47d283a56e61f311581d66266cb
2021-07-29,0.29150722379924987,isotropic_constructed_macro_nats_full_precision_v3,0552c7f4701ada91e31e916f992171b9418cb47d283a56e61f311581d66266cb
2021-08-02,0.2944135932915519,isotropic_constructed_macro_nats_full_precision_v3,0552c7f4701ada91e31e916f992171b9418cb47d283a56e61f311581d66266cb
2021-08-04,0.2878029597541298,isotropic_constructed_macro_nats_full_precision_v3,0552c7f4701ada91e31e916f992171b9418cb47d283a56e61f311581d66266cb
2021-08-06,0.27896511095832444,isotropic_constructed_macro_nats_full_precision_v3,0552c7f4701ada91e31e916f992171b9418cb47d283a56e61f311581d66266cb
2021-08-10,0.3003752257984756,isotropic_constructed_macro_nats_full_precision_v3,0552c7f4701ada91e31e916f992171b9418cb47d283a56e61f311581d66266cb
2021-08-12,0.2984707594464575,isotropic_constructed_macro_nats_full_precision_v3,0552c7f4701ada91e31e916f992171b9418cb47d283a56e61f311581d66266cb
2021-08-16,0.30088111744840373,isotropic_constructed_macro_nats_full_precision_v3,0552c7f4701ada91e31e916f992171b9418cb47d283a56e61f311581d66266cb
2021-08-18,0.29630474147366653,isotropic_constructed_macro_nats_full_precision_v3,0552c7f4701ada91e31e916f992171b9418cb47d283a56e61f311581d66266cb
2021-08-20,0.3020120044036856,isotropic_constructed_macro_nats_full_precision_v3,0552c7f4701ada91e31e916f992171b9418cb47d283a56e61f311581d66266cb
2021-08-24,0.3044510698675973,isotropic_constructed_macro_nats_full_precision_v3,0552c7f4701ada91e31e916f992171b9418cb47d283a56e61f311581d66266cb
2021-08-26,0.30585191311912774,isotropic_constructed_macro_nats_full_precision_v3,0552c7f4701ada91e31e916f992171b9418cb47d283a56e61f311581d66266cb
2021-08-30,0.30575517536910257,isotropic_constructed_macro_nats_full_precision_v3,0552c7f4701ada91e31e916f992171b9418cb47d283a56e61f311581d66266cb
2021-09-01,0.30271845260846086,isotropic_constructed_macro_nats_full_precision_v3,0552c7f4701ada91e31e916f992171b9418cb47d283a56e61f311581d66266cb
2021-09-03,0.2777281502296822,isotropic_constructed_macro_nats_full_precision_v3,0552c7f4701ada91e31e916f992171b9418cb47d283a56e61f311581d66266cb
2021-09-08,0.2984171525018601,isotropic_constructed_macro_nats_full_precision_v3,0552c7f4701ada91e31e916f992171b9418cb47d283a56e61f311581d66266cb
2021-09-10,0.2846341154704566,isotropic_constructed_macro_nats_full_precision_v3,0552c7f4701ada91e31e916f992171b9418cb47d283a56e61f311581d66266cb
2021-09-14,0.2921406785899788,isotropic_constructed_macro_nats_full_precision_v3,0552c7f4701ada91e31e916f992171b9418cb47d283a56e61f311581d66266cb
2021-09-16,0.2916671469988661,isotropic_constructed_macro_nats_full_precision_v3,0552c7f4701ada91e31e916f992171b9418cb47d283a56e61f311581d66266cb
2021-09-20,0.2797880417671666,isotropic_constructed_macro_nats_full_precision_v3,0552c7f4701ada91e31e916f992171b9418cb47d283a56e61f311581d66266cb
2021-09-22,0.2743981299344801,isotropic_constructed_macro_nats_full_precision_v3,0552c7f4701ada91e31e916f992171b9418cb47d283a56e61f311581d66266cb
2021-09-24,0.2852081631399703,isotropic_constructed_macro_nats_full_precision_v3,0552c7f4701ada91e31e916f992171b9418cb47d283a56e61f311581d66266cb
2021-09-28,0.2842263772648133,isotropic_constructed_macro_nats_full_precision_v3,0552c7f4701ada91e31e916f992171b9418cb47d283a56e61f311581d66266cb
2021-09-30,0.2890798496160992,isotropic_constructed_macro_nats_full_precision_v3,0552c7f4701ada91e31e916f992171b9418cb47d283a56e61f311581d66266cb
2021-10-04,0.2750717218106631,isotropic_constructed_macro_nats_full_precision_v3,0552c7f4701ada91e31e916f992171b9418cb47d283a56e61f311581d66266cb
2021-10-06,0.28271534286729916,isotropic_constructed_macro_nats_full_precision_v3,0552c7f4701ada91e31e916f992171b9418cb47d283a56e61f311581d66266cb
2021-10-08,0.28487128052013766,isotropic_constructed_macro_nats_full_precision_v3,0552c7f4701ada91e31e916f992171b9418cb47d283a56e61f311581d66266cb
2021-10-12,0.2853479230834205,isotropic_constructed_macro_nats_full_precision_v3,0552c7f4701ada91e31e916f992171b9418cb47d283a56e61f311581d66266cb
2021-10-14,0.2781232125287997,isotropic_constructed_macro_nats_full_precision_v3,0552c7f4701ada91e31e916f992171b9418cb47d283a56e61f311581d66266cb
2021-10-18,0.27635896262784254,isotropic_constructed_macro_nats_full_precision_v3,0552c7f4701ada91e31e916f992171b9418cb47d283a56e61f311581d66266cb
2021-10-20,0.2816145548148405,isotropic_constructed_macro_nats_full_precision_v3,0552c7f4701ada91e31e916f992171b9418cb47d283a56e61f311581d66266cb
2021-10-22,0.2787684500732223,isotropic_constructed_macro_nats_full_precision_v3,0552c7f4701ada91e31e916f992171b9418cb47d283a56e61f311581d66266cb
2021-10-26,0.2737862176374275,isotropic_constructed_macro_nats_full_precision_v3,0552c7f4701ada91e31e916f992171b9418cb47d283a56e61f311581d66266cb
2021-10-28,0.29467226007010483,isotropic_constructed_macro_nats_full_precision_v3,0552c7f4701ada91e31e916f992171b9418cb47d283a56e61f311581d66266cb
2021-11-01,0.29496856745474564,isotropic_constructed_macro_nats_full_precision_v3,0552c7f4701ada91e31e916f992171b9418cb47d283a56e61f311581d66266cb
2021-11-03,0.29504649332436456,isotropic_constructed_macro_nats_full_precision_v3,0552c7f4701ada91e31e916f992171b9418cb47d283a56e61f311581d66266cb
2021-11-05,0.29566407932216965,isotropic_constructed_macro_nats_full_precision_v3,0552c7f4701ada91e31e916f992171b9418cb47d283a56e61f311581d66266cb
2021-11-09,0.29736535842932643,isotropic_constructed_macro_nats_full_precision_v3,0552c7f4701ada91e31e916f992171b9418cb47d283a56e61f311581d66266cb
2021-11-11,0.29185773746197563,isotropic_constructed_macro_nats_full_precision_v3,0552c7f4701ada91e31e916f992171b9418cb47d283a56e61f311581d66266cb
2021-11-15,0.2926984070629056,isotropic_constructed_macro_nats_full_precision_v3,0552c7f4701ada91e31e916f992171b9418cb47d283a56e61f311581d66266cb
2021-11-17,0.2887326197359943,isotropic_constructed_macro_nats_full_precision_v3,0552c7f4701ada91e31e916f992171b9418cb47d283a56e61f311581d66266cb
2021-11-19,0.2870738749126446,isotropic_constructed_macro_nats_full_precision_v3,0552c7f4701ada91e31e916f992171b9418cb47d283a56e61f311581d66266cb
2021-11-23,0.2926669623128221,isotropic_constructed_macro_nats_full_precision_v3,0552c7f4701ada91e31e916f992171b9418cb47d283a56e61f311581d66266cb
2021-11-26,0.294534241429841,isotropic_constructed_macro_nats_full_precision_v3,0552c7f4701ada91e31e916f992171b9418cb47d283a56e61f311581d66266cb
2021-11-30,0.28949070166764834,isotropic_constructed_macro_nats_full_precision_v3,0552c7f4701ada91e31e916f992171b9418cb47d283a56e61f311581d66266cb
2021-12-02,0.29339619202076994,isotropic_constructed_macro_nats_full_precision_v3,0552c7f4701ada91e31e916f992171b9418cb47d283a56e61f311581d66266cb
2021-12-06,0.29990266995895665,isotropic_constructed_macro_nats_full_precision_v3,0552c7f4701ada91e31e916f992171b9418cb47d283a56e61f311581d66266cb
2021-12-08,0.3033125987832189,isotropic_constructed_macro_nats_full_precision_v3,0552c7f4701ada91e31e916f992171b9418cb47d283a56e61f311581d66266cb
2021-12-10,0.3055927033503171,isotropic_constructed_macro_nats_full_precision_v3,0552c7f4701ada91e31e916f992171b9418cb47d283a56e61f311581d66266cb
2021-12-14,0.3045123653591877,isotropic_constructed_macro_nats_full_precision_v3,0552c7f4701ada91e31e916f992171b9418cb47d283a56e61f311581d66266cb
2021-12-16,0.30444757118926696,isotropic_constructed_macro_nats_full_precision_v3,0552c7f4701ada91e31e916f992171b9418cb47d283a56e61f311581d66266cb
2021-12-20,0.3092338081510416,isotropic_constructed_macro_nats_full_precision_v3,0552c7f4701ada91e31e916f992171b9418cb47d283a56e61f311581d66266cb
2021-12-22,0.3080013829605131,isotropic_constructed_macro_nats_full_precision_v3,0552c7f4701ada91e31e916f992171b9418cb47d283a56e61f311581d66266cb
2021-12-27,0.305579178246959,isotropic_constructed_macro_nats_full_precision_v3,0552c7f4701ada91e31e916f992171b9418cb47d283a56e61f311581d66266cb
2021-12-29,0.3143290265365497,isotropic_constructed_macro_nats_full_precision_v3,0552c7f4701ada91e31e916f992171b9418cb47d283a56e61f311581d66266cb
2021-12-31,0.3159844927179668,isotropic_constructed_macro_nats_full_precision_v3,0552c7f4701ada91e31e916f992171b9418cb47d283a56e61f311581d66266cb
2022-01-04,0.308026504800336,isotropic_constructed_macro_nats_full_precision_v3,0552c7f4701ada91e31e916f992171b9418cb47d283a56e61f311581d66266cb
2022-01-06,0.305240464425242,isotropic_constructed_macro_nats_full_precision_v3,0552c7f4701ada91e31e916f992171b9418cb47d283a56e61f311581d66266cb
2022-01-10,0.3043841709055704,isotropic_constructed_macro_nats_full_precision_v3,0552c7f4701ada91e31e916f992171b9418cb47d283a56e61f311581d66266cb
2022-01-12,0.3043755216847538,isotropic_constructed_macro_nats_full_precision_v3,0552c7f4701ada91e31e916f992171b9418cb47d283a56e61f311581d66266cb
2022-01-14,0.3002312827789702,isotropic_constructed_macro_nats_full_precision_v3,0552c7f4701ada91e31e916f992171b9418cb47d283a56e61f311581d66266cb
2022-01-19,0.30487492118744625,isotropic_constructed_macro_nats_full_precision_v3,0552c7f4701ada91e31e916f992171b9418cb47d283a56e61f311581d66266cb
2022-01-21,0.30843157814628286,isotropic_constructed_macro_nats_full_precision_v3,0552c7f4701ada91e31e916f992171b9418cb47d283a56e61f311581d66266cb
2022-01-25,0.30780683981654633,isotropic_constructed_macro_nats_full_precision_v3,0552c7f4701ada91e31e916f992171b9418cb47d283a56e61f311581d66266cb
2022-01-27,0.30576174671764156,isotropic_constructed_macro_nats_full_precision_v3,0552c7f4701ada91e31e916f992171b9418cb47d283a56e61f311581d66266cb
2022-01-31,0.30413255526061655,isotropic_constructed_macro_nats_full_precision_v3,0552c7f4701ada91e31e916f992171b9418cb47d283a56e61f311581d66266cb
2022-02-02,0.29180407802556196,isotropic_constructed_macro_nats_full_precision_v3,0552c7f4701ada91e31e916f992171b9418cb47d283a56e61f311581d66266cb
2022-02-04,0.3211426860732241,isotropic_constructed_macro_nats_full_precision_v3,0552c7f4701ada91e31e916f992171b9418cb47d283a56e61f311581d66266cb
2022-02-08,0.33970026974848244,isotropic_constructed_macro_nats_full_precision_v3,0552c7f4701ada91e31e916f992171b9418cb47d283a56e61f311581d66266cb
2022-02-10,0.33603182921799946,isotropic_constructed_macro_nats_full_precision_v3,0552c7f4701ada91e31e916f992171b9418cb47d283a56e61f311581d66266cb
2022-02-14,0.33018326281729654,isotropic_constructed_macro_nats_full_precision_v3,0552c7f4701ada91e31e916f992171b9418cb47d283a56e61f311581d66266cb
2022-02-16,0.3393045907864771,isotropic_constructed_macro_nats_full_precision_v3,0552c7f4701ada91e31e916f992171b9418cb47d283a56e61f311581d66266cb
2022-02-18,0.32075631601254295,isotropic_constructed_macro_nats_full_precision_v3,0552c7f4701ada91e31e916f992171b9418cb47d283a56e61f311581d66266cb
2022-02-23,0.3070267059059161,isotropic_constructed_macro_nats_full_precision_v3,0552c7f4701ada91e31e916f992171b9418cb47d283a56e61f311581d66266cb
2022-02-25,0.3210117339643995,isotropic_constructed_macro_nats_full_precision_v3,0552c7f4701ada91e31e916f992171b9418cb47d283a56e61f311581d66266cb
2022-03-01,0.3361321352139203,isotropic_constructed_macro_nats_full_precision_v3,0552c7f4701ada91e31e916f992171b9418cb47d283a56e61f311581d66266cb
2022-03-03,0.3064366853157407,isotropic_constructed_macro_nats_full_precision_v3,0552c7f4701ada91e31e916f992171b9418cb47d283a56e61f311581d66266cb
2022-03-07,0.3372876813937612,isotropic_constructed_macro_nats_full_precision_v3,0552c7f4701ada91e31e916f992171b9418cb47d283a56e61f311581d66266cb
2022-03-09,0.31593252334645916,isotropic_constructed_macro_nats_full_precision_v3,0552c7f4701ada91e31e916f992171b9418cb47d283a56e61f311581d66266cb
2022-03-11,0.2966622903359495,isotropic_constructed_macro_nats_full_precision_v3,0552c7f4701ada91e31e916f992171b9418cb47d283a56e61f311581d66266cb
2022-03-15,0.32277539810114375,isotropic_constructed_macro_nats_full_precision_v3,0552c7f4701ada91e31e916f992171b9418cb47d283a56e61f311581d66266cb
2022-03-17,0.3235215820319799,isotropic_constructed_macro_nats_full_precision_v3,0552c7f4701ada91e31e916f992171b9418cb47d283a56e61f311581d66266cb
2022-03-21,0.32675080742902,isotropic_constructed_macro_nats_full_precision_v3,0552c7f4701ada91e31e916f992171b9418cb47d283a56e61f311581d66266cb
2022-03-23,0.34648834537716733,isotropic_constructed_macro_nats_full_precision_v3,0552c7f4701ada91e31e916f992171b9418cb47d283a56e61f311581d66266cb
2022-03-25,0.35731870639372953,isotropic_constructed_macro_nats_full_precision_v3,0552c7f4701ada91e31e916f992171b9418cb47d283a56e61f311581d66266cb
2022-03-29,0.30066785416772535,isotropic_constructed_macro_nats_full_precision_v3,0552c7f4701ada91e31e916f992171b9418cb47d283a56e61f311581d66266cb
2022-03-31,0.30858281409920907,isotropic_constructed_macro_nats_full_precision_v3,0552c7f4701ada91e31e916f992171b9418cb47d283a56e61f311581d66266cb
2022-04-04,0.33169520165557304,isotropic_constructed_macro_nats_full_precision_v3,0552c7f4701ada91e31e916f992171b9418cb47d283a56e61f311581d66266cb
2022-04-06,0.3508156781677459,isotropic_constructed_macro_nats_full_precision_v3,0552c7f4701ada91e31e916f992171b9418cb47d283a56e61f311581d66266cb
2022-04-08,0.3524611998432313,isotropic_constructed_macro_nats_full_precision_v3,0552c7f4701ada91e31e916f992171b9418cb47d283a56e61f311581d66266cb
2022-04-12,0.3268620156269394,isotropic_constructed_macro_nats_full_precision_v3,0552c7f4701ada91e31e916f992171b9418cb47d283a56e61f311581d66266cb
2022-04-14,0.3597507278626714,isotropic_constructed_macro_nats_full_precision_v3,0552c7f4701ada91e31e916f992171b9418cb47d283a56e61f311581d66266cb
2022-04-19,0.3579250718418998,isotropic_constructed_macro_nats_full_precision_v3,0552c7f4701ada91e31e916f992171b9418cb47d283a56e61f311581d66266cb
2022-04-21,0.33076583853791774,isotropic_constructed_macro_nats_full_precision_v3,0552c7f4701ada91e31e916f992171b9418cb47d283a56e61f311581d66266cb
2022-04-25,0.3104219187660053,isotropic_constructed_macro_nats_full_precision_v3,0552c7f4701ada91e31e916f992171b9418cb47d283a56e61f311581d66266cb
2022-04-27,0.31655223227162926,isotropic_constructed_macro_nats_full_precision_v3,0552c7f4701ada91e31e916f992171b9418cb47d283a56e61f311581d66266cb
2022-04-29,0.3164116583503007,isotropic_constructed_macro_nats_full_precision_v3,0552c7f4701ada91e31e916f992171b9418cb47d283a56e61f311581d66266cb
2022-05-03,0.3212068207779162,isotropic_constructed_macro_nats_full_precision_v3,0552c7f4701ada91e31e916f992171b9418cb47d283a56e61f311581d66266cb
2022-05-05,0.32552902171122133,isotropic_constructed_macro_nats_full_precision_v3,0552c7f4701ada91e31e916f992171b9418cb47d283a56e61f311581d66266cb
2022-05-09,0.370517287555168,isotropic_constructed_macro_nats_full_precision_v3,0552c7f4701ada91e31e916f992171b9418cb47d283a56e61f311581d66266cb
2022-05-11,0.36666695233356206,isotropic_constructed_macro_nats_full_precision_v3,0552c7f4701ada91e31e916f992171b9418cb47d283a56e61f311581d66266cb
2022-05-13,0.3541839636466775,isotropic_constructed_macro_nats_full_precision_v3,0552c7f4701ada91e31e916f992171b9418cb47d283a56e61f311581d66266cb
2022-05-17,0.3313540510630093,isotropic_constructed_macro_nats_full_precision_v3,0552c7f4701ada91e31e916f992171b9418cb47d283a56e61f311581d66266cb
2022-05-19,0.33503836640847373,isotropic_constructed_macro_nats_full_precision_v3,0552c7f4701ada91e31e916f992171b9418cb47d283a56e61f311581d66266cb
2022-05-23,0.34733104164179707,isotropic_constructed_macro_nats_full_precision_v3,0552c7f4701ada91e31e916f992171b9418cb47d283a56e61f311581d66266cb
2022-05-25,0.3529736838571278,isotropic_constructed_macro_nats_full_precision_v3,0552c7f4701ada91e31e916f992171b9418cb47d283a56e61f311581d66266cb
2022-05-27,0.3422194649847844,isotropic_constructed_macro_nats_full_precision_v3,0552c7f4701ada91e31e916f992171b9418cb47d283a56e61f311581d66266cb
2022-06-01,0.3526989528252377,isotropic_constructed_macro_nats_full_precision_v3,0552c7f4701ada91e31e916f992171b9418cb47d283a56e61f311581d66266cb
2022-06-03,0.3462622400590318,isotropic_constructed_macro_nats_full_precision_v3,0552c7f4701ada91e31e916f992171b9418cb47d283a56e61f311581d66266cb
2022-06-07,0.34340023607211134,isotropic_constructed_macro_nats_full_precision_v3,0552c7f4701ada91e31e916f992171b9418cb47d283a56e61f311581d66266cb
2022-06-09,0.3443809679044283,isotropic_constructed_macro_nats_full_precision_v3,0552c7f4701ada91e31e916f992171b9418cb47d283a56e61f311581d66266cb
2022-06-13,0.3451831490689867,isotropic_constructed_macro_nats_full_precision_v3,0552c7f4701ada91e31e916f992171b9418cb47d283a56e61f311581d66266cb
2022-06-15,0.3619504113501621,isotropic_constructed_macro_nats_full_precision_v3,0552c7f4701ada91e31e916f992171b9418cb47d283a56e61f311581d66266cb
2022-06-17,0.3561787764268244,isotropic_constructed_macro_nats_full_precision_v3,0552c7f4701ada91e31e916f992171b9418cb47d283a56e61f311581d66266cb
2022-06-22,0.33360191478058854,isotropic_constructed_macro_nats_full_precision_v3,0552c7f4701ada91e31e916f992171b9418cb47d283a56e61f311581d66266cb
2022-06-24,0.3476377856389302,isotropic_constructed_macro_nats_full_precision_v3,0552c7f4701ada91e31e916f992171b9418cb47d283a56e61f311581d66266cb
2022-06-28,0.3390009340280455,isotropic_constructed_macro_nats_full_precision_v3,0552c7f4701ada91e31e916f992171b9418cb47d283a56e61f311581d66266cb
2022-06-30,0.3550191602020874,isotropic_constructed_macro_nats_full_precision_v3,0552c7f4701ada91e31e916f992171b9418cb47d283a56e61f311581d66266cb
2022-07-05,0.3491861037519824,isotropic_constructed_macro_nats_full_precision_v3,0552c7f4701ada91e31e916f992171b9418cb47d283a56e61f311581d66266cb
2022-07-07,0.3623389379996449,isotropic_constructed_macro_nats_full_precision_v3,0552c7f4701ada91e31e916f992171b9418cb47d283a56e61f311581d66266cb
2022-07-11,0.3702367421837527,isotropic_constructed_macro_nats_full_precision_v3,0552c7f4701ada91e31e916f992171b9418cb47d283a56e61f311581d66266cb
2022-07-13,0.3201532444767628,isotropic_constructed_macro_nats_full_precision_v3,0552c7f4701ada91e31e916f992171b9418cb47d283a56e61f311581d66266cb
2022-07-15,0.33493380082698165,isotropic_constructed_macro_nats_full_precision_v3,0552c7f4701ada91e31e916f992171b9418cb47d283a56e61f311581d66266cb
2022-07-19,0.34518616284484394,isotropic_constructed_macro_nats_full_precision_v3,0552c7f4701ada91e31e916f992171b9418cb47d283a56e61f311581d66266cb
2022-07-21,0.3535567535528942,isotropic_constructed_macro_nats_full_precision_v3,0552c7f4701ada91e31e916f992171b9418cb47d283a56e61f311581d66266cb
2022-07-25,0.3391272299972815,isotropic_constructed_macro_nats_full_precision_v3,0552c7f4701ada91e31e916f992171b9418cb47d283a56e61f311581d66266cb
2022-07-27,0.3660917785220567,isotropic_constructed_macro_nats_full_precision_v3,0552c7f4701ada91e31e916f992171b9418cb47d283a56e61f311581d66266cb
2022-07-29,0.33892885155496577,isotropic_constructed_macro_nats_full_precision_v3,0552c7f4701ada91e31e916f992171b9418cb47d283a56e61f311581d66266cb
2022-08-02,0.38318384514931514,isotropic_constructed_macro_nats_full_precision_v3,0552c7f4701ada91e31e916f992171b9418cb47d283a56e61f311581d66266cb
2022-08-04,0.3540728850436992,isotropic_constructed_macro_nats_full_precision_v3,0552c7f4701ada91e31e916f992171b9418cb47d283a56e61f311581d66266cb
2022-08-08,0.37357900556194734,isotropic_constructed_macro_nats_full_precision_v3,0552c7f4701ada91e31e916f992171b9418cb47d283a56e61f311581d66266cb
2022-08-10,0.3685356433419366,isotropic_constructed_macro_nats_full_precision_v3,0552c7f4701ada91e31e916f992171b9418cb47d283a56e61f311581d66266cb
2022-08-12,0.3782662595686179,isotropic_constructed_macro_nats_full_precision_v3,0552c7f4701ada91e31e916f992171b9418cb47d283a56e61f311581d66266cb
2022-08-16,0.38564154854916344,isotropic_constructed_macro_nats_full_precision_v3,0552c7f4701ada91e31e916f992171b9418cb47d283a56e61f311581d66266cb
2022-08-18,0.37873367980432215,isotropic_constructed_macro_nats_full_precision_v3,0552c7f4701ada91e31e916f992171b9418cb47d283a56e61f311581d66266cb
2022-08-22,0.32472868548336714,isotropic_constructed_macro_nats_full_precision_v3,0552c7f4701ada91e31e916f992171b9418cb47d283a56e61f311581d66266cb
2022-08-24,0.3928878944766947,isotropic_constructed_macro_nats_full_precision_v3,0552c7f4701ada91e31e916f992171b9418cb47d283a56e61f311581d66266cb
2022-08-26,0.3623678199199821,isotropic_constructed_macro_nats_full_precision_v3,0552c7f4701ada91e31e916f992171b9418cb47d283a56e61f311581d66266cb
2022-08-30,0.3924020462364227,isotropic_constructed_macro_nats_full_precision_v3,0552c7f4701ada91e31e916f992171b9418cb47d283a56e61f311581d66266cb
2022-09-01,0.39389204622482976,isotropic_constructed_macro_nats_full_precision_v3,0552c7f4701ada91e31e916f992171b9418cb47d283a56e61f311581d66266cb
2022-09-06,0.4064944833975935,isotropic_constructed_macro_nats_full_precision_v3,0552c7f4701ada91e31e916f992171b9418cb47d283a56e61f311581d66266cb
2022-09-08,0.4024807151838906,isotropic_constructed_macro_nats_full_precision_v3,0552c7f4701ada91e31e916f992171b9418cb47d283a56e61f311581d66266cb
2022-09-12,0.41646203004950444,isotropic_constructed_macro_nats_full_precision_v3,0552c7f4701ada91e31e916f992171b9418cb47d283a56e61f311581d66266cb
2022-09-14,0.32384322890289363,isotropic_constructed_macro_nats_full_precision_v3,0552c7f4701ada91e31e916f992171b9418cb47d283a56e61f311581d66266cb
2022-09-16,0.3660774379184387,isotropic_constructed_macro_nats_full_precision_v3,0552c7f4701ada91e31e916f992171b9418cb47d283a56e61f311581d66266cb
2022-09-20,0.3317923751111509,isotropic_constructed_macro_nats_full_precision_v3,0552c7f4701ada91e31e916f992171b9418cb47d283a56e61f311581d66266cb
2022-09-22,0.3745051232335061,isotropic_constructed_macro_nats_full_precision_v3,0552c7f4701ada91e31e916f992171b9418cb47d283a56e61f311581d66266cb
2022-09-26,0.36704666516698387,isotropic_constructed_macro_nats_full_precision_v3,0552c7f4701ada91e31e916f992171b9418cb47d283a56e61f311581d66266cb
2022-09-28,0.3601973048335326,isotropic_constructed_macro_nats_full_precision_v3,0552c7f4701ada91e31e916f992171b9418cb47d283a56e61f311581d66266cb
2022-09-30,0.3504828486053057,isotropic_constructed_macro_nats_full_precision_v3,0552c7f4701ada91e31e916f992171b9418cb47d283a56e61f311581d66266cb
2022-10-04,0.35862739200899346,isotropic_constructed_macro_nats_full_precision_v3,0552c7f4701ada91e31e916f992171b9418cb47d283a56e61f311581d66266cb
2022-10-06,0.37564138879854164,isotropic_constructed_macro_nats_full_precision_v3,0552c7f4701ada91e31e916f992171b9418cb47d283a56e61f311581d66266cb
2022-10-10,0.37637857826948545,isotropic_constructed_macro_nats_full_precision_v3,0552c7f4701ada91e31e916f992171b9418cb47d283a56e61f311581d66266cb
2022-10-12,0.36803230082038485,isotropic_constructed_macro_nats_full_precision_v3,0552c7f4701ada91e31e916f992171b9418cb47d283a56e61f311581d66266cb
2022-10-14,0.3815338077846334,isotropic_constructed_macro_nats_full_precision_v3,0552c7f4701ada91e31e916f992171b9418cb47d283a56e61f311581d66266cb
2022-10-18,0.3838010501558287,isotropic_constructed_macro_nats_full_precision_v3,0552c7f4701ada91e31e916f992171b9418cb47d283a56e61f311581d66266cb
2022-10-20,0.41185868646532386,isotropic_constructed_macro_nats_full_precision_v3,0552c7f4701ada91e31e916f992171b9418cb47d283a56e61f311581d66266cb
2022-10-24,0.3998693439871217,isotropic_constructed_macro_nats_full_precision_v3,0552c7f4701ada91e31e916f992171b9418cb47d283a56e61f311581d66266cb
2022-10-26,0.3743611200416975,isotropic_constructed_macro_nats_full_precision_v3,0552c7f4701ada91e31e916f992171b9418cb47d283a56e61f311581d66266cb
2022-10-28,0.3186348110328925,isotropic_constructed_macro_nats_full_precision_v3,0552c7f4701ada91e31e916f992171b9418cb47d283a56e61f311581d66266cb
2022-11-01,0.3828205928869198,isotropic_constructed_macro_nats_full_precision_v3,0552c7f4701ada91e31e916f992171b9418cb47d283a56e61f311581d66266cb
2022-11-03,0.3687526436150473,isotropic_constructed_macro_nats_full_precision_v3,0552c7f4701ada91e31e916f992171b9418cb47d283a56e61f311581d66266cb
2022-11-07,0.3373280144538421,isotropic_constructed_macro_nats_full_precision_v3,0552c7f4701ada91e31e916f992171b9418cb47d283a56e61f311581d66266cb
2022-11-09,0.4274393934434518,isotropic_constructed_macro_nats_full_precision_v3,0552c7f4701ada91e31e916f992171b9418cb47d283a56e61f311581d66266cb
2022-11-11,0.3640484475927567,isotropic_constructed_macro_nats_full_precision_v3,0552c7f4701ada91e31e916f992171b9418cb47d283a56e61f311581d66266cb
2022-11-15,0.4216467579124048,isotropic_constructed_macro_nats_full_precision_v3,0552c7f4701ada91e31e916f992171b9418cb47d283a56e61f311581d66266cb
2022-11-17,0.38923016070024385,isotropic_constructed_macro_nats_full_precision_v3,0552c7f4701ada91e31e916f992171b9418cb47d283a56e61f311581d66266cb
2022-11-21,0.3539768386388012,isotropic_constructed_macro_nats_full_precision_v3,0552c7f4701ada91e31e916f992171b9418cb47d283a56e61f311581d66266cb
2022-11-23,0.3901111984839785,isotropic_constructed_macro_nats_full_precision_v3,0552c7f4701ada91e31e916f992171b9418cb47d283a56e61f311581d66266cb
2022-11-28,0.3783286945186148,isotropic_constructed_macro_nats_full_precision_v3,0552c7f4701ada91e31e916f992171b9418cb47d283a56e61f311581d66266cb
2022-11-30,0.37322806617407556,isotropic_constructed_macro_nats_full_precision_v3,0552c7f4701ada91e31e916f992171b9418cb47d283a56e61f311581d66266cb
2022-12-02,0.3777197954979386,isotropic_constructed_macro_nats_full_precision_v3,0552c7f4701ada91e31e916f992171b9418cb47d283a56e61f311581d66266cb
2022-12-06,0.42946074303074455,isotropic_constructed_macro_nats_full_precision_v3,0552c7f4701ada91e31e916f992171b9418cb47d283a56e61f311581d66266cb
2022-12-08,0.40276714464057933,isotropic_constructed_macro_nats_full_precision_v3,0552c7f4701ada91e31e916f992171b9418cb47d283a56e61f311581d66266cb
2022-12-12,0.3908714605761713,isotropic_constructed_macro_nats_full_precision_v3,0552c7f4701ada91e31e916f992171b9418cb47d283a56e61f311581d66266cb
2022-12-14,0.36832545505699654,isotropic_constructed_macro_nats_full_precision_v3,0552c7f4701ada91e31e916f992171b9418cb47d283a56e61f311581d66266cb
2022-12-16,0.3720765084247718,isotropic_constructed_macro_nats_full_precision_v3,0552c7f4701ada91e31e916f992171b9418cb47d283a56e61f311581d66266cb
2022-12-20,0.37963179823107485,isotropic_constructed_macro_nats_full_precision_v3,0552c7f4701ada91e31e916f992171b9418cb47d283a56e61f311581d66266cb
2022-12-22,0.3960948923686529,isotropic_constructed_macro_nats_full_precision_v3,0552c7f4701ada91e31e916f992171b9418cb47d283a56e61f311581d66266cb
2022-12-27,0.3853016679347822,isotropic_constructed_macro_nats_full_precision_v3,0552c7f4701ada91e31e916f992171b9418cb47d283a56e61f311581d66266cb
2022-12-29,0.4315576340662094,isotropic_constructed_macro_nats_full_precision_v3,0552c7f4701ada91e31e916f992171b9418cb47d283a56e61f311581d66266cb
2023-01-03,0.4007470833850505,isotropic_constructed_macro_nats_full_precision_v3,0552c7f4701ada91e31e916f992171b9418cb47d283a56e61f311581d66266cb
2023-01-05,0.355062364223315,isotropic_constructed_macro_nats_full_precision_v3,0552c7f4701ada91e31e916f992171b9418cb47d283a56e61f311581d66266cb
2023-01-09,0.40507302146890634,isotropic_constructed_macro_nats_full_precision_v3,0552c7f4701ada91e31e916f992171b9418cb47d283a56e61f311581d66266cb
2023-01-11,0.45416443431909564,isotropic_constructed_macro_nats_full_precision_v3,0552c7f4701ada91e31e916f992171b9418cb47d283a56e61f311581d66266cb
2023-01-13,0.4346679166471882,isotropic_constructed_macro_nats_full_precision_v3,0552c7f4701ada91e31e916f992171b9418cb47d283a56e61f311581d66266cb
2023-01-18,0.43834940170414927,isotropic_constructed_macro_nats_full_precision_v3,0552c7f4701ada91e31e916f992171b9418cb47d283a56e61f311581d66266cb
2023-01-20,0.4203847349414687,isotropic_constructed_macro_nats_full_precision_v3,0552c7f4701ada91e31e916f992171b9418cb47d283a56e61f311581d66266cb
2023-01-24,0.3564640103296071,isotropic_constructed_macro_nats_full_precision_v3,0552c7f4701ada91e31e916f992171b9418cb47d283a56e61f311581d66266cb
2023-01-26,0.39506576982029545,isotropic_constructed_macro_nats_full_precision_v3,0552c7f4701ada91e31e916f992171b9418cb47d283a56e61f311581d66266cb
2023-01-30,0.37382725685811424,isotropic_constructed_macro_nats_full_precision_v3,0552c7f4701ada91e31e916f992171b9418cb47d283a56e61f311581d66266cb
2023-02-01,0.3451676477727035,isotropic_constructed_macro_nats_full_precision_v3,0552c7f4701ada91e31e916f992171b9418cb47d283a56e61f311581d66266cb
2023-02-03,0.3173746560433297,isotropic_constructed_macro_nats_full_precision_v3,0552c7f4701ada91e31e916f992171b9418cb47d283a56e61f311581d66266cb
2023-02-07,0.3596784084062763,isotropic_constructed_macro_nats_full_precision_v3,0552c7f4701ada91e31e916f992171b9418cb47d283a56e61f311581d66266cb
2023-02-09,0.35501210230210845,isotropic_constructed_macro_nats_full_precision_v3,0552c7f4701ada91e31e916f992171b9418cb47d283a56e61f311581d66266cb
2023-02-13,0.32759973896818806,isotropic_constructed_macro_nats_full_precision_v3,0552c7f4701ada91e31e916f992171b9418cb47d283a56e61f311581d66266cb
2023-02-15,0.33683782516560856,isotropic_constructed_macro_nats_full_precision_v3,0552c7f4701ada91e31e916f992171b9418cb47d283a56e61f311581d66266cb
2023-02-17,0.4348074492658395,isotropic_constructed_macro_nats_full_precision_v3,0552c7f4701ada91e31e916f992171b9418cb47d283a56e61f311581d66266cb
2023-02-22,0.3719686441513943,isotropic_constructed_macro_nats_full_precision_v3,0552c7f4701ada91e31e916f992171b9418cb47d283a56e61f311581d66266cb
2023-02-24,0.3551130345416178,isotropic_constructed_macro_nats_full_precision_v3,0552c7f4701ada91e31e916f992171b9418cb47d283a56e61f311581d66266cb
2023-02-28,0.41772956083133617,isotropic_constructed_macro_nats_full_precision_v3,0552c7f4701ada91e31e916f992171b9418cb47d283a56e61f311581d66266cb
2023-03-02,0.41745040285168356,isotropic_constructed_macro_nats_full_precision_v3,0552c7f4701ada91e31e916f992171b9418cb47d283a56e61f311581d66266cb
2023-03-06,0.4336858904651954,isotropic_constructed_macro_nats_full_precision_v3,0552c7f4701ada91e31e916f992171b9418cb47d283a56e61f311581d66266cb
2023-03-08,0.45050414665290406,isotropic_constructed_macro_nats_full_precision_v3,0552c7f4701ada91e31e916f992171b9418cb47d283a56e61f311581d66266cb
2023-03-10,0.4661570776970909,isotropic_constructed_macro_nats_full_precision_v3,0552c7f4701ada91e31e916f992171b9418cb47d283a56e61f311581d66266cb
2023-03-14,0.3281316543476993,isotropic_constructed_macro_nats_full_precision_v3,0552c7f4701ada91e31e916f992171b9418cb47d283a56e61f311581d66266cb
2023-03-16,0.2754166648182634,isotropic_constructed_macro_nats_full_precision_v3,0552c7f4701ada91e31e916f992171b9418cb47d283a56e61f311581d66266cb
2023-03-20,0.3194644173404388,isotropic_constructed_macro_nats_full_precision_v3,0552c7f4701ada91e31e916f992171b9418cb47d283a56e61f311581d66266cb
2023-03-22,0.3186673562308804,isotropic_constructed_macro_nats_full_precision_v3,0552c7f4701ada91e31e916f992171b9418cb47d283a56e61f311581d66266cb
2023-03-24,0.2720742719658955,isotropic_constructed_macro_nats_full_precision_v3,0552c7f4701ada91e31e916f992171b9418cb47d283a56e61f311581d66266cb
2023-03-28,0.2736503909464966,isotropic_constructed_macro_nats_full_precision_v3,0552c7f4701ada91e31e916f992171b9418cb47d283a56e61f311581d66266cb
2023-03-30,0.27125543463806084,isotropic_constructed_macro_nats_full_precision_v3,0552c7f4701ada91e31e916f992171b9418cb47d283a56e61f311581d66266cb
2023-04-03,0.25711791947793555,isotropic_constructed_macro_nats_full_precision_v3,0552c7f4701ada91e31e916f992171b9418cb47d283a56e61f311581d66266cb
2023-04-05,0.27479236836130383,isotropic_constructed_macro_nats_full_precision_v3,0552c7f4701ada91e31e916f992171b9418cb47d283a56e61f311581d66266cb
2023-04-10,0.2863714681251118,isotropic_constructed_macro_nats_full_precision_v3,0552c7f4701ada91e31e916f992171b9418cb47d283a56e61f311581d66266cb
2023-04-12,0.29127590639598816,isotropic_constructed_macro_nats_full_precision_v3,0552c7f4701ada91e31e916f992171b9418cb47d283a56e61f311581d66266cb
2023-04-14,0.2926518167518325,isotropic_constructed_macro_nats_full_precision_v3,0552c7f4701ada91e31e916f992171b9418cb47d283a56e61f311581d66266cb
2023-04-18,0.26644903699192435,isotropic_constructed_macro_nats_full_precision_v3,0552c7f4701ada91e31e916f992171b9418cb47d283a56e61f311581d66266cb
2023-04-20,0.26588433103168474,isotropic_constructed_macro_nats_full_precision_v3,0552c7f4701ada91e31e916f992171b9418cb47d283a56e61f311581d66266cb
2023-04-24,0.26601520600727463,isotropic_constructed_macro_nats_full_precision_v3,0552c7f4701ada91e31e916f992171b9418cb47d283a56e61f311581d66266cb
2023-04-26,0.2364324357570555,isotropic_constructed_macro_nats_full_precision_v3,0552c7f4701ada91e31e916f992171b9418cb47d283a56e61f311581d66266cb
2023-04-28,0.22020884898778992,isotropic_constructed_macro_nats_full_precision_v3,0552c7f4701ada91e31e916f992171b9418cb47d283a56e61f311581d66266cb
2023-05-02,0.21271749301566528,isotropic_constructed_macro_nats_full_precision_v3,0552c7f4701ada91e31e916f992171b9418cb47d283a56e61f311581d66266cb
2023-05-04,0.2114190657130735,isotropic_constructed_macro_nats_full_precision_v3,0552c7f4701ada91e31e916f992171b9418cb47d283a56e61f311581d66266cb
2023-05-08,0.20044128645944315,isotropic_constructed_macro_nats_full_precision_v3,0552c7f4701ada91e31e916f992171b9418cb47d283a56e61f311581d66266cb
2023-05-10,0.17580277348059117,isotropic_constructed_macro_nats_full_precision_v3,0552c7f4701ada91e31e916f992171b9418cb47d283a56e61f311581d66266cb
2023-05-12,0.17406943696783492,isotropic_constructed_macro_nats_full_precision_v3,0552c7f4701ada91e31e916f992171b9418cb47d283a56e61f311581d66266cb
2023-05-16,0.18667548103527362,isotropic_constructed_macro_nats_full_precision_v3,0552c7f4701ada91e31e916f992171b9418cb47d283a56e61f311581d66266cb
2023-05-18,0.20030376161213373,isotropic_constructed_macro_nats_full_precision_v3,0552c7f4701ada91e31e916f992171b9418cb47d283a56e61f311581d66266cb
2023-05-22,0.20534489051978716,isotropic_constructed_macro_nats_full_precision_v3,0552c7f4701ada91e31e916f992171b9418cb47d283a56e61f311581d66266cb
2023-05-24,0.20722299103009234,isotropic_constructed_macro_nats_full_precision_v3,0552c7f4701ada91e31e916f992171b9418cb47d283a56e61f311581d66266cb
2023-05-26,0.21437914729479737,isotropic_constructed_macro_nats_full_precision_v3,0552c7f4701ada91e31e916f992171b9418cb47d283a56e61f311581d66266cb
2023-05-31,0.20878623285562045,isotropic_constructed_macro_nats_full_precision_v3,0552c7f4701ada91e31e916f992171b9418cb47d283a56e61f311581d66266cb
2023-06-02,0.22201305106203897,isotropic_constructed_macro_nats_full_precision_v3,0552c7f4701ada91e31e916f992171b9418cb47d283a56e61f311581d66266cb
2023-06-06,0.21089342084509125,isotropic_constructed_macro_nats_full_precision_v3,0552c7f4701ada91e31e916f992171b9418cb47d283a56e61f311581d66266cb
2023-06-08,0.20079484325961966,isotropic_constructed_macro_nats_full_precision_v3,0552c7f4701ada91e31e916f992171b9418cb47d283a56e61f311581d66266cb
2023-06-12,0.20202464082757265,isotropic_constructed_macro_nats_full_precision_v3,0552c7f4701ada91e31e916f992171b9418cb47d283a56e61f311581d66266cb
2023-06-14,0.20628143645259134,isotropic_constructed_macro_nats_full_precision_v3,0552c7f4701ada91e31e916f992171b9418cb47d283a56e61f311581d66266cb
2023-06-16,0.2114603362002344,isotropic_constructed_macro_nats_full_precision_v3,0552c7f4701ada91e31e916f992171b9418cb47d283a56e61f311581d66266cb
2023-06-21,0.22215891993514764,isotropic_constructed_macro_nats_full_precision_v3,0552c7f4701ada91e31e916f992171b9418cb47d283a56e61f311581d66266cb
2023-06-23,0.20109860600833668,isotropic_constructed_macro_nats_full_precision_v3,0552c7f4701ada91e31e916f992171b9418cb47d283a56e61f311581d66266cb
2023-06-27,0.20186314155864343,isotropic_constructed_macro_nats_full_precision_v3,0552c7f4701ada91e31e916f992171b9418cb47d283a56e61f311581d66266cb
2023-06-29,0.20167588496276712,isotropic_constructed_macro_nats_full_precision_v3,0552c7f4701ada91e31e916f992171b9418cb47d283a56e61f311581d66266cb
2023-07-03,0.19591401009499015,isotropic_constructed_macro_nats_full_precision_v3,0552c7f4701ada91e31e916f992171b9418cb47d283a56e61f311581d66266cb
2023-07-06,0.1923758224303617,isotropic_constructed_macro_nats_full_precision_v3,0552c7f4701ada91e31e916f992171b9418cb47d283a56e61f311581d66266cb
2023-07-10,0.20025190248200844,isotropic_constructed_macro_nats_full_precision_v3,0552c7f4701ada91e31e916f992171b9418cb47d283a56e61f311581d66266cb
2023-07-12,0.19962262931296426,isotropic_constructed_macro_nats_full_precision_v3,0552c7f4701ada91e31e916f992171b9418cb47d283a56e61f311581d66266cb
2023-07-14,0.20345559557969733,isotropic_constructed_macro_nats_full_precision_v3,0552c7f4701ada91e31e916f992171b9418cb47d283a56e61f311581d66266cb
2023-07-18,0.19885708299613303,isotropic_constructed_macro_nats_full_precision_v3,0552c7f4701ada91e31e916f992171b9418cb47d283a56e61f311581d66266cb
2023-07-20,0.19255548600367167,isotropic_constructed_macro_nats_full_precision_v3,0552c7f4701ada91e31e916f992171b9418cb47d283a56e61f311581d66266cb
2023-07-24,0.19380728451899826,isotropic_constructed_macro_nats_full_precision_v3,0552c7f4701ada91e31e916f992171b9418cb47d283a56e61f311581d66266cb
2023-07-26,0.19120157447443814,isotropic_constructed_macro_nats_full_precision_v3,0552c7f4701ada91e31e916f992171b9418cb47d283a56e61f311581d66266cb
2023-07-28,0.18890786234804147,isotropic_constructed_macro_nats_full_precision_v3,0552c7f4701ada91e31e916f992171b9418cb47d283a56e61f311581d66266cb
2023-08-01,0.19884355677516324,isotropic_constructed_macro_nats_full_precision_v3,0552c7f4701ada91e31e916f992171b9418cb47d283a56e61f311581d66266cb
2023-08-03,0.20228427763084983,isotropic_constructed_macro_nats_full_precision_v3,0552c7f4701ada91e31e916f992171b9418cb47d283a56e61f311581d66266cb
2023-08-07,0.19905930169474295,isotropic_constructed_macro_nats_full_precision_v3,0552c7f4701ada91e31e916f992171b9418cb47d283a56e61f311581d66266cb
2023-08-09,0.20038624466600763,isotropic_constructed_macro_nats_full_precision_v3,0552c7f4701ada91e31e916f992171b9418cb47d283a56e61f311581d66266cb
2023-08-11,0.19709258486906822,isotropic_constructed_macro_nats_full_precision_v3,0552c7f4701ada91e31e916f992171b9418cb47d283a56e61f311581d66266cb
2023-08-15,0.19889775838361382,isotropic_constructed_macro_nats_full_precision_v3,0552c7f4701ada91e31e916f992171b9418cb47d283a56e61f311581d66266cb
2023-08-17,0.2033043551706631,isotropic_constructed_macro_nats_full_precision_v3,0552c7f4701ada91e31e916f992171b9418cb47d283a56e61f311581d66266cb
2023-08-21,0.1908327961317593,isotropic_constructed_macro_nats_full_precision_v3,0552c7f4701ada91e31e916f992171b9418cb47d283a56e61f311581d66266cb
2023-08-23,0.185612318180969,isotropic_constructed_macro_nats_full_precision_v3,0552c7f4701ada91e31e916f992171b9418cb47d283a56e61f311581d66266cb
2023-08-25,0.19224045252470337,isotropic_constructed_macro_nats_full_precision_v3,0552c7f4701ada91e31e916f992171b9418cb47d283a56e61f311581d66266cb
2023-08-29,0.20068263399488095,isotropic_constructed_macro_nats_full_precision_v3,0552c7f4701ada91e31e916f992171b9418cb47d283a56e61f311581d66266cb
2023-08-31,0.20093472853889666,isotropic_constructed_macro_nats_full_precision_v3,0552c7f4701ada91e31e916f992171b9418cb47d283a56e61f311581d66266cb
2023-09-05,0.20682691756000993,isotropic_constructed_macro_nats_full_precision_v3,0552c7f4701ada91e31e916f992171b9418cb47d283a56e61f311581d66266cb
2023-09-07,0.20086424119652985,isotropic_constructed_macro_nats_full_precision_v3,0552c7f4701ada91e31e916f992171b9418cb47d283a56e61f311581d66266cb
2023-09-11,0.20893229144558773,isotropic_constructed_macro_nats_full_precision_v3,0552c7f4701ada91e31e916f992171b9418cb47d283a56e61f311581d66266cb
2023-09-13,0.21639697729277713,isotropic_constructed_macro_nats_full_precision_v3,0552c7f4701ada91e31e916f992171b9418cb47d283a56e61f311581d66266cb
2023-09-15,0.21684373562221876,isotropic_constructed_macro_nats_full_precision_v3,0552c7f4701ada91e31e916f992171b9418cb47d283a56e61f311581d66266cb
2023-09-19,0.21270632615475915,isotropic_constructed_macro_nats_full_precision_v3,0552c7f4701ada91e31e916f992171b9418cb47d283a56e61f311581d66266cb
2023-09-21,0.21832791311633382,isotropic_constructed_macro_nats_full_precision_v3,0552c7f4701ada91e31e916f992171b9418cb47d283a56e61f311581d66266cb
2023-09-25,0.22380031573438236,isotropic_constructed_macro_nats_full_precision_v3,0552c7f4701ada91e31e916f992171b9418cb47d283a56e61f311581d66266cb
2023-09-27,0.231202839902923,isotropic_constructed_macro_nats_full_precision_v3,0552c7f4701ada91e31e916f992171b9418cb47d283a56e61f311581d66266cb
2023-09-29,0.23032776253527298,isotropic_constructed_macro_nats_full_precision_v3,0552c7f4701ada91e31e916f992171b9418cb47d283a56e61f311581d66266cb
2023-10-03,0.2170760541373871,isotropic_constructed_macro_nats_full_precision_v3,0552c7f4701ada91e31e916f992171b9418cb47d283a56e61f311581d66266cb
2023-10-05,0.22262663377982778,isotropic_constructed_macro_nats_full_precision_v3,0552c7f4701ada91e31e916f992171b9418cb47d283a56e61f311581d66266cb
2023-10-09,0.22937250970488943,isotropic_constructed_macro_nats_full_precision_v3,0552c7f4701ada91e31e916f992171b9418cb47d283a56e61f311581d66266cb
2023-10-11,0.23207472951817126,isotropic_constructed_macro_nats_full_precision_v3,0552c7f4701ada91e31e916f992171b9418cb47d283a56e61f311581d66266cb
2023-10-13,0.2349109899589278,isotropic_constructed_macro_nats_full_precision_v3,0552c7f4701ada91e31e916f992171b9418cb47d283a56e61f311581d66266cb
2023-10-17,0.22821530226095826,isotropic_constructed_macro_nats_full_precision_v3,0552c7f4701ada91e31e916f992171b9418cb47d283a56e61f311581d66266cb
2023-10-19,0.240356582781047,isotropic_constructed_macro_nats_full_precision_v3,0552c7f4701ada91e31e916f992171b9418cb47d283a56e61f311581d66266cb
2023-10-23,0.243593672033801,isotropic_constructed_macro_nats_full_precision_v3,0552c7f4701ada91e31e916f992171b9418cb47d283a56e61f311581d66266cb
2023-10-25,0.24375243588944712,isotropic_constructed_macro_nats_full_precision_v3,0552c7f4701ada91e31e916f992171b9418cb47d283a56e61f311581d66266cb
2023-10-27,0.24145358205527157,isotropic_constructed_macro_nats_full_precision_v3,0552c7f4701ada91e31e916f992171b9418cb47d283a56e61f311581d66266cb
2023-10-31,0.2362542142164436,isotropic_constructed_macro_nats_full_precision_v3,0552c7f4701ada91e31e916f992171b9418cb47d283a56e61f311581d66266cb
2023-11-02,0.2353949392701546,isotropic_constructed_macro_nats_full_precision_v3,0552c7f4701ada91e31e916f992171b9418cb47d283a56e61f311581d66266cb
2023-11-06,0.23633124313477918,isotropic_constructed_macro_nats_full_precision_v3,0552c7f4701ada91e31e916f992171b9418cb47d283a56e61f311581d66266cb
2023-11-08,0.2330498493733078,isotropic_constructed_macro_nats_full_precision_v3,0552c7f4701ada91e31e916f992171b9418cb47d283a56e61f311581d66266cb
2023-11-10,0.23300536405991015,isotropic_constructed_macro_nats_full_precision_v3,0552c7f4701ada91e31e916f992171b9418cb47d283a56e61f311581d66266cb
2023-11-14,0.2315889986128804,isotropic_constructed_macro_nats_full_precision_v3,0552c7f4701ada91e31e916f992171b9418cb47d283a56e61f311581d66266cb
2023-11-16,0.22823362919736023,isotropic_constructed_macro_nats_full_precision_v3,0552c7f4701ada91e31e916f992171b9418cb47d283a56e61f311581d66266cb
2023-11-20,0.22233299635384973,isotropic_constructed_macro_nats_full_precision_v3,0552c7f4701ada91e31e916f992171b9418cb47d283a56e61f311581d66266cb
2023-11-22,0.22604612754508527,isotropic_constructed_macro_nats_full_precision_v3,0552c7f4701ada91e31e916f992171b9418cb47d283a56e61f311581d66266cb
2023-11-27,0.2205364453822965,isotropic_constructed_macro_nats_full_precision_v3,0552c7f4701ada91e31e916f992171b9418cb47d283a56e61f311581d66266cb
2023-11-29,0.220143851318572,isotropic_constructed_macro_nats_full_precision_v3,0552c7f4701ada91e31e916f992171b9418cb47d283a56e61f311581d66266cb
2023-12-01,0.23505344317859703,isotropic_constructed_macro_nats_full_precision_v3,0552c7f4701ada91e31e916f992171b9418cb47d283a56e61f311581d66266cb
2023-12-05,0.23580546696354865,isotropic_constructed_macro_nats_full_precision_v3,0552c7f4701ada91e31e916f992171b9418cb47d283a56e61f311581d66266cb
2023-12-07,0.22060521096783064,isotropic_constructed_macro_nats_full_precision_v3,0552c7f4701ada91e31e916f992171b9418cb47d283a56e61f311581d66266cb
2023-12-11,0.21137487391061932,isotropic_constructed_macro_nats_full_precision_v3,0552c7f4701ada91e31e916f992171b9418cb47d283a56e61f311581d66266cb
2023-12-13,0.20267068258532012,isotropic_constructed_macro_nats_full_precision_v3,0552c7f4701ada91e31e916f992171b9418cb47d283a56e61f311581d66266cb
2023-12-15,0.20753446035186898,isotropic_constructed_macro_nats_full_precision_v3,0552c7f4701ada91e31e916f992171b9418cb47d283a56e61f311581d66266cb
2023-12-19,0.20887658333892062,isotropic_constructed_macro_nats_full_precision_v3,0552c7f4701ada91e31e916f992171b9418cb47d283a56e61f311581d66266cb
2023-12-21,0.20791785411352343,isotropic_constructed_macro_nats_full_precision_v3,0552c7f4701ada91e31e916f992171b9418cb47d283a56e61f311581d66266cb
2023-12-26,0.20629307557385584,isotropic_constructed_macro_nats_full_precision_v3,0552c7f4701ada91e31e916f992171b9418cb47d283a56e61f311581d66266cb
2023-12-28,0.1966316476915221,isotropic_constructed_macro_nats_full_precision_v3,0552c7f4701ada91e31e916f992171b9418cb47d283a56e61f311581d66266cb
2024-01-02,0.1950128958506842,isotropic_constructed_macro_nats_full_precision_v3,0552c7f4701ada91e31e916f992171b9418cb47d283a56e61f311581d66266cb
2024-01-04,0.1969485173909779,isotropic_constructed_macro_nats_full_precision_v3,0552c7f4701ada91e31e916f992171b9418cb47d283a56e61f311581d66266cb
2024-01-08,0.20016498766884983,isotropic_constructed_macro_nats_full_precision_v3,0552c7f4701ada91e31e916f992171b9418cb47d283a56e61f311581d66266cb
2024-01-10,0.20147801112808827,isotropic_constructed_macro_nats_full_precision_v3,0552c7f4701ada91e31e916f992171b9418cb47d283a56e61f311581d66266cb
2024-01-12,0.20298204321515168,isotropic_constructed_macro_nats_full_precision_v3,0552c7f4701ada91e31e916f992171b9418cb47d283a56e61f311581d66266cb
2024-01-17,0.20368470505685068,isotropic_constructed_macro_nats_full_precision_v3,0552c7f4701ada91e31e916f992171b9418cb47d283a56e61f311581d66266cb
2024-01-19,0.2027220058746086,isotropic_constructed_macro_nats_full_precision_v3,0552c7f4701ada91e31e916f992171b9418cb47d283a56e61f311581d66266cb
2024-01-23,0.20903386102682103,isotropic_constructed_macro_nats_full_precision_v3,0552c7f4701ada91e31e916f992171b9418cb47d283a56e61f311581d66266cb
2024-01-25,0.2074120761058345,isotropic_constructed_macro_nats_full_precision_v3,0552c7f4701ada91e31e916f992171b9418cb47d283a56e61f311581d66266cb
2024-01-29,0.20334392846359634,isotropic_constructed_macro_nats_full_precision_v3,0552c7f4701ada91e31e916f992171b9418cb47d283a56e61f311581d66266cb
2024-01-31,0.20879085972735134,isotropic_constructed_macro_nats_full_precision_v3,0552c7f4701ada91e31e916f992171b9418cb47d283a56e61f311581d66266cb
2024-02-02,0.2073640551831864,isotropic_constructed_macro_nats_full_precision_v3,0552c7f4701ada91e31e916f992171b9418cb47d283a56e61f311581d66266cb
2024-02-06,0.24529212879114753,isotropic_constructed_macro_nats_full_precision_v3,0552c7f4701ada91e31e916f992171b9418cb47d283a56e61f311581d66266cb
2024-02-08,0.24870925583642473,isotropic_constructed_macro_nats_full_precision_v3,0552c7f4701ada91e31e916f992171b9418cb47d283a56e61f311581d66266cb
2024-02-12,0.25778640286675875,isotropic_constructed_macro_nats_full_precision_v3,0552c7f4701ada91e31e916f992171b9418cb47d283a56e61f311581d66266cb
2024-02-14,0.23722080402055573,isotropic_constructed_macro_nats_full_precision_v3,0552c7f4701ada91e31e916f992171b9418cb47d283a56e61f311581d66266cb
2024-02-16,0.23753845217923414,isotropic_constructed_macro_nats_full_precision_v3,0552c7f4701ada91e31e916f992171b9418cb47d283a56e61f311581d66266cb
2024-02-21,0.25021385479623626,isotropic_constructed_macro_nats_full_precision_v3,0552c7f4701ada91e31e916f992171b9418cb47d283a56e61f311581d66266cb
2024-02-23,0.25197395789779,isotropic_constructed_macro_nats_full_precision_v3,0552c7f4701ada91e31e916f992171b9418cb47d283a56e61f311581d66266cb
2024-02-27,0.23684472212646568,isotropic_constructed_macro_nats_full_precision_v3,0552c7f4701ada91e31e916f992171b9418cb47d283a56e61f311581d66266cb
2024-02-29,0.2349861878085192,isotropic_constructed_macro_nats_full_precision_v3,0552c7f4701ada91e31e916f992171b9418cb47d283a56e61f311581d66266cb
2024-03-04,0.23560677839751049,isotropic_constructed_macro_nats_full_precision_v3,0552c7f4701ada91e31e916f992171b9418cb47d283a56e61f311581d66266cb
2024-03-06,0.23840615007269897,isotropic_constructed_macro_nats_full_precision_v3,0552c7f4701ada91e31e916f992171b9418cb47d283a56e61f311581d66266cb
2024-03-08,0.23932044379055964,isotropic_constructed_macro_nats_full_precision_v3,0552c7f4701ada91e31e916f992171b9418cb47d283a56e61f311581d66266cb
2024-03-12,0.2383356993598988,isotropic_constructed_macro_nats_full_precision_v3,0552c7f4701ada91e31e916f992171b9418cb47d283a56e61f311581d66266cb
2024-03-14,0.2410153541533278,isotropic_constructed_macro_nats_full_precision_v3,0552c7f4701ada91e31e916f992171b9418cb47d283a56e61f311581d66266cb
2024-03-18,0.2506194391181215,isotropic_constructed_macro_nats_full_precision_v3,0552c7f4701ada91e31e916f992171b9418cb47d283a56e61f311581d66266cb
2024-03-20,0.24334917596721972,isotropic_constructed_macro_nats_full_precision_v3,0552c7f4701ada91e31e916f992171b9418cb47d283a56e61f311581d66266cb
2024-03-22,0.2413492192141541,isotropic_constructed_macro_nats_full_precision_v3,0552c7f4701ada91e31e916f992171b9418cb47d283a56e61f311581d66266cb
2024-03-26,0.24318310947950655,isotropic_constructed_macro_nats_full_precision_v3,0552c7f4701ada91e31e916f992171b9418cb47d283a56e61f311581d66266cb
2024-03-28,0.2365459330820558,isotropic_constructed_macro_nats_full_precision_v3,0552c7f4701ada91e31e916f992171b9418cb47d283a56e61f311581d66266cb
2024-04-02,0.2351134080354511,isotropic_constructed_macro_nats_full_precision_v3,0552c7f4701ada91e31e916f992171b9418cb47d283a56e61f311581d66266cb
2024-04-04,0.23952540849448614,isotropic_constructed_macro_nats_full_precision_v3,0552c7f4701ada91e31e916f992171b9418cb47d283a56e61f311581d66266cb
2024-04-08,0.23891757328787608,isotropic_constructed_macro_nats_full_precision_v3,0552c7f4701ada91e31e916f992171b9418cb47d283a56e61f311581d66266cb
2024-04-10,0.24121916119812675,isotropic_constructed_macro_nats_full_precision_v3,0552c7f4701ada91e31e916f992171b9418cb47d283a56e61f311581d66266cb
2024-04-12,0.23112182632561484,isotropic_constructed_macro_nats_full_precision_v3,0552c7f4701ada91e31e916f992171b9418cb47d283a56e61f311581d66266cb
2024-04-16,0.2359951990377468,isotropic_constructed_macro_nats_full_precision_v3,0552c7f4701ada91e31e916f992171b9418cb47d283a56e61f311581d66266cb
2024-04-18,0.23463377551997155,isotropic_constructed_macro_nats_full_precision_v3,0552c7f4701ada91e31e916f992171b9418cb47d283a56e61f311581d66266cb
2024-04-22,0.2316699036458985,isotropic_constructed_macro_nats_full_precision_v3,0552c7f4701ada91e31e916f992171b9418cb47d283a56e61f311581d66266cb
2024-04-24,0.2070985320253369,isotropic_constructed_macro_nats_full_precision_v3,0552c7f4701ada91e31e916f992171b9418cb47d283a56e61f311581d66266cb
2024-04-26,0.19694134912589661,isotropic_constructed_macro_nats_full_precision_v3,0552c7f4701ada91e31e916f992171b9418cb47d283a56e61f311581d66266cb
2024-04-30,0.20150851509799023,isotropic_constructed_macro_nats_full_precision_v3,0552c7f4701ada91e31e916f992171b9418cb47d283a56e61f311581d66266cb
2024-05-02,0.20708928196658588,isotropic_constructed_macro_nats_full_precision_v3,0552c7f4701ada91e31e916f992171b9418cb47d283a56e61f311581d66266cb
2024-05-06,0.20514474112001882,isotropic_constructed_macro_nats_full_precision_v3,0552c7f4701ada91e31e916f992171b9418cb47d283a56e61f311581d66266cb
2024-05-08,0.20305262643202154,isotropic_constructed_macro_nats_full_precision_v3,0552c7f4701ada91e31e916f992171b9418cb47d283a56e61f311581d66266cb
2024-05-10,0.19836479910948573,isotropic_constructed_macro_nats_full_precision_v3,0552c7f4701ada91e31e916f992171b9418cb47d283a56e61f311581d66266cb
2024-05-14,0.1947409148040924,isotropic_constructed_macro_nats_full_precision_v3,0552c7f4701ada91e31e916f992171b9418cb47d283a56e61f311581d66266cb
2024-05-16,0.19674782287863046,isotropic_constructed_macro_nats_full_precision_v3,0552c7f4701ada91e31e916f992171b9418cb47d283a56e61f311581d66266cb
2024-05-20,0.2056435277996369,isotropic_constructed_macro_nats_full_precision_v3,0552c7f4701ada91e31e916f992171b9418cb47d283a56e61f311581d66266cb
2024-05-22,0.2110723686822066,isotropic_constructed_macro_nats_full_precision_v3,0552c7f4701ada91e31e916f992171b9418cb47d283a56e61f311581d66266cb
2024-05-24,0.2042100876903576,isotropic_constructed_macro_nats_full_precision_v3,0552c7f4701ada91e31e916f992171b9418cb47d283a56e61f311581d66266cb
2024-05-29,0.19726595508324862,isotropic_constructed_macro_nats_full_precision_v3,0552c7f4701ada91e31e916f992171b9418cb47d283a56e61f311581d66266cb
2024-05-31,0.18436259790899157,isotropic_constructed_macro_nats_full_precision_v3,0552c7f4701ada91e31e916f992171b9418cb47d283a56e61f311581d66266cb
2024-06-04,0.18707683394533803,isotropic_constructed_macro_nats_full_precision_v3,0552c7f4701ada91e31e916f992171b9418cb47d283a56e61f311581d66266cb
2024-06-06,0.18584476899753954,isotropic_constructed_macro_nats_full_precision_v3,0552c7f4701ada91e31e916f992171b9418cb47d283a56e61f311581d66266cb
2024-06-10,0.18533538143403272,isotropic_constructed_macro_nats_full_precision_v3,0552c7f4701ada91e31e916f992171b9418cb47d283a56e61f311581d66266cb
2024-06-12,0.18774086611765656,isotropic_constructed_macro_nats_full_precision_v3,0552c7f4701ada91e31e916f992171b9418cb47d283a56e61f311581d66266cb
2024-06-14,0.1733982009058627,isotropic_constructed_macro_nats_full_precision_v3,0552c7f4701ada91e31e916f992171b9418cb47d283a56e61f311581d66266cb
2024-06-18,0.16361816976840005,isotropic_constructed_macro_nats_full_precision_v3,0552c7f4701ada91e31e916f992171b9418cb47d283a56e61f311581d66266cb
2024-06-21,0.1602886981376658,isotropic_constructed_macro_nats_full_precision_v3,0552c7f4701ada91e31e916f992171b9418cb47d283a56e61f311581d66266cb
2024-06-25,0.1628889340033962,isotropic_constructed_macro_nats_full_precision_v3,0552c7f4701ada91e31e916f992171b9418cb47d283a56e61f311581d66266cb
2024-06-27,0.16439655794285493,isotropic_constructed_macro_nats_full_precision_v3,0552c7f4701ada91e31e916f992171b9418cb47d283a56e61f311581d66266cb
2024-07-01,0.13722388438074767,isotropic_constructed_macro_nats_full_precision_v3,0552c7f4701ada91e31e916f992171b9418cb47d283a56e61f311581d66266cb
2024-07-03,0.12723714552781634,isotropic_constructed_macro_nats_full_precision_v3,0552c7f4701ada91e31e916f992171b9418cb47d283a56e61f311581d66266cb
2024-07-08,0.13569007467690658,isotropic_constructed_macro_nats_full_precision_v3,0552c7f4701ada91e31e916f992171b9418cb47d283a56e61f311581d66266cb
2024-07-10,0.1315720141363495,isotropic_constructed_macro_nats_full_precision_v3,0552c7f4701ada91e31e916f992171b9418cb47d283a56e61f311581d66266cb
2024-07-12,0.13524096083866172,isotropic_constructed_macro_nats_full_precision_v3,0552c7f4701ada91e31e916f992171b9418cb47d283a56e61f311581d66266cb
2024-07-16,0.13811690752750921,isotropic_constructed_macro_nats_full_precision_v3,0552c7f4701ada91e31e916f992171b9418cb47d283a56e61f311581d66266cb
2024-07-18,0.137182337508934,isotropic_constructed_macro_nats_full_precision_v3,0552c7f4701ada91e31e916f992171b9418cb47d283a56e61f311581d66266cb
2024-07-22,0.13967603276742935,isotropic_constructed_macro_nats_full_precision_v3,0552c7f4701ada91e31e916f992171b9418cb47d283a56e61f311581d66266cb
2024-07-24,0.13998400282212178,isotropic_constructed_macro_nats_full_precision_v3,0552c7f4701ada91e31e916f992171b9418cb47d283a56e61f311581d66266cb
2024-07-26,0.17172719073278486,isotropic_constructed_macro_nats_full_precision_v3,0552c7f4701ada91e31e916f992171b9418cb47d283a56e61f311581d66266cb
2024-07-30,0.16387318083540905,isotropic_constructed_macro_nats_full_precision_v3,0552c7f4701ada91e31e916f992171b9418cb47d283a56e61f311581d66266cb
2024-08-01,0.14611573130201225,isotropic_constructed_macro_nats_full_precision_v3,0552c7f4701ada91e31e916f992171b9418cb47d283a56e61f311581d66266cb
2024-08-05,0.16285375717911493,isotropic_constructed_macro_nats_full_precision_v3,0552c7f4701ada91e31e916f992171b9418cb47d283a56e61f311581d66266cb
2024-08-07,0.16582001631658366,isotropic_constructed_macro_nats_full_precision_v3,0552c7f4701ada91e31e916f992171b9418cb47d283a56e61f311581d66266cb
2024-08-09,0.16820532044048792,isotropic_constructed_macro_nats_full_precision_v3,0552c7f4701ada91e31e916f992171b9418cb47d283a56e61f311581d66266cb
2024-08-13,0.19304633867648982,isotropic_constructed_macro_nats_full_precision_v3,0552c7f4701ada91e31e916f992171b9418cb47d283a56e61f311581d66266cb
2024-08-15,0.18382629447395307,isotropic_constructed_macro_nats_full_precision_v3,0552c7f4701ada91e31e916f992171b9418cb47d283a56e61f311581d66266cb
2024-08-19,0.1808127861721474,isotropic_constructed_macro_nats_full_precision_v3,0552c7f4701ada91e31e916f992171b9418cb47d283a56e61f311581d66266cb
2024-08-21,0.17913356559683974,isotropic_constructed_macro_nats_full_precision_v3,0552c7f4701ada91e31e916f992171b9418cb47d283a56e61f311581d66266cb
2024-08-23,0.18615567031392477,isotropic_constructed_macro_nats_full_precision_v3,0552c7f4701ada91e31e916f992171b9418cb47d283a56e61f311581d66266cb
2024-08-27,0.18798527368989693,isotropic_constructed_macro_nats_full_precision_v3,0552c7f4701ada91e31e916f992171b9418cb47d283a56e61f311581d66266cb
2024-08-29,0.18531865693794797,isotropic_constructed_macro_nats_full_precision_v3,0552c7f4701ada91e31e916f992171b9418cb47d283a56e61f311581d66266cb
2024-09-03,0.19130303889140143,isotropic_constructed_macro_nats_full_precision_v3,0552c7f4701ada91e31e916f992171b9418cb47d283a56e61f311581d66266cb
2024-09-05,0.19540256424830527,isotropic_constructed_macro_nats_full_precision_v3,0552c7f4701ada91e31e916f992171b9418cb47d283a56e61f311581d66266cb
2024-09-09,0.16292431849252959,isotropic_constructed_macro_nats_full_precision_v3,0552c7f4701ada91e31e916f992171b9418cb47d283a56e61f311581d66266cb
2024-09-11,0.1657223588405013,isotropic_constructed_macro_nats_full_precision_v3,0552c7f4701ada91e31e916f992171b9418cb47d283a56e61f311581d66266cb
2024-09-13,0.17049002437119,isotropic_constructed_macro_nats_full_precision_v3,0552c7f4701ada91e31e916f992171b9418cb47d283a56e61f311581d66266cb
2024-09-17,0.16521868086167887,isotropic_constructed_macro_nats_full_precision_v3,0552c7f4701ada91e31e916f992171b9418cb47d283a56e61f311581d66266cb
2024-09-19,0.15353182872062182,isotropic_constructed_macro_nats_full_precision_v3,0552c7f4701ada91e31e916f992171b9418cb47d283a56e61f311581d66266cb
2024-09-23,0.14029869154603059,isotropic_constructed_macro_nats_full_precision_v3,0552c7f4701ada91e31e916f992171b9418cb47d283a56e61f311581d66266cb
2024-09-25,0.15546566204532536,isotropic_constructed_macro_nats_full_precision_v3,0552c7f4701ada91e31e916f992171b9418cb47d283a56e61f311581d66266cb
2024-09-27,0.15691065224116862,isotropic_constructed_macro_nats_full_precision_v3,0552c7f4701ada91e31e916f992171b9418cb47d283a56e61f311581d66266cb
2024-10-01,0.14997060530189638,isotropic_constructed_macro_nats_full_precision_v3,0552c7f4701ada91e31e916f992171b9418cb47d283a56e61f311581d66266cb
2024-10-03,0.13520450771942497,isotropic_constructed_macro_nats_full_precision_v3,0552c7f4701ada91e31e916f992171b9418cb47d283a56e61f311581d66266cb
2024-10-07,0.13403932772680227,isotropic_constructed_macro_nats_full_precision_v3,0552c7f4701ada91e31e916f992171b9418cb47d283a56e61f311581d66266cb
2024-10-09,0.1277151902072657,isotropic_constructed_macro_nats_full_precision_v3,0552c7f4701ada91e31e916f992171b9418cb47d283a56e61f311581d66266cb
2024-10-11,0.1255626160820461,isotropic_constructed_macro_nats_full_precision_v3,0552c7f4701ada91e31e916f992171b9418cb47d283a56e61f311581d66266cb
2024-10-15,0.12144129688284598,isotropic_constructed_macro_nats_full_precision_v3,0552c7f4701ada91e31e916f992171b9418cb47d283a56e61f311581d66266cb
2024-10-17,0.11672453472619697,isotropic_constructed_macro_nats_full_precision_v3,0552c7f4701ada91e31e916f992171b9418cb47d283a56e61f311581d66266cb
2024-10-21,0.11145703267819153,isotropic_constructed_macro_nats_full_precision_v3,0552c7f4701ada91e31e916f992171b9418cb47d283a56e61f311581d66266cb
2024-10-23,0.10414936418425581,isotropic_constructed_macro_nats_full_precision_v3,0552c7f4701ada91e31e916f992171b9418cb47d283a56e61f311581d66266cb
2024-10-25,0.10499628480196517,isotropic_constructed_macro_nats_full_precision_v3,0552c7f4701ada91e31e916f992171b9418cb47d283a56e61f311581d66266cb
2024-10-29,0.10139583643440933,isotropic_constructed_macro_nats_full_precision_v3,0552c7f4701ada91e31e916f992171b9418cb47d283a56e61f311581d66266cb
2024-10-31,0.10541758317818993,isotropic_constructed_macro_nats_full_precision_v3,0552c7f4701ada91e31e916f992171b9418cb47d283a56e61f311581d66266cb
2024-11-04,0.10181057192596027,isotropic_constructed_macro_nats_full_precision_v3,0552c7f4701ada91e31e916f992171b9418cb47d283a56e61f311581d66266cb
2024-11-06,0.08333570841540912,isotropic_constructed_macro_nats_full_precision_v3,0552c7f4701ada91e31e916f992171b9418cb47d283a56e61f311581d66266cb
2024-11-08,0.08315488449491516,isotropic_constructed_macro_nats_full_precision_v3,0552c7f4701ada91e31e916f992171b9418cb47d283a56e61f311581d66266cb
2024-11-12,0.08750817994190913,isotropic_constructed_macro_nats_full_precision_v3,0552c7f4701ada91e31e916f992171b9418cb47d283a56e61f311581d66266cb
2024-11-14,0.10428295605773166,isotropic_constructed_macro_nats_full_precision_v3,0552c7f4701ada91e31e916f992171b9418cb47d283a56e61f311581d66266cb
2024-11-18,0.09746799002766415,isotropic_constructed_macro_nats_full_precision_v3,0552c7f4701ada91e31e916f992171b9418cb47d283a56e61f311581d66266cb
2024-11-20,0.10492788610605396,isotropic_constructed_macro_nats_full_precision_v3,0552c7f4701ada91e31e916f992171b9418cb47d283a56e61f311581d66266cb
2024-11-22,0.11219019510054629,isotropic_constructed_macro_nats_full_precision_v3,0552c7f4701ada91e31e916f992171b9418cb47d283a56e61f311581d66266cb
2024-11-26,0.07723792708053273,isotropic_constructed_macro_nats_full_precision_v3,0552c7f4701ada91e31e916f992171b9418cb47d283a56e61f311581d66266cb
2024-11-29,0.07792423839568058,isotropic_constructed_macro_nats_full_precision_v3,0552c7f4701ada91e31e916f992171b9418cb47d283a56e61f311581d66266cb
2024-12-03,0.08817660055596593,isotropic_constructed_macro_nats_full_precision_v3,0552c7f4701ada91e31e916f992171b9418cb47d283a56e61f311581d66266cb
2024-12-05,0.08621746505902123,isotropic_constructed_macro_nats_full_precision_v3,0552c7f4701ada91e31e916f992171b9418cb47d283a56e61f311581d66266cb
2024-12-09,0.09516735591788668,isotropic_constructed_macro_nats_full_precision_v3,0552c7f4701ada91e31e916f992171b9418cb47d283a56e61f311581d66266cb
2024-12-11,0.0968021379291747,isotropic_constructed_macro_nats_full_precision_v3,0552c7f4701ada91e31e916f992171b9418cb47d283a56e61f311581d66266cb
2024-12-13,0.09366961581172432,isotropic_constructed_macro_nats_full_precision_v3,0552c7f4701ada91e31e916f992171b9418cb47d283a56e61f311581d66266cb
2024-12-17,0.089015921962872,isotropic_constructed_macro_nats_full_precision_v3,0552c7f4701ada91e31e916f992171b9418cb47d283a56e61f311581d66266cb
2024-12-19,0.09316192508951317,isotropic_constructed_macro_nats_full_precision_v3,0552c7f4701ada91e31e916f992171b9418cb47d283a56e61f311581d66266cb
2024-12-23,0.09424859461821905,isotropic_constructed_macro_nats_full_precision_v3,0552c7f4701ada91e31e916f992171b9418cb47d283a56e61f311581d66266cb
2024-12-26,0.0919808950380722,isotropic_constructed_macro_nats_full_precision_v3,0552c7f4701ada91e31e916f992171b9418cb47d283a56e61f311581d66266cb
2024-12-30,0.0915886295793965,isotropic_constructed_macro_nats_full_precision_v3,0552c7f4701ada91e31e916f992171b9418cb47d283a56e61f311581d66266cb
2025-01-02,0.09171955094849787,isotropic_constructed_macro_nats_full_precision_v3,0552c7f4701ada91e31e916f992171b9418cb47d283a56e61f311581d66266cb
2025-01-06,0.08654419430351638,isotropic_constructed_macro_nats_full_precision_v3,0552c7f4701ada91e31e916f992171b9418cb47d283a56e61f311581d66266cb
2025-01-08,0.09128990452193418,isotropic_constructed_macro_nats_full_precision_v3,0552c7f4701ada91e31e916f992171b9418cb47d283a56e61f311581d66266cb
2025-01-13,0.08781052964723603,isotropic_constructed_macro_nats_full_precision_v3,0552c7f4701ada91e31e916f992171b9418cb47d283a56e61f311581d66266cb
2025-01-15,0.08279920920526783,isotropic_constructed_macro_nats_full_precision_v3,0552c7f4701ada91e31e916f992171b9418cb47d283a56e61f311581d66266cb
2025-01-17,0.07798323438938853,isotropic_constructed_macro_nats_full_precision_v3,0552c7f4701ada91e31e916f992171b9418cb47d283a56e61f311581d66266cb
2025-01-22,0.07751975390408071,isotropic_constructed_macro_nats_full_precision_v3,0552c7f4701ada91e31e916f992171b9418cb47d283a56e61f311581d66266cb
2025-01-24,0.0765123028175724,isotropic_constructed_macro_nats_full_precision_v3,0552c7f4701ada91e31e916f992171b9418cb47d283a56e61f311581d66266cb
2025-01-28,0.08224808324413745,isotropic_constructed_macro_nats_full_precision_v3,0552c7f4701ada91e31e916f992171b9418cb47d283a56e61f311581d66266cb
2025-01-30,0.09149053985835144,isotropic_constructed_macro_nats_full_precision_v3,0552c7f4701ada91e31e916f992171b9418cb47d283a56e61f311581d66266cb
2025-02-03,0.10282223019618643,isotropic_constructed_macro_nats_full_precision_v3,0552c7f4701ada91e31e916f992171b9418cb47d283a56e61f311581d66266cb
2025-02-05,0.10827745155301265,isotropic_constructed_macro_nats_full_precision_v3,0552c7f4701ada91e31e916f992171b9418cb47d283a56e61f311581d66266cb
2025-02-07,0.10333764822166967,isotropic_constructed_macro_nats_full_precision_v3,0552c7f4701ada91e31e916f992171b9418cb47d283a56e61f311581d66266cb
2025-02-11,0.09997372710320339,isotropic_constructed_macro_nats_full_precision_v3,0552c7f4701ada91e31e916f992171b9418cb47d283a56e61f311581d66266cb
2025-02-13,0.08778897782836464,isotropic_constructed_macro_nats_full_precision_v3,0552c7f4701ada91e31e916f992171b9418cb47d283a56e61f311581d66266cb
2025-02-18,0.08941989339471312,isotropic_constructed_macro_nats_full_precision_v3,0552c7f4701ada91e31e916f992171b9418cb47d283a56e61f311581d66266cb
2025-02-20,0.08834188747486174,isotropic_constructed_macro_nats_full_precision_v3,0552c7f4701ada91e31e916f992171b9418cb47d283a56e61f311581d66266cb
2025-02-24,0.08229233857864943,isotropic_constructed_macro_nats_full_precision_v3,0552c7f4701ada91e31e916f992171b9418cb47d283a56e61f311581d66266cb
2025-02-26,0.08951110403527836,isotropic_constructed_macro_nats_full_precision_v3,0552c7f4701ada91e31e916f992171b9418cb47d283a56e61f311581d66266cb
2025-02-28,0.09273555278507152,isotropic_constructed_macro_nats_full_precision_v3,0552c7f4701ada91e31e916f992171b9418cb47d283a56e61f311581d66266cb
2025-03-04,0.11385442281668841,isotropic_constructed_macro_nats_full_precision_v3,0552c7f4701ada91e31e916f992171b9418cb47d283a56e61f311581d66266cb
2025-03-06,0.11641016805401977,isotropic_constructed_macro_nats_full_precision_v3,0552c7f4701ada91e31e916f992171b9418cb47d283a56e61f311581d66266cb
2025-03-10,0.1147149962135801,isotropic_constructed_macro_nats_full_precision_v3,0552c7f4701ada91e31e916f992171b9418cb47d283a56e61f311581d66266cb
2025-03-12,0.10949581845721669,isotropic_constructed_macro_nats_full_precision_v3,0552c7f4701ada91e31e916f992171b9418cb47d283a56e61f311581d66266cb
2025-03-14,0.10684304829812395,isotropic_constructed_macro_nats_full_precision_v3,0552c7f4701ada91e31e916f992171b9418cb47d283a56e61f311581d66266cb
2025-03-18,0.09856011184679575,isotropic_constructed_macro_nats_full_precision_v3,0552c7f4701ada91e31e916f992171b9418cb47d283a56e61f311581d66266cb
2025-03-20,0.1006047066151813,isotropic_constructed_macro_nats_full_precision_v3,0552c7f4701ada91e31e916f992171b9418cb47d283a56e61f311581d66266cb
2025-03-24,0.10450242463446979,isotropic_constructed_macro_nats_full_precision_v3,0552c7f4701ada91e31e916f992171b9418cb47d283a56e61f311581d66266cb
2025-03-26,0.1113325743554044,isotropic_constructed_macro_nats_full_precision_v3,0552c7f4701ada91e31e916f992171b9418cb47d283a56e61f311581d66266cb
2025-03-28,0.11541077301572014,isotropic_constructed_macro_nats_full_precision_v3,0552c7f4701ada91e31e916f992171b9418cb47d283a56e61f311581d66266cb
2025-04-01,0.11658314642033923,isotropic_constructed_macro_nats_full_precision_v3,0552c7f4701ada91e31e916f992171b9418cb47d283a56e61f311581d66266cb
2025-04-03,0.11930671729476151,isotropic_constructed_macro_nats_full_precision_v3,0552c7f4701ada91e31e916f992171b9418cb47d283a56e61f311581d66266cb
2025-04-07,0.11119731797059101,isotropic_constructed_macro_nats_full_precision_v3,0552c7f4701ada91e31e916f992171b9418cb47d283a56e61f311581d66266cb
2025-04-09,0.12237085861971131,isotropic_constructed_macro_nats_full_precision_v3,0552c7f4701ada91e31e916f992171b9418cb47d283a56e61f311581d66266cb
2025-04-11,0.125349676336582,isotropic_constructed_macro_nats_full_precision_v3,0552c7f4701ada91e31e916f992171b9418cb47d283a56e61f311581d66266cb
2025-04-15,0.11546765670359527,isotropic_constructed_macro_nats_full_precision_v3,0552c7f4701ada91e31e916f992171b9418cb47d283a56e61f311581d66266cb
2025-04-17,0.10315309505450347,isotropic_constructed_macro_nats_full_precision_v3,0552c7f4701ada91e31e916f992171b9418cb47d283a56e61f311581d66266cb
2025-04-22,0.10334425401237995,isotropic_constructed_macro_nats_full_precision_v3,0552c7f4701ada91e31e916f992171b9418cb47d283a56e61f311581d66266cb
2025-04-24,0.11964269305632858,isotropic_constructed_macro_nats_full_precision_v3,0552c7f4701ada91e31e916f992171b9418cb47d283a56e61f311581d66266cb
2025-04-28,0.14596444444843157,isotropic_constructed_macro_nats_full_precision_v3,0552c7f4701ada91e31e916f992171b9418cb47d283a56e61f311581d66266cb
2025-04-30,0.15211830727741227,isotropic_constructed_macro_nats_full_precision_v3,0552c7f4701ada91e31e916f992171b9418cb47d283a56e61f311581d66266cb
2025-05-02,0.14867455664726154,isotropic_constructed_macro_nats_full_precision_v3,0552c7f4701ada91e31e916f992171b9418cb47d283a56e61f311581d66266cb
2025-05-06,0.1274807476868905,isotropic_constructed_macro_nats_full_precision_v3,0552c7f4701ada91e31e916f992171b9418cb47d283a56e61f311581d66266cb
2025-05-08,0.1267795267268148,isotropic_constructed_macro_nats_full_precision_v3,0552c7f4701ada91e31e916f992171b9418cb47d283a56e61f311581d66266cb
2025-05-12,0.1237193697010273,isotropic_constructed_macro_nats_full_precision_v3,0552c7f4701ada91e31e916f992171b9418cb47d283a56e61f311581d66266cb
2025-05-14,0.12478686846586017,isotropic_constructed_macro_nats_full_precision_v3,0552c7f4701ada91e31e916f992171b9418cb47d283a56e61f311581d66266cb
2025-05-16,0.12621470960391215,isotropic_constructed_macro_nats_full_precision_v3,0552c7f4701ada91e31e916f992171b9418cb47d283a56e61f311581d66266cb
2025-05-20,0.13159603154329697,isotropic_constructed_macro_nats_full_precision_v3,0552c7f4701ada91e31e916f992171b9418cb47d283a56e61f311581d66266cb
2025-05-22,0.13230494584611996,isotropic_constructed_macro_nats_full_precision_v3,0552c7f4701ada91e31e916f992171b9418cb47d283a56e61f311581d66266cb
2025-05-27,0.13242339953267196,isotropic_constructed_macro_nats_full_precision_v3,0552c7f4701ada91e31e916f992171b9418cb47d283a56e61f311581d66266cb
2025-05-29,0.1349920099473802,isotropic_constructed_macro_nats_full_precision_v3,0552c7f4701ada91e31e916f992171b9418cb47d283a56e61f311581d66266cb
2025-06-02,0.13948973064126952,isotropic_constructed_macro_nats_full_precision_v3,0552c7f4701ada91e31e916f992171b9418cb47d283a56e61f311581d66266cb
2025-06-04,0.14053199195330218,isotropic_constructed_macro_nats_full_precision_v3,0552c7f4701ada91e31e916f992171b9418cb47d283a56e61f311581d66266cb
2025-06-06,0.1397898659959616,isotropic_constructed_macro_nats_full_precision_v3,0552c7f4701ada91e31e916f992171b9418cb47d283a56e61f311581d66266cb
2025-06-10,0.12279594503249243,isotropic_constructed_macro_nats_full_precision_v3,0552c7f4701ada91e31e916f992171b9418cb47d283a56e61f311581d66266cb
2025-06-12,0.13009550663413377,isotropic_constructed_macro_nats_full_precision_v3,0552c7f4701ada91e31e916f992171b9418cb47d283a56e61f311581d66266cb
2025-06-16,0.1205237573995996,isotropic_constructed_macro_nats_full_precision_v3,0552c7f4701ada91e31e916f992171b9418cb47d283a56e61f311581d66266cb
2025-06-18,0.12275935874745407,isotropic_constructed_macro_nats_full_precision_v3,0552c7f4701ada91e31e916f992171b9418cb47d283a56e61f311581d66266cb
2025-06-23,0.12166146525385747,isotropic_constructed_macro_nats_full_precision_v3,0552c7f4701ada91e31e916f992171b9418cb47d283a56e61f311581d66266cb
2025-06-25,0.13118455479366298,isotropic_constructed_macro_nats_full_precision_v3,0552c7f4701ada91e31e916f992171b9418cb47d283a56e61f311581d66266cb
2025-06-27,0.12975804755390274,isotropic_constructed_macro_nats_full_precision_v3,0552c7f4701ada91e31e916f992171b9418cb47d283a56e61f311581d66266cb
2025-07-01,0.13283089184196714,isotropic_constructed_macro_nats_full_precision_v3,0552c7f4701ada91e31e916f992171b9418cb47d283a56e61f311581d66266cb
2025-07-03,0.13330159699712524,isotropic_constructed_macro_nats_full_precision_v3,0552c7f4701ada91e31e916f992171b9418cb47d283a56e61f311581d66266cb
2025-07-08,0.13151598445019563,isotropic_constructed_macro_nats_full_precision_v3,0552c7f4701ada91e31e916f992171b9418cb47d283a56e61f311581d66266cb
2025-07-10,0.14300884324404622,isotropic_constructed_macro_nats_full_precision_v3,0552c7f4701ada91e31e916f992171b9418cb47d283a56e61f311581d66266cb
2025-07-14,0.14559828737042108,isotropic_constructed_macro_nats_full_precision_v3,0552c7f4701ada91e31e916f992171b9418cb47d283a56e61f311581d66266cb
2025-07-16,0.15150637290476787,isotropic_constructed_macro_nats_full_precision_v3,0552c7f4701ada91e31e916f992171b9418cb47d283a56e61f311581d66266cb
2025-07-18,0.12994736871944604,isotropic_constructed_macro_nats_full_precision_v3,0552c7f4701ada91e31e916f992171b9418cb47d283a56e61f311581d66266cb
2025-07-22,0.11954899830155691,isotropic_constructed_macro_nats_full_precision_v3,0552c7f4701ada91e31e916f992171b9418cb47d283a56e61f311581d66266cb
2025-07-24,0.1328441256500829,isotropic_constructed_macro_nats_full_precision_v3,0552c7f4701ada91e31e916f992171b9418cb47d283a56e61f311581d66266cb
2025-07-28,0.13441045808354127,isotropic_constructed_macro_nats_full_precision_v3,0552c7f4701ada91e31e916f992171b9418cb47d283a56e61f311581d66266cb
2025-07-30,0.1405959553183702,isotropic_constructed_macro_nats_full_precision_v3,0552c7f4701ada91e31e916f992171b9418cb47d283a56e61f311581d66266cb
2025-08-01,0.13540628969383595,isotropic_constructed_macro_nats_full_precision_v3,0552c7f4701ada91e31e916f992171b9418cb47d283a56e61f311581d66266cb
2025-08-05,0.13446814144289798,isotropic_constructed_macro_nats_full_precision_v3,0552c7f4701ada91e31e916f992171b9418cb47d283a56e61f311581d66266cb
2025-08-07,0.13135489436777364,isotropic_constructed_macro_nats_full_precision_v3,0552c7f4701ada91e31e916f992171b9418cb47d283a56e61f311581d66266cb
2025-08-11,0.12758994304693844,isotropic_constructed_macro_nats_full_precision_v3,0552c7f4701ada91e31e916f992171b9418cb47d283a56e61f311581d66266cb
2025-08-13,0.12334329577282249,isotropic_constructed_macro_nats_full_precision_v3,0552c7f4701ada91e31e916f992171b9418cb47d283a56e61f311581d66266cb
2025-08-15,0.12351896370598443,isotropic_constructed_macro_nats_full_precision_v3,0552c7f4701ada91e31e916f992171b9418cb47d283a56e61f311581d66266cb
2025-08-19,0.11859753353320102,isotropic_constructed_macro_nats_full_precision_v3,0552c7f4701ada91e31e916f992171b9418cb47d283a56e61f311581d66266cb
2025-08-21,0.12153725870541585,isotropic_constructed_macro_nats_full_precision_v3,0552c7f4701ada91e31e916f992171b9418cb47d283a56e61f311581d66266cb
2025-08-25,0.12371876450089617,isotropic_constructed_macro_nats_full_precision_v3,0552c7f4701ada91e31e916f992171b9418cb47d283a56e61f311581d66266cb
2025-08-27,0.12277782341375468,isotropic_constructed_macro_nats_full_precision_v3,0552c7f4701ada91e31e916f992171b9418cb47d283a56e61f311581d66266cb
2025-08-29,0.12903906330348724,isotropic_constructed_macro_nats_full_precision_v3,0552c7f4701ada91e31e916f992171b9418cb47d283a56e61f311581d66266cb
2025-09-03,0.12843284683197845,isotropic_constructed_macro_nats_full_precision_v3,0552c7f4701ada91e31e916f992171b9418cb47d283a56e61f311581d66266cb
2025-09-05,0.13121324740440385,isotropic_constructed_macro_nats_full_precision_v3,0552c7f4701ada91e31e916f992171b9418cb47d283a56e61f311581d66266cb
2025-09-09,0.12987692075394447,isotropic_constructed_macro_nats_full_precision_v3,0552c7f4701ada91e31e916f992171b9418cb47d283a56e61f311581d66266cb
2025-09-11,0.12650755511673517,isotropic_constructed_macro_nats_full_precision_v3,0552c7f4701ada91e31e916f992171b9418cb47d283a56e61f311581d66266cb
2025-09-15,0.1246923149119377,isotropic_constructed_macro_nats_full_precision_v3,0552c7f4701ada91e31e916f992171b9418cb47d283a56e61f311581d66266cb
2025-09-17,0.12824969945021242,isotropic_constructed_macro_nats_full_precision_v3,0552c7f4701ada91e31e916f992171b9418cb47d283a56e61f311581d66266cb
2025-09-19,0.12178210973113905,isotropic_constructed_macro_nats_full_precision_v3,0552c7f4701ada91e31e916f992171b9418cb47d283a56e61f311581d66266cb
2025-09-23,0.11601681728837707,isotropic_constructed_macro_nats_full_precision_v3,0552c7f4701ada91e31e916f992171b9418cb47d283a56e61f311581d66266cb
2025-09-25,0.12209082488520634,isotropic_constructed_macro_nats_full_precision_v3,0552c7f4701ada91e31e916f992171b9418cb47d283a56e61f311581d66266cb
2025-09-29,0.11660368468795627,isotropic_constructed_macro_nats_full_precision_v3,0552c7f4701ada91e31e916f992171b9418cb47d283a56e61f311581d66266cb
2025-10-01,0.11639983960921109,isotropic_constructed_macro_nats_full_precision_v3,0552c7f4701ada91e31e916f992171b9418cb47d283a56e61f311581d66266cb
2025-10-03,0.11081009161251933,isotropic_constructed_macro_nats_full_precision_v3,0552c7f4701ada91e31e916f992171b9418cb47d283a56e61f311581d66266cb
2025-10-07,0.11363775876605811,isotropic_constructed_macro_nats_full_precision_v3,0552c7f4701ada91e31e916f992171b9418cb47d283a56e61f311581d66266cb
2025-10-09,0.11173550935317446,isotropic_constructed_macro_nats_full_precision_v3,0552c7f4701ada91e31e916f992171b9418cb47d283a56e61f311581d66266cb
2025-10-13,0.11106330518718337,isotropic_constructed_macro_nats_full_precision_v3,0552c7f4701ada91e31e916f992171b9418cb47d283a56e61f311581d66266cb
2025-10-15,0.10368477531536016,isotropic_constructed_macro_nats_full_precision_v3,0552c7f4701ada91e31e916f992171b9418cb47d283a56e61f311581d66266cb
2025-10-17,0.10934291882274536,isotropic_constructed_macro_nats_full_precision_v3,0552c7f4701ada91e31e916f992171b9418cb47d283a56e61f311581d66266cb
2025-10-21,0.12050489187962157,isotropic_constructed_macro_nats_full_precision_v3,0552c7f4701ada91e31e916f992171b9418cb47d283a56e61f311581d66266cb
2025-10-23,0.1140444858544291,isotropic_constructed_macro_nats_full_precision_v3,0552c7f4701ada91e31e916f992171b9418cb47d283a56e61f311581d66266cb
2025-10-27,0.11737317784064345,isotropic_constructed_macro_nats_full_precision_v3,0552c7f4701ada91e31e916f992171b9418cb47d283a56e61f311581d66266cb
2025-10-29,0.1309555284366145,isotropic_constructed_macro_nats_full_precision_v3,0552c7f4701ada91e31e916f992171b9418cb47d283a56e61f311581d66266cb
2025-10-31,0.1268353241052718,isotropic_constructed_macro_nats_full_precision_v3,0552c7f4701ada91e31e916f992171b9418cb47d283a56e61f311581d66266cb
2025-11-04,0.11847164997530998,isotropic_constructed_macro_nats_full_precision_v3,0552c7f4701ada91e31e916f992171b9418cb47d283a56e61f311581d66266cb
2025-11-06,0.11522572217235574,isotropic_constructed_macro_nats_full_precision_v3,0552c7f4701ada91e31e916f992171b9418cb47d283a56e61f311581d66266cb
2025-11-10,0.11484419511423448,isotropic_constructed_macro_nats_full_precision_v3,0552c7f4701ada91e31e916f992171b9418cb47d283a56e61f311581d66266cb
2025-11-12,0.11226288018704374,isotropic_constructed_macro_nats_full_precision_v3,0552c7f4701ada91e31e916f992171b9418cb47d283a56e61f311581d66266cb
2025-11-14,0.11314197675203606,isotropic_constructed_macro_nats_full_precision_v3,0552c7f4701ada91e31e916f992171b9418cb47d283a56e61f311581d66266cb
2025-11-18,0.11969864827291611,isotropic_constructed_macro_nats_full_precision_v3,0552c7f4701ada91e31e916f992171b9418cb47d283a56e61f311581d66266cb
2025-11-20,0.12589771126321592,isotropic_constructed_macro_nats_full_precision_v3,0552c7f4701ada91e31e916f992171b9418cb47d283a56e61f311581d66266cb
2025-11-24,0.12809058295899048,isotropic_constructed_macro_nats_full_precision_v3,0552c7f4701ada91e31e916f992171b9418cb47d283a56e61f311581d66266cb
2025-11-26,0.12769070792372866,isotropic_constructed_macro_nats_full_precision_v3,0552c7f4701ada91e31e916f992171b9418cb47d283a56e61f311581d66266cb
2025-12-01,0.12142912869893507,isotropic_constructed_macro_nats_full_precision_v3,0552c7f4701ada91e31e916f992171b9418cb47d283a56e61f311581d66266cb
2025-12-03,0.12688731982058848,isotropic_constructed_macro_nats_full_precision_v3,0552c7f4701ada91e31e916f992171b9418cb47d283a56e61f311581d66266cb
2025-12-05,0.1336644490858653,isotropic_constructed_macro_nats_full_precision_v3,0552c7f4701ada91e31e916f992171b9418cb47d283a56e61f311581d66266cb
2025-12-09,0.12740645029347064,isotropic_constructed_macro_nats_full_precision_v3,0552c7f4701ada91e31e916f992171b9418cb47d283a56e61f311581d66266cb
2025-12-11,0.1266153648876845,isotropic_constructed_macro_nats_full_precision_v3,0552c7f4701ada91e31e916f992171b9418cb47d283a56e61f311581d66266cb
2025-12-15,0.11908913081610813,isotropic_constructed_macro_nats_full_precision_v3,0552c7f4701ada91e31e916f992171b9418cb47d283a56e61f311581d66266cb
2025-12-17,0.1171976535379739,isotropic_constructed_macro_nats_full_precision_v3,0552c7f4701ada91e31e916f992171b9418cb47d283a56e61f311581d66266cb
2025-12-19,0.11797218198818389,isotropic_constructed_macro_nats_full_precision_v3,0552c7f4701ada91e31e916f992171b9418cb47d283a56e61f311581d66266cb
2025-12-23,0.11945965629377427,isotropic_constructed_macro_nats_full_precision_v3,0552c7f4701ada91e31e916f992171b9418cb47d283a56e61f311581d66266cb
2025-12-26,0.11984930003469134,isotropic_constructed_macro_nats_full_precision_v3,0552c7f4701ada91e31e916f992171b9418cb47d283a56e61f311581d66266cb
2025-12-30,0.11629998512762825,isotropic_constructed_macro_nats_full_precision_v3,0552c7f4701ada91e31e916f992171b9418cb47d283a56e61f311581d66266cb
2026-01-02,0.1189674198055058,isotropic_constructed_macro_nats_full_precision_v3,0552c7f4701ada91e31e916f992171b9418cb47d283a56e61f311581d66266cb
2026-01-06,0.11700981582961187,isotropic_constructed_macro_nats_full_precision_v3,0552c7f4701ada91e31e916f992171b9418cb47d283a56e61f311581d66266cb
2026-01-08,0.11988171004586648,isotropic_constructed_macro_nats_full_precision_v3,0552c7f4701ada91e31e916f992171b9418cb47d283a56e61f311581d66266cb
2026-01-12,0.12155223503255913,isotropic_constructed_macro_nats_full_precision_v3,0552c7f4701ada91e31e916f992171b9418cb47d283a56e61f311581d66266cb
2026-01-14,0.11928550765094291,isotropic_constructed_macro_nats_full_precision_v3,0552c7f4701ada91e31e916f992171b9418cb47d283a56e61f311581d66266cb
2026-01-16,0.11480008766329401,isotropic_constructed_macro_nats_full_precision_v3,0552c7f4701ada91e31e916f992171b9418cb47d283a56e61f311581d66266cb
2026-01-21,0.11461440021718362,isotropic_constructed_macro_nats_full_precision_v3,0552c7f4701ada91e31e916f992171b9418cb47d283a56e61f311581d66266cb
2026-01-23,0.11181442706505186,isotropic_constructed_macro_nats_full_precision_v3,0552c7f4701ada91e31e916f992171b9418cb47d283a56e61f311581d66266cb
2026-01-27,0.11158182444581174,isotropic_constructed_macro_nats_full_precision_v3,0552c7f4701ada91e31e916f992171b9418cb47d283a56e61f311581d66266cb
2026-01-29,0.10936044129742661,isotropic_constructed_macro_nats_full_precision_v3,0552c7f4701ada91e31e916f992171b9418cb47d283a56e61f311581d66266cb
2026-02-02,0.11329120172348658,isotropic_constructed_macro_nats_full_precision_v3,0552c7f4701ada91e31e916f992171b9418cb47d283a56e61f311581d66266cb
2026-02-04,0.12053126595119477,isotropic_constructed_macro_nats_full_precision_v3,0552c7f4701ada91e31e916f992171b9418cb47d283a56e61f311581d66266cb
2026-02-06,0.11901640955582404,isotropic_constructed_macro_nats_full_precision_v3,0552c7f4701ada91e31e916f992171b9418cb47d283a56e61f311581d66266cb
2026-02-10,0.12202624922516166,isotropic_constructed_macro_nats_full_precision_v3,0552c7f4701ada91e31e916f992171b9418cb47d283a56e61f311581d66266cb
2026-02-12,0.12279284067241925,isotropic_constructed_macro_nats_full_precision_v3,0552c7f4701ada91e31e916f992171b9418cb47d283a56e61f311581d66266cb
2026-02-17,0.11549340725369563,isotropic_constructed_macro_nats_full_precision_v3,0552c7f4701ada91e31e916f992171b9418cb47d283a56e61f311581d66266cb
2026-02-19,0.11301151217960517,isotropic_constructed_macro_nats_full_precision_v3,0552c7f4701ada91e31e916f992171b9418cb47d283a56e61f311581d66266cb
2026-02-23,0.12050554084199329,isotropic_constructed_macro_nats_full_precision_v3,0552c7f4701ada91e31e916f992171b9418cb47d283a56e61f311581d66266cb
2026-02-25,0.1162098095428289,isotropic_constructed_macro_nats_full_precision_v3,0552c7f4701ada91e31e916f992171b9418cb47d283a56e61f311581d66266cb
2026-02-27,0.11363738495451431,isotropic_constructed_macro_nats_full_precision_v3,0552c7f4701ada91e31e916f992171b9418cb47d283a56e61f311581d66266cb
2026-03-03,0.11600420379637714,isotropic_constructed_macro_nats_full_precision_v3,0552c7f4701ada91e31e916f992171b9418cb47d283a56e61f311581d66266cb
2026-03-05,0.11152692094623048,isotropic_constructed_macro_nats_full_precision_v3,0552c7f4701ada91e31e916f992171b9418cb47d283a56e61f311581d66266cb
2026-03-09,0.11204288113710768,isotropic_constructed_macro_nats_full_precision_v3,0552c7f4701ada91e31e916f992171b9418cb47d283a56e61f311581d66266cb
2026-03-11,0.1105510767056634,isotropic_constructed_macro_nats_full_precision_v3,0552c7f4701ada91e31e916f992171b9418cb47d283a56e61f311581d66266cb
2026-03-13,0.10134376217199233,isotropic_constructed_macro_nats_full_precision_v3,0552c7f4701ada91e31e916f992171b9418cb47d283a56e61f311581d66266cb
2026-03-17,0.09869170720489055,isotropic_constructed_macro_nats_full_precision_v3,0552c7f4701ada91e31e916f992171b9418cb47d283a56e61f311581d66266cb
2026-03-19,0.09821300955841851,isotropic_constructed_macro_nats_full_precision_v3,0552c7f4701ada91e31e916f992171b9418cb47d283a56e61f311581d66266cb
2026-03-23,0.10498664606963289,isotropic_constructed_macro_nats_full_precision_v3,0552c7f4701ada91e31e916f992171b9418cb47d283a56e61f311581d66266cb
2026-03-25,0.10344622697951801,isotropic_constructed_macro_nats_full_precision_v3,0552c7f4701ada91e31e916f992171b9418cb47d283a56e61f311581d66266cb
2026-03-27,0.09443926259936491,isotropic_constructed_macro_nats_full_precision_v3,0552c7f4701ada91e31e916f992171b9418cb47d283a56e61f311581d66266cb
2026-03-31,0.09360347753127059,isotropic_constructed_macro_nats_full_precision_v3,0552c7f4701ada91e31e916f992171b9418cb47d283a56e61f311581d66266cb
2026-04-02,0.09466360914351668,isotropic_constructed_macro_nats_full_precision_v3,0552c7f4701ada91e31e916f992171b9418cb47d283a56e61f311581d66266cb
2026-04-07,0.08981043993221494,isotropic_constructed_macro_nats_full_precision_v3,0552c7f4701ada91e31e916f992171b9418cb47d283a56e61f311581d66266cb
2026-04-09,0.09600349616210539,isotropic_constructed_macro_nats_full_precision_v3,0552c7f4701ada91e31e916f992171b9418cb47d283a56e61f311581d66266cb
2026-04-13,0.10021164096969988,isotropic_constructed_macro_nats_full_precision_v3,0552c7f4701ada91e31e916f992171b9418cb47d283a56e61f311581d66266cb
2026-04-15,0.09914636206618213,isotropic_constructed_macro_nats_full_precision_v3,0552c7f4701ada91e31e916f992171b9418cb47d283a56e61f311581d66266cb
2026-04-17,0.11663177331369609,isotropic_constructed_macro_nats_full_precision_v3,0552c7f4701ada91e31e916f992171b9418cb47d283a56e61f311581d66266cb
2026-04-21,0.1184814191235804,isotropic_constructed_macro_nats_full_precision_v3,0552c7f4701ada91e31e916f992171b9418cb47d283a56e61f311581d66266cb
2026-04-23,0.11237321535927472,isotropic_constructed_macro_nats_full_precision_v3,0552c7f4701ada91e31e916f992171b9418cb47d283a56e61f311581d66266cb
2026-04-27,0.11215319701503883,isotropic_constructed_macro_nats_full_precision_v3,0552c7f4701ada91e31e916f992171b9418cb47d283a56e61f311581d66266cb
2026-04-29,0.10345783055460961,isotropic_constructed_macro_nats_full_precision_v3,0552c7f4701ada91e31e916f992171b9418cb47d283a56e61f311581d66266cb
2026-05-01,0.10220036506643364,isotropic_constructed_macro_nats_full_precision_v3,0552c7f4701ada91e31e916f992171b9418cb47d283a56e61f311581d66266cb
2026-05-05,0.10182930771743101,isotropic_constructed_macro_nats_full_precision_v3,0552c7f4701ada91e31e916f992171b9418cb47d283a56e61f311581d66266cb
2026-05-07,0.1016742259925407,isotropic_constructed_macro_nats_full_precision_v3,0552c7f4701ada91e31e916f992171b9418cb47d283a56e61f311581d66266cb
2026-05-11,0.09790356435611987,isotropic_constructed_macro_nats_full_precision_v3,0552c7f4701ada91e31e916f992171b9418cb47d283a56e61f311581d66266cb
2026-05-13,0.0937334361712742,isotropic_constructed_macro_nats_full_precision_v3,0552c7f4701ada91e31e916f992171b9418cb47d283a56e61f311581d66266cb
2026-05-15,0.09553678274881877,isotropic_constructed_macro_nats_full_precision_v3,0552c7f4701ada91e31e916f992171b9418cb47d283a56e61f311581d66266cb
2026-05-19,0.09785771995002458,isotropic_constructed_macro_nats_full_precision_v3,0552c7f4701ada91e31e916f992171b9418cb47d283a56e61f311581d66266cb
2026-05-21,0.10129595978520918,isotropic_constructed_macro_nats_full_precision_v3,0552c7f4701ada91e31e916f992171b9418cb47d283a56e61f311581d66266cb
2026-05-26,0.10104952596257384,isotropic_constructed_macro_nats_full_precision_v3,0552c7f4701ada91e31e916f992171b9418cb47d283a56e61f311581d66266cb
2026-05-28,0.10444047771677265,isotropic_constructed_macro_nats_full_precision_v3,0552c7f4701ada91e31e916f992171b9418cb47d283a56e61f311581d66266cb
2026-06-01,0.10367326916199449,isotropic_constructed_macro_nats_full_precision_v3,0552c7f4701ada91e31e916f992171b9418cb47d283a56e61f311581d66266cb
2026-06-03,0.1035448605914566,isotropic_constructed_macro_nats_full_precision_v3,0552c7f4701ada91e31e916f992171b9418cb47d283a56e61f311581d66266cb
2026-06-05,0.09421184712566397,isotropic_constructed_macro_nats_full_precision_v3,0552c7f4701ada91e31e916f992171b9418cb47d283a56e61f311581d66266cb
2026-06-09,0.09905027062032824,isotropic_constructed_macro_nats_full_precision_v3,0552c7f4701ada91e31e916f992171b9418cb47d283a56e61f311581d66266cb
2026-06-11,0.1101617008427293,isotropic_constructed_macro_nats_full_precision_v3,0552c7f4701ada91e31e916f992171b9418cb47d283a56e61f311581d66266cb
2026-06-15,0.10407391636623936,isotropic_constructed_macro_nats_full_precision_v3,0552c7f4701ada91e31e916f992171b9418cb47d283a56e61f311581d66266cb
2026-06-17,0.10317705069944143,isotropic_constructed_macro_nats_full_precision_v3,0552c7f4701ada91e31e916f992171b9418cb47d283a56e61f311581d66266cb
2026-06-22,0.10173173023886281,isotropic_constructed_macro_nats_full_precision_v3,0552c7f4701ada91e31e916f992171b9418cb47d283a56e61f311581d66266cb
2026-06-24,0.0910838271172843,isotropic_constructed_macro_nats_full_precision_v3,0552c7f4701ada91e31e916f992171b9418cb47d283a56e61f311581d66266cb
2026-06-26,0.087750847700892,isotropic_constructed_macro_nats_full_precision_v3,0552c7f4701ada91e31e916f992171b9418cb47d283a56e61f311581d66266cb
2026-06-30,0.09777650288566177,isotropic_constructed_macro_nats_full_precision_v3,0552c7f4701ada91e31e916f992171b9418cb47d283a56e61f311581d66266cb
